area_id,area_name,monster_id,monster_name,skill_id,skill_name,skill_type,boss,roles,actual_files,input_core_material,input_role_contract,input_motion_contract,input_time_flow,input_icon_motif,spec_fit_status,spec_fit_basis,style_status,style_basis,preview_match,recommended_action,user_approved,review_scope,source_evidence,issue_roles,preview_basis,packaging_action,art_action,original_art_change_candidate,observed_visual_sequence
area_01,헤네시스 근교,m_snail,달팽이,s_mon_snail_dew_trail,이슬 미끄럼길,액티브,N,ICON|CAST_VFX,monsters/001_m_snail_달팽이/ICON/001_m_snail_s_mon_snail_dew_trail_ICON.png|monsters/001_m_snail_달팽이/CAST/001_m_snail_s_mon_snail_dew_trail_CAST_F00.png|monsters/001_m_snail_달팽이/CAST/001_m_snail_s_mon_snail_dew_trail_CAST_F01.png|monsters/001_m_snail_달팽이/CAST/001_m_snail_s_mon_snail_dew_trail_CAST_F02.png|monsters/001_m_snail_달팽이/CAST/001_m_snail_s_mon_snail_dew_trail_CAST_F03.png|monsters/001_m_snail_달팽이/CAST/001_m_snail_s_mon_snail_dew_trail_CAST_F04.png|monsters/001_m_snail_달팽이/CAST/001_m_snail_s_mon_snail_dew_trail_CAST_F05.png|monsters/001_m_snail_달팽이/CAST/001_m_snail_s_mon_snail_dew_trail_CAST_F06.png|monsters/001_m_snail_달팽이/CAST/001_m_snail_s_mon_snail_dew_trail_CAST_F07.png,바닥을 얇게 타고 흐르는 이슬 점액 띠와 둥근 물방울. ‘달팽이 / 이슬 미끄럼길’ 전용 소재이며 몬스터 본체는 VFX에 직접 넣지 않음,,,준비(핵심 형상 출현) → 상승(형상 확대·보조 입자) → 절정(밝은 코어/타격광) → 소멸(형상 분해·알파 fade),"대표 실루엣 1개는 ‘큰 이슬방울’, 보조 효과 1개는 ‘낮게 미끄러지는 점액 꼬리’. 64px 축소에서도 두 형상의 겹침과 방향이 읽혀야 함",NO_OBVIOUS_ISSUE,"실제 관찰: 초록 이슬방울이 낮은 점액 띠로 길어졌다가 밝은 튐 뒤 작은 방울로 사라짐. INPUT 핵심 소재 '바닥을 얇게 타고 흐르는 이슬 점액 띠와 둥근 물방울. ‘달팽이 / 이슬 미끄럼길’ 전용 소재이며 몬스터 본체는 VFX에 직접 넣지 않음' 및 역할별 납품 범위와 대응하며, 역할 전환·무관한 공격 소재·별도 생물 삽입은 확인되지 않았다.",CONSISTENT_WITH_REFERENCE,"'이슬 미끄럼길'의 ICON 1장, CAST 전 프레임에서 어두운 외곽/중간톤/밝은 코어, 단계형 하이라이트와 알파 감쇠가 유지됐다. 역할·체급에 따른 크기와 입자량 차이를 제외하면 AREA 00 승인본 및 유사 역할군과 표현 문법이 이어진다.",MATCHES_DELIVERED_ASSETS,REPACK_ONLY,NO,"실제 ICON 1장, CAST 전 프레임 + INPUT 핵심 소재/역할/흐름 + OUTPUT Area Preview",monsters/001_m_snail_달팽이/ICON/001_m_snail_s_mon_snail_dew_trail_ICON.png .. monsters/001_m_snail_달팽이/CAST/001_m_snail_s_mon_snail_dew_trail_CAST_F07.png; area_full_frame_boards/AREA_01_ALL_FRAMES.png,,D:/maplestory_levup/docs/art/output_audit_work/20260912_143540/AREA_01_IMAGES_OUTPUT/AREA_01_IMAGES_OUTPUT/AREA_OVERVIEW_PREVIEW.png의 역할별 썸네일을 실제 납품 프레임의 형상·순서·ICON과 대조함.,REPACK_ONLY,NONE,NO,초록 이슬방울이 낮은 점액 띠로 길어졌다가 밝은 튐 뒤 작은 방울로 사라짐
area_01,헤네시스 근교,m_blue_snail,파란 달팽이,s_mon_blue_snail,푸른 껍질,버프,N,ICON|CAST_VFX,monsters/002_m_blue_snail_파란_달팽이/ICON/002_m_blue_snail_s_mon_blue_snail_ICON.png|monsters/002_m_blue_snail_파란_달팽이/CAST/002_m_blue_snail_s_mon_blue_snail_CAST_F00.png|monsters/002_m_blue_snail_파란_달팽이/CAST/002_m_blue_snail_s_mon_blue_snail_CAST_F01.png|monsters/002_m_blue_snail_파란_달팽이/CAST/002_m_blue_snail_s_mon_blue_snail_CAST_F02.png|monsters/002_m_blue_snail_파란_달팽이/CAST/002_m_blue_snail_s_mon_blue_snail_CAST_F03.png|monsters/002_m_blue_snail_파란_달팽이/CAST/002_m_blue_snail_s_mon_blue_snail_CAST_F04.png|monsters/002_m_blue_snail_파란_달팽이/CAST/002_m_blue_snail_s_mon_blue_snail_CAST_F05.png|monsters/002_m_blue_snail_파란_달팽이/CAST/002_m_blue_snail_s_mon_blue_snail_CAST_F06.png|monsters/002_m_blue_snail_파란_달팽이/CAST/002_m_blue_snail_s_mon_blue_snail_CAST_F07.png,겹친 껍질 결을 닮은 반원형 보호막과 짧은 반사광. ‘파란 달팽이 / 푸른 껍질’ 전용 소재이며 몬스터 본체는 VFX에 직접 넣지 않음,CAST_VFX=자기 몸에 붙는 버프 연출; ICON=UI 식별,"무방향. 닫힌 보호 윤곽과 자기 중심 맥동만 사용한다. layer drift는 엔진 적용: L1 ruid=566b0886b4cf4f3997a29ecd3a1954b5, type=animationclip, style=clip, delay=0s, duration=0.85s, scale=0.65, offset=(0,0) world unit, drift=(0,0) world unit/s; L2 ruid=86734a2715504c10b1e50ae810609e25, type=animationclip, style=clip, delay=0.12s, duration=0.7s, scale=0.75, offset=(0,0) world unit, drift=(0,0) world unit/s",시전자 둘레 윤곽 출현 → 보호 구조 닫힘 → 반사광 절정 → 실드 지속과 혼동되지 않게 짧게 페이드.,"대표 실루엣 1개는 ‘푸른 껍질 아치’, 보조 효과 1개는 ‘흰 반사광’. 64px 축소에서도 두 형상의 겹침과 방향이 읽혀야 함",NO_OBVIOUS_ISSUE,"실제 관찰: 푸른 껍질형 반구가 시전자 둘레에서 닫히고 반사광이 돈 뒤 얇은 물고리로 소멸. INPUT 핵심 소재 '겹친 껍질 결을 닮은 반원형 보호막과 짧은 반사광. ‘파란 달팽이 / 푸른 껍질’ 전용 소재이며 몬스터 본체는 VFX에 직접 넣지 않음' 및 CAST_VFX=자기 몸에 붙는 버프 연출; ICON=UI 식별와 대응하며, 역할 전환·무관한 공격 소재·별도 생물 삽입은 확인되지 않았다.",CONSISTENT_WITH_REFERENCE,"'푸른 껍질'의 ICON 1장, CAST 전 프레임에서 어두운 외곽/중간톤/밝은 코어, 단계형 하이라이트와 알파 감쇠가 유지됐다. 역할·체급에 따른 크기와 입자량 차이를 제외하면 AREA 00 승인본 및 유사 역할군과 표현 문법이 이어진다.",MATCHES_DELIVERED_ASSETS,REPACK_ONLY,NO,"실제 ICON 1장, CAST 전 프레임 + INPUT 핵심 소재/역할/흐름 + OUTPUT Area Preview",monsters/002_m_blue_snail_파란_달팽이/ICON/002_m_blue_snail_s_mon_blue_snail_ICON.png .. monsters/002_m_blue_snail_파란_달팽이/CAST/002_m_blue_snail_s_mon_blue_snail_CAST_F07.png; area_full_frame_boards/AREA_01_ALL_FRAMES.png,,D:/maplestory_levup/docs/art/output_audit_work/20260912_143540/AREA_01_IMAGES_OUTPUT/AREA_01_IMAGES_OUTPUT/AREA_OVERVIEW_PREVIEW.png의 역할별 썸네일을 실제 납품 프레임의 형상·순서·ICON과 대조함.,REPACK_ONLY,NONE,NO,푸른 껍질형 반구가 시전자 둘레에서 닫히고 반사광이 돈 뒤 얇은 물고리로 소멸
area_01,헤네시스 근교,m_mushroom,주황 버섯,s_mon_mushroom,포자 살포,액티브,N,ICON|CAST_VFX,monsters/003_m_mushroom_주황_버섯/ICON/003_m_mushroom_s_mon_mushroom_ICON.png|monsters/003_m_mushroom_주황_버섯/CAST/003_m_mushroom_s_mon_mushroom_CAST_F00.png|monsters/003_m_mushroom_주황_버섯/CAST/003_m_mushroom_s_mon_mushroom_CAST_F01.png|monsters/003_m_mushroom_주황_버섯/CAST/003_m_mushroom_s_mon_mushroom_CAST_F02.png|monsters/003_m_mushroom_주황_버섯/CAST/003_m_mushroom_s_mon_mushroom_CAST_F03.png|monsters/003_m_mushroom_주황_버섯/CAST/003_m_mushroom_s_mon_mushroom_CAST_F04.png|monsters/003_m_mushroom_주황_버섯/CAST/003_m_mushroom_s_mon_mushroom_CAST_F05.png|monsters/003_m_mushroom_주황_버섯/CAST/003_m_mushroom_s_mon_mushroom_CAST_F06.png|monsters/003_m_mushroom_주황_버섯/CAST/003_m_mushroom_s_mon_mushroom_CAST_F07.png,작은 포자 구름 세 덩이와 부드럽게 흩어지는 점 입자. ‘주황 버섯 / 포자 살포’ 전용 소재이며 몬스터 본체는 VFX에 직접 넣지 않음,CAST_VFX=시전자 중심 공격 연출; ICON=UI 식별,"자원은 우측 기준이며 대상이 왼쪽이면 FlipX. 판정 자체는 방향성 부채꼴이 아니라 시전자 중심 원형이다. layer drift는 엔진 적용: L1 ruid=9c927f6388e74628b1050dfc8490246c, type=animationclip, style=clip, delay=0s, duration=0.55s, scale=0.38, offset=(-0.28,0) world unit, drift=(-0.28,0.12) world unit/s; L2 ruid=9c927f6388e74628b1050dfc8490246c, type=animationclip, style=clip, delay=0.08s, duration=0.6s, scale=0.36, offset=(0,0.04) world unit, drift=(0,0.18) world unit/s; L3 ruid=9c927f6388e74628b1050dfc8490246c, type=animationclip, style=clip, delay=0.16s, duration=0.65s, scale=0.34, offset=(0.28,-0.04) world unit, drift=(0.28,0.12) world unit/s",핵심 형상 준비 → 시전자 중심 확장 → 피해 판정과 가까운 절정 프레임 → 잔광/파편 소멸.,"대표 실루엣 1개는 ‘버섯 포자구름’, 보조 효과 1개는 ‘세 점 확산’. 64px 축소에서도 두 형상의 겹침과 방향이 읽혀야 함",NO_OBVIOUS_ISSUE,"실제 관찰: 베이지색 포자 덩어리 셋이 둥글게 부풀고 점 입자를 남기며 흩어짐. INPUT 핵심 소재 '작은 포자 구름 세 덩이와 부드럽게 흩어지는 점 입자. ‘주황 버섯 / 포자 살포’ 전용 소재이며 몬스터 본체는 VFX에 직접 넣지 않음' 및 CAST_VFX=시전자 중심 공격 연출; ICON=UI 식별와 대응하며, 역할 전환·무관한 공격 소재·별도 생물 삽입은 확인되지 않았다.",CONSISTENT_WITH_REFERENCE,"'포자 살포'의 ICON 1장, CAST 전 프레임에서 어두운 외곽/중간톤/밝은 코어, 단계형 하이라이트와 알파 감쇠가 유지됐다. 역할·체급에 따른 크기와 입자량 차이를 제외하면 AREA 00 승인본 및 유사 역할군과 표현 문법이 이어진다.",MATCHES_DELIVERED_ASSETS,REPACK_ONLY,NO,"실제 ICON 1장, CAST 전 프레임 + INPUT 핵심 소재/역할/흐름 + OUTPUT Area Preview",monsters/003_m_mushroom_주황_버섯/ICON/003_m_mushroom_s_mon_mushroom_ICON.png .. monsters/003_m_mushroom_주황_버섯/CAST/003_m_mushroom_s_mon_mushroom_CAST_F07.png; area_full_frame_boards/AREA_01_ALL_FRAMES.png,,D:/maplestory_levup/docs/art/output_audit_work/20260912_143540/AREA_01_IMAGES_OUTPUT/AREA_01_IMAGES_OUTPUT/AREA_OVERVIEW_PREVIEW.png의 역할별 썸네일을 실제 납품 프레임의 형상·순서·ICON과 대조함.,REPACK_ONLY,NONE,NO,베이지색 포자 덩어리 셋이 둥글게 부풀고 점 입자를 남기며 흩어짐
area_01,헤네시스 근교,m_mushmom,머쉬맘,s_mon_mushmom,머쉬맘의 포자 충격,액티브,Y,ICON|CAST_VFX,monsters/004_m_mushmom_머쉬맘/ICON/004_m_mushmom_s_mon_mushmom_ICON.png|monsters/004_m_mushmom_머쉬맘/CAST/004_m_mushmom_s_mon_mushmom_CAST_F00.png|monsters/004_m_mushmom_머쉬맘/CAST/004_m_mushmom_s_mon_mushmom_CAST_F01.png|monsters/004_m_mushmom_머쉬맘/CAST/004_m_mushmom_s_mon_mushmom_CAST_F02.png|monsters/004_m_mushmom_머쉬맘/CAST/004_m_mushmom_s_mon_mushmom_CAST_F03.png|monsters/004_m_mushmom_머쉬맘/CAST/004_m_mushmom_s_mon_mushmom_CAST_F04.png|monsters/004_m_mushmom_머쉬맘/CAST/004_m_mushmom_s_mon_mushmom_CAST_F05.png|monsters/004_m_mushmom_머쉬맘/CAST/004_m_mushmom_s_mon_mushmom_CAST_F06.png|monsters/004_m_mushmom_머쉬맘/CAST/004_m_mushmom_s_mon_mushmom_CAST_F07.png|monsters/004_m_mushmom_머쉬맘/CAST/004_m_mushmom_s_mon_mushmom_CAST_F08.png|monsters/004_m_mushmom_머쉬맘/CAST/004_m_mushmom_s_mon_mushmom_CAST_F09.png|monsters/004_m_mushmom_머쉬맘/CAST/004_m_mushmom_s_mon_mushmom_CAST_F10.png|monsters/004_m_mushmom_머쉬맘/CAST/004_m_mushmom_s_mon_mushmom_CAST_F11.png,굵은 포자 핵이 지면에 닿아 버섯갓 모양으로 터지는 충격. ‘머쉬맘 / 머쉬맘의 포자 충격’ 전용 소재이며 몬스터 본체는 VFX에 직접 넣지 않음,CAST_VFX=시전자 중심 공격 연출; ICON=UI 식별,"자원은 우측 기준이며 대상이 왼쪽이면 FlipX. 판정 자체는 방향성 부채꼴이 아니라 시전자 중심 원형이다. layer drift는 엔진 적용: L1 ruid=05113e9dc86448cb8581731824106d75, type=animationclip, style=clip, delay=0s, duration=0.75s, scale=0.9, offset=(0,-0.08) world unit, drift=(0,0) world unit/s; L2 ruid=86734a2715504c10b1e50ae810609e25, type=animationclip, style=clip, delay=0.1s, duration=0.72s, scale=1.15, offset=(0,-0.08) world unit, drift=(0,0) world unit/s; L3 ruid=9c927f6388e74628b1050dfc8490246c, type=animationclip, style=clip, delay=0.22s, duration=0.7s, scale=0.72, offset=(0,0) world unit, drift=(0,0.18) world unit/s",핵심 형상 준비 → 시전자 중심 확장 → 피해 판정과 가까운 절정 프레임 → 잔광/파편 소멸.,"대표 실루엣 1개는 ‘버섯갓 충격파’, 보조 효과 1개는 ‘굵은 포자 파편’. 64px 축소에서도 두 형상의 겹침과 방향이 읽혀야 함",NO_OBVIOUS_ISSUE,"실제 관찰: 주황 포자핵이 지면에서 버섯갓형 충격파로 크게 솟고 굵은 포자 파편으로 해체. INPUT 핵심 소재 '굵은 포자 핵이 지면에 닿아 버섯갓 모양으로 터지는 충격. ‘머쉬맘 / 머쉬맘의 포자 충격’ 전용 소재이며 몬스터 본체는 VFX에 직접 넣지 않음' 및 CAST_VFX=시전자 중심 공격 연출; ICON=UI 식별와 대응하며, 역할 전환·무관한 공격 소재·별도 생물 삽입은 확인되지 않았다.",CONSISTENT_WITH_REFERENCE,"'머쉬맘의 포자 충격'의 ICON 1장, CAST 전 프레임에서 어두운 외곽/중간톤/밝은 코어, 단계형 하이라이트와 알파 감쇠가 유지됐다. 역할·체급에 따른 크기와 입자량 차이를 제외하면 AREA 00 승인본 및 유사 역할군과 표현 문법이 이어진다.",MATCHES_DELIVERED_ASSETS,REPACK_ONLY,NO,"실제 ICON 1장, CAST 전 프레임 + INPUT 핵심 소재/역할/흐름 + OUTPUT Area Preview",monsters/004_m_mushmom_머쉬맘/ICON/004_m_mushmom_s_mon_mushmom_ICON.png .. monsters/004_m_mushmom_머쉬맘/CAST/004_m_mushmom_s_mon_mushmom_CAST_F11.png; area_full_frame_boards/AREA_01_ALL_FRAMES.png,,D:/maplestory_levup/docs/art/output_audit_work/20260912_143540/AREA_01_IMAGES_OUTPUT/AREA_01_IMAGES_OUTPUT/AREA_OVERVIEW_PREVIEW.png의 역할별 썸네일을 실제 납품 프레임의 형상·순서·ICON과 대조함.,REPACK_ONLY,NONE,NO,주황 포자핵이 지면에서 버섯갓형 충격파로 크게 솟고 굵은 포자 파편으로 해체
area_01,헤네시스 근교,m_horny_mushroom,뿔버섯,s_mon_horny_mushroom,단단한 뿔,패시브,N,ICON|REFERENCE_VFX,monsters/005_m_horny_mushroom_뿔버섯/ICON/005_m_horny_mushroom_s_mon_horny_mushroom_ICON.png|monsters/005_m_horny_mushroom_뿔버섯/REFERENCE/005_m_horny_mushroom_s_mon_horny_mushroom_REFERENCE_F00.png|monsters/005_m_horny_mushroom_뿔버섯/REFERENCE/005_m_horny_mushroom_s_mon_horny_mushroom_REFERENCE_F01.png|monsters/005_m_horny_mushroom_뿔버섯/REFERENCE/005_m_horny_mushroom_s_mon_horny_mushroom_REFERENCE_F02.png|monsters/005_m_horny_mushroom_뿔버섯/REFERENCE/005_m_horny_mushroom_s_mon_horny_mushroom_REFERENCE_F03.png|monsters/005_m_horny_mushroom_뿔버섯/REFERENCE/005_m_horny_mushroom_s_mon_horny_mushroom_REFERENCE_F04.png|monsters/005_m_horny_mushroom_뿔버섯/REFERENCE/005_m_horny_mushroom_s_mon_horny_mushroom_REFERENCE_F05.png,짙은 갓을 감싼 단단한 뿔 쐐기와 짧은 금속성 반짝임. ‘뿔버섯 / 단단한 뿔’ 전용 소재이며 몬스터 본체는 VFX에 직접 넣지 않음,ICON=런타임 필수; REFERENCE_VFX=기존 제작 범위에 포함된 비전투 참고 산출물(런타임 미사용·자동 반입 금지),방향·FlipX·엔진 이동 없음. 없음,REFERENCE_VFX를 만들 경우 정지 모티브의 짧은 호흡만 표현한다. 공격 준비·타격광·투사체·폭발 단계는 넣지 않는다.,"대표 실루엣 1개는 ‘상아 뿔’, 보조 효과 1개는 ‘버섯갓 곡선’. 64px 축소에서도 두 형상의 겹침과 방향이 읽혀야 함",NO_OBVIOUS_ISSUE,"실제 관찰: 상아색 뿔과 짙은 갓 곡선이 반사광과 함께 커졌다가 원형 모티브로 복귀. INPUT 핵심 소재 '짙은 갓을 감싼 단단한 뿔 쐐기와 짧은 금속성 반짝임. ‘뿔버섯 / 단단한 뿔’ 전용 소재이며 몬스터 본체는 VFX에 직접 넣지 않음' 및 ICON=런타임 필수; REFERENCE_VFX=기존 제작 범위에 포함된 비전투 참고 산출물(런타임 미사용·자동 반입 금지)와 대응하며, 역할 전환·무관한 공격 소재·별도 생물 삽입은 확인되지 않았다.",CONSISTENT_WITH_REFERENCE,"'단단한 뿔'의 ICON 1장, 비전투 REFERENCE 전 프레임에서 어두운 외곽/중간톤/밝은 코어, 단계형 하이라이트와 알파 감쇠가 유지됐다. 역할·체급에 따른 크기와 입자량 차이를 제외하면 AREA 00 승인본 및 유사 역할군과 표현 문법이 이어진다.",MATCHES_DELIVERED_ASSETS,REPACK_ONLY,NO,"실제 ICON 1장, 비전투 REFERENCE 전 프레임 + INPUT 핵심 소재/역할/흐름 + OUTPUT Area Preview",monsters/005_m_horny_mushroom_뿔버섯/ICON/005_m_horny_mushroom_s_mon_horny_mushroom_ICON.png .. monsters/005_m_horny_mushroom_뿔버섯/REFERENCE/005_m_horny_mushroom_s_mon_horny_mushroom_REFERENCE_F05.png; area_full_frame_boards/AREA_01_ALL_FRAMES.png,,D:/maplestory_levup/docs/art/output_audit_work/20260912_143540/AREA_01_IMAGES_OUTPUT/AREA_01_IMAGES_OUTPUT/AREA_OVERVIEW_PREVIEW.png의 역할별 썸네일을 실제 납품 프레임의 형상·순서·ICON과 대조함.,REPACK_ONLY,NONE,NO,상아색 뿔과 짙은 갓 곡선이 반사광과 함께 커졌다가 원형 모티브로 복귀
area_02,페리온,m_stone_golem,스톤골렘,s_mon_stone,암석 피부,버프,N,CAST_VFX|ICON,CAST/001_m_stone_golem_s_mon_stone_CAST_F00.png|CAST/001_m_stone_golem_s_mon_stone_CAST_F01.png|CAST/001_m_stone_golem_s_mon_stone_CAST_F02.png|CAST/001_m_stone_golem_s_mon_stone_CAST_F03.png|CAST/001_m_stone_golem_s_mon_stone_CAST_F04.png|CAST/001_m_stone_golem_s_mon_stone_CAST_F05.png|CAST/001_m_stone_golem_s_mon_stone_CAST_F06.png|CAST/001_m_stone_golem_s_mon_stone_CAST_F07.png|ICON/001_m_stone_golem_s_mon_stone_ICON.png,맞물린 암석 판 두 겹과 틈새에서 새는 흙빛 광선. ‘스톤골렘 / 암석 피부’ 전용 소재이며 몬스터 본체는 VFX에 직접 넣지 않음,CAST_VFX=자기 몸에 붙는 버프 연출; ICON=UI 식별,"무방향. 닫힌 보호 윤곽과 자기 중심 맥동만 사용한다. layer drift는 엔진 적용: L1 ruid=05113e9dc86448cb8581731824106d75, type=animationclip, style=clip, delay=0s, duration=0.65s, scale=0.8, offset=(0,-0.06) world unit, drift=(0,0) world unit/s; L2 ruid=86734a2715504c10b1e50ae810609e25, type=animationclip, style=clip, delay=0.12s, duration=0.72s, scale=0.9, offset=(0,-0.06) world unit, drift=(0,0) world unit/s",시전자 둘레 윤곽 출현 → 보호 구조 닫힘 → 반사광 절정 → 실드 지속과 혼동되지 않게 짧게 페이드.,"대표 실루엣 1개는 ‘겹친 바위판’, 보조 효과 1개는 ‘균열광’. 64px 축소에서도 두 형상의 겹침과 방향이 읽혀야 함",NO_OBVIOUS_ISSUE,"실제 관찰: 갈색 암석판이 원형 방패로 맞물리고 틈의 금빛 균열광이 밝아졌다가 풀림. INPUT 핵심 소재 '맞물린 암석 판 두 겹과 틈새에서 새는 흙빛 광선. ‘스톤골렘 / 암석 피부’ 전용 소재이며 몬스터 본체는 VFX에 직접 넣지 않음' 및 CAST_VFX=자기 몸에 붙는 버프 연출; ICON=UI 식별와 대응하며, 역할 전환·무관한 공격 소재·별도 생물 삽입은 확인되지 않았다.",CONSISTENT_WITH_REFERENCE,"'암석 피부'의 CAST 전 프레임, ICON 1장에서 어두운 외곽/중간톤/밝은 코어, 단계형 하이라이트와 알파 감쇠가 유지됐다. 역할·체급에 따른 크기와 입자량 차이를 제외하면 AREA 00 승인본 및 유사 역할군과 표현 문법이 이어진다.",MATCHES_DELIVERED_ASSETS,REPACK_ONLY,NO,"실제 CAST 전 프레임, ICON 1장 + INPUT 핵심 소재/역할/흐름 + OUTPUT Area Preview",CAST/001_m_stone_golem_s_mon_stone_CAST_F00.png .. ICON/001_m_stone_golem_s_mon_stone_ICON.png; area_full_frame_boards/AREA_02_ALL_FRAMES.png,,D:/maplestory_levup/docs/art/output_audit_work/20260912_143540/AREA_02_IMAGES_OUTPUT/AREA_02_IMAGES_OUTPUT/AREA_OVERVIEW_PREVIEW.png의 역할별 썸네일을 실제 납품 프레임의 형상·순서·ICON과 대조함.,REPACK_ONLY,NONE,NO,갈색 암석판이 원형 방패로 맞물리고 틈의 금빛 균열광이 밝아졌다가 풀림
area_02,페리온,m_axe_stump,엑스텀프,s_mon_axe_stump,도끼 휘두르기,액티브,N,CAST_VFX|ICON,CAST/002_m_axe_stump_s_mon_axe_stump_CAST_F00.png|CAST/002_m_axe_stump_s_mon_axe_stump_CAST_F01.png|CAST/002_m_axe_stump_s_mon_axe_stump_CAST_F02.png|CAST/002_m_axe_stump_s_mon_axe_stump_CAST_F03.png|CAST/002_m_axe_stump_s_mon_axe_stump_CAST_F04.png|CAST/002_m_axe_stump_s_mon_axe_stump_CAST_F05.png|CAST/002_m_axe_stump_s_mon_axe_stump_CAST_F06.png|CAST/002_m_axe_stump_s_mon_axe_stump_CAST_F07.png|ICON/002_m_axe_stump_s_mon_axe_stump_ICON.png,도끼날 실루엣의 짧고 무거운 전방 궤적과 나무 부스러기. ‘엑스텀프 / 도끼 휘두르기’ 전용 소재이며 몬스터 본체는 VFX에 직접 넣지 않음,CAST_VFX=시전자 중심 공격 연출; ICON=UI 식별,"자원은 우측 기준이며 대상이 왼쪽이면 FlipX. 판정 자체는 방향성 부채꼴이 아니라 시전자 중심 원형이다. layer drift는 엔진 적용: L1 ruid=0207c85c05dd4c4eac12f9ee735d0545, type=animationclip, style=clip, delay=0s, duration=0.55s, scale=0.7, offset=(0.05,0) world unit, drift=(0.3,0) world unit/s; L2 ruid=997628810df4448f9e534bc426d6794a, type=animationclip, style=clip, delay=0.14s, duration=0.48s, scale=0.62, offset=(0.65,0) world unit, drift=(0,0) world unit/s",핵심 형상 준비 → 시전자 중심 확장 → 피해 판정과 가까운 절정 프레임 → 잔광/파편 소멸.,"대표 실루엣 1개는 ‘도끼날 호’, 보조 효과 1개는 ‘나무 파편’. 64px 축소에서도 두 형상의 겹침과 방향이 읽혀야 함",NO_OBVIOUS_ISSUE,"실제 관찰: 도끼날형 갈색 초승달이 전방을 긁고 나무 파편을 튄 뒤 가는 궤적으로 소멸. INPUT 핵심 소재 '도끼날 실루엣의 짧고 무거운 전방 궤적과 나무 부스러기. ‘엑스텀프 / 도끼 휘두르기’ 전용 소재이며 몬스터 본체는 VFX에 직접 넣지 않음' 및 CAST_VFX=시전자 중심 공격 연출; ICON=UI 식별와 대응하며, 역할 전환·무관한 공격 소재·별도 생물 삽입은 확인되지 않았다.",CONSISTENT_WITH_REFERENCE,"'도끼 휘두르기'의 CAST 전 프레임, ICON 1장에서 어두운 외곽/중간톤/밝은 코어, 단계형 하이라이트와 알파 감쇠가 유지됐다. 역할·체급에 따른 크기와 입자량 차이를 제외하면 AREA 00 승인본 및 유사 역할군과 표현 문법이 이어진다.",MATCHES_DELIVERED_ASSETS,REPACK_ONLY,NO,"실제 CAST 전 프레임, ICON 1장 + INPUT 핵심 소재/역할/흐름 + OUTPUT Area Preview",CAST/002_m_axe_stump_s_mon_axe_stump_CAST_F00.png .. ICON/002_m_axe_stump_s_mon_axe_stump_ICON.png; area_full_frame_boards/AREA_02_ALL_FRAMES.png,,D:/maplestory_levup/docs/art/output_audit_work/20260912_143540/AREA_02_IMAGES_OUTPUT/AREA_02_IMAGES_OUTPUT/AREA_OVERVIEW_PREVIEW.png의 역할별 썸네일을 실제 납품 프레임의 형상·순서·ICON과 대조함.,REPACK_ONLY,NONE,NO,도끼날형 갈색 초승달이 전방을 긁고 나무 파편을 튄 뒤 가는 궤적으로 소멸
area_02,페리온,m_dark_axe_stump,다크 엑스텀프,s_mon_dark_axe_stump,어둠의 뿌리,액티브,N,CAST_VFX|ICON,CAST/003_m_dark_axe_stump_s_mon_dark_axe_stump_CAST_F00.png|CAST/003_m_dark_axe_stump_s_mon_dark_axe_stump_CAST_F01.png|CAST/003_m_dark_axe_stump_s_mon_dark_axe_stump_CAST_F02.png|CAST/003_m_dark_axe_stump_s_mon_dark_axe_stump_CAST_F03.png|CAST/003_m_dark_axe_stump_s_mon_dark_axe_stump_CAST_F04.png|CAST/003_m_dark_axe_stump_s_mon_dark_axe_stump_CAST_F05.png|CAST/003_m_dark_axe_stump_s_mon_dark_axe_stump_CAST_F06.png|CAST/003_m_dark_axe_stump_s_mon_dark_axe_stump_CAST_F07.png|ICON/003_m_dark_axe_stump_s_mon_dark_axe_stump_ICON.png,지면을 찢고 솟는 검은 뿌리 갈퀴와 보랏빛 흙먼지. ‘다크 엑스텀프 / 어둠의 뿌리’ 전용 소재이며 몬스터 본체는 VFX에 직접 넣지 않음,CAST_VFX=시전자 중심 공격 연출; ICON=UI 식별,"자원은 우측 기준이며 대상이 왼쪽이면 FlipX. 판정 자체는 방향성 부채꼴이 아니라 시전자 중심 원형이다. layer drift는 엔진 적용: L1 ruid=a77ea54c400e4b56a44ed05091a0ae53, type=animationclip, style=clip, delay=0s, duration=0.82s, scale=0.82, offset=(-0.28,-0.12) world unit, drift=(0,0) world unit/s; L2 ruid=a77ea54c400e4b56a44ed05091a0ae53, type=animationclip, style=clip, delay=0.12s, duration=0.82s, scale=0.82, offset=(0.28,-0.12) world unit, drift=(0,0) world unit/s",핵심 형상 준비 → 시전자 중심 확장 → 피해 판정과 가까운 절정 프레임 → 잔광/파편 소멸.,"대표 실루엣 1개는 ‘검은 뿌리 갈퀴’, 보조 효과 1개는 ‘보라 흙먼지’. 64px 축소에서도 두 형상의 겹침과 방향이 읽혀야 함",NO_OBVIOUS_ISSUE,"실제 관찰: 검보라 나무 가시와 뿌리형 기운이 중앙에서 솟아 방패 덩어리로 굳었다가 가라앉음. INPUT 핵심 소재 '지면을 찢고 솟는 검은 뿌리 갈퀴와 보랏빛 흙먼지. ‘다크 엑스텀프 / 어둠의 뿌리’ 전용 소재이며 몬스터 본체는 VFX에 직접 넣지 않음' 및 CAST_VFX=시전자 중심 공격 연출; ICON=UI 식별와 대응하며, 역할 전환·무관한 공격 소재·별도 생물 삽입은 확인되지 않았다.",CONSISTENT_WITH_REFERENCE,"'어둠의 뿌리'의 CAST 전 프레임, ICON 1장에서 어두운 외곽/중간톤/밝은 코어, 단계형 하이라이트와 알파 감쇠가 유지됐다. 역할·체급에 따른 크기와 입자량 차이를 제외하면 AREA 00 승인본 및 유사 역할군과 표현 문법이 이어진다.",MATCHES_DELIVERED_ASSETS,REPACK_ONLY,NO,"실제 CAST 전 프레임, ICON 1장 + INPUT 핵심 소재/역할/흐름 + OUTPUT Area Preview",CAST/003_m_dark_axe_stump_s_mon_dark_axe_stump_CAST_F00.png .. ICON/003_m_dark_axe_stump_s_mon_dark_axe_stump_ICON.png; area_full_frame_boards/AREA_02_ALL_FRAMES.png,,D:/maplestory_levup/docs/art/output_audit_work/20260912_143540/AREA_02_IMAGES_OUTPUT/AREA_02_IMAGES_OUTPUT/AREA_OVERVIEW_PREVIEW.png의 역할별 썸네일을 실제 납품 프레임의 형상·순서·ICON과 대조함.,REPACK_ONLY,NONE,NO,검보라 나무 가시와 뿌리형 기운이 중앙에서 솟아 방패 덩어리로 굳었다가 가라앉음
area_02,페리온,m_wild_boar,와일드보어,s_mon_wild_boar,저돌 맹진,액티브,N,CAST_VFX|ICON,CAST/004_m_wild_boar_s_mon_wild_boar_CAST_F00.png|CAST/004_m_wild_boar_s_mon_wild_boar_CAST_F01.png|CAST/004_m_wild_boar_s_mon_wild_boar_CAST_F02.png|CAST/004_m_wild_boar_s_mon_wild_boar_CAST_F03.png|CAST/004_m_wild_boar_s_mon_wild_boar_CAST_F04.png|CAST/004_m_wild_boar_s_mon_wild_boar_CAST_F05.png|CAST/004_m_wild_boar_s_mon_wild_boar_CAST_F06.png|CAST/004_m_wild_boar_s_mon_wild_boar_CAST_F07.png|ICON/004_m_wild_boar_s_mon_wild_boar_ICON.png,멧돼지 어금니를 닮은 두 갈래 전방 압축선과 흙먼지. ‘와일드보어 / 저돌 맹진’ 전용 소재이며 몬스터 본체는 VFX에 직접 넣지 않음,CAST_VFX=플레이어 돌진 도착점의 충돌 연출; ICON=UI 식별,"우측 기준 제작 후 FlipX. 이동 궤적 전체를 한 프레임 안에서 재현하지 않는다. layer drift는 엔진 적용: L1 ruid=0207c85c05dd4c4eac12f9ee735d0545, type=animationclip, style=clip, delay=0s, duration=0.55s, scale=0.75, offset=(-0.15,-0.15) world unit, drift=(0,0) world unit/s; L2 ruid=79c9b3b094dd49eda90e80d178f0ff28, type=animationclip, style=clip, delay=0.16s, duration=0.65s, scale=0.7, offset=(0.55,-0.12) world unit, drift=(0,0) world unit/s",도착점 압축 → 충돌 절정 → 파편/잔상 소멸. 출발부터 도착까지의 전신 이동을 시트 안에서 반복하지 않는다.,"대표 실루엣 1개는 ‘쌍 어금니’, 보조 효과 1개는 ‘돌진 흙먼지’. 64px 축소에서도 두 형상의 겹침과 방향이 읽혀야 함",NO_OBVIOUS_ISSUE,"실제 관찰: 갈색 흙먼지가 낮게 압축되어 전방 충돌광과 파편을 만들고 잔흙으로 흩어짐. INPUT 핵심 소재 '멧돼지 어금니를 닮은 두 갈래 전방 압축선과 흙먼지. ‘와일드보어 / 저돌 맹진’ 전용 소재이며 몬스터 본체는 VFX에 직접 넣지 않음' 및 CAST_VFX=플레이어 돌진 도착점의 충돌 연출; ICON=UI 식별와 대응하며, 역할 전환·무관한 공격 소재·별도 생물 삽입은 확인되지 않았다.",CONSISTENT_WITH_REFERENCE,"'저돌 맹진'의 CAST 전 프레임, ICON 1장에서 어두운 외곽/중간톤/밝은 코어, 단계형 하이라이트와 알파 감쇠가 유지됐다. 역할·체급에 따른 크기와 입자량 차이를 제외하면 AREA 00 승인본 및 유사 역할군과 표현 문법이 이어진다.",MATCHES_DELIVERED_ASSETS,REPACK_ONLY,NO,"실제 CAST 전 프레임, ICON 1장 + INPUT 핵심 소재/역할/흐름 + OUTPUT Area Preview",CAST/004_m_wild_boar_s_mon_wild_boar_CAST_F00.png .. ICON/004_m_wild_boar_s_mon_wild_boar_ICON.png; area_full_frame_boards/AREA_02_ALL_FRAMES.png,,D:/maplestory_levup/docs/art/output_audit_work/20260912_143540/AREA_02_IMAGES_OUTPUT/AREA_02_IMAGES_OUTPUT/AREA_OVERVIEW_PREVIEW.png의 역할별 썸네일을 실제 납품 프레임의 형상·순서·ICON과 대조함.,REPACK_ONLY,NONE,NO,갈색 흙먼지가 낮게 압축되어 전방 충돌광과 파편을 만들고 잔흙으로 흩어짐
area_02,페리온,m_iron_hog,아이언 호그,s_mon_iron_hog,강철 발굽,패시브,N,ICON|REFERENCE_VFX,ICON/005_m_iron_hog_s_mon_iron_hog_ICON.png|REFERENCE/005_m_iron_hog_s_mon_iron_hog_REFERENCE_F00.png|REFERENCE/005_m_iron_hog_s_mon_iron_hog_REFERENCE_F01.png|REFERENCE/005_m_iron_hog_s_mon_iron_hog_REFERENCE_F02.png|REFERENCE/005_m_iron_hog_s_mon_iron_hog_REFERENCE_F03.png|REFERENCE/005_m_iron_hog_s_mon_iron_hog_REFERENCE_F04.png|REFERENCE/005_m_iron_hog_s_mon_iron_hog_REFERENCE_F05.png,철제 발굽이 지면을 찍는 반달 충격과 쇳가루. ‘아이언 호그 / 강철 발굽’ 전용 소재이며 몬스터 본체는 VFX에 직접 넣지 않음,ICON=런타임 필수; REFERENCE_VFX=기존 제작 범위에 포함된 비전투 참고 산출물(런타임 미사용·자동 반입 금지),방향·FlipX·엔진 이동 없음. 없음,REFERENCE_VFX를 만들 경우 정지 모티브의 짧은 호흡만 표현한다. 공격 준비·타격광·투사체·폭발 단계는 넣지 않는다.,"대표 실루엣 1개는 ‘강철 발굽’, 보조 효과 1개는 ‘지면 충격선’. 64px 축소에서도 두 형상의 겹침과 방향이 읽혀야 함",NO_OBVIOUS_ISSUE,"실제 관찰: 회색 철갑판과 금빛 충격선이 겹쳐 단단한 방어 모티브를 만들고 짧게 맥동. INPUT 핵심 소재 '철제 발굽이 지면을 찍는 반달 충격과 쇳가루. ‘아이언 호그 / 강철 발굽’ 전용 소재이며 몬스터 본체는 VFX에 직접 넣지 않음' 및 ICON=런타임 필수; REFERENCE_VFX=기존 제작 범위에 포함된 비전투 참고 산출물(런타임 미사용·자동 반입 금지)와 대응하며, 역할 전환·무관한 공격 소재·별도 생물 삽입은 확인되지 않았다.",CONSISTENT_WITH_REFERENCE,"'강철 발굽'의 ICON 1장, 비전투 REFERENCE 전 프레임에서 어두운 외곽/중간톤/밝은 코어, 단계형 하이라이트와 알파 감쇠가 유지됐다. 역할·체급에 따른 크기와 입자량 차이를 제외하면 AREA 00 승인본 및 유사 역할군과 표현 문법이 이어진다.",MATCHES_DELIVERED_ASSETS,REPACK_ONLY,NO,"실제 ICON 1장, 비전투 REFERENCE 전 프레임 + INPUT 핵심 소재/역할/흐름 + OUTPUT Area Preview",ICON/005_m_iron_hog_s_mon_iron_hog_ICON.png .. REFERENCE/005_m_iron_hog_s_mon_iron_hog_REFERENCE_F05.png; area_full_frame_boards/AREA_02_ALL_FRAMES.png,,D:/maplestory_levup/docs/art/output_audit_work/20260912_143540/AREA_02_IMAGES_OUTPUT/AREA_02_IMAGES_OUTPUT/AREA_OVERVIEW_PREVIEW.png의 역할별 썸네일을 실제 납품 프레임의 형상·순서·ICON과 대조함.,REPACK_ONLY,NONE,NO,회색 철갑판과 금빛 충격선이 겹쳐 단단한 방어 모티브를 만들고 짧게 맥동
area_02,페리온,m_skeleton_commander,스켈레톤 지휘관,s_mon_skeleton_commander,뼈 무덤,액티브,N,CAST_VFX|ICON,CAST/006_m_skeleton_commander_s_mon_skeleton_commander_CAST_F00.png|CAST/006_m_skeleton_commander_s_mon_skeleton_commander_CAST_F01.png|CAST/006_m_skeleton_commander_s_mon_skeleton_commander_CAST_F02.png|CAST/006_m_skeleton_commander_s_mon_skeleton_commander_CAST_F03.png|CAST/006_m_skeleton_commander_s_mon_skeleton_commander_CAST_F04.png|CAST/006_m_skeleton_commander_s_mon_skeleton_commander_CAST_F05.png|CAST/006_m_skeleton_commander_s_mon_skeleton_commander_CAST_F06.png|CAST/006_m_skeleton_commander_s_mon_skeleton_commander_CAST_F07.png|ICON/006_m_skeleton_commander_s_mon_skeleton_commander_ICON.png,지면에서 비스듬히 솟는 뼈기둥과 묘지 흙 파편. ‘스켈레톤 지휘관 / 뼈 무덤’ 전용 소재이며 몬스터 본체는 VFX에 직접 넣지 않음,CAST_VFX=시전자 중심 공격 연출; ICON=UI 식별,"자원은 우측 기준이며 대상이 왼쪽이면 FlipX. 판정 자체는 방향성 부채꼴이 아니라 시전자 중심 원형이다. layer drift는 엔진 적용: L1 ruid=db2b67de20f5418cb7b5050ce0641df1, type=animationclip, style=clip, delay=0s, duration=0.58s, scale=0.55, offset=(0,-0.08) world unit, drift=(0,0) world unit/s; L2 ruid=05113e9dc86448cb8581731824106d75, type=animationclip, style=clip, delay=0.1s, duration=0.62s, scale=0.75, offset=(-0.25,-0.05) world unit, drift=(0,0) world unit/s; L3 ruid=997628810df4448f9e534bc426d6794a, type=animationclip, style=clip, delay=0.18s, duration=0.5s, scale=0.6, offset=(0.25,0) world unit, drift=(0,0) world unit/s",핵심 형상 준비 → 시전자 중심 확장 → 피해 판정과 가까운 절정 프레임 → 잔광/파편 소멸.,"대표 실루엣 1개는 ‘교차한 뼈기둥’, 보조 효과 1개는 ‘묘지 흙’. 64px 축소에서도 두 형상의 겹침과 방향이 읽혀야 함",NO_OBVIOUS_ISSUE,"실제 관찰: 뼛조각과 긴 뼈가 지면에서 솟아 군집 충격을 만든 뒤 분진과 함께 내려앉음. INPUT 핵심 소재 '지면에서 비스듬히 솟는 뼈기둥과 묘지 흙 파편. ‘스켈레톤 지휘관 / 뼈 무덤’ 전용 소재이며 몬스터 본체는 VFX에 직접 넣지 않음' 및 CAST_VFX=시전자 중심 공격 연출; ICON=UI 식별와 대응하며, 역할 전환·무관한 공격 소재·별도 생물 삽입은 확인되지 않았다.",CONSISTENT_WITH_REFERENCE,"'뼈 무덤'의 CAST 전 프레임, ICON 1장에서 어두운 외곽/중간톤/밝은 코어, 단계형 하이라이트와 알파 감쇠가 유지됐다. 역할·체급에 따른 크기와 입자량 차이를 제외하면 AREA 00 승인본 및 유사 역할군과 표현 문법이 이어진다.",MATCHES_DELIVERED_ASSETS,REPACK_ONLY,NO,"실제 CAST 전 프레임, ICON 1장 + INPUT 핵심 소재/역할/흐름 + OUTPUT Area Preview",CAST/006_m_skeleton_commander_s_mon_skeleton_commander_CAST_F00.png .. ICON/006_m_skeleton_commander_s_mon_skeleton_commander_ICON.png; area_full_frame_boards/AREA_02_ALL_FRAMES.png,,D:/maplestory_levup/docs/art/output_audit_work/20260912_143540/AREA_02_IMAGES_OUTPUT/AREA_02_IMAGES_OUTPUT/AREA_OVERVIEW_PREVIEW.png의 역할별 썸네일을 실제 납품 프레임의 형상·순서·ICON과 대조함.,REPACK_ONLY,NONE,NO,뼛조각과 긴 뼈가 지면에서 솟아 군집 충격을 만든 뒤 분진과 함께 내려앉음
area_02,페리온,m_fire_boar,파이어보어,s_mon_fire_boar,화염 돌풍,액티브,N,CAST_VFX|ICON,CAST/007_m_fire_boar_s_mon_fire_boar_CAST_F00.png|CAST/007_m_fire_boar_s_mon_fire_boar_CAST_F01.png|CAST/007_m_fire_boar_s_mon_fire_boar_CAST_F02.png|CAST/007_m_fire_boar_s_mon_fire_boar_CAST_F03.png|CAST/007_m_fire_boar_s_mon_fire_boar_CAST_F04.png|CAST/007_m_fire_boar_s_mon_fire_boar_CAST_F05.png|CAST/007_m_fire_boar_s_mon_fire_boar_CAST_F06.png|CAST/007_m_fire_boar_s_mon_fire_boar_CAST_F07.png|ICON/007_m_fire_boar_s_mon_fire_boar_ICON.png,낮게 휘는 불꽃 혀와 돌진 방향으로 흩는 불티. ‘파이어보어 / 화염 돌풍’ 전용 소재이며 몬스터 본체는 VFX에 직접 넣지 않음,CAST_VFX=시전자 중심 공격 연출; ICON=UI 식별,"자원은 우측 기준이며 대상이 왼쪽이면 FlipX. 판정 자체는 방향성 부채꼴이 아니라 시전자 중심 원형이다. layer drift는 엔진 적용: L1 ruid=0207c85c05dd4c4eac12f9ee735d0545, type=animationclip, style=clip, delay=0s, duration=0.52s, scale=0.45, offset=(-0.15,-0.15) world unit, drift=(0,0) world unit/s; L2 ruid=a610b14bbc55477cbc78777a5a2e7ed1, type=animationclip, style=clip, delay=0.1s, duration=0.7s, scale=0.95, offset=(0.25,0) world unit, drift=(0,0) world unit/s",핵심 형상 준비 → 시전자 중심 확장 → 피해 판정과 가까운 절정 프레임 → 잔광/파편 소멸.,"대표 실루엣 1개는 ‘불꽃 혀’, 보조 효과 1개는 ‘전방 불티’. 64px 축소에서도 두 형상의 겹침과 방향이 읽혀야 함",NO_OBVIOUS_ISSUE,"실제 관찰: 주황 불꽃 혀가 낮은 전방 파동으로 커지고 불티를 뿌린 뒤 작은 불씨로 소멸. INPUT 핵심 소재 '낮게 휘는 불꽃 혀와 돌진 방향으로 흩는 불티. ‘파이어보어 / 화염 돌풍’ 전용 소재이며 몬스터 본체는 VFX에 직접 넣지 않음' 및 CAST_VFX=시전자 중심 공격 연출; ICON=UI 식별와 대응하며, 역할 전환·무관한 공격 소재·별도 생물 삽입은 확인되지 않았다.",CONSISTENT_WITH_REFERENCE,"'화염 돌풍'의 CAST 전 프레임, ICON 1장에서 어두운 외곽/중간톤/밝은 코어, 단계형 하이라이트와 알파 감쇠가 유지됐다. 역할·체급에 따른 크기와 입자량 차이를 제외하면 AREA 00 승인본 및 유사 역할군과 표현 문법이 이어진다.",MATCHES_DELIVERED_ASSETS,REPACK_ONLY,NO,"실제 CAST 전 프레임, ICON 1장 + INPUT 핵심 소재/역할/흐름 + OUTPUT Area Preview",CAST/007_m_fire_boar_s_mon_fire_boar_CAST_F00.png .. ICON/007_m_fire_boar_s_mon_fire_boar_ICON.png; area_full_frame_boards/AREA_02_ALL_FRAMES.png,,D:/maplestory_levup/docs/art/output_audit_work/20260912_143540/AREA_02_IMAGES_OUTPUT/AREA_02_IMAGES_OUTPUT/AREA_OVERVIEW_PREVIEW.png의 역할별 썸네일을 실제 납품 프레임의 형상·순서·ICON과 대조함.,REPACK_ONLY,NONE,NO,주황 불꽃 혀가 낮은 전방 파동으로 커지고 불티를 뿌린 뒤 작은 불씨로 소멸
area_02,페리온,m_stumpy,스텀피,s_mon_stumpy,고목의 생기탄,액티브,Y,ICON|PROJECTILE,ICON/008_m_stumpy_s_mon_stumpy_ICON.png|PROJECTILE/008_m_stumpy_s_mon_stumpy_PROJECTILE_F00.png|PROJECTILE/008_m_stumpy_s_mon_stumpy_PROJECTILE_F01.png|PROJECTILE/008_m_stumpy_s_mon_stumpy_PROJECTILE_F02.png|PROJECTILE/008_m_stumpy_s_mon_stumpy_PROJECTILE_F03.png,고목 나이테에서 싹이 돋아 응축된 생기탄. 몬스터 본체는 넣지 않는다.,,,F00 응축 → F01 발광 상승 → F02 절정 → F03 안정/잔광. 0.32초 안에 한 번 완결된다.,싹튼 나이테 + 작은 생기 코어. 64px에서도 두 형상이 읽혀야 한다.,NO_OBVIOUS_ISSUE,"실제 관찰: 가시 박힌 초록 나이테 탄이 네 프레임 동안 국소 광택과 덩굴 맥동만 바꾸며 유지. INPUT 핵심 소재 '고목 나이테에서 싹이 돋아 응축된 생기탄. 몬스터 본체는 넣지 않는다.' 및 역할별 납품 범위와 대응하며, 역할 전환·무관한 공격 소재·별도 생물 삽입은 확인되지 않았다.",CONSISTENT_WITH_REFERENCE,"'고목의 생기탄'의 ICON 1장, PROJECTILE 전 프레임에서 어두운 외곽/중간톤/밝은 코어, 단계형 하이라이트와 알파 감쇠가 유지됐다. 역할·체급에 따른 크기와 입자량 차이를 제외하면 AREA 00 승인본 및 유사 역할군과 표현 문법이 이어진다.",MATCHES_DELIVERED_ASSETS,REPACK_ONLY,NO,"실제 ICON 1장, PROJECTILE 전 프레임 + INPUT 핵심 소재/역할/흐름 + OUTPUT Area Preview",ICON/008_m_stumpy_s_mon_stumpy_ICON.png .. PROJECTILE/008_m_stumpy_s_mon_stumpy_PROJECTILE_F03.png; area_full_frame_boards/AREA_02_ALL_FRAMES.png,,D:/maplestory_levup/docs/art/output_audit_work/20260912_143540/AREA_02_IMAGES_OUTPUT/AREA_02_IMAGES_OUTPUT/AREA_OVERVIEW_PREVIEW.png의 역할별 썸네일을 실제 납품 프레임의 형상·순서·ICON과 대조함.,REPACK_ONLY,NONE,NO,가시 박힌 초록 나이테 탄이 네 프레임 동안 국소 광택과 덩굴 맥동만 바꾸며 유지
area_03,엘리니아,m_slime,슬라임,s_mon_slime,끈적한 몸통,액티브,N,ICON|CAST_VFX,monsters/001_m_slime_슬라임/ICON/001_m_slime_s_mon_slime_ICON.png|monsters/001_m_slime_슬라임/CAST/001_m_slime_s_mon_slime_CAST_F00.png|monsters/001_m_slime_슬라임/CAST/001_m_slime_s_mon_slime_CAST_F01.png|monsters/001_m_slime_슬라임/CAST/001_m_slime_s_mon_slime_CAST_F02.png|monsters/001_m_slime_슬라임/CAST/001_m_slime_s_mon_slime_CAST_F03.png|monsters/001_m_slime_슬라임/CAST/001_m_slime_s_mon_slime_CAST_F04.png|monsters/001_m_slime_슬라임/CAST/001_m_slime_s_mon_slime_CAST_F05.png|monsters/001_m_slime_슬라임/CAST/001_m_slime_s_mon_slime_CAST_F06.png|monsters/001_m_slime_슬라임/CAST/001_m_slime_s_mon_slime_CAST_F07.png,탄성 있는 점액 방울과 눌렸다 되튀는 젤리 테두리. ‘슬라임 / 끈적한 몸통’ 전용 소재이며 몬스터 본체는 VFX에 직접 넣지 않음,CAST_VFX=시전자 중심 공격 연출; ICON=UI 식별,"자원은 우측 기준이며 대상이 왼쪽이면 FlipX. 판정 자체는 방향성 부채꼴이 아니라 시전자 중심 원형이다. layer drift는 엔진 적용: L1 ruid=2c12c1e835a04c2a9ec1c5724846a7b6, type=animationclip, style=clip, delay=0s, duration=0.62s, scale=0.48, offset=(0.18,0) world unit, drift=(0.35,0) world unit/s; L2 ruid=69656381a8e04edcbb8a2c8599567ab3, type=animationclip, style=clip, delay=0.12s, duration=0.52s, scale=0.55, offset=(0.5,0) world unit, drift=(0,0) world unit/s",핵심 형상 준비 → 시전자 중심 확장 → 피해 판정과 가까운 절정 프레임 → 잔광/파편 소멸.,"대표 실루엣 1개는 ‘점액 방울’, 보조 효과 1개는 ‘탄성 튐선’. 64px 축소에서도 두 형상의 겹침과 방향이 읽혀야 함",NO_OBVIOUS_ISSUE,"실제 관찰: 연두 점액방울이 바닥을 미끄러지며 길게 늘고 충돌 튐 뒤 낮은 점액 자국으로 사라짐. INPUT 핵심 소재 '탄성 있는 점액 방울과 눌렸다 되튀는 젤리 테두리. ‘슬라임 / 끈적한 몸통’ 전용 소재이며 몬스터 본체는 VFX에 직접 넣지 않음' 및 CAST_VFX=시전자 중심 공격 연출; ICON=UI 식별와 대응하며, 역할 전환·무관한 공격 소재·별도 생물 삽입은 확인되지 않았다.",CONSISTENT_WITH_REFERENCE,"'끈적한 몸통'의 ICON 1장, CAST 전 프레임에서 어두운 외곽/중간톤/밝은 코어, 단계형 하이라이트와 알파 감쇠가 유지됐다. 역할·체급에 따른 크기와 입자량 차이를 제외하면 AREA 00 승인본 및 유사 역할군과 표현 문법이 이어진다.",MATCHES_DELIVERED_ASSETS,REPACK_ONLY,NO,"실제 ICON 1장, CAST 전 프레임 + INPUT 핵심 소재/역할/흐름 + OUTPUT Area Preview",monsters/001_m_slime_슬라임/ICON/001_m_slime_s_mon_slime_ICON.png .. monsters/001_m_slime_슬라임/CAST/001_m_slime_s_mon_slime_CAST_F07.png; area_full_frame_boards/AREA_03_ALL_FRAMES.png,,D:/maplestory_levup/docs/art/output_audit_work/20260912_143540/AREA_03_IMAGES_OUTPUT/AREA_03_IMAGES_OUTPUT/AREA_OVERVIEW_PREVIEW.png의 역할별 썸네일을 실제 납품 프레임의 형상·순서·ICON과 대조함.,REPACK_ONLY,NONE,NO,연두 점액방울이 바닥을 미끄러지며 길게 늘고 충돌 튐 뒤 낮은 점액 자국으로 사라짐
area_03,엘리니아,m_dark_stump,다크 스텀프,s_mon_dark_stump,단단한 밑동,버프,N,ICON|CAST_VFX,monsters/002_m_dark_stump/ICON/002_m_dark_stump_s_mon_dark_stump_ICON.png|monsters/002_m_dark_stump/CAST/002_m_dark_stump_s_mon_dark_stump_CAST_F00.png|monsters/002_m_dark_stump/CAST/002_m_dark_stump_s_mon_dark_stump_CAST_F01.png|monsters/002_m_dark_stump/CAST/002_m_dark_stump_s_mon_dark_stump_CAST_F02.png|monsters/002_m_dark_stump/CAST/002_m_dark_stump_s_mon_dark_stump_CAST_F03.png|monsters/002_m_dark_stump/CAST/002_m_dark_stump_s_mon_dark_stump_CAST_F04.png|monsters/002_m_dark_stump/CAST/002_m_dark_stump_s_mon_dark_stump_CAST_F05.png|monsters/002_m_dark_stump/CAST/002_m_dark_stump_s_mon_dark_stump_CAST_F06.png|monsters/002_m_dark_stump/CAST/002_m_dark_stump_s_mon_dark_stump_CAST_F07.png,검게 굳은 나이테 방패와 땅에 박힌 짧은 뿌리. ‘다크 스텀프 / 단단한 밑동’ 전용 소재이며 몬스터 본체는 VFX에 직접 넣지 않음,CAST_VFX=자기 몸에 붙는 버프 연출; ICON=UI 식별,"무방향. 닫힌 보호 윤곽과 자기 중심 맥동만 사용한다. layer drift는 엔진 적용: L1 ruid=a77ea54c400e4b56a44ed05091a0ae53, type=animationclip, style=clip, delay=0s, duration=0.75s, scale=0.7, offset=(0,0) world unit, drift=(0,0) world unit/s; L2 ruid=566b0886b4cf4f3997a29ecd3a1954b5, type=animationclip, style=clip, delay=0.1s, duration=0.75s, scale=0.55, offset=(0,0) world unit, drift=(0,0) world unit/s",시전자 둘레 윤곽 출현 → 보호 구조 닫힘 → 반사광 절정 → 실드 지속과 혼동되지 않게 짧게 페이드.,"대표 실루엣 1개는 ‘굵은 나이테’, 보조 효과 1개는 ‘버팀 뿌리’. 64px 축소에서도 두 형상의 겹침과 방향이 읽혀야 함",NO_OBVIOUS_ISSUE,"실제 관찰: 짧은 뿌리가 붙은 갈색 나이테 원판이 닫혀 방패가 되고 중심 반사광 뒤 풀림. INPUT 핵심 소재 '검게 굳은 나이테 방패와 땅에 박힌 짧은 뿌리. ‘다크 스텀프 / 단단한 밑동’ 전용 소재이며 몬스터 본체는 VFX에 직접 넣지 않음' 및 CAST_VFX=자기 몸에 붙는 버프 연출; ICON=UI 식별와 대응하며, 역할 전환·무관한 공격 소재·별도 생물 삽입은 확인되지 않았다.",CONSISTENT_WITH_REFERENCE,"'단단한 밑동'의 ICON 1장, CAST 전 프레임에서 어두운 외곽/중간톤/밝은 코어, 단계형 하이라이트와 알파 감쇠가 유지됐다. 역할·체급에 따른 크기와 입자량 차이를 제외하면 AREA 00 승인본 및 유사 역할군과 표현 문법이 이어진다.",MATCHES_DELIVERED_ASSETS,REPACK_ONLY,NO,"실제 ICON 1장, CAST 전 프레임 + INPUT 핵심 소재/역할/흐름 + OUTPUT Area Preview",monsters/002_m_dark_stump/ICON/002_m_dark_stump_s_mon_dark_stump_ICON.png .. monsters/002_m_dark_stump/CAST/002_m_dark_stump_s_mon_dark_stump_CAST_F07.png; area_full_frame_boards/AREA_03_ALL_FRAMES.png,,D:/maplestory_levup/docs/art/output_audit_work/20260912_143540/AREA_03_IMAGES_OUTPUT/AREA_03_IMAGES_OUTPUT/AREA_OVERVIEW_PREVIEW.png의 역할별 썸네일을 실제 납품 프레임의 형상·순서·ICON과 대조함.,REPACK_ONLY,NONE,NO,짧은 뿌리가 붙은 갈색 나이테 원판이 닫혀 방패가 되고 중심 반사광 뒤 풀림
area_03,엘리니아,m_bubbling,버블링,s_mon_bubbling,물방울 마력,패시브,N,ICON|REFERENCE_VFX,monsters/003_m_bubbling/ICON/003_m_bubbling_s_mon_bubbling_ICON.png|monsters/003_m_bubbling/REFERENCE/003_m_bubbling_s_mon_bubbling_REFERENCE_F00.png|monsters/003_m_bubbling/REFERENCE/003_m_bubbling_s_mon_bubbling_REFERENCE_F01.png|monsters/003_m_bubbling/REFERENCE/003_m_bubbling_s_mon_bubbling_REFERENCE_F02.png|monsters/003_m_bubbling/REFERENCE/003_m_bubbling_s_mon_bubbling_REFERENCE_F03.png|monsters/003_m_bubbling/REFERENCE/003_m_bubbling_s_mon_bubbling_REFERENCE_F04.png|monsters/003_m_bubbling/REFERENCE/003_m_bubbling_s_mon_bubbling_REFERENCE_F05.png,마력빛 큰 기포 하나와 주변을 도는 작은 거품 고리. ‘버블링 / 물방울 마력’ 전용 소재이며 몬스터 본체는 VFX에 직접 넣지 않음,ICON=런타임 필수; REFERENCE_VFX=기존 제작 범위에 포함된 비전투 참고 산출물(런타임 미사용·자동 반입 금지),방향·FlipX·엔진 이동 없음. 없음,REFERENCE_VFX를 만들 경우 정지 모티브의 짧은 호흡만 표현한다. 공격 준비·타격광·투사체·폭발 단계는 넣지 않는다.,"대표 실루엣 1개는 ‘큰 마력 기포’, 보조 효과 1개는 ‘작은 거품 고리’. 64px 축소에서도 두 형상의 겹침과 방향이 읽혀야 함",NO_OBVIOUS_ISSUE,"실제 관찰: 푸른 물방울들이 투명 구체를 감싸며 부풀고 밝은 막을 만든 뒤 작은 거품으로 감소. INPUT 핵심 소재 '마력빛 큰 기포 하나와 주변을 도는 작은 거품 고리. ‘버블링 / 물방울 마력’ 전용 소재이며 몬스터 본체는 VFX에 직접 넣지 않음' 및 ICON=런타임 필수; REFERENCE_VFX=기존 제작 범위에 포함된 비전투 참고 산출물(런타임 미사용·자동 반입 금지)와 대응하며, 역할 전환·무관한 공격 소재·별도 생물 삽입은 확인되지 않았다.",CONSISTENT_WITH_REFERENCE,"'물방울 마력'의 ICON 1장, 비전투 REFERENCE 전 프레임에서 어두운 외곽/중간톤/밝은 코어, 단계형 하이라이트와 알파 감쇠가 유지됐다. 역할·체급에 따른 크기와 입자량 차이를 제외하면 AREA 00 승인본 및 유사 역할군과 표현 문법이 이어진다.",MATCHES_DELIVERED_ASSETS,REPACK_ONLY,NO,"실제 ICON 1장, 비전투 REFERENCE 전 프레임 + INPUT 핵심 소재/역할/흐름 + OUTPUT Area Preview",monsters/003_m_bubbling/ICON/003_m_bubbling_s_mon_bubbling_ICON.png .. monsters/003_m_bubbling/REFERENCE/003_m_bubbling_s_mon_bubbling_REFERENCE_F05.png; area_full_frame_boards/AREA_03_ALL_FRAMES.png,,D:/maplestory_levup/docs/art/output_audit_work/20260912_143540/AREA_03_IMAGES_OUTPUT/AREA_03_IMAGES_OUTPUT/AREA_OVERVIEW_PREVIEW.png의 역할별 썸네일을 실제 납품 프레임의 형상·순서·ICON과 대조함.,REPACK_ONLY,NONE,NO,푸른 물방울들이 투명 구체를 감싸며 부풀고 밝은 막을 만든 뒤 작은 거품으로 감소
area_03,엘리니아,m_fairy,페어리,s_mon_fairy,요정의 마법가루,액티브,N,ICON|CAST_VFX,monsters/004_m_fairy/ICON/004_m_fairy_s_mon_fairy_ICON.png|monsters/004_m_fairy/CAST/004_m_fairy_s_mon_fairy_CAST_F00.png|monsters/004_m_fairy/CAST/004_m_fairy_s_mon_fairy_CAST_F01.png|monsters/004_m_fairy/CAST/004_m_fairy_s_mon_fairy_CAST_F02.png|monsters/004_m_fairy/CAST/004_m_fairy_s_mon_fairy_CAST_F03.png|monsters/004_m_fairy/CAST/004_m_fairy_s_mon_fairy_CAST_F04.png|monsters/004_m_fairy/CAST/004_m_fairy_s_mon_fairy_CAST_F05.png|monsters/004_m_fairy/CAST/004_m_fairy_s_mon_fairy_CAST_F06.png|monsters/004_m_fairy/CAST/004_m_fairy_s_mon_fairy_CAST_F07.png,별가루 같은 요정 분말이 나선으로 모였다 퍼지는 빛무리. ‘페어리 / 요정의 마법가루’ 전용 소재이며 몬스터 본체는 VFX에 직접 넣지 않음,CAST_VFX=시전자 중심 공격 연출; ICON=UI 식별,"자원은 우측 기준이며 대상이 왼쪽이면 FlipX. 판정 자체는 방향성 부채꼴이 아니라 시전자 중심 원형이다. layer drift는 엔진 적용: L1 ruid=9defa2b61ad94ae3bc50d707979770e6, type=animationclip, style=clip, delay=0s, duration=0.65s, scale=0.42, offset=(-0.14,0.1) world unit, drift=(-0.12,0) world unit/s; L2 ruid=9defa2b61ad94ae3bc50d707979770e6, type=animationclip, style=clip, delay=0.12s, duration=0.9s, scale=0.7, offset=(0.14,0.15) world unit, drift=(0.12,0) world unit/s",핵심 형상 준비 → 시전자 중심 확장 → 피해 판정과 가까운 절정 프레임 → 잔광/파편 소멸.,"대표 실루엣 1개는 ‘별가루 나선’, 보조 효과 1개는 ‘작은 날개빛’. 64px 축소에서도 두 형상의 겹침과 방향이 읽혀야 함",NO_OBVIOUS_ISSUE,"실제 관찰: 금빛 잎과 별 입자가 연녹색 마력 소용돌이를 만들고 중심광 뒤 가볍게 흩어짐. INPUT 핵심 소재 '별가루 같은 요정 분말이 나선으로 모였다 퍼지는 빛무리. ‘페어리 / 요정의 마법가루’ 전용 소재이며 몬스터 본체는 VFX에 직접 넣지 않음' 및 CAST_VFX=시전자 중심 공격 연출; ICON=UI 식별와 대응하며, 역할 전환·무관한 공격 소재·별도 생물 삽입은 확인되지 않았다.",CONSISTENT_WITH_REFERENCE,"'요정의 마법가루'의 ICON 1장, CAST 전 프레임에서 어두운 외곽/중간톤/밝은 코어, 단계형 하이라이트와 알파 감쇠가 유지됐다. 역할·체급에 따른 크기와 입자량 차이를 제외하면 AREA 00 승인본 및 유사 역할군과 표현 문법이 이어진다.",MATCHES_DELIVERED_ASSETS,REPACK_ONLY,NO,"실제 ICON 1장, CAST 전 프레임 + INPUT 핵심 소재/역할/흐름 + OUTPUT Area Preview",monsters/004_m_fairy/ICON/004_m_fairy_s_mon_fairy_ICON.png .. monsters/004_m_fairy/CAST/004_m_fairy_s_mon_fairy_CAST_F07.png; area_full_frame_boards/AREA_03_ALL_FRAMES.png,,D:/maplestory_levup/docs/art/output_audit_work/20260912_143540/AREA_03_IMAGES_OUTPUT/AREA_03_IMAGES_OUTPUT/AREA_OVERVIEW_PREVIEW.png의 역할별 썸네일을 실제 납품 프레임의 형상·순서·ICON과 대조함.,REPACK_ONLY,NONE,NO,금빛 잎과 별 입자가 연녹색 마력 소용돌이를 만들고 중심광 뒤 가볍게 흩어짐
area_03,엘리니아,m_faust,파우스트,s_mon_faust,저주의 인형,액티브,Y,ICON|CAST_VFX|PROJECTILE,monsters/005_m_faust/ICON/005_m_faust_s_mon_faust_ICON.png|monsters/005_m_faust/CAST/005_m_faust_s_mon_faust_CAST_F00.png|monsters/005_m_faust/CAST/005_m_faust_s_mon_faust_CAST_F01.png|monsters/005_m_faust/CAST/005_m_faust_s_mon_faust_CAST_F02.png|monsters/005_m_faust/CAST/005_m_faust_s_mon_faust_CAST_F03.png|monsters/005_m_faust/CAST/005_m_faust_s_mon_faust_CAST_F04.png|monsters/005_m_faust/CAST/005_m_faust_s_mon_faust_CAST_F05.png|monsters/005_m_faust/CAST/005_m_faust_s_mon_faust_CAST_F06.png|monsters/005_m_faust/CAST/005_m_faust_s_mon_faust_CAST_F07.png|monsters/005_m_faust/CAST/005_m_faust_s_mon_faust_CAST_F08.png|monsters/005_m_faust/CAST/005_m_faust_s_mon_faust_CAST_F09.png|monsters/005_m_faust/CAST/005_m_faust_s_mon_faust_CAST_F10.png|monsters/005_m_faust/CAST/005_m_faust_s_mon_faust_CAST_F11.png|monsters/005_m_faust/PROJECTILE/005_m_faust_s_mon_faust_PROJECTILE_F00.png|monsters/005_m_faust/PROJECTILE/005_m_faust_s_mon_faust_PROJECTILE_F01.png|monsters/005_m_faust/PROJECTILE/005_m_faust_s_mon_faust_PROJECTILE_F02.png|monsters/005_m_faust/PROJECTILE/005_m_faust_s_mon_faust_PROJECTILE_F03.png,실로 묶인 인형 표식과 아래로 떨어지는 자주색 저주 침. ‘파우스트 / 저주의 인형’ 전용 소재이며 몬스터 본체는 VFX에 직접 넣지 않음,CAST_VFX=발사/준비 연출; PROJECTILE=엔진이 이동시키는 비행체; ICON=UI 식별,,,"대표 실루엣 1개는 ‘실 묶인 인형 표식’, 보조 효과 1개는 ‘저주 침’. 64px 축소에서도 두 형상의 겹침과 방향이 읽혀야 함",NO_OBVIOUS_ISSUE,"실제 관찰: 보라 저주띠와 작은 인형이 마법진 중심에 모여 폭발하고, 투사체는 인형핵 형태로 맥동. INPUT 핵심 소재 '실로 묶인 인형 표식과 아래로 떨어지는 자주색 저주 침. ‘파우스트 / 저주의 인형’ 전용 소재이며 몬스터 본체는 VFX에 직접 넣지 않음' 및 CAST_VFX=발사/준비 연출; PROJECTILE=엔진이 이동시키는 비행체; ICON=UI 식별와 대응하며, 역할 전환·무관한 공격 소재·별도 생물 삽입은 확인되지 않았다.",CONSISTENT_WITH_REFERENCE,"'저주의 인형'의 ICON 1장, CAST 전 프레임, PROJECTILE 전 프레임에서 어두운 외곽/중간톤/밝은 코어, 단계형 하이라이트와 알파 감쇠가 유지됐다. 역할·체급에 따른 크기와 입자량 차이를 제외하면 AREA 00 승인본 및 유사 역할군과 표현 문법이 이어진다.",MATCHES_DELIVERED_ASSETS,REPACK_ONLY,NO,"실제 ICON 1장, CAST 전 프레임, PROJECTILE 전 프레임 + INPUT 핵심 소재/역할/흐름 + OUTPUT Area Preview",monsters/005_m_faust/ICON/005_m_faust_s_mon_faust_ICON.png .. monsters/005_m_faust/PROJECTILE/005_m_faust_s_mon_faust_PROJECTILE_F03.png; area_full_frame_boards/AREA_03_ALL_FRAMES.png,,D:/maplestory_levup/docs/art/output_audit_work/20260912_143540/AREA_03_IMAGES_OUTPUT/AREA_03_IMAGES_OUTPUT/AREA_OVERVIEW_PREVIEW.png의 역할별 썸네일을 실제 납품 프레임의 형상·순서·ICON과 대조함.,REPACK_ONLY,NONE,NO,"보라 저주띠와 작은 인형이 마법진 중심에 모여 폭발하고, 투사체는 인형핵 형태로 맥동"
area_04,커닝시티,m_octopus,옥토퍼스,s_mon_octopus,먹물 폭발,액티브,N,ICON|CAST_VFX,ICON/001_m_octopus_s_mon_octopus_ICON.png|CAST/001_m_octopus_s_mon_octopus_CAST_F00.png|CAST/001_m_octopus_s_mon_octopus_CAST_F01.png|CAST/001_m_octopus_s_mon_octopus_CAST_F02.png|CAST/001_m_octopus_s_mon_octopus_CAST_F03.png|CAST/001_m_octopus_s_mon_octopus_CAST_F04.png|CAST/001_m_octopus_s_mon_octopus_CAST_F05.png|CAST/001_m_octopus_s_mon_octopus_CAST_F06.png|CAST/001_m_octopus_s_mon_octopus_CAST_F07.png,검푸른 먹물 방울이 불규칙 꽃잎처럼 터지는 얼룩. ‘옥토퍼스 / 먹물 폭발’ 전용 소재이며 몬스터 본체는 VFX에 직접 넣지 않음,CAST_VFX=시전자 중심 공격 연출; ICON=UI 식별,"자원은 우측 기준이며 대상이 왼쪽이면 FlipX. 판정 자체는 방향성 부채꼴이 아니라 시전자 중심 원형이다. layer drift는 엔진 적용: L1 ruid=69656381a8e04edcbb8a2c8599567ab3, type=animationclip, style=clip, delay=0s, duration=0.6s, scale=0.62, offset=(0,0.02) world unit, drift=(0,0) world unit/s; L2 ruid=544b4092b87a41948b74e6645d530b88, type=animationclip, style=clip, delay=0.1s, duration=0.75s, scale=0.72, offset=(0,0.05) world unit, drift=(0,0) world unit/s",핵심 형상 준비 → 시전자 중심 확장 → 피해 판정과 가까운 절정 프레임 → 잔광/파편 소멸.,"대표 실루엣 1개는 ‘먹물 방울’, 보조 효과 1개는 ‘방사 얼룩’. 64px 축소에서도 두 형상의 겹침과 방향이 읽혀야 함",NO_OBVIOUS_ISSUE,"실제 관찰: 짙은 남보라 먹물방울이 중앙에서 넓은 얼룩으로 터지고 작은 방울로 분해. INPUT 핵심 소재 '검푸른 먹물 방울이 불규칙 꽃잎처럼 터지는 얼룩. ‘옥토퍼스 / 먹물 폭발’ 전용 소재이며 몬스터 본체는 VFX에 직접 넣지 않음' 및 CAST_VFX=시전자 중심 공격 연출; ICON=UI 식별와 대응하며, 역할 전환·무관한 공격 소재·별도 생물 삽입은 확인되지 않았다.",CONSISTENT_WITH_REFERENCE,"'먹물 폭발'의 ICON 1장, CAST 전 프레임에서 어두운 외곽/중간톤/밝은 코어, 단계형 하이라이트와 알파 감쇠가 유지됐다. 역할·체급에 따른 크기와 입자량 차이를 제외하면 AREA 00 승인본 및 유사 역할군과 표현 문법이 이어진다.",MATCHES_DELIVERED_ASSETS,REPACK_ONLY,NO,"실제 ICON 1장, CAST 전 프레임 + INPUT 핵심 소재/역할/흐름 + OUTPUT Area Preview",ICON/001_m_octopus_s_mon_octopus_ICON.png .. CAST/001_m_octopus_s_mon_octopus_CAST_F07.png; area_full_frame_boards/AREA_04_ALL_FRAMES.png,,D:/maplestory_levup/docs/art/output_audit_work/20260912_143540/AREA_04_IMAGES_OUTPUT/AREA_04_IMAGES_OUTPUT/AREA_OVERVIEW_PREVIEW.png의 역할별 썸네일을 실제 납품 프레임의 형상·순서·ICON과 대조함.,REPACK_ONLY,NONE,NO,짙은 남보라 먹물방울이 중앙에서 넓은 얼룩으로 터지고 작은 방울로 분해
area_04,커닝시티,m_stirge,스티지,s_mon_stirge,밤의 감각,패시브,N,ICON|REFERENCE_VFX,ICON/002_m_stirge_s_mon_stirge_ICON.png|REFERENCE/002_m_stirge_s_mon_stirge_REFERENCE_F00.png|REFERENCE/002_m_stirge_s_mon_stirge_REFERENCE_F01.png|REFERENCE/002_m_stirge_s_mon_stirge_REFERENCE_F02.png|REFERENCE/002_m_stirge_s_mon_stirge_REFERENCE_F03.png|REFERENCE/002_m_stirge_s_mon_stirge_REFERENCE_F04.png|REFERENCE/002_m_stirge_s_mon_stirge_REFERENCE_F05.png,박쥐 초음파 같은 얇은 야간 파문과 붉은 감지점. ‘스티지 / 밤의 감각’ 전용 소재이며 몬스터 본체는 VFX에 직접 넣지 않음,ICON=런타임 필수; REFERENCE_VFX=기존 제작 범위에 포함된 비전투 참고 산출물(런타임 미사용·자동 반입 금지),방향·FlipX·엔진 이동 없음. 없음,REFERENCE_VFX를 만들 경우 정지 모티브의 짧은 호흡만 표현한다. 공격 준비·타격광·투사체·폭발 단계는 넣지 않는다.,"대표 실루엣 1개는 ‘초음파 파문’, 보조 효과 1개는 ‘붉은 감지점’. 64px 축소에서도 두 형상의 겹침과 방향이 읽혀야 함",NO_OBVIOUS_ISSUE,"실제 관찰: 붉은 감지점 주위에 남보라 동심 파동이 벌어졌다 줄어드는 저밀도 탐지 표현. INPUT 핵심 소재 '박쥐 초음파 같은 얇은 야간 파문과 붉은 감지점. ‘스티지 / 밤의 감각’ 전용 소재이며 몬스터 본체는 VFX에 직접 넣지 않음' 및 ICON=런타임 필수; REFERENCE_VFX=기존 제작 범위에 포함된 비전투 참고 산출물(런타임 미사용·자동 반입 금지)와 대응하며, 역할 전환·무관한 공격 소재·별도 생물 삽입은 확인되지 않았다.",CONSISTENT_WITH_REFERENCE,"'밤의 감각'의 ICON 1장, 비전투 REFERENCE 전 프레임에서 어두운 외곽/중간톤/밝은 코어, 단계형 하이라이트와 알파 감쇠가 유지됐다. 역할·체급에 따른 크기와 입자량 차이를 제외하면 AREA 00 승인본 및 유사 역할군과 표현 문법이 이어진다.",MATCHES_DELIVERED_ASSETS,REPACK_ONLY,NO,"실제 ICON 1장, 비전투 REFERENCE 전 프레임 + INPUT 핵심 소재/역할/흐름 + OUTPUT Area Preview",ICON/002_m_stirge_s_mon_stirge_ICON.png .. REFERENCE/002_m_stirge_s_mon_stirge_REFERENCE_F05.png; area_full_frame_boards/AREA_04_ALL_FRAMES.png,,D:/maplestory_levup/docs/art/output_audit_work/20260912_143540/AREA_04_IMAGES_OUTPUT/AREA_04_IMAGES_OUTPUT/AREA_OVERVIEW_PREVIEW.png의 역할별 썸네일을 실제 납품 프레임의 형상·순서·ICON과 대조함.,REPACK_ONLY,NONE,NO,붉은 감지점 주위에 남보라 동심 파동이 벌어졌다 줄어드는 저밀도 탐지 표현
area_04,커닝시티,m_jr_wraith,주니어 레이스,s_mon_jr_wraith,망령 충격,액티브,N,ICON|CAST_VFX,ICON/003_m_jr_wraith_s_mon_jr_wraith_ICON.png|CAST/003_m_jr_wraith_s_mon_jr_wraith_CAST_F00.png|CAST/003_m_jr_wraith_s_mon_jr_wraith_CAST_F01.png|CAST/003_m_jr_wraith_s_mon_jr_wraith_CAST_F02.png|CAST/003_m_jr_wraith_s_mon_jr_wraith_CAST_F03.png|CAST/003_m_jr_wraith_s_mon_jr_wraith_CAST_F04.png|CAST/003_m_jr_wraith_s_mon_jr_wraith_CAST_F05.png|CAST/003_m_jr_wraith_s_mon_jr_wraith_CAST_F06.png|CAST/003_m_jr_wraith_s_mon_jr_wraith_CAST_F07.png,반투명 망령 손자국이 순간 겹치며 터지는 냉기 충격. ‘주니어 레이스 / 망령 충격’ 전용 소재이며 몬스터 본체는 VFX에 직접 넣지 않음,CAST_VFX=시전자 중심 공격 연출; ICON=UI 식별,"자원은 우측 기준이며 대상이 왼쪽이면 FlipX. 판정 자체는 방향성 부채꼴이 아니라 시전자 중심 원형이다. layer drift는 엔진 적용: L1 ruid=c4f8dce4ee2745cda0f211514605261b, type=animationclip, style=clip, delay=0s, duration=0.62s, scale=0.6, offset=(0,0.08) world unit, drift=(0,0) world unit/s; L2 ruid=01dbde634dd944e685b45727289bd9b8, type=animationclip, style=clip, delay=0.12s, duration=0.75s, scale=0.75, offset=(0,0.05) world unit, drift=(0,0) world unit/s",핵심 형상 준비 → 시전자 중심 확장 → 피해 판정과 가까운 절정 프레임 → 잔광/파편 소멸.,"대표 실루엣 1개는 ‘망령 손자국’, 보조 효과 1개는 ‘냉기 충격륜’. 64px 축소에서도 두 형상의 겹침과 방향이 읽혀야 함",NO_OBVIOUS_ISSUE,"실제 관찰: 반투명 푸른 손자국이 냉기 원과 함께 선명해지고 가시형 충격 뒤 흐릿해짐. INPUT 핵심 소재 '반투명 망령 손자국이 순간 겹치며 터지는 냉기 충격. ‘주니어 레이스 / 망령 충격’ 전용 소재이며 몬스터 본체는 VFX에 직접 넣지 않음' 및 CAST_VFX=시전자 중심 공격 연출; ICON=UI 식별와 대응하며, 역할 전환·무관한 공격 소재·별도 생물 삽입은 확인되지 않았다.",CONSISTENT_WITH_REFERENCE,"'망령 충격'의 ICON 1장, CAST 전 프레임에서 어두운 외곽/중간톤/밝은 코어, 단계형 하이라이트와 알파 감쇠가 유지됐다. 역할·체급에 따른 크기와 입자량 차이를 제외하면 AREA 00 승인본 및 유사 역할군과 표현 문법이 이어진다.",MATCHES_DELIVERED_ASSETS,REPACK_ONLY,NO,"실제 ICON 1장, CAST 전 프레임 + INPUT 핵심 소재/역할/흐름 + OUTPUT Area Preview",ICON/003_m_jr_wraith_s_mon_jr_wraith_ICON.png .. CAST/003_m_jr_wraith_s_mon_jr_wraith_CAST_F07.png; area_full_frame_boards/AREA_04_ALL_FRAMES.png,,D:/maplestory_levup/docs/art/output_audit_work/20260912_143540/AREA_04_IMAGES_OUTPUT/AREA_04_IMAGES_OUTPUT/AREA_OVERVIEW_PREVIEW.png의 역할별 썸네일을 실제 납품 프레임의 형상·순서·ICON과 대조함.,REPACK_ONLY,NONE,NO,반투명 푸른 손자국이 냉기 원과 함께 선명해지고 가시형 충격 뒤 흐릿해짐
area_04,커닝시티,m_wraith,레이스,s_mon_wraith,원혼의 기운,패시브,N,ICON|REFERENCE_VFX,ICON/004_m_wraith_s_mon_wraith_ICON.png|REFERENCE/004_m_wraith_s_mon_wraith_REFERENCE_F00.png|REFERENCE/004_m_wraith_s_mon_wraith_REFERENCE_F01.png|REFERENCE/004_m_wraith_s_mon_wraith_REFERENCE_F02.png|REFERENCE/004_m_wraith_s_mon_wraith_REFERENCE_F03.png|REFERENCE/004_m_wraith_s_mon_wraith_REFERENCE_F04.png|REFERENCE/004_m_wraith_s_mon_wraith_REFERENCE_F05.png,휘어진 혼령 띠와 안쪽을 도는 작은 원혼 불씨. ‘레이스 / 원혼의 기운’ 전용 소재이며 몬스터 본체는 VFX에 직접 넣지 않음,ICON=런타임 필수; REFERENCE_VFX=기존 제작 범위에 포함된 비전투 참고 산출물(런타임 미사용·자동 반입 금지),방향·FlipX·엔진 이동 없음. 없음,REFERENCE_VFX를 만들 경우 정지 모티브의 짧은 호흡만 표현한다. 공격 준비·타격광·투사체·폭발 단계는 넣지 않는다.,"대표 실루엣 1개는 ‘혼령 띠’, 보조 효과 1개는 ‘원혼 불씨’. 64px 축소에서도 두 형상의 겹침과 방향이 읽혀야 함",NO_OBVIOUS_ISSUE,"실제 관찰: 청록 혼불 꼬리와 작은 불씨가 한 덩어리로 숨 쉬듯 커졌다가 잔불로 줄어듦. INPUT 핵심 소재 '휘어진 혼령 띠와 안쪽을 도는 작은 원혼 불씨. ‘레이스 / 원혼의 기운’ 전용 소재이며 몬스터 본체는 VFX에 직접 넣지 않음' 및 ICON=런타임 필수; REFERENCE_VFX=기존 제작 범위에 포함된 비전투 참고 산출물(런타임 미사용·자동 반입 금지)와 대응하며, 역할 전환·무관한 공격 소재·별도 생물 삽입은 확인되지 않았다.",CONSISTENT_WITH_REFERENCE,"'원혼의 기운'의 ICON 1장, 비전투 REFERENCE 전 프레임에서 어두운 외곽/중간톤/밝은 코어, 단계형 하이라이트와 알파 감쇠가 유지됐다. 역할·체급에 따른 크기와 입자량 차이를 제외하면 AREA 00 승인본 및 유사 역할군과 표현 문법이 이어진다.",MATCHES_DELIVERED_ASSETS,REPACK_ONLY,NO,"실제 ICON 1장, 비전투 REFERENCE 전 프레임 + INPUT 핵심 소재/역할/흐름 + OUTPUT Area Preview",ICON/004_m_wraith_s_mon_wraith_ICON.png .. REFERENCE/004_m_wraith_s_mon_wraith_REFERENCE_F05.png; area_full_frame_boards/AREA_04_ALL_FRAMES.png,,D:/maplestory_levup/docs/art/output_audit_work/20260912_143540/AREA_04_IMAGES_OUTPUT/AREA_04_IMAGES_OUTPUT/AREA_OVERVIEW_PREVIEW.png의 역할별 썸네일을 실제 납품 프레임의 형상·순서·ICON과 대조함.,REPACK_ONLY,NONE,NO,청록 혼불 꼬리와 작은 불씨가 한 덩어리로 숨 쉬듯 커졌다가 잔불로 줄어듦
area_04,커닝시티,m_shade,셰이드,s_mon_shade,심연의 장막,액티브,Y,ICON|CAST_VFX,ICON/005_m_shade_s_mon_shade_ICON.png|CAST/005_m_shade_s_mon_shade_CAST_F00.png|CAST/005_m_shade_s_mon_shade_CAST_F01.png|CAST/005_m_shade_s_mon_shade_CAST_F02.png|CAST/005_m_shade_s_mon_shade_CAST_F03.png|CAST/005_m_shade_s_mon_shade_CAST_F04.png|CAST/005_m_shade_s_mon_shade_CAST_F05.png|CAST/005_m_shade_s_mon_shade_CAST_F06.png|CAST/005_m_shade_s_mon_shade_CAST_F07.png|CAST/005_m_shade_s_mon_shade_CAST_F08.png|CAST/005_m_shade_s_mon_shade_CAST_F09.png|CAST/005_m_shade_s_mon_shade_CAST_F10.png|CAST/005_m_shade_s_mon_shade_CAST_F11.png,빛을 삼키는 반투명 장막과 가장자리의 보랏빛 잔광. ‘셰이드 / 심연의 장막’ 전용 소재이며 몬스터 본체는 VFX에 직접 넣지 않음,CAST_VFX=시전자 중심 공격 연출; ICON=UI 식별,"자원은 우측 기준이며 대상이 왼쪽이면 FlipX. 판정 자체는 방향성 부채꼴이 아니라 시전자 중심 원형이다. layer drift는 엔진 적용: L1 ruid=c4f8dce4ee2745cda0f211514605261b, type=animationclip, style=clip, delay=0s, duration=0.65s, scale=1, offset=(0,0.08) world unit, drift=(0,0) world unit/s; L2 ruid=544b4092b87a41948b74e6645d530b88, type=animationclip, style=clip, delay=0.12s, duration=0.8s, scale=0.9, offset=(0,0.05) world unit, drift=(0,0) world unit/s",핵심 형상 준비 → 시전자 중심 확장 → 피해 판정과 가까운 절정 프레임 → 잔광/파편 소멸.,"대표 실루엣 1개는 ‘검은 장막 초승달’, 보조 효과 1개는 ‘보라 테두리’. 64px 축소에서도 두 형상의 겹침과 방향이 읽혀야 함",NO_OBVIOUS_ISSUE,"실제 관찰: 검보라 장막 원이 층을 이루며 커져 밝은 심연 중심을 만들고 조각·연기로 해체. INPUT 핵심 소재 '빛을 삼키는 반투명 장막과 가장자리의 보랏빛 잔광. ‘셰이드 / 심연의 장막’ 전용 소재이며 몬스터 본체는 VFX에 직접 넣지 않음' 및 CAST_VFX=시전자 중심 공격 연출; ICON=UI 식별와 대응하며, 역할 전환·무관한 공격 소재·별도 생물 삽입은 확인되지 않았다.",CONSISTENT_WITH_REFERENCE,"'심연의 장막'의 ICON 1장, CAST 전 프레임에서 어두운 외곽/중간톤/밝은 코어, 단계형 하이라이트와 알파 감쇠가 유지됐다. 역할·체급에 따른 크기와 입자량 차이를 제외하면 AREA 00 승인본 및 유사 역할군과 표현 문법이 이어진다.",MATCHES_DELIVERED_ASSETS,REPACK_ONLY,NO,"실제 ICON 1장, CAST 전 프레임 + INPUT 핵심 소재/역할/흐름 + OUTPUT Area Preview",ICON/005_m_shade_s_mon_shade_ICON.png .. CAST/005_m_shade_s_mon_shade_CAST_F11.png; area_full_frame_boards/AREA_04_ALL_FRAMES.png,,D:/maplestory_levup/docs/art/output_audit_work/20260912_143540/AREA_04_IMAGES_OUTPUT/AREA_04_IMAGES_OUTPUT/AREA_OVERVIEW_PREVIEW.png의 역할별 썸네일을 실제 납품 프레임의 형상·순서·ICON과 대조함.,REPACK_ONLY,NONE,NO,검보라 장막 원이 층을 이루며 커져 밝은 심연 중심을 만들고 조각·연기로 해체
area_05,노틸러스,m_ribbon_pig,리본 돼지,s_mon_ribbon_pig,리본 돌진,액티브,N,ICON|CAST_VFX,ICON/001_m_ribbon_pig_s_mon_ribbon_pig_ICON.png|CAST/001_m_ribbon_pig_s_mon_ribbon_pig_CAST_F00.png|CAST/001_m_ribbon_pig_s_mon_ribbon_pig_CAST_F01.png|CAST/001_m_ribbon_pig_s_mon_ribbon_pig_CAST_F02.png|CAST/001_m_ribbon_pig_s_mon_ribbon_pig_CAST_F03.png|CAST/001_m_ribbon_pig_s_mon_ribbon_pig_CAST_F04.png|CAST/001_m_ribbon_pig_s_mon_ribbon_pig_CAST_F05.png|CAST/001_m_ribbon_pig_s_mon_ribbon_pig_CAST_F06.png|CAST/001_m_ribbon_pig_s_mon_ribbon_pig_CAST_F07.png,분홍 리본 매듭이 전방으로 길게 풀리는 돌진 궤적. ‘리본 돼지 / 리본 돌진’ 전용 소재이며 몬스터 본체는 VFX에 직접 넣지 않음,CAST_VFX=플레이어 돌진 도착점의 충돌 연출; ICON=UI 식별,"우측 기준 제작 후 FlipX. 이동 궤적 전체를 한 프레임 안에서 재현하지 않는다. layer drift는 엔진 적용: L1 ruid=0207c85c05dd4c4eac12f9ee735d0545, type=animationclip, style=clip, delay=0s, duration=0.52s, scale=0.55, offset=(-0.1,-0.05) world unit, drift=(0,0) world unit/s; L2 ruid=057c2da13da2492c95cb92db424803db, type=animationclip, style=clip, delay=0.04s, duration=0.65s, scale=0.58, offset=(0.2,0) world unit, drift=(0.9,0) world unit/s",도착점 압축 → 충돌 절정 → 파편/잔상 소멸. 출발부터 도착까지의 전신 이동을 시트 안에서 반복하지 않는다.,"대표 실루엣 1개는 ‘분홍 리본 매듭’, 보조 효과 1개는 ‘전방 잔상’. 64px 축소에서도 두 형상의 겹침과 방향이 읽혀야 함",NO_OBVIOUS_ISSUE,"실제 관찰: 붉은 리본 매듭에서 분홍 전방 잔상이 터지고 꽃잎형 조각으로 사라짐. INPUT 핵심 소재 '분홍 리본 매듭이 전방으로 길게 풀리는 돌진 궤적. ‘리본 돼지 / 리본 돌진’ 전용 소재이며 몬스터 본체는 VFX에 직접 넣지 않음' 및 CAST_VFX=플레이어 돌진 도착점의 충돌 연출; ICON=UI 식별와 대응하며, 역할 전환·무관한 공격 소재·별도 생물 삽입은 확인되지 않았다.",CONSISTENT_WITH_REFERENCE,"'리본 돌진'의 ICON 1장, CAST 전 프레임에서 어두운 외곽/중간톤/밝은 코어, 단계형 하이라이트와 알파 감쇠가 유지됐다. 역할·체급에 따른 크기와 입자량 차이를 제외하면 AREA 00 승인본 및 유사 역할군과 표현 문법이 이어진다.",MATCHES_DELIVERED_ASSETS,REPACK_ONLY,NO,"실제 ICON 1장, CAST 전 프레임 + INPUT 핵심 소재/역할/흐름 + OUTPUT Area Preview",ICON/001_m_ribbon_pig_s_mon_ribbon_pig_ICON.png .. CAST/001_m_ribbon_pig_s_mon_ribbon_pig_CAST_F07.png; area_full_frame_boards/AREA_05_ALL_FRAMES.png,,D:/maplestory_levup/docs/art/output_audit_work/20260912_143540/AREA_05_IMAGES_OUTPUT/AREA_05_IMAGES_OUTPUT/AREA_OVERVIEW_PREVIEW.png의 역할별 썸네일을 실제 납품 프레임의 형상·순서·ICON과 대조함.,REPACK_ONLY,NONE,NO,붉은 리본 매듭에서 분홍 전방 잔상이 터지고 꽃잎형 조각으로 사라짐
area_05,노틸러스,m_blue_pig,파란 리본돼지,s_mon_blue_pig,푸른 리본 매듭,패시브,N,ICON|REFERENCE_VFX,ICON/002_m_blue_pig_s_mon_blue_pig_ICON.png|REFERENCE/002_m_blue_pig_s_mon_blue_pig_REFERENCE_F00.png|REFERENCE/002_m_blue_pig_s_mon_blue_pig_REFERENCE_F01.png|REFERENCE/002_m_blue_pig_s_mon_blue_pig_REFERENCE_F02.png|REFERENCE/002_m_blue_pig_s_mon_blue_pig_REFERENCE_F03.png|REFERENCE/002_m_blue_pig_s_mon_blue_pig_REFERENCE_F04.png|REFERENCE/002_m_blue_pig_s_mon_blue_pig_REFERENCE_F05.png,푸른 리본 매듭이 겹겹이 조여드는 원형 결속광. ‘파란 리본돼지 / 푸른 리본 매듭’ 전용 소재이며 몬스터 본체는 VFX에 직접 넣지 않음,ICON=런타임 필수; REFERENCE_VFX=기존 제작 범위에 포함된 비전투 참고 산출물(런타임 미사용·자동 반입 금지),방향·FlipX·엔진 이동 없음. 없음,REFERENCE_VFX를 만들 경우 정지 모티브의 짧은 호흡만 표현한다. 공격 준비·타격광·투사체·폭발 단계는 넣지 않는다.,"대표 실루엣 1개는 ‘푸른 리본 매듭’, 보조 효과 1개는 ‘조임 고리’. 64px 축소에서도 두 형상의 겹침과 방향이 읽혀야 함",NO_OBVIOUS_ISSUE,"실제 관찰: 푸른 리본 매듭이 둥근 보호 고리와 반사광을 만들며 짧게 수축·팽창. INPUT 핵심 소재 '푸른 리본 매듭이 겹겹이 조여드는 원형 결속광. ‘파란 리본돼지 / 푸른 리본 매듭’ 전용 소재이며 몬스터 본체는 VFX에 직접 넣지 않음' 및 ICON=런타임 필수; REFERENCE_VFX=기존 제작 범위에 포함된 비전투 참고 산출물(런타임 미사용·자동 반입 금지)와 대응하며, 역할 전환·무관한 공격 소재·별도 생물 삽입은 확인되지 않았다.",CONSISTENT_WITH_REFERENCE,"'푸른 리본 매듭'의 ICON 1장, 비전투 REFERENCE 전 프레임에서 어두운 외곽/중간톤/밝은 코어, 단계형 하이라이트와 알파 감쇠가 유지됐다. 역할·체급에 따른 크기와 입자량 차이를 제외하면 AREA 00 승인본 및 유사 역할군과 표현 문법이 이어진다.",MATCHES_DELIVERED_ASSETS,REPACK_ONLY,NO,"실제 ICON 1장, 비전투 REFERENCE 전 프레임 + INPUT 핵심 소재/역할/흐름 + OUTPUT Area Preview",ICON/002_m_blue_pig_s_mon_blue_pig_ICON.png .. REFERENCE/002_m_blue_pig_s_mon_blue_pig_REFERENCE_F05.png; area_full_frame_boards/AREA_05_ALL_FRAMES.png,,D:/maplestory_levup/docs/art/output_audit_work/20260912_143540/AREA_05_IMAGES_OUTPUT/AREA_05_IMAGES_OUTPUT/AREA_OVERVIEW_PREVIEW.png의 역할별 썸네일을 실제 납품 프레임의 형상·순서·ICON과 대조함.,REPACK_ONLY,NONE,NO,푸른 리본 매듭이 둥근 보호 고리와 반사광을 만들며 짧게 수축·팽창
area_05,노틸러스,m_starfish,불가사리,s_mon_starfish,별가시 회전,액티브,N,ICON|CAST_VFX,ICON/003_m_starfish_s_mon_starfish_ICON.png|CAST/003_m_starfish_s_mon_starfish_CAST_F00.png|CAST/003_m_starfish_s_mon_starfish_CAST_F01.png|CAST/003_m_starfish_s_mon_starfish_CAST_F02.png|CAST/003_m_starfish_s_mon_starfish_CAST_F03.png|CAST/003_m_starfish_s_mon_starfish_CAST_F04.png|CAST/003_m_starfish_s_mon_starfish_CAST_F05.png|CAST/003_m_starfish_s_mon_starfish_CAST_F06.png|CAST/003_m_starfish_s_mon_starfish_CAST_F07.png,별 모양 가시가 회전하며 남기는 다섯 갈래 수중 잔상. ‘불가사리 / 별가시 회전’ 전용 소재이며 몬스터 본체는 VFX에 직접 넣지 않음,CAST_VFX=시전자 중심 공격 연출; ICON=UI 식별,"자원은 우측 기준이며 대상이 왼쪽이면 FlipX. 판정 자체는 방향성 부채꼴이 아니라 시전자 중심 원형이다. layer drift는 엔진 적용: L1 ruid=69656381a8e04edcbb8a2c8599567ab3, type=animationclip, style=clip, delay=0s, duration=0.55s, scale=0.55, offset=(0,0) world unit, drift=(0,0) world unit/s; L2 ruid=2c12c1e835a04c2a9ec1c5724846a7b6, type=animationclip, style=clip, delay=0.06s, duration=0.68s, scale=0.72, offset=(0,0) world unit, drift=(0,0) world unit/s",핵심 형상 준비 → 시전자 중심 확장 → 피해 판정과 가까운 절정 프레임 → 잔광/파편 소멸.,"대표 실루엣 1개는 ‘회전 별가시’, 보조 효과 1개는 ‘물결 잔상’. 64px 축소에서도 두 형상의 겹침과 방향이 읽혀야 함",NO_OBVIOUS_ISSUE,"실제 관찰: 금빛 별이 청록 물고리 속에서 회전·확대되고 별조각과 물방울로 흩어짐. INPUT 핵심 소재 '별 모양 가시가 회전하며 남기는 다섯 갈래 수중 잔상. ‘불가사리 / 별가시 회전’ 전용 소재이며 몬스터 본체는 VFX에 직접 넣지 않음' 및 CAST_VFX=시전자 중심 공격 연출; ICON=UI 식별와 대응하며, 역할 전환·무관한 공격 소재·별도 생물 삽입은 확인되지 않았다.",CONSISTENT_WITH_REFERENCE,"'별가시 회전'의 ICON 1장, CAST 전 프레임에서 어두운 외곽/중간톤/밝은 코어, 단계형 하이라이트와 알파 감쇠가 유지됐다. 역할·체급에 따른 크기와 입자량 차이를 제외하면 AREA 00 승인본 및 유사 역할군과 표현 문법이 이어진다.",MATCHES_DELIVERED_ASSETS,REPACK_ONLY,NO,"실제 ICON 1장, CAST 전 프레임 + INPUT 핵심 소재/역할/흐름 + OUTPUT Area Preview",ICON/003_m_starfish_s_mon_starfish_ICON.png .. CAST/003_m_starfish_s_mon_starfish_CAST_F07.png; area_full_frame_boards/AREA_05_ALL_FRAMES.png,,D:/maplestory_levup/docs/art/output_audit_work/20260912_143540/AREA_05_IMAGES_OUTPUT/AREA_05_IMAGES_OUTPUT/AREA_OVERVIEW_PREVIEW.png의 역할별 썸네일을 실제 납품 프레임의 형상·순서·ICON과 대조함.,REPACK_ONLY,NONE,NO,금빛 별이 청록 물고리 속에서 회전·확대되고 별조각과 물방울로 흩어짐
area_05,노틸러스,m_jellyfish,쿨 젤리피쉬,s_mon_jellyfish,차가운 젤리,패시브,N,ICON|REFERENCE_VFX,ICON/004_m_jellyfish_s_mon_jellyfish_ICON.png|REFERENCE/004_m_jellyfish_s_mon_jellyfish_REFERENCE_F00.png|REFERENCE/004_m_jellyfish_s_mon_jellyfish_REFERENCE_F01.png|REFERENCE/004_m_jellyfish_s_mon_jellyfish_REFERENCE_F02.png|REFERENCE/004_m_jellyfish_s_mon_jellyfish_REFERENCE_F03.png|REFERENCE/004_m_jellyfish_s_mon_jellyfish_REFERENCE_F04.png|REFERENCE/004_m_jellyfish_s_mon_jellyfish_REFERENCE_F05.png,차가운 젤리 방울이 늘어졌다 튀며 남기는 서리 테두리. ‘쿨 젤리피쉬 / 차가운 젤리’ 전용 소재이며 몬스터 본체는 VFX에 직접 넣지 않음,ICON=런타임 필수; REFERENCE_VFX=기존 제작 범위에 포함된 비전투 참고 산출물(런타임 미사용·자동 반입 금지),방향·FlipX·엔진 이동 없음. 없음,REFERENCE_VFX를 만들 경우 정지 모티브의 짧은 호흡만 표현한다. 공격 준비·타격광·투사체·폭발 단계는 넣지 않는다.,"대표 실루엣 1개는 ‘젤리 방울’, 보조 효과 1개는 ‘서리 튐’. 64px 축소에서도 두 형상의 겹침과 방향이 읽혀야 함",NO_OBVIOUS_ISSUE,"실제 관찰: 푸른 젤리 돔이 늘어나고 얼음성 물결과 별조각을 만든 뒤 납작하게 복귀. INPUT 핵심 소재 '차가운 젤리 방울이 늘어졌다 튀며 남기는 서리 테두리. ‘쿨 젤리피쉬 / 차가운 젤리’ 전용 소재이며 몬스터 본체는 VFX에 직접 넣지 않음' 및 ICON=런타임 필수; REFERENCE_VFX=기존 제작 범위에 포함된 비전투 참고 산출물(런타임 미사용·자동 반입 금지)와 대응하며, 역할 전환·무관한 공격 소재·별도 생물 삽입은 확인되지 않았다.",CONSISTENT_WITH_REFERENCE,"'차가운 젤리'의 ICON 1장, 비전투 REFERENCE 전 프레임에서 어두운 외곽/중간톤/밝은 코어, 단계형 하이라이트와 알파 감쇠가 유지됐다. 역할·체급에 따른 크기와 입자량 차이를 제외하면 AREA 00 승인본 및 유사 역할군과 표현 문법이 이어진다.",MATCHES_DELIVERED_ASSETS,REPACK_ONLY,NO,"실제 ICON 1장, 비전투 REFERENCE 전 프레임 + INPUT 핵심 소재/역할/흐름 + OUTPUT Area Preview",ICON/004_m_jellyfish_s_mon_jellyfish_ICON.png .. REFERENCE/004_m_jellyfish_s_mon_jellyfish_REFERENCE_F05.png; area_full_frame_boards/AREA_05_ALL_FRAMES.png,,D:/maplestory_levup/docs/art/output_audit_work/20260912_143540/AREA_05_IMAGES_OUTPUT/AREA_05_IMAGES_OUTPUT/AREA_OVERVIEW_PREVIEW.png의 역할별 썸네일을 실제 납품 프레임의 형상·순서·ICON과 대조함.,REPACK_ONLY,NONE,NO,푸른 젤리 돔이 늘어나고 얼음성 물결과 별조각을 만든 뒤 납작하게 복귀
area_05,노틸러스,m_king_clang,킹크랑,s_mon_king_clang,왕게의 집게 파도,액티브,Y,ICON|CAST_VFX,ICON/005_m_king_clang_s_mon_king_clang_ICON.png|CAST/005_m_king_clang_s_mon_king_clang_CAST_F00.png|CAST/005_m_king_clang_s_mon_king_clang_CAST_F01.png|CAST/005_m_king_clang_s_mon_king_clang_CAST_F02.png|CAST/005_m_king_clang_s_mon_king_clang_CAST_F03.png|CAST/005_m_king_clang_s_mon_king_clang_CAST_F04.png|CAST/005_m_king_clang_s_mon_king_clang_CAST_F05.png|CAST/005_m_king_clang_s_mon_king_clang_CAST_F06.png|CAST/005_m_king_clang_s_mon_king_clang_CAST_F07.png|CAST/005_m_king_clang_s_mon_king_clang_CAST_F08.png|CAST/005_m_king_clang_s_mon_king_clang_CAST_F09.png|CAST/005_m_king_clang_s_mon_king_clang_CAST_F10.png|CAST/005_m_king_clang_s_mon_king_clang_CAST_F11.png,왕게 집게 두 개가 닫히며 밀어내는 넓은 파도턱. ‘킹크랑 / 왕게의 집게 파도’ 전용 소재이며 몬스터 본체는 VFX에 직접 넣지 않음,CAST_VFX=시전자 중심 공격 연출; ICON=UI 식별,"자원은 우측 기준이며 대상이 왼쪽이면 FlipX. 판정 자체는 방향성 부채꼴이 아니라 시전자 중심 원형이다. layer drift는 엔진 적용: L1 ruid=c57b15ccc8dd408b98c627617144d3cd, type=animationclip, style=clip, delay=0s, duration=0.64s, scale=1.0, offset=(0,0) world unit, drift=(0,0) world unit/s; L2 ruid=8394705c13394b78a8b9a38e1313cb22, type=animationclip, style=clip, delay=0.16s, duration=0.78s, scale=1.3, offset=(0,0) world unit, drift=(0,0) world unit/s",핵심 형상 준비 → 시전자 중심 확장 → 피해 판정과 가까운 절정 프레임 → 잔광/파편 소멸.,"대표 실루엣 1개는 ‘왕관 집게’, 보조 효과 1개는 ‘파도턱’. 64px 축소에서도 두 형상의 겹침과 방향이 읽혀야 함",NO_OBVIOUS_ISSUE,"실제 관찰: 붉은 집게 형상 둘과 푸른 파도가 왕관형 충격 고리를 만들고 거품으로 소멸. INPUT 핵심 소재 '왕게 집게 두 개가 닫히며 밀어내는 넓은 파도턱. ‘킹크랑 / 왕게의 집게 파도’ 전용 소재이며 몬스터 본체는 VFX에 직접 넣지 않음' 및 CAST_VFX=시전자 중심 공격 연출; ICON=UI 식별와 대응하며, 역할 전환·무관한 공격 소재·별도 생물 삽입은 확인되지 않았다.",CONSISTENT_WITH_REFERENCE,"'왕게의 집게 파도'의 ICON 1장, CAST 전 프레임에서 어두운 외곽/중간톤/밝은 코어, 단계형 하이라이트와 알파 감쇠가 유지됐다. 역할·체급에 따른 크기와 입자량 차이를 제외하면 AREA 00 승인본 및 유사 역할군과 표현 문법이 이어진다.",MATCHES_DELIVERED_ASSETS,REPACK_ONLY,NO,"실제 ICON 1장, CAST 전 프레임 + INPUT 핵심 소재/역할/흐름 + OUTPUT Area Preview",ICON/005_m_king_clang_s_mon_king_clang_ICON.png .. CAST/005_m_king_clang_s_mon_king_clang_CAST_F11.png; area_full_frame_boards/AREA_05_ALL_FRAMES.png,,D:/maplestory_levup/docs/art/output_audit_work/20260912_143540/AREA_05_IMAGES_OUTPUT/AREA_05_IMAGES_OUTPUT/AREA_OVERVIEW_PREVIEW.png의 역할별 썸네일을 실제 납품 프레임의 형상·순서·ICON과 대조함.,REPACK_ONLY,NONE,NO,붉은 집게 형상 둘과 푸른 파도가 왕관형 충격 고리를 만들고 거품으로 소멸
area_07,슬리피우드,m_zombie_mushroom,좀비버섯,s_mon_zombie_mushroom,죽은 포자의 끈기,패시브,N,ICON|REFERENCE_VFX,ICON/001_m_zombie_mushroom_s_mon_zombie_mushroom_ICON.png|REFERENCE/001_m_zombie_mushroom_s_mon_zombie_mushroom_REFERENCE_F00.png|REFERENCE/001_m_zombie_mushroom_s_mon_zombie_mushroom_REFERENCE_F01.png|REFERENCE/001_m_zombie_mushroom_s_mon_zombie_mushroom_REFERENCE_F02.png|REFERENCE/001_m_zombie_mushroom_s_mon_zombie_mushroom_REFERENCE_F03.png|REFERENCE/001_m_zombie_mushroom_s_mon_zombie_mushroom_REFERENCE_F04.png|REFERENCE/001_m_zombie_mushroom_s_mon_zombie_mushroom_REFERENCE_F05.png,마른 포자 덩이가 꺼지지 않고 다시 붙는 탁한 생기. ‘좀비버섯 / 죽은 포자의 끈기’ 전용 소재이며 몬스터 본체는 VFX에 직접 넣지 않음,ICON=런타임 필수; REFERENCE_VFX=기존 제작 범위에 포함된 비전투 참고 산출물(런타임 미사용·자동 반입 금지),방향·FlipX·엔진 이동 없음. 없음,REFERENCE_VFX를 만들 경우 정지 모티브의 짧은 호흡만 표현한다. 공격 준비·타격광·투사체·폭발 단계는 넣지 않는다.,"대표 실루엣 1개는 ‘갈라진 포자핵’, 보조 효과 1개는 ‘되붙는 점’. 64px 축소에서도 두 형상의 겹침과 방향이 읽혀야 함",NO_OBVIOUS_ISSUE,"실제 관찰: 갈색 죽은 포자핵에서 탁한 연두 연기와 잎조각이 피었다가 다시 말라든 핵으로 수축. INPUT 핵심 소재 '마른 포자 덩이가 꺼지지 않고 다시 붙는 탁한 생기. ‘좀비버섯 / 죽은 포자의 끈기’ 전용 소재이며 몬스터 본체는 VFX에 직접 넣지 않음' 및 ICON=런타임 필수; REFERENCE_VFX=기존 제작 범위에 포함된 비전투 참고 산출물(런타임 미사용·자동 반입 금지)와 대응하며, 역할 전환·무관한 공격 소재·별도 생물 삽입은 확인되지 않았다.",CONSISTENT_WITH_REFERENCE,"'죽은 포자의 끈기'의 ICON 1장, 비전투 REFERENCE 전 프레임에서 어두운 외곽/중간톤/밝은 코어, 단계형 하이라이트와 알파 감쇠가 유지됐다. 역할·체급에 따른 크기와 입자량 차이를 제외하면 AREA 00 승인본 및 유사 역할군과 표현 문법이 이어진다.",MATCHES_DELIVERED_ASSETS,REPACK_ONLY,NO,"실제 ICON 1장, 비전투 REFERENCE 전 프레임 + INPUT 핵심 소재/역할/흐름 + OUTPUT Area Preview",ICON/001_m_zombie_mushroom_s_mon_zombie_mushroom_ICON.png .. REFERENCE/001_m_zombie_mushroom_s_mon_zombie_mushroom_REFERENCE_F05.png; area_full_frame_boards/AREA_07_ALL_FRAMES.png,,D:/maplestory_levup/docs/art/output_audit_work/20260912_143540/AREA_07_IMAGES_OUTPUT/AREA_07_IMAGES_OUTPUT/AREA_OVERVIEW_PREVIEW.png의 역할별 썸네일을 실제 납품 프레임의 형상·순서·ICON과 대조함.,REPACK_ONLY,NONE,NO,갈색 죽은 포자핵에서 탁한 연두 연기와 잎조각이 피었다가 다시 말라든 핵으로 수축
area_07,슬리피우드,m_copper_drake,카파 드레이크,s_mon_copper_drake,청동 비늘,패시브,N,ICON|REFERENCE_VFX,ICON/002_m_copper_drake_s_mon_copper_drake_ICON.png|REFERENCE/002_m_copper_drake_s_mon_copper_drake_REFERENCE_F00.png|REFERENCE/002_m_copper_drake_s_mon_copper_drake_REFERENCE_F01.png|REFERENCE/002_m_copper_drake_s_mon_copper_drake_REFERENCE_F02.png|REFERENCE/002_m_copper_drake_s_mon_copper_drake_REFERENCE_F03.png|REFERENCE/002_m_copper_drake_s_mon_copper_drake_REFERENCE_F04.png|REFERENCE/002_m_copper_drake_s_mon_copper_drake_REFERENCE_F05.png,청동 비늘 조각이 비스듬히 포개지는 방호판. ‘카파 드레이크 / 청동 비늘’ 전용 소재이며 몬스터 본체는 VFX에 직접 넣지 않음,ICON=런타임 필수; REFERENCE_VFX=기존 제작 범위에 포함된 비전투 참고 산출물(런타임 미사용·자동 반입 금지),방향·FlipX·엔진 이동 없음. 없음,REFERENCE_VFX를 만들 경우 정지 모티브의 짧은 호흡만 표현한다. 공격 준비·타격광·투사체·폭발 단계는 넣지 않는다.,"대표 실루엣 1개는 ‘청동 비늘판’, 보조 효과 1개는 ‘녹청 반사광’. 64px 축소에서도 두 형상의 겹침과 방향이 읽혀야 함",NO_OBVIOUS_ISSUE,"실제 관찰: 청록 바람선이 청동 비늘 묶음을 감싸고 중심 반사광 뒤 비늘 모티브로 안정. INPUT 핵심 소재 '청동 비늘 조각이 비스듬히 포개지는 방호판. ‘카파 드레이크 / 청동 비늘’ 전용 소재이며 몬스터 본체는 VFX에 직접 넣지 않음' 및 ICON=런타임 필수; REFERENCE_VFX=기존 제작 범위에 포함된 비전투 참고 산출물(런타임 미사용·자동 반입 금지)와 대응하며, 역할 전환·무관한 공격 소재·별도 생물 삽입은 확인되지 않았다.",CONSISTENT_WITH_REFERENCE,"'청동 비늘'의 ICON 1장, 비전투 REFERENCE 전 프레임에서 어두운 외곽/중간톤/밝은 코어, 단계형 하이라이트와 알파 감쇠가 유지됐다. 역할·체급에 따른 크기와 입자량 차이를 제외하면 AREA 00 승인본 및 유사 역할군과 표현 문법이 이어진다.",MATCHES_DELIVERED_ASSETS,REPACK_ONLY,NO,"실제 ICON 1장, 비전투 REFERENCE 전 프레임 + INPUT 핵심 소재/역할/흐름 + OUTPUT Area Preview",ICON/002_m_copper_drake_s_mon_copper_drake_ICON.png .. REFERENCE/002_m_copper_drake_s_mon_copper_drake_REFERENCE_F05.png; area_full_frame_boards/AREA_07_ALL_FRAMES.png,,D:/maplestory_levup/docs/art/output_audit_work/20260912_143540/AREA_07_IMAGES_OUTPUT/AREA_07_IMAGES_OUTPUT/AREA_OVERVIEW_PREVIEW.png의 역할별 썸네일을 실제 납품 프레임의 형상·순서·ICON과 대조함.,REPACK_ONLY,NONE,NO,청록 바람선이 청동 비늘 묶음을 감싸고 중심 반사광 뒤 비늘 모티브로 안정
area_07,슬리피우드,m_drake,드레이크,s_mon_drake,동굴 용염,액티브,N,CAST_VFX|ICON,CAST/003_m_drake_s_mon_drake_CAST_F00.png|CAST/003_m_drake_s_mon_drake_CAST_F01.png|CAST/003_m_drake_s_mon_drake_CAST_F02.png|CAST/003_m_drake_s_mon_drake_CAST_F03.png|CAST/003_m_drake_s_mon_drake_CAST_F04.png|CAST/003_m_drake_s_mon_drake_CAST_F05.png|CAST/003_m_drake_s_mon_drake_CAST_F06.png|CAST/003_m_drake_s_mon_drake_CAST_F07.png|ICON/003_m_drake_s_mon_drake_ICON.png,동굴 입김처럼 좁게 시작해 넓어지는 붉은 용염. ‘드레이크 / 동굴 용염’ 전용 소재이며 몬스터 본체는 VFX에 직접 넣지 않음,CAST_VFX=시전자 중심 공격 연출; ICON=UI 식별,"자원은 우측 기준이며 대상이 왼쪽이면 FlipX. 판정 자체는 방향성 부채꼴이 아니라 시전자 중심 원형이다. layer drift는 엔진 적용: L1 ruid=5638984319fd476ca3d89e2aaca7f32a, type=animationclip, style=clip, delay=0s, duration=0.65s, scale=0.8, offset=(0,0) world unit, drift=(0,0) world unit/s; L2 ruid=a610b14bbc55477cbc78777a5a2e7ed1, type=animationclip, style=clip, delay=0.12s, duration=0.78s, scale=0.95, offset=(0,0) world unit, drift=(0,0) world unit/s",핵심 형상 준비 → 시전자 중심 확장 → 피해 판정과 가까운 절정 프레임 → 잔광/파편 소멸.,"대표 실루엣 1개는 ‘용의 불꽃 숨결’, 보조 효과 1개는 ‘동굴 연기’. 64px 축소에서도 두 형상의 겹침과 방향이 읽혀야 함",NO_OBVIOUS_ISSUE,"실제 관찰: 주황 불길이 원형 용염 덩어리로 치솟고 검은 연기와 불티를 남기며 가라앉음. INPUT 핵심 소재 '동굴 입김처럼 좁게 시작해 넓어지는 붉은 용염. ‘드레이크 / 동굴 용염’ 전용 소재이며 몬스터 본체는 VFX에 직접 넣지 않음' 및 CAST_VFX=시전자 중심 공격 연출; ICON=UI 식별와 대응하며, 역할 전환·무관한 공격 소재·별도 생물 삽입은 확인되지 않았다.",CONSISTENT_WITH_REFERENCE,"'동굴 용염'의 CAST 전 프레임, ICON 1장에서 어두운 외곽/중간톤/밝은 코어, 단계형 하이라이트와 알파 감쇠가 유지됐다. 역할·체급에 따른 크기와 입자량 차이를 제외하면 AREA 00 승인본 및 유사 역할군과 표현 문법이 이어진다.",MATCHES_DELIVERED_ASSETS,REPACK_ONLY,NO,"실제 CAST 전 프레임, ICON 1장 + INPUT 핵심 소재/역할/흐름 + OUTPUT Area Preview",CAST/003_m_drake_s_mon_drake_CAST_F00.png .. ICON/003_m_drake_s_mon_drake_ICON.png; area_full_frame_boards/AREA_07_ALL_FRAMES.png,,D:/maplestory_levup/docs/art/output_audit_work/20260912_143540/AREA_07_IMAGES_OUTPUT/AREA_07_IMAGES_OUTPUT/AREA_OVERVIEW_PREVIEW.png의 역할별 썸네일을 실제 납품 프레임의 형상·순서·ICON과 대조함.,REPACK_ONLY,NONE,NO,주황 불길이 원형 용염 덩어리로 치솟고 검은 연기와 불티를 남기며 가라앉음
area_07,슬리피우드,m_wild_kargo,와일드카고,s_mon_wild_kargo,야수의 그림자 돌진,액티브,N,CAST_VFX|ICON,CAST/004_m_wild_kargo_s_mon_wild_kargo_CAST_F00.png|CAST/004_m_wild_kargo_s_mon_wild_kargo_CAST_F01.png|CAST/004_m_wild_kargo_s_mon_wild_kargo_CAST_F02.png|CAST/004_m_wild_kargo_s_mon_wild_kargo_CAST_F03.png|CAST/004_m_wild_kargo_s_mon_wild_kargo_CAST_F04.png|CAST/004_m_wild_kargo_s_mon_wild_kargo_CAST_F05.png|CAST/004_m_wild_kargo_s_mon_wild_kargo_CAST_F06.png|CAST/004_m_wild_kargo_s_mon_wild_kargo_CAST_F07.png|ICON/004_m_wild_kargo_s_mon_wild_kargo_ICON.png,검은 야수 발톱 세 줄과 몸을 낮춘 전방 그림자 잔상. ‘와일드카고 / 야수의 그림자 돌진’ 전용 소재이며 몬스터 본체는 VFX에 직접 넣지 않음,CAST_VFX=플레이어 돌진 도착점의 충돌 연출; ICON=UI 식별,"우측 기준 제작 후 FlipX. 이동 궤적 전체를 한 프레임 안에서 재현하지 않는다. layer drift는 엔진 적용: L1 ruid=0207c85c05dd4c4eac12f9ee735d0545, type=animationclip, style=clip, delay=0s, duration=0.52s, scale=0.65, offset=(0,0) world unit, drift=(1.0,0) world unit/s; L2 ruid=057c2da13da2492c95cb92db424803db, type=animationclip, style=clip, delay=0.04s, duration=0.65s, scale=0.72, offset=(0,0) world unit, drift=(0,0) world unit/s",도착점 압축 → 충돌 절정 → 파편/잔상 소멸. 출발부터 도착까지의 전신 이동을 시트 안에서 반복하지 않는다.,"대표 실루엣 1개는 ‘세 줄 발톱’, 보조 효과 1개는 ‘낮은 돌진 그림자’. 64px 축소에서도 두 형상의 겹침과 방향이 읽혀야 함",NO_OBVIOUS_ISSUE,"실제 관찰: 검보라 그림자 발톱과 가시가 지면에서 전방으로 솟고 먹빛 잔상으로 흐려짐. INPUT 핵심 소재 '검은 야수 발톱 세 줄과 몸을 낮춘 전방 그림자 잔상. ‘와일드카고 / 야수의 그림자 돌진’ 전용 소재이며 몬스터 본체는 VFX에 직접 넣지 않음' 및 CAST_VFX=플레이어 돌진 도착점의 충돌 연출; ICON=UI 식별와 대응하며, 역할 전환·무관한 공격 소재·별도 생물 삽입은 확인되지 않았다.",CONSISTENT_WITH_REFERENCE,"'야수의 그림자 돌진'의 CAST 전 프레임, ICON 1장에서 어두운 외곽/중간톤/밝은 코어, 단계형 하이라이트와 알파 감쇠가 유지됐다. 역할·체급에 따른 크기와 입자량 차이를 제외하면 AREA 00 승인본 및 유사 역할군과 표현 문법이 이어진다.",MATCHES_DELIVERED_ASSETS,REPACK_ONLY,NO,"실제 CAST 전 프레임, ICON 1장 + INPUT 핵심 소재/역할/흐름 + OUTPUT Area Preview",CAST/004_m_wild_kargo_s_mon_wild_kargo_CAST_F00.png .. ICON/004_m_wild_kargo_s_mon_wild_kargo_ICON.png; area_full_frame_boards/AREA_07_ALL_FRAMES.png,,D:/maplestory_levup/docs/art/output_audit_work/20260912_143540/AREA_07_IMAGES_OUTPUT/AREA_07_IMAGES_OUTPUT/AREA_OVERVIEW_PREVIEW.png의 역할별 썸네일을 실제 납품 프레임의 형상·순서·ICON과 대조함.,REPACK_ONLY,NONE,NO,검보라 그림자 발톱과 가시가 지면에서 전방으로 솟고 먹빛 잔상으로 흐려짐
area_07,슬리피우드,m_jr_balrog,주니어 발록,s_mon_jr_balrog,발록의 화염 파동,액티브,Y,CAST_VFX|ICON,CAST/005_m_jr_balrog_s_mon_jr_balrog_CAST_F00.png|CAST/005_m_jr_balrog_s_mon_jr_balrog_CAST_F01.png|CAST/005_m_jr_balrog_s_mon_jr_balrog_CAST_F02.png|CAST/005_m_jr_balrog_s_mon_jr_balrog_CAST_F03.png|CAST/005_m_jr_balrog_s_mon_jr_balrog_CAST_F04.png|CAST/005_m_jr_balrog_s_mon_jr_balrog_CAST_F05.png|CAST/005_m_jr_balrog_s_mon_jr_balrog_CAST_F06.png|CAST/005_m_jr_balrog_s_mon_jr_balrog_CAST_F07.png|CAST/005_m_jr_balrog_s_mon_jr_balrog_CAST_F08.png|CAST/005_m_jr_balrog_s_mon_jr_balrog_CAST_F09.png|CAST/005_m_jr_balrog_s_mon_jr_balrog_CAST_F10.png|CAST/005_m_jr_balrog_s_mon_jr_balrog_CAST_F11.png|ICON/005_m_jr_balrog_s_mon_jr_balrog_ICON.png,발록 뿔을 닮은 화염 고리가 전방으로 밀리는 파동. ‘주니어 발록 / 발록의 화염 파동’ 전용 소재이며 몬스터 본체는 VFX에 직접 넣지 않음,CAST_VFX=시전자 중심 공격 연출; ICON=UI 식별,"자원은 우측 기준이며 대상이 왼쪽이면 FlipX. 판정 자체는 방향성 부채꼴이 아니라 시전자 중심 원형이다. layer drift는 엔진 적용: L1 ruid=5638984319fd476ca3d89e2aaca7f32a, type=animationclip, style=clip, delay=0s, duration=0.85s, scale=1, offset=(0,0) world unit, drift=(0,0) world unit/s; L2 ruid=a610b14bbc55477cbc78777a5a2e7ed1, type=animationclip, style=clip, delay=0.15s, duration=0.7s, scale=1.15, offset=(0,0) world unit, drift=(0,0) world unit/s",핵심 형상 준비 → 시전자 중심 확장 → 피해 판정과 가까운 절정 프레임 → 잔광/파편 소멸.,"대표 실루엣 1개는 ‘발록 뿔 고리’, 보조 효과 1개는 ‘화염 파동’. 64px 축소에서도 두 형상의 겹침과 방향이 읽혀야 함",NO_OBVIOUS_ISSUE,"실제 관찰: 붉은 뿔형 화염 고리가 커져 중앙 폭발을 만들고 불씨 원으로 갈라져 소멸. INPUT 핵심 소재 '발록 뿔을 닮은 화염 고리가 전방으로 밀리는 파동. ‘주니어 발록 / 발록의 화염 파동’ 전용 소재이며 몬스터 본체는 VFX에 직접 넣지 않음' 및 CAST_VFX=시전자 중심 공격 연출; ICON=UI 식별와 대응하며, 역할 전환·무관한 공격 소재·별도 생물 삽입은 확인되지 않았다.",CONSISTENT_WITH_REFERENCE,"'발록의 화염 파동'의 CAST 전 프레임, ICON 1장에서 어두운 외곽/중간톤/밝은 코어, 단계형 하이라이트와 알파 감쇠가 유지됐다. 역할·체급에 따른 크기와 입자량 차이를 제외하면 AREA 00 승인본 및 유사 역할군과 표현 문법이 이어진다.",MATCHES_DELIVERED_ASSETS,REPACK_ONLY,NO,"실제 CAST 전 프레임, ICON 1장 + INPUT 핵심 소재/역할/흐름 + OUTPUT Area Preview",CAST/005_m_jr_balrog_s_mon_jr_balrog_CAST_F00.png .. ICON/005_m_jr_balrog_s_mon_jr_balrog_ICON.png; area_full_frame_boards/AREA_07_ALL_FRAMES.png,,D:/maplestory_levup/docs/art/output_audit_work/20260912_143540/AREA_07_IMAGES_OUTPUT/AREA_07_IMAGES_OUTPUT/AREA_OVERVIEW_PREVIEW.png의 역할별 썸네일을 실제 납품 프레임의 형상·순서·ICON과 대조함.,REPACK_ONLY,NONE,NO,붉은 뿔형 화염 고리가 커져 중앙 폭발을 만들고 불씨 원으로 갈라져 소멸
area_07,슬리피우드,m_tauromacis,타우로마시스,s_mon_tauromacis,수문장의 낙뢰,액티브,N,CAST_VFX|ICON,CAST/006_m_tauromacis_s_mon_tauromacis_CAST_F00.png|CAST/006_m_tauromacis_s_mon_tauromacis_CAST_F01.png|CAST/006_m_tauromacis_s_mon_tauromacis_CAST_F02.png|CAST/006_m_tauromacis_s_mon_tauromacis_CAST_F03.png|CAST/006_m_tauromacis_s_mon_tauromacis_CAST_F04.png|CAST/006_m_tauromacis_s_mon_tauromacis_CAST_F05.png|CAST/006_m_tauromacis_s_mon_tauromacis_CAST_F06.png|CAST/006_m_tauromacis_s_mon_tauromacis_CAST_F07.png|ICON/006_m_tauromacis_s_mon_tauromacis_ICON.png,미궁 수문 표식 위로 떨어지는 굵은 청백 낙뢰. ‘타우로마시스 / 수문장의 낙뢰’ 전용 소재이며 몬스터 본체는 VFX에 직접 넣지 않음,CAST_VFX=시전자 중심 공격 연출; ICON=UI 식별,"자원은 우측 기준이며 대상이 왼쪽이면 FlipX. 판정 자체는 방향성 부채꼴이 아니라 시전자 중심 원형이다. layer drift는 엔진 적용: L1 ruid=3cbd85dcfe3c41c4989adec59385c257, type=animationclip, style=clip, delay=0.08s, duration=0.82s, scale=1.2, offset=(0,0) world unit, drift=(0,0) world unit/s",핵심 형상 준비 → 시전자 중심 확장 → 피해 판정과 가까운 절정 프레임 → 잔광/파편 소멸.,"대표 실루엣 1개는 ‘수문 문양’, 보조 효과 1개는 ‘수직 번개’. 64px 축소에서도 두 형상의 겹침과 방향이 읽혀야 함",NO_OBVIOUS_ISSUE,"실제 관찰: 푸른 번개가 금속성 원형 문양에 내려꽂혀 밝은 낙뢰 절정을 만든 뒤 얇은 고리로 잔류. INPUT 핵심 소재 '미궁 수문 표식 위로 떨어지는 굵은 청백 낙뢰. ‘타우로마시스 / 수문장의 낙뢰’ 전용 소재이며 몬스터 본체는 VFX에 직접 넣지 않음' 및 CAST_VFX=시전자 중심 공격 연출; ICON=UI 식별와 대응하며, 역할 전환·무관한 공격 소재·별도 생물 삽입은 확인되지 않았다.",CONSISTENT_WITH_REFERENCE,"'수문장의 낙뢰'의 CAST 전 프레임, ICON 1장에서 어두운 외곽/중간톤/밝은 코어, 단계형 하이라이트와 알파 감쇠가 유지됐다. 역할·체급에 따른 크기와 입자량 차이를 제외하면 AREA 00 승인본 및 유사 역할군과 표현 문법이 이어진다.",MATCHES_DELIVERED_ASSETS,REPACK_ONLY,NO,"실제 CAST 전 프레임, ICON 1장 + INPUT 핵심 소재/역할/흐름 + OUTPUT Area Preview",CAST/006_m_tauromacis_s_mon_tauromacis_CAST_F00.png .. ICON/006_m_tauromacis_s_mon_tauromacis_ICON.png; area_full_frame_boards/AREA_07_ALL_FRAMES.png,,D:/maplestory_levup/docs/art/output_audit_work/20260912_143540/AREA_07_IMAGES_OUTPUT/AREA_07_IMAGES_OUTPUT/AREA_OVERVIEW_PREVIEW.png의 역할별 썸네일을 실제 납품 프레임의 형상·순서·ICON과 대조함.,REPACK_ONLY,NONE,NO,푸른 번개가 금속성 원형 문양에 내려꽂혀 밝은 낙뢰 절정을 만든 뒤 얇은 고리로 잔류
area_08,오르비스,m_star_pixie,스타픽시,s_mon_star_pixie,별빛 탄환,액티브,N,ICON|CAST_VFX|PROJECTILE,ICON/001_m_star_pixie_s_mon_star_pixie_ICON.png|CAST/001_m_star_pixie_s_mon_star_pixie_CAST_F00.png|CAST/001_m_star_pixie_s_mon_star_pixie_CAST_F01.png|CAST/001_m_star_pixie_s_mon_star_pixie_CAST_F02.png|CAST/001_m_star_pixie_s_mon_star_pixie_CAST_F03.png|CAST/001_m_star_pixie_s_mon_star_pixie_CAST_F04.png|CAST/001_m_star_pixie_s_mon_star_pixie_CAST_F05.png|CAST/001_m_star_pixie_s_mon_star_pixie_CAST_F06.png|CAST/001_m_star_pixie_s_mon_star_pixie_CAST_F07.png|PROJECTILE/001_m_star_pixie_s_mon_star_pixie_PROJECTILE_F00.png|PROJECTILE/001_m_star_pixie_s_mon_star_pixie_PROJECTILE_F01.png|PROJECTILE/001_m_star_pixie_s_mon_star_pixie_PROJECTILE_F02.png|PROJECTILE/001_m_star_pixie_s_mon_star_pixie_PROJECTILE_F03.png,작은 별핵이 꼬리별 잔상을 달고 직선으로 날아가는 탄. ‘스타픽시 / 별빛 탄환’ 전용 소재이며 몬스터 본체는 VFX에 직접 넣지 않음,CAST_VFX=발사/준비 연출; PROJECTILE=엔진이 이동시키는 비행체; ICON=UI 식별,,,"대표 실루엣 1개는 ‘오각 별탄’, 보조 효과 1개는 ‘꼬리별 잔상’. 64px 축소에서도 두 형상의 겹침과 방향이 읽혀야 함",NO_OBVIOUS_ISSUE,"실제 관찰: 금빛 별과 짧은 청백 꼬리가 CAST에서 형성되고, 투사체는 별핵의 국소 반짝임만 변화. INPUT 핵심 소재 '작은 별핵이 꼬리별 잔상을 달고 직선으로 날아가는 탄. ‘스타픽시 / 별빛 탄환’ 전용 소재이며 몬스터 본체는 VFX에 직접 넣지 않음' 및 CAST_VFX=발사/준비 연출; PROJECTILE=엔진이 이동시키는 비행체; ICON=UI 식별와 대응하며, 역할 전환·무관한 공격 소재·별도 생물 삽입은 확인되지 않았다.",CONSISTENT_WITH_REFERENCE,"'별빛 탄환'의 ICON 1장, CAST 전 프레임, PROJECTILE 전 프레임에서 어두운 외곽/중간톤/밝은 코어, 단계형 하이라이트와 알파 감쇠가 유지됐다. 역할·체급에 따른 크기와 입자량 차이를 제외하면 AREA 00 승인본 및 유사 역할군과 표현 문법이 이어진다.",MATCHES_DELIVERED_ASSETS,REPACK_ONLY,NO,"실제 ICON 1장, CAST 전 프레임, PROJECTILE 전 프레임 + INPUT 핵심 소재/역할/흐름 + OUTPUT Area Preview",ICON/001_m_star_pixie_s_mon_star_pixie_ICON.png .. PROJECTILE/001_m_star_pixie_s_mon_star_pixie_PROJECTILE_F03.png; area_full_frame_boards/AREA_08_ALL_FRAMES.png,,D:/maplestory_levup/docs/art/output_audit_work/20260912_143540/AREA_08_IMAGES_OUTPUT/AREA_08_IMAGES_OUTPUT/AREA_OVERVIEW_PREVIEW.png의 역할별 썸네일을 실제 납품 프레임의 형상·순서·ICON과 대조함.,REPACK_ONLY,NONE,NO,"금빛 별과 짧은 청백 꼬리가 CAST에서 형성되고, 투사체는 별핵의 국소 반짝임만 변화"
area_08,오르비스,m_jr_cellion,주니어 샐리온,s_mon_jr_cellion,붉은 뿔의 기백,패시브,N,ICON|REFERENCE_VFX,ICON/002_m_jr_cellion_s_mon_jr_cellion_ICON.png|REFERENCE/002_m_jr_cellion_s_mon_jr_cellion_REFERENCE_F00.png|REFERENCE/002_m_jr_cellion_s_mon_jr_cellion_REFERENCE_F01.png|REFERENCE/002_m_jr_cellion_s_mon_jr_cellion_REFERENCE_F02.png|REFERENCE/002_m_jr_cellion_s_mon_jr_cellion_REFERENCE_F03.png|REFERENCE/002_m_jr_cellion_s_mon_jr_cellion_REFERENCE_F04.png|REFERENCE/002_m_jr_cellion_s_mon_jr_cellion_REFERENCE_F05.png,붉은 뿔 끝에서 솟는 짧은 기백 불꽃과 압력 고리. ‘주니어 샐리온 / 붉은 뿔의 기백’ 전용 소재이며 몬스터 본체는 VFX에 직접 넣지 않음,ICON=런타임 필수; REFERENCE_VFX=기존 제작 범위에 포함된 비전투 참고 산출물(런타임 미사용·자동 반입 금지),방향·FlipX·엔진 이동 없음. 없음,REFERENCE_VFX를 만들 경우 정지 모티브의 짧은 호흡만 표현한다. 공격 준비·타격광·투사체·폭발 단계는 넣지 않는다.,"대표 실루엣 1개는 ‘붉은 뿔’, 보조 효과 1개는 ‘기백 고리’. 64px 축소에서도 두 형상의 겹침과 방향이 읽혀야 함",NO_OBVIOUS_ISSUE,"실제 관찰: 붉은 별불꽃이 둥글게 부풀고 밝은 적색 코어 뒤 작은 불꽃으로 되돌아감. INPUT 핵심 소재 '붉은 뿔 끝에서 솟는 짧은 기백 불꽃과 압력 고리. ‘주니어 샐리온 / 붉은 뿔의 기백’ 전용 소재이며 몬스터 본체는 VFX에 직접 넣지 않음' 및 ICON=런타임 필수; REFERENCE_VFX=기존 제작 범위에 포함된 비전투 참고 산출물(런타임 미사용·자동 반입 금지)와 대응하며, 역할 전환·무관한 공격 소재·별도 생물 삽입은 확인되지 않았다.",CONSISTENT_WITH_REFERENCE,"'붉은 뿔의 기백'의 ICON 1장, 비전투 REFERENCE 전 프레임에서 어두운 외곽/중간톤/밝은 코어, 단계형 하이라이트와 알파 감쇠가 유지됐다. 역할·체급에 따른 크기와 입자량 차이를 제외하면 AREA 00 승인본 및 유사 역할군과 표현 문법이 이어진다.",MATCHES_DELIVERED_ASSETS,REPACK_ONLY,NO,"실제 ICON 1장, 비전투 REFERENCE 전 프레임 + INPUT 핵심 소재/역할/흐름 + OUTPUT Area Preview",ICON/002_m_jr_cellion_s_mon_jr_cellion_ICON.png .. REFERENCE/002_m_jr_cellion_s_mon_jr_cellion_REFERENCE_F05.png; area_full_frame_boards/AREA_08_ALL_FRAMES.png,,D:/maplestory_levup/docs/art/output_audit_work/20260912_143540/AREA_08_IMAGES_OUTPUT/AREA_08_IMAGES_OUTPUT/AREA_OVERVIEW_PREVIEW.png의 역할별 썸네일을 실제 납품 프레임의 형상·순서·ICON과 대조함.,REPACK_ONLY,NONE,NO,붉은 별불꽃이 둥글게 부풀고 밝은 적색 코어 뒤 작은 불꽃으로 되돌아감
area_08,오르비스,m_lunar_pixie,루나픽시,s_mon_lunar_pixie,월광 구슬,액티브,N,ICON|CAST_VFX|PROJECTILE,ICON/003_m_lunar_pixie_s_mon_lunar_pixie_ICON.png|CAST/003_m_lunar_pixie_s_mon_lunar_pixie_CAST_F00.png|CAST/003_m_lunar_pixie_s_mon_lunar_pixie_CAST_F01.png|CAST/003_m_lunar_pixie_s_mon_lunar_pixie_CAST_F02.png|CAST/003_m_lunar_pixie_s_mon_lunar_pixie_CAST_F03.png|CAST/003_m_lunar_pixie_s_mon_lunar_pixie_CAST_F04.png|CAST/003_m_lunar_pixie_s_mon_lunar_pixie_CAST_F05.png|CAST/003_m_lunar_pixie_s_mon_lunar_pixie_CAST_F06.png|CAST/003_m_lunar_pixie_s_mon_lunar_pixie_CAST_F07.png|PROJECTILE/003_m_lunar_pixie_s_mon_lunar_pixie_PROJECTILE_F00.png|PROJECTILE/003_m_lunar_pixie_s_mon_lunar_pixie_PROJECTILE_F01.png|PROJECTILE/003_m_lunar_pixie_s_mon_lunar_pixie_PROJECTILE_F02.png|PROJECTILE/003_m_lunar_pixie_s_mon_lunar_pixie_PROJECTILE_F03.png,초승달 안에 맺힌 월광 구슬과 은빛 궤도. ‘루나픽시 / 월광 구슬’ 전용 소재이며 몬스터 본체는 VFX에 직접 넣지 않음,CAST_VFX=발사/준비 연출; PROJECTILE=엔진이 이동시키는 비행체; ICON=UI 식별,,,"대표 실루엣 1개는 ‘초승달 구슬’, 보조 효과 1개는 ‘은빛 궤도’. 64px 축소에서도 두 형상의 겹침과 방향이 읽혀야 함",NO_OBVIOUS_ISSUE,"실제 관찰: 연보라 달조각이 구체를 감싸며 커지고, 투사체는 달구슬 중심의 국소 광택만 맥동. INPUT 핵심 소재 '초승달 안에 맺힌 월광 구슬과 은빛 궤도. ‘루나픽시 / 월광 구슬’ 전용 소재이며 몬스터 본체는 VFX에 직접 넣지 않음' 및 CAST_VFX=발사/준비 연출; PROJECTILE=엔진이 이동시키는 비행체; ICON=UI 식별와 대응하며, 역할 전환·무관한 공격 소재·별도 생물 삽입은 확인되지 않았다.",CONSISTENT_WITH_REFERENCE,"'월광 구슬'의 ICON 1장, CAST 전 프레임, PROJECTILE 전 프레임에서 어두운 외곽/중간톤/밝은 코어, 단계형 하이라이트와 알파 감쇠가 유지됐다. 역할·체급에 따른 크기와 입자량 차이를 제외하면 AREA 00 승인본 및 유사 역할군과 표현 문법이 이어진다.",MATCHES_DELIVERED_ASSETS,REPACK_ONLY,NO,"실제 ICON 1장, CAST 전 프레임, PROJECTILE 전 프레임 + INPUT 핵심 소재/역할/흐름 + OUTPUT Area Preview",ICON/003_m_lunar_pixie_s_mon_lunar_pixie_ICON.png .. PROJECTILE/003_m_lunar_pixie_s_mon_lunar_pixie_PROJECTILE_F03.png; area_full_frame_boards/AREA_08_ALL_FRAMES.png,,D:/maplestory_levup/docs/art/output_audit_work/20260912_143540/AREA_08_IMAGES_OUTPUT/AREA_08_IMAGES_OUTPUT/AREA_OVERVIEW_PREVIEW.png의 역할별 썸네일을 실제 납품 프레임의 형상·순서·ICON과 대조함.,REPACK_ONLY,NONE,NO,"연보라 달조각이 구체를 감싸며 커지고, 투사체는 달구슬 중심의 국소 광택만 맥동"
area_08,오르비스,m_luster_pixie,러스터픽시,s_mon_luster_pixie,태양빛 잔상,패시브,N,ICON|REFERENCE_VFX,ICON/004_m_luster_pixie_s_mon_luster_pixie_ICON.png|REFERENCE/004_m_luster_pixie_s_mon_luster_pixie_REFERENCE_F00.png|REFERENCE/004_m_luster_pixie_s_mon_luster_pixie_REFERENCE_F01.png|REFERENCE/004_m_luster_pixie_s_mon_luster_pixie_REFERENCE_F02.png|REFERENCE/004_m_luster_pixie_s_mon_luster_pixie_REFERENCE_F03.png|REFERENCE/004_m_luster_pixie_s_mon_luster_pixie_REFERENCE_F04.png|REFERENCE/004_m_luster_pixie_s_mon_luster_pixie_REFERENCE_F05.png,작은 태양핵이 날개처럼 갈라지는 황금 잔상. ‘러스터픽시 / 태양빛 잔상’ 전용 소재이며 몬스터 본체는 VFX에 직접 넣지 않음,ICON=런타임 필수; REFERENCE_VFX=기존 제작 범위에 포함된 비전투 참고 산출물(런타임 미사용·자동 반입 금지),방향·FlipX·엔진 이동 없음. 없음,REFERENCE_VFX를 만들 경우 정지 모티브의 짧은 호흡만 표현한다. 공격 준비·타격광·투사체·폭발 단계는 넣지 않는다.,"대표 실루엣 1개는 ‘태양핵’, 보조 효과 1개는 ‘날개형 잔상’. 64px 축소에서도 두 형상의 겹침과 방향이 읽혀야 함",NO_OBVIOUS_ISSUE,"실제 관찰: 금빛 태양핵과 날개형 광선이 펼쳐졌다 중심으로 수축하는 비전투 잔상. INPUT 핵심 소재 '작은 태양핵이 날개처럼 갈라지는 황금 잔상. ‘러스터픽시 / 태양빛 잔상’ 전용 소재이며 몬스터 본체는 VFX에 직접 넣지 않음' 및 ICON=런타임 필수; REFERENCE_VFX=기존 제작 범위에 포함된 비전투 참고 산출물(런타임 미사용·자동 반입 금지)와 대응하며, 역할 전환·무관한 공격 소재·별도 생물 삽입은 확인되지 않았다.",CONSISTENT_WITH_REFERENCE,"'태양빛 잔상'의 ICON 1장, 비전투 REFERENCE 전 프레임에서 어두운 외곽/중간톤/밝은 코어, 단계형 하이라이트와 알파 감쇠가 유지됐다. 역할·체급에 따른 크기와 입자량 차이를 제외하면 AREA 00 승인본 및 유사 역할군과 표현 문법이 이어진다.",MATCHES_DELIVERED_ASSETS,REPACK_ONLY,NO,"실제 ICON 1장, 비전투 REFERENCE 전 프레임 + INPUT 핵심 소재/역할/흐름 + OUTPUT Area Preview",ICON/004_m_luster_pixie_s_mon_luster_pixie_ICON.png .. REFERENCE/004_m_luster_pixie_s_mon_luster_pixie_REFERENCE_F05.png; area_full_frame_boards/AREA_08_ALL_FRAMES.png,,D:/maplestory_levup/docs/art/output_audit_work/20260912_143540/AREA_08_IMAGES_OUTPUT/AREA_08_IMAGES_OUTPUT/AREA_OVERVIEW_PREVIEW.png의 역할별 썸네일을 실제 납품 프레임의 형상·순서·ICON과 대조함.,REPACK_ONLY,NONE,NO,금빛 태양핵과 날개형 광선이 펼쳐졌다 중심으로 수축하는 비전투 잔상
area_08,오르비스,m_eliza,엘리쟈,s_mon_eliza,여신의 정원 폭풍,액티브,Y,ICON|CAST_VFX,ICON/005_m_eliza_s_mon_eliza_ICON.png|CAST/005_m_eliza_s_mon_eliza_CAST_F00.png|CAST/005_m_eliza_s_mon_eliza_CAST_F01.png|CAST/005_m_eliza_s_mon_eliza_CAST_F02.png|CAST/005_m_eliza_s_mon_eliza_CAST_F03.png|CAST/005_m_eliza_s_mon_eliza_CAST_F04.png|CAST/005_m_eliza_s_mon_eliza_CAST_F05.png|CAST/005_m_eliza_s_mon_eliza_CAST_F06.png|CAST/005_m_eliza_s_mon_eliza_CAST_F07.png|CAST/005_m_eliza_s_mon_eliza_CAST_F08.png|CAST/005_m_eliza_s_mon_eliza_CAST_F09.png|CAST/005_m_eliza_s_mon_eliza_CAST_F10.png|CAST/005_m_eliza_s_mon_eliza_CAST_F11.png,정원 잎과 꽃잎을 감아 올리는 여신풍 나선 폭풍. ‘엘리쟈 / 여신의 정원 폭풍’ 전용 소재이며 몬스터 본체는 VFX에 직접 넣지 않음,CAST_VFX=시전자 중심 공격 연출; ICON=UI 식별,"자원은 우측 기준이며 대상이 왼쪽이면 FlipX. 판정 자체는 방향성 부채꼴이 아니라 시전자 중심 원형이다. layer drift는 엔진 적용: L1 ruid=b14b3dbca0504af28e8d085c12b22000, type=animationclip, style=clip, delay=0s, duration=0.72s, scale=1.05, offset=(0,0) world unit, drift=(0,0) world unit/s; L2 ruid=1660382723ff40c296845e8ded7bbc86, type=animationclip, style=clip, delay=0.22s, duration=0.85s, scale=1.25, offset=(0,0) world unit, drift=(0,0) world unit/s",핵심 형상 준비 → 시전자 중심 확장 → 피해 판정과 가까운 절정 프레임 → 잔광/파편 소멸.,"대표 실루엣 1개는 ‘잎사귀 나선’, 보조 효과 1개는 ‘황금 바람눈’. 64px 축소에서도 두 형상의 겹침과 방향이 읽혀야 함",NO_OBVIOUS_ISSUE,"실제 관찰: 초록 잎과 금빛 정원 소용돌이가 넓게 회전해 중심 폭풍광을 만들고 잎조각으로 해체. INPUT 핵심 소재 '정원 잎과 꽃잎을 감아 올리는 여신풍 나선 폭풍. ‘엘리쟈 / 여신의 정원 폭풍’ 전용 소재이며 몬스터 본체는 VFX에 직접 넣지 않음' 및 CAST_VFX=시전자 중심 공격 연출; ICON=UI 식별와 대응하며, 역할 전환·무관한 공격 소재·별도 생물 삽입은 확인되지 않았다.",CONSISTENT_WITH_REFERENCE,"'여신의 정원 폭풍'의 ICON 1장, CAST 전 프레임에서 어두운 외곽/중간톤/밝은 코어, 단계형 하이라이트와 알파 감쇠가 유지됐다. 역할·체급에 따른 크기와 입자량 차이를 제외하면 AREA 00 승인본 및 유사 역할군과 표현 문법이 이어진다.",MATCHES_DELIVERED_ASSETS,REPACK_ONLY,NO,"실제 ICON 1장, CAST 전 프레임 + INPUT 핵심 소재/역할/흐름 + OUTPUT Area Preview",ICON/005_m_eliza_s_mon_eliza_ICON.png .. CAST/005_m_eliza_s_mon_eliza_CAST_F11.png; area_full_frame_boards/AREA_08_ALL_FRAMES.png,,D:/maplestory_levup/docs/art/output_audit_work/20260912_143540/AREA_08_IMAGES_OUTPUT/AREA_08_IMAGES_OUTPUT/AREA_OVERVIEW_PREVIEW.png의 역할별 썸네일을 실제 납품 프레임의 형상·순서·ICON과 대조함.,REPACK_ONLY,NONE,NO,초록 잎과 금빛 정원 소용돌이가 넓게 회전해 중심 폭풍광을 만들고 잎조각으로 해체
area_09,엘나스 산맥,m_jr_yeti,주니어 예티,s_mon_jr_yeti,설인의 체온,패시브,N,ICON|REFERENCE_VFX,ICON/001_m_jr_yeti_s_mon_jr_yeti_ICON.png|REFERENCE/001_m_jr_yeti_s_mon_jr_yeti_REFERENCE_F00.png|REFERENCE/001_m_jr_yeti_s_mon_jr_yeti_REFERENCE_F01.png|REFERENCE/001_m_jr_yeti_s_mon_jr_yeti_REFERENCE_F02.png|REFERENCE/001_m_jr_yeti_s_mon_jr_yeti_REFERENCE_F03.png|REFERENCE/001_m_jr_yeti_s_mon_jr_yeti_REFERENCE_F04.png|REFERENCE/001_m_jr_yeti_s_mon_jr_yeti_REFERENCE_F05.png,둥근 온기핵 주변에서 녹아내리는 작은 눈송이. ‘주니어 예티 / 설인의 체온’ 전용 소재이며 몬스터 본체는 VFX에 직접 넣지 않음,ICON=런타임 필수; REFERENCE_VFX=기존 제작 범위에 포함된 비전투 참고 산출물(런타임 미사용·자동 반입 금지),방향·FlipX·엔진 이동 없음. 없음,REFERENCE_VFX를 만들 경우 정지 모티브의 짧은 호흡만 표현한다. 공격 준비·타격광·투사체·폭발 단계는 넣지 않는다.,"대표 실루엣 1개는 ‘온기핵’, 보조 효과 1개는 ‘녹는 눈송이’. 64px 축소에서도 두 형상의 겹침과 방향이 읽혀야 함",NO_OBVIOUS_ISSUE,"실제 관찰: 주황 온기핵 주위의 푸른 눈송이가 녹듯 줄어드는 짧은 비전투 호흡. INPUT 핵심 소재 '둥근 온기핵 주변에서 녹아내리는 작은 눈송이. ‘주니어 예티 / 설인의 체온’ 전용 소재이며 몬스터 본체는 VFX에 직접 넣지 않음' 및 ICON=런타임 필수; REFERENCE_VFX=기존 제작 범위에 포함된 비전투 참고 산출물(런타임 미사용·자동 반입 금지)와 대응하며, 역할 전환·무관한 공격 소재·별도 생물 삽입은 확인되지 않았다.",CONSISTENT_WITH_REFERENCE,"'설인의 체온'의 ICON 1장, 비전투 REFERENCE 전 프레임에서 어두운 외곽/중간톤/밝은 코어, 단계형 하이라이트와 알파 감쇠가 유지됐다. 역할·체급에 따른 크기와 입자량 차이를 제외하면 AREA 00 승인본 및 유사 역할군과 표현 문법이 이어진다.",IMAGES_MATCH_LABEL_RENDERING_ISSUE,REPACK_ONLY,NO,"실제 ICON 1장, 비전투 REFERENCE 전 프레임 + INPUT 핵심 소재/역할/흐름 + OUTPUT Area Preview",ICON/001_m_jr_yeti_s_mon_jr_yeti_ICON.png .. REFERENCE/001_m_jr_yeti_s_mon_jr_yeti_REFERENCE_F05.png; area_full_frame_boards/AREA_09_ALL_FRAMES.png,,D:/maplestory_levup/docs/art/output_audit_work/20260912_143540/AREA_09_IMAGES_OUTPUT/AREA_09_IMAGES_OUTPUT/AREA_OVERVIEW_PREVIEW.png의 역할별 썸네일을 실제 납품 프레임의 형상·순서·ICON과 대조함. 이미지 배열은 일치하지만 한글 라벨이 네모 글리프로 렌더링되어 식별 문구를 읽을 수 없다.,REPACK_ONLY,NONE,NO,주황 온기핵 주위의 푸른 눈송이가 녹듯 줄어드는 짧은 비전투 호흡
area_09,엘나스 산맥,m_dark_jr_yeti,다크 주니어 예티,s_mon_dark_jr_yeti,검은 설원의 은폐,패시브,N,ICON|REFERENCE_VFX,ICON/002_m_dark_jr_yeti_s_mon_dark_jr_yeti_ICON.png|REFERENCE/002_m_dark_jr_yeti_s_mon_dark_jr_yeti_REFERENCE_F00.png|REFERENCE/002_m_dark_jr_yeti_s_mon_dark_jr_yeti_REFERENCE_F01.png|REFERENCE/002_m_dark_jr_yeti_s_mon_dark_jr_yeti_REFERENCE_F02.png|REFERENCE/002_m_dark_jr_yeti_s_mon_dark_jr_yeti_REFERENCE_F03.png|REFERENCE/002_m_dark_jr_yeti_s_mon_dark_jr_yeti_REFERENCE_F04.png|REFERENCE/002_m_dark_jr_yeti_s_mon_dark_jr_yeti_REFERENCE_F05.png,검은 설분이 몸 둘레를 닫는 낮은 은폐 소용돌이. ‘다크 주니어 예티 / 검은 설원의 은폐’ 전용 소재이며 몬스터 본체는 VFX에 직접 넣지 않음,ICON=런타임 필수; REFERENCE_VFX=기존 제작 범위에 포함된 비전투 참고 산출물(런타임 미사용·자동 반입 금지),방향·FlipX·엔진 이동 없음. 없음,REFERENCE_VFX를 만들 경우 정지 모티브의 짧은 호흡만 표현한다. 공격 준비·타격광·투사체·폭발 단계는 넣지 않는다.,"대표 실루엣 1개는 ‘검은 눈소용돌이’, 보조 효과 1개는 ‘희미한 발자국’. 64px 축소에서도 두 형상의 겹침과 방향이 읽혀야 함",NO_OBVIOUS_ISSUE,"실제 관찰: 검회색 설분이 낮은 소용돌이로 뭉쳤다가 가는 눈가루 흔적으로 흐려짐. INPUT 핵심 소재 '검은 설분이 몸 둘레를 닫는 낮은 은폐 소용돌이. ‘다크 주니어 예티 / 검은 설원의 은폐’ 전용 소재이며 몬스터 본체는 VFX에 직접 넣지 않음' 및 ICON=런타임 필수; REFERENCE_VFX=기존 제작 범위에 포함된 비전투 참고 산출물(런타임 미사용·자동 반입 금지)와 대응하며, 역할 전환·무관한 공격 소재·별도 생물 삽입은 확인되지 않았다.",CONSISTENT_WITH_REFERENCE,"'검은 설원의 은폐'의 ICON 1장, 비전투 REFERENCE 전 프레임에서 어두운 외곽/중간톤/밝은 코어, 단계형 하이라이트와 알파 감쇠가 유지됐다. 역할·체급에 따른 크기와 입자량 차이를 제외하면 AREA 00 승인본 및 유사 역할군과 표현 문법이 이어진다.",IMAGES_MATCH_LABEL_RENDERING_ISSUE,REPACK_ONLY,NO,"실제 ICON 1장, 비전투 REFERENCE 전 프레임 + INPUT 핵심 소재/역할/흐름 + OUTPUT Area Preview",ICON/002_m_dark_jr_yeti_s_mon_dark_jr_yeti_ICON.png .. REFERENCE/002_m_dark_jr_yeti_s_mon_dark_jr_yeti_REFERENCE_F05.png; area_full_frame_boards/AREA_09_ALL_FRAMES.png,,D:/maplestory_levup/docs/art/output_audit_work/20260912_143540/AREA_09_IMAGES_OUTPUT/AREA_09_IMAGES_OUTPUT/AREA_OVERVIEW_PREVIEW.png의 역할별 썸네일을 실제 납품 프레임의 형상·순서·ICON과 대조함. 이미지 배열은 일치하지만 한글 라벨이 네모 글리프로 렌더링되어 식별 문구를 읽을 수 없다.,REPACK_ONLY,NONE,NO,검회색 설분이 낮은 소용돌이로 뭉쳤다가 가는 눈가루 흔적으로 흐려짐
area_09,엘나스 산맥,m_hector,헥터,s_mon_hector,설원 늑대 발톱,액티브,N,ICON|CAST_VFX,ICON/003_m_hector_s_mon_hector_ICON.png|CAST/003_m_hector_s_mon_hector_CAST_F00.png|CAST/003_m_hector_s_mon_hector_CAST_F01.png|CAST/003_m_hector_s_mon_hector_CAST_F02.png|CAST/003_m_hector_s_mon_hector_CAST_F03.png|CAST/003_m_hector_s_mon_hector_CAST_F04.png|CAST/003_m_hector_s_mon_hector_CAST_F05.png|CAST/003_m_hector_s_mon_hector_CAST_F06.png|CAST/003_m_hector_s_mon_hector_CAST_F07.png,늑대 발톱 세 갈래가 눈가루를 베어내는 전방 참격. ‘헥터 / 설원 늑대 발톱’ 전용 소재이며 몬스터 본체는 VFX에 직접 넣지 않음,CAST_VFX=플레이어 돌진 도착점의 충돌 연출; ICON=UI 식별,"우측 기준 제작 후 FlipX. 이동 궤적 전체를 한 프레임 안에서 재현하지 않는다. layer drift는 엔진 적용: L1 ruid=b9d0ab716c054c58a18c0c38b07695a5, type=animationclip, style=clip, delay=0s, duration=0.58s, scale=0.82, offset=(0,0) world unit, drift=(1.0,0) world unit/s; L2 ruid=7a41e40ee7d846908e29ec10b94630b0, type=animationclip, style=clip, delay=0.12s, duration=0.62s, scale=0.78, offset=(0,0) world unit, drift=(0,0) world unit/s",도착점 압축 → 충돌 절정 → 파편/잔상 소멸. 출발부터 도착까지의 전신 이동을 시트 안에서 반복하지 않는다.,"대표 실루엣 1개는 ‘세 갈래 늑대발톱’, 보조 효과 1개는 ‘눈가루’. 64px 축소에서도 두 형상의 겹침과 방향이 읽혀야 함",NO_OBVIOUS_ISSUE,"실제 관찰: 회청색 세 갈래 발톱바람이 전방에서 솟아 굵어지고 짧은 눈가루 궤적으로 소멸. INPUT 핵심 소재 '늑대 발톱 세 갈래가 눈가루를 베어내는 전방 참격. ‘헥터 / 설원 늑대 발톱’ 전용 소재이며 몬스터 본체는 VFX에 직접 넣지 않음' 및 CAST_VFX=플레이어 돌진 도착점의 충돌 연출; ICON=UI 식별와 대응하며, 역할 전환·무관한 공격 소재·별도 생물 삽입은 확인되지 않았다.",CONSISTENT_WITH_REFERENCE,"'설원 늑대 발톱'의 ICON 1장, CAST 전 프레임에서 어두운 외곽/중간톤/밝은 코어, 단계형 하이라이트와 알파 감쇠가 유지됐다. 역할·체급에 따른 크기와 입자량 차이를 제외하면 AREA 00 승인본 및 유사 역할군과 표현 문법이 이어진다.",IMAGES_MATCH_LABEL_RENDERING_ISSUE,REPACK_ONLY,NO,"실제 ICON 1장, CAST 전 프레임 + INPUT 핵심 소재/역할/흐름 + OUTPUT Area Preview",ICON/003_m_hector_s_mon_hector_ICON.png .. CAST/003_m_hector_s_mon_hector_CAST_F07.png; area_full_frame_boards/AREA_09_ALL_FRAMES.png,,D:/maplestory_levup/docs/art/output_audit_work/20260912_143540/AREA_09_IMAGES_OUTPUT/AREA_09_IMAGES_OUTPUT/AREA_OVERVIEW_PREVIEW.png의 역할별 썸네일을 실제 납품 프레임의 형상·순서·ICON과 대조함. 이미지 배열은 일치하지만 한글 라벨이 네모 글리프로 렌더링되어 식별 문구를 읽을 수 없다.,REPACK_ONLY,NONE,NO,회청색 세 갈래 발톱바람이 전방에서 솟아 굵어지고 짧은 눈가루 궤적으로 소멸
area_09,엘나스 산맥,m_white_fang,화이트팽,s_mon_white_fang,화이트팽의 빙설 송곳니,액티브,N,ICON|CAST_VFX,ICON/004_m_white_fang_s_mon_white_fang_ICON.png|CAST/004_m_white_fang_s_mon_white_fang_CAST_F00.png|CAST/004_m_white_fang_s_mon_white_fang_CAST_F01.png|CAST/004_m_white_fang_s_mon_white_fang_CAST_F02.png|CAST/004_m_white_fang_s_mon_white_fang_CAST_F03.png|CAST/004_m_white_fang_s_mon_white_fang_CAST_F04.png|CAST/004_m_white_fang_s_mon_white_fang_CAST_F05.png|CAST/004_m_white_fang_s_mon_white_fang_CAST_F06.png|CAST/004_m_white_fang_s_mon_white_fang_CAST_F07.png,송곳니 두 개가 얼음 능선처럼 교차하는 빙설 타격. ‘화이트팽 / 화이트팽의 빙설 송곳니’ 전용 소재이며 몬스터 본체는 VFX에 직접 넣지 않음,CAST_VFX=시전자 중심 공격 연출; ICON=UI 식별,"자원은 우측 기준이며 대상이 왼쪽이면 FlipX. 판정 자체는 방향성 부채꼴이 아니라 시전자 중심 원형이다. layer drift는 엔진 적용: L1 ruid=dd098279908940fa938d3c5cb3dda732, type=animationclip, style=clip, delay=0s, duration=0.65s, scale=0.9, offset=(0,0) world unit, drift=(0,0) world unit/s; L2 ruid=9fae493a549a4396a2f1378c39f7386f, type=animationclip, style=clip, delay=0.15s, duration=0.72s, scale=0.85, offset=(0,0) world unit, drift=(0,0) world unit/s",핵심 형상 준비 → 시전자 중심 확장 → 피해 판정과 가까운 절정 프레임 → 잔광/파편 소멸.,"대표 실루엣 1개는 ‘교차 송곳니’, 보조 효과 1개는 ‘얼음 조각’. 64px 축소에서도 두 형상의 겹침과 방향이 읽혀야 함",NO_OBVIOUS_ISSUE,"실제 관찰: 푸른 얼음 송곳니 둘이 교차해 결정형 충격을 만들고 작은 파편으로 분리. INPUT 핵심 소재 '송곳니 두 개가 얼음 능선처럼 교차하는 빙설 타격. ‘화이트팽 / 화이트팽의 빙설 송곳니’ 전용 소재이며 몬스터 본체는 VFX에 직접 넣지 않음' 및 CAST_VFX=시전자 중심 공격 연출; ICON=UI 식별와 대응하며, 역할 전환·무관한 공격 소재·별도 생물 삽입은 확인되지 않았다.",CONSISTENT_WITH_REFERENCE,"'화이트팽의 빙설 송곳니'의 ICON 1장, CAST 전 프레임에서 어두운 외곽/중간톤/밝은 코어, 단계형 하이라이트와 알파 감쇠가 유지됐다. 역할·체급에 따른 크기와 입자량 차이를 제외하면 AREA 00 승인본 및 유사 역할군과 표현 문법이 이어진다.",IMAGES_MATCH_LABEL_RENDERING_ISSUE,REPACK_ONLY,NO,"실제 ICON 1장, CAST 전 프레임 + INPUT 핵심 소재/역할/흐름 + OUTPUT Area Preview",ICON/004_m_white_fang_s_mon_white_fang_ICON.png .. CAST/004_m_white_fang_s_mon_white_fang_CAST_F07.png; area_full_frame_boards/AREA_09_ALL_FRAMES.png,,D:/maplestory_levup/docs/art/output_audit_work/20260912_143540/AREA_09_IMAGES_OUTPUT/AREA_09_IMAGES_OUTPUT/AREA_OVERVIEW_PREVIEW.png의 역할별 썸네일을 실제 납품 프레임의 형상·순서·ICON과 대조함. 이미지 배열은 일치하지만 한글 라벨이 네모 글리프로 렌더링되어 식별 문구를 읽을 수 없다.,REPACK_ONLY,NONE,NO,푸른 얼음 송곳니 둘이 교차해 결정형 충격을 만들고 작은 파편으로 분리
area_09,엘나스 산맥,m_snow_witch,설산의 마녀,s_mon_snow_witch,추방자의 눈보라,액티브,Y,ICON|CAST_VFX,ICON/005_m_snow_witch_s_mon_snow_witch_ICON.png|CAST/005_m_snow_witch_s_mon_snow_witch_CAST_F00.png|CAST/005_m_snow_witch_s_mon_snow_witch_CAST_F01.png|CAST/005_m_snow_witch_s_mon_snow_witch_CAST_F02.png|CAST/005_m_snow_witch_s_mon_snow_witch_CAST_F03.png|CAST/005_m_snow_witch_s_mon_snow_witch_CAST_F04.png|CAST/005_m_snow_witch_s_mon_snow_witch_CAST_F05.png|CAST/005_m_snow_witch_s_mon_snow_witch_CAST_F06.png|CAST/005_m_snow_witch_s_mon_snow_witch_CAST_F07.png|CAST/005_m_snow_witch_s_mon_snow_witch_CAST_F08.png|CAST/005_m_snow_witch_s_mon_snow_witch_CAST_F09.png|CAST/005_m_snow_witch_s_mon_snow_witch_CAST_F10.png|CAST/005_m_snow_witch_s_mon_snow_witch_CAST_F11.png,마녀의 굽은 설풍 고리가 눈결정을 끌어당기는 폭풍. ‘설산의 마녀 / 추방자의 눈보라’ 전용 소재이며 몬스터 본체는 VFX에 직접 넣지 않음,CAST_VFX=시전자 중심 공격 연출; ICON=UI 식별,"자원은 우측 기준이며 대상이 왼쪽이면 FlipX. 판정 자체는 방향성 부채꼴이 아니라 시전자 중심 원형이다. layer drift는 엔진 적용: L1 ruid=f55dd57a708e43238b64715c02bb06cc, type=animationclip, style=clip, delay=0s, duration=0.72s, scale=0.8, offset=(0,0) world unit, drift=(0,0) world unit/s; L2 ruid=c5a807748e9443348e5b14162948f26b, type=animationclip, style=clip, delay=0.16s, duration=0.8s, scale=1.0, offset=(0,0) world unit, drift=(0,0) world unit/s; L3 ruid=0719861214fa45578488a1083f49df5a, type=animationclip, style=clip, delay=0.3s, duration=0.92s, scale=1.2, offset=(0,0) world unit, drift=(0,0) world unit/s",핵심 형상 준비 → 시전자 중심 확장 → 피해 판정과 가까운 절정 프레임 → 잔광/파편 소멸.,"대표 실루엣 1개는 ‘굽은 설풍 고리’, 보조 효과 1개는 ‘눈결정’. 64px 축소에서도 두 형상의 겹침과 방향이 읽혀야 함",NO_OBVIOUS_ISSUE,"실제 관찰: 청백색 굽은 설풍 고리가 여러 층의 눈보라 원통으로 커졌다 눈결정과 함께 꺼짐. INPUT 핵심 소재 '마녀의 굽은 설풍 고리가 눈결정을 끌어당기는 폭풍. ‘설산의 마녀 / 추방자의 눈보라’ 전용 소재이며 몬스터 본체는 VFX에 직접 넣지 않음' 및 CAST_VFX=시전자 중심 공격 연출; ICON=UI 식별와 대응하며, 역할 전환·무관한 공격 소재·별도 생물 삽입은 확인되지 않았다.",CONSISTENT_WITH_REFERENCE,"'추방자의 눈보라'의 ICON 1장, CAST 전 프레임에서 어두운 외곽/중간톤/밝은 코어, 단계형 하이라이트와 알파 감쇠가 유지됐다. 역할·체급에 따른 크기와 입자량 차이를 제외하면 AREA 00 승인본 및 유사 역할군과 표현 문법이 이어진다.",IMAGES_MATCH_LABEL_RENDERING_ISSUE,REPACK_ONLY,NO,"실제 ICON 1장, CAST 전 프레임 + INPUT 핵심 소재/역할/흐름 + OUTPUT Area Preview",ICON/005_m_snow_witch_s_mon_snow_witch_ICON.png .. CAST/005_m_snow_witch_s_mon_snow_witch_CAST_F11.png; area_full_frame_boards/AREA_09_ALL_FRAMES.png,,D:/maplestory_levup/docs/art/output_audit_work/20260912_143540/AREA_09_IMAGES_OUTPUT/AREA_09_IMAGES_OUTPUT/AREA_OVERVIEW_PREVIEW.png의 역할별 썸네일을 실제 납품 프레임의 형상·순서·ICON과 대조함. 이미지 배열은 일치하지만 한글 라벨이 네모 글리프로 렌더링되어 식별 문구를 읽을 수 없다.,REPACK_ONLY,NONE,NO,청백색 굽은 설풍 고리가 여러 층의 눈보라 원통으로 커졌다 눈결정과 함께 꺼짐
area_10,아쿠아로드,m_bubble_fish,버블피쉬,s_mon_bubble_fish,기포막,패시브,N,ICON|REFERENCE_VFX,ICON/001_m_bubble_fish_s_mon_bubble_fish_ICON.png|REFERENCE/001_m_bubble_fish_s_mon_bubble_fish_REFERENCE_F00.png|REFERENCE/001_m_bubble_fish_s_mon_bubble_fish_REFERENCE_F01.png|REFERENCE/001_m_bubble_fish_s_mon_bubble_fish_REFERENCE_F02.png|REFERENCE/001_m_bubble_fish_s_mon_bubble_fish_REFERENCE_F03.png|REFERENCE/001_m_bubble_fish_s_mon_bubble_fish_REFERENCE_F04.png|REFERENCE/001_m_bubble_fish_s_mon_bubble_fish_REFERENCE_F05.png,물고기 비늘광이 비치는 둥근 기포 보호막. ‘버블피쉬 / 기포막’ 전용 소재이며 몬스터 본체는 VFX에 직접 넣지 않음,ICON=런타임 필수; REFERENCE_VFX=기존 제작 범위에 포함된 비전투 참고 산출물(런타임 미사용·자동 반입 금지),방향·FlipX·엔진 이동 없음. 없음,REFERENCE_VFX를 만들 경우 정지 모티브의 짧은 호흡만 표현한다. 공격 준비·타격광·투사체·폭발 단계는 넣지 않는다.,"대표 실루엣 1개는 ‘큰 기포막’, 보조 효과 1개는 ‘비늘 반사광’. 64px 축소에서도 두 형상의 겹침과 방향이 읽혀야 함",NO_OBVIOUS_ISSUE,"실제 관찰: 청록 물막이 둥근 거품막으로 닫히고 내부 물방울이 밝아졌다 얇은 막으로 복귀. INPUT 핵심 소재 '물고기 비늘광이 비치는 둥근 기포 보호막. ‘버블피쉬 / 기포막’ 전용 소재이며 몬스터 본체는 VFX에 직접 넣지 않음' 및 ICON=런타임 필수; REFERENCE_VFX=기존 제작 범위에 포함된 비전투 참고 산출물(런타임 미사용·자동 반입 금지)와 대응하며, 역할 전환·무관한 공격 소재·별도 생물 삽입은 확인되지 않았다.",CONSISTENT_WITH_REFERENCE,"'기포막'의 ICON 1장, 비전투 REFERENCE 전 프레임에서 어두운 외곽/중간톤/밝은 코어, 단계형 하이라이트와 알파 감쇠가 유지됐다. 역할·체급에 따른 크기와 입자량 차이를 제외하면 AREA 00 승인본 및 유사 역할군과 표현 문법이 이어진다.",MATCHES_DELIVERED_ASSETS,REPACK_ONLY,NO,"실제 ICON 1장, 비전투 REFERENCE 전 프레임 + INPUT 핵심 소재/역할/흐름 + OUTPUT Area Preview",ICON/001_m_bubble_fish_s_mon_bubble_fish_ICON.png .. REFERENCE/001_m_bubble_fish_s_mon_bubble_fish_REFERENCE_F05.png; area_full_frame_boards/AREA_10_ALL_FRAMES.png,,D:/maplestory_levup/docs/art/output_audit_work/20260912_143540/AREA_10_IMAGES_OUTPUT/AREA_10_IMAGES_OUTPUT/AREA_OVERVIEW_PREVIEW.png의 역할별 썸네일을 실제 납품 프레임의 형상·순서·ICON과 대조함.,REPACK_ONLY,NONE,NO,청록 물막이 둥근 거품막으로 닫히고 내부 물방울이 밝아졌다 얇은 막으로 복귀
area_10,아쿠아로드,m_mask_fish,마스크피쉬,s_mon_mask_fish,가면 아래의 감각,패시브,N,ICON|REFERENCE_VFX,ICON/002_m_mask_fish_s_mon_mask_fish_ICON.png|REFERENCE/002_m_mask_fish_s_mon_mask_fish_REFERENCE_F00.png|REFERENCE/002_m_mask_fish_s_mon_mask_fish_REFERENCE_F01.png|REFERENCE/002_m_mask_fish_s_mon_mask_fish_REFERENCE_F02.png|REFERENCE/002_m_mask_fish_s_mon_mask_fish_REFERENCE_F03.png|REFERENCE/002_m_mask_fish_s_mon_mask_fish_REFERENCE_F04.png|REFERENCE/002_m_mask_fish_s_mon_mask_fish_REFERENCE_F05.png,가면 눈구멍 모양의 감지광과 동심 수중 파문. ‘마스크피쉬 / 가면 아래의 감각’ 전용 소재이며 몬스터 본체는 VFX에 직접 넣지 않음,ICON=런타임 필수; REFERENCE_VFX=기존 제작 범위에 포함된 비전투 참고 산출물(런타임 미사용·자동 반입 금지),방향·FlipX·엔진 이동 없음. 없음,REFERENCE_VFX를 만들 경우 정지 모티브의 짧은 호흡만 표현한다. 공격 준비·타격광·투사체·폭발 단계는 넣지 않는다.,"대표 실루엣 1개는 ‘가면 눈구멍’, 보조 효과 1개는 ‘감지 파문’. 64px 축소에서도 두 형상의 겹침과 방향이 읽혀야 함",NO_OBVIOUS_ISSUE,"실제 관찰: 푸른 가면 눈매와 수면 파문이 나타났다 감지점만 남기고 투명하게 사라짐. INPUT 핵심 소재 '가면 눈구멍 모양의 감지광과 동심 수중 파문. ‘마스크피쉬 / 가면 아래의 감각’ 전용 소재이며 몬스터 본체는 VFX에 직접 넣지 않음' 및 ICON=런타임 필수; REFERENCE_VFX=기존 제작 범위에 포함된 비전투 참고 산출물(런타임 미사용·자동 반입 금지)와 대응하며, 역할 전환·무관한 공격 소재·별도 생물 삽입은 확인되지 않았다.",CONSISTENT_WITH_REFERENCE,"'가면 아래의 감각'의 ICON 1장, 비전투 REFERENCE 전 프레임에서 어두운 외곽/중간톤/밝은 코어, 단계형 하이라이트와 알파 감쇠가 유지됐다. 역할·체급에 따른 크기와 입자량 차이를 제외하면 AREA 00 승인본 및 유사 역할군과 표현 문법이 이어진다.",MATCHES_DELIVERED_ASSETS,REPACK_ONLY,NO,"실제 ICON 1장, 비전투 REFERENCE 전 프레임 + INPUT 핵심 소재/역할/흐름 + OUTPUT Area Preview",ICON/002_m_mask_fish_s_mon_mask_fish_ICON.png .. REFERENCE/002_m_mask_fish_s_mon_mask_fish_REFERENCE_F05.png; area_full_frame_boards/AREA_10_ALL_FRAMES.png,,D:/maplestory_levup/docs/art/output_audit_work/20260912_143540/AREA_10_IMAGES_OUTPUT/AREA_10_IMAGES_OUTPUT/AREA_OVERVIEW_PREVIEW.png의 역할별 썸네일을 실제 납품 프레임의 형상·순서·ICON과 대조함.,REPACK_ONLY,NONE,NO,푸른 가면 눈매와 수면 파문이 나타났다 감지점만 남기고 투명하게 사라짐
area_10,아쿠아로드,m_squid,스퀴드,s_mon_squid,심해 먹물 폭발,액티브,N,ICON|CAST_VFX,ICON/003_m_squid_s_mon_squid_ICON.png|CAST/003_m_squid_s_mon_squid_CAST_F00.png|CAST/003_m_squid_s_mon_squid_CAST_F01.png|CAST/003_m_squid_s_mon_squid_CAST_F02.png|CAST/003_m_squid_s_mon_squid_CAST_F03.png|CAST/003_m_squid_s_mon_squid_CAST_F04.png|CAST/003_m_squid_s_mon_squid_CAST_F05.png|CAST/003_m_squid_s_mon_squid_CAST_F06.png|CAST/003_m_squid_s_mon_squid_CAST_F07.png,농도 높은 먹물핵이 물속에서 둥글게 폭발하는 검은 구름. ‘스퀴드 / 심해 먹물 폭발’ 전용 소재이며 몬스터 본체는 VFX에 직접 넣지 않음,CAST_VFX=시전자 중심 공격 연출; ICON=UI 식별,"자원은 우측 기준이며 대상이 왼쪽이면 FlipX. 판정 자체는 방향성 부채꼴이 아니라 시전자 중심 원형이다. layer drift는 엔진 적용: L1 ruid=0906c3a7455940ce9e9db0b0f0278741, type=animationclip, style=clip, delay=0.12s, duration=0.82s, scale=1.15, offset=(0,0) world unit, drift=(0,0) world unit/s",핵심 형상 준비 → 시전자 중심 확장 → 피해 판정과 가까운 절정 프레임 → 잔광/파편 소멸.,"대표 실루엣 1개는 ‘먹물핵’, 보조 효과 1개는 ‘둥근 심해 폭발’. 64px 축소에서도 두 형상의 겹침과 방향이 읽혀야 함",NO_OBVIOUS_ISSUE,"실제 관찰: 검남색 먹물 구름이 여러 방울로 부풀어 중앙을 덮고 회색 먹방울로 분산. INPUT 핵심 소재 '농도 높은 먹물핵이 물속에서 둥글게 폭발하는 검은 구름. ‘스퀴드 / 심해 먹물 폭발’ 전용 소재이며 몬스터 본체는 VFX에 직접 넣지 않음' 및 CAST_VFX=시전자 중심 공격 연출; ICON=UI 식별와 대응하며, 역할 전환·무관한 공격 소재·별도 생물 삽입은 확인되지 않았다.",CONSISTENT_WITH_REFERENCE,"'심해 먹물 폭발'의 ICON 1장, CAST 전 프레임에서 어두운 외곽/중간톤/밝은 코어, 단계형 하이라이트와 알파 감쇠가 유지됐다. 역할·체급에 따른 크기와 입자량 차이를 제외하면 AREA 00 승인본 및 유사 역할군과 표현 문법이 이어진다.",MATCHES_DELIVERED_ASSETS,REPACK_ONLY,NO,"실제 ICON 1장, CAST 전 프레임 + INPUT 핵심 소재/역할/흐름 + OUTPUT Area Preview",ICON/003_m_squid_s_mon_squid_ICON.png .. CAST/003_m_squid_s_mon_squid_CAST_F07.png; area_full_frame_boards/AREA_10_ALL_FRAMES.png,,D:/maplestory_levup/docs/art/output_audit_work/20260912_143540/AREA_10_IMAGES_OUTPUT/AREA_10_IMAGES_OUTPUT/AREA_OVERVIEW_PREVIEW.png의 역할별 썸네일을 실제 납품 프레임의 형상·순서·ICON과 대조함.,REPACK_ONLY,NONE,NO,검남색 먹물 구름이 여러 방울로 부풀어 중앙을 덮고 회색 먹방울로 분산
area_10,아쿠아로드,m_shark,샤크,s_mon_shark,포식자의 수류탄,액티브,N,ICON|CAST_VFX|PROJECTILE,ICON/004_m_shark_s_mon_shark_ICON.png|CAST/004_m_shark_s_mon_shark_CAST_F00.png|CAST/004_m_shark_s_mon_shark_CAST_F01.png|CAST/004_m_shark_s_mon_shark_CAST_F02.png|CAST/004_m_shark_s_mon_shark_CAST_F03.png|CAST/004_m_shark_s_mon_shark_CAST_F04.png|CAST/004_m_shark_s_mon_shark_CAST_F05.png|CAST/004_m_shark_s_mon_shark_CAST_F06.png|CAST/004_m_shark_s_mon_shark_CAST_F07.png|PROJECTILE/004_m_shark_s_mon_shark_PROJECTILE_F00.png|PROJECTILE/004_m_shark_s_mon_shark_PROJECTILE_F01.png|PROJECTILE/004_m_shark_s_mon_shark_PROJECTILE_F02.png|PROJECTILE/004_m_shark_s_mon_shark_PROJECTILE_F03.png,이빨 톱니가 둘린 압축 수류탄과 기포 꼬리. ‘샤크 / 포식자의 수류탄’ 전용 소재이며 몬스터 본체는 VFX에 직접 넣지 않음,CAST_VFX=발사/준비 연출; PROJECTILE=엔진이 이동시키는 비행체; ICON=UI 식별,,,"대표 실루엣 1개는 ‘이빨 수류탄’, 보조 효과 1개는 ‘기포 꼬리’. 64px 축소에서도 두 형상의 겹침과 방향이 읽혀야 함",NO_OBVIOUS_ISSUE,"실제 관찰: 물회오리가 이빨 달린 푸른 수류탄을 형성해 튀기며, 투사체는 물방울 광택만 변화. INPUT 핵심 소재 '이빨 톱니가 둘린 압축 수류탄과 기포 꼬리. ‘샤크 / 포식자의 수류탄’ 전용 소재이며 몬스터 본체는 VFX에 직접 넣지 않음' 및 CAST_VFX=발사/준비 연출; PROJECTILE=엔진이 이동시키는 비행체; ICON=UI 식별와 대응하며, 역할 전환·무관한 공격 소재·별도 생물 삽입은 확인되지 않았다.",CONSISTENT_WITH_REFERENCE,"'포식자의 수류탄'의 ICON 1장, CAST 전 프레임, PROJECTILE 전 프레임에서 어두운 외곽/중간톤/밝은 코어, 단계형 하이라이트와 알파 감쇠가 유지됐다. 역할·체급에 따른 크기와 입자량 차이를 제외하면 AREA 00 승인본 및 유사 역할군과 표현 문법이 이어진다.",MATCHES_DELIVERED_ASSETS,REPACK_ONLY,NO,"실제 ICON 1장, CAST 전 프레임, PROJECTILE 전 프레임 + INPUT 핵심 소재/역할/흐름 + OUTPUT Area Preview",ICON/004_m_shark_s_mon_shark_ICON.png .. PROJECTILE/004_m_shark_s_mon_shark_PROJECTILE_F03.png; area_full_frame_boards/AREA_10_ALL_FRAMES.png,,D:/maplestory_levup/docs/art/output_audit_work/20260912_143540/AREA_10_IMAGES_OUTPUT/AREA_10_IMAGES_OUTPUT/AREA_OVERVIEW_PREVIEW.png의 역할별 썸네일을 실제 납품 프레임의 형상·순서·ICON과 대조함.,REPACK_ONLY,NONE,NO,"물회오리가 이빨 달린 푸른 수류탄을 형성해 튀기며, 투사체는 물방울 광택만 변화"
area_10,아쿠아로드,m_pianus,피아누스,s_mon_pianus,심해왕의 광선,액티브,Y,ICON|CAST_VFX,ICON/005_m_pianus_s_mon_pianus_ICON.png|CAST/005_m_pianus_s_mon_pianus_CAST_F00.png|CAST/005_m_pianus_s_mon_pianus_CAST_F01.png|CAST/005_m_pianus_s_mon_pianus_CAST_F02.png|CAST/005_m_pianus_s_mon_pianus_CAST_F03.png|CAST/005_m_pianus_s_mon_pianus_CAST_F04.png|CAST/005_m_pianus_s_mon_pianus_CAST_F05.png|CAST/005_m_pianus_s_mon_pianus_CAST_F06.png|CAST/005_m_pianus_s_mon_pianus_CAST_F07.png|CAST/005_m_pianus_s_mon_pianus_CAST_F08.png|CAST/005_m_pianus_s_mon_pianus_CAST_F09.png|CAST/005_m_pianus_s_mon_pianus_CAST_F10.png|CAST/005_m_pianus_s_mon_pianus_CAST_F11.png,심해 왕관형 발광기관에서 뻗는 굵은 수평 광선. ‘피아누스 / 심해왕의 광선’ 전용 소재이며 몬스터 본체는 VFX에 직접 넣지 않음,CAST_VFX=시전자 중심 공격 연출; ICON=UI 식별,"자원은 우측 기준이며 대상이 왼쪽이면 FlipX. 판정 자체는 방향성 부채꼴이 아니라 시전자 중심 원형이다. layer drift는 엔진 적용: L1 ruid=3822f5bc47af488585cef2f0929ec811, type=animationclip, style=clip, delay=0s, duration=0.82s, scale=1.2, offset=(0,0) world unit, drift=(0,0) world unit/s; L2 ruid=306a9aafa3fb43498f1b783b85512305, type=animationclip, style=clip, delay=0.25s, duration=0.95s, scale=1.35, offset=(0,0) world unit, drift=(0,0) world unit/s",핵심 형상 준비 → 시전자 중심 확장 → 피해 판정과 가까운 절정 프레임 → 잔광/파편 소멸.,"대표 실루엣 1개는 ‘심해 왕관핵’, 보조 효과 1개는 ‘수평 광선’. 64px 축소에서도 두 형상의 겹침과 방향이 읽혀야 함",NO_OBVIOUS_ISSUE,"실제 관찰: 청록 심해 광선핵이 수면 왕관처럼 솟아 가로 집중광 절정을 만들고 물방울로 감소. INPUT 핵심 소재 '심해 왕관형 발광기관에서 뻗는 굵은 수평 광선. ‘피아누스 / 심해왕의 광선’ 전용 소재이며 몬스터 본체는 VFX에 직접 넣지 않음' 및 CAST_VFX=시전자 중심 공격 연출; ICON=UI 식별와 대응하며, 역할 전환·무관한 공격 소재·별도 생물 삽입은 확인되지 않았다.",CONSISTENT_WITH_REFERENCE,"'심해왕의 광선'의 ICON 1장, CAST 전 프레임에서 어두운 외곽/중간톤/밝은 코어, 단계형 하이라이트와 알파 감쇠가 유지됐다. 역할·체급에 따른 크기와 입자량 차이를 제외하면 AREA 00 승인본 및 유사 역할군과 표현 문법이 이어진다.",MATCHES_DELIVERED_ASSETS,REPACK_ONLY,NO,"실제 ICON 1장, CAST 전 프레임 + INPUT 핵심 소재/역할/흐름 + OUTPUT Area Preview",ICON/005_m_pianus_s_mon_pianus_ICON.png .. CAST/005_m_pianus_s_mon_pianus_CAST_F11.png; area_full_frame_boards/AREA_10_ALL_FRAMES.png,,D:/maplestory_levup/docs/art/output_audit_work/20260912_143540/AREA_10_IMAGES_OUTPUT/AREA_10_IMAGES_OUTPUT/AREA_OVERVIEW_PREVIEW.png의 역할별 썸네일을 실제 납품 프레임의 형상·순서·ICON과 대조함.,REPACK_ONLY,NONE,NO,청록 심해 광선핵이 수면 왕관처럼 솟아 가로 집중광 절정을 만들고 물방울로 감소
area_11,루더스 호수,m_ratz,라츠,s_mon_ratz,태엽쥐의 민첩,패시브,N,ICON|REFERENCE_VFX,ICON/001_m_ratz_s_mon_ratz_ICON.png|REFERENCE/001_m_ratz_s_mon_ratz_REFERENCE_F00.png|REFERENCE/001_m_ratz_s_mon_ratz_REFERENCE_F01.png|REFERENCE/001_m_ratz_s_mon_ratz_REFERENCE_F02.png|REFERENCE/001_m_ratz_s_mon_ratz_REFERENCE_F03.png|REFERENCE/001_m_ratz_s_mon_ratz_REFERENCE_F04.png|REFERENCE/001_m_ratz_s_mon_ratz_REFERENCE_F05.png,작은 태엽 톱니가 빠르게 맞물리는 민첩 잔상. ‘라츠 / 태엽쥐의 민첩’ 전용 소재이며 몬스터 본체는 VFX에 직접 넣지 않음,ICON=런타임 필수; REFERENCE_VFX=기존 제작 범위에 포함된 비전투 참고 산출물(런타임 미사용·자동 반입 금지),방향·FlipX·엔진 이동 없음. 없음,REFERENCE_VFX를 만들 경우 정지 모티브의 짧은 호흡만 표현한다. 공격 준비·타격광·투사체·폭발 단계는 넣지 않는다.,"대표 실루엣 1개는 ‘작은 톱니’, 보조 효과 1개는 ‘두 줄 속도선’. 64px 축소에서도 두 형상의 겹침과 방향이 읽혀야 함",NO_OBVIOUS_ISSUE,"실제 관찰: 황동 태엽과 은색 끝날이 회전하며 짧은 전방 속도선과 먼지를 남김. INPUT 핵심 소재 '작은 태엽 톱니가 빠르게 맞물리는 민첩 잔상. ‘라츠 / 태엽쥐의 민첩’ 전용 소재이며 몬스터 본체는 VFX에 직접 넣지 않음' 및 ICON=런타임 필수; REFERENCE_VFX=기존 제작 범위에 포함된 비전투 참고 산출물(런타임 미사용·자동 반입 금지)와 대응하며, 역할 전환·무관한 공격 소재·별도 생물 삽입은 확인되지 않았다.",CONSISTENT_WITH_REFERENCE,"'태엽쥐의 민첩'의 ICON 1장, 비전투 REFERENCE 전 프레임에서 어두운 외곽/중간톤/밝은 코어, 단계형 하이라이트와 알파 감쇠가 유지됐다. 역할·체급에 따른 크기와 입자량 차이를 제외하면 AREA 00 승인본 및 유사 역할군과 표현 문법이 이어진다.",MATCHES_DELIVERED_ASSETS,REPACK_ONLY,NO,"실제 ICON 1장, 비전투 REFERENCE 전 프레임 + INPUT 핵심 소재/역할/흐름 + OUTPUT Area Preview",ICON/001_m_ratz_s_mon_ratz_ICON.png .. REFERENCE/001_m_ratz_s_mon_ratz_REFERENCE_F05.png; area_full_frame_boards/AREA_11_ALL_FRAMES.png,,D:/maplestory_levup/docs/art/output_audit_work/20260912_143540/AREA_11_IMAGES_OUTPUT/AREA_11_IMAGES_OUTPUT/AREA_OVERVIEW_PREVIEW.png의 역할별 썸네일을 실제 납품 프레임의 형상·순서·ICON과 대조함.,REPACK_ONLY,NONE,NO,황동 태엽과 은색 끝날이 회전하며 짧은 전방 속도선과 먼지를 남김
area_11,루더스 호수,m_drumming_bunny,북치는 토끼,s_mon_drumming_bunny,태엽 북진동,액티브,N,ICON|CAST_VFX,ICON/002_m_drumming_bunny_s_mon_drumming_bunny_ICON.png|CAST/002_m_drumming_bunny_s_mon_drumming_bunny_CAST_F00.png|CAST/002_m_drumming_bunny_s_mon_drumming_bunny_CAST_F01.png|CAST/002_m_drumming_bunny_s_mon_drumming_bunny_CAST_F02.png|CAST/002_m_drumming_bunny_s_mon_drumming_bunny_CAST_F03.png|CAST/002_m_drumming_bunny_s_mon_drumming_bunny_CAST_F04.png|CAST/002_m_drumming_bunny_s_mon_drumming_bunny_CAST_F05.png|CAST/002_m_drumming_bunny_s_mon_drumming_bunny_CAST_F06.png|CAST/002_m_drumming_bunny_s_mon_drumming_bunny_CAST_F07.png,장난감 북면에서 퍼지는 둥근 진동륜과 태엽 별조각. ‘북치는 토끼 / 태엽 북진동’ 전용 소재이며 몬스터 본체는 VFX에 직접 넣지 않음,CAST_VFX=시전자 중심 공격 연출; ICON=UI 식별,"자원은 우측 기준이며 대상이 왼쪽이면 FlipX. 판정 자체는 방향성 부채꼴이 아니라 시전자 중심 원형이다. layer drift는 엔진 적용: L1 ruid=91c5d5dd661e4e079271b4446f7eb262, type=animationclip, style=clip, delay=0s, duration=0.75s, scale=0.9, offset=(0,0) world unit, drift=(0,0) world unit/s",핵심 형상 준비 → 시전자 중심 확장 → 피해 판정과 가까운 절정 프레임 → 잔광/파편 소멸.,"대표 실루엣 1개는 ‘북면’, 보조 효과 1개는 ‘동심 진동륜’. 64px 축소에서도 두 형상의 겹침과 방향이 읽혀야 함",NO_OBVIOUS_ISSUE,"실제 관찰: 붉은 북심을 중심으로 금빛 동심 충격륜이 확대됐다 작은 박자점으로 소멸. INPUT 핵심 소재 '장난감 북면에서 퍼지는 둥근 진동륜과 태엽 별조각. ‘북치는 토끼 / 태엽 북진동’ 전용 소재이며 몬스터 본체는 VFX에 직접 넣지 않음' 및 CAST_VFX=시전자 중심 공격 연출; ICON=UI 식별와 대응하며, 역할 전환·무관한 공격 소재·별도 생물 삽입은 확인되지 않았다.",CONSISTENT_WITH_REFERENCE,"'태엽 북진동'의 ICON 1장, CAST 전 프레임에서 어두운 외곽/중간톤/밝은 코어, 단계형 하이라이트와 알파 감쇠가 유지됐다. 역할·체급에 따른 크기와 입자량 차이를 제외하면 AREA 00 승인본 및 유사 역할군과 표현 문법이 이어진다.",MATCHES_DELIVERED_ASSETS,REPACK_ONLY,NO,"실제 ICON 1장, CAST 전 프레임 + INPUT 핵심 소재/역할/흐름 + OUTPUT Area Preview",ICON/002_m_drumming_bunny_s_mon_drumming_bunny_ICON.png .. CAST/002_m_drumming_bunny_s_mon_drumming_bunny_CAST_F07.png; area_full_frame_boards/AREA_11_ALL_FRAMES.png,,D:/maplestory_levup/docs/art/output_audit_work/20260912_143540/AREA_11_IMAGES_OUTPUT/AREA_11_IMAGES_OUTPUT/AREA_OVERVIEW_PREVIEW.png의 역할별 썸네일을 실제 납품 프레임의 형상·순서·ICON과 대조함.,REPACK_ONLY,NONE,NO,붉은 북심을 중심으로 금빛 동심 충격륜이 확대됐다 작은 박자점으로 소멸
area_11,루더스 호수,m_bloctopus,블록퍼스,s_mon_bloctopus,블록 위장,패시브,N,ICON|REFERENCE_VFX,ICON/003_m_bloctopus_s_mon_bloctopus_ICON.png|REFERENCE/003_m_bloctopus_s_mon_bloctopus_REFERENCE_F00.png|REFERENCE/003_m_bloctopus_s_mon_bloctopus_REFERENCE_F01.png|REFERENCE/003_m_bloctopus_s_mon_bloctopus_REFERENCE_F02.png|REFERENCE/003_m_bloctopus_s_mon_bloctopus_REFERENCE_F03.png|REFERENCE/003_m_bloctopus_s_mon_bloctopus_REFERENCE_F04.png|REFERENCE/003_m_bloctopus_s_mon_bloctopus_REFERENCE_F05.png,사각 블록 표면이 주변 색으로 바뀌며 흐려지는 위장막. ‘블록퍼스 / 블록 위장’ 전용 소재이며 몬스터 본체는 VFX에 직접 넣지 않음,ICON=런타임 필수; REFERENCE_VFX=기존 제작 범위에 포함된 비전투 참고 산출물(런타임 미사용·자동 반입 금지),방향·FlipX·엔진 이동 없음. 없음,REFERENCE_VFX를 만들 경우 정지 모티브의 짧은 호흡만 표현한다. 공격 준비·타격광·투사체·폭발 단계는 넣지 않는다.,"대표 실루엣 1개는 ‘사각 블록’, 보조 효과 1개는 ‘흐림 격자’. 64px 축소에서도 두 형상의 겹침과 방향이 읽혀야 함",NO_OBVIOUS_ISSUE,"실제 관찰: 보라 블록이 청록 격자막 속에서 선명해졌다 반투명 큐브 잔상으로 흐려짐. INPUT 핵심 소재 '사각 블록 표면이 주변 색으로 바뀌며 흐려지는 위장막. ‘블록퍼스 / 블록 위장’ 전용 소재이며 몬스터 본체는 VFX에 직접 넣지 않음' 및 ICON=런타임 필수; REFERENCE_VFX=기존 제작 범위에 포함된 비전투 참고 산출물(런타임 미사용·자동 반입 금지)와 대응하며, 역할 전환·무관한 공격 소재·별도 생물 삽입은 확인되지 않았다.",CONSISTENT_WITH_REFERENCE,"'블록 위장'의 ICON 1장, 비전투 REFERENCE 전 프레임에서 어두운 외곽/중간톤/밝은 코어, 단계형 하이라이트와 알파 감쇠가 유지됐다. 역할·체급에 따른 크기와 입자량 차이를 제외하면 AREA 00 승인본 및 유사 역할군과 표현 문법이 이어진다.",MATCHES_DELIVERED_ASSETS,REPACK_ONLY,NO,"실제 ICON 1장, 비전투 REFERENCE 전 프레임 + INPUT 핵심 소재/역할/흐름 + OUTPUT Area Preview",ICON/003_m_bloctopus_s_mon_bloctopus_ICON.png .. REFERENCE/003_m_bloctopus_s_mon_bloctopus_REFERENCE_F05.png; area_full_frame_boards/AREA_11_ALL_FRAMES.png,,D:/maplestory_levup/docs/art/output_audit_work/20260912_143540/AREA_11_IMAGES_OUTPUT/AREA_11_IMAGES_OUTPUT/AREA_OVERVIEW_PREVIEW.png의 역할별 썸네일을 실제 납품 프레임의 형상·순서·ICON과 대조함.,REPACK_ONLY,NONE,NO,보라 블록이 청록 격자막 속에서 선명해졌다 반투명 큐브 잔상으로 흐려짐
area_11,루더스 호수,m_king_bloctopus,킹 블록퍼스,s_mon_king_bloctopus,왕관 블록탄,액티브,N,ICON|CAST_VFX|PROJECTILE,ICON/004_m_king_bloctopus_s_mon_king_bloctopus_ICON.png|CAST/004_m_king_bloctopus_s_mon_king_bloctopus_CAST_F00.png|CAST/004_m_king_bloctopus_s_mon_king_bloctopus_CAST_F01.png|CAST/004_m_king_bloctopus_s_mon_king_bloctopus_CAST_F02.png|CAST/004_m_king_bloctopus_s_mon_king_bloctopus_CAST_F03.png|CAST/004_m_king_bloctopus_s_mon_king_bloctopus_CAST_F04.png|CAST/004_m_king_bloctopus_s_mon_king_bloctopus_CAST_F05.png|CAST/004_m_king_bloctopus_s_mon_king_bloctopus_CAST_F06.png|CAST/004_m_king_bloctopus_s_mon_king_bloctopus_CAST_F07.png|PROJECTILE/004_m_king_bloctopus_s_mon_king_bloctopus_PROJECTILE_F00.png|PROJECTILE/004_m_king_bloctopus_s_mon_king_bloctopus_PROJECTILE_F01.png|PROJECTILE/004_m_king_bloctopus_s_mon_king_bloctopus_PROJECTILE_F02.png|PROJECTILE/004_m_king_bloctopus_s_mon_king_bloctopus_PROJECTILE_F03.png,왕관 블록이 회전하며 각진 에너지 조각을 발사하는 탄. ‘킹 블록퍼스 / 왕관 블록탄’ 전용 소재이며 몬스터 본체는 VFX에 직접 넣지 않음,CAST_VFX=발사/준비 연출; PROJECTILE=엔진이 이동시키는 비행체; ICON=UI 식별,,,"대표 실루엣 1개는 ‘왕관 블록’, 보조 효과 1개는 ‘각진 탄 궤적’. 64px 축소에서도 두 형상의 겹침과 방향이 읽혀야 함",SPEC_MISMATCH,INPUT은 '왕관 블록이 회전하며 각진 에너지 조각을 발사하는 탄'을 요구하고 몬스터 본체·얼굴·완전한 실루엣을 VFX에 넣지 말라고 명시한다. 그러나 실제 CAST와 PROJECTILE에는 눈·포신·왕관이 결합된 분홍 블록퍼스 축소 본체가 반복된다. ICON의 왕관 블록 모티브는 허용 범위이므로 ICON은 이 판정에서 제외한다.,CONSISTENT_WITH_REFERENCE,"'왕관 블록탄'의 ICON 1장, CAST 전 프레임, PROJECTILE 전 프레임에서 어두운 외곽/중간톤/밝은 코어, 단계형 하이라이트와 알파 감쇠가 유지됐다. 역할·체급에 따른 크기와 입자량 차이를 제외하면 AREA 00 승인본 및 유사 역할군과 표현 문법이 이어진다.",MATCHES_DELIVERED_ASSETS,REGENERATE_CANDIDATE,NO,"실제 ICON 1장, CAST 전 프레임, PROJECTILE 전 프레임 + INPUT 핵심 소재/역할/흐름 + OUTPUT Area Preview",ICON/004_m_king_bloctopus_s_mon_king_bloctopus_ICON.png .. PROJECTILE/004_m_king_bloctopus_s_mon_king_bloctopus_PROJECTILE_F03.png; area_full_frame_boards/AREA_11_ALL_FRAMES.png; docs/art/output_audit/runs/20260912_145815_content_style/issue_comparisons/AREA_11_m_king_bloctopus_CAST_PROJECTILE.png,CAST_VFX|PROJECTILE,D:/maplestory_levup/docs/art/output_audit_work/20260912_143540/AREA_11_IMAGES_OUTPUT/AREA_11_IMAGES_OUTPUT/AREA_OVERVIEW_PREVIEW.png의 역할별 썸네일을 실제 납품 프레임의 형상·순서·ICON과 대조함.,REPACK_ONLY,REGENERATE_CANDIDATE,YES,왕관·눈·포신을 가진 분홍 블록퍼스형 탄이 CAST와 PROJECTILE에 반복되고 보라 광선이 부착
area_11,루더스 호수,m_rombot,롬바드,s_mon_rombot,에오스 중력파,액티브,Y,ICON|CAST_VFX,ICON/005_m_rombot_s_mon_rombot_ICON.png|CAST/005_m_rombot_s_mon_rombot_CAST_F00.png|CAST/005_m_rombot_s_mon_rombot_CAST_F01.png|CAST/005_m_rombot_s_mon_rombot_CAST_F02.png|CAST/005_m_rombot_s_mon_rombot_CAST_F03.png|CAST/005_m_rombot_s_mon_rombot_CAST_F04.png|CAST/005_m_rombot_s_mon_rombot_CAST_F05.png|CAST/005_m_rombot_s_mon_rombot_CAST_F06.png|CAST/005_m_rombot_s_mon_rombot_CAST_F07.png|CAST/005_m_rombot_s_mon_rombot_CAST_F08.png|CAST/005_m_rombot_s_mon_rombot_CAST_F09.png|CAST/005_m_rombot_s_mon_rombot_CAST_F10.png|CAST/005_m_rombot_s_mon_rombot_CAST_F11.png,에오스 톱니 코어가 공간을 아래로 휘게 하는 중력 고리. ‘롬바드 / 에오스 중력파’ 전용 소재이며 몬스터 본체는 VFX에 직접 넣지 않음,CAST_VFX=시전자 중심 공격 연출; ICON=UI 식별,"자원은 우측 기준이며 대상이 왼쪽이면 FlipX. 판정 자체는 방향성 부채꼴이 아니라 시전자 중심 원형이다. layer drift는 엔진 적용: L1 ruid=91c5d5dd661e4e079271b4446f7eb262, type=animationclip, style=clip, delay=0s, duration=0.72s, scale=1.1, offset=(0,0) world unit, drift=(0,0) world unit/s; L2 ruid=06bbe7d534094761b54b147f3a79ca38, type=animationclip, style=clip, delay=0.18s, duration=0.8s, scale=0.8, offset=(0,0) world unit, drift=(0,0) world unit/s",핵심 형상 준비 → 시전자 중심 확장 → 피해 판정과 가까운 절정 프레임 → 잔광/파편 소멸.,"대표 실루엣 1개는 ‘톱니 코어’, 보조 효과 1개는 ‘눌린 중력 고리’. 64px 축소에서도 두 형상의 겹침과 방향이 읽혀야 함",NO_OBVIOUS_ISSUE,"실제 관찰: 보라 기계핵 주위로 혼돈 고리와 수직 충격선이 겹쳐 커졌다 파편·얇은 원으로 감소. INPUT 핵심 소재 '에오스 톱니 코어가 공간을 아래로 휘게 하는 중력 고리. ‘롬바드 / 에오스 중력파’ 전용 소재이며 몬스터 본체는 VFX에 직접 넣지 않음' 및 CAST_VFX=시전자 중심 공격 연출; ICON=UI 식별와 대응하며, 역할 전환·무관한 공격 소재·별도 생물 삽입은 확인되지 않았다.",CONSISTENT_WITH_REFERENCE,"'에오스 중력파'의 ICON 1장, CAST 전 프레임에서 어두운 외곽/중간톤/밝은 코어, 단계형 하이라이트와 알파 감쇠가 유지됐다. 역할·체급에 따른 크기와 입자량 차이를 제외하면 AREA 00 승인본 및 유사 역할군과 표현 문법이 이어진다.",MATCHES_DELIVERED_ASSETS,REPACK_ONLY,NO,"실제 ICON 1장, CAST 전 프레임 + INPUT 핵심 소재/역할/흐름 + OUTPUT Area Preview",ICON/005_m_rombot_s_mon_rombot_ICON.png .. CAST/005_m_rombot_s_mon_rombot_CAST_F11.png; area_full_frame_boards/AREA_11_ALL_FRAMES.png,,D:/maplestory_levup/docs/art/output_audit_work/20260912_143540/AREA_11_IMAGES_OUTPUT/AREA_11_IMAGES_OUTPUT/AREA_OVERVIEW_PREVIEW.png의 역할별 썸네일을 실제 납품 프레임의 형상·순서·ICON과 대조함.,REPACK_ONLY,NONE,NO,보라 기계핵 주위로 혼돈 고리와 수직 충격선이 겹쳐 커졌다 파편·얇은 원으로 감소
area_12,루디브리엄,m_brown_teddy,브라운테니,s_mon_brown_teddy,솜인형 완충,패시브,N,ICON|REFERENCE_VFX,ICON/001_m_brown_teddy_s_mon_brown_teddy_ICON.png|REFERENCE/001_m_brown_teddy_s_mon_brown_teddy_REFERENCE_F00.png|REFERENCE/001_m_brown_teddy_s_mon_brown_teddy_REFERENCE_F01.png|REFERENCE/001_m_brown_teddy_s_mon_brown_teddy_REFERENCE_F02.png|REFERENCE/001_m_brown_teddy_s_mon_brown_teddy_REFERENCE_F03.png|REFERENCE/001_m_brown_teddy_s_mon_brown_teddy_REFERENCE_F04.png|REFERENCE/001_m_brown_teddy_s_mon_brown_teddy_REFERENCE_F05.png,갈색 솜뭉치가 눌렸다 부푸는 쿠션형 완충막. ‘브라운테니 / 솜인형 완충’ 전용 소재이며 몬스터 본체는 VFX에 직접 넣지 않음,ICON=런타임 필수; REFERENCE_VFX=기존 제작 범위에 포함된 비전투 참고 산출물(런타임 미사용·자동 반입 금지),방향·FlipX·엔진 이동 없음. 없음,REFERENCE_VFX를 만들 경우 정지 모티브의 짧은 호흡만 표현한다. 공격 준비·타격광·투사체·폭발 단계는 넣지 않는다.,"대표 실루엣 1개는 ‘솜 쿠션’, 보조 효과 1개는 ‘눌림 곡선’. 64px 축소에서도 두 형상의 겹침과 방향이 읽혀야 함",NO_OBVIOUS_ISSUE,"실제 관찰: 갈색 봉제 쿠션이 눌려 납작해졌다 탄성 화살표와 솜먼지를 내며 복원. INPUT 핵심 소재 '갈색 솜뭉치가 눌렸다 부푸는 쿠션형 완충막. ‘브라운테니 / 솜인형 완충’ 전용 소재이며 몬스터 본체는 VFX에 직접 넣지 않음' 및 ICON=런타임 필수; REFERENCE_VFX=기존 제작 범위에 포함된 비전투 참고 산출물(런타임 미사용·자동 반입 금지)와 대응하며, 역할 전환·무관한 공격 소재·별도 생물 삽입은 확인되지 않았다.",CONSISTENT_WITH_REFERENCE,"'솜인형 완충'의 ICON 1장, 비전투 REFERENCE 전 프레임에서 어두운 외곽/중간톤/밝은 코어, 단계형 하이라이트와 알파 감쇠가 유지됐다. 역할·체급에 따른 크기와 입자량 차이를 제외하면 AREA 00 승인본 및 유사 역할군과 표현 문법이 이어진다.",MATCHES_DELIVERED_ASSETS,REPACK_ONLY,NO,"실제 ICON 1장, 비전투 REFERENCE 전 프레임 + INPUT 핵심 소재/역할/흐름 + OUTPUT Area Preview",ICON/001_m_brown_teddy_s_mon_brown_teddy_ICON.png .. REFERENCE/001_m_brown_teddy_s_mon_brown_teddy_REFERENCE_F05.png; area_full_frame_boards/AREA_12_ALL_FRAMES.png,,D:/maplestory_levup/docs/art/output_audit_work/20260912_143540/AREA_12_IMAGES_OUTPUT/AREA_12_IMAGES_OUTPUT/AREA_OVERVIEW_PREVIEW.png의 역할별 썸네일을 실제 납품 프레임의 형상·순서·ICON과 대조함.,REPACK_ONLY,NONE,NO,갈색 봉제 쿠션이 눌려 납작해졌다 탄성 화살표와 솜먼지를 내며 복원
area_12,루디브리엄,m_toy_trojan,장난감 목마,s_mon_toy_trojan,태엽 목마 돌진,액티브,N,ICON|CAST_VFX,ICON/002_m_toy_trojan_s_mon_toy_trojan_ICON.png|CAST/002_m_toy_trojan_s_mon_toy_trojan_CAST_F00.png|CAST/002_m_toy_trojan_s_mon_toy_trojan_CAST_F01.png|CAST/002_m_toy_trojan_s_mon_toy_trojan_CAST_F02.png|CAST/002_m_toy_trojan_s_mon_toy_trojan_CAST_F03.png|CAST/002_m_toy_trojan_s_mon_toy_trojan_CAST_F04.png|CAST/002_m_toy_trojan_s_mon_toy_trojan_CAST_F05.png|CAST/002_m_toy_trojan_s_mon_toy_trojan_CAST_F06.png|CAST/002_m_toy_trojan_s_mon_toy_trojan_CAST_F07.png,목마 바퀴와 태엽이 전방으로 겹치는 장난감 돌진선. ‘장난감 목마 / 태엽 목마 돌진’ 전용 소재이며 몬스터 본체는 VFX에 직접 넣지 않음,CAST_VFX=플레이어 돌진 도착점의 충돌 연출; ICON=UI 식별,"우측 기준 제작 후 FlipX. 이동 궤적 전체를 한 프레임 안에서 재현하지 않는다. layer drift는 엔진 적용: L1 ruid=fc4857ea48be477c9546c775e0f31d49, type=animationclip, style=clip, delay=0s, duration=0.7s, scale=0.72, offset=(0,0) world unit, drift=(1.0,0) world unit/s",도착점 압축 → 충돌 절정 → 파편/잔상 소멸. 출발부터 도착까지의 전신 이동을 시트 안에서 반복하지 않는다.,"대표 실루엣 1개는 ‘목마 머리’, 보조 효과 1개는 ‘바퀴 속도선’. 64px 축소에서도 두 형상의 겹침과 방향이 읽혀야 함",NEEDS_USER_REVIEW,"INPUT CAST 핵심은 목마 휠·태엽 스프링·전방 압축선이며 본체/얼굴 삽입을 금지한다. 실제 CAST는 바퀴·태엽과 함께 눈이 있는 목마 머리/몸통 조각을 전면 형상으로 쓴다. ICON에는 목마 머리가 명시적으로 허용되어 있어, CAST의 형상이 허용된 모티브 확장인지 금지된 본체 삽입인지 해석 경계가 남는다.",CONSISTENT_WITH_REFERENCE,"'태엽 목마 돌진'의 ICON 1장, CAST 전 프레임에서 어두운 외곽/중간톤/밝은 코어, 단계형 하이라이트와 알파 감쇠가 유지됐다. 역할·체급에 따른 크기와 입자량 차이를 제외하면 AREA 00 승인본 및 유사 역할군과 표현 문법이 이어진다.",MATCHES_DELIVERED_ASSETS,USER_REVIEW,NO,"실제 ICON 1장, CAST 전 프레임 + INPUT 핵심 소재/역할/흐름 + OUTPUT Area Preview",ICON/002_m_toy_trojan_s_mon_toy_trojan_ICON.png .. CAST/002_m_toy_trojan_s_mon_toy_trojan_CAST_F07.png; area_full_frame_boards/AREA_12_ALL_FRAMES.png; docs/art/output_audit/runs/20260912_145815_content_style/issue_comparisons/AREA_12_m_toy_trojan_CAST.png,CAST_VFX,D:/maplestory_levup/docs/art/output_audit_work/20260912_143540/AREA_12_IMAGES_OUTPUT/AREA_12_IMAGES_OUTPUT/AREA_OVERVIEW_PREVIEW.png의 역할별 썸네일을 실제 납품 프레임의 형상·순서·ICON과 대조함.,REPACK_ONLY,USER_REVIEW,PENDING,바퀴·태엽과 눈 달린 목마 머리 조각이 전방 충돌광을 만들고 속도선·별조각으로 해체
area_12,루디브리엄,m_master_robo,마스터 로보,s_mon_master_robo,정밀 태엽회로,패시브,N,ICON|REFERENCE_VFX,ICON/003_m_master_robo_s_mon_master_robo_ICON.png|REFERENCE/003_m_master_robo_s_mon_master_robo_REFERENCE_F00.png|REFERENCE/003_m_master_robo_s_mon_master_robo_REFERENCE_F01.png|REFERENCE/003_m_master_robo_s_mon_master_robo_REFERENCE_F02.png|REFERENCE/003_m_master_robo_s_mon_master_robo_REFERENCE_F03.png|REFERENCE/003_m_master_robo_s_mon_master_robo_REFERENCE_F04.png|REFERENCE/003_m_master_robo_s_mon_master_robo_REFERENCE_F05.png,정밀 톱니 세 개와 회로선이 동심으로 맞물리는 코어. ‘마스터 로보 / 정밀 태엽회로’ 전용 소재이며 몬스터 본체는 VFX에 직접 넣지 않음,ICON=런타임 필수; REFERENCE_VFX=기존 제작 범위에 포함된 비전투 참고 산출물(런타임 미사용·자동 반입 금지),방향·FlipX·엔진 이동 없음. 없음,REFERENCE_VFX를 만들 경우 정지 모티브의 짧은 호흡만 표현한다. 공격 준비·타격광·투사체·폭발 단계는 넣지 않는다.,"대표 실루엣 1개는 ‘세 톱니 코어’, 보조 효과 1개는 ‘회로선’. 64px 축소에서도 두 형상의 겹침과 방향이 읽혀야 함",NO_OBVIOUS_ISSUE,"실제 관찰: 회색 기어 여러 개가 청록 회로광과 함께 맞물려 돌고 원형 기계핵으로 안정. INPUT 핵심 소재 '정밀 톱니 세 개와 회로선이 동심으로 맞물리는 코어. ‘마스터 로보 / 정밀 태엽회로’ 전용 소재이며 몬스터 본체는 VFX에 직접 넣지 않음' 및 ICON=런타임 필수; REFERENCE_VFX=기존 제작 범위에 포함된 비전투 참고 산출물(런타임 미사용·자동 반입 금지)와 대응하며, 역할 전환·무관한 공격 소재·별도 생물 삽입은 확인되지 않았다.",CONSISTENT_WITH_REFERENCE,"'정밀 태엽회로'의 ICON 1장, 비전투 REFERENCE 전 프레임에서 어두운 외곽/중간톤/밝은 코어, 단계형 하이라이트와 알파 감쇠가 유지됐다. 역할·체급에 따른 크기와 입자량 차이를 제외하면 AREA 00 승인본 및 유사 역할군과 표현 문법이 이어진다.",MATCHES_DELIVERED_ASSETS,REPACK_ONLY,NO,"실제 ICON 1장, 비전투 REFERENCE 전 프레임 + INPUT 핵심 소재/역할/흐름 + OUTPUT Area Preview",ICON/003_m_master_robo_s_mon_master_robo_ICON.png .. REFERENCE/003_m_master_robo_s_mon_master_robo_REFERENCE_F05.png; area_full_frame_boards/AREA_12_ALL_FRAMES.png,,D:/maplestory_levup/docs/art/output_audit_work/20260912_143540/AREA_12_IMAGES_OUTPUT/AREA_12_IMAGES_OUTPUT/AREA_OVERVIEW_PREVIEW.png의 역할별 썸네일을 실제 납품 프레임의 형상·순서·ICON과 대조함.,REPACK_ONLY,NONE,NO,회색 기어 여러 개가 청록 회로광과 함께 맞물려 돌고 원형 기계핵으로 안정
area_12,루디브리엄,m_chronos,크로노스,s_mon_chronos,크로노스의 시간편린,액티브,N,ICON|CAST_VFX,ICON/004_m_chronos_s_mon_chronos_ICON.png|CAST/004_m_chronos_s_mon_chronos_CAST_F00.png|CAST/004_m_chronos_s_mon_chronos_CAST_F01.png|CAST/004_m_chronos_s_mon_chronos_CAST_F02.png|CAST/004_m_chronos_s_mon_chronos_CAST_F03.png|CAST/004_m_chronos_s_mon_chronos_CAST_F04.png|CAST/004_m_chronos_s_mon_chronos_CAST_F05.png|CAST/004_m_chronos_s_mon_chronos_CAST_F06.png|CAST/004_m_chronos_s_mon_chronos_CAST_F07.png,깨진 시계판 조각과 역회전하는 짧은 시간 궤도. ‘크로노스 / 크로노스의 시간편린’ 전용 소재이며 몬스터 본체는 VFX에 직접 넣지 않음,CAST_VFX=시전자 중심 공격 연출; ICON=UI 식별,"자원은 우측 기준이며 대상이 왼쪽이면 FlipX. 판정 자체는 방향성 부채꼴이 아니라 시전자 중심 원형이다. layer drift는 엔진 적용: L1 ruid=e5558e07445143b6999f20246768a3fe, type=animationclip, style=clip, delay=0.12s, duration=0.8s, scale=0.9, offset=(0,0) world unit, drift=(0,0) world unit/s",핵심 형상 준비 → 시전자 중심 확장 → 피해 판정과 가까운 절정 프레임 → 잔광/파편 소멸.,"대표 실루엣 1개는 ‘깨진 시계판’, 보조 효과 1개는 ‘역회전 궤도’. 64px 축소에서도 두 형상의 겹침과 방향이 읽혀야 함",NO_OBVIOUS_ISSUE,"실제 관찰: 검푸른 시간 구체와 시계 파편이 충돌광으로 벌어졌다 작은 파편 궤도로 줄어듦. INPUT 핵심 소재 '깨진 시계판 조각과 역회전하는 짧은 시간 궤도. ‘크로노스 / 크로노스의 시간편린’ 전용 소재이며 몬스터 본체는 VFX에 직접 넣지 않음' 및 CAST_VFX=시전자 중심 공격 연출; ICON=UI 식별와 대응하며, 역할 전환·무관한 공격 소재·별도 생물 삽입은 확인되지 않았다.",CONSISTENT_WITH_REFERENCE,"'크로노스의 시간편린'의 ICON 1장, CAST 전 프레임에서 어두운 외곽/중간톤/밝은 코어, 단계형 하이라이트와 알파 감쇠가 유지됐다. 역할·체급에 따른 크기와 입자량 차이를 제외하면 AREA 00 승인본 및 유사 역할군과 표현 문법이 이어진다.",MATCHES_DELIVERED_ASSETS,REPACK_ONLY,NO,"실제 ICON 1장, CAST 전 프레임 + INPUT 핵심 소재/역할/흐름 + OUTPUT Area Preview",ICON/004_m_chronos_s_mon_chronos_ICON.png .. CAST/004_m_chronos_s_mon_chronos_CAST_F07.png; area_full_frame_boards/AREA_12_ALL_FRAMES.png,,D:/maplestory_levup/docs/art/output_audit_work/20260912_143540/AREA_12_IMAGES_OUTPUT/AREA_12_IMAGES_OUTPUT/AREA_OVERVIEW_PREVIEW.png의 역할별 썸네일을 실제 납품 프레임의 형상·순서·ICON과 대조함.,REPACK_ONLY,NONE,NO,검푸른 시간 구체와 시계 파편이 충돌광으로 벌어졌다 작은 파편 궤도로 줄어듦
area_12,루디브리엄,m_timer,타이머,s_mon_timer,시간 정지 충격,액티브,Y,ICON|CAST_VFX,ICON/005_m_timer_s_mon_timer_ICON.png|CAST/005_m_timer_s_mon_timer_CAST_F00.png|CAST/005_m_timer_s_mon_timer_CAST_F01.png|CAST/005_m_timer_s_mon_timer_CAST_F02.png|CAST/005_m_timer_s_mon_timer_CAST_F03.png|CAST/005_m_timer_s_mon_timer_CAST_F04.png|CAST/005_m_timer_s_mon_timer_CAST_F05.png|CAST/005_m_timer_s_mon_timer_CAST_F06.png|CAST/005_m_timer_s_mon_timer_CAST_F07.png|CAST/005_m_timer_s_mon_timer_CAST_F08.png|CAST/005_m_timer_s_mon_timer_CAST_F09.png|CAST/005_m_timer_s_mon_timer_CAST_F10.png|CAST/005_m_timer_s_mon_timer_CAST_F11.png,정지한 시곗바늘에서 각진 시간 충격륜이 터지는 순간. ‘타이머 / 시간 정지 충격’ 전용 소재이며 몬스터 본체는 VFX에 직접 넣지 않음,CAST_VFX=시전자 중심 공격 연출; ICON=UI 식별,"자원은 우측 기준이며 대상이 왼쪽이면 FlipX. 판정 자체는 방향성 부채꼴이 아니라 시전자 중심 원형이다. layer drift는 엔진 적용: L1 ruid=e5558e07445143b6999f20246768a3fe, type=animationclip, style=clip, delay=0s, duration=0.78s, scale=1, offset=(0,0) world unit, drift=(0,0) world unit/s; L2 ruid=3ef6b2dcc75f4d4990e6e7f106bda49e, type=animationclip, style=clip, delay=0.2s, duration=0.88s, scale=0.85, offset=(0,0) world unit, drift=(0,0) world unit/s",핵심 형상 준비 → 시전자 중심 확장 → 피해 판정과 가까운 절정 프레임 → 잔광/파편 소멸.,"대표 실루엣 1개는 ‘멈춘 시곗바늘’, 보조 효과 1개는 ‘시간 충격륜’. 64px 축소에서도 두 형상의 겹침과 방향이 읽혀야 함",NO_OBVIOUS_ISSUE,"실제 관찰: 금빛 시계핵과 청백 시간살이 방사형으로 펼쳐졌다 고리·작은 시계점으로 수축. INPUT 핵심 소재 '정지한 시곗바늘에서 각진 시간 충격륜이 터지는 순간. ‘타이머 / 시간 정지 충격’ 전용 소재이며 몬스터 본체는 VFX에 직접 넣지 않음' 및 CAST_VFX=시전자 중심 공격 연출; ICON=UI 식별와 대응하며, 역할 전환·무관한 공격 소재·별도 생물 삽입은 확인되지 않았다.",CONSISTENT_WITH_REFERENCE,"'시간 정지 충격'의 ICON 1장, CAST 전 프레임에서 어두운 외곽/중간톤/밝은 코어, 단계형 하이라이트와 알파 감쇠가 유지됐다. 역할·체급에 따른 크기와 입자량 차이를 제외하면 AREA 00 승인본 및 유사 역할군과 표현 문법이 이어진다.",MATCHES_DELIVERED_ASSETS,REPACK_ONLY,NO,"실제 ICON 1장, CAST 전 프레임 + INPUT 핵심 소재/역할/흐름 + OUTPUT Area Preview",ICON/005_m_timer_s_mon_timer_ICON.png .. CAST/005_m_timer_s_mon_timer_CAST_F11.png; area_full_frame_boards/AREA_12_ALL_FRAMES.png,,D:/maplestory_levup/docs/art/output_audit_work/20260912_143540/AREA_12_IMAGES_OUTPUT/AREA_12_IMAGES_OUTPUT/AREA_OVERVIEW_PREVIEW.png의 역할별 썸네일을 실제 납품 프레임의 형상·순서·ICON과 대조함.,REPACK_ONLY,NONE,NO,금빛 시계핵과 청백 시간살이 방사형으로 펼쳐졌다 고리·작은 시계점으로 수축
area_13,니할 사막,m_white_sand_rabbit,흰 모래토끼,s_mon_white_sand_rabbit,사막 굴착탄,액티브,N,ICON|CAST_VFX,ICON/001_m_white_sand_rabbit_s_mon_white_sand_rabbit_ICON.png|CAST/001_m_white_sand_rabbit_s_mon_white_sand_rabbit_CAST_F00.png|CAST/001_m_white_sand_rabbit_s_mon_white_sand_rabbit_CAST_F01.png|CAST/001_m_white_sand_rabbit_s_mon_white_sand_rabbit_CAST_F02.png|CAST/001_m_white_sand_rabbit_s_mon_white_sand_rabbit_CAST_F03.png|CAST/001_m_white_sand_rabbit_s_mon_white_sand_rabbit_CAST_F04.png|CAST/001_m_white_sand_rabbit_s_mon_white_sand_rabbit_CAST_F05.png|CAST/001_m_white_sand_rabbit_s_mon_white_sand_rabbit_CAST_F06.png|CAST/001_m_white_sand_rabbit_s_mon_white_sand_rabbit_CAST_F07.png,모래를 파고 솟는 원뿔형 굴착탄과 작은 모래알. ‘흰 모래토끼 / 사막 굴착탄’ 전용 소재이며 몬스터 본체는 VFX에 직접 넣지 않음,CAST_VFX=시전자 중심 공격 연출; ICON=UI 식별,"자원은 우측 기준이며 대상이 왼쪽이면 FlipX. 판정 자체는 방향성 부채꼴이 아니라 시전자 중심 원형이다. layer drift는 엔진 적용: L1 ruid=201c4ae9d7c24438b56fb4d731ed9245, type=animationclip, style=clip, delay=0.12s, duration=0.72s, scale=0.85, offset=(0,0) world unit, drift=(0,0) world unit/s",핵심 형상 준비 → 시전자 중심 확장 → 피해 판정과 가까운 절정 프레임 → 잔광/파편 소멸.,"대표 실루엣 1개는 ‘모래 원뿔탄’, 보조 효과 1개는 ‘굴착 궤적’. 64px 축소에서도 두 형상의 겹침과 방향이 읽혀야 함",NO_OBVIOUS_ISSUE,"실제 관찰: 밝은 모래 고리가 지면에서 원뿔 송곳으로 솟고 갈색 알갱이와 함께 무너짐. INPUT 핵심 소재 '모래를 파고 솟는 원뿔형 굴착탄과 작은 모래알. ‘흰 모래토끼 / 사막 굴착탄’ 전용 소재이며 몬스터 본체는 VFX에 직접 넣지 않음' 및 CAST_VFX=시전자 중심 공격 연출; ICON=UI 식별와 대응하며, 역할 전환·무관한 공격 소재·별도 생물 삽입은 확인되지 않았다.",CONSISTENT_WITH_REFERENCE,"'사막 굴착탄'의 ICON 1장, CAST 전 프레임에서 어두운 외곽/중간톤/밝은 코어, 단계형 하이라이트와 알파 감쇠가 유지됐다. 역할·체급에 따른 크기와 입자량 차이를 제외하면 AREA 00 승인본 및 유사 역할군과 표현 문법이 이어진다.",MATCHES_DELIVERED_ASSETS,REPACK_ONLY,NO,"실제 ICON 1장, CAST 전 프레임 + INPUT 핵심 소재/역할/흐름 + OUTPUT Area Preview",ICON/001_m_white_sand_rabbit_s_mon_white_sand_rabbit_ICON.png .. CAST/001_m_white_sand_rabbit_s_mon_white_sand_rabbit_CAST_F07.png; area_full_frame_boards/AREA_13_ALL_FRAMES.png,,D:/maplestory_levup/docs/art/output_audit_work/20260912_143540/AREA_13_IMAGES_OUTPUT/AREA_13_IMAGES_OUTPUT/AREA_OVERVIEW_PREVIEW.png의 역할별 썸네일을 실제 납품 프레임의 형상·순서·ICON과 대조함.,REPACK_ONLY,NONE,NO,밝은 모래 고리가 지면에서 원뿔 송곳으로 솟고 갈색 알갱이와 함께 무너짐
area_13,니할 사막,m_scarf_plead,목도리 프릴드,s_mon_scarf_plead,목도리의 사막감각,패시브,N,ICON|REFERENCE_VFX,ICON/002_m_scarf_plead_s_mon_scarf_plead_ICON.png|REFERENCE/002_m_scarf_plead_s_mon_scarf_plead_REFERENCE_F00.png|REFERENCE/002_m_scarf_plead_s_mon_scarf_plead_REFERENCE_F01.png|REFERENCE/002_m_scarf_plead_s_mon_scarf_plead_REFERENCE_F02.png|REFERENCE/002_m_scarf_plead_s_mon_scarf_plead_REFERENCE_F03.png|REFERENCE/002_m_scarf_plead_s_mon_scarf_plead_REFERENCE_F04.png|REFERENCE/002_m_scarf_plead_s_mon_scarf_plead_REFERENCE_F05.png,목도리 끝이 바람결을 읽듯 휘는 얇은 사막 감지선. ‘목도리 프릴드 / 목도리의 사막감각’ 전용 소재이며 몬스터 본체는 VFX에 직접 넣지 않음,ICON=런타임 필수; REFERENCE_VFX=기존 제작 범위에 포함된 비전투 참고 산출물(런타임 미사용·자동 반입 금지),방향·FlipX·엔진 이동 없음. 없음,REFERENCE_VFX를 만들 경우 정지 모티브의 짧은 호흡만 표현한다. 공격 준비·타격광·투사체·폭발 단계는 넣지 않는다.,"대표 실루엣 1개는 ‘휘날린 목도리’, 보조 효과 1개는 ‘바람 감지선’. 64px 축소에서도 두 형상의 겹침과 방향이 읽혀야 함",NO_OBVIOUS_ISSUE,"실제 관찰: 주황·적갈 목도리 조각이 바람 초승달을 따라 흔들렸다 원래 곡선으로 복귀. INPUT 핵심 소재 '목도리 끝이 바람결을 읽듯 휘는 얇은 사막 감지선. ‘목도리 프릴드 / 목도리의 사막감각’ 전용 소재이며 몬스터 본체는 VFX에 직접 넣지 않음' 및 ICON=런타임 필수; REFERENCE_VFX=기존 제작 범위에 포함된 비전투 참고 산출물(런타임 미사용·자동 반입 금지)와 대응하며, 역할 전환·무관한 공격 소재·별도 생물 삽입은 확인되지 않았다.",CONSISTENT_WITH_REFERENCE,"'목도리의 사막감각'의 ICON 1장, 비전투 REFERENCE 전 프레임에서 어두운 외곽/중간톤/밝은 코어, 단계형 하이라이트와 알파 감쇠가 유지됐다. 역할·체급에 따른 크기와 입자량 차이를 제외하면 AREA 00 승인본 및 유사 역할군과 표현 문법이 이어진다.",MATCHES_DELIVERED_ASSETS,REPACK_ONLY,NO,"실제 ICON 1장, 비전투 REFERENCE 전 프레임 + INPUT 핵심 소재/역할/흐름 + OUTPUT Area Preview",ICON/002_m_scarf_plead_s_mon_scarf_plead_ICON.png .. REFERENCE/002_m_scarf_plead_s_mon_scarf_plead_REFERENCE_F05.png; area_full_frame_boards/AREA_13_ALL_FRAMES.png,,D:/maplestory_levup/docs/art/output_audit_work/20260912_143540/AREA_13_IMAGES_OUTPUT/AREA_13_IMAGES_OUTPUT/AREA_OVERVIEW_PREVIEW.png의 역할별 썸네일을 실제 납품 프레임의 형상·순서·ICON과 대조함.,REPACK_ONLY,NONE,NO,주황·적갈 목도리 조각이 바람 초승달을 따라 흔들렸다 원래 곡선으로 복귀
area_13,니할 사막,m_meercat,미요캐츠,s_mon_meercat,미요캐츠의 모래매복,액티브,N,ICON|CAST_VFX,ICON/003_m_meercat_s_mon_meercat_ICON.png|CAST/003_m_meercat_s_mon_meercat_CAST_F00.png|CAST/003_m_meercat_s_mon_meercat_CAST_F01.png|CAST/003_m_meercat_s_mon_meercat_CAST_F02.png|CAST/003_m_meercat_s_mon_meercat_CAST_F03.png|CAST/003_m_meercat_s_mon_meercat_CAST_F04.png|CAST/003_m_meercat_s_mon_meercat_CAST_F05.png|CAST/003_m_meercat_s_mon_meercat_CAST_F06.png|CAST/003_m_meercat_s_mon_meercat_CAST_F07.png,모래언덕 아래 숨었다 솟는 두 갈래 매복 흔적. ‘미요캐츠 / 미요캐츠의 모래매복’ 전용 소재이며 몬스터 본체는 VFX에 직접 넣지 않음,CAST_VFX=시전자 중심 공격 연출; ICON=UI 식별,"자원은 우측 기준이며 대상이 왼쪽이면 FlipX. 판정 자체는 방향성 부채꼴이 아니라 시전자 중심 원형이다. layer drift는 엔진 적용: L1 ruid=412bce166c844b07ba1b4aa3ddcd53fa, type=animationclip, style=clip, delay=0s, duration=0.74s, scale=0.9, offset=(0,0) world unit, drift=(0,0) world unit/s",핵심 형상 준비 → 시전자 중심 확장 → 피해 판정과 가까운 절정 프레임 → 잔광/파편 소멸.,"대표 실루엣 1개는 ‘솟는 모래봉’, 보조 효과 1개는 ‘숨은 눈빛’. 64px 축소에서도 두 형상의 겹침과 방향이 읽혀야 함",NO_OBVIOUS_ISSUE,"실제 관찰: 낮은 모래 둔덕이 전방 원뿔로 솟고 큰 모래 파편 뒤 얕은 고리로 가라앉음. INPUT 핵심 소재 '모래언덕 아래 숨었다 솟는 두 갈래 매복 흔적. ‘미요캐츠 / 미요캐츠의 모래매복’ 전용 소재이며 몬스터 본체는 VFX에 직접 넣지 않음' 및 CAST_VFX=시전자 중심 공격 연출; ICON=UI 식별와 대응하며, 역할 전환·무관한 공격 소재·별도 생물 삽입은 확인되지 않았다.",CONSISTENT_WITH_REFERENCE,"'미요캐츠의 모래매복'의 ICON 1장, CAST 전 프레임에서 어두운 외곽/중간톤/밝은 코어, 단계형 하이라이트와 알파 감쇠가 유지됐다. 역할·체급에 따른 크기와 입자량 차이를 제외하면 AREA 00 승인본 및 유사 역할군과 표현 문법이 이어진다.",MATCHES_DELIVERED_ASSETS,REPACK_ONLY,NO,"실제 ICON 1장, CAST 전 프레임 + INPUT 핵심 소재/역할/흐름 + OUTPUT Area Preview",ICON/003_m_meercat_s_mon_meercat_ICON.png .. CAST/003_m_meercat_s_mon_meercat_CAST_F07.png; area_full_frame_boards/AREA_13_ALL_FRAMES.png,,D:/maplestory_levup/docs/art/output_audit_work/20260912_143540/AREA_13_IMAGES_OUTPUT/AREA_13_IMAGES_OUTPUT/AREA_OVERVIEW_PREVIEW.png의 역할별 썸네일을 실제 납품 프레임의 형상·순서·ICON과 대조함.,REPACK_ONLY,NONE,NO,낮은 모래 둔덕이 전방 원뿔로 솟고 큰 모래 파편 뒤 얕은 고리로 가라앉음
area_13,니할 사막,m_sand_dwarf,모래난쟁이,s_mon_sand_dwarf,사막 대장장이의 체력,패시브,N,ICON|REFERENCE_VFX,ICON/004_m_sand_dwarf_s_mon_sand_dwarf_ICON.png|REFERENCE/004_m_sand_dwarf_s_mon_sand_dwarf_REFERENCE_F00.png|REFERENCE/004_m_sand_dwarf_s_mon_sand_dwarf_REFERENCE_F01.png|REFERENCE/004_m_sand_dwarf_s_mon_sand_dwarf_REFERENCE_F02.png|REFERENCE/004_m_sand_dwarf_s_mon_sand_dwarf_REFERENCE_F03.png|REFERENCE/004_m_sand_dwarf_s_mon_sand_dwarf_REFERENCE_F04.png|REFERENCE/004_m_sand_dwarf_s_mon_sand_dwarf_REFERENCE_F05.png,대장장이 망치 문양과 단단히 맺힌 붉은 체력 불씨. ‘모래난쟁이 / 사막 대장장이의 체력’ 전용 소재이며 몬스터 본체는 VFX에 직접 넣지 않음,ICON=런타임 필수; REFERENCE_VFX=기존 제작 범위에 포함된 비전투 참고 산출물(런타임 미사용·자동 반입 금지),방향·FlipX·엔진 이동 없음. 없음,REFERENCE_VFX를 만들 경우 정지 모티브의 짧은 호흡만 표현한다. 공격 준비·타격광·투사체·폭발 단계는 넣지 않는다.,"대표 실루엣 1개는 ‘망치 문양’, 보조 효과 1개는 ‘붉은 체력핵’. 64px 축소에서도 두 형상의 겹침과 방향이 읽혀야 함",NO_OBVIOUS_ISSUE,"실제 관찰: 주황 망치 머리와 붉은 체력광이 짧게 밝아졌다 모래 궤적 속에서 안정. INPUT 핵심 소재 '대장장이 망치 문양과 단단히 맺힌 붉은 체력 불씨. ‘모래난쟁이 / 사막 대장장이의 체력’ 전용 소재이며 몬스터 본체는 VFX에 직접 넣지 않음' 및 ICON=런타임 필수; REFERENCE_VFX=기존 제작 범위에 포함된 비전투 참고 산출물(런타임 미사용·자동 반입 금지)와 대응하며, 역할 전환·무관한 공격 소재·별도 생물 삽입은 확인되지 않았다.",CONSISTENT_WITH_REFERENCE,"'사막 대장장이의 체력'의 ICON 1장, 비전투 REFERENCE 전 프레임에서 어두운 외곽/중간톤/밝은 코어, 단계형 하이라이트와 알파 감쇠가 유지됐다. 역할·체급에 따른 크기와 입자량 차이를 제외하면 AREA 00 승인본 및 유사 역할군과 표현 문법이 이어진다.",MATCHES_DELIVERED_ASSETS,REPACK_ONLY,NO,"실제 ICON 1장, 비전투 REFERENCE 전 프레임 + INPUT 핵심 소재/역할/흐름 + OUTPUT Area Preview",ICON/004_m_sand_dwarf_s_mon_sand_dwarf_ICON.png .. REFERENCE/004_m_sand_dwarf_s_mon_sand_dwarf_REFERENCE_F05.png; area_full_frame_boards/AREA_13_ALL_FRAMES.png,,D:/maplestory_levup/docs/art/output_audit_work/20260912_143540/AREA_13_IMAGES_OUTPUT/AREA_13_IMAGES_OUTPUT/AREA_OVERVIEW_PREVIEW.png의 역할별 썸네일을 실제 납품 프레임의 형상·순서·ICON과 대조함.,REPACK_ONLY,NONE,NO,주황 망치 머리와 붉은 체력광이 짧게 밝아졌다 모래 궤적 속에서 안정
area_13,니할 사막,m_deo,데우,s_mon_deo,잠든 선인장의 폭발,액티브,Y,ICON|CAST_VFX,ICON/005_m_deo_s_mon_deo_ICON.png|CAST/005_m_deo_s_mon_deo_CAST_F00.png|CAST/005_m_deo_s_mon_deo_CAST_F01.png|CAST/005_m_deo_s_mon_deo_CAST_F02.png|CAST/005_m_deo_s_mon_deo_CAST_F03.png|CAST/005_m_deo_s_mon_deo_CAST_F04.png|CAST/005_m_deo_s_mon_deo_CAST_F05.png|CAST/005_m_deo_s_mon_deo_CAST_F06.png|CAST/005_m_deo_s_mon_deo_CAST_F07.png|CAST/005_m_deo_s_mon_deo_CAST_F08.png|CAST/005_m_deo_s_mon_deo_CAST_F09.png|CAST/005_m_deo_s_mon_deo_CAST_F10.png|CAST/005_m_deo_s_mon_deo_CAST_F11.png,선인장 가시가 원형으로 벌어지며 모래와 함께 폭발. ‘데우 / 잠든 선인장의 폭발’ 전용 소재이며 몬스터 본체는 VFX에 직접 넣지 않음,CAST_VFX=시전자 중심 공격 연출; ICON=UI 식별,"자원은 우측 기준이며 대상이 왼쪽이면 FlipX. 판정 자체는 방향성 부채꼴이 아니라 시전자 중심 원형이다. layer drift는 엔진 적용: L1 ruid=98cd61bf1b2c4ff496455ad956cd95d5, type=animationclip, style=clip, delay=0s, duration=0.78s, scale=1.05, offset=(0,0) world unit, drift=(0,0) world unit/s; L2 ruid=9af96df994cf4794882fec71c027da2b, type=animationclip, style=clip, delay=0.2s, duration=0.9s, scale=0.85, offset=(0,0) world unit, drift=(0,0) world unit/s",핵심 형상 준비 → 시전자 중심 확장 → 피해 판정과 가까운 절정 프레임 → 잔광/파편 소멸.,"대표 실루엣 1개는 ‘선인장 가시핵’, 보조 효과 1개는 ‘모래 폭발’. 64px 축소에서도 두 형상의 겹침과 방향이 읽혀야 함",NO_OBVIOUS_ISSUE,"실제 관찰: 초록 선인장 방패가 모래가시 폭발 중심에서 솟고 금빛 파편 고리로 해체. INPUT 핵심 소재 '선인장 가시가 원형으로 벌어지며 모래와 함께 폭발. ‘데우 / 잠든 선인장의 폭발’ 전용 소재이며 몬스터 본체는 VFX에 직접 넣지 않음' 및 CAST_VFX=시전자 중심 공격 연출; ICON=UI 식별와 대응하며, 역할 전환·무관한 공격 소재·별도 생물 삽입은 확인되지 않았다.",CONSISTENT_WITH_REFERENCE,"'잠든 선인장의 폭발'의 ICON 1장, CAST 전 프레임에서 어두운 외곽/중간톤/밝은 코어, 단계형 하이라이트와 알파 감쇠가 유지됐다. 역할·체급에 따른 크기와 입자량 차이를 제외하면 AREA 00 승인본 및 유사 역할군과 표현 문법이 이어진다.",MATCHES_DELIVERED_ASSETS,REPACK_ONLY,NO,"실제 ICON 1장, CAST 전 프레임 + INPUT 핵심 소재/역할/흐름 + OUTPUT Area Preview",ICON/005_m_deo_s_mon_deo_ICON.png .. CAST/005_m_deo_s_mon_deo_CAST_F11.png; area_full_frame_boards/AREA_13_ALL_FRAMES.png,,D:/maplestory_levup/docs/art/output_audit_work/20260912_143540/AREA_13_IMAGES_OUTPUT/AREA_13_IMAGES_OUTPUT/AREA_OVERVIEW_PREVIEW.png의 역할별 썸네일을 실제 납품 프레임의 형상·순서·ICON과 대조함.,REPACK_ONLY,NONE,NO,초록 선인장 방패가 모래가시 폭발 중심에서 솟고 금빛 파편 고리로 해체
area_14,마가티아,m_cube_slime,큐브슬라임,s_mon_cube_slime,연금 큐브막,패시브,N,ICON|REFERENCE_VFX,ICON/001_m_cube_slime_s_mon_cube_slime_ICON.png|REFERENCE/001_m_cube_slime_s_mon_cube_slime_REFERENCE_F00.png|REFERENCE/001_m_cube_slime_s_mon_cube_slime_REFERENCE_F01.png|REFERENCE/001_m_cube_slime_s_mon_cube_slime_REFERENCE_F02.png|REFERENCE/001_m_cube_slime_s_mon_cube_slime_REFERENCE_F03.png|REFERENCE/001_m_cube_slime_s_mon_cube_slime_REFERENCE_F04.png|REFERENCE/001_m_cube_slime_s_mon_cube_slime_REFERENCE_F05.png,투명 연금 큐브가 점액처럼 휘며 겹치는 사각 보호막. ‘큐브슬라임 / 연금 큐브막’ 전용 소재이며 몬스터 본체는 VFX에 직접 넣지 않음,ICON=런타임 필수; REFERENCE_VFX=기존 제작 범위에 포함된 비전투 참고 산출물(런타임 미사용·자동 반입 금지),방향·FlipX·엔진 이동 없음. 없음,REFERENCE_VFX를 만들 경우 정지 모티브의 짧은 호흡만 표현한다. 공격 준비·타격광·투사체·폭발 단계는 넣지 않는다.,"대표 실루엣 1개는 ‘투명 큐브’, 보조 효과 1개는 ‘점액 모서리’. 64px 축소에서도 두 형상의 겹침과 방향이 읽혀야 함",NO_OBVIOUS_ISSUE,"실제 관찰: 청록 큐브핵 둘레에 각진 방벽과 작은 큐브 입자가 닫히고 반사광 뒤 유지. INPUT 핵심 소재 '투명 연금 큐브가 점액처럼 휘며 겹치는 사각 보호막. ‘큐브슬라임 / 연금 큐브막’ 전용 소재이며 몬스터 본체는 VFX에 직접 넣지 않음' 및 ICON=런타임 필수; REFERENCE_VFX=기존 제작 범위에 포함된 비전투 참고 산출물(런타임 미사용·자동 반입 금지)와 대응하며, 역할 전환·무관한 공격 소재·별도 생물 삽입은 확인되지 않았다.",CONSISTENT_WITH_REFERENCE,"'연금 큐브막'의 ICON 1장, 비전투 REFERENCE 전 프레임에서 어두운 외곽/중간톤/밝은 코어, 단계형 하이라이트와 알파 감쇠가 유지됐다. 역할·체급에 따른 크기와 입자량 차이를 제외하면 AREA 00 승인본 및 유사 역할군과 표현 문법이 이어진다.",MATCHES_DELIVERED_ASSETS,REPACK_ONLY,NO,"실제 ICON 1장, 비전투 REFERENCE 전 프레임 + INPUT 핵심 소재/역할/흐름 + OUTPUT Area Preview",ICON/001_m_cube_slime_s_mon_cube_slime_ICON.png .. REFERENCE/001_m_cube_slime_s_mon_cube_slime_REFERENCE_F05.png; area_full_frame_boards/AREA_14_ALL_FRAMES.png,,D:/maplestory_levup/docs/art/output_audit_work/20260912_143540/AREA_14_IMAGES_OUTPUT/AREA_14_IMAGES_OUTPUT/AREA_OVERVIEW_PREVIEW.png의 역할별 썸네일을 실제 납품 프레임의 형상·순서·ICON과 대조함.,REPACK_ONLY,NONE,NO,청록 큐브핵 둘레에 각진 방벽과 작은 큐브 입자가 닫히고 반사광 뒤 유지
area_14,마가티아,m_mithril_mutae,미스릴 뮤테,s_mon_mithril_mutae,미스릴 외피,패시브,N,ICON|REFERENCE_VFX,ICON/002_m_mithril_mutae_s_mon_mithril_mutae_ICON.png|REFERENCE/002_m_mithril_mutae_s_mon_mithril_mutae_REFERENCE_F00.png|REFERENCE/002_m_mithril_mutae_s_mon_mithril_mutae_REFERENCE_F01.png|REFERENCE/002_m_mithril_mutae_s_mon_mithril_mutae_REFERENCE_F02.png|REFERENCE/002_m_mithril_mutae_s_mon_mithril_mutae_REFERENCE_F03.png|REFERENCE/002_m_mithril_mutae_s_mon_mithril_mutae_REFERENCE_F04.png|REFERENCE/002_m_mithril_mutae_s_mon_mithril_mutae_REFERENCE_F05.png,미스릴 판이 육각으로 포개지고 표면에 차가운 반사광. ‘미스릴 뮤테 / 미스릴 외피’ 전용 소재이며 몬스터 본체는 VFX에 직접 넣지 않음,ICON=런타임 필수; REFERENCE_VFX=기존 제작 범위에 포함된 비전투 참고 산출물(런타임 미사용·자동 반입 금지),방향·FlipX·엔진 이동 없음. 없음,REFERENCE_VFX를 만들 경우 정지 모티브의 짧은 호흡만 표현한다. 공격 준비·타격광·투사체·폭발 단계는 넣지 않는다.,"대표 실루엣 1개는 ‘육각 미스릴판’, 보조 효과 1개는 ‘냉광’. 64px 축소에서도 두 형상의 겹침과 방향이 읽혀야 함",NO_OBVIOUS_ISSUE,"실제 관찰: 청회색 미스릴 육각판이 구형 껍질로 맞물리고 청록 코어가 밝아졌다 안정. INPUT 핵심 소재 '미스릴 판이 육각으로 포개지고 표면에 차가운 반사광. ‘미스릴 뮤테 / 미스릴 외피’ 전용 소재이며 몬스터 본체는 VFX에 직접 넣지 않음' 및 ICON=런타임 필수; REFERENCE_VFX=기존 제작 범위에 포함된 비전투 참고 산출물(런타임 미사용·자동 반입 금지)와 대응하며, 역할 전환·무관한 공격 소재·별도 생물 삽입은 확인되지 않았다.",CONSISTENT_WITH_REFERENCE,"'미스릴 외피'의 ICON 1장, 비전투 REFERENCE 전 프레임에서 어두운 외곽/중간톤/밝은 코어, 단계형 하이라이트와 알파 감쇠가 유지됐다. 역할·체급에 따른 크기와 입자량 차이를 제외하면 AREA 00 승인본 및 유사 역할군과 표현 문법이 이어진다.",MATCHES_DELIVERED_ASSETS,REPACK_ONLY,NO,"실제 ICON 1장, 비전투 REFERENCE 전 프레임 + INPUT 핵심 소재/역할/흐름 + OUTPUT Area Preview",ICON/002_m_mithril_mutae_s_mon_mithril_mutae_ICON.png .. REFERENCE/002_m_mithril_mutae_s_mon_mithril_mutae_REFERENCE_F05.png; area_full_frame_boards/AREA_14_ALL_FRAMES.png,,D:/maplestory_levup/docs/art/output_audit_work/20260912_143540/AREA_14_IMAGES_OUTPUT/AREA_14_IMAGES_OUTPUT/AREA_OVERVIEW_PREVIEW.png의 역할별 썸네일을 실제 납품 프레임의 형상·순서·ICON과 대조함.,REPACK_ONLY,NONE,NO,청회색 미스릴 육각판이 구형 껍질로 맞물리고 청록 코어가 밝아졌다 안정
area_14,마가티아,m_homun,호문,s_mon_homun,플라스크 독무,액티브,N,ICON|CAST_VFX,ICON/003_m_homun_s_mon_homun_ICON.png|CAST/003_m_homun_s_mon_homun_CAST_F00.png|CAST/003_m_homun_s_mon_homun_CAST_F01.png|CAST/003_m_homun_s_mon_homun_CAST_F02.png|CAST/003_m_homun_s_mon_homun_CAST_F03.png|CAST/003_m_homun_s_mon_homun_CAST_F04.png|CAST/003_m_homun_s_mon_homun_CAST_F05.png|CAST/003_m_homun_s_mon_homun_CAST_F06.png|CAST/003_m_homun_s_mon_homun_CAST_F07.png,금 간 플라스크에서 새는 자주빛 독무와 액체 방울. ‘호문 / 플라스크 독무’ 전용 소재이며 몬스터 본체는 VFX에 직접 넣지 않음,CAST_VFX=시전자 중심 공격 연출; ICON=UI 식별,"자원은 우측 기준이며 대상이 왼쪽이면 FlipX. 판정 자체는 방향성 부채꼴이 아니라 시전자 중심 원형이다. layer drift는 엔진 적용: L1 ruid=127defcb953144368b79da1417f8b4b4, type=animationclip, style=clip, delay=0s, duration=0.82s, scale=0.9, offset=(0,0) world unit, drift=(0,0) world unit/s",핵심 형상 준비 → 시전자 중심 확장 → 피해 판정과 가까운 절정 프레임 → 잔광/파편 소멸.,"대표 실루엣 1개는 ‘금 간 플라스크’, 보조 효과 1개는 ‘독무’. 64px 축소에서도 두 형상의 겹침과 방향이 읽혀야 함",NO_OBVIOUS_ISSUE,"실제 관찰: 금속 플라스크가 보라 독무와 거품에 잠겼다가 탁한 연기·방울로 분해. INPUT 핵심 소재 '금 간 플라스크에서 새는 자주빛 독무와 액체 방울. ‘호문 / 플라스크 독무’ 전용 소재이며 몬스터 본체는 VFX에 직접 넣지 않음' 및 CAST_VFX=시전자 중심 공격 연출; ICON=UI 식별와 대응하며, 역할 전환·무관한 공격 소재·별도 생물 삽입은 확인되지 않았다.",CONSISTENT_WITH_REFERENCE,"'플라스크 독무'의 ICON 1장, CAST 전 프레임에서 어두운 외곽/중간톤/밝은 코어, 단계형 하이라이트와 알파 감쇠가 유지됐다. 역할·체급에 따른 크기와 입자량 차이를 제외하면 AREA 00 승인본 및 유사 역할군과 표현 문법이 이어진다.",MATCHES_DELIVERED_ASSETS,REPACK_ONLY,NO,"실제 ICON 1장, CAST 전 프레임 + INPUT 핵심 소재/역할/흐름 + OUTPUT Area Preview",ICON/003_m_homun_s_mon_homun_ICON.png .. CAST/003_m_homun_s_mon_homun_CAST_F07.png; area_full_frame_boards/AREA_14_ALL_FRAMES.png,,D:/maplestory_levup/docs/art/output_audit_work/20260912_143540/AREA_14_IMAGES_OUTPUT/AREA_14_IMAGES_OUTPUT/AREA_OVERVIEW_PREVIEW.png의 역할별 썸네일을 실제 납품 프레임의 형상·순서·ICON과 대조함.,REPACK_ONLY,NONE,NO,금속 플라스크가 보라 독무와 거품에 잠겼다가 탁한 연기·방울로 분해
area_14,마가티아,m_roid,로이드,s_mon_roid,알카드노 에너지탄,액티브,N,ICON|CAST_VFX|PROJECTILE,ICON/004_m_roid_s_mon_roid_ICON.png|CAST/004_m_roid_s_mon_roid_CAST_F00.png|CAST/004_m_roid_s_mon_roid_CAST_F01.png|CAST/004_m_roid_s_mon_roid_CAST_F02.png|CAST/004_m_roid_s_mon_roid_CAST_F03.png|CAST/004_m_roid_s_mon_roid_CAST_F04.png|CAST/004_m_roid_s_mon_roid_CAST_F05.png|CAST/004_m_roid_s_mon_roid_CAST_F06.png|CAST/004_m_roid_s_mon_roid_CAST_F07.png|PROJECTILE/004_m_roid_s_mon_roid_PROJECTILE_F00.png|PROJECTILE/004_m_roid_s_mon_roid_PROJECTILE_F01.png|PROJECTILE/004_m_roid_s_mon_roid_PROJECTILE_F02.png|PROJECTILE/004_m_roid_s_mon_roid_PROJECTILE_F03.png,알카드노 금속 코어가 압축한 직선 에너지탄. ‘로이드 / 알카드노 에너지탄’ 전용 소재이며 몬스터 본체는 VFX에 직접 넣지 않음,CAST_VFX=발사/준비 연출; PROJECTILE=엔진이 이동시키는 비행체; ICON=UI 식별,,,"대표 실루엣 1개는 ‘금속 코어’, 보조 효과 1개는 ‘직선 에너지탄’. 64px 축소에서도 두 형상의 겹침과 방향이 읽혀야 함",NO_OBVIOUS_ISSUE,"실제 관찰: 청록 기계 코어가 포신형 광선을 형성하고, 투사체는 금속 탄체의 내부광만 변화. INPUT 핵심 소재 '알카드노 금속 코어가 압축한 직선 에너지탄. ‘로이드 / 알카드노 에너지탄’ 전용 소재이며 몬스터 본체는 VFX에 직접 넣지 않음' 및 CAST_VFX=발사/준비 연출; PROJECTILE=엔진이 이동시키는 비행체; ICON=UI 식별와 대응하며, 역할 전환·무관한 공격 소재·별도 생물 삽입은 확인되지 않았다.",CONSISTENT_WITH_REFERENCE,"'알카드노 에너지탄'의 ICON 1장, CAST 전 프레임, PROJECTILE 전 프레임에서 어두운 외곽/중간톤/밝은 코어, 단계형 하이라이트와 알파 감쇠가 유지됐다. 역할·체급에 따른 크기와 입자량 차이를 제외하면 AREA 00 승인본 및 유사 역할군과 표현 문법이 이어진다.",MATCHES_DELIVERED_ASSETS,REPACK_ONLY,NO,"실제 ICON 1장, CAST 전 프레임, PROJECTILE 전 프레임 + INPUT 핵심 소재/역할/흐름 + OUTPUT Area Preview",ICON/004_m_roid_s_mon_roid_ICON.png .. PROJECTILE/004_m_roid_s_mon_roid_PROJECTILE_F03.png; area_full_frame_boards/AREA_14_ALL_FRAMES.png,,D:/maplestory_levup/docs/art/output_audit_work/20260912_143540/AREA_14_IMAGES_OUTPUT/AREA_14_IMAGES_OUTPUT/AREA_OVERVIEW_PREVIEW.png의 역할별 썸네일을 실제 납품 프레임의 형상·순서·ICON과 대조함.,REPACK_ONLY,NONE,NO,"청록 기계 코어가 포신형 광선을 형성하고, 투사체는 금속 탄체의 내부광만 변화"
area_14,마가티아,m_chimera,키메라,s_mon_chimera,융합체의 산성 포격,액티브,Y,ICON|CAST_VFX|PROJECTILE,ICON/005_m_chimera_s_mon_chimera_ICON.png|CAST/005_m_chimera_s_mon_chimera_CAST_F00.png|CAST/005_m_chimera_s_mon_chimera_CAST_F01.png|CAST/005_m_chimera_s_mon_chimera_CAST_F02.png|CAST/005_m_chimera_s_mon_chimera_CAST_F03.png|CAST/005_m_chimera_s_mon_chimera_CAST_F04.png|CAST/005_m_chimera_s_mon_chimera_CAST_F05.png|CAST/005_m_chimera_s_mon_chimera_CAST_F06.png|CAST/005_m_chimera_s_mon_chimera_CAST_F07.png|CAST/005_m_chimera_s_mon_chimera_CAST_F08.png|CAST/005_m_chimera_s_mon_chimera_CAST_F09.png|CAST/005_m_chimera_s_mon_chimera_CAST_F10.png|CAST/005_m_chimera_s_mon_chimera_CAST_F11.png|PROJECTILE/005_m_chimera_s_mon_chimera_PROJECTILE_F00.png|PROJECTILE/005_m_chimera_s_mon_chimera_PROJECTILE_F01.png|PROJECTILE/005_m_chimera_s_mon_chimera_PROJECTILE_F02.png|PROJECTILE/005_m_chimera_s_mon_chimera_PROJECTILE_F03.png,서로 다른 산성액 두 줄기가 합쳐져 터지는 포격탄. ‘키메라 / 융합체의 산성 포격’ 전용 소재이며 몬스터 본체는 VFX에 직접 넣지 않음,CAST_VFX=발사/준비 연출; PROJECTILE=엔진이 이동시키는 비행체; ICON=UI 식별,,,"대표 실루엣 1개는 ‘쌍 산성관’, 보조 효과 1개는 ‘포격 폭발’. 64px 축소에서도 두 형상의 겹침과 방향이 읽혀야 함",NO_OBVIOUS_ISSUE,"실제 관찰: 연두 산성 소용돌이가 밝은 독성 충격으로 터지고, 투사체는 점액 구체의 국소 회전만 변화. INPUT 핵심 소재 '서로 다른 산성액 두 줄기가 합쳐져 터지는 포격탄. ‘키메라 / 융합체의 산성 포격’ 전용 소재이며 몬스터 본체는 VFX에 직접 넣지 않음' 및 CAST_VFX=발사/준비 연출; PROJECTILE=엔진이 이동시키는 비행체; ICON=UI 식별와 대응하며, 역할 전환·무관한 공격 소재·별도 생물 삽입은 확인되지 않았다.",CONSISTENT_WITH_REFERENCE,"'융합체의 산성 포격'의 ICON 1장, CAST 전 프레임, PROJECTILE 전 프레임에서 어두운 외곽/중간톤/밝은 코어, 단계형 하이라이트와 알파 감쇠가 유지됐다. 역할·체급에 따른 크기와 입자량 차이를 제외하면 AREA 00 승인본 및 유사 역할군과 표현 문법이 이어진다.",MATCHES_DELIVERED_ASSETS,REPACK_ONLY,NO,"실제 ICON 1장, CAST 전 프레임, PROJECTILE 전 프레임 + INPUT 핵심 소재/역할/흐름 + OUTPUT Area Preview",ICON/005_m_chimera_s_mon_chimera_ICON.png .. PROJECTILE/005_m_chimera_s_mon_chimera_PROJECTILE_F03.png; area_full_frame_boards/AREA_14_ALL_FRAMES.png,,D:/maplestory_levup/docs/art/output_audit_work/20260912_143540/AREA_14_IMAGES_OUTPUT/AREA_14_IMAGES_OUTPUT/AREA_OVERVIEW_PREVIEW.png의 역할별 썸네일을 실제 납품 프레임의 형상·순서·ICON과 대조함.,REPACK_ONLY,NONE,NO,"연두 산성 소용돌이가 밝은 독성 충격으로 터지고, 투사체는 점액 구체의 국소 회전만 변화"
area_15,무릉도원,m_straw_dummy,수련용 짚인형,s_mon_straw_dummy,짚단 균형감각,패시브,N,ICON|REFERENCE_VFX,ICON/001_m_straw_dummy_s_mon_straw_dummy_ICON.png|REFERENCE/001_m_straw_dummy_s_mon_straw_dummy_REFERENCE_F00.png|REFERENCE/001_m_straw_dummy_s_mon_straw_dummy_REFERENCE_F01.png|REFERENCE/001_m_straw_dummy_s_mon_straw_dummy_REFERENCE_F02.png|REFERENCE/001_m_straw_dummy_s_mon_straw_dummy_REFERENCE_F03.png|REFERENCE/001_m_straw_dummy_s_mon_straw_dummy_REFERENCE_F04.png|REFERENCE/001_m_straw_dummy_s_mon_straw_dummy_REFERENCE_F05.png,짚 매듭이 흔들려도 중심을 되찾는 균형 고리. ‘수련용 짚인형 / 짚단 균형감각’ 전용 소재이며 몬스터 본체는 VFX에 직접 넣지 않음,ICON=런타임 필수; REFERENCE_VFX=기존 제작 범위에 포함된 비전투 참고 산출물(런타임 미사용·자동 반입 금지),방향·FlipX·엔진 이동 없음. 없음,REFERENCE_VFX를 만들 경우 정지 모티브의 짧은 호흡만 표현한다. 공격 준비·타격광·투사체·폭발 단계는 넣지 않는다.,"대표 실루엣 1개는 ‘짚 매듭’, 보조 효과 1개는 ‘균형 수평선’. 64px 축소에서도 두 형상의 겹침과 방향이 읽혀야 함",NO_OBVIOUS_ISSUE,"실제 관찰: 묶인 볏짚 매듭이 금빛 균형 고리 안에서 작게 회전·맥동하는 비전투 표현. INPUT 핵심 소재 '짚 매듭이 흔들려도 중심을 되찾는 균형 고리. ‘수련용 짚인형 / 짚단 균형감각’ 전용 소재이며 몬스터 본체는 VFX에 직접 넣지 않음' 및 ICON=런타임 필수; REFERENCE_VFX=기존 제작 범위에 포함된 비전투 참고 산출물(런타임 미사용·자동 반입 금지)와 대응하며, 역할 전환·무관한 공격 소재·별도 생물 삽입은 확인되지 않았다.",CONSISTENT_WITH_REFERENCE,"'짚단 균형감각'의 ICON 1장, 비전투 REFERENCE 전 프레임에서 어두운 외곽/중간톤/밝은 코어, 단계형 하이라이트와 알파 감쇠가 유지됐다. 역할·체급에 따른 크기와 입자량 차이를 제외하면 AREA 00 승인본 및 유사 역할군과 표현 문법이 이어진다.",MATCHES_DELIVERED_ASSETS,REPACK_ONLY,NO,"실제 ICON 1장, 비전투 REFERENCE 전 프레임 + INPUT 핵심 소재/역할/흐름 + OUTPUT Area Preview",ICON/001_m_straw_dummy_s_mon_straw_dummy_ICON.png .. REFERENCE/001_m_straw_dummy_s_mon_straw_dummy_REFERENCE_F05.png; area_full_frame_boards/AREA_15_ALL_FRAMES.png,,D:/maplestory_levup/docs/art/output_audit_work/20260912_143540/AREA_15_IMAGES_OUTPUT/AREA_15_IMAGES_OUTPUT/AREA_OVERVIEW_PREVIEW.png의 역할별 썸네일을 실제 납품 프레임의 형상·순서·ICON과 대조함.,REPACK_ONLY,NONE,NO,묶인 볏짚 매듭이 금빛 균형 고리 안에서 작게 회전·맥동하는 비전투 표현
area_15,무릉도원,m_wooden_dummy,수련용 나무인형,s_mon_wooden_dummy,목인 회전타,액티브,N,CAST_VFX|ICON,CAST/002_m_wooden_dummy_s_mon_wooden_dummy_CAST_F00.png|CAST/002_m_wooden_dummy_s_mon_wooden_dummy_CAST_F01.png|CAST/002_m_wooden_dummy_s_mon_wooden_dummy_CAST_F02.png|CAST/002_m_wooden_dummy_s_mon_wooden_dummy_CAST_F03.png|CAST/002_m_wooden_dummy_s_mon_wooden_dummy_CAST_F04.png|CAST/002_m_wooden_dummy_s_mon_wooden_dummy_CAST_F05.png|CAST/002_m_wooden_dummy_s_mon_wooden_dummy_CAST_F06.png|CAST/002_m_wooden_dummy_s_mon_wooden_dummy_CAST_F07.png|ICON/002_m_wooden_dummy_s_mon_wooden_dummy_ICON.png,나무 팔축이 원형으로 휘두르는 회전 궤적과 톱밥. ‘수련용 나무인형 / 목인 회전타’ 전용 소재이며 몬스터 본체는 VFX에 직접 넣지 않음,CAST_VFX=시전자 중심 공격 연출; ICON=UI 식별,"자원은 우측 기준이며 대상이 왼쪽이면 FlipX. 판정 자체는 방향성 부채꼴이 아니라 시전자 중심 원형이다. layer drift는 엔진 적용: L1 ruid=1ad77c5bc77f4ee3a7b212d6394f0b13, type=animationclip, style=clip, delay=0s, duration=0.7s, scale=0.9, offset=(0,0) world unit, drift=(0,0) world unit/s; L2 ruid=7598c7485ce9483b8b1178386b7d8f73, type=animationclip, style=clip, delay=0.22s, duration=0.55s, scale=1.05, offset=(0,0) world unit, drift=(0,0) world unit/s",핵심 형상 준비 → 시전자 중심 확장 → 피해 판정과 가까운 절정 프레임 → 잔광/파편 소멸.,"대표 실루엣 1개는 ‘나무 팔축’, 보조 효과 1개는 ‘원형 타격선’. 64px 축소에서도 두 형상의 겹침과 방향이 읽혀야 함",NO_OBVIOUS_ISSUE,"실제 관찰: 나무 원통 둘이 갈색 회전 궤적을 만들고 금빛 충격륜 뒤 파편으로 풀림. INPUT 핵심 소재 '나무 팔축이 원형으로 휘두르는 회전 궤적과 톱밥. ‘수련용 나무인형 / 목인 회전타’ 전용 소재이며 몬스터 본체는 VFX에 직접 넣지 않음' 및 CAST_VFX=시전자 중심 공격 연출; ICON=UI 식별와 대응하며, 역할 전환·무관한 공격 소재·별도 생물 삽입은 확인되지 않았다.",CONSISTENT_WITH_REFERENCE,"'목인 회전타'의 CAST 전 프레임, ICON 1장에서 어두운 외곽/중간톤/밝은 코어, 단계형 하이라이트와 알파 감쇠가 유지됐다. 역할·체급에 따른 크기와 입자량 차이를 제외하면 AREA 00 승인본 및 유사 역할군과 표현 문법이 이어진다.",MATCHES_DELIVERED_ASSETS,REPACK_ONLY,NO,"실제 CAST 전 프레임, ICON 1장 + INPUT 핵심 소재/역할/흐름 + OUTPUT Area Preview",CAST/002_m_wooden_dummy_s_mon_wooden_dummy_CAST_F00.png .. ICON/002_m_wooden_dummy_s_mon_wooden_dummy_ICON.png; area_full_frame_boards/AREA_15_ALL_FRAMES.png,,D:/maplestory_levup/docs/art/output_audit_work/20260912_143540/AREA_15_IMAGES_OUTPUT/AREA_15_IMAGES_OUTPUT/AREA_OVERVIEW_PREVIEW.png의 역할별 썸네일을 실제 납품 프레임의 형상·순서·ICON과 대조함.,REPACK_ONLY,NONE,NO,나무 원통 둘이 갈색 회전 궤적을 만들고 금빛 충격륜 뒤 파편으로 풀림
area_15,무릉도원,m_peach_monkey,원공,s_mon_peach_monkey,천도 투척,액티브,N,CAST_VFX|ICON|PROJECTILE,CAST/003_m_peach_monkey_s_mon_peach_monkey_CAST_F00.png|CAST/003_m_peach_monkey_s_mon_peach_monkey_CAST_F01.png|CAST/003_m_peach_monkey_s_mon_peach_monkey_CAST_F02.png|CAST/003_m_peach_monkey_s_mon_peach_monkey_CAST_F03.png|CAST/003_m_peach_monkey_s_mon_peach_monkey_CAST_F04.png|CAST/003_m_peach_monkey_s_mon_peach_monkey_CAST_F05.png|CAST/003_m_peach_monkey_s_mon_peach_monkey_CAST_F06.png|CAST/003_m_peach_monkey_s_mon_peach_monkey_CAST_F07.png|ICON/003_m_peach_monkey_s_mon_peach_monkey_ICON.png|PROJECTILE/003_m_peach_monkey_s_mon_peach_monkey_PROJECTILE_F00.png|PROJECTILE/003_m_peach_monkey_s_mon_peach_monkey_PROJECTILE_F01.png|PROJECTILE/003_m_peach_monkey_s_mon_peach_monkey_PROJECTILE_F02.png|PROJECTILE/003_m_peach_monkey_s_mon_peach_monkey_PROJECTILE_F03.png,천도 복숭아가 잎사귀 꼬리를 달고 포물선으로 날아가는 탄. ‘원공 / 천도 투척’ 전용 소재이며 몬스터 본체는 VFX에 직접 넣지 않음,CAST_VFX=발사/준비 연출; PROJECTILE=엔진이 이동시키는 비행체; ICON=UI 식별,,,"대표 실루엣 1개는 ‘복숭아’, 보조 효과 1개는 ‘잎사귀 포물선’. 64px 축소에서도 두 형상의 겹침과 방향이 읽혀야 함",NO_OBVIOUS_ISSUE,"실제 관찰: 분홍 복숭아핵이 잎과 꽃빛 속에서 터지고, 투사체는 복숭아 구체의 국소 광택만 변화. INPUT 핵심 소재 '천도 복숭아가 잎사귀 꼬리를 달고 포물선으로 날아가는 탄. ‘원공 / 천도 투척’ 전용 소재이며 몬스터 본체는 VFX에 직접 넣지 않음' 및 CAST_VFX=발사/준비 연출; PROJECTILE=엔진이 이동시키는 비행체; ICON=UI 식별와 대응하며, 역할 전환·무관한 공격 소재·별도 생물 삽입은 확인되지 않았다.",CONSISTENT_WITH_REFERENCE,"'천도 투척'의 CAST 전 프레임, ICON 1장, PROJECTILE 전 프레임에서 어두운 외곽/중간톤/밝은 코어, 단계형 하이라이트와 알파 감쇠가 유지됐다. 역할·체급에 따른 크기와 입자량 차이를 제외하면 AREA 00 승인본 및 유사 역할군과 표현 문법이 이어진다.",MATCHES_DELIVERED_ASSETS,REPACK_ONLY,NO,"실제 CAST 전 프레임, ICON 1장, PROJECTILE 전 프레임 + INPUT 핵심 소재/역할/흐름 + OUTPUT Area Preview",CAST/003_m_peach_monkey_s_mon_peach_monkey_CAST_F00.png .. PROJECTILE/003_m_peach_monkey_s_mon_peach_monkey_PROJECTILE_F03.png; area_full_frame_boards/AREA_15_ALL_FRAMES.png,,D:/maplestory_levup/docs/art/output_audit_work/20260912_143540/AREA_15_IMAGES_OUTPUT/AREA_15_IMAGES_OUTPUT/AREA_OVERVIEW_PREVIEW.png의 역할별 썸네일을 실제 납품 프레임의 형상·순서·ICON과 대조함.,REPACK_ONLY,NONE,NO,"분홍 복숭아핵이 잎과 꽃빛 속에서 터지고, 투사체는 복숭아 구체의 국소 광택만 변화"
area_15,무릉도원,m_blue_flower_serpent,청화사,s_mon_blue_flower_serpent,청화 비늘,패시브,N,ICON|REFERENCE_VFX,ICON/004_m_blue_flower_serpent_s_mon_blue_flower_serpent_ICON.png|REFERENCE/004_m_blue_flower_serpent_s_mon_blue_flower_serpent_REFERENCE_F00.png|REFERENCE/004_m_blue_flower_serpent_s_mon_blue_flower_serpent_REFERENCE_F01.png|REFERENCE/004_m_blue_flower_serpent_s_mon_blue_flower_serpent_REFERENCE_F02.png|REFERENCE/004_m_blue_flower_serpent_s_mon_blue_flower_serpent_REFERENCE_F03.png|REFERENCE/004_m_blue_flower_serpent_s_mon_blue_flower_serpent_REFERENCE_F04.png|REFERENCE/004_m_blue_flower_serpent_s_mon_blue_flower_serpent_REFERENCE_F05.png,푸른 꽃잎 비늘이 뱀의 S자 곡선으로 포개지는 방호결. ‘청화사 / 청화 비늘’ 전용 소재이며 몬스터 본체는 VFX에 직접 넣지 않음,ICON=런타임 필수; REFERENCE_VFX=기존 제작 범위에 포함된 비전투 참고 산출물(런타임 미사용·자동 반입 금지),방향·FlipX·엔진 이동 없음. 없음,REFERENCE_VFX를 만들 경우 정지 모티브의 짧은 호흡만 표현한다. 공격 준비·타격광·투사체·폭발 단계는 넣지 않는다.,"대표 실루엣 1개는 ‘S자 꽃비늘’, 보조 효과 1개는 ‘푸른 꽃잎’. 64px 축소에서도 두 형상의 겹침과 방향이 읽혀야 함",NO_OBVIOUS_ISSUE,"실제 관찰: 푸른 꽃비늘 묶음이 물방울과 함께 감겨 커졌다 원래 비늘 코일로 줄어듦. INPUT 핵심 소재 '푸른 꽃잎 비늘이 뱀의 S자 곡선으로 포개지는 방호결. ‘청화사 / 청화 비늘’ 전용 소재이며 몬스터 본체는 VFX에 직접 넣지 않음' 및 ICON=런타임 필수; REFERENCE_VFX=기존 제작 범위에 포함된 비전투 참고 산출물(런타임 미사용·자동 반입 금지)와 대응하며, 역할 전환·무관한 공격 소재·별도 생물 삽입은 확인되지 않았다.",CONSISTENT_WITH_REFERENCE,"'청화 비늘'의 ICON 1장, 비전투 REFERENCE 전 프레임에서 어두운 외곽/중간톤/밝은 코어, 단계형 하이라이트와 알파 감쇠가 유지됐다. 역할·체급에 따른 크기와 입자량 차이를 제외하면 AREA 00 승인본 및 유사 역할군과 표현 문법이 이어진다.",MATCHES_DELIVERED_ASSETS,REPACK_ONLY,NO,"실제 ICON 1장, 비전투 REFERENCE 전 프레임 + INPUT 핵심 소재/역할/흐름 + OUTPUT Area Preview",ICON/004_m_blue_flower_serpent_s_mon_blue_flower_serpent_ICON.png .. REFERENCE/004_m_blue_flower_serpent_s_mon_blue_flower_serpent_REFERENCE_F05.png; area_full_frame_boards/AREA_15_ALL_FRAMES.png,,D:/maplestory_levup/docs/art/output_audit_work/20260912_143540/AREA_15_IMAGES_OUTPUT/AREA_15_IMAGES_OUTPUT/AREA_OVERVIEW_PREVIEW.png의 역할별 썸네일을 실제 납품 프레임의 형상·순서·ICON과 대조함.,REPACK_ONLY,NONE,NO,푸른 꽃비늘 묶음이 물방울과 함께 감겨 커졌다 원래 비늘 코일로 줄어듦
area_15,무릉도원,m_tae_roon,태륜,s_mon_tae_roon,태륜의 쌍권풍,액티브,Y,CAST_VFX|ICON|PROJECTILE,CAST/005_m_tae_roon_s_mon_tae_roon_CAST_F00.png|CAST/005_m_tae_roon_s_mon_tae_roon_CAST_F01.png|CAST/005_m_tae_roon_s_mon_tae_roon_CAST_F02.png|CAST/005_m_tae_roon_s_mon_tae_roon_CAST_F03.png|CAST/005_m_tae_roon_s_mon_tae_roon_CAST_F04.png|CAST/005_m_tae_roon_s_mon_tae_roon_CAST_F05.png|CAST/005_m_tae_roon_s_mon_tae_roon_CAST_F06.png|CAST/005_m_tae_roon_s_mon_tae_roon_CAST_F07.png|CAST/005_m_tae_roon_s_mon_tae_roon_CAST_F08.png|CAST/005_m_tae_roon_s_mon_tae_roon_CAST_F09.png|CAST/005_m_tae_roon_s_mon_tae_roon_CAST_F10.png|CAST/005_m_tae_roon_s_mon_tae_roon_CAST_F11.png|ICON/005_m_tae_roon_s_mon_tae_roon_ICON.png|PROJECTILE/005_m_tae_roon_s_mon_tae_roon_PROJECTILE_F00.png|PROJECTILE/005_m_tae_roon_s_mon_tae_roon_PROJECTILE_F01.png|PROJECTILE/005_m_tae_roon_s_mon_tae_roon_PROJECTILE_F02.png|PROJECTILE/005_m_tae_roon_s_mon_tae_roon_PROJECTILE_F03.png,두 권격이 마주 회전해 만드는 쌍둥이 바람 소용돌이. ‘태륜 / 태륜의 쌍권풍’ 전용 소재이며 몬스터 본체는 VFX에 직접 넣지 않음,CAST_VFX=발사/준비 연출; PROJECTILE=엔진이 이동시키는 비행체; ICON=UI 식별,,,"대표 실루엣 1개는 ‘쌍 주먹 바람눈’, 보조 효과 1개는 ‘회전선’. 64px 축소에서도 두 형상의 겹침과 방향이 읽혀야 함",NO_OBVIOUS_ISSUE,"실제 관찰: 청록 쌍권풍이 서로 감겨 밝은 충돌광을 만들고, 투사체는 두 바람핵의 국소 맥동만 변화. INPUT 핵심 소재 '두 권격이 마주 회전해 만드는 쌍둥이 바람 소용돌이. ‘태륜 / 태륜의 쌍권풍’ 전용 소재이며 몬스터 본체는 VFX에 직접 넣지 않음' 및 CAST_VFX=발사/준비 연출; PROJECTILE=엔진이 이동시키는 비행체; ICON=UI 식별와 대응하며, 역할 전환·무관한 공격 소재·별도 생물 삽입은 확인되지 않았다.",CONSISTENT_WITH_REFERENCE,"'태륜의 쌍권풍'의 CAST 전 프레임, ICON 1장, PROJECTILE 전 프레임에서 어두운 외곽/중간톤/밝은 코어, 단계형 하이라이트와 알파 감쇠가 유지됐다. 역할·체급에 따른 크기와 입자량 차이를 제외하면 AREA 00 승인본 및 유사 역할군과 표현 문법이 이어진다.",MATCHES_DELIVERED_ASSETS,REPACK_ONLY,NO,"실제 CAST 전 프레임, ICON 1장, PROJECTILE 전 프레임 + INPUT 핵심 소재/역할/흐름 + OUTPUT Area Preview",CAST/005_m_tae_roon_s_mon_tae_roon_CAST_F00.png .. PROJECTILE/005_m_tae_roon_s_mon_tae_roon_PROJECTILE_F03.png; area_full_frame_boards/AREA_15_ALL_FRAMES.png,,D:/maplestory_levup/docs/art/output_audit_work/20260912_143540/AREA_15_IMAGES_OUTPUT/AREA_15_IMAGES_OUTPUT/AREA_OVERVIEW_PREVIEW.png의 역할별 썸네일을 실제 납품 프레임의 형상·순서·ICON과 대조함.,REPACK_ONLY,NONE,NO,"청록 쌍권풍이 서로 감겨 밝은 충돌광을 만들고, 투사체는 두 바람핵의 국소 맥동만 변화"
area_16,미나르숲,m_harp,하프,s_mon_harp,하늘 둥지의 날갯결,패시브,N,ICON|REFERENCE_VFX,ICON/001_m_harp_s_mon_harp_ICON.png|REFERENCE/001_m_harp_s_mon_harp_REFERENCE_F00.png|REFERENCE/001_m_harp_s_mon_harp_REFERENCE_F01.png|REFERENCE/001_m_harp_s_mon_harp_REFERENCE_F02.png|REFERENCE/001_m_harp_s_mon_harp_REFERENCE_F03.png|REFERENCE/001_m_harp_s_mon_harp_REFERENCE_F04.png|REFERENCE/001_m_harp_s_mon_harp_REFERENCE_F05.png,하프 깃털이 부드러운 공기결을 타고 펼쳐지는 날개 잔상. ‘하프 / 하늘 둥지의 날갯결’ 전용 소재이며 몬스터 본체는 VFX에 직접 넣지 않음,ICON=런타임 필수; REFERENCE_VFX=기존 제작 범위에 포함된 비전투 참고 산출물(런타임 미사용·자동 반입 금지),방향·FlipX·엔진 이동 없음. 없음,REFERENCE_VFX를 만들 경우 정지 모티브의 짧은 호흡만 표현한다. 공격 준비·타격광·투사체·폭발 단계는 넣지 않는다.,"대표 실루엣 1개는 ‘큰 깃털’, 보조 효과 1개는 ‘바람결’. 64px 축소에서도 두 형상의 겹침과 방향이 읽혀야 함",NO_OBVIOUS_ISSUE,"실제 관찰: 푸른 깃털 한 장과 청백 바람 꼬리가 짧게 부풀었다 가는 깃결로 복귀. INPUT 핵심 소재 '하프 깃털이 부드러운 공기결을 타고 펼쳐지는 날개 잔상. ‘하프 / 하늘 둥지의 날갯결’ 전용 소재이며 몬스터 본체는 VFX에 직접 넣지 않음' 및 ICON=런타임 필수; REFERENCE_VFX=기존 제작 범위에 포함된 비전투 참고 산출물(런타임 미사용·자동 반입 금지)와 대응하며, 역할 전환·무관한 공격 소재·별도 생물 삽입은 확인되지 않았다.",CONSISTENT_WITH_REFERENCE,"'하늘 둥지의 날갯결'의 ICON 1장, 비전투 REFERENCE 전 프레임에서 어두운 외곽/중간톤/밝은 코어, 단계형 하이라이트와 알파 감쇠가 유지됐다. 역할·체급에 따른 크기와 입자량 차이를 제외하면 AREA 00 승인본 및 유사 역할군과 표현 문법이 이어진다.",MATCHES_DELIVERED_ASSETS,REPACK_ONLY,NO,"실제 ICON 1장, 비전투 REFERENCE 전 프레임 + INPUT 핵심 소재/역할/흐름 + OUTPUT Area Preview",ICON/001_m_harp_s_mon_harp_ICON.png .. REFERENCE/001_m_harp_s_mon_harp_REFERENCE_F05.png; area_full_frame_boards/AREA_16_ALL_FRAMES.png,,D:/maplestory_levup/docs/art/output_audit_work/20260912_143540/AREA_16_IMAGES_OUTPUT/AREA_16_IMAGES_OUTPUT/AREA_OVERVIEW_PREVIEW.png의 역할별 썸네일을 실제 납품 프레임의 형상·순서·ICON과 대조함.,REPACK_ONLY,NONE,NO,푸른 깃털 한 장과 청백 바람 꼬리가 짧게 부풀었다 가는 깃결로 복귀
area_16,미나르숲,m_blood_harp,블러드 하프,s_mon_blood_harp,핏빛 깃울림,액티브,N,ICON|CAST_VFX,ICON/002_m_blood_harp_s_mon_blood_harp_ICON.png|CAST/002_m_blood_harp_s_mon_blood_harp_CAST_F00.png|CAST/002_m_blood_harp_s_mon_blood_harp_CAST_F01.png|CAST/002_m_blood_harp_s_mon_blood_harp_CAST_F02.png|CAST/002_m_blood_harp_s_mon_blood_harp_CAST_F03.png|CAST/002_m_blood_harp_s_mon_blood_harp_CAST_F04.png|CAST/002_m_blood_harp_s_mon_blood_harp_CAST_F05.png|CAST/002_m_blood_harp_s_mon_blood_harp_CAST_F06.png|CAST/002_m_blood_harp_s_mon_blood_harp_CAST_F07.png,핏빛 깃털이 음파 고리와 함께 떨리는 날카로운 울림. ‘블러드 하프 / 핏빛 깃울림’ 전용 소재이며 몬스터 본체는 VFX에 직접 넣지 않음,CAST_VFX=시전자 중심 공격 연출; ICON=UI 식별,"자원은 우측 기준이며 대상이 왼쪽이면 FlipX. 판정 자체는 방향성 부채꼴이 아니라 시전자 중심 원형이다. layer drift는 엔진 적용: L1 ruid=1f2bdb3b15a145ea8f3db3fbfb61296b, type=animationclip, style=clip, delay=0s, duration=0.68s, scale=.95, offset=(0,0) world unit, drift=(0,0) world unit/s; L2 ruid=518e72a0592d48b3b3e451be46a4f39e, type=animationclip, style=clip, delay=0.18s, duration=0.78s, scale=1.05, offset=(0,0) world unit, drift=(0,0) world unit/s",핵심 형상 준비 → 시전자 중심 확장 → 피해 판정과 가까운 절정 프레임 → 잔광/파편 소멸.,"대표 실루엣 1개는 ‘핏빛 깃털’, 보조 효과 1개는 ‘음파 고리’. 64px 축소에서도 두 형상의 겹침과 방향이 읽혀야 함",NO_OBVIOUS_ISSUE,"실제 관찰: 붉은 깃털과 원형 문양이 겹쳐 진홍 폭발핵을 만들고 작은 깃조각으로 소멸. INPUT 핵심 소재 '핏빛 깃털이 음파 고리와 함께 떨리는 날카로운 울림. ‘블러드 하프 / 핏빛 깃울림’ 전용 소재이며 몬스터 본체는 VFX에 직접 넣지 않음' 및 CAST_VFX=시전자 중심 공격 연출; ICON=UI 식별와 대응하며, 역할 전환·무관한 공격 소재·별도 생물 삽입은 확인되지 않았다.",CONSISTENT_WITH_REFERENCE,"'핏빛 깃울림'의 ICON 1장, CAST 전 프레임에서 어두운 외곽/중간톤/밝은 코어, 단계형 하이라이트와 알파 감쇠가 유지됐다. 역할·체급에 따른 크기와 입자량 차이를 제외하면 AREA 00 승인본 및 유사 역할군과 표현 문법이 이어진다.",MATCHES_DELIVERED_ASSETS,REPACK_ONLY,NO,"실제 ICON 1장, CAST 전 프레임 + INPUT 핵심 소재/역할/흐름 + OUTPUT Area Preview",ICON/002_m_blood_harp_s_mon_blood_harp_ICON.png .. CAST/002_m_blood_harp_s_mon_blood_harp_CAST_F07.png; area_full_frame_boards/AREA_16_ALL_FRAMES.png,,D:/maplestory_levup/docs/art/output_audit_work/20260912_143540/AREA_16_IMAGES_OUTPUT/AREA_16_IMAGES_OUTPUT/AREA_OVERVIEW_PREVIEW.png의 역할별 썸네일을 실제 납품 프레임의 형상·순서·ICON과 대조함.,REPACK_ONLY,NONE,NO,붉은 깃털과 원형 문양이 겹쳐 진홍 폭발핵을 만들고 작은 깃조각으로 소멸
area_16,미나르숲,m_blue_wyvern,블루 와이번,s_mon_blue_wyvern,빙룡 숨결,액티브,N,ICON|CAST_VFX,ICON/003_m_blue_wyvern_s_mon_blue_wyvern_ICON.png|CAST/003_m_blue_wyvern_s_mon_blue_wyvern_CAST_F00.png|CAST/003_m_blue_wyvern_s_mon_blue_wyvern_CAST_F01.png|CAST/003_m_blue_wyvern_s_mon_blue_wyvern_CAST_F02.png|CAST/003_m_blue_wyvern_s_mon_blue_wyvern_CAST_F03.png|CAST/003_m_blue_wyvern_s_mon_blue_wyvern_CAST_F04.png|CAST/003_m_blue_wyvern_s_mon_blue_wyvern_CAST_F05.png|CAST/003_m_blue_wyvern_s_mon_blue_wyvern_CAST_F06.png|CAST/003_m_blue_wyvern_s_mon_blue_wyvern_CAST_F07.png,용의 입김처럼 길게 뻗는 빙결 숨결과 쐐기 얼음. ‘블루 와이번 / 빙룡 숨결’ 전용 소재이며 몬스터 본체는 VFX에 직접 넣지 않음,CAST_VFX=시전자 중심 공격 연출; ICON=UI 식별,"자원은 우측 기준이며 대상이 왼쪽이면 FlipX. 판정 자체는 방향성 부채꼴이 아니라 시전자 중심 원형이다. layer drift는 엔진 적용: L1 ruid=01663ed8b2a94562956e8029a79c03b5, type=animationclip, style=clip, delay=0s, duration=0.72s, scale=1, offset=(0,0) world unit, drift=(0,0) world unit/s; L2 ruid=1215ca4153664cb18a207cddcc5ab22c, type=animationclip, style=clip, delay=0.2s, duration=0.82s, scale=1.05, offset=(0,0) world unit, drift=(0,0) world unit/s",핵심 형상 준비 → 시전자 중심 확장 → 피해 판정과 가까운 절정 프레임 → 잔광/파편 소멸.,"대표 실루엣 1개는 ‘빙룡 숨결’, 보조 효과 1개는 ‘얼음 쐐기’. 64px 축소에서도 두 형상의 겹침과 방향이 읽혀야 함",NO_OBVIOUS_ISSUE,"실제 관찰: 청백 얼음 숨결과 뾰족한 빙편이 전방에서 폭발하고 눈가루로 감소. INPUT 핵심 소재 '용의 입김처럼 길게 뻗는 빙결 숨결과 쐐기 얼음. ‘블루 와이번 / 빙룡 숨결’ 전용 소재이며 몬스터 본체는 VFX에 직접 넣지 않음' 및 CAST_VFX=시전자 중심 공격 연출; ICON=UI 식별와 대응하며, 역할 전환·무관한 공격 소재·별도 생물 삽입은 확인되지 않았다.",CONSISTENT_WITH_REFERENCE,"'빙룡 숨결'의 ICON 1장, CAST 전 프레임에서 어두운 외곽/중간톤/밝은 코어, 단계형 하이라이트와 알파 감쇠가 유지됐다. 역할·체급에 따른 크기와 입자량 차이를 제외하면 AREA 00 승인본 및 유사 역할군과 표현 문법이 이어진다.",MATCHES_DELIVERED_ASSETS,REPACK_ONLY,NO,"실제 ICON 1장, CAST 전 프레임 + INPUT 핵심 소재/역할/흐름 + OUTPUT Area Preview",ICON/003_m_blue_wyvern_s_mon_blue_wyvern_ICON.png .. CAST/003_m_blue_wyvern_s_mon_blue_wyvern_CAST_F07.png; area_full_frame_boards/AREA_16_ALL_FRAMES.png,,D:/maplestory_levup/docs/art/output_audit_work/20260912_143540/AREA_16_IMAGES_OUTPUT/AREA_16_IMAGES_OUTPUT/AREA_OVERVIEW_PREVIEW.png의 역할별 썸네일을 실제 납품 프레임의 형상·순서·ICON과 대조함.,REPACK_ONLY,NONE,NO,청백 얼음 숨결과 뾰족한 빙편이 전방에서 폭발하고 눈가루로 감소
area_16,미나르숲,m_dark_wyvern,다크 와이번,s_mon_dark_wyvern,검은 비늘의 근력,패시브,N,ICON|REFERENCE_VFX,ICON/004_m_dark_wyvern_s_mon_dark_wyvern_ICON.png|REFERENCE/004_m_dark_wyvern_s_mon_dark_wyvern_REFERENCE_F00.png|REFERENCE/004_m_dark_wyvern_s_mon_dark_wyvern_REFERENCE_F01.png|REFERENCE/004_m_dark_wyvern_s_mon_dark_wyvern_REFERENCE_F02.png|REFERENCE/004_m_dark_wyvern_s_mon_dark_wyvern_REFERENCE_F03.png|REFERENCE/004_m_dark_wyvern_s_mon_dark_wyvern_REFERENCE_F04.png|REFERENCE/004_m_dark_wyvern_s_mon_dark_wyvern_REFERENCE_F05.png,검은 비늘판 사이에서 붉은 근력맥이 점등되는 강화. ‘다크 와이번 / 검은 비늘의 근력’ 전용 소재이며 몬스터 본체는 VFX에 직접 넣지 않음,ICON=런타임 필수; REFERENCE_VFX=기존 제작 범위에 포함된 비전투 참고 산출물(런타임 미사용·자동 반입 금지),방향·FlipX·엔진 이동 없음. 없음,REFERENCE_VFX를 만들 경우 정지 모티브의 짧은 호흡만 표현한다. 공격 준비·타격광·투사체·폭발 단계는 넣지 않는다.,"대표 실루엣 1개는 ‘검은 비늘’, 보조 효과 1개는 ‘붉은 힘맥’. 64px 축소에서도 두 형상의 겹침과 방향이 읽혀야 함",NO_OBVIOUS_ISSUE,"실제 관찰: 검은 비늘 조각에 붉은 근맥광이 번졌다 원래 비늘 덩어리로 수축. INPUT 핵심 소재 '검은 비늘판 사이에서 붉은 근력맥이 점등되는 강화. ‘다크 와이번 / 검은 비늘의 근력’ 전용 소재이며 몬스터 본체는 VFX에 직접 넣지 않음' 및 ICON=런타임 필수; REFERENCE_VFX=기존 제작 범위에 포함된 비전투 참고 산출물(런타임 미사용·자동 반입 금지)와 대응하며, 역할 전환·무관한 공격 소재·별도 생물 삽입은 확인되지 않았다.",CONSISTENT_WITH_REFERENCE,"'검은 비늘의 근력'의 ICON 1장, 비전투 REFERENCE 전 프레임에서 어두운 외곽/중간톤/밝은 코어, 단계형 하이라이트와 알파 감쇠가 유지됐다. 역할·체급에 따른 크기와 입자량 차이를 제외하면 AREA 00 승인본 및 유사 역할군과 표현 문법이 이어진다.",MATCHES_DELIVERED_ASSETS,REPACK_ONLY,NO,"실제 ICON 1장, 비전투 REFERENCE 전 프레임 + INPUT 핵심 소재/역할/흐름 + OUTPUT Area Preview",ICON/004_m_dark_wyvern_s_mon_dark_wyvern_ICON.png .. REFERENCE/004_m_dark_wyvern_s_mon_dark_wyvern_REFERENCE_F05.png; area_full_frame_boards/AREA_16_ALL_FRAMES.png,,D:/maplestory_levup/docs/art/output_audit_work/20260912_143540/AREA_16_IMAGES_OUTPUT/AREA_16_IMAGES_OUTPUT/AREA_OVERVIEW_PREVIEW.png의 역할별 썸네일을 실제 납품 프레임의 형상·순서·ICON과 대조함.,REPACK_ONLY,NONE,NO,검은 비늘 조각에 붉은 근맥광이 번졌다 원래 비늘 덩어리로 수축
area_16,미나르숲,m_manon,마뇽,s_mon_manon,마뇽의 용화염,액티브,Y,ICON|CAST_VFX,ICON/005_m_manon_s_mon_manon_ICON.png|CAST/005_m_manon_s_mon_manon_CAST_F00.png|CAST/005_m_manon_s_mon_manon_CAST_F01.png|CAST/005_m_manon_s_mon_manon_CAST_F02.png|CAST/005_m_manon_s_mon_manon_CAST_F03.png|CAST/005_m_manon_s_mon_manon_CAST_F04.png|CAST/005_m_manon_s_mon_manon_CAST_F05.png|CAST/005_m_manon_s_mon_manon_CAST_F06.png|CAST/005_m_manon_s_mon_manon_CAST_F07.png|CAST/005_m_manon_s_mon_manon_CAST_F08.png|CAST/005_m_manon_s_mon_manon_CAST_F09.png|CAST/005_m_manon_s_mon_manon_CAST_F10.png|CAST/005_m_manon_s_mon_manon_CAST_F11.png,거대한 용뿔형 불꽃이 겹쳐지는 고열 용화염. ‘마뇽 / 마뇽의 용화염’ 전용 소재이며 몬스터 본체는 VFX에 직접 넣지 않음,CAST_VFX=시전자 중심 공격 연출; ICON=UI 식별,"자원은 우측 기준이며 대상이 왼쪽이면 FlipX. 판정 자체는 방향성 부채꼴이 아니라 시전자 중심 원형이다. layer drift는 엔진 적용: L1 ruid=5ac6554c0ea94009bbd9389df0542339, type=animationclip, style=clip, delay=0s, duration=.72s, scale=1, offset=(0,0) world unit, drift=(0,0) world unit/s; L2 ruid=b6b5849af24a416ab1680a1dced9697f, type=animationclip, style=clip, delay=0.17s, duration=.76s, scale=1.08, offset=(0,0) world unit, drift=(0,0) world unit/s; L3 ruid=128fe611ea9347aab589c5b5d4d8fc5b, type=animationclip, style=clip, delay=0.34s, duration=.82s, scale=1.16, offset=(0,0) world unit, drift=(0,0) world unit/s",핵심 형상 준비 → 시전자 중심 확장 → 피해 판정과 가까운 절정 프레임 → 잔광/파편 소멸.,"대표 실루엣 1개는 ‘용뿔 화염’, 보조 효과 1개는 ‘황금 용핵’. 64px 축소에서도 두 형상의 겹침과 방향이 읽혀야 함",NO_OBVIOUS_ISSUE,"실제 관찰: 주황 용화염이 뿔처럼 솟아 큰 불꽃 덩어리를 만들고 불씨·연기로 사라짐. INPUT 핵심 소재 '거대한 용뿔형 불꽃이 겹쳐지는 고열 용화염. ‘마뇽 / 마뇽의 용화염’ 전용 소재이며 몬스터 본체는 VFX에 직접 넣지 않음' 및 CAST_VFX=시전자 중심 공격 연출; ICON=UI 식별와 대응하며, 역할 전환·무관한 공격 소재·별도 생물 삽입은 확인되지 않았다.",CONSISTENT_WITH_REFERENCE,"'마뇽의 용화염'의 ICON 1장, CAST 전 프레임에서 어두운 외곽/중간톤/밝은 코어, 단계형 하이라이트와 알파 감쇠가 유지됐다. 역할·체급에 따른 크기와 입자량 차이를 제외하면 AREA 00 승인본 및 유사 역할군과 표현 문법이 이어진다.",MATCHES_DELIVERED_ASSETS,REPACK_ONLY,NO,"실제 ICON 1장, CAST 전 프레임 + INPUT 핵심 소재/역할/흐름 + OUTPUT Area Preview",ICON/005_m_manon_s_mon_manon_ICON.png .. CAST/005_m_manon_s_mon_manon_CAST_F11.png; area_full_frame_boards/AREA_16_ALL_FRAMES.png,,D:/maplestory_levup/docs/art/output_audit_work/20260912_143540/AREA_16_IMAGES_OUTPUT/AREA_16_IMAGES_OUTPUT/AREA_OVERVIEW_PREVIEW.png의 역할별 썸네일을 실제 납품 프레임의 형상·순서·ICON과 대조함.,REPACK_ONLY,NONE,NO,주황 용화염이 뿔처럼 솟아 큰 불꽃 덩어리를 만들고 불씨·연기로 사라짐
area_17,시간의 신전,m_memory_monk,추억의 사제,s_mon_memory_monk,추억의 묵상,패시브,N,ICON|REFERENCE_VFX,ICON/001_m_memory_monk_s_mon_memory_monk_ICON.png|REFERENCE/001_m_memory_monk_s_mon_memory_monk_REFERENCE_F00.png|REFERENCE/001_m_memory_monk_s_mon_memory_monk_REFERENCE_F01.png|REFERENCE/001_m_memory_monk_s_mon_memory_monk_REFERENCE_F02.png|REFERENCE/001_m_memory_monk_s_mon_memory_monk_REFERENCE_F03.png|REFERENCE/001_m_memory_monk_s_mon_memory_monk_REFERENCE_F04.png|REFERENCE/001_m_memory_monk_s_mon_memory_monk_REFERENCE_F05.png,빛바랜 기억 조각이 염주처럼 천천히 도는 묵상륜. ‘추억의 사제 / 추억의 묵상’ 전용 소재이며 몬스터 본체는 VFX에 직접 넣지 않음,ICON=런타임 필수; REFERENCE_VFX=기존 제작 범위에 포함된 비전투 참고 산출물(런타임 미사용·자동 반입 금지),방향·FlipX·엔진 이동 없음. 없음,REFERENCE_VFX를 만들 경우 정지 모티브의 짧은 호흡만 표현한다. 공격 준비·타격광·투사체·폭발 단계는 넣지 않는다.,"대표 실루엣 1개는 ‘기억 염주’, 보조 효과 1개는 ‘잔잔한 묵상륜’. 64px 축소에서도 두 형상의 겹침과 방향이 읽혀야 함",NO_OBVIOUS_ISSUE,"실제 관찰: 베이지 염주알이 원형 묵상 고리로 모였다 빛알을 남기며 다시 풀림. INPUT 핵심 소재 '빛바랜 기억 조각이 염주처럼 천천히 도는 묵상륜. ‘추억의 사제 / 추억의 묵상’ 전용 소재이며 몬스터 본체는 VFX에 직접 넣지 않음' 및 ICON=런타임 필수; REFERENCE_VFX=기존 제작 범위에 포함된 비전투 참고 산출물(런타임 미사용·자동 반입 금지)와 대응하며, 역할 전환·무관한 공격 소재·별도 생물 삽입은 확인되지 않았다.",CONSISTENT_WITH_REFERENCE,"'추억의 묵상'의 ICON 1장, 비전투 REFERENCE 전 프레임에서 어두운 외곽/중간톤/밝은 코어, 단계형 하이라이트와 알파 감쇠가 유지됐다. 역할·체급에 따른 크기와 입자량 차이를 제외하면 AREA 00 승인본 및 유사 역할군과 표현 문법이 이어진다.",MATCHES_DELIVERED_ASSETS,REPACK_ONLY,NO,"실제 ICON 1장, 비전투 REFERENCE 전 프레임 + INPUT 핵심 소재/역할/흐름 + OUTPUT Area Preview",ICON/001_m_memory_monk_s_mon_memory_monk_ICON.png .. REFERENCE/001_m_memory_monk_s_mon_memory_monk_REFERENCE_F05.png; area_full_frame_boards/AREA_17_ALL_FRAMES.png,,D:/maplestory_levup/docs/art/output_audit_work/20260912_143540/AREA_17_IMAGES_OUTPUT/AREA_17_IMAGES_OUTPUT/AREA_OVERVIEW_PREVIEW.png의 역할별 썸네일을 실제 납품 프레임의 형상·순서·ICON과 대조함. 원본은 유효한 2240x3568 RGBA PNG이며 검수용 축소본 docs/art/output_audit/runs/20260912_145815_content_style/preview_checks/AREA_17_OUTPUT_OVERVIEW_REVIEW_COPY.png에서도 동일함.,REPACK_ONLY,NONE,NO,베이지 염주알이 원형 묵상 고리로 모였다 빛알을 남기며 다시 풀림
area_17,시간의 신전,m_memory_monk_trainee,추억의 신관,s_mon_memory_monk_trainee,추억의 기도파,액티브,N,ICON|CAST_VFX,ICON/002_m_memory_monk_trainee_s_mon_memory_monk_trainee_ICON.png|CAST/002_m_memory_monk_trainee_s_mon_memory_monk_trainee_CAST_F00.png|CAST/002_m_memory_monk_trainee_s_mon_memory_monk_trainee_CAST_F01.png|CAST/002_m_memory_monk_trainee_s_mon_memory_monk_trainee_CAST_F02.png|CAST/002_m_memory_monk_trainee_s_mon_memory_monk_trainee_CAST_F03.png|CAST/002_m_memory_monk_trainee_s_mon_memory_monk_trainee_CAST_F04.png|CAST/002_m_memory_monk_trainee_s_mon_memory_monk_trainee_CAST_F05.png|CAST/002_m_memory_monk_trainee_s_mon_memory_monk_trainee_CAST_F06.png|CAST/002_m_memory_monk_trainee_s_mon_memory_monk_trainee_CAST_F07.png,작은 기도 구슬이 모여 앞으로 번지는 파동. ‘추억의 신관 / 추억의 기도파’ 전용 소재이며 몬스터 본체는 VFX에 직접 넣지 않음,CAST_VFX=시전자 중심 공격 연출; ICON=UI 식별,"자원은 우측 기준이며 대상이 왼쪽이면 FlipX. 판정 자체는 방향성 부채꼴이 아니라 시전자 중심 원형이다. layer drift는 엔진 적용: L1 ruid=1ea2d50c388645df9502190ef8092d94, type=animationclip, style=clip, delay=0s, duration=.72s, scale=1, offset=(0,0) world unit, drift=(0,0) world unit/s; L2 ruid=c25e7243baaf4b21bb70ee10dcd33890, type=animationclip, style=clip, delay=0.2s, duration=.82s, scale=1.08, offset=(0,0) world unit, drift=(0,0) world unit/s",핵심 형상 준비 → 시전자 중심 확장 → 피해 판정과 가까운 절정 프레임 → 잔광/파편 소멸.,"대표 실루엣 1개는 ‘기도 구슬’, 보조 효과 1개는 ‘전방 잔파’. 64px 축소에서도 두 형상의 겹침과 방향이 읽혀야 함",NO_OBVIOUS_ISSUE,"실제 관찰: 금청 기도문양과 날개형 광선이 방사형으로 펼쳐졌다 작은 빛점으로 소멸. INPUT 핵심 소재 '작은 기도 구슬이 모여 앞으로 번지는 파동. ‘추억의 신관 / 추억의 기도파’ 전용 소재이며 몬스터 본체는 VFX에 직접 넣지 않음' 및 CAST_VFX=시전자 중심 공격 연출; ICON=UI 식별와 대응하며, 역할 전환·무관한 공격 소재·별도 생물 삽입은 확인되지 않았다.",CONSISTENT_WITH_REFERENCE,"'추억의 기도파'의 ICON 1장, CAST 전 프레임에서 어두운 외곽/중간톤/밝은 코어, 단계형 하이라이트와 알파 감쇠가 유지됐다. 역할·체급에 따른 크기와 입자량 차이를 제외하면 AREA 00 승인본 및 유사 역할군과 표현 문법이 이어진다.",MATCHES_DELIVERED_ASSETS,REPACK_ONLY,NO,"실제 ICON 1장, CAST 전 프레임 + INPUT 핵심 소재/역할/흐름 + OUTPUT Area Preview",ICON/002_m_memory_monk_trainee_s_mon_memory_monk_trainee_ICON.png .. CAST/002_m_memory_monk_trainee_s_mon_memory_monk_trainee_CAST_F07.png; area_full_frame_boards/AREA_17_ALL_FRAMES.png,,D:/maplestory_levup/docs/art/output_audit_work/20260912_143540/AREA_17_IMAGES_OUTPUT/AREA_17_IMAGES_OUTPUT/AREA_OVERVIEW_PREVIEW.png의 역할별 썸네일을 실제 납품 프레임의 형상·순서·ICON과 대조함. 원본은 유효한 2240x3568 RGBA PNG이며 검수용 축소본 docs/art/output_audit/runs/20260912_145815_content_style/preview_checks/AREA_17_OUTPUT_OVERVIEW_REVIEW_COPY.png에서도 동일함.,REPACK_ONLY,NONE,NO,금청 기도문양과 날개형 광선이 방사형으로 펼쳐졌다 작은 빛점으로 소멸
area_17,시간의 신전,m_memory_guardian,추억의 수호병,s_mon_memory_guardian,수호병의 기억갑주,패시브,N,ICON|REFERENCE_VFX,ICON/003_m_memory_guardian_s_mon_memory_guardian_ICON.png|REFERENCE/003_m_memory_guardian_s_mon_memory_guardian_REFERENCE_F00.png|REFERENCE/003_m_memory_guardian_s_mon_memory_guardian_REFERENCE_F01.png|REFERENCE/003_m_memory_guardian_s_mon_memory_guardian_REFERENCE_F02.png|REFERENCE/003_m_memory_guardian_s_mon_memory_guardian_REFERENCE_F03.png|REFERENCE/003_m_memory_guardian_s_mon_memory_guardian_REFERENCE_F04.png|REFERENCE/003_m_memory_guardian_s_mon_memory_guardian_REFERENCE_F05.png,기억 석판 조각이 방패처럼 겹치는 갑주. ‘추억의 수호병 / 수호병의 기억갑주’ 전용 소재이며 몬스터 본체는 VFX에 직접 넣지 않음,ICON=런타임 필수; REFERENCE_VFX=기존 제작 범위에 포함된 비전투 참고 산출물(런타임 미사용·자동 반입 금지),방향·FlipX·엔진 이동 없음. 없음,REFERENCE_VFX를 만들 경우 정지 모티브의 짧은 호흡만 표현한다. 공격 준비·타격광·투사체·폭발 단계는 넣지 않는다.,"대표 실루엣 1개는 ‘기억 석판 방패’, 보조 효과 1개는 ‘봉인광’. 64px 축소에서도 두 형상의 겹침과 방향이 읽혀야 함",NO_OBVIOUS_ISSUE,"실제 관찰: 금청 방패 조각이 중앙 문장에 맞물려 닫히고 반사광 뒤 분리. INPUT 핵심 소재 '기억 석판 조각이 방패처럼 겹치는 갑주. ‘추억의 수호병 / 수호병의 기억갑주’ 전용 소재이며 몬스터 본체는 VFX에 직접 넣지 않음' 및 ICON=런타임 필수; REFERENCE_VFX=기존 제작 범위에 포함된 비전투 참고 산출물(런타임 미사용·자동 반입 금지)와 대응하며, 역할 전환·무관한 공격 소재·별도 생물 삽입은 확인되지 않았다.",CONSISTENT_WITH_REFERENCE,"'수호병의 기억갑주'의 ICON 1장, 비전투 REFERENCE 전 프레임에서 어두운 외곽/중간톤/밝은 코어, 단계형 하이라이트와 알파 감쇠가 유지됐다. 역할·체급에 따른 크기와 입자량 차이를 제외하면 AREA 00 승인본 및 유사 역할군과 표현 문법이 이어진다.",MATCHES_DELIVERED_ASSETS,REPACK_ONLY,NO,"실제 ICON 1장, 비전투 REFERENCE 전 프레임 + INPUT 핵심 소재/역할/흐름 + OUTPUT Area Preview",ICON/003_m_memory_guardian_s_mon_memory_guardian_ICON.png .. REFERENCE/003_m_memory_guardian_s_mon_memory_guardian_REFERENCE_F05.png; area_full_frame_boards/AREA_17_ALL_FRAMES.png,,D:/maplestory_levup/docs/art/output_audit_work/20260912_143540/AREA_17_IMAGES_OUTPUT/AREA_17_IMAGES_OUTPUT/AREA_OVERVIEW_PREVIEW.png의 역할별 썸네일을 실제 납품 프레임의 형상·순서·ICON과 대조함. 원본은 유효한 2240x3568 RGBA PNG이며 검수용 축소본 docs/art/output_audit/runs/20260912_145815_content_style/preview_checks/AREA_17_OUTPUT_OVERVIEW_REVIEW_COPY.png에서도 동일함.,REPACK_ONLY,NONE,NO,금청 방패 조각이 중앙 문장에 맞물려 닫히고 반사광 뒤 분리
area_17,시간의 신전,m_chief_memory_guardian,추억의 수호대장,s_mon_chief_memory_guardian,시간 수호진,액티브,N,ICON|CAST_VFX,ICON/004_m_chief_memory_guardian_s_mon_chief_memory_guardian_ICON.png|CAST/004_m_chief_memory_guardian_s_mon_chief_memory_guardian_CAST_F00.png|CAST/004_m_chief_memory_guardian_s_mon_chief_memory_guardian_CAST_F01.png|CAST/004_m_chief_memory_guardian_s_mon_chief_memory_guardian_CAST_F02.png|CAST/004_m_chief_memory_guardian_s_mon_chief_memory_guardian_CAST_F03.png|CAST/004_m_chief_memory_guardian_s_mon_chief_memory_guardian_CAST_F04.png|CAST/004_m_chief_memory_guardian_s_mon_chief_memory_guardian_CAST_F05.png|CAST/004_m_chief_memory_guardian_s_mon_chief_memory_guardian_CAST_F06.png|CAST/004_m_chief_memory_guardian_s_mon_chief_memory_guardian_CAST_F07.png,네 방향 석판이 맞물려 완성되는 시간 수호진. ‘추억의 수호대장 / 시간 수호진’ 전용 소재이며 몬스터 본체는 VFX에 직접 넣지 않음,CAST_VFX=시전자 중심 공격 연출; ICON=UI 식별,"자원은 우측 기준이며 대상이 왼쪽이면 FlipX. 판정 자체는 방향성 부채꼴이 아니라 시전자 중심 원형이다. layer drift는 엔진 적용: L1 ruid=4147dea424e9475ca1a61773421a3397, type=animationclip, style=clip, delay=0s, duration=.74s, scale=1, offset=(0,0) world unit, drift=(0,0) world unit/s; L2 ruid=aa3d9ed3c4a3435298afcb494ac7fcac, type=animationclip, style=clip, delay=.22s, duration=.86s, scale=1.12, offset=(0,0) world unit, drift=(0,0) world unit/s",핵심 형상 준비 → 시전자 중심 확장 → 피해 판정과 가까운 절정 프레임 → 잔광/파편 소멸.,"대표 실루엣 1개는 ‘십자 석판진’, 보조 효과 1개는 ‘시계 고리’. 64px 축소에서도 두 형상의 겹침과 방향이 읽혀야 함",NO_OBVIOUS_ISSUE,"실제 관찰: 금청 시간 수호 문양이 네 방향으로 회전·확대됐다 얇은 시간 고리로 사라짐. INPUT 핵심 소재 '네 방향 석판이 맞물려 완성되는 시간 수호진. ‘추억의 수호대장 / 시간 수호진’ 전용 소재이며 몬스터 본체는 VFX에 직접 넣지 않음' 및 CAST_VFX=시전자 중심 공격 연출; ICON=UI 식별와 대응하며, 역할 전환·무관한 공격 소재·별도 생물 삽입은 확인되지 않았다.",CONSISTENT_WITH_REFERENCE,"'시간 수호진'의 ICON 1장, CAST 전 프레임에서 어두운 외곽/중간톤/밝은 코어, 단계형 하이라이트와 알파 감쇠가 유지됐다. 역할·체급에 따른 크기와 입자량 차이를 제외하면 AREA 00 승인본 및 유사 역할군과 표현 문법이 이어진다.",MATCHES_DELIVERED_ASSETS,REPACK_ONLY,NO,"실제 ICON 1장, CAST 전 프레임 + INPUT 핵심 소재/역할/흐름 + OUTPUT Area Preview",ICON/004_m_chief_memory_guardian_s_mon_chief_memory_guardian_ICON.png .. CAST/004_m_chief_memory_guardian_s_mon_chief_memory_guardian_CAST_F07.png; area_full_frame_boards/AREA_17_ALL_FRAMES.png,,D:/maplestory_levup/docs/art/output_audit_work/20260912_143540/AREA_17_IMAGES_OUTPUT/AREA_17_IMAGES_OUTPUT/AREA_OVERVIEW_PREVIEW.png의 역할별 썸네일을 실제 납품 프레임의 형상·순서·ICON과 대조함. 원본은 유효한 2240x3568 RGBA PNG이며 검수용 축소본 docs/art/output_audit/runs/20260912_145815_content_style/preview_checks/AREA_17_OUTPUT_OVERVIEW_REVIEW_COPY.png에서도 동일함.,REPACK_ONLY,NONE,NO,금청 시간 수호 문양이 네 방향으로 회전·확대됐다 얇은 시간 고리로 사라짐
area_17,시간의 신전,m_dodo,도도,s_mon_dodo,기억 포식,액티브,Y,ICON|CAST_VFX|PROJECTILE,ICON/005_m_dodo_s_mon_dodo_ICON.png|CAST/005_m_dodo_s_mon_dodo_CAST_F00.png|CAST/005_m_dodo_s_mon_dodo_CAST_F01.png|CAST/005_m_dodo_s_mon_dodo_CAST_F02.png|CAST/005_m_dodo_s_mon_dodo_CAST_F03.png|CAST/005_m_dodo_s_mon_dodo_CAST_F04.png|CAST/005_m_dodo_s_mon_dodo_CAST_F05.png|CAST/005_m_dodo_s_mon_dodo_CAST_F06.png|CAST/005_m_dodo_s_mon_dodo_CAST_F07.png|CAST/005_m_dodo_s_mon_dodo_CAST_F08.png|CAST/005_m_dodo_s_mon_dodo_CAST_F09.png|CAST/005_m_dodo_s_mon_dodo_CAST_F10.png|CAST/005_m_dodo_s_mon_dodo_CAST_F11.png|PROJECTILE/005_m_dodo_s_mon_dodo_PROJECTILE_F00.png|PROJECTILE/005_m_dodo_s_mon_dodo_PROJECTILE_F01.png|PROJECTILE/005_m_dodo_s_mon_dodo_PROJECTILE_F02.png|PROJECTILE/005_m_dodo_s_mon_dodo_PROJECTILE_F03.png,빛바랜 기억 조각을 안쪽으로 빨아들이는 검은 포식구. ‘도도 / 기억 포식’ 전용 소재이며 몬스터 본체는 VFX에 직접 넣지 않음,CAST_VFX=발사/준비 연출; PROJECTILE=엔진이 이동시키는 비행체; ICON=UI 식별,,,"대표 실루엣 1개는 ‘검은 포식구’, 보조 효과 1개는 ‘빨려드는 기억편’. 64px 축소에서도 두 형상의 겹침과 방향이 읽혀야 함",NO_OBVIOUS_ISSUE,"실제 관찰: 검정·금빛 기억 조각이 큰 소용돌이로 합쳐 폭발하고, 투사체는 기억핵의 국소 회전만 변화. INPUT 핵심 소재 '빛바랜 기억 조각을 안쪽으로 빨아들이는 검은 포식구. ‘도도 / 기억 포식’ 전용 소재이며 몬스터 본체는 VFX에 직접 넣지 않음' 및 CAST_VFX=발사/준비 연출; PROJECTILE=엔진이 이동시키는 비행체; ICON=UI 식별와 대응하며, 역할 전환·무관한 공격 소재·별도 생물 삽입은 확인되지 않았다.",CONSISTENT_WITH_REFERENCE,"'기억 포식'의 ICON 1장, CAST 전 프레임, PROJECTILE 전 프레임에서 어두운 외곽/중간톤/밝은 코어, 단계형 하이라이트와 알파 감쇠가 유지됐다. 역할·체급에 따른 크기와 입자량 차이를 제외하면 AREA 00 승인본 및 유사 역할군과 표현 문법이 이어진다.",MATCHES_DELIVERED_ASSETS,REPACK_ONLY,NO,"실제 ICON 1장, CAST 전 프레임, PROJECTILE 전 프레임 + INPUT 핵심 소재/역할/흐름 + OUTPUT Area Preview",ICON/005_m_dodo_s_mon_dodo_ICON.png .. PROJECTILE/005_m_dodo_s_mon_dodo_PROJECTILE_F03.png; area_full_frame_boards/AREA_17_ALL_FRAMES.png,,D:/maplestory_levup/docs/art/output_audit_work/20260912_143540/AREA_17_IMAGES_OUTPUT/AREA_17_IMAGES_OUTPUT/AREA_OVERVIEW_PREVIEW.png의 역할별 썸네일을 실제 납품 프레임의 형상·순서·ICON과 대조함. 원본은 유효한 2240x3568 RGBA PNG이며 검수용 축소본 docs/art/output_audit/runs/20260912_145815_content_style/preview_checks/AREA_17_OUTPUT_OVERVIEW_REVIEW_COPY.png에서도 동일함.,REPACK_ONLY,NONE,NO,"검정·금빛 기억 조각이 큰 소용돌이로 합쳐 폭발하고, 투사체는 기억핵의 국소 회전만 변화"
area_18,지구방위본부,m_mateon,마티안,s_mon_mateon,마티안 광선탄,액티브,N,ICON|CAST_VFX|PROJECTILE,ICON/001_m_mateon_s_mon_mateon_ICON.png|CAST/001_m_mateon_s_mon_mateon_CAST_F00.png|CAST/001_m_mateon_s_mon_mateon_CAST_F01.png|CAST/001_m_mateon_s_mon_mateon_CAST_F02.png|CAST/001_m_mateon_s_mon_mateon_CAST_F03.png|CAST/001_m_mateon_s_mon_mateon_CAST_F04.png|CAST/001_m_mateon_s_mon_mateon_CAST_F05.png|CAST/001_m_mateon_s_mon_mateon_CAST_F06.png|CAST/001_m_mateon_s_mon_mateon_CAST_F07.png|PROJECTILE/001_m_mateon_s_mon_mateon_PROJECTILE_F00.png|PROJECTILE/001_m_mateon_s_mon_mateon_PROJECTILE_F01.png|PROJECTILE/001_m_mateon_s_mon_mateon_PROJECTILE_F02.png|PROJECTILE/001_m_mateon_s_mon_mateon_PROJECTILE_F03.png,외계 수정핵에서 발사되는 둥근 황록 광선탄. ‘마티안 / 마티안 광선탄’ 전용 소재이며 몬스터 본체는 VFX에 직접 넣지 않음,CAST_VFX=발사/준비 연출; PROJECTILE=엔진이 이동시키는 비행체; ICON=UI 식별,,,"대표 실루엣 1개는 ‘외계 수정핵’, 보조 효과 1개는 ‘광선 꼬리’. 64px 축소에서도 두 형상의 겹침과 방향이 읽혀야 함",NO_OBVIOUS_ISSUE,"실제 관찰: 연두 외계 광선핵이 고리와 함께 압축·발광하고, 투사체는 중심 광택과 고리만 맥동. INPUT 핵심 소재 '외계 수정핵에서 발사되는 둥근 황록 광선탄. ‘마티안 / 마티안 광선탄’ 전용 소재이며 몬스터 본체는 VFX에 직접 넣지 않음' 및 CAST_VFX=발사/준비 연출; PROJECTILE=엔진이 이동시키는 비행체; ICON=UI 식별와 대응하며, 역할 전환·무관한 공격 소재·별도 생물 삽입은 확인되지 않았다.",CONSISTENT_WITH_REFERENCE,"'마티안 광선탄'의 ICON 1장, CAST 전 프레임, PROJECTILE 전 프레임에서 어두운 외곽/중간톤/밝은 코어, 단계형 하이라이트와 알파 감쇠가 유지됐다. 역할·체급에 따른 크기와 입자량 차이를 제외하면 AREA 00 승인본 및 유사 역할군과 표현 문법이 이어진다.",MATCHES_DELIVERED_ASSETS,REPACK_ONLY,NO,"실제 ICON 1장, CAST 전 프레임, PROJECTILE 전 프레임 + INPUT 핵심 소재/역할/흐름 + OUTPUT Area Preview",ICON/001_m_mateon_s_mon_mateon_ICON.png .. PROJECTILE/001_m_mateon_s_mon_mateon_PROJECTILE_F03.png; area_full_frame_boards/AREA_18_ALL_FRAMES.png,,D:/maplestory_levup/docs/art/output_audit_work/20260912_143540/AREA_18_IMAGES_OUTPUT/AREA_18_IMAGES_OUTPUT/AREA_OVERVIEW_PREVIEW.png의 역할별 썸네일을 실제 납품 프레임의 형상·순서·ICON과 대조함.,REPACK_ONLY,NONE,NO,"연두 외계 광선핵이 고리와 함께 압축·발광하고, 투사체는 중심 광택과 고리만 맥동"
area_18,지구방위본부,m_plateon,플라티안,s_mon_plateon,외계 장갑 조종,패시브,N,ICON|REFERENCE_VFX,ICON/002_m_plateon_s_mon_plateon_ICON.png|REFERENCE/002_m_plateon_s_mon_plateon_REFERENCE_F00.png|REFERENCE/002_m_plateon_s_mon_plateon_REFERENCE_F01.png|REFERENCE/002_m_plateon_s_mon_plateon_REFERENCE_F02.png|REFERENCE/002_m_plateon_s_mon_plateon_REFERENCE_F03.png|REFERENCE/002_m_plateon_s_mon_plateon_REFERENCE_F04.png|REFERENCE/002_m_plateon_s_mon_plateon_REFERENCE_F05.png,겹친 외계 장갑판과 조종 회로가 켜지는 방호 구조. ‘플라티안 / 외계 장갑 조종’ 전용 소재이며 몬스터 본체는 VFX에 직접 넣지 않음,ICON=런타임 필수; REFERENCE_VFX=기존 제작 범위에 포함된 비전투 참고 산출물(런타임 미사용·자동 반입 금지),방향·FlipX·엔진 이동 없음. 없음,REFERENCE_VFX를 만들 경우 정지 모티브의 짧은 호흡만 표현한다. 공격 준비·타격광·투사체·폭발 단계는 넣지 않는다.,"대표 실루엣 1개는 ‘외계 장갑판’, 보조 효과 1개는 ‘회로 점등’. 64px 축소에서도 두 형상의 겹침과 방향이 읽혀야 함",NO_OBVIOUS_ISSUE,"실제 관찰: 회색 외계 장갑판이 연두 코어 주위에 구형으로 닫히고 짧게 회전·안정. INPUT 핵심 소재 '겹친 외계 장갑판과 조종 회로가 켜지는 방호 구조. ‘플라티안 / 외계 장갑 조종’ 전용 소재이며 몬스터 본체는 VFX에 직접 넣지 않음' 및 ICON=런타임 필수; REFERENCE_VFX=기존 제작 범위에 포함된 비전투 참고 산출물(런타임 미사용·자동 반입 금지)와 대응하며, 역할 전환·무관한 공격 소재·별도 생물 삽입은 확인되지 않았다.",CONSISTENT_WITH_REFERENCE,"'외계 장갑 조종'의 ICON 1장, 비전투 REFERENCE 전 프레임에서 어두운 외곽/중간톤/밝은 코어, 단계형 하이라이트와 알파 감쇠가 유지됐다. 역할·체급에 따른 크기와 입자량 차이를 제외하면 AREA 00 승인본 및 유사 역할군과 표현 문법이 이어진다.",MATCHES_DELIVERED_ASSETS,REPACK_ONLY,NO,"실제 ICON 1장, 비전투 REFERENCE 전 프레임 + INPUT 핵심 소재/역할/흐름 + OUTPUT Area Preview",ICON/002_m_plateon_s_mon_plateon_ICON.png .. REFERENCE/002_m_plateon_s_mon_plateon_REFERENCE_F05.png; area_full_frame_boards/AREA_18_ALL_FRAMES.png,,D:/maplestory_levup/docs/art/output_audit_work/20260912_143540/AREA_18_IMAGES_OUTPUT/AREA_18_IMAGES_OUTPUT/AREA_OVERVIEW_PREVIEW.png의 역할별 썸네일을 실제 납품 프레임의 형상·순서·ICON과 대조함.,REPACK_ONLY,NONE,NO,회색 외계 장갑판이 연두 코어 주위에 구형으로 닫히고 짧게 회전·안정
area_18,지구방위본부,m_mecateon,메카티안,s_mon_mecateon,기계화 레이저,액티브,N,ICON|CAST_VFX,ICON/003_m_mecateon_s_mon_mecateon_ICON.png|CAST/003_m_mecateon_s_mon_mecateon_CAST_F00.png|CAST/003_m_mecateon_s_mon_mecateon_CAST_F01.png|CAST/003_m_mecateon_s_mon_mecateon_CAST_F02.png|CAST/003_m_mecateon_s_mon_mecateon_CAST_F03.png|CAST/003_m_mecateon_s_mon_mecateon_CAST_F04.png|CAST/003_m_mecateon_s_mon_mecateon_CAST_F05.png|CAST/003_m_mecateon_s_mon_mecateon_CAST_F06.png|CAST/003_m_mecateon_s_mon_mecateon_CAST_F07.png,기계 렌즈가 수평으로 조준해 뻗는 분홍 레이저. ‘메카티안 / 기계화 레이저’ 전용 소재이며 몬스터 본체는 VFX에 직접 넣지 않음,CAST_VFX=시전자 중심 공격 연출; ICON=UI 식별,"자원은 우측 기준이며 대상이 왼쪽이면 FlipX. 판정 자체는 방향성 부채꼴이 아니라 시전자 중심 원형이다. layer drift는 엔진 적용: L1 ruid=50eff4b9b8064efa8db5246e7a912c4d, type=animationclip, style=clip, delay=0s, duration=.72s, scale=1, offset=(0,0) world unit, drift=(0,0) world unit/s; L2 ruid=1fe5c891382642d3aa35a89414f43fce, type=animationclip, style=clip, delay=.2s, duration=.84s, scale=1.12, offset=(0,0) world unit, drift=(0,0) world unit/s",핵심 형상 준비 → 시전자 중심 확장 → 피해 판정과 가까운 절정 프레임 → 잔광/파편 소멸.,"대표 실루엣 1개는 ‘기계 렌즈’, 보조 효과 1개는 ‘수평 레이저’. 64px 축소에서도 두 형상의 겹침과 방향이 읽혀야 함",NO_OBVIOUS_ISSUE,"실제 관찰: 분홍 기계 렌즈가 가로 레이저를 충전·발사하고 작은 금속 조각으로 해체. INPUT 핵심 소재 '기계 렌즈가 수평으로 조준해 뻗는 분홍 레이저. ‘메카티안 / 기계화 레이저’ 전용 소재이며 몬스터 본체는 VFX에 직접 넣지 않음' 및 CAST_VFX=시전자 중심 공격 연출; ICON=UI 식별와 대응하며, 역할 전환·무관한 공격 소재·별도 생물 삽입은 확인되지 않았다.",CONSISTENT_WITH_REFERENCE,"'기계화 레이저'의 ICON 1장, CAST 전 프레임에서 어두운 외곽/중간톤/밝은 코어, 단계형 하이라이트와 알파 감쇠가 유지됐다. 역할·체급에 따른 크기와 입자량 차이를 제외하면 AREA 00 승인본 및 유사 역할군과 표현 문법이 이어진다.",MATCHES_DELIVERED_ASSETS,REPACK_ONLY,NO,"실제 ICON 1장, CAST 전 프레임 + INPUT 핵심 소재/역할/흐름 + OUTPUT Area Preview",ICON/003_m_mecateon_s_mon_mecateon_ICON.png .. CAST/003_m_mecateon_s_mon_mecateon_CAST_F07.png; area_full_frame_boards/AREA_18_ALL_FRAMES.png,,D:/maplestory_levup/docs/art/output_audit_work/20260912_143540/AREA_18_IMAGES_OUTPUT/AREA_18_IMAGES_OUTPUT/AREA_OVERVIEW_PREVIEW.png의 역할별 썸네일을 실제 납품 프레임의 형상·순서·ICON과 대조함.,REPACK_ONLY,NONE,NO,분홍 기계 렌즈가 가로 레이저를 충전·발사하고 작은 금속 조각으로 해체
area_18,지구방위본부,m_chief_gray,원로 그레이,s_mon_chief_gray,원로의 정신연산,패시브,N,ICON|REFERENCE_VFX,ICON/004_m_chief_gray_s_mon_chief_gray_ICON.png|REFERENCE/004_m_chief_gray_s_mon_chief_gray_REFERENCE_F00.png|REFERENCE/004_m_chief_gray_s_mon_chief_gray_REFERENCE_F01.png|REFERENCE/004_m_chief_gray_s_mon_chief_gray_REFERENCE_F02.png|REFERENCE/004_m_chief_gray_s_mon_chief_gray_REFERENCE_F03.png|REFERENCE/004_m_chief_gray_s_mon_chief_gray_REFERENCE_F04.png|REFERENCE/004_m_chief_gray_s_mon_chief_gray_REFERENCE_F05.png,큰 뇌파 구체와 작은 연산 노드가 규칙적으로 연결되는 정신망. ‘원로 그레이 / 원로의 정신연산’ 전용 소재이며 몬스터 본체는 VFX에 직접 넣지 않음,ICON=런타임 필수; REFERENCE_VFX=기존 제작 범위에 포함된 비전투 참고 산출물(런타임 미사용·자동 반입 금지),방향·FlipX·엔진 이동 없음. 없음,REFERENCE_VFX를 만들 경우 정지 모티브의 짧은 호흡만 표현한다. 공격 준비·타격광·투사체·폭발 단계는 넣지 않는다.,"대표 실루엣 1개는 ‘뇌파 구체’, 보조 효과 1개는 ‘연결 노드’. 64px 축소에서도 두 형상의 겹침과 방향이 읽혀야 함",NO_OBVIOUS_ISSUE,"실제 관찰: 보라 정신노드와 작은 위성점이 규칙적 원형망으로 커졌다 중심 구체로 복귀. INPUT 핵심 소재 '큰 뇌파 구체와 작은 연산 노드가 규칙적으로 연결되는 정신망. ‘원로 그레이 / 원로의 정신연산’ 전용 소재이며 몬스터 본체는 VFX에 직접 넣지 않음' 및 ICON=런타임 필수; REFERENCE_VFX=기존 제작 범위에 포함된 비전투 참고 산출물(런타임 미사용·자동 반입 금지)와 대응하며, 역할 전환·무관한 공격 소재·별도 생물 삽입은 확인되지 않았다.",CONSISTENT_WITH_REFERENCE,"'원로의 정신연산'의 ICON 1장, 비전투 REFERENCE 전 프레임에서 어두운 외곽/중간톤/밝은 코어, 단계형 하이라이트와 알파 감쇠가 유지됐다. 역할·체급에 따른 크기와 입자량 차이를 제외하면 AREA 00 승인본 및 유사 역할군과 표현 문법이 이어진다.",MATCHES_DELIVERED_ASSETS,REPACK_ONLY,NO,"실제 ICON 1장, 비전투 REFERENCE 전 프레임 + INPUT 핵심 소재/역할/흐름 + OUTPUT Area Preview",ICON/004_m_chief_gray_s_mon_chief_gray_ICON.png .. REFERENCE/004_m_chief_gray_s_mon_chief_gray_REFERENCE_F05.png; area_full_frame_boards/AREA_18_ALL_FRAMES.png,,D:/maplestory_levup/docs/art/output_audit_work/20260912_143540/AREA_18_IMAGES_OUTPUT/AREA_18_IMAGES_OUTPUT/AREA_OVERVIEW_PREVIEW.png의 역할별 썸네일을 실제 납품 프레임의 형상·순서·ICON과 대조함.,REPACK_ONLY,NONE,NO,보라 정신노드와 작은 위성점이 규칙적 원형망으로 커졌다 중심 구체로 복귀
area_18,지구방위본부,m_zeno,제노,s_mon_zeno,제노의 중력장,액티브,Y,ICON|CAST_VFX,ICON/005_m_zeno_s_mon_zeno_ICON.png|CAST/005_m_zeno_s_mon_zeno_CAST_F00.png|CAST/005_m_zeno_s_mon_zeno_CAST_F01.png|CAST/005_m_zeno_s_mon_zeno_CAST_F02.png|CAST/005_m_zeno_s_mon_zeno_CAST_F03.png|CAST/005_m_zeno_s_mon_zeno_CAST_F04.png|CAST/005_m_zeno_s_mon_zeno_CAST_F05.png|CAST/005_m_zeno_s_mon_zeno_CAST_F06.png|CAST/005_m_zeno_s_mon_zeno_CAST_F07.png|CAST/005_m_zeno_s_mon_zeno_CAST_F08.png|CAST/005_m_zeno_s_mon_zeno_CAST_F09.png|CAST/005_m_zeno_s_mon_zeno_CAST_F10.png|CAST/005_m_zeno_s_mon_zeno_CAST_F11.png,외계 코어 주위 공간이 오목하게 접히는 다중 중력륜. ‘제노 / 제노의 중력장’ 전용 소재이며 몬스터 본체는 VFX에 직접 넣지 않음,CAST_VFX=시전자 중심 공격 연출; ICON=UI 식별,"자원은 우측 기준이며 대상이 왼쪽이면 FlipX. 판정 자체는 방향성 부채꼴이 아니라 시전자 중심 원형이다. layer drift는 엔진 적용: L1 ruid=908710847a0249c98cf8e935dfb1ddd8, type=animationclip, style=clip, delay=0s, duration=.82s, scale=1.15, offset=(0,0) world unit, drift=(0,0) world unit/s; L2 ruid=c68a17e01f83412882ac127cda104ee3, type=animationclip, style=clip, delay=.24s, duration=.96s, scale=1.22, offset=(0,0) world unit, drift=(0,0) world unit/s",핵심 형상 준비 → 시전자 중심 확장 → 피해 판정과 가까운 절정 프레임 → 잔광/파편 소멸.,"대표 실루엣 1개는 ‘외계 코어’, 보조 효과 1개는 ‘오목한 중력륜’. 64px 축소에서도 두 형상의 겹침과 방향이 읽혀야 함",NO_OBVIOUS_ISSUE,"실제 관찰: 검보라 중력 고리들이 입체적으로 겹쳐 밝은 보라 핵을 만들고 얇은 궤도로 수축. INPUT 핵심 소재 '외계 코어 주위 공간이 오목하게 접히는 다중 중력륜. ‘제노 / 제노의 중력장’ 전용 소재이며 몬스터 본체는 VFX에 직접 넣지 않음' 및 CAST_VFX=시전자 중심 공격 연출; ICON=UI 식별와 대응하며, 역할 전환·무관한 공격 소재·별도 생물 삽입은 확인되지 않았다.",CONSISTENT_WITH_REFERENCE,"'제노의 중력장'의 ICON 1장, CAST 전 프레임에서 어두운 외곽/중간톤/밝은 코어, 단계형 하이라이트와 알파 감쇠가 유지됐다. 역할·체급에 따른 크기와 입자량 차이를 제외하면 AREA 00 승인본 및 유사 역할군과 표현 문법이 이어진다.",MATCHES_DELIVERED_ASSETS,REPACK_ONLY,NO,"실제 ICON 1장, CAST 전 프레임 + INPUT 핵심 소재/역할/흐름 + OUTPUT Area Preview",ICON/005_m_zeno_s_mon_zeno_ICON.png .. CAST/005_m_zeno_s_mon_zeno_CAST_F11.png; area_full_frame_boards/AREA_18_ALL_FRAMES.png,,D:/maplestory_levup/docs/art/output_audit_work/20260912_143540/AREA_18_IMAGES_OUTPUT/AREA_18_IMAGES_OUTPUT/AREA_OVERVIEW_PREVIEW.png의 역할별 썸네일을 실제 납품 프레임의 형상·순서·ICON과 대조함.,REPACK_ONLY,NONE,NO,검보라 중력 고리들이 입체적으로 겹쳐 밝은 보라 핵을 만들고 얇은 궤도로 수축
area_19,미래의 문,m_official_knight_c,정식기사 C,s_mon_official_knight_c,기사단 뇌전 연각,액티브,N,CAST_VFX|ICON,CAST/001_m_official_knight_c_s_mon_official_knight_c_CAST_F00.png|CAST/001_m_official_knight_c_s_mon_official_knight_c_CAST_F01.png|CAST/001_m_official_knight_c_s_mon_official_knight_c_CAST_F02.png|CAST/001_m_official_knight_c_s_mon_official_knight_c_CAST_F03.png|CAST/001_m_official_knight_c_s_mon_official_knight_c_CAST_F04.png|CAST/001_m_official_knight_c_s_mon_official_knight_c_CAST_F05.png|CAST/001_m_official_knight_c_s_mon_official_knight_c_CAST_F06.png|CAST/001_m_official_knight_c_s_mon_official_knight_c_CAST_F07.png|ICON/001_m_official_knight_c_s_mon_official_knight_c_ICON.png,번개가 감긴 두 번의 연속 발차기 궤적. ‘정식기사 C / 기사단 뇌전 연각’ 전용 소재이며 몬스터 본체는 VFX에 직접 넣지 않음,CAST_VFX=시전자 중심 공격 연출; ICON=UI 식별,"자원은 우측 기준이며 대상이 왼쪽이면 FlipX. 판정 자체는 방향성 부채꼴이 아니라 시전자 중심 원형이다. layer drift는 엔진 적용: L1 ruid=1a648542a3b447f594b5c331cf44503f, type=animationclip, style=clip, delay=0s, duration=.7s, scale=1, offset=(0,0) world unit, drift=(0,0) world unit/s; L2 ruid=439308ddd0bf4405a8463340c67a464b, type=animationclip, style=clip, delay=.17s, duration=.78s, scale=1.1, offset=(0,0) world unit, drift=(0,0) world unit/s",핵심 형상 준비 → 시전자 중심 확장 → 피해 판정과 가까운 절정 프레임 → 잔광/파편 소멸.,"대표 실루엣 1개는 ‘쌍 발차기 호’, 보조 효과 1개는 ‘번개 갈래’. 64px 축소에서도 두 형상의 겹침과 방향이 읽혀야 함",NO_OBVIOUS_ISSUE,"실제 관찰: 청백 전격 두 줄이 연속 발차기 초승달처럼 겹쳐 충돌광 뒤 물결형 잔상으로 소멸. INPUT 핵심 소재 '번개가 감긴 두 번의 연속 발차기 궤적. ‘정식기사 C / 기사단 뇌전 연각’ 전용 소재이며 몬스터 본체는 VFX에 직접 넣지 않음' 및 CAST_VFX=시전자 중심 공격 연출; ICON=UI 식별와 대응하며, 역할 전환·무관한 공격 소재·별도 생물 삽입은 확인되지 않았다.",CONSISTENT_WITH_REFERENCE,"'기사단 뇌전 연각'의 CAST 전 프레임, ICON 1장에서 어두운 외곽/중간톤/밝은 코어, 단계형 하이라이트와 알파 감쇠가 유지됐다. 역할·체급에 따른 크기와 입자량 차이를 제외하면 AREA 00 승인본 및 유사 역할군과 표현 문법이 이어진다.",MATCHES_DELIVERED_ASSETS,REPACK_ONLY,NO,"실제 CAST 전 프레임, ICON 1장 + INPUT 핵심 소재/역할/흐름 + OUTPUT Area Preview",CAST/001_m_official_knight_c_s_mon_official_knight_c_CAST_F00.png .. ICON/001_m_official_knight_c_s_mon_official_knight_c_ICON.png; area_full_frame_boards/AREA_19_ALL_FRAMES.png,,D:/maplestory_levup/docs/art/output_audit_work/20260912_143540/AREA_19_IMAGES_OUTPUT/AREA_19_IMAGES_OUTPUT/AREA_OVERVIEW_PREVIEW.png의 역할별 썸네일을 실제 납품 프레임의 형상·순서·ICON과 대조함.,REPACK_ONLY,NONE,NO,청백 전격 두 줄이 연속 발차기 초승달처럼 겹쳐 충돌광 뒤 물결형 잔상으로 소멸
area_19,미래의 문,m_official_knight_d,정식기사 D,s_mon_official_knight_d,기사단의 바람 조준,패시브,N,REFERENCE_VFX|ICON,REFERENCE/002_m_official_knight_d_s_mon_official_knight_d_REFERENCE_F00.png|REFERENCE/002_m_official_knight_d_s_mon_official_knight_d_REFERENCE_F01.png|REFERENCE/002_m_official_knight_d_s_mon_official_knight_d_REFERENCE_F02.png|REFERENCE/002_m_official_knight_d_s_mon_official_knight_d_REFERENCE_F03.png|REFERENCE/002_m_official_knight_d_s_mon_official_knight_d_REFERENCE_F04.png|REFERENCE/002_m_official_knight_d_s_mon_official_knight_d_REFERENCE_F05.png|ICON/002_m_official_knight_d_s_mon_official_knight_d_ICON.png,바람 깃이 한 점으로 모이는 조준선과 화살표형 압축광. ‘정식기사 D / 기사단의 바람 조준’ 전용 소재이며 몬스터 본체는 VFX에 직접 넣지 않음,ICON=런타임 필수; REFERENCE_VFX=기존 제작 범위에 포함된 비전투 참고 산출물(런타임 미사용·자동 반입 금지),방향·FlipX·엔진 이동 없음. 없음,REFERENCE_VFX를 만들 경우 정지 모티브의 짧은 호흡만 표현한다. 공격 준비·타격광·투사체·폭발 단계는 넣지 않는다.,"대표 실루엣 1개는 ‘바람 깃’, 보조 효과 1개는 ‘조준 십자’. 64px 축소에서도 두 형상의 겹침과 방향이 읽혀야 함",NO_OBVIOUS_ISSUE,"실제 관찰: 민트 바람잎과 조준 십자선이 저밀도 고리로 모였다 작은 깃조각으로 풀림. INPUT 핵심 소재 '바람 깃이 한 점으로 모이는 조준선과 화살표형 압축광. ‘정식기사 D / 기사단의 바람 조준’ 전용 소재이며 몬스터 본체는 VFX에 직접 넣지 않음' 및 ICON=런타임 필수; REFERENCE_VFX=기존 제작 범위에 포함된 비전투 참고 산출물(런타임 미사용·자동 반입 금지)와 대응하며, 역할 전환·무관한 공격 소재·별도 생물 삽입은 확인되지 않았다.",CONSISTENT_WITH_REFERENCE,"'기사단의 바람 조준'의 비전투 REFERENCE 전 프레임, ICON 1장에서 어두운 외곽/중간톤/밝은 코어, 단계형 하이라이트와 알파 감쇠가 유지됐다. 역할·체급에 따른 크기와 입자량 차이를 제외하면 AREA 00 승인본 및 유사 역할군과 표현 문법이 이어진다.",MATCHES_DELIVERED_ASSETS,REPACK_ONLY,NO,"실제 비전투 REFERENCE 전 프레임, ICON 1장 + INPUT 핵심 소재/역할/흐름 + OUTPUT Area Preview",REFERENCE/002_m_official_knight_d_s_mon_official_knight_d_REFERENCE_F00.png .. ICON/002_m_official_knight_d_s_mon_official_knight_d_ICON.png; area_full_frame_boards/AREA_19_ALL_FRAMES.png,,D:/maplestory_levup/docs/art/output_audit_work/20260912_143540/AREA_19_IMAGES_OUTPUT/AREA_19_IMAGES_OUTPUT/AREA_OVERVIEW_PREVIEW.png의 역할별 썸네일을 실제 납품 프레임의 형상·순서·ICON과 대조함.,REPACK_ONLY,NONE,NO,민트 바람잎과 조준 십자선이 저밀도 고리로 모였다 작은 깃조각으로 풀림
area_19,미래의 문,m_advanced_knight_a,상급기사 A,s_mon_advanced_knight_a,그림자 기사의 민첩,패시브,N,REFERENCE_VFX|ICON,REFERENCE/003_m_advanced_knight_a_s_mon_advanced_knight_a_REFERENCE_F00.png|REFERENCE/003_m_advanced_knight_a_s_mon_advanced_knight_a_REFERENCE_F01.png|REFERENCE/003_m_advanced_knight_a_s_mon_advanced_knight_a_REFERENCE_F02.png|REFERENCE/003_m_advanced_knight_a_s_mon_advanced_knight_a_REFERENCE_F03.png|REFERENCE/003_m_advanced_knight_a_s_mon_advanced_knight_a_REFERENCE_F04.png|REFERENCE/003_m_advanced_knight_a_s_mon_advanced_knight_a_REFERENCE_F05.png|ICON/003_m_advanced_knight_a_s_mon_advanced_knight_a_ICON.png,그림자 망토 끝이 여러 위치로 갈라지는 민첩 잔상. ‘상급기사 A / 그림자 기사의 민첩’ 전용 소재이며 몬스터 본체는 VFX에 직접 넣지 않음,ICON=런타임 필수; REFERENCE_VFX=기존 제작 범위에 포함된 비전투 참고 산출물(런타임 미사용·자동 반입 금지),방향·FlipX·엔진 이동 없음. 없음,REFERENCE_VFX를 만들 경우 정지 모티브의 짧은 호흡만 표현한다. 공격 준비·타격광·투사체·폭발 단계는 넣지 않는다.,"대표 실루엣 1개는 ‘갈라진 망토’, 보조 효과 1개는 ‘세 겹 잔상’. 64px 축소에서도 두 형상의 겹침과 방향이 읽혀야 함",NO_OBVIOUS_ISSUE,"실제 관찰: 검보라 그림자 손톱 여러 겹이 민첩한 횡방향 잔상으로 커졌다 흐릿해짐. INPUT 핵심 소재 '그림자 망토 끝이 여러 위치로 갈라지는 민첩 잔상. ‘상급기사 A / 그림자 기사의 민첩’ 전용 소재이며 몬스터 본체는 VFX에 직접 넣지 않음' 및 ICON=런타임 필수; REFERENCE_VFX=기존 제작 범위에 포함된 비전투 참고 산출물(런타임 미사용·자동 반입 금지)와 대응하며, 역할 전환·무관한 공격 소재·별도 생물 삽입은 확인되지 않았다.",CONSISTENT_WITH_REFERENCE,"'그림자 기사의 민첩'의 비전투 REFERENCE 전 프레임, ICON 1장에서 어두운 외곽/중간톤/밝은 코어, 단계형 하이라이트와 알파 감쇠가 유지됐다. 역할·체급에 따른 크기와 입자량 차이를 제외하면 AREA 00 승인본 및 유사 역할군과 표현 문법이 이어진다.",MATCHES_DELIVERED_ASSETS,REPACK_ONLY,NO,"실제 비전투 REFERENCE 전 프레임, ICON 1장 + INPUT 핵심 소재/역할/흐름 + OUTPUT Area Preview",REFERENCE/003_m_advanced_knight_a_s_mon_advanced_knight_a_REFERENCE_F00.png .. ICON/003_m_advanced_knight_a_s_mon_advanced_knight_a_ICON.png; area_full_frame_boards/AREA_19_ALL_FRAMES.png,,D:/maplestory_levup/docs/art/output_audit_work/20260912_143540/AREA_19_IMAGES_OUTPUT/AREA_19_IMAGES_OUTPUT/AREA_OVERVIEW_PREVIEW.png의 역할별 썸네일을 실제 납품 프레임의 형상·순서·ICON과 대조함.,REPACK_ONLY,NONE,NO,검보라 그림자 손톱 여러 겹이 민첩한 횡방향 잔상으로 커졌다 흐릿해짐
area_19,미래의 문,m_advanced_knight_b,상급기사 B,s_mon_advanced_knight_b,상급기사의 이프리트 화염,액티브,N,CAST_VFX|ICON,CAST/004_m_advanced_knight_b_s_mon_advanced_knight_b_CAST_F00.png|CAST/004_m_advanced_knight_b_s_mon_advanced_knight_b_CAST_F01.png|CAST/004_m_advanced_knight_b_s_mon_advanced_knight_b_CAST_F02.png|CAST/004_m_advanced_knight_b_s_mon_advanced_knight_b_CAST_F03.png|CAST/004_m_advanced_knight_b_s_mon_advanced_knight_b_CAST_F04.png|CAST/004_m_advanced_knight_b_s_mon_advanced_knight_b_CAST_F05.png|CAST/004_m_advanced_knight_b_s_mon_advanced_knight_b_CAST_F06.png|CAST/004_m_advanced_knight_b_s_mon_advanced_knight_b_CAST_F07.png|ICON/004_m_advanced_knight_b_s_mon_advanced_knight_b_ICON.png,이프리트 뿔을 닮은 화염 두 갈래와 기사 문양. ‘상급기사 B / 상급기사의 이프리트 화염’ 전용 소재이며 몬스터 본체는 VFX에 직접 넣지 않음,CAST_VFX=시전자 중심 공격 연출; ICON=UI 식별,"자원은 우측 기준이며 대상이 왼쪽이면 FlipX. 판정 자체는 방향성 부채꼴이 아니라 시전자 중심 원형이다. layer drift는 엔진 적용: L1 ruid=89e2fa1739754ade99ddca6ca3653182, type=animationclip, style=clip, delay=0s, duration=.78s, scale=1.05, offset=(0,0) world unit, drift=(0,0) world unit/s; L2 ruid=8a8c83af487246b89a8f4e4ff92edd66, type=animationclip, style=clip, delay=.2s, duration=.88s, scale=1.14, offset=(0,0) world unit, drift=(0,0) world unit/s",핵심 형상 준비 → 시전자 중심 확장 → 피해 판정과 가까운 절정 프레임 → 잔광/파편 소멸.,"대표 실루엣 1개는 ‘불꽃 뿔’, 보조 효과 1개는 ‘기사 문양’. 64px 축소에서도 두 형상의 겹침과 방향이 읽혀야 함",NO_OBVIOUS_ISSUE,"실제 관찰: 붉은 화염 문장이 바닥 불꽃혀와 함께 솟고 주황 불씨로 가라앉음. INPUT 핵심 소재 '이프리트 뿔을 닮은 화염 두 갈래와 기사 문양. ‘상급기사 B / 상급기사의 이프리트 화염’ 전용 소재이며 몬스터 본체는 VFX에 직접 넣지 않음' 및 CAST_VFX=시전자 중심 공격 연출; ICON=UI 식별와 대응하며, 역할 전환·무관한 공격 소재·별도 생물 삽입은 확인되지 않았다.",CONSISTENT_WITH_REFERENCE,"'상급기사의 이프리트 화염'의 CAST 전 프레임, ICON 1장에서 어두운 외곽/중간톤/밝은 코어, 단계형 하이라이트와 알파 감쇠가 유지됐다. 역할·체급에 따른 크기와 입자량 차이를 제외하면 AREA 00 승인본 및 유사 역할군과 표현 문법이 이어진다.",MATCHES_DELIVERED_ASSETS,REPACK_ONLY,NO,"실제 CAST 전 프레임, ICON 1장 + INPUT 핵심 소재/역할/흐름 + OUTPUT Area Preview",CAST/004_m_advanced_knight_b_s_mon_advanced_knight_b_CAST_F00.png .. ICON/004_m_advanced_knight_b_s_mon_advanced_knight_b_ICON.png; area_full_frame_boards/AREA_19_ALL_FRAMES.png,,D:/maplestory_levup/docs/art/output_audit_work/20260912_143540/AREA_19_IMAGES_OUTPUT/AREA_19_IMAGES_OUTPUT/AREA_OVERVIEW_PREVIEW.png의 역할별 썸네일을 실제 납품 프레임의 형상·순서·ICON과 대조함.,REPACK_ONLY,NONE,NO,붉은 화염 문장이 바닥 불꽃혀와 함께 솟고 주황 불씨로 가라앉음
area_19,미래의 문,m_cygnus,시그너스,s_mon_cygnus,타락한 여제의 정원,액티브,Y,CAST_VFX|ICON,CAST/005_m_cygnus_s_mon_cygnus_CAST_F00.png|CAST/005_m_cygnus_s_mon_cygnus_CAST_F01.png|CAST/005_m_cygnus_s_mon_cygnus_CAST_F02.png|CAST/005_m_cygnus_s_mon_cygnus_CAST_F03.png|CAST/005_m_cygnus_s_mon_cygnus_CAST_F04.png|CAST/005_m_cygnus_s_mon_cygnus_CAST_F05.png|CAST/005_m_cygnus_s_mon_cygnus_CAST_F06.png|CAST/005_m_cygnus_s_mon_cygnus_CAST_F07.png|CAST/005_m_cygnus_s_mon_cygnus_CAST_F08.png|CAST/005_m_cygnus_s_mon_cygnus_CAST_F09.png|CAST/005_m_cygnus_s_mon_cygnus_CAST_F10.png|CAST/005_m_cygnus_s_mon_cygnus_CAST_F11.png|ICON/005_m_cygnus_s_mon_cygnus_ICON.png,검게 시든 정원 꽃잎이 왕관형 소용돌이를 이루는 장막. ‘시그너스 / 타락한 여제의 정원’ 전용 소재이며 몬스터 본체는 VFX에 직접 넣지 않음,CAST_VFX=시전자 중심 공격 연출; ICON=UI 식별,"자원은 우측 기준이며 대상이 왼쪽이면 FlipX. 판정 자체는 방향성 부채꼴이 아니라 시전자 중심 원형이다. layer drift는 엔진 적용: L1 ruid=1c8327eff1fa4321bef0fe5410a6ddef, type=animationclip, style=clip, delay=0s, duration=.9s, scale=1.18, offset=(0,0) world unit, drift=(0,0) world unit/s; L2 ruid=875053c636494f6d807b803dd95bc3eb, type=animationclip, style=clip, delay=.28s, duration=1.02s, scale=1.28, offset=(0,0) world unit, drift=(0,0) world unit/s",핵심 형상 준비 → 시전자 중심 확장 → 피해 판정과 가까운 절정 프레임 → 잔광/파편 소멸.,"대표 실루엣 1개는 ‘검은 꽃왕관’, 보조 효과 1개는 ‘시든 꽃잎 소용돌이’. 64px 축소에서도 두 형상의 겹침과 방향이 읽혀야 함",NO_OBVIOUS_ISSUE,"실제 관찰: 보라 왕관·날개형 정령불꽃이 크게 피어 검은 파편과 보라 잔광으로 소멸. INPUT 핵심 소재 '검게 시든 정원 꽃잎이 왕관형 소용돌이를 이루는 장막. ‘시그너스 / 타락한 여제의 정원’ 전용 소재이며 몬스터 본체는 VFX에 직접 넣지 않음' 및 CAST_VFX=시전자 중심 공격 연출; ICON=UI 식별와 대응하며, 역할 전환·무관한 공격 소재·별도 생물 삽입은 확인되지 않았다.",CONSISTENT_WITH_REFERENCE,"'타락한 여제의 정원'의 CAST 전 프레임, ICON 1장에서 어두운 외곽/중간톤/밝은 코어, 단계형 하이라이트와 알파 감쇠가 유지됐다. 역할·체급에 따른 크기와 입자량 차이를 제외하면 AREA 00 승인본 및 유사 역할군과 표현 문법이 이어진다.",MATCHES_DELIVERED_ASSETS,REPACK_ONLY,NO,"실제 CAST 전 프레임, ICON 1장 + INPUT 핵심 소재/역할/흐름 + OUTPUT Area Preview",CAST/005_m_cygnus_s_mon_cygnus_CAST_F00.png .. ICON/005_m_cygnus_s_mon_cygnus_ICON.png; area_full_frame_boards/AREA_19_ALL_FRAMES.png,,D:/maplestory_levup/docs/art/output_audit_work/20260912_143540/AREA_19_IMAGES_OUTPUT/AREA_19_IMAGES_OUTPUT/AREA_OVERVIEW_PREVIEW.png의 역할별 썸네일을 실제 납품 프레임의 형상·순서·ICON과 대조함.,REPACK_ONLY,NONE,NO,보라 왕관·날개형 정령불꽃이 크게 피어 검은 파편과 보라 잔광으로 소멸
area_20,황혼의 페리온,m_mutant_dark_stump,변형된 다크 스텀프,s_mon_mutant_dark_stump,뒤틀린 고목의 껍질,패시브,N,REFERENCE_VFX|ICON,REFERENCE/001_m_mutant_dark_stump_s_mon_mutant_dark_stump_REFERENCE_F00.png|REFERENCE/001_m_mutant_dark_stump_s_mon_mutant_dark_stump_REFERENCE_F01.png|REFERENCE/001_m_mutant_dark_stump_s_mon_mutant_dark_stump_REFERENCE_F02.png|REFERENCE/001_m_mutant_dark_stump_s_mon_mutant_dark_stump_REFERENCE_F03.png|REFERENCE/001_m_mutant_dark_stump_s_mon_mutant_dark_stump_REFERENCE_F04.png|REFERENCE/001_m_mutant_dark_stump_s_mon_mutant_dark_stump_REFERENCE_F05.png|ICON/001_m_mutant_dark_stump_s_mon_mutant_dark_stump_ICON.png,뒤틀린 나이테 껍질이 겹쳐지고 검은 수액이 굳는 방호층. ‘변형된 다크 스텀프 / 뒤틀린 고목의 껍질’ 전용 소재이며 몬스터 본체는 VFX에 직접 넣지 않음,ICON=런타임 필수; REFERENCE_VFX=기존 제작 범위에 포함된 비전투 참고 산출물(런타임 미사용·자동 반입 금지),방향·FlipX·엔진 이동 없음. 없음,REFERENCE_VFX를 만들 경우 정지 모티브의 짧은 호흡만 표현한다. 공격 준비·타격광·투사체·폭발 단계는 넣지 않는다.,"대표 실루엣 1개는 ‘뒤틀린 나이테’, 보조 효과 1개는 ‘굳은 수액’. 64px 축소에서도 두 형상의 겹침과 방향이 읽혀야 함",NO_OBVIOUS_ISSUE,"실제 관찰: 뒤틀린 검갈 나무껍질이 닫힌 고치 방패로 커졌다 흰 파편과 함께 풀림. INPUT 핵심 소재 '뒤틀린 나이테 껍질이 겹쳐지고 검은 수액이 굳는 방호층. ‘변형된 다크 스텀프 / 뒤틀린 고목의 껍질’ 전용 소재이며 몬스터 본체는 VFX에 직접 넣지 않음' 및 ICON=런타임 필수; REFERENCE_VFX=기존 제작 범위에 포함된 비전투 참고 산출물(런타임 미사용·자동 반입 금지)와 대응하며, 역할 전환·무관한 공격 소재·별도 생물 삽입은 확인되지 않았다.",CONSISTENT_WITH_REFERENCE,"'뒤틀린 고목의 껍질'의 비전투 REFERENCE 전 프레임, ICON 1장에서 어두운 외곽/중간톤/밝은 코어, 단계형 하이라이트와 알파 감쇠가 유지됐다. 역할·체급에 따른 크기와 입자량 차이를 제외하면 AREA 00 승인본 및 유사 역할군과 표현 문법이 이어진다.",MATCHES_DELIVERED_ASSETS,REPACK_ONLY,NO,"실제 비전투 REFERENCE 전 프레임, ICON 1장 + INPUT 핵심 소재/역할/흐름 + OUTPUT Area Preview",REFERENCE/001_m_mutant_dark_stump_s_mon_mutant_dark_stump_REFERENCE_F00.png .. ICON/001_m_mutant_dark_stump_s_mon_mutant_dark_stump_ICON.png; area_full_frame_boards/AREA_20_ALL_FRAMES.png,,D:/maplestory_levup/docs/art/output_audit_work/20260912_143540/AREA_20_IMAGES_OUTPUT/AREA_20_IMAGES_OUTPUT/AREA_OVERVIEW_PREVIEW.png의 역할별 썸네일을 실제 납품 프레임의 형상·순서·ICON과 대조함. 원본은 유효한 2440x5640 RGBA PNG이며 검수용 축소본 docs/art/output_audit/runs/20260912_145815_content_style/preview_checks/AREA_20_OUTPUT_OVERVIEW_REVIEW_COPY.png에서도 동일함.,REPACK_ONLY,NONE,NO,뒤틀린 검갈 나무껍질이 닫힌 고치 방패로 커졌다 흰 파편과 함께 풀림
area_20,황혼의 페리온,m_mutant_iron_hog,변형된 아이언호그,s_mon_mutant_iron_hog,황야의 철갑 돌진,액티브,N,CAST_VFX|ICON,CAST/002_m_mutant_iron_hog_s_mon_mutant_iron_hog_CAST_F00.png|CAST/002_m_mutant_iron_hog_s_mon_mutant_iron_hog_CAST_F01.png|CAST/002_m_mutant_iron_hog_s_mon_mutant_iron_hog_CAST_F02.png|CAST/002_m_mutant_iron_hog_s_mon_mutant_iron_hog_CAST_F03.png|CAST/002_m_mutant_iron_hog_s_mon_mutant_iron_hog_CAST_F04.png|CAST/002_m_mutant_iron_hog_s_mon_mutant_iron_hog_CAST_F05.png|CAST/002_m_mutant_iron_hog_s_mon_mutant_iron_hog_CAST_F06.png|CAST/002_m_mutant_iron_hog_s_mon_mutant_iron_hog_CAST_F07.png|ICON/002_m_mutant_iron_hog_s_mon_mutant_iron_hog_ICON.png,두꺼운 철갑 주둥이가 전방을 가르며 황야 먼지를 뿜는 돌진. ‘변형된 아이언호그 / 황야의 철갑 돌진’ 전용 소재이며 몬스터 본체는 VFX에 직접 넣지 않음,CAST_VFX=플레이어 돌진 도착점의 충돌 연출; ICON=UI 식별,"우측 기준 제작 후 FlipX. 이동 궤적 전체를 한 프레임 안에서 재현하지 않는다. layer drift는 엔진 적용: L1 ruid=9d71fbaf9b154c51bbdb481eaa2fc52f, type=animationclip, style=clip, delay=0s, duration=.68s, scale=1.02, offset=(0,0) world unit, drift=(0,0) world unit/s; L2 ruid=a29334463fbf4a7bbc8e4cb7325229b7, type=animationclip, style=clip, delay=.18s, duration=.78s, scale=1.12, offset=(0,0) world unit, drift=(0,0) world unit/s",도착점 압축 → 충돌 절정 → 파편/잔상 소멸. 출발부터 도착까지의 전신 이동을 시트 안에서 반복하지 않는다.,"대표 실루엣 1개는 ‘철갑 코어’, 보조 효과 1개는 ‘전방 속도선’. 64px 축소에서도 두 형상의 겹침과 방향이 읽혀야 함",NO_OBVIOUS_ISSUE,"실제 관찰: 철갑과 갈색 흙덩이가 전방 압축탄처럼 말려 충돌 파편을 만들고 먼지로 감소. INPUT 핵심 소재 '두꺼운 철갑 주둥이가 전방을 가르며 황야 먼지를 뿜는 돌진. ‘변형된 아이언호그 / 황야의 철갑 돌진’ 전용 소재이며 몬스터 본체는 VFX에 직접 넣지 않음' 및 CAST_VFX=플레이어 돌진 도착점의 충돌 연출; ICON=UI 식별와 대응하며, 역할 전환·무관한 공격 소재·별도 생물 삽입은 확인되지 않았다.",CONSISTENT_WITH_REFERENCE,"'황야의 철갑 돌진'의 CAST 전 프레임, ICON 1장에서 어두운 외곽/중간톤/밝은 코어, 단계형 하이라이트와 알파 감쇠가 유지됐다. 역할·체급에 따른 크기와 입자량 차이를 제외하면 AREA 00 승인본 및 유사 역할군과 표현 문법이 이어진다.",MATCHES_DELIVERED_ASSETS,REPACK_ONLY,NO,"실제 CAST 전 프레임, ICON 1장 + INPUT 핵심 소재/역할/흐름 + OUTPUT Area Preview",CAST/002_m_mutant_iron_hog_s_mon_mutant_iron_hog_CAST_F00.png .. ICON/002_m_mutant_iron_hog_s_mon_mutant_iron_hog_ICON.png; area_full_frame_boards/AREA_20_ALL_FRAMES.png,,D:/maplestory_levup/docs/art/output_audit_work/20260912_143540/AREA_20_IMAGES_OUTPUT/AREA_20_IMAGES_OUTPUT/AREA_OVERVIEW_PREVIEW.png의 역할별 썸네일을 실제 납품 프레임의 형상·순서·ICON과 대조함. 원본은 유효한 2440x5640 RGBA PNG이며 검수용 축소본 docs/art/output_audit/runs/20260912_145815_content_style/preview_checks/AREA_20_OUTPUT_OVERVIEW_REVIEW_COPY.png에서도 동일함.,REPACK_ONLY,NONE,NO,철갑과 갈색 흙덩이가 전방 압축탄처럼 말려 충돌 파편을 만들고 먼지로 감소
area_20,황혼의 페리온,m_mutant_stone_mask,변형된 스톤마스크,s_mon_mutant_stone_mask,발굴지의 석면,패시브,N,REFERENCE_VFX|ICON,REFERENCE/003_m_mutant_stone_mask_s_mon_mutant_stone_mask_REFERENCE_F00.png|REFERENCE/003_m_mutant_stone_mask_s_mon_mutant_stone_mask_REFERENCE_F01.png|REFERENCE/003_m_mutant_stone_mask_s_mon_mutant_stone_mask_REFERENCE_F02.png|REFERENCE/003_m_mutant_stone_mask_s_mon_mutant_stone_mask_REFERENCE_F03.png|REFERENCE/003_m_mutant_stone_mask_s_mon_mutant_stone_mask_REFERENCE_F04.png|REFERENCE/003_m_mutant_stone_mask_s_mon_mutant_stone_mask_REFERENCE_F05.png|ICON/003_m_mutant_stone_mask_s_mon_mutant_stone_mask_ICON.png,깨진 석면 조각과 발굴지 문양이 겹치는 암석 방호. ‘변형된 스톤마스크 / 발굴지의 석면’ 전용 소재이며 몬스터 본체는 VFX에 직접 넣지 않음,ICON=런타임 필수; REFERENCE_VFX=기존 제작 범위에 포함된 비전투 참고 산출물(런타임 미사용·자동 반입 금지),방향·FlipX·엔진 이동 없음. 없음,REFERENCE_VFX를 만들 경우 정지 모티브의 짧은 호흡만 표현한다. 공격 준비·타격광·투사체·폭발 단계는 넣지 않는다.,"대표 실루엣 1개는 ‘갈라진 돌가면’, 보조 효과 1개는 ‘발굴 먼지’. 64px 축소에서도 두 형상의 겹침과 방향이 읽혀야 함",NO_OBVIOUS_ISSUE,"실제 관찰: 갈색 석면 조각이 둥근 가면판으로 맞물리고 표면 반사광 뒤 다시 분리. INPUT 핵심 소재 '깨진 석면 조각과 발굴지 문양이 겹치는 암석 방호. ‘변형된 스톤마스크 / 발굴지의 석면’ 전용 소재이며 몬스터 본체는 VFX에 직접 넣지 않음' 및 ICON=런타임 필수; REFERENCE_VFX=기존 제작 범위에 포함된 비전투 참고 산출물(런타임 미사용·자동 반입 금지)와 대응하며, 역할 전환·무관한 공격 소재·별도 생물 삽입은 확인되지 않았다.",CONSISTENT_WITH_REFERENCE,"'발굴지의 석면'의 비전투 REFERENCE 전 프레임, ICON 1장에서 어두운 외곽/중간톤/밝은 코어, 단계형 하이라이트와 알파 감쇠가 유지됐다. 역할·체급에 따른 크기와 입자량 차이를 제외하면 AREA 00 승인본 및 유사 역할군과 표현 문법이 이어진다.",MATCHES_DELIVERED_ASSETS,REPACK_ONLY,NO,"실제 비전투 REFERENCE 전 프레임, ICON 1장 + INPUT 핵심 소재/역할/흐름 + OUTPUT Area Preview",REFERENCE/003_m_mutant_stone_mask_s_mon_mutant_stone_mask_REFERENCE_F00.png .. ICON/003_m_mutant_stone_mask_s_mon_mutant_stone_mask_ICON.png; area_full_frame_boards/AREA_20_ALL_FRAMES.png,,D:/maplestory_levup/docs/art/output_audit_work/20260912_143540/AREA_20_IMAGES_OUTPUT/AREA_20_IMAGES_OUTPUT/AREA_OVERVIEW_PREVIEW.png의 역할별 썸네일을 실제 납품 프레임의 형상·순서·ICON과 대조함. 원본은 유효한 2440x5640 RGBA PNG이며 검수용 축소본 docs/art/output_audit/runs/20260912_145815_content_style/preview_checks/AREA_20_OUTPUT_OVERVIEW_REVIEW_COPY.png에서도 동일함.,REPACK_ONLY,NONE,NO,갈색 석면 조각이 둥근 가면판으로 맞물리고 표면 반사광 뒤 다시 분리
area_20,황혼의 페리온,m_ancient_dark_golem,에인션트 다크골렘,s_mon_ancient_dark_golem,고대 암흑 지진,액티브,N,CAST_VFX|ICON,CAST/004_m_ancient_dark_golem_s_mon_ancient_dark_golem_CAST_F00.png|CAST/004_m_ancient_dark_golem_s_mon_ancient_dark_golem_CAST_F01.png|CAST/004_m_ancient_dark_golem_s_mon_ancient_dark_golem_CAST_F02.png|CAST/004_m_ancient_dark_golem_s_mon_ancient_dark_golem_CAST_F03.png|CAST/004_m_ancient_dark_golem_s_mon_ancient_dark_golem_CAST_F04.png|CAST/004_m_ancient_dark_golem_s_mon_ancient_dark_golem_CAST_F05.png|CAST/004_m_ancient_dark_golem_s_mon_ancient_dark_golem_CAST_F06.png|CAST/004_m_ancient_dark_golem_s_mon_ancient_dark_golem_CAST_F07.png|ICON/004_m_ancient_dark_golem_s_mon_ancient_dark_golem_ICON.png,고대 암석 균열이 지면을 가로지르며 검은 돌기둥을 세우는 지진. ‘에인션트 다크골렘 / 고대 암흑 지진’ 전용 소재이며 몬스터 본체는 VFX에 직접 넣지 않음,CAST_VFX=시전자 중심 공격 연출; ICON=UI 식별,"자원은 우측 기준이며 대상이 왼쪽이면 FlipX. 판정 자체는 방향성 부채꼴이 아니라 시전자 중심 원형이다. layer drift는 엔진 적용: L1 ruid=3803b5c17bf04b56bef115b3afbf388b, type=animationclip, style=clip, delay=0s, duration=.9s, scale=1.14, offset=(0,0) world unit, drift=(0,0) world unit/s; L2 ruid=6ad623bf86ad46f0ad423c10e383a28e, type=animationclip, style=clip, delay=.3s, duration=1.0s, scale=1.25, offset=(0,0) world unit, drift=(0,0) world unit/s",핵심 형상 준비 → 시전자 중심 확장 → 피해 판정과 가까운 절정 프레임 → 잔광/파편 소멸.,"대표 실루엣 1개는 ‘균열 지면’, 보조 효과 1개는 ‘암흑 돌기둥’. 64px 축소에서도 두 형상의 겹침과 방향이 읽혀야 함",NO_OBVIOUS_ISSUE,"실제 관찰: 검갈 암석가시가 지면 균열에서 솟아 큰 산형 충격을 만들고 분진으로 가라앉음. INPUT 핵심 소재 '고대 암석 균열이 지면을 가로지르며 검은 돌기둥을 세우는 지진. ‘에인션트 다크골렘 / 고대 암흑 지진’ 전용 소재이며 몬스터 본체는 VFX에 직접 넣지 않음' 및 CAST_VFX=시전자 중심 공격 연출; ICON=UI 식별와 대응하며, 역할 전환·무관한 공격 소재·별도 생물 삽입은 확인되지 않았다.",CONSISTENT_WITH_REFERENCE,"'고대 암흑 지진'의 CAST 전 프레임, ICON 1장에서 어두운 외곽/중간톤/밝은 코어, 단계형 하이라이트와 알파 감쇠가 유지됐다. 역할·체급에 따른 크기와 입자량 차이를 제외하면 AREA 00 승인본 및 유사 역할군과 표현 문법이 이어진다.",MATCHES_DELIVERED_ASSETS,REPACK_ONLY,NO,"실제 CAST 전 프레임, ICON 1장 + INPUT 핵심 소재/역할/흐름 + OUTPUT Area Preview",CAST/004_m_ancient_dark_golem_s_mon_ancient_dark_golem_CAST_F00.png .. ICON/004_m_ancient_dark_golem_s_mon_ancient_dark_golem_ICON.png; area_full_frame_boards/AREA_20_ALL_FRAMES.png,,D:/maplestory_levup/docs/art/output_audit_work/20260912_143540/AREA_20_IMAGES_OUTPUT/AREA_20_IMAGES_OUTPUT/AREA_OVERVIEW_PREVIEW.png의 역할별 썸네일을 실제 납품 프레임의 형상·순서·ICON과 대조함. 원본은 유효한 2440x5640 RGBA PNG이며 검수용 축소본 docs/art/output_audit/runs/20260912_145815_content_style/preview_checks/AREA_20_OUTPUT_OVERVIEW_REVIEW_COPY.png에서도 동일함.,REPACK_ONLY,NONE,NO,검갈 암석가시가 지면 균열에서 솟아 큰 산형 충격을 만들고 분진으로 가라앉음
area_20,황혼의 페리온,m_mutant_stumpy,변형된 스텀피,s_mon_mutant_stumpy,검은 뿌리의 묘지,액티브,Y,CAST_VFX|ICON,CAST/005_m_mutant_stumpy_s_mon_mutant_stumpy_CAST_F00.png|CAST/005_m_mutant_stumpy_s_mon_mutant_stumpy_CAST_F01.png|CAST/005_m_mutant_stumpy_s_mon_mutant_stumpy_CAST_F02.png|CAST/005_m_mutant_stumpy_s_mon_mutant_stumpy_CAST_F03.png|CAST/005_m_mutant_stumpy_s_mon_mutant_stumpy_CAST_F04.png|CAST/005_m_mutant_stumpy_s_mon_mutant_stumpy_CAST_F05.png|CAST/005_m_mutant_stumpy_s_mon_mutant_stumpy_CAST_F06.png|CAST/005_m_mutant_stumpy_s_mon_mutant_stumpy_CAST_F07.png|CAST/005_m_mutant_stumpy_s_mon_mutant_stumpy_CAST_F08.png|CAST/005_m_mutant_stumpy_s_mon_mutant_stumpy_CAST_F09.png|CAST/005_m_mutant_stumpy_s_mon_mutant_stumpy_CAST_F10.png|CAST/005_m_mutant_stumpy_s_mon_mutant_stumpy_CAST_F11.png|ICON/005_m_mutant_stumpy_s_mon_mutant_stumpy_ICON.png,검은 뿌리가 묘비처럼 솟아 서로 얽히는 묘지 형상. ‘변형된 스텀피 / 검은 뿌리의 묘지’ 전용 소재이며 몬스터 본체는 VFX에 직접 넣지 않음,CAST_VFX=시전자 중심 공격 연출; ICON=UI 식별,"자원은 우측 기준이며 대상이 왼쪽이면 FlipX. 판정 자체는 방향성 부채꼴이 아니라 시전자 중심 원형이다. layer drift는 엔진 적용: L1 ruid=e79a4d871f6a4cbdbf75a7126982013e, type=animationclip, style=clip, delay=0s, duration=.88s, scale=1.16, offset=(0,0) world unit, drift=(0,0) world unit/s; L2 ruid=dfb0126bee6f48fb9bdb289bddef870b, type=animationclip, style=clip, delay=.24s, duration=1.02s, scale=1.3, offset=(0,0) world unit, drift=(0,0) world unit/s",핵심 형상 준비 → 시전자 중심 확장 → 피해 판정과 가까운 절정 프레임 → 잔광/파편 소멸.,"대표 실루엣 1개는 ‘묘비형 뿌리’, 보조 효과 1개는 ‘검은 흙먼지’. 64px 축소에서도 두 형상의 겹침과 방향이 읽혀야 함",NO_OBVIOUS_ISSUE,"실제 관찰: 검보라 뿌리와 가시가 무덤형 덩어리로 자라 절정을 만든 뒤 낮은 뿌리 흔적으로 사라짐. INPUT 핵심 소재 '검은 뿌리가 묘비처럼 솟아 서로 얽히는 묘지 형상. ‘변형된 스텀피 / 검은 뿌리의 묘지’ 전용 소재이며 몬스터 본체는 VFX에 직접 넣지 않음' 및 CAST_VFX=시전자 중심 공격 연출; ICON=UI 식별와 대응하며, 역할 전환·무관한 공격 소재·별도 생물 삽입은 확인되지 않았다.",CONSISTENT_WITH_REFERENCE,"'검은 뿌리의 묘지'의 CAST 전 프레임, ICON 1장에서 어두운 외곽/중간톤/밝은 코어, 단계형 하이라이트와 알파 감쇠가 유지됐다. 역할·체급에 따른 크기와 입자량 차이를 제외하면 AREA 00 승인본 및 유사 역할군과 표현 문법이 이어진다.",MATCHES_DELIVERED_ASSETS,REPACK_ONLY,NO,"실제 CAST 전 프레임, ICON 1장 + INPUT 핵심 소재/역할/흐름 + OUTPUT Area Preview",CAST/005_m_mutant_stumpy_s_mon_mutant_stumpy_CAST_F00.png .. ICON/005_m_mutant_stumpy_s_mon_mutant_stumpy_ICON.png; area_full_frame_boards/AREA_20_ALL_FRAMES.png,,D:/maplestory_levup/docs/art/output_audit_work/20260912_143540/AREA_20_IMAGES_OUTPUT/AREA_20_IMAGES_OUTPUT/AREA_OVERVIEW_PREVIEW.png의 역할별 썸네일을 실제 납품 프레임의 형상·순서·ICON과 대조함. 원본은 유효한 2440x5640 RGBA PNG이며 검수용 축소본 docs/art/output_audit/runs/20260912_145815_content_style/preview_checks/AREA_20_OUTPUT_OVERVIEW_REVIEW_COPY.png에서도 동일함.,REPACK_ONLY,NONE,NO,검보라 뿌리와 가시가 무덤형 덩어리로 자라 절정을 만든 뒤 낮은 뿌리 흔적으로 사라짐
