area_id,monster_id,skill_id,role,relative_path,input_requirement,observed,file_status,visual_status,basis,action
area_02,,,MANIFEST,AREA_02_IMAGES_OUTPUT.zip,all OUTPUT_MANIFEST area_id=area_02,invalid internal area IDs: ['']; filename/root fallback used for continued audit,FAIL,NOT_CHECKED,internal manifest/filename/root cross-check,REPACK
area_03,,,MANIFEST,AREA_03_IMAGES_OUTPUT.zip,all OUTPUT_MANIFEST area_id=area_03,invalid internal area IDs: ['']; filename/root fallback used for continued audit,FAIL,NOT_CHECKED,internal manifest/filename/root cross-check,REPACK
area_09,,,MANIFEST,AREA_09_IMAGES_OUTPUT.zip,all OUTPUT_MANIFEST area_id=area_09,invalid internal area IDs: ['']; filename/root fallback used for continued audit,FAIL,NOT_CHECKED,internal manifest/filename/root cross-check,REPACK
area_14,,,MANIFEST,AREA_14_IMAGES_OUTPUT.zip,all OUTPUT_MANIFEST area_id=area_14,invalid internal area IDs: ['']; filename/root fallback used for continued audit,FAIL,NOT_CHECKED,internal manifest/filename/root cross-check,REPACK
area_15,,,MANIFEST,AREA_15_IMAGES_OUTPUT.zip,all OUTPUT_MANIFEST area_id=area_15,invalid internal area IDs: ['']; filename/root fallback used for continued audit,FAIL,NOT_CHECKED,internal manifest/filename/root cross-check,REPACK
area_19,,,MANIFEST,AREA_19_IMAGES_OUTPUT.zip,all OUTPUT_MANIFEST area_id=area_19,invalid internal area IDs: ['']; filename/root fallback used for continued audit,FAIL,NOT_CHECKED,internal manifest/filename/root cross-check,REPACK
area_20,,,MANIFEST,AREA_20_IMAGES_OUTPUT.zip,all OUTPUT_MANIFEST area_id=area_20,invalid internal area IDs: ['']; filename/root fallback used for continued audit,FAIL,NOT_CHECKED,internal manifest/filename/root cross-check,REPACK
area_01,m_mushmom,s_mon_mushmom,CAST_VFX,monsters/004_m_mushmom_머쉬맘/CAST/004_m_mushmom_s_mon_mushmom_CAST_F06.png,content preferably inside canvas; edge contact alone is not clipping proof,alpha>16 edge pixels=33,NOT_CHECKED,NOT_CHECKED,mechanical INPUT↔OUTPUT check,USER_REVIEW
area_01,m_mushmom,s_mon_mushmom,CAST_VFX,monsters/004_m_mushmom_머쉬맘/CAST/004_m_mushmom_s_mon_mushmom_CAST_F07.png,content preferably inside canvas; edge contact alone is not clipping proof,alpha>16 edge pixels=27,NOT_CHECKED,NOT_CHECKED,mechanical INPUT↔OUTPUT check,USER_REVIEW
area_02,m_stone_golem,s_mon_stone,ICON,monsters/001_m_stone_golem_스톤골렘/ICON/001_m_stone_golem_s_mon_stone_ICON.png,required file,missing,FAIL,NOT_CHECKED,mechanical INPUT↔OUTPUT check,REPACK
area_02,m_stone_golem,s_mon_stone,CAST_VFX,monsters/001_m_stone_golem_스톤골렘/CAST/001_m_stone_golem_s_mon_stone_CAST_F00.png,required file,missing,FAIL,NOT_CHECKED,mechanical INPUT↔OUTPUT check,REPACK
area_02,m_stone_golem,s_mon_stone,CAST_VFX,monsters/001_m_stone_golem_스톤골렘/CAST/001_m_stone_golem_s_mon_stone_CAST_F01.png,required file,missing,FAIL,NOT_CHECKED,mechanical INPUT↔OUTPUT check,REPACK
area_02,m_stone_golem,s_mon_stone,CAST_VFX,monsters/001_m_stone_golem_스톤골렘/CAST/001_m_stone_golem_s_mon_stone_CAST_F02.png,required file,missing,FAIL,NOT_CHECKED,mechanical INPUT↔OUTPUT check,REPACK
area_02,m_stone_golem,s_mon_stone,CAST_VFX,monsters/001_m_stone_golem_스톤골렘/CAST/001_m_stone_golem_s_mon_stone_CAST_F03.png,required file,missing,FAIL,NOT_CHECKED,mechanical INPUT↔OUTPUT check,REPACK
area_02,m_stone_golem,s_mon_stone,CAST_VFX,monsters/001_m_stone_golem_스톤골렘/CAST/001_m_stone_golem_s_mon_stone_CAST_F04.png,required file,missing,FAIL,NOT_CHECKED,mechanical INPUT↔OUTPUT check,REPACK
area_02,m_stone_golem,s_mon_stone,CAST_VFX,monsters/001_m_stone_golem_스톤골렘/CAST/001_m_stone_golem_s_mon_stone_CAST_F05.png,required file,missing,FAIL,NOT_CHECKED,mechanical INPUT↔OUTPUT check,REPACK
area_02,m_stone_golem,s_mon_stone,CAST_VFX,monsters/001_m_stone_golem_스톤골렘/CAST/001_m_stone_golem_s_mon_stone_CAST_F06.png,required file,missing,FAIL,NOT_CHECKED,mechanical INPUT↔OUTPUT check,REPACK
area_02,m_stone_golem,s_mon_stone,CAST_VFX,monsters/001_m_stone_golem_스톤골렘/CAST/001_m_stone_golem_s_mon_stone_CAST_F07.png,required file,missing,FAIL,NOT_CHECKED,mechanical INPUT↔OUTPUT check,REPACK
area_02,m_axe_stump,s_mon_axe_stump,ICON,monsters/002_m_axe_stump_엑스텀프/ICON/002_m_axe_stump_s_mon_axe_stump_ICON.png,required file,missing,FAIL,NOT_CHECKED,mechanical INPUT↔OUTPUT check,REPACK
area_02,m_axe_stump,s_mon_axe_stump,CAST_VFX,monsters/002_m_axe_stump_엑스텀프/CAST/002_m_axe_stump_s_mon_axe_stump_CAST_F00.png,required file,missing,FAIL,NOT_CHECKED,mechanical INPUT↔OUTPUT check,REPACK
area_02,m_axe_stump,s_mon_axe_stump,CAST_VFX,monsters/002_m_axe_stump_엑스텀프/CAST/002_m_axe_stump_s_mon_axe_stump_CAST_F01.png,required file,missing,FAIL,NOT_CHECKED,mechanical INPUT↔OUTPUT check,REPACK
area_02,m_axe_stump,s_mon_axe_stump,CAST_VFX,monsters/002_m_axe_stump_엑스텀프/CAST/002_m_axe_stump_s_mon_axe_stump_CAST_F02.png,required file,missing,FAIL,NOT_CHECKED,mechanical INPUT↔OUTPUT check,REPACK
area_02,m_axe_stump,s_mon_axe_stump,CAST_VFX,monsters/002_m_axe_stump_엑스텀프/CAST/002_m_axe_stump_s_mon_axe_stump_CAST_F03.png,required file,missing,FAIL,NOT_CHECKED,mechanical INPUT↔OUTPUT check,REPACK
area_02,m_axe_stump,s_mon_axe_stump,CAST_VFX,monsters/002_m_axe_stump_엑스텀프/CAST/002_m_axe_stump_s_mon_axe_stump_CAST_F04.png,required file,missing,FAIL,NOT_CHECKED,mechanical INPUT↔OUTPUT check,REPACK
area_02,m_axe_stump,s_mon_axe_stump,CAST_VFX,monsters/002_m_axe_stump_엑스텀프/CAST/002_m_axe_stump_s_mon_axe_stump_CAST_F05.png,required file,missing,FAIL,NOT_CHECKED,mechanical INPUT↔OUTPUT check,REPACK
area_02,m_axe_stump,s_mon_axe_stump,CAST_VFX,monsters/002_m_axe_stump_엑스텀프/CAST/002_m_axe_stump_s_mon_axe_stump_CAST_F06.png,required file,missing,FAIL,NOT_CHECKED,mechanical INPUT↔OUTPUT check,REPACK
area_02,m_axe_stump,s_mon_axe_stump,CAST_VFX,monsters/002_m_axe_stump_엑스텀프/CAST/002_m_axe_stump_s_mon_axe_stump_CAST_F07.png,required file,missing,FAIL,NOT_CHECKED,mechanical INPUT↔OUTPUT check,REPACK
area_02,m_dark_axe_stump,s_mon_dark_axe_stump,ICON,monsters/003_m_dark_axe_stump_다크_엑스텀프/ICON/003_m_dark_axe_stump_s_mon_dark_axe_stump_ICON.png,required file,missing,FAIL,NOT_CHECKED,mechanical INPUT↔OUTPUT check,REPACK
area_02,m_dark_axe_stump,s_mon_dark_axe_stump,CAST_VFX,monsters/003_m_dark_axe_stump_다크_엑스텀프/CAST/003_m_dark_axe_stump_s_mon_dark_axe_stump_CAST_F00.png,required file,missing,FAIL,NOT_CHECKED,mechanical INPUT↔OUTPUT check,REPACK
area_02,m_dark_axe_stump,s_mon_dark_axe_stump,CAST_VFX,monsters/003_m_dark_axe_stump_다크_엑스텀프/CAST/003_m_dark_axe_stump_s_mon_dark_axe_stump_CAST_F01.png,required file,missing,FAIL,NOT_CHECKED,mechanical INPUT↔OUTPUT check,REPACK
area_02,m_dark_axe_stump,s_mon_dark_axe_stump,CAST_VFX,monsters/003_m_dark_axe_stump_다크_엑스텀프/CAST/003_m_dark_axe_stump_s_mon_dark_axe_stump_CAST_F02.png,required file,missing,FAIL,NOT_CHECKED,mechanical INPUT↔OUTPUT check,REPACK
area_02,m_dark_axe_stump,s_mon_dark_axe_stump,CAST_VFX,monsters/003_m_dark_axe_stump_다크_엑스텀프/CAST/003_m_dark_axe_stump_s_mon_dark_axe_stump_CAST_F03.png,required file,missing,FAIL,NOT_CHECKED,mechanical INPUT↔OUTPUT check,REPACK
area_02,m_dark_axe_stump,s_mon_dark_axe_stump,CAST_VFX,monsters/003_m_dark_axe_stump_다크_엑스텀프/CAST/003_m_dark_axe_stump_s_mon_dark_axe_stump_CAST_F04.png,required file,missing,FAIL,NOT_CHECKED,mechanical INPUT↔OUTPUT check,REPACK
area_02,m_dark_axe_stump,s_mon_dark_axe_stump,CAST_VFX,monsters/003_m_dark_axe_stump_다크_엑스텀프/CAST/003_m_dark_axe_stump_s_mon_dark_axe_stump_CAST_F05.png,required file,missing,FAIL,NOT_CHECKED,mechanical INPUT↔OUTPUT check,REPACK
area_02,m_dark_axe_stump,s_mon_dark_axe_stump,CAST_VFX,monsters/003_m_dark_axe_stump_다크_엑스텀프/CAST/003_m_dark_axe_stump_s_mon_dark_axe_stump_CAST_F06.png,required file,missing,FAIL,NOT_CHECKED,mechanical INPUT↔OUTPUT check,REPACK
area_02,m_dark_axe_stump,s_mon_dark_axe_stump,CAST_VFX,monsters/003_m_dark_axe_stump_다크_엑스텀프/CAST/003_m_dark_axe_stump_s_mon_dark_axe_stump_CAST_F07.png,required file,missing,FAIL,NOT_CHECKED,mechanical INPUT↔OUTPUT check,REPACK
area_02,m_wild_boar,s_mon_wild_boar,ICON,monsters/004_m_wild_boar_와일드보어/ICON/004_m_wild_boar_s_mon_wild_boar_ICON.png,required file,missing,FAIL,NOT_CHECKED,mechanical INPUT↔OUTPUT check,REPACK
area_02,m_wild_boar,s_mon_wild_boar,CAST_VFX,monsters/004_m_wild_boar_와일드보어/CAST/004_m_wild_boar_s_mon_wild_boar_CAST_F00.png,required file,missing,FAIL,NOT_CHECKED,mechanical INPUT↔OUTPUT check,REPACK
area_02,m_wild_boar,s_mon_wild_boar,CAST_VFX,monsters/004_m_wild_boar_와일드보어/CAST/004_m_wild_boar_s_mon_wild_boar_CAST_F01.png,required file,missing,FAIL,NOT_CHECKED,mechanical INPUT↔OUTPUT check,REPACK
area_02,m_wild_boar,s_mon_wild_boar,CAST_VFX,monsters/004_m_wild_boar_와일드보어/CAST/004_m_wild_boar_s_mon_wild_boar_CAST_F02.png,required file,missing,FAIL,NOT_CHECKED,mechanical INPUT↔OUTPUT check,REPACK
area_02,m_wild_boar,s_mon_wild_boar,CAST_VFX,monsters/004_m_wild_boar_와일드보어/CAST/004_m_wild_boar_s_mon_wild_boar_CAST_F03.png,required file,missing,FAIL,NOT_CHECKED,mechanical INPUT↔OUTPUT check,REPACK
area_02,m_wild_boar,s_mon_wild_boar,CAST_VFX,monsters/004_m_wild_boar_와일드보어/CAST/004_m_wild_boar_s_mon_wild_boar_CAST_F04.png,required file,missing,FAIL,NOT_CHECKED,mechanical INPUT↔OUTPUT check,REPACK
area_02,m_wild_boar,s_mon_wild_boar,CAST_VFX,monsters/004_m_wild_boar_와일드보어/CAST/004_m_wild_boar_s_mon_wild_boar_CAST_F05.png,required file,missing,FAIL,NOT_CHECKED,mechanical INPUT↔OUTPUT check,REPACK
area_02,m_wild_boar,s_mon_wild_boar,CAST_VFX,monsters/004_m_wild_boar_와일드보어/CAST/004_m_wild_boar_s_mon_wild_boar_CAST_F06.png,required file,missing,FAIL,NOT_CHECKED,mechanical INPUT↔OUTPUT check,REPACK
area_02,m_wild_boar,s_mon_wild_boar,CAST_VFX,monsters/004_m_wild_boar_와일드보어/CAST/004_m_wild_boar_s_mon_wild_boar_CAST_F07.png,required file,missing,FAIL,NOT_CHECKED,mechanical INPUT↔OUTPUT check,REPACK
area_02,m_iron_hog,s_mon_iron_hog,ICON,monsters/005_m_iron_hog_아이언_호그/ICON/005_m_iron_hog_s_mon_iron_hog_ICON.png,required file,missing,FAIL,NOT_CHECKED,mechanical INPUT↔OUTPUT check,REPACK
area_02,m_iron_hog,s_mon_iron_hog,REFERENCE_VFX,monsters/005_m_iron_hog_아이언_호그/REFERENCE/005_m_iron_hog_s_mon_iron_hog_REFERENCE_F00.png,required file,missing,FAIL,NOT_CHECKED,mechanical INPUT↔OUTPUT check,REPACK
area_02,m_iron_hog,s_mon_iron_hog,REFERENCE_VFX,monsters/005_m_iron_hog_아이언_호그/REFERENCE/005_m_iron_hog_s_mon_iron_hog_REFERENCE_F01.png,required file,missing,FAIL,NOT_CHECKED,mechanical INPUT↔OUTPUT check,REPACK
area_02,m_iron_hog,s_mon_iron_hog,REFERENCE_VFX,monsters/005_m_iron_hog_아이언_호그/REFERENCE/005_m_iron_hog_s_mon_iron_hog_REFERENCE_F02.png,required file,missing,FAIL,NOT_CHECKED,mechanical INPUT↔OUTPUT check,REPACK
area_02,m_iron_hog,s_mon_iron_hog,REFERENCE_VFX,monsters/005_m_iron_hog_아이언_호그/REFERENCE/005_m_iron_hog_s_mon_iron_hog_REFERENCE_F03.png,required file,missing,FAIL,NOT_CHECKED,mechanical INPUT↔OUTPUT check,REPACK
area_02,m_iron_hog,s_mon_iron_hog,REFERENCE_VFX,monsters/005_m_iron_hog_아이언_호그/REFERENCE/005_m_iron_hog_s_mon_iron_hog_REFERENCE_F04.png,required file,missing,FAIL,NOT_CHECKED,mechanical INPUT↔OUTPUT check,REPACK
area_02,m_iron_hog,s_mon_iron_hog,REFERENCE_VFX,monsters/005_m_iron_hog_아이언_호그/REFERENCE/005_m_iron_hog_s_mon_iron_hog_REFERENCE_F05.png,required file,missing,FAIL,NOT_CHECKED,mechanical INPUT↔OUTPUT check,REPACK
area_02,m_skeleton_commander,s_mon_skeleton_commander,ICON,monsters/006_m_skeleton_commander_스켈레톤_지휘관/ICON/006_m_skeleton_commander_s_mon_skeleton_commander_ICON.png,required file,missing,FAIL,NOT_CHECKED,mechanical INPUT↔OUTPUT check,REPACK
area_02,m_skeleton_commander,s_mon_skeleton_commander,CAST_VFX,monsters/006_m_skeleton_commander_스켈레톤_지휘관/CAST/006_m_skeleton_commander_s_mon_skeleton_commander_CAST_F00.png,required file,missing,FAIL,NOT_CHECKED,mechanical INPUT↔OUTPUT check,REPACK
area_02,m_skeleton_commander,s_mon_skeleton_commander,CAST_VFX,monsters/006_m_skeleton_commander_스켈레톤_지휘관/CAST/006_m_skeleton_commander_s_mon_skeleton_commander_CAST_F01.png,required file,missing,FAIL,NOT_CHECKED,mechanical INPUT↔OUTPUT check,REPACK
area_02,m_skeleton_commander,s_mon_skeleton_commander,CAST_VFX,monsters/006_m_skeleton_commander_스켈레톤_지휘관/CAST/006_m_skeleton_commander_s_mon_skeleton_commander_CAST_F02.png,required file,missing,FAIL,NOT_CHECKED,mechanical INPUT↔OUTPUT check,REPACK
area_02,m_skeleton_commander,s_mon_skeleton_commander,CAST_VFX,monsters/006_m_skeleton_commander_스켈레톤_지휘관/CAST/006_m_skeleton_commander_s_mon_skeleton_commander_CAST_F03.png,required file,missing,FAIL,NOT_CHECKED,mechanical INPUT↔OUTPUT check,REPACK
area_02,m_skeleton_commander,s_mon_skeleton_commander,CAST_VFX,monsters/006_m_skeleton_commander_스켈레톤_지휘관/CAST/006_m_skeleton_commander_s_mon_skeleton_commander_CAST_F04.png,required file,missing,FAIL,NOT_CHECKED,mechanical INPUT↔OUTPUT check,REPACK
area_02,m_skeleton_commander,s_mon_skeleton_commander,CAST_VFX,monsters/006_m_skeleton_commander_스켈레톤_지휘관/CAST/006_m_skeleton_commander_s_mon_skeleton_commander_CAST_F05.png,required file,missing,FAIL,NOT_CHECKED,mechanical INPUT↔OUTPUT check,REPACK
area_02,m_skeleton_commander,s_mon_skeleton_commander,CAST_VFX,monsters/006_m_skeleton_commander_스켈레톤_지휘관/CAST/006_m_skeleton_commander_s_mon_skeleton_commander_CAST_F06.png,required file,missing,FAIL,NOT_CHECKED,mechanical INPUT↔OUTPUT check,REPACK
area_02,m_skeleton_commander,s_mon_skeleton_commander,CAST_VFX,monsters/006_m_skeleton_commander_스켈레톤_지휘관/CAST/006_m_skeleton_commander_s_mon_skeleton_commander_CAST_F07.png,required file,missing,FAIL,NOT_CHECKED,mechanical INPUT↔OUTPUT check,REPACK
area_02,m_fire_boar,s_mon_fire_boar,ICON,monsters/007_m_fire_boar_파이어보어/ICON/007_m_fire_boar_s_mon_fire_boar_ICON.png,required file,missing,FAIL,NOT_CHECKED,mechanical INPUT↔OUTPUT check,REPACK
area_02,m_fire_boar,s_mon_fire_boar,CAST_VFX,monsters/007_m_fire_boar_파이어보어/CAST/007_m_fire_boar_s_mon_fire_boar_CAST_F00.png,required file,missing,FAIL,NOT_CHECKED,mechanical INPUT↔OUTPUT check,REPACK
area_02,m_fire_boar,s_mon_fire_boar,CAST_VFX,monsters/007_m_fire_boar_파이어보어/CAST/007_m_fire_boar_s_mon_fire_boar_CAST_F01.png,required file,missing,FAIL,NOT_CHECKED,mechanical INPUT↔OUTPUT check,REPACK
area_02,m_fire_boar,s_mon_fire_boar,CAST_VFX,monsters/007_m_fire_boar_파이어보어/CAST/007_m_fire_boar_s_mon_fire_boar_CAST_F02.png,required file,missing,FAIL,NOT_CHECKED,mechanical INPUT↔OUTPUT check,REPACK
area_02,m_fire_boar,s_mon_fire_boar,CAST_VFX,monsters/007_m_fire_boar_파이어보어/CAST/007_m_fire_boar_s_mon_fire_boar_CAST_F03.png,required file,missing,FAIL,NOT_CHECKED,mechanical INPUT↔OUTPUT check,REPACK
area_02,m_fire_boar,s_mon_fire_boar,CAST_VFX,monsters/007_m_fire_boar_파이어보어/CAST/007_m_fire_boar_s_mon_fire_boar_CAST_F04.png,required file,missing,FAIL,NOT_CHECKED,mechanical INPUT↔OUTPUT check,REPACK
area_02,m_fire_boar,s_mon_fire_boar,CAST_VFX,monsters/007_m_fire_boar_파이어보어/CAST/007_m_fire_boar_s_mon_fire_boar_CAST_F05.png,required file,missing,FAIL,NOT_CHECKED,mechanical INPUT↔OUTPUT check,REPACK
area_02,m_fire_boar,s_mon_fire_boar,CAST_VFX,monsters/007_m_fire_boar_파이어보어/CAST/007_m_fire_boar_s_mon_fire_boar_CAST_F06.png,required file,missing,FAIL,NOT_CHECKED,mechanical INPUT↔OUTPUT check,REPACK
area_02,m_fire_boar,s_mon_fire_boar,CAST_VFX,monsters/007_m_fire_boar_파이어보어/CAST/007_m_fire_boar_s_mon_fire_boar_CAST_F07.png,required file,missing,FAIL,NOT_CHECKED,mechanical INPUT↔OUTPUT check,REPACK
area_02,m_stumpy,s_mon_stumpy,ICON,monsters/008_m_stumpy_스텀피/ICON/008_m_stumpy_s_mon_stumpy_ICON.png,required file,missing,FAIL,NOT_CHECKED,mechanical INPUT↔OUTPUT check,REPACK
area_02,m_stumpy,s_mon_stumpy,PROJECTILE,monsters/008_m_stumpy_스텀피/PROJECTILE/008_m_stumpy_s_mon_stumpy_PROJECTILE_F00.png,required file,missing,FAIL,NOT_CHECKED,mechanical INPUT↔OUTPUT check,REPACK
area_02,m_stumpy,s_mon_stumpy,PROJECTILE,monsters/008_m_stumpy_스텀피/PROJECTILE/008_m_stumpy_s_mon_stumpy_PROJECTILE_F01.png,required file,missing,FAIL,NOT_CHECKED,mechanical INPUT↔OUTPUT check,REPACK
area_02,m_stumpy,s_mon_stumpy,PROJECTILE,monsters/008_m_stumpy_스텀피/PROJECTILE/008_m_stumpy_s_mon_stumpy_PROJECTILE_F02.png,required file,missing,FAIL,NOT_CHECKED,mechanical INPUT↔OUTPUT check,REPACK
area_02,m_stumpy,s_mon_stumpy,PROJECTILE,monsters/008_m_stumpy_스텀피/PROJECTILE/008_m_stumpy_s_mon_stumpy_PROJECTILE_F03.png,required file,missing,FAIL,NOT_CHECKED,mechanical INPUT↔OUTPUT check,REPACK
area_02,,,UNEXPECTED,CAST/001_m_stone_golem_s_mon_stone_CAST_F00.png,no extra role PNG,unexpected role file,FAIL,NOT_CHECKED,mechanical INPUT↔OUTPUT check,REPACK
area_02,,,UNEXPECTED,CAST/001_m_stone_golem_s_mon_stone_CAST_F01.png,no extra role PNG,unexpected role file,FAIL,NOT_CHECKED,mechanical INPUT↔OUTPUT check,REPACK
area_02,,,UNEXPECTED,CAST/001_m_stone_golem_s_mon_stone_CAST_F02.png,no extra role PNG,unexpected role file,FAIL,NOT_CHECKED,mechanical INPUT↔OUTPUT check,REPACK
area_02,,,UNEXPECTED,CAST/001_m_stone_golem_s_mon_stone_CAST_F03.png,no extra role PNG,unexpected role file,FAIL,NOT_CHECKED,mechanical INPUT↔OUTPUT check,REPACK
area_02,,,UNEXPECTED,CAST/001_m_stone_golem_s_mon_stone_CAST_F04.png,no extra role PNG,unexpected role file,FAIL,NOT_CHECKED,mechanical INPUT↔OUTPUT check,REPACK
area_02,,,UNEXPECTED,CAST/001_m_stone_golem_s_mon_stone_CAST_F05.png,no extra role PNG,unexpected role file,FAIL,NOT_CHECKED,mechanical INPUT↔OUTPUT check,REPACK
area_02,,,UNEXPECTED,CAST/001_m_stone_golem_s_mon_stone_CAST_F06.png,no extra role PNG,unexpected role file,FAIL,NOT_CHECKED,mechanical INPUT↔OUTPUT check,REPACK
area_02,,,UNEXPECTED,CAST/001_m_stone_golem_s_mon_stone_CAST_F07.png,no extra role PNG,unexpected role file,FAIL,NOT_CHECKED,mechanical INPUT↔OUTPUT check,REPACK
area_02,,,UNEXPECTED,CAST/002_m_axe_stump_s_mon_axe_stump_CAST_F00.png,no extra role PNG,unexpected role file,FAIL,NOT_CHECKED,mechanical INPUT↔OUTPUT check,REPACK
area_02,,,UNEXPECTED,CAST/002_m_axe_stump_s_mon_axe_stump_CAST_F01.png,no extra role PNG,unexpected role file,FAIL,NOT_CHECKED,mechanical INPUT↔OUTPUT check,REPACK
area_02,,,UNEXPECTED,CAST/002_m_axe_stump_s_mon_axe_stump_CAST_F02.png,no extra role PNG,unexpected role file,FAIL,NOT_CHECKED,mechanical INPUT↔OUTPUT check,REPACK
area_02,,,UNEXPECTED,CAST/002_m_axe_stump_s_mon_axe_stump_CAST_F03.png,no extra role PNG,unexpected role file,FAIL,NOT_CHECKED,mechanical INPUT↔OUTPUT check,REPACK
area_02,,,UNEXPECTED,CAST/002_m_axe_stump_s_mon_axe_stump_CAST_F04.png,no extra role PNG,unexpected role file,FAIL,NOT_CHECKED,mechanical INPUT↔OUTPUT check,REPACK
area_02,,,UNEXPECTED,CAST/002_m_axe_stump_s_mon_axe_stump_CAST_F05.png,no extra role PNG,unexpected role file,FAIL,NOT_CHECKED,mechanical INPUT↔OUTPUT check,REPACK
area_02,,,UNEXPECTED,CAST/002_m_axe_stump_s_mon_axe_stump_CAST_F06.png,no extra role PNG,unexpected role file,FAIL,NOT_CHECKED,mechanical INPUT↔OUTPUT check,REPACK
area_02,,,UNEXPECTED,CAST/002_m_axe_stump_s_mon_axe_stump_CAST_F07.png,no extra role PNG,unexpected role file,FAIL,NOT_CHECKED,mechanical INPUT↔OUTPUT check,REPACK
area_02,,,UNEXPECTED,CAST/003_m_dark_axe_stump_s_mon_dark_axe_stump_CAST_F00.png,no extra role PNG,unexpected role file,FAIL,NOT_CHECKED,mechanical INPUT↔OUTPUT check,REPACK
area_02,,,UNEXPECTED,CAST/003_m_dark_axe_stump_s_mon_dark_axe_stump_CAST_F01.png,no extra role PNG,unexpected role file,FAIL,NOT_CHECKED,mechanical INPUT↔OUTPUT check,REPACK
area_02,,,UNEXPECTED,CAST/003_m_dark_axe_stump_s_mon_dark_axe_stump_CAST_F02.png,no extra role PNG,unexpected role file,FAIL,NOT_CHECKED,mechanical INPUT↔OUTPUT check,REPACK
area_02,,,UNEXPECTED,CAST/003_m_dark_axe_stump_s_mon_dark_axe_stump_CAST_F03.png,no extra role PNG,unexpected role file,FAIL,NOT_CHECKED,mechanical INPUT↔OUTPUT check,REPACK
area_02,,,UNEXPECTED,CAST/003_m_dark_axe_stump_s_mon_dark_axe_stump_CAST_F04.png,no extra role PNG,unexpected role file,FAIL,NOT_CHECKED,mechanical INPUT↔OUTPUT check,REPACK
area_02,,,UNEXPECTED,CAST/003_m_dark_axe_stump_s_mon_dark_axe_stump_CAST_F05.png,no extra role PNG,unexpected role file,FAIL,NOT_CHECKED,mechanical INPUT↔OUTPUT check,REPACK
area_02,,,UNEXPECTED,CAST/003_m_dark_axe_stump_s_mon_dark_axe_stump_CAST_F06.png,no extra role PNG,unexpected role file,FAIL,NOT_CHECKED,mechanical INPUT↔OUTPUT check,REPACK
area_02,,,UNEXPECTED,CAST/003_m_dark_axe_stump_s_mon_dark_axe_stump_CAST_F07.png,no extra role PNG,unexpected role file,FAIL,NOT_CHECKED,mechanical INPUT↔OUTPUT check,REPACK
area_02,,,UNEXPECTED,CAST/004_m_wild_boar_s_mon_wild_boar_CAST_F00.png,no extra role PNG,unexpected role file,FAIL,NOT_CHECKED,mechanical INPUT↔OUTPUT check,REPACK
area_02,,,UNEXPECTED,CAST/004_m_wild_boar_s_mon_wild_boar_CAST_F01.png,no extra role PNG,unexpected role file,FAIL,NOT_CHECKED,mechanical INPUT↔OUTPUT check,REPACK
area_02,,,UNEXPECTED,CAST/004_m_wild_boar_s_mon_wild_boar_CAST_F02.png,no extra role PNG,unexpected role file,FAIL,NOT_CHECKED,mechanical INPUT↔OUTPUT check,REPACK
area_02,,,UNEXPECTED,CAST/004_m_wild_boar_s_mon_wild_boar_CAST_F03.png,no extra role PNG,unexpected role file,FAIL,NOT_CHECKED,mechanical INPUT↔OUTPUT check,REPACK
area_02,,,UNEXPECTED,CAST/004_m_wild_boar_s_mon_wild_boar_CAST_F04.png,no extra role PNG,unexpected role file,FAIL,NOT_CHECKED,mechanical INPUT↔OUTPUT check,REPACK
area_02,,,UNEXPECTED,CAST/004_m_wild_boar_s_mon_wild_boar_CAST_F05.png,no extra role PNG,unexpected role file,FAIL,NOT_CHECKED,mechanical INPUT↔OUTPUT check,REPACK
area_02,,,UNEXPECTED,CAST/004_m_wild_boar_s_mon_wild_boar_CAST_F06.png,no extra role PNG,unexpected role file,FAIL,NOT_CHECKED,mechanical INPUT↔OUTPUT check,REPACK
area_02,,,UNEXPECTED,CAST/004_m_wild_boar_s_mon_wild_boar_CAST_F07.png,no extra role PNG,unexpected role file,FAIL,NOT_CHECKED,mechanical INPUT↔OUTPUT check,REPACK
area_02,,,UNEXPECTED,CAST/006_m_skeleton_commander_s_mon_skeleton_commander_CAST_F00.png,no extra role PNG,unexpected role file,FAIL,NOT_CHECKED,mechanical INPUT↔OUTPUT check,REPACK
area_02,,,UNEXPECTED,CAST/006_m_skeleton_commander_s_mon_skeleton_commander_CAST_F01.png,no extra role PNG,unexpected role file,FAIL,NOT_CHECKED,mechanical INPUT↔OUTPUT check,REPACK
area_02,,,UNEXPECTED,CAST/006_m_skeleton_commander_s_mon_skeleton_commander_CAST_F02.png,no extra role PNG,unexpected role file,FAIL,NOT_CHECKED,mechanical INPUT↔OUTPUT check,REPACK
area_02,,,UNEXPECTED,CAST/006_m_skeleton_commander_s_mon_skeleton_commander_CAST_F03.png,no extra role PNG,unexpected role file,FAIL,NOT_CHECKED,mechanical INPUT↔OUTPUT check,REPACK
area_02,,,UNEXPECTED,CAST/006_m_skeleton_commander_s_mon_skeleton_commander_CAST_F04.png,no extra role PNG,unexpected role file,FAIL,NOT_CHECKED,mechanical INPUT↔OUTPUT check,REPACK
area_02,,,UNEXPECTED,CAST/006_m_skeleton_commander_s_mon_skeleton_commander_CAST_F05.png,no extra role PNG,unexpected role file,FAIL,NOT_CHECKED,mechanical INPUT↔OUTPUT check,REPACK
area_02,,,UNEXPECTED,CAST/006_m_skeleton_commander_s_mon_skeleton_commander_CAST_F06.png,no extra role PNG,unexpected role file,FAIL,NOT_CHECKED,mechanical INPUT↔OUTPUT check,REPACK
area_02,,,UNEXPECTED,CAST/006_m_skeleton_commander_s_mon_skeleton_commander_CAST_F07.png,no extra role PNG,unexpected role file,FAIL,NOT_CHECKED,mechanical INPUT↔OUTPUT check,REPACK
area_02,,,UNEXPECTED,CAST/007_m_fire_boar_s_mon_fire_boar_CAST_F00.png,no extra role PNG,unexpected role file,FAIL,NOT_CHECKED,mechanical INPUT↔OUTPUT check,REPACK
area_02,,,UNEXPECTED,CAST/007_m_fire_boar_s_mon_fire_boar_CAST_F01.png,no extra role PNG,unexpected role file,FAIL,NOT_CHECKED,mechanical INPUT↔OUTPUT check,REPACK
area_02,,,UNEXPECTED,CAST/007_m_fire_boar_s_mon_fire_boar_CAST_F02.png,no extra role PNG,unexpected role file,FAIL,NOT_CHECKED,mechanical INPUT↔OUTPUT check,REPACK
area_02,,,UNEXPECTED,CAST/007_m_fire_boar_s_mon_fire_boar_CAST_F03.png,no extra role PNG,unexpected role file,FAIL,NOT_CHECKED,mechanical INPUT↔OUTPUT check,REPACK
area_02,,,UNEXPECTED,CAST/007_m_fire_boar_s_mon_fire_boar_CAST_F04.png,no extra role PNG,unexpected role file,FAIL,NOT_CHECKED,mechanical INPUT↔OUTPUT check,REPACK
area_02,,,UNEXPECTED,CAST/007_m_fire_boar_s_mon_fire_boar_CAST_F05.png,no extra role PNG,unexpected role file,FAIL,NOT_CHECKED,mechanical INPUT↔OUTPUT check,REPACK
area_02,,,UNEXPECTED,CAST/007_m_fire_boar_s_mon_fire_boar_CAST_F06.png,no extra role PNG,unexpected role file,FAIL,NOT_CHECKED,mechanical INPUT↔OUTPUT check,REPACK
area_02,,,UNEXPECTED,CAST/007_m_fire_boar_s_mon_fire_boar_CAST_F07.png,no extra role PNG,unexpected role file,FAIL,NOT_CHECKED,mechanical INPUT↔OUTPUT check,REPACK
area_02,,,UNEXPECTED,ICON/001_m_stone_golem_s_mon_stone_ICON.png,no extra role PNG,unexpected role file,FAIL,NOT_CHECKED,mechanical INPUT↔OUTPUT check,REPACK
area_02,,,UNEXPECTED,ICON/002_m_axe_stump_s_mon_axe_stump_ICON.png,no extra role PNG,unexpected role file,FAIL,NOT_CHECKED,mechanical INPUT↔OUTPUT check,REPACK
area_02,,,UNEXPECTED,ICON/003_m_dark_axe_stump_s_mon_dark_axe_stump_ICON.png,no extra role PNG,unexpected role file,FAIL,NOT_CHECKED,mechanical INPUT↔OUTPUT check,REPACK
area_02,,,UNEXPECTED,ICON/004_m_wild_boar_s_mon_wild_boar_ICON.png,no extra role PNG,unexpected role file,FAIL,NOT_CHECKED,mechanical INPUT↔OUTPUT check,REPACK
area_02,,,UNEXPECTED,ICON/005_m_iron_hog_s_mon_iron_hog_ICON.png,no extra role PNG,unexpected role file,FAIL,NOT_CHECKED,mechanical INPUT↔OUTPUT check,REPACK
area_02,,,UNEXPECTED,ICON/006_m_skeleton_commander_s_mon_skeleton_commander_ICON.png,no extra role PNG,unexpected role file,FAIL,NOT_CHECKED,mechanical INPUT↔OUTPUT check,REPACK
area_02,,,UNEXPECTED,ICON/007_m_fire_boar_s_mon_fire_boar_ICON.png,no extra role PNG,unexpected role file,FAIL,NOT_CHECKED,mechanical INPUT↔OUTPUT check,REPACK
area_02,,,UNEXPECTED,ICON/008_m_stumpy_s_mon_stumpy_ICON.png,no extra role PNG,unexpected role file,FAIL,NOT_CHECKED,mechanical INPUT↔OUTPUT check,REPACK
area_02,,,UNEXPECTED,PROJECTILE/008_m_stumpy_s_mon_stumpy_PROJECTILE_F00.png,no extra role PNG,unexpected role file,FAIL,NOT_CHECKED,mechanical INPUT↔OUTPUT check,REPACK
area_02,,,UNEXPECTED,PROJECTILE/008_m_stumpy_s_mon_stumpy_PROJECTILE_F01.png,no extra role PNG,unexpected role file,FAIL,NOT_CHECKED,mechanical INPUT↔OUTPUT check,REPACK
area_02,,,UNEXPECTED,PROJECTILE/008_m_stumpy_s_mon_stumpy_PROJECTILE_F02.png,no extra role PNG,unexpected role file,FAIL,NOT_CHECKED,mechanical INPUT↔OUTPUT check,REPACK
area_02,,,UNEXPECTED,PROJECTILE/008_m_stumpy_s_mon_stumpy_PROJECTILE_F03.png,no extra role PNG,unexpected role file,FAIL,NOT_CHECKED,mechanical INPUT↔OUTPUT check,REPACK
area_02,,,UNEXPECTED,REFERENCE/005_m_iron_hog_s_mon_iron_hog_REFERENCE_F00.png,no extra role PNG,unexpected role file,FAIL,NOT_CHECKED,mechanical INPUT↔OUTPUT check,REPACK
area_02,,,UNEXPECTED,REFERENCE/005_m_iron_hog_s_mon_iron_hog_REFERENCE_F01.png,no extra role PNG,unexpected role file,FAIL,NOT_CHECKED,mechanical INPUT↔OUTPUT check,REPACK
area_02,,,UNEXPECTED,REFERENCE/005_m_iron_hog_s_mon_iron_hog_REFERENCE_F02.png,no extra role PNG,unexpected role file,FAIL,NOT_CHECKED,mechanical INPUT↔OUTPUT check,REPACK
area_02,,,UNEXPECTED,REFERENCE/005_m_iron_hog_s_mon_iron_hog_REFERENCE_F03.png,no extra role PNG,unexpected role file,FAIL,NOT_CHECKED,mechanical INPUT↔OUTPUT check,REPACK
area_02,,,UNEXPECTED,REFERENCE/005_m_iron_hog_s_mon_iron_hog_REFERENCE_F04.png,no extra role PNG,unexpected role file,FAIL,NOT_CHECKED,mechanical INPUT↔OUTPUT check,REPACK
area_02,,,UNEXPECTED,REFERENCE/005_m_iron_hog_s_mon_iron_hog_REFERENCE_F05.png,no extra role PNG,unexpected role file,FAIL,NOT_CHECKED,mechanical INPUT↔OUTPUT check,REPACK
area_03,m_slime,s_mon_slime,ICON,monsters/001_m_slime_슬라임/ICON/001_m_slime_s_mon_slime_ICON.png,OUTPUT_MANIFEST row,missing,FAIL,NOT_CHECKED,mechanical INPUT↔OUTPUT check,REPACK
area_03,m_slime,s_mon_slime,ICON,monsters/001_m_slime_슬라임/ICON/001_m_slime_s_mon_slime_ICON.png,byte-identical Area 00 approved asset,candidate_count=0; hash_match=False,FAIL,NOT_CHECKED,mechanical INPUT↔OUTPUT check,REPACK
area_03,m_slime,s_mon_slime,CAST_VFX,monsters/001_m_slime_슬라임/CAST/001_m_slime_s_mon_slime_CAST_F00.png,OUTPUT_MANIFEST row,missing,FAIL,NOT_CHECKED,mechanical INPUT↔OUTPUT check,REPACK
area_03,m_slime,s_mon_slime,CAST_VFX,monsters/001_m_slime_슬라임/CAST/001_m_slime_s_mon_slime_CAST_F00.png,byte-identical Area 00 approved asset,candidate_count=0; hash_match=False,FAIL,NOT_CHECKED,mechanical INPUT↔OUTPUT check,REPACK
area_03,m_slime,s_mon_slime,CAST_VFX,monsters/001_m_slime_슬라임/CAST/001_m_slime_s_mon_slime_CAST_F01.png,OUTPUT_MANIFEST row,missing,FAIL,NOT_CHECKED,mechanical INPUT↔OUTPUT check,REPACK
area_03,m_slime,s_mon_slime,CAST_VFX,monsters/001_m_slime_슬라임/CAST/001_m_slime_s_mon_slime_CAST_F01.png,byte-identical Area 00 approved asset,candidate_count=0; hash_match=False,FAIL,NOT_CHECKED,mechanical INPUT↔OUTPUT check,REPACK
area_03,m_slime,s_mon_slime,CAST_VFX,monsters/001_m_slime_슬라임/CAST/001_m_slime_s_mon_slime_CAST_F02.png,OUTPUT_MANIFEST row,missing,FAIL,NOT_CHECKED,mechanical INPUT↔OUTPUT check,REPACK
area_03,m_slime,s_mon_slime,CAST_VFX,monsters/001_m_slime_슬라임/CAST/001_m_slime_s_mon_slime_CAST_F02.png,byte-identical Area 00 approved asset,candidate_count=0; hash_match=False,FAIL,NOT_CHECKED,mechanical INPUT↔OUTPUT check,REPACK
area_03,m_slime,s_mon_slime,CAST_VFX,monsters/001_m_slime_슬라임/CAST/001_m_slime_s_mon_slime_CAST_F03.png,OUTPUT_MANIFEST row,missing,FAIL,NOT_CHECKED,mechanical INPUT↔OUTPUT check,REPACK
area_03,m_slime,s_mon_slime,CAST_VFX,monsters/001_m_slime_슬라임/CAST/001_m_slime_s_mon_slime_CAST_F03.png,byte-identical Area 00 approved asset,candidate_count=0; hash_match=False,FAIL,NOT_CHECKED,mechanical INPUT↔OUTPUT check,REPACK
area_03,m_slime,s_mon_slime,CAST_VFX,monsters/001_m_slime_슬라임/CAST/001_m_slime_s_mon_slime_CAST_F04.png,OUTPUT_MANIFEST row,missing,FAIL,NOT_CHECKED,mechanical INPUT↔OUTPUT check,REPACK
area_03,m_slime,s_mon_slime,CAST_VFX,monsters/001_m_slime_슬라임/CAST/001_m_slime_s_mon_slime_CAST_F04.png,byte-identical Area 00 approved asset,candidate_count=0; hash_match=False,FAIL,NOT_CHECKED,mechanical INPUT↔OUTPUT check,REPACK
area_03,m_slime,s_mon_slime,CAST_VFX,monsters/001_m_slime_슬라임/CAST/001_m_slime_s_mon_slime_CAST_F05.png,OUTPUT_MANIFEST row,missing,FAIL,NOT_CHECKED,mechanical INPUT↔OUTPUT check,REPACK
area_03,m_slime,s_mon_slime,CAST_VFX,monsters/001_m_slime_슬라임/CAST/001_m_slime_s_mon_slime_CAST_F05.png,byte-identical Area 00 approved asset,candidate_count=0; hash_match=False,FAIL,NOT_CHECKED,mechanical INPUT↔OUTPUT check,REPACK
area_03,m_slime,s_mon_slime,CAST_VFX,monsters/001_m_slime_슬라임/CAST/001_m_slime_s_mon_slime_CAST_F06.png,OUTPUT_MANIFEST row,missing,FAIL,NOT_CHECKED,mechanical INPUT↔OUTPUT check,REPACK
area_03,m_slime,s_mon_slime,CAST_VFX,monsters/001_m_slime_슬라임/CAST/001_m_slime_s_mon_slime_CAST_F06.png,byte-identical Area 00 approved asset,candidate_count=0; hash_match=False,FAIL,NOT_CHECKED,mechanical INPUT↔OUTPUT check,REPACK
area_03,m_slime,s_mon_slime,CAST_VFX,monsters/001_m_slime_슬라임/CAST/001_m_slime_s_mon_slime_CAST_F07.png,OUTPUT_MANIFEST row,missing,FAIL,NOT_CHECKED,mechanical INPUT↔OUTPUT check,REPACK
area_03,m_slime,s_mon_slime,CAST_VFX,monsters/001_m_slime_슬라임/CAST/001_m_slime_s_mon_slime_CAST_F07.png,byte-identical Area 00 approved asset,candidate_count=0; hash_match=False,FAIL,NOT_CHECKED,mechanical INPUT↔OUTPUT check,REPACK
area_03,m_dark_stump,s_mon_dark_stump,ICON,monsters/002_m_dark_stump_다크_스텀프/ICON/002_m_dark_stump_s_mon_dark_stump_ICON.png,required file,missing,FAIL,NOT_CHECKED,mechanical INPUT↔OUTPUT check,REPACK
area_03,m_dark_stump,s_mon_dark_stump,CAST_VFX,monsters/002_m_dark_stump_다크_스텀프/CAST/002_m_dark_stump_s_mon_dark_stump_CAST_F00.png,required file,missing,FAIL,NOT_CHECKED,mechanical INPUT↔OUTPUT check,REPACK
area_03,m_dark_stump,s_mon_dark_stump,CAST_VFX,monsters/002_m_dark_stump_다크_스텀프/CAST/002_m_dark_stump_s_mon_dark_stump_CAST_F01.png,required file,missing,FAIL,NOT_CHECKED,mechanical INPUT↔OUTPUT check,REPACK
area_03,m_dark_stump,s_mon_dark_stump,CAST_VFX,monsters/002_m_dark_stump_다크_스텀프/CAST/002_m_dark_stump_s_mon_dark_stump_CAST_F02.png,required file,missing,FAIL,NOT_CHECKED,mechanical INPUT↔OUTPUT check,REPACK
area_03,m_dark_stump,s_mon_dark_stump,CAST_VFX,monsters/002_m_dark_stump_다크_스텀프/CAST/002_m_dark_stump_s_mon_dark_stump_CAST_F03.png,required file,missing,FAIL,NOT_CHECKED,mechanical INPUT↔OUTPUT check,REPACK
area_03,m_dark_stump,s_mon_dark_stump,CAST_VFX,monsters/002_m_dark_stump_다크_스텀프/CAST/002_m_dark_stump_s_mon_dark_stump_CAST_F04.png,required file,missing,FAIL,NOT_CHECKED,mechanical INPUT↔OUTPUT check,REPACK
area_03,m_dark_stump,s_mon_dark_stump,CAST_VFX,monsters/002_m_dark_stump_다크_스텀프/CAST/002_m_dark_stump_s_mon_dark_stump_CAST_F05.png,required file,missing,FAIL,NOT_CHECKED,mechanical INPUT↔OUTPUT check,REPACK
area_03,m_dark_stump,s_mon_dark_stump,CAST_VFX,monsters/002_m_dark_stump_다크_스텀프/CAST/002_m_dark_stump_s_mon_dark_stump_CAST_F06.png,required file,missing,FAIL,NOT_CHECKED,mechanical INPUT↔OUTPUT check,REPACK
area_03,m_dark_stump,s_mon_dark_stump,CAST_VFX,monsters/002_m_dark_stump_다크_스텀프/CAST/002_m_dark_stump_s_mon_dark_stump_CAST_F07.png,required file,missing,FAIL,NOT_CHECKED,mechanical INPUT↔OUTPUT check,REPACK
area_03,m_bubbling,s_mon_bubbling,ICON,monsters/003_m_bubbling_버블링/ICON/003_m_bubbling_s_mon_bubbling_ICON.png,required file,missing,FAIL,NOT_CHECKED,mechanical INPUT↔OUTPUT check,REPACK
area_03,m_bubbling,s_mon_bubbling,REFERENCE_VFX,monsters/003_m_bubbling_버블링/REFERENCE/003_m_bubbling_s_mon_bubbling_REFERENCE_F00.png,required file,missing,FAIL,NOT_CHECKED,mechanical INPUT↔OUTPUT check,REPACK
area_03,m_bubbling,s_mon_bubbling,REFERENCE_VFX,monsters/003_m_bubbling_버블링/REFERENCE/003_m_bubbling_s_mon_bubbling_REFERENCE_F01.png,required file,missing,FAIL,NOT_CHECKED,mechanical INPUT↔OUTPUT check,REPACK
area_03,m_bubbling,s_mon_bubbling,REFERENCE_VFX,monsters/003_m_bubbling_버블링/REFERENCE/003_m_bubbling_s_mon_bubbling_REFERENCE_F02.png,required file,missing,FAIL,NOT_CHECKED,mechanical INPUT↔OUTPUT check,REPACK
area_03,m_bubbling,s_mon_bubbling,REFERENCE_VFX,monsters/003_m_bubbling_버블링/REFERENCE/003_m_bubbling_s_mon_bubbling_REFERENCE_F03.png,required file,missing,FAIL,NOT_CHECKED,mechanical INPUT↔OUTPUT check,REPACK
area_03,m_bubbling,s_mon_bubbling,REFERENCE_VFX,monsters/003_m_bubbling_버블링/REFERENCE/003_m_bubbling_s_mon_bubbling_REFERENCE_F04.png,required file,missing,FAIL,NOT_CHECKED,mechanical INPUT↔OUTPUT check,REPACK
area_03,m_bubbling,s_mon_bubbling,REFERENCE_VFX,monsters/003_m_bubbling_버블링/REFERENCE/003_m_bubbling_s_mon_bubbling_REFERENCE_F05.png,required file,missing,FAIL,NOT_CHECKED,mechanical INPUT↔OUTPUT check,REPACK
area_03,m_fairy,s_mon_fairy,ICON,monsters/004_m_fairy_페어리/ICON/004_m_fairy_s_mon_fairy_ICON.png,required file,missing,FAIL,NOT_CHECKED,mechanical INPUT↔OUTPUT check,REPACK
area_03,m_fairy,s_mon_fairy,CAST_VFX,monsters/004_m_fairy_페어리/CAST/004_m_fairy_s_mon_fairy_CAST_F00.png,required file,missing,FAIL,NOT_CHECKED,mechanical INPUT↔OUTPUT check,REPACK
area_03,m_fairy,s_mon_fairy,CAST_VFX,monsters/004_m_fairy_페어리/CAST/004_m_fairy_s_mon_fairy_CAST_F01.png,required file,missing,FAIL,NOT_CHECKED,mechanical INPUT↔OUTPUT check,REPACK
area_03,m_fairy,s_mon_fairy,CAST_VFX,monsters/004_m_fairy_페어리/CAST/004_m_fairy_s_mon_fairy_CAST_F02.png,required file,missing,FAIL,NOT_CHECKED,mechanical INPUT↔OUTPUT check,REPACK
area_03,m_fairy,s_mon_fairy,CAST_VFX,monsters/004_m_fairy_페어리/CAST/004_m_fairy_s_mon_fairy_CAST_F03.png,required file,missing,FAIL,NOT_CHECKED,mechanical INPUT↔OUTPUT check,REPACK
area_03,m_fairy,s_mon_fairy,CAST_VFX,monsters/004_m_fairy_페어리/CAST/004_m_fairy_s_mon_fairy_CAST_F04.png,required file,missing,FAIL,NOT_CHECKED,mechanical INPUT↔OUTPUT check,REPACK
area_03,m_fairy,s_mon_fairy,CAST_VFX,monsters/004_m_fairy_페어리/CAST/004_m_fairy_s_mon_fairy_CAST_F05.png,required file,missing,FAIL,NOT_CHECKED,mechanical INPUT↔OUTPUT check,REPACK
area_03,m_fairy,s_mon_fairy,CAST_VFX,monsters/004_m_fairy_페어리/CAST/004_m_fairy_s_mon_fairy_CAST_F06.png,required file,missing,FAIL,NOT_CHECKED,mechanical INPUT↔OUTPUT check,REPACK
area_03,m_fairy,s_mon_fairy,CAST_VFX,monsters/004_m_fairy_페어리/CAST/004_m_fairy_s_mon_fairy_CAST_F07.png,required file,missing,FAIL,NOT_CHECKED,mechanical INPUT↔OUTPUT check,REPACK
area_03,m_faust,s_mon_faust,ICON,monsters/005_m_faust_파우스트/ICON/005_m_faust_s_mon_faust_ICON.png,required file,missing,FAIL,NOT_CHECKED,mechanical INPUT↔OUTPUT check,REPACK
area_03,m_faust,s_mon_faust,CAST_VFX,monsters/005_m_faust_파우스트/CAST/005_m_faust_s_mon_faust_CAST_F00.png,required file,missing,FAIL,NOT_CHECKED,mechanical INPUT↔OUTPUT check,REPACK
area_03,m_faust,s_mon_faust,CAST_VFX,monsters/005_m_faust_파우스트/CAST/005_m_faust_s_mon_faust_CAST_F01.png,required file,missing,FAIL,NOT_CHECKED,mechanical INPUT↔OUTPUT check,REPACK
area_03,m_faust,s_mon_faust,CAST_VFX,monsters/005_m_faust_파우스트/CAST/005_m_faust_s_mon_faust_CAST_F02.png,required file,missing,FAIL,NOT_CHECKED,mechanical INPUT↔OUTPUT check,REPACK
area_03,m_faust,s_mon_faust,CAST_VFX,monsters/005_m_faust_파우스트/CAST/005_m_faust_s_mon_faust_CAST_F03.png,required file,missing,FAIL,NOT_CHECKED,mechanical INPUT↔OUTPUT check,REPACK
area_03,m_faust,s_mon_faust,CAST_VFX,monsters/005_m_faust_파우스트/CAST/005_m_faust_s_mon_faust_CAST_F04.png,required file,missing,FAIL,NOT_CHECKED,mechanical INPUT↔OUTPUT check,REPACK
area_03,m_faust,s_mon_faust,CAST_VFX,monsters/005_m_faust_파우스트/CAST/005_m_faust_s_mon_faust_CAST_F05.png,required file,missing,FAIL,NOT_CHECKED,mechanical INPUT↔OUTPUT check,REPACK
area_03,m_faust,s_mon_faust,CAST_VFX,monsters/005_m_faust_파우스트/CAST/005_m_faust_s_mon_faust_CAST_F06.png,required file,missing,FAIL,NOT_CHECKED,mechanical INPUT↔OUTPUT check,REPACK
area_03,m_faust,s_mon_faust,CAST_VFX,monsters/005_m_faust_파우스트/CAST/005_m_faust_s_mon_faust_CAST_F07.png,required file,missing,FAIL,NOT_CHECKED,mechanical INPUT↔OUTPUT check,REPACK
area_03,m_faust,s_mon_faust,CAST_VFX,monsters/005_m_faust_파우스트/CAST/005_m_faust_s_mon_faust_CAST_F08.png,required file,missing,FAIL,NOT_CHECKED,mechanical INPUT↔OUTPUT check,REPACK
area_03,m_faust,s_mon_faust,CAST_VFX,monsters/005_m_faust_파우스트/CAST/005_m_faust_s_mon_faust_CAST_F09.png,required file,missing,FAIL,NOT_CHECKED,mechanical INPUT↔OUTPUT check,REPACK
area_03,m_faust,s_mon_faust,CAST_VFX,monsters/005_m_faust_파우스트/CAST/005_m_faust_s_mon_faust_CAST_F10.png,required file,missing,FAIL,NOT_CHECKED,mechanical INPUT↔OUTPUT check,REPACK
area_03,m_faust,s_mon_faust,CAST_VFX,monsters/005_m_faust_파우스트/CAST/005_m_faust_s_mon_faust_CAST_F11.png,required file,missing,FAIL,NOT_CHECKED,mechanical INPUT↔OUTPUT check,REPACK
area_03,m_faust,s_mon_faust,PROJECTILE,monsters/005_m_faust_파우스트/PROJECTILE/005_m_faust_s_mon_faust_PROJECTILE_F00.png,required file,missing,FAIL,NOT_CHECKED,mechanical INPUT↔OUTPUT check,REPACK
area_03,m_faust,s_mon_faust,PROJECTILE,monsters/005_m_faust_파우스트/PROJECTILE/005_m_faust_s_mon_faust_PROJECTILE_F01.png,required file,missing,FAIL,NOT_CHECKED,mechanical INPUT↔OUTPUT check,REPACK
area_03,m_faust,s_mon_faust,PROJECTILE,monsters/005_m_faust_파우스트/PROJECTILE/005_m_faust_s_mon_faust_PROJECTILE_F02.png,required file,missing,FAIL,NOT_CHECKED,mechanical INPUT↔OUTPUT check,REPACK
area_03,m_faust,s_mon_faust,PROJECTILE,monsters/005_m_faust_파우스트/PROJECTILE/005_m_faust_s_mon_faust_PROJECTILE_F03.png,required file,missing,FAIL,NOT_CHECKED,mechanical INPUT↔OUTPUT check,REPACK
area_03,,,UNEXPECTED,monsters/002_m_dark_stump/CAST/002_m_dark_stump_s_mon_dark_stump_CAST_F00.png,no extra role PNG,unexpected role file,FAIL,NOT_CHECKED,mechanical INPUT↔OUTPUT check,REPACK
area_03,,,UNEXPECTED,monsters/002_m_dark_stump/CAST/002_m_dark_stump_s_mon_dark_stump_CAST_F01.png,no extra role PNG,unexpected role file,FAIL,NOT_CHECKED,mechanical INPUT↔OUTPUT check,REPACK
area_03,,,UNEXPECTED,monsters/002_m_dark_stump/CAST/002_m_dark_stump_s_mon_dark_stump_CAST_F02.png,no extra role PNG,unexpected role file,FAIL,NOT_CHECKED,mechanical INPUT↔OUTPUT check,REPACK
area_03,,,UNEXPECTED,monsters/002_m_dark_stump/CAST/002_m_dark_stump_s_mon_dark_stump_CAST_F03.png,no extra role PNG,unexpected role file,FAIL,NOT_CHECKED,mechanical INPUT↔OUTPUT check,REPACK
area_03,,,UNEXPECTED,monsters/002_m_dark_stump/CAST/002_m_dark_stump_s_mon_dark_stump_CAST_F04.png,no extra role PNG,unexpected role file,FAIL,NOT_CHECKED,mechanical INPUT↔OUTPUT check,REPACK
area_03,,,UNEXPECTED,monsters/002_m_dark_stump/CAST/002_m_dark_stump_s_mon_dark_stump_CAST_F05.png,no extra role PNG,unexpected role file,FAIL,NOT_CHECKED,mechanical INPUT↔OUTPUT check,REPACK
area_03,,,UNEXPECTED,monsters/002_m_dark_stump/CAST/002_m_dark_stump_s_mon_dark_stump_CAST_F06.png,no extra role PNG,unexpected role file,FAIL,NOT_CHECKED,mechanical INPUT↔OUTPUT check,REPACK
area_03,,,UNEXPECTED,monsters/002_m_dark_stump/CAST/002_m_dark_stump_s_mon_dark_stump_CAST_F07.png,no extra role PNG,unexpected role file,FAIL,NOT_CHECKED,mechanical INPUT↔OUTPUT check,REPACK
area_03,,,UNEXPECTED,monsters/002_m_dark_stump/ICON/002_m_dark_stump_s_mon_dark_stump_ICON.png,no extra role PNG,unexpected role file,FAIL,NOT_CHECKED,mechanical INPUT↔OUTPUT check,REPACK
area_03,,,UNEXPECTED,monsters/003_m_bubbling/ICON/003_m_bubbling_s_mon_bubbling_ICON.png,no extra role PNG,unexpected role file,FAIL,NOT_CHECKED,mechanical INPUT↔OUTPUT check,REPACK
area_03,,,UNEXPECTED,monsters/003_m_bubbling/REFERENCE/003_m_bubbling_s_mon_bubbling_REFERENCE_F00.png,no extra role PNG,unexpected role file,FAIL,NOT_CHECKED,mechanical INPUT↔OUTPUT check,REPACK
area_03,,,UNEXPECTED,monsters/003_m_bubbling/REFERENCE/003_m_bubbling_s_mon_bubbling_REFERENCE_F01.png,no extra role PNG,unexpected role file,FAIL,NOT_CHECKED,mechanical INPUT↔OUTPUT check,REPACK
area_03,,,UNEXPECTED,monsters/003_m_bubbling/REFERENCE/003_m_bubbling_s_mon_bubbling_REFERENCE_F02.png,no extra role PNG,unexpected role file,FAIL,NOT_CHECKED,mechanical INPUT↔OUTPUT check,REPACK
area_03,,,UNEXPECTED,monsters/003_m_bubbling/REFERENCE/003_m_bubbling_s_mon_bubbling_REFERENCE_F03.png,no extra role PNG,unexpected role file,FAIL,NOT_CHECKED,mechanical INPUT↔OUTPUT check,REPACK
area_03,,,UNEXPECTED,monsters/003_m_bubbling/REFERENCE/003_m_bubbling_s_mon_bubbling_REFERENCE_F04.png,no extra role PNG,unexpected role file,FAIL,NOT_CHECKED,mechanical INPUT↔OUTPUT check,REPACK
area_03,,,UNEXPECTED,monsters/003_m_bubbling/REFERENCE/003_m_bubbling_s_mon_bubbling_REFERENCE_F05.png,no extra role PNG,unexpected role file,FAIL,NOT_CHECKED,mechanical INPUT↔OUTPUT check,REPACK
area_03,,,UNEXPECTED,monsters/004_m_fairy/CAST/004_m_fairy_s_mon_fairy_CAST_F00.png,no extra role PNG,unexpected role file,FAIL,NOT_CHECKED,mechanical INPUT↔OUTPUT check,REPACK
area_03,,,UNEXPECTED,monsters/004_m_fairy/CAST/004_m_fairy_s_mon_fairy_CAST_F01.png,no extra role PNG,unexpected role file,FAIL,NOT_CHECKED,mechanical INPUT↔OUTPUT check,REPACK
area_03,,,UNEXPECTED,monsters/004_m_fairy/CAST/004_m_fairy_s_mon_fairy_CAST_F02.png,no extra role PNG,unexpected role file,FAIL,NOT_CHECKED,mechanical INPUT↔OUTPUT check,REPACK
area_03,,,UNEXPECTED,monsters/004_m_fairy/CAST/004_m_fairy_s_mon_fairy_CAST_F03.png,no extra role PNG,unexpected role file,FAIL,NOT_CHECKED,mechanical INPUT↔OUTPUT check,REPACK
area_03,,,UNEXPECTED,monsters/004_m_fairy/CAST/004_m_fairy_s_mon_fairy_CAST_F04.png,no extra role PNG,unexpected role file,FAIL,NOT_CHECKED,mechanical INPUT↔OUTPUT check,REPACK
area_03,,,UNEXPECTED,monsters/004_m_fairy/CAST/004_m_fairy_s_mon_fairy_CAST_F05.png,no extra role PNG,unexpected role file,FAIL,NOT_CHECKED,mechanical INPUT↔OUTPUT check,REPACK
area_03,,,UNEXPECTED,monsters/004_m_fairy/CAST/004_m_fairy_s_mon_fairy_CAST_F06.png,no extra role PNG,unexpected role file,FAIL,NOT_CHECKED,mechanical INPUT↔OUTPUT check,REPACK
area_03,,,UNEXPECTED,monsters/004_m_fairy/CAST/004_m_fairy_s_mon_fairy_CAST_F07.png,no extra role PNG,unexpected role file,FAIL,NOT_CHECKED,mechanical INPUT↔OUTPUT check,REPACK
area_03,,,UNEXPECTED,monsters/004_m_fairy/ICON/004_m_fairy_s_mon_fairy_ICON.png,no extra role PNG,unexpected role file,FAIL,NOT_CHECKED,mechanical INPUT↔OUTPUT check,REPACK
area_03,,,UNEXPECTED,monsters/005_m_faust/CAST/005_m_faust_s_mon_faust_CAST_F00.png,no extra role PNG,unexpected role file,FAIL,NOT_CHECKED,mechanical INPUT↔OUTPUT check,REPACK
area_03,,,UNEXPECTED,monsters/005_m_faust/CAST/005_m_faust_s_mon_faust_CAST_F01.png,no extra role PNG,unexpected role file,FAIL,NOT_CHECKED,mechanical INPUT↔OUTPUT check,REPACK
area_03,,,UNEXPECTED,monsters/005_m_faust/CAST/005_m_faust_s_mon_faust_CAST_F02.png,no extra role PNG,unexpected role file,FAIL,NOT_CHECKED,mechanical INPUT↔OUTPUT check,REPACK
area_03,,,UNEXPECTED,monsters/005_m_faust/CAST/005_m_faust_s_mon_faust_CAST_F03.png,no extra role PNG,unexpected role file,FAIL,NOT_CHECKED,mechanical INPUT↔OUTPUT check,REPACK
area_03,,,UNEXPECTED,monsters/005_m_faust/CAST/005_m_faust_s_mon_faust_CAST_F04.png,no extra role PNG,unexpected role file,FAIL,NOT_CHECKED,mechanical INPUT↔OUTPUT check,REPACK
area_03,,,UNEXPECTED,monsters/005_m_faust/CAST/005_m_faust_s_mon_faust_CAST_F05.png,no extra role PNG,unexpected role file,FAIL,NOT_CHECKED,mechanical INPUT↔OUTPUT check,REPACK
area_03,,,UNEXPECTED,monsters/005_m_faust/CAST/005_m_faust_s_mon_faust_CAST_F06.png,no extra role PNG,unexpected role file,FAIL,NOT_CHECKED,mechanical INPUT↔OUTPUT check,REPACK
area_03,,,UNEXPECTED,monsters/005_m_faust/CAST/005_m_faust_s_mon_faust_CAST_F07.png,no extra role PNG,unexpected role file,FAIL,NOT_CHECKED,mechanical INPUT↔OUTPUT check,REPACK
area_03,,,UNEXPECTED,monsters/005_m_faust/CAST/005_m_faust_s_mon_faust_CAST_F08.png,no extra role PNG,unexpected role file,FAIL,NOT_CHECKED,mechanical INPUT↔OUTPUT check,REPACK
area_03,,,UNEXPECTED,monsters/005_m_faust/CAST/005_m_faust_s_mon_faust_CAST_F09.png,no extra role PNG,unexpected role file,FAIL,NOT_CHECKED,mechanical INPUT↔OUTPUT check,REPACK
area_03,,,UNEXPECTED,monsters/005_m_faust/CAST/005_m_faust_s_mon_faust_CAST_F10.png,no extra role PNG,unexpected role file,FAIL,NOT_CHECKED,mechanical INPUT↔OUTPUT check,REPACK
area_03,,,UNEXPECTED,monsters/005_m_faust/CAST/005_m_faust_s_mon_faust_CAST_F11.png,no extra role PNG,unexpected role file,FAIL,NOT_CHECKED,mechanical INPUT↔OUTPUT check,REPACK
area_03,,,UNEXPECTED,monsters/005_m_faust/ICON/005_m_faust_s_mon_faust_ICON.png,no extra role PNG,unexpected role file,FAIL,NOT_CHECKED,mechanical INPUT↔OUTPUT check,REPACK
area_03,,,UNEXPECTED,monsters/005_m_faust/PROJECTILE/005_m_faust_s_mon_faust_PROJECTILE_F00.png,no extra role PNG,unexpected role file,FAIL,NOT_CHECKED,mechanical INPUT↔OUTPUT check,REPACK
area_03,,,UNEXPECTED,monsters/005_m_faust/PROJECTILE/005_m_faust_s_mon_faust_PROJECTILE_F01.png,no extra role PNG,unexpected role file,FAIL,NOT_CHECKED,mechanical INPUT↔OUTPUT check,REPACK
area_03,,,UNEXPECTED,monsters/005_m_faust/PROJECTILE/005_m_faust_s_mon_faust_PROJECTILE_F02.png,no extra role PNG,unexpected role file,FAIL,NOT_CHECKED,mechanical INPUT↔OUTPUT check,REPACK
area_03,,,UNEXPECTED,monsters/005_m_faust/PROJECTILE/005_m_faust_s_mon_faust_PROJECTILE_F03.png,no extra role PNG,unexpected role file,FAIL,NOT_CHECKED,mechanical INPUT↔OUTPUT check,REPACK
area_03,m_dark_stump,s_mon_dark_stump,RESULT_INFO,monsters/002_m_dark_stump_다크_스텀프/RESULT_INFO.md,required,missing,FAIL,NOT_CHECKED,mechanical INPUT↔OUTPUT check,REPACK
area_03,m_dark_stump,s_mon_dark_stump,PREVIEW,monsters/002_m_dark_stump_다크_스텀프/PREVIEW/labeled_preview.png,required labeled preview,missing,FAIL,NOT_CHECKED,mechanical INPUT↔OUTPUT check,REPACK
area_03,m_bubbling,s_mon_bubbling,RESULT_INFO,monsters/003_m_bubbling_버블링/RESULT_INFO.md,required,missing,FAIL,NOT_CHECKED,mechanical INPUT↔OUTPUT check,REPACK
area_03,m_bubbling,s_mon_bubbling,PREVIEW,monsters/003_m_bubbling_버블링/PREVIEW/labeled_preview.png,required labeled preview,missing,FAIL,NOT_CHECKED,mechanical INPUT↔OUTPUT check,REPACK
area_03,m_fairy,s_mon_fairy,RESULT_INFO,monsters/004_m_fairy_페어리/RESULT_INFO.md,required,missing,FAIL,NOT_CHECKED,mechanical INPUT↔OUTPUT check,REPACK
area_03,m_fairy,s_mon_fairy,PREVIEW,monsters/004_m_fairy_페어리/PREVIEW/labeled_preview.png,required labeled preview,missing,FAIL,NOT_CHECKED,mechanical INPUT↔OUTPUT check,REPACK
area_03,m_faust,s_mon_faust,RESULT_INFO,monsters/005_m_faust_파우스트/RESULT_INFO.md,required,missing,FAIL,NOT_CHECKED,mechanical INPUT↔OUTPUT check,REPACK
area_03,m_faust,s_mon_faust,PREVIEW,monsters/005_m_faust_파우스트/PREVIEW/labeled_preview.png,required labeled preview,missing,FAIL,NOT_CHECKED,mechanical INPUT↔OUTPUT check,REPACK
area_04,m_octopus,s_mon_octopus,ICON,monsters/001_m_octopus_옥토퍼스/ICON/001_m_octopus_s_mon_octopus_ICON.png,required file,missing,FAIL,NOT_CHECKED,mechanical INPUT↔OUTPUT check,REPACK
area_04,m_octopus,s_mon_octopus,CAST_VFX,monsters/001_m_octopus_옥토퍼스/CAST/001_m_octopus_s_mon_octopus_CAST_F00.png,required file,missing,FAIL,NOT_CHECKED,mechanical INPUT↔OUTPUT check,REPACK
area_04,m_octopus,s_mon_octopus,CAST_VFX,monsters/001_m_octopus_옥토퍼스/CAST/001_m_octopus_s_mon_octopus_CAST_F01.png,required file,missing,FAIL,NOT_CHECKED,mechanical INPUT↔OUTPUT check,REPACK
area_04,m_octopus,s_mon_octopus,CAST_VFX,monsters/001_m_octopus_옥토퍼스/CAST/001_m_octopus_s_mon_octopus_CAST_F02.png,required file,missing,FAIL,NOT_CHECKED,mechanical INPUT↔OUTPUT check,REPACK
area_04,m_octopus,s_mon_octopus,CAST_VFX,monsters/001_m_octopus_옥토퍼스/CAST/001_m_octopus_s_mon_octopus_CAST_F03.png,required file,missing,FAIL,NOT_CHECKED,mechanical INPUT↔OUTPUT check,REPACK
area_04,m_octopus,s_mon_octopus,CAST_VFX,monsters/001_m_octopus_옥토퍼스/CAST/001_m_octopus_s_mon_octopus_CAST_F04.png,required file,missing,FAIL,NOT_CHECKED,mechanical INPUT↔OUTPUT check,REPACK
area_04,m_octopus,s_mon_octopus,CAST_VFX,monsters/001_m_octopus_옥토퍼스/CAST/001_m_octopus_s_mon_octopus_CAST_F05.png,required file,missing,FAIL,NOT_CHECKED,mechanical INPUT↔OUTPUT check,REPACK
area_04,m_octopus,s_mon_octopus,CAST_VFX,monsters/001_m_octopus_옥토퍼스/CAST/001_m_octopus_s_mon_octopus_CAST_F06.png,required file,missing,FAIL,NOT_CHECKED,mechanical INPUT↔OUTPUT check,REPACK
area_04,m_octopus,s_mon_octopus,CAST_VFX,monsters/001_m_octopus_옥토퍼스/CAST/001_m_octopus_s_mon_octopus_CAST_F07.png,required file,missing,FAIL,NOT_CHECKED,mechanical INPUT↔OUTPUT check,REPACK
area_04,m_stirge,s_mon_stirge,ICON,monsters/002_m_stirge_스티지/ICON/002_m_stirge_s_mon_stirge_ICON.png,required file,missing,FAIL,NOT_CHECKED,mechanical INPUT↔OUTPUT check,REPACK
area_04,m_stirge,s_mon_stirge,REFERENCE_VFX,monsters/002_m_stirge_스티지/REFERENCE/002_m_stirge_s_mon_stirge_REFERENCE_F00.png,required file,missing,FAIL,NOT_CHECKED,mechanical INPUT↔OUTPUT check,REPACK
area_04,m_stirge,s_mon_stirge,REFERENCE_VFX,monsters/002_m_stirge_스티지/REFERENCE/002_m_stirge_s_mon_stirge_REFERENCE_F01.png,required file,missing,FAIL,NOT_CHECKED,mechanical INPUT↔OUTPUT check,REPACK
area_04,m_stirge,s_mon_stirge,REFERENCE_VFX,monsters/002_m_stirge_스티지/REFERENCE/002_m_stirge_s_mon_stirge_REFERENCE_F02.png,required file,missing,FAIL,NOT_CHECKED,mechanical INPUT↔OUTPUT check,REPACK
area_04,m_stirge,s_mon_stirge,REFERENCE_VFX,monsters/002_m_stirge_스티지/REFERENCE/002_m_stirge_s_mon_stirge_REFERENCE_F03.png,required file,missing,FAIL,NOT_CHECKED,mechanical INPUT↔OUTPUT check,REPACK
area_04,m_stirge,s_mon_stirge,REFERENCE_VFX,monsters/002_m_stirge_스티지/REFERENCE/002_m_stirge_s_mon_stirge_REFERENCE_F04.png,required file,missing,FAIL,NOT_CHECKED,mechanical INPUT↔OUTPUT check,REPACK
area_04,m_stirge,s_mon_stirge,REFERENCE_VFX,monsters/002_m_stirge_스티지/REFERENCE/002_m_stirge_s_mon_stirge_REFERENCE_F05.png,required file,missing,FAIL,NOT_CHECKED,mechanical INPUT↔OUTPUT check,REPACK
area_04,m_jr_wraith,s_mon_jr_wraith,ICON,monsters/003_m_jr_wraith_주니어_레이스/ICON/003_m_jr_wraith_s_mon_jr_wraith_ICON.png,required file,missing,FAIL,NOT_CHECKED,mechanical INPUT↔OUTPUT check,REPACK
area_04,m_jr_wraith,s_mon_jr_wraith,CAST_VFX,monsters/003_m_jr_wraith_주니어_레이스/CAST/003_m_jr_wraith_s_mon_jr_wraith_CAST_F00.png,required file,missing,FAIL,NOT_CHECKED,mechanical INPUT↔OUTPUT check,REPACK
area_04,m_jr_wraith,s_mon_jr_wraith,CAST_VFX,monsters/003_m_jr_wraith_주니어_레이스/CAST/003_m_jr_wraith_s_mon_jr_wraith_CAST_F01.png,required file,missing,FAIL,NOT_CHECKED,mechanical INPUT↔OUTPUT check,REPACK
area_04,m_jr_wraith,s_mon_jr_wraith,CAST_VFX,monsters/003_m_jr_wraith_주니어_레이스/CAST/003_m_jr_wraith_s_mon_jr_wraith_CAST_F02.png,required file,missing,FAIL,NOT_CHECKED,mechanical INPUT↔OUTPUT check,REPACK
area_04,m_jr_wraith,s_mon_jr_wraith,CAST_VFX,monsters/003_m_jr_wraith_주니어_레이스/CAST/003_m_jr_wraith_s_mon_jr_wraith_CAST_F03.png,required file,missing,FAIL,NOT_CHECKED,mechanical INPUT↔OUTPUT check,REPACK
area_04,m_jr_wraith,s_mon_jr_wraith,CAST_VFX,monsters/003_m_jr_wraith_주니어_레이스/CAST/003_m_jr_wraith_s_mon_jr_wraith_CAST_F04.png,required file,missing,FAIL,NOT_CHECKED,mechanical INPUT↔OUTPUT check,REPACK
area_04,m_jr_wraith,s_mon_jr_wraith,CAST_VFX,monsters/003_m_jr_wraith_주니어_레이스/CAST/003_m_jr_wraith_s_mon_jr_wraith_CAST_F05.png,required file,missing,FAIL,NOT_CHECKED,mechanical INPUT↔OUTPUT check,REPACK
area_04,m_jr_wraith,s_mon_jr_wraith,CAST_VFX,monsters/003_m_jr_wraith_주니어_레이스/CAST/003_m_jr_wraith_s_mon_jr_wraith_CAST_F06.png,required file,missing,FAIL,NOT_CHECKED,mechanical INPUT↔OUTPUT check,REPACK
area_04,m_jr_wraith,s_mon_jr_wraith,CAST_VFX,monsters/003_m_jr_wraith_주니어_레이스/CAST/003_m_jr_wraith_s_mon_jr_wraith_CAST_F07.png,required file,missing,FAIL,NOT_CHECKED,mechanical INPUT↔OUTPUT check,REPACK
area_04,m_wraith,s_mon_wraith,ICON,monsters/004_m_wraith_레이스/ICON/004_m_wraith_s_mon_wraith_ICON.png,required file,missing,FAIL,NOT_CHECKED,mechanical INPUT↔OUTPUT check,REPACK
area_04,m_wraith,s_mon_wraith,REFERENCE_VFX,monsters/004_m_wraith_레이스/REFERENCE/004_m_wraith_s_mon_wraith_REFERENCE_F00.png,required file,missing,FAIL,NOT_CHECKED,mechanical INPUT↔OUTPUT check,REPACK
area_04,m_wraith,s_mon_wraith,REFERENCE_VFX,monsters/004_m_wraith_레이스/REFERENCE/004_m_wraith_s_mon_wraith_REFERENCE_F01.png,required file,missing,FAIL,NOT_CHECKED,mechanical INPUT↔OUTPUT check,REPACK
area_04,m_wraith,s_mon_wraith,REFERENCE_VFX,monsters/004_m_wraith_레이스/REFERENCE/004_m_wraith_s_mon_wraith_REFERENCE_F02.png,required file,missing,FAIL,NOT_CHECKED,mechanical INPUT↔OUTPUT check,REPACK
area_04,m_wraith,s_mon_wraith,REFERENCE_VFX,monsters/004_m_wraith_레이스/REFERENCE/004_m_wraith_s_mon_wraith_REFERENCE_F03.png,required file,missing,FAIL,NOT_CHECKED,mechanical INPUT↔OUTPUT check,REPACK
area_04,m_wraith,s_mon_wraith,REFERENCE_VFX,monsters/004_m_wraith_레이스/REFERENCE/004_m_wraith_s_mon_wraith_REFERENCE_F04.png,required file,missing,FAIL,NOT_CHECKED,mechanical INPUT↔OUTPUT check,REPACK
area_04,m_wraith,s_mon_wraith,REFERENCE_VFX,monsters/004_m_wraith_레이스/REFERENCE/004_m_wraith_s_mon_wraith_REFERENCE_F05.png,required file,missing,FAIL,NOT_CHECKED,mechanical INPUT↔OUTPUT check,REPACK
area_04,m_shade,s_mon_shade,ICON,monsters/005_m_shade_셰이드/ICON/005_m_shade_s_mon_shade_ICON.png,required file,missing,FAIL,NOT_CHECKED,mechanical INPUT↔OUTPUT check,REPACK
area_04,m_shade,s_mon_shade,CAST_VFX,monsters/005_m_shade_셰이드/CAST/005_m_shade_s_mon_shade_CAST_F00.png,required file,missing,FAIL,NOT_CHECKED,mechanical INPUT↔OUTPUT check,REPACK
area_04,m_shade,s_mon_shade,CAST_VFX,monsters/005_m_shade_셰이드/CAST/005_m_shade_s_mon_shade_CAST_F01.png,required file,missing,FAIL,NOT_CHECKED,mechanical INPUT↔OUTPUT check,REPACK
area_04,m_shade,s_mon_shade,CAST_VFX,monsters/005_m_shade_셰이드/CAST/005_m_shade_s_mon_shade_CAST_F02.png,required file,missing,FAIL,NOT_CHECKED,mechanical INPUT↔OUTPUT check,REPACK
area_04,m_shade,s_mon_shade,CAST_VFX,monsters/005_m_shade_셰이드/CAST/005_m_shade_s_mon_shade_CAST_F03.png,required file,missing,FAIL,NOT_CHECKED,mechanical INPUT↔OUTPUT check,REPACK
area_04,m_shade,s_mon_shade,CAST_VFX,monsters/005_m_shade_셰이드/CAST/005_m_shade_s_mon_shade_CAST_F04.png,required file,missing,FAIL,NOT_CHECKED,mechanical INPUT↔OUTPUT check,REPACK
area_04,m_shade,s_mon_shade,CAST_VFX,monsters/005_m_shade_셰이드/CAST/005_m_shade_s_mon_shade_CAST_F05.png,required file,missing,FAIL,NOT_CHECKED,mechanical INPUT↔OUTPUT check,REPACK
area_04,m_shade,s_mon_shade,CAST_VFX,monsters/005_m_shade_셰이드/CAST/005_m_shade_s_mon_shade_CAST_F06.png,required file,missing,FAIL,NOT_CHECKED,mechanical INPUT↔OUTPUT check,REPACK
area_04,m_shade,s_mon_shade,CAST_VFX,monsters/005_m_shade_셰이드/CAST/005_m_shade_s_mon_shade_CAST_F07.png,required file,missing,FAIL,NOT_CHECKED,mechanical INPUT↔OUTPUT check,REPACK
area_04,m_shade,s_mon_shade,CAST_VFX,monsters/005_m_shade_셰이드/CAST/005_m_shade_s_mon_shade_CAST_F08.png,required file,missing,FAIL,NOT_CHECKED,mechanical INPUT↔OUTPUT check,REPACK
area_04,m_shade,s_mon_shade,CAST_VFX,monsters/005_m_shade_셰이드/CAST/005_m_shade_s_mon_shade_CAST_F09.png,required file,missing,FAIL,NOT_CHECKED,mechanical INPUT↔OUTPUT check,REPACK
area_04,m_shade,s_mon_shade,CAST_VFX,monsters/005_m_shade_셰이드/CAST/005_m_shade_s_mon_shade_CAST_F10.png,required file,missing,FAIL,NOT_CHECKED,mechanical INPUT↔OUTPUT check,REPACK
area_04,m_shade,s_mon_shade,CAST_VFX,monsters/005_m_shade_셰이드/CAST/005_m_shade_s_mon_shade_CAST_F11.png,required file,missing,FAIL,NOT_CHECKED,mechanical INPUT↔OUTPUT check,REPACK
area_04,,,UNEXPECTED,CAST/001_m_octopus_s_mon_octopus_CAST_F00.png,no extra role PNG,unexpected role file,FAIL,NOT_CHECKED,mechanical INPUT↔OUTPUT check,REPACK
area_04,,,UNEXPECTED,CAST/001_m_octopus_s_mon_octopus_CAST_F01.png,no extra role PNG,unexpected role file,FAIL,NOT_CHECKED,mechanical INPUT↔OUTPUT check,REPACK
area_04,,,UNEXPECTED,CAST/001_m_octopus_s_mon_octopus_CAST_F02.png,no extra role PNG,unexpected role file,FAIL,NOT_CHECKED,mechanical INPUT↔OUTPUT check,REPACK
area_04,,,UNEXPECTED,CAST/001_m_octopus_s_mon_octopus_CAST_F03.png,no extra role PNG,unexpected role file,FAIL,NOT_CHECKED,mechanical INPUT↔OUTPUT check,REPACK
area_04,,,UNEXPECTED,CAST/001_m_octopus_s_mon_octopus_CAST_F04.png,no extra role PNG,unexpected role file,FAIL,NOT_CHECKED,mechanical INPUT↔OUTPUT check,REPACK
area_04,,,UNEXPECTED,CAST/001_m_octopus_s_mon_octopus_CAST_F05.png,no extra role PNG,unexpected role file,FAIL,NOT_CHECKED,mechanical INPUT↔OUTPUT check,REPACK
area_04,,,UNEXPECTED,CAST/001_m_octopus_s_mon_octopus_CAST_F06.png,no extra role PNG,unexpected role file,FAIL,NOT_CHECKED,mechanical INPUT↔OUTPUT check,REPACK
area_04,,,UNEXPECTED,CAST/001_m_octopus_s_mon_octopus_CAST_F07.png,no extra role PNG,unexpected role file,FAIL,NOT_CHECKED,mechanical INPUT↔OUTPUT check,REPACK
area_04,,,UNEXPECTED,CAST/003_m_jr_wraith_s_mon_jr_wraith_CAST_F00.png,no extra role PNG,unexpected role file,FAIL,NOT_CHECKED,mechanical INPUT↔OUTPUT check,REPACK
area_04,,,UNEXPECTED,CAST/003_m_jr_wraith_s_mon_jr_wraith_CAST_F01.png,no extra role PNG,unexpected role file,FAIL,NOT_CHECKED,mechanical INPUT↔OUTPUT check,REPACK
area_04,,,UNEXPECTED,CAST/003_m_jr_wraith_s_mon_jr_wraith_CAST_F02.png,no extra role PNG,unexpected role file,FAIL,NOT_CHECKED,mechanical INPUT↔OUTPUT check,REPACK
area_04,,,UNEXPECTED,CAST/003_m_jr_wraith_s_mon_jr_wraith_CAST_F03.png,no extra role PNG,unexpected role file,FAIL,NOT_CHECKED,mechanical INPUT↔OUTPUT check,REPACK
area_04,,,UNEXPECTED,CAST/003_m_jr_wraith_s_mon_jr_wraith_CAST_F04.png,no extra role PNG,unexpected role file,FAIL,NOT_CHECKED,mechanical INPUT↔OUTPUT check,REPACK
area_04,,,UNEXPECTED,CAST/003_m_jr_wraith_s_mon_jr_wraith_CAST_F05.png,no extra role PNG,unexpected role file,FAIL,NOT_CHECKED,mechanical INPUT↔OUTPUT check,REPACK
area_04,,,UNEXPECTED,CAST/003_m_jr_wraith_s_mon_jr_wraith_CAST_F06.png,no extra role PNG,unexpected role file,FAIL,NOT_CHECKED,mechanical INPUT↔OUTPUT check,REPACK
area_04,,,UNEXPECTED,CAST/003_m_jr_wraith_s_mon_jr_wraith_CAST_F07.png,no extra role PNG,unexpected role file,FAIL,NOT_CHECKED,mechanical INPUT↔OUTPUT check,REPACK
area_04,,,UNEXPECTED,CAST/005_m_shade_s_mon_shade_CAST_F00.png,no extra role PNG,unexpected role file,FAIL,NOT_CHECKED,mechanical INPUT↔OUTPUT check,REPACK
area_04,,,UNEXPECTED,CAST/005_m_shade_s_mon_shade_CAST_F01.png,no extra role PNG,unexpected role file,FAIL,NOT_CHECKED,mechanical INPUT↔OUTPUT check,REPACK
area_04,,,UNEXPECTED,CAST/005_m_shade_s_mon_shade_CAST_F02.png,no extra role PNG,unexpected role file,FAIL,NOT_CHECKED,mechanical INPUT↔OUTPUT check,REPACK
area_04,,,UNEXPECTED,CAST/005_m_shade_s_mon_shade_CAST_F03.png,no extra role PNG,unexpected role file,FAIL,NOT_CHECKED,mechanical INPUT↔OUTPUT check,REPACK
area_04,,,UNEXPECTED,CAST/005_m_shade_s_mon_shade_CAST_F04.png,no extra role PNG,unexpected role file,FAIL,NOT_CHECKED,mechanical INPUT↔OUTPUT check,REPACK
area_04,,,UNEXPECTED,CAST/005_m_shade_s_mon_shade_CAST_F05.png,no extra role PNG,unexpected role file,FAIL,NOT_CHECKED,mechanical INPUT↔OUTPUT check,REPACK
area_04,,,UNEXPECTED,CAST/005_m_shade_s_mon_shade_CAST_F06.png,no extra role PNG,unexpected role file,FAIL,NOT_CHECKED,mechanical INPUT↔OUTPUT check,REPACK
area_04,,,UNEXPECTED,CAST/005_m_shade_s_mon_shade_CAST_F07.png,no extra role PNG,unexpected role file,FAIL,NOT_CHECKED,mechanical INPUT↔OUTPUT check,REPACK
area_04,,,UNEXPECTED,CAST/005_m_shade_s_mon_shade_CAST_F08.png,no extra role PNG,unexpected role file,FAIL,NOT_CHECKED,mechanical INPUT↔OUTPUT check,REPACK
area_04,,,UNEXPECTED,CAST/005_m_shade_s_mon_shade_CAST_F09.png,no extra role PNG,unexpected role file,FAIL,NOT_CHECKED,mechanical INPUT↔OUTPUT check,REPACK
area_04,,,UNEXPECTED,CAST/005_m_shade_s_mon_shade_CAST_F10.png,no extra role PNG,unexpected role file,FAIL,NOT_CHECKED,mechanical INPUT↔OUTPUT check,REPACK
area_04,,,UNEXPECTED,CAST/005_m_shade_s_mon_shade_CAST_F11.png,no extra role PNG,unexpected role file,FAIL,NOT_CHECKED,mechanical INPUT↔OUTPUT check,REPACK
area_04,,,UNEXPECTED,ICON/001_m_octopus_s_mon_octopus_ICON.png,no extra role PNG,unexpected role file,FAIL,NOT_CHECKED,mechanical INPUT↔OUTPUT check,REPACK
area_04,,,UNEXPECTED,ICON/002_m_stirge_s_mon_stirge_ICON.png,no extra role PNG,unexpected role file,FAIL,NOT_CHECKED,mechanical INPUT↔OUTPUT check,REPACK
area_04,,,UNEXPECTED,ICON/003_m_jr_wraith_s_mon_jr_wraith_ICON.png,no extra role PNG,unexpected role file,FAIL,NOT_CHECKED,mechanical INPUT↔OUTPUT check,REPACK
area_04,,,UNEXPECTED,ICON/004_m_wraith_s_mon_wraith_ICON.png,no extra role PNG,unexpected role file,FAIL,NOT_CHECKED,mechanical INPUT↔OUTPUT check,REPACK
area_04,,,UNEXPECTED,ICON/005_m_shade_s_mon_shade_ICON.png,no extra role PNG,unexpected role file,FAIL,NOT_CHECKED,mechanical INPUT↔OUTPUT check,REPACK
area_04,,,UNEXPECTED,REFERENCE/002_m_stirge_s_mon_stirge_REFERENCE_F00.png,no extra role PNG,unexpected role file,FAIL,NOT_CHECKED,mechanical INPUT↔OUTPUT check,REPACK
area_04,,,UNEXPECTED,REFERENCE/002_m_stirge_s_mon_stirge_REFERENCE_F01.png,no extra role PNG,unexpected role file,FAIL,NOT_CHECKED,mechanical INPUT↔OUTPUT check,REPACK
area_04,,,UNEXPECTED,REFERENCE/002_m_stirge_s_mon_stirge_REFERENCE_F02.png,no extra role PNG,unexpected role file,FAIL,NOT_CHECKED,mechanical INPUT↔OUTPUT check,REPACK
area_04,,,UNEXPECTED,REFERENCE/002_m_stirge_s_mon_stirge_REFERENCE_F03.png,no extra role PNG,unexpected role file,FAIL,NOT_CHECKED,mechanical INPUT↔OUTPUT check,REPACK
area_04,,,UNEXPECTED,REFERENCE/002_m_stirge_s_mon_stirge_REFERENCE_F04.png,no extra role PNG,unexpected role file,FAIL,NOT_CHECKED,mechanical INPUT↔OUTPUT check,REPACK
area_04,,,UNEXPECTED,REFERENCE/002_m_stirge_s_mon_stirge_REFERENCE_F05.png,no extra role PNG,unexpected role file,FAIL,NOT_CHECKED,mechanical INPUT↔OUTPUT check,REPACK
area_04,,,UNEXPECTED,REFERENCE/004_m_wraith_s_mon_wraith_REFERENCE_F00.png,no extra role PNG,unexpected role file,FAIL,NOT_CHECKED,mechanical INPUT↔OUTPUT check,REPACK
area_04,,,UNEXPECTED,REFERENCE/004_m_wraith_s_mon_wraith_REFERENCE_F01.png,no extra role PNG,unexpected role file,FAIL,NOT_CHECKED,mechanical INPUT↔OUTPUT check,REPACK
area_04,,,UNEXPECTED,REFERENCE/004_m_wraith_s_mon_wraith_REFERENCE_F02.png,no extra role PNG,unexpected role file,FAIL,NOT_CHECKED,mechanical INPUT↔OUTPUT check,REPACK
area_04,,,UNEXPECTED,REFERENCE/004_m_wraith_s_mon_wraith_REFERENCE_F03.png,no extra role PNG,unexpected role file,FAIL,NOT_CHECKED,mechanical INPUT↔OUTPUT check,REPACK
area_04,,,UNEXPECTED,REFERENCE/004_m_wraith_s_mon_wraith_REFERENCE_F04.png,no extra role PNG,unexpected role file,FAIL,NOT_CHECKED,mechanical INPUT↔OUTPUT check,REPACK
area_04,,,UNEXPECTED,REFERENCE/004_m_wraith_s_mon_wraith_REFERENCE_F05.png,no extra role PNG,unexpected role file,FAIL,NOT_CHECKED,mechanical INPUT↔OUTPUT check,REPACK
area_04,m_octopus,s_mon_octopus,RESULT_INFO,monsters/001_m_octopus_옥토퍼스/RESULT_INFO.md,required,missing,FAIL,NOT_CHECKED,mechanical INPUT↔OUTPUT check,REPACK
area_04,m_octopus,s_mon_octopus,PREVIEW,monsters/001_m_octopus_옥토퍼스/PREVIEW/labeled_preview.png,required labeled preview,missing,FAIL,NOT_CHECKED,mechanical INPUT↔OUTPUT check,REPACK
area_04,m_stirge,s_mon_stirge,RESULT_INFO,monsters/002_m_stirge_스티지/RESULT_INFO.md,required,missing,FAIL,NOT_CHECKED,mechanical INPUT↔OUTPUT check,REPACK
area_04,m_stirge,s_mon_stirge,PREVIEW,monsters/002_m_stirge_스티지/PREVIEW/labeled_preview.png,required labeled preview,missing,FAIL,NOT_CHECKED,mechanical INPUT↔OUTPUT check,REPACK
area_04,m_jr_wraith,s_mon_jr_wraith,RESULT_INFO,monsters/003_m_jr_wraith_주니어_레이스/RESULT_INFO.md,required,missing,FAIL,NOT_CHECKED,mechanical INPUT↔OUTPUT check,REPACK
area_04,m_jr_wraith,s_mon_jr_wraith,PREVIEW,monsters/003_m_jr_wraith_주니어_레이스/PREVIEW/labeled_preview.png,required labeled preview,missing,FAIL,NOT_CHECKED,mechanical INPUT↔OUTPUT check,REPACK
area_04,m_wraith,s_mon_wraith,RESULT_INFO,monsters/004_m_wraith_레이스/RESULT_INFO.md,required,missing,FAIL,NOT_CHECKED,mechanical INPUT↔OUTPUT check,REPACK
area_04,m_wraith,s_mon_wraith,PREVIEW,monsters/004_m_wraith_레이스/PREVIEW/labeled_preview.png,required labeled preview,missing,FAIL,NOT_CHECKED,mechanical INPUT↔OUTPUT check,REPACK
area_04,m_shade,s_mon_shade,RESULT_INFO,monsters/005_m_shade_셰이드/RESULT_INFO.md,required,missing,FAIL,NOT_CHECKED,mechanical INPUT↔OUTPUT check,REPACK
area_04,m_shade,s_mon_shade,PREVIEW,monsters/005_m_shade_셰이드/PREVIEW/labeled_preview.png,required labeled preview,missing,FAIL,NOT_CHECKED,mechanical INPUT↔OUTPUT check,REPACK
area_05,m_ribbon_pig,s_mon_ribbon_pig,ICON,monsters/001_m_ribbon_pig_리본_돼지/ICON/001_m_ribbon_pig_s_mon_ribbon_pig_ICON.png,required file,missing,FAIL,NOT_CHECKED,mechanical INPUT↔OUTPUT check,REPACK
area_05,m_ribbon_pig,s_mon_ribbon_pig,CAST_VFX,monsters/001_m_ribbon_pig_리본_돼지/CAST/001_m_ribbon_pig_s_mon_ribbon_pig_CAST_F00.png,required file,missing,FAIL,NOT_CHECKED,mechanical INPUT↔OUTPUT check,REPACK
area_05,m_ribbon_pig,s_mon_ribbon_pig,CAST_VFX,monsters/001_m_ribbon_pig_리본_돼지/CAST/001_m_ribbon_pig_s_mon_ribbon_pig_CAST_F01.png,required file,missing,FAIL,NOT_CHECKED,mechanical INPUT↔OUTPUT check,REPACK
area_05,m_ribbon_pig,s_mon_ribbon_pig,CAST_VFX,monsters/001_m_ribbon_pig_리본_돼지/CAST/001_m_ribbon_pig_s_mon_ribbon_pig_CAST_F02.png,required file,missing,FAIL,NOT_CHECKED,mechanical INPUT↔OUTPUT check,REPACK
area_05,m_ribbon_pig,s_mon_ribbon_pig,CAST_VFX,monsters/001_m_ribbon_pig_리본_돼지/CAST/001_m_ribbon_pig_s_mon_ribbon_pig_CAST_F03.png,required file,missing,FAIL,NOT_CHECKED,mechanical INPUT↔OUTPUT check,REPACK
area_05,m_ribbon_pig,s_mon_ribbon_pig,CAST_VFX,monsters/001_m_ribbon_pig_리본_돼지/CAST/001_m_ribbon_pig_s_mon_ribbon_pig_CAST_F04.png,required file,missing,FAIL,NOT_CHECKED,mechanical INPUT↔OUTPUT check,REPACK
area_05,m_ribbon_pig,s_mon_ribbon_pig,CAST_VFX,monsters/001_m_ribbon_pig_리본_돼지/CAST/001_m_ribbon_pig_s_mon_ribbon_pig_CAST_F05.png,required file,missing,FAIL,NOT_CHECKED,mechanical INPUT↔OUTPUT check,REPACK
area_05,m_ribbon_pig,s_mon_ribbon_pig,CAST_VFX,monsters/001_m_ribbon_pig_리본_돼지/CAST/001_m_ribbon_pig_s_mon_ribbon_pig_CAST_F06.png,required file,missing,FAIL,NOT_CHECKED,mechanical INPUT↔OUTPUT check,REPACK
area_05,m_ribbon_pig,s_mon_ribbon_pig,CAST_VFX,monsters/001_m_ribbon_pig_리본_돼지/CAST/001_m_ribbon_pig_s_mon_ribbon_pig_CAST_F07.png,required file,missing,FAIL,NOT_CHECKED,mechanical INPUT↔OUTPUT check,REPACK
area_05,m_blue_pig,s_mon_blue_pig,ICON,monsters/002_m_blue_pig_파란_리본돼지/ICON/002_m_blue_pig_s_mon_blue_pig_ICON.png,required file,missing,FAIL,NOT_CHECKED,mechanical INPUT↔OUTPUT check,REPACK
area_05,m_blue_pig,s_mon_blue_pig,REFERENCE_VFX,monsters/002_m_blue_pig_파란_리본돼지/REFERENCE/002_m_blue_pig_s_mon_blue_pig_REFERENCE_F00.png,required file,missing,FAIL,NOT_CHECKED,mechanical INPUT↔OUTPUT check,REPACK
area_05,m_blue_pig,s_mon_blue_pig,REFERENCE_VFX,monsters/002_m_blue_pig_파란_리본돼지/REFERENCE/002_m_blue_pig_s_mon_blue_pig_REFERENCE_F01.png,required file,missing,FAIL,NOT_CHECKED,mechanical INPUT↔OUTPUT check,REPACK
area_05,m_blue_pig,s_mon_blue_pig,REFERENCE_VFX,monsters/002_m_blue_pig_파란_리본돼지/REFERENCE/002_m_blue_pig_s_mon_blue_pig_REFERENCE_F02.png,required file,missing,FAIL,NOT_CHECKED,mechanical INPUT↔OUTPUT check,REPACK
area_05,m_blue_pig,s_mon_blue_pig,REFERENCE_VFX,monsters/002_m_blue_pig_파란_리본돼지/REFERENCE/002_m_blue_pig_s_mon_blue_pig_REFERENCE_F03.png,required file,missing,FAIL,NOT_CHECKED,mechanical INPUT↔OUTPUT check,REPACK
area_05,m_blue_pig,s_mon_blue_pig,REFERENCE_VFX,monsters/002_m_blue_pig_파란_리본돼지/REFERENCE/002_m_blue_pig_s_mon_blue_pig_REFERENCE_F04.png,required file,missing,FAIL,NOT_CHECKED,mechanical INPUT↔OUTPUT check,REPACK
area_05,m_blue_pig,s_mon_blue_pig,REFERENCE_VFX,monsters/002_m_blue_pig_파란_리본돼지/REFERENCE/002_m_blue_pig_s_mon_blue_pig_REFERENCE_F05.png,required file,missing,FAIL,NOT_CHECKED,mechanical INPUT↔OUTPUT check,REPACK
area_05,m_starfish,s_mon_starfish,ICON,monsters/003_m_starfish_불가사리/ICON/003_m_starfish_s_mon_starfish_ICON.png,required file,missing,FAIL,NOT_CHECKED,mechanical INPUT↔OUTPUT check,REPACK
area_05,m_starfish,s_mon_starfish,CAST_VFX,monsters/003_m_starfish_불가사리/CAST/003_m_starfish_s_mon_starfish_CAST_F00.png,required file,missing,FAIL,NOT_CHECKED,mechanical INPUT↔OUTPUT check,REPACK
area_05,m_starfish,s_mon_starfish,CAST_VFX,monsters/003_m_starfish_불가사리/CAST/003_m_starfish_s_mon_starfish_CAST_F01.png,required file,missing,FAIL,NOT_CHECKED,mechanical INPUT↔OUTPUT check,REPACK
area_05,m_starfish,s_mon_starfish,CAST_VFX,monsters/003_m_starfish_불가사리/CAST/003_m_starfish_s_mon_starfish_CAST_F02.png,required file,missing,FAIL,NOT_CHECKED,mechanical INPUT↔OUTPUT check,REPACK
area_05,m_starfish,s_mon_starfish,CAST_VFX,monsters/003_m_starfish_불가사리/CAST/003_m_starfish_s_mon_starfish_CAST_F03.png,required file,missing,FAIL,NOT_CHECKED,mechanical INPUT↔OUTPUT check,REPACK
area_05,m_starfish,s_mon_starfish,CAST_VFX,monsters/003_m_starfish_불가사리/CAST/003_m_starfish_s_mon_starfish_CAST_F04.png,required file,missing,FAIL,NOT_CHECKED,mechanical INPUT↔OUTPUT check,REPACK
area_05,m_starfish,s_mon_starfish,CAST_VFX,monsters/003_m_starfish_불가사리/CAST/003_m_starfish_s_mon_starfish_CAST_F05.png,required file,missing,FAIL,NOT_CHECKED,mechanical INPUT↔OUTPUT check,REPACK
area_05,m_starfish,s_mon_starfish,CAST_VFX,monsters/003_m_starfish_불가사리/CAST/003_m_starfish_s_mon_starfish_CAST_F06.png,required file,missing,FAIL,NOT_CHECKED,mechanical INPUT↔OUTPUT check,REPACK
area_05,m_starfish,s_mon_starfish,CAST_VFX,monsters/003_m_starfish_불가사리/CAST/003_m_starfish_s_mon_starfish_CAST_F07.png,required file,missing,FAIL,NOT_CHECKED,mechanical INPUT↔OUTPUT check,REPACK
area_05,m_jellyfish,s_mon_jellyfish,ICON,monsters/004_m_jellyfish_쿨_젤리피쉬/ICON/004_m_jellyfish_s_mon_jellyfish_ICON.png,required file,missing,FAIL,NOT_CHECKED,mechanical INPUT↔OUTPUT check,REPACK
area_05,m_jellyfish,s_mon_jellyfish,REFERENCE_VFX,monsters/004_m_jellyfish_쿨_젤리피쉬/REFERENCE/004_m_jellyfish_s_mon_jellyfish_REFERENCE_F00.png,required file,missing,FAIL,NOT_CHECKED,mechanical INPUT↔OUTPUT check,REPACK
area_05,m_jellyfish,s_mon_jellyfish,REFERENCE_VFX,monsters/004_m_jellyfish_쿨_젤리피쉬/REFERENCE/004_m_jellyfish_s_mon_jellyfish_REFERENCE_F01.png,required file,missing,FAIL,NOT_CHECKED,mechanical INPUT↔OUTPUT check,REPACK
area_05,m_jellyfish,s_mon_jellyfish,REFERENCE_VFX,monsters/004_m_jellyfish_쿨_젤리피쉬/REFERENCE/004_m_jellyfish_s_mon_jellyfish_REFERENCE_F02.png,required file,missing,FAIL,NOT_CHECKED,mechanical INPUT↔OUTPUT check,REPACK
area_05,m_jellyfish,s_mon_jellyfish,REFERENCE_VFX,monsters/004_m_jellyfish_쿨_젤리피쉬/REFERENCE/004_m_jellyfish_s_mon_jellyfish_REFERENCE_F03.png,required file,missing,FAIL,NOT_CHECKED,mechanical INPUT↔OUTPUT check,REPACK
area_05,m_jellyfish,s_mon_jellyfish,REFERENCE_VFX,monsters/004_m_jellyfish_쿨_젤리피쉬/REFERENCE/004_m_jellyfish_s_mon_jellyfish_REFERENCE_F04.png,required file,missing,FAIL,NOT_CHECKED,mechanical INPUT↔OUTPUT check,REPACK
area_05,m_jellyfish,s_mon_jellyfish,REFERENCE_VFX,monsters/004_m_jellyfish_쿨_젤리피쉬/REFERENCE/004_m_jellyfish_s_mon_jellyfish_REFERENCE_F05.png,required file,missing,FAIL,NOT_CHECKED,mechanical INPUT↔OUTPUT check,REPACK
area_05,m_king_clang,s_mon_king_clang,ICON,monsters/005_m_king_clang_킹크랑/ICON/005_m_king_clang_s_mon_king_clang_ICON.png,required file,missing,FAIL,NOT_CHECKED,mechanical INPUT↔OUTPUT check,REPACK
area_05,m_king_clang,s_mon_king_clang,CAST_VFX,monsters/005_m_king_clang_킹크랑/CAST/005_m_king_clang_s_mon_king_clang_CAST_F00.png,required file,missing,FAIL,NOT_CHECKED,mechanical INPUT↔OUTPUT check,REPACK
area_05,m_king_clang,s_mon_king_clang,CAST_VFX,monsters/005_m_king_clang_킹크랑/CAST/005_m_king_clang_s_mon_king_clang_CAST_F01.png,required file,missing,FAIL,NOT_CHECKED,mechanical INPUT↔OUTPUT check,REPACK
area_05,m_king_clang,s_mon_king_clang,CAST_VFX,monsters/005_m_king_clang_킹크랑/CAST/005_m_king_clang_s_mon_king_clang_CAST_F02.png,required file,missing,FAIL,NOT_CHECKED,mechanical INPUT↔OUTPUT check,REPACK
area_05,m_king_clang,s_mon_king_clang,CAST_VFX,monsters/005_m_king_clang_킹크랑/CAST/005_m_king_clang_s_mon_king_clang_CAST_F03.png,required file,missing,FAIL,NOT_CHECKED,mechanical INPUT↔OUTPUT check,REPACK
area_05,m_king_clang,s_mon_king_clang,CAST_VFX,monsters/005_m_king_clang_킹크랑/CAST/005_m_king_clang_s_mon_king_clang_CAST_F04.png,required file,missing,FAIL,NOT_CHECKED,mechanical INPUT↔OUTPUT check,REPACK
area_05,m_king_clang,s_mon_king_clang,CAST_VFX,monsters/005_m_king_clang_킹크랑/CAST/005_m_king_clang_s_mon_king_clang_CAST_F05.png,required file,missing,FAIL,NOT_CHECKED,mechanical INPUT↔OUTPUT check,REPACK
area_05,m_king_clang,s_mon_king_clang,CAST_VFX,monsters/005_m_king_clang_킹크랑/CAST/005_m_king_clang_s_mon_king_clang_CAST_F06.png,required file,missing,FAIL,NOT_CHECKED,mechanical INPUT↔OUTPUT check,REPACK
area_05,m_king_clang,s_mon_king_clang,CAST_VFX,monsters/005_m_king_clang_킹크랑/CAST/005_m_king_clang_s_mon_king_clang_CAST_F07.png,required file,missing,FAIL,NOT_CHECKED,mechanical INPUT↔OUTPUT check,REPACK
area_05,m_king_clang,s_mon_king_clang,CAST_VFX,monsters/005_m_king_clang_킹크랑/CAST/005_m_king_clang_s_mon_king_clang_CAST_F08.png,required file,missing,FAIL,NOT_CHECKED,mechanical INPUT↔OUTPUT check,REPACK
area_05,m_king_clang,s_mon_king_clang,CAST_VFX,monsters/005_m_king_clang_킹크랑/CAST/005_m_king_clang_s_mon_king_clang_CAST_F09.png,required file,missing,FAIL,NOT_CHECKED,mechanical INPUT↔OUTPUT check,REPACK
area_05,m_king_clang,s_mon_king_clang,CAST_VFX,monsters/005_m_king_clang_킹크랑/CAST/005_m_king_clang_s_mon_king_clang_CAST_F10.png,required file,missing,FAIL,NOT_CHECKED,mechanical INPUT↔OUTPUT check,REPACK
area_05,m_king_clang,s_mon_king_clang,CAST_VFX,monsters/005_m_king_clang_킹크랑/CAST/005_m_king_clang_s_mon_king_clang_CAST_F11.png,required file,missing,FAIL,NOT_CHECKED,mechanical INPUT↔OUTPUT check,REPACK
area_05,,,UNEXPECTED,CAST/001_m_ribbon_pig_s_mon_ribbon_pig_CAST_F00.png,no extra role PNG,unexpected role file,FAIL,NOT_CHECKED,mechanical INPUT↔OUTPUT check,REPACK
area_05,,,UNEXPECTED,CAST/001_m_ribbon_pig_s_mon_ribbon_pig_CAST_F01.png,no extra role PNG,unexpected role file,FAIL,NOT_CHECKED,mechanical INPUT↔OUTPUT check,REPACK
area_05,,,UNEXPECTED,CAST/001_m_ribbon_pig_s_mon_ribbon_pig_CAST_F02.png,no extra role PNG,unexpected role file,FAIL,NOT_CHECKED,mechanical INPUT↔OUTPUT check,REPACK
area_05,,,UNEXPECTED,CAST/001_m_ribbon_pig_s_mon_ribbon_pig_CAST_F03.png,no extra role PNG,unexpected role file,FAIL,NOT_CHECKED,mechanical INPUT↔OUTPUT check,REPACK
area_05,,,UNEXPECTED,CAST/001_m_ribbon_pig_s_mon_ribbon_pig_CAST_F04.png,no extra role PNG,unexpected role file,FAIL,NOT_CHECKED,mechanical INPUT↔OUTPUT check,REPACK
area_05,,,UNEXPECTED,CAST/001_m_ribbon_pig_s_mon_ribbon_pig_CAST_F05.png,no extra role PNG,unexpected role file,FAIL,NOT_CHECKED,mechanical INPUT↔OUTPUT check,REPACK
area_05,,,UNEXPECTED,CAST/001_m_ribbon_pig_s_mon_ribbon_pig_CAST_F06.png,no extra role PNG,unexpected role file,FAIL,NOT_CHECKED,mechanical INPUT↔OUTPUT check,REPACK
area_05,,,UNEXPECTED,CAST/001_m_ribbon_pig_s_mon_ribbon_pig_CAST_F07.png,no extra role PNG,unexpected role file,FAIL,NOT_CHECKED,mechanical INPUT↔OUTPUT check,REPACK
area_05,,,UNEXPECTED,CAST/003_m_starfish_s_mon_starfish_CAST_F00.png,no extra role PNG,unexpected role file,FAIL,NOT_CHECKED,mechanical INPUT↔OUTPUT check,REPACK
area_05,,,UNEXPECTED,CAST/003_m_starfish_s_mon_starfish_CAST_F01.png,no extra role PNG,unexpected role file,FAIL,NOT_CHECKED,mechanical INPUT↔OUTPUT check,REPACK
area_05,,,UNEXPECTED,CAST/003_m_starfish_s_mon_starfish_CAST_F02.png,no extra role PNG,unexpected role file,FAIL,NOT_CHECKED,mechanical INPUT↔OUTPUT check,REPACK
area_05,,,UNEXPECTED,CAST/003_m_starfish_s_mon_starfish_CAST_F03.png,no extra role PNG,unexpected role file,FAIL,NOT_CHECKED,mechanical INPUT↔OUTPUT check,REPACK
area_05,,,UNEXPECTED,CAST/003_m_starfish_s_mon_starfish_CAST_F04.png,no extra role PNG,unexpected role file,FAIL,NOT_CHECKED,mechanical INPUT↔OUTPUT check,REPACK
area_05,,,UNEXPECTED,CAST/003_m_starfish_s_mon_starfish_CAST_F05.png,no extra role PNG,unexpected role file,FAIL,NOT_CHECKED,mechanical INPUT↔OUTPUT check,REPACK
area_05,,,UNEXPECTED,CAST/003_m_starfish_s_mon_starfish_CAST_F06.png,no extra role PNG,unexpected role file,FAIL,NOT_CHECKED,mechanical INPUT↔OUTPUT check,REPACK
area_05,,,UNEXPECTED,CAST/003_m_starfish_s_mon_starfish_CAST_F07.png,no extra role PNG,unexpected role file,FAIL,NOT_CHECKED,mechanical INPUT↔OUTPUT check,REPACK
area_05,,,UNEXPECTED,CAST/005_m_king_clang_s_mon_king_clang_CAST_F00.png,no extra role PNG,unexpected role file,FAIL,NOT_CHECKED,mechanical INPUT↔OUTPUT check,REPACK
area_05,,,UNEXPECTED,CAST/005_m_king_clang_s_mon_king_clang_CAST_F01.png,no extra role PNG,unexpected role file,FAIL,NOT_CHECKED,mechanical INPUT↔OUTPUT check,REPACK
area_05,,,UNEXPECTED,CAST/005_m_king_clang_s_mon_king_clang_CAST_F02.png,no extra role PNG,unexpected role file,FAIL,NOT_CHECKED,mechanical INPUT↔OUTPUT check,REPACK
area_05,,,UNEXPECTED,CAST/005_m_king_clang_s_mon_king_clang_CAST_F03.png,no extra role PNG,unexpected role file,FAIL,NOT_CHECKED,mechanical INPUT↔OUTPUT check,REPACK
area_05,,,UNEXPECTED,CAST/005_m_king_clang_s_mon_king_clang_CAST_F04.png,no extra role PNG,unexpected role file,FAIL,NOT_CHECKED,mechanical INPUT↔OUTPUT check,REPACK
area_05,,,UNEXPECTED,CAST/005_m_king_clang_s_mon_king_clang_CAST_F05.png,no extra role PNG,unexpected role file,FAIL,NOT_CHECKED,mechanical INPUT↔OUTPUT check,REPACK
area_05,,,UNEXPECTED,CAST/005_m_king_clang_s_mon_king_clang_CAST_F06.png,no extra role PNG,unexpected role file,FAIL,NOT_CHECKED,mechanical INPUT↔OUTPUT check,REPACK
area_05,,,UNEXPECTED,CAST/005_m_king_clang_s_mon_king_clang_CAST_F07.png,no extra role PNG,unexpected role file,FAIL,NOT_CHECKED,mechanical INPUT↔OUTPUT check,REPACK
area_05,,,UNEXPECTED,CAST/005_m_king_clang_s_mon_king_clang_CAST_F08.png,no extra role PNG,unexpected role file,FAIL,NOT_CHECKED,mechanical INPUT↔OUTPUT check,REPACK
area_05,,,UNEXPECTED,CAST/005_m_king_clang_s_mon_king_clang_CAST_F09.png,no extra role PNG,unexpected role file,FAIL,NOT_CHECKED,mechanical INPUT↔OUTPUT check,REPACK
area_05,,,UNEXPECTED,CAST/005_m_king_clang_s_mon_king_clang_CAST_F10.png,no extra role PNG,unexpected role file,FAIL,NOT_CHECKED,mechanical INPUT↔OUTPUT check,REPACK
area_05,,,UNEXPECTED,CAST/005_m_king_clang_s_mon_king_clang_CAST_F11.png,no extra role PNG,unexpected role file,FAIL,NOT_CHECKED,mechanical INPUT↔OUTPUT check,REPACK
area_05,,,UNEXPECTED,ICON/001_m_ribbon_pig_s_mon_ribbon_pig_ICON.png,no extra role PNG,unexpected role file,FAIL,NOT_CHECKED,mechanical INPUT↔OUTPUT check,REPACK
area_05,,,UNEXPECTED,ICON/002_m_blue_pig_s_mon_blue_pig_ICON.png,no extra role PNG,unexpected role file,FAIL,NOT_CHECKED,mechanical INPUT↔OUTPUT check,REPACK
area_05,,,UNEXPECTED,ICON/003_m_starfish_s_mon_starfish_ICON.png,no extra role PNG,unexpected role file,FAIL,NOT_CHECKED,mechanical INPUT↔OUTPUT check,REPACK
area_05,,,UNEXPECTED,ICON/004_m_jellyfish_s_mon_jellyfish_ICON.png,no extra role PNG,unexpected role file,FAIL,NOT_CHECKED,mechanical INPUT↔OUTPUT check,REPACK
area_05,,,UNEXPECTED,ICON/005_m_king_clang_s_mon_king_clang_ICON.png,no extra role PNG,unexpected role file,FAIL,NOT_CHECKED,mechanical INPUT↔OUTPUT check,REPACK
area_05,,,UNEXPECTED,REFERENCE/002_m_blue_pig_s_mon_blue_pig_REFERENCE_F00.png,no extra role PNG,unexpected role file,FAIL,NOT_CHECKED,mechanical INPUT↔OUTPUT check,REPACK
area_05,,,UNEXPECTED,REFERENCE/002_m_blue_pig_s_mon_blue_pig_REFERENCE_F01.png,no extra role PNG,unexpected role file,FAIL,NOT_CHECKED,mechanical INPUT↔OUTPUT check,REPACK
area_05,,,UNEXPECTED,REFERENCE/002_m_blue_pig_s_mon_blue_pig_REFERENCE_F02.png,no extra role PNG,unexpected role file,FAIL,NOT_CHECKED,mechanical INPUT↔OUTPUT check,REPACK
area_05,,,UNEXPECTED,REFERENCE/002_m_blue_pig_s_mon_blue_pig_REFERENCE_F03.png,no extra role PNG,unexpected role file,FAIL,NOT_CHECKED,mechanical INPUT↔OUTPUT check,REPACK
area_05,,,UNEXPECTED,REFERENCE/002_m_blue_pig_s_mon_blue_pig_REFERENCE_F04.png,no extra role PNG,unexpected role file,FAIL,NOT_CHECKED,mechanical INPUT↔OUTPUT check,REPACK
area_05,,,UNEXPECTED,REFERENCE/002_m_blue_pig_s_mon_blue_pig_REFERENCE_F05.png,no extra role PNG,unexpected role file,FAIL,NOT_CHECKED,mechanical INPUT↔OUTPUT check,REPACK
area_05,,,UNEXPECTED,REFERENCE/004_m_jellyfish_s_mon_jellyfish_REFERENCE_F00.png,no extra role PNG,unexpected role file,FAIL,NOT_CHECKED,mechanical INPUT↔OUTPUT check,REPACK
area_05,,,UNEXPECTED,REFERENCE/004_m_jellyfish_s_mon_jellyfish_REFERENCE_F01.png,no extra role PNG,unexpected role file,FAIL,NOT_CHECKED,mechanical INPUT↔OUTPUT check,REPACK
area_05,,,UNEXPECTED,REFERENCE/004_m_jellyfish_s_mon_jellyfish_REFERENCE_F02.png,no extra role PNG,unexpected role file,FAIL,NOT_CHECKED,mechanical INPUT↔OUTPUT check,REPACK
area_05,,,UNEXPECTED,REFERENCE/004_m_jellyfish_s_mon_jellyfish_REFERENCE_F03.png,no extra role PNG,unexpected role file,FAIL,NOT_CHECKED,mechanical INPUT↔OUTPUT check,REPACK
area_05,,,UNEXPECTED,REFERENCE/004_m_jellyfish_s_mon_jellyfish_REFERENCE_F04.png,no extra role PNG,unexpected role file,FAIL,NOT_CHECKED,mechanical INPUT↔OUTPUT check,REPACK
area_05,,,UNEXPECTED,REFERENCE/004_m_jellyfish_s_mon_jellyfish_REFERENCE_F05.png,no extra role PNG,unexpected role file,FAIL,NOT_CHECKED,mechanical INPUT↔OUTPUT check,REPACK
area_05,m_ribbon_pig,s_mon_ribbon_pig,RESULT_INFO,monsters/001_m_ribbon_pig_리본_돼지/RESULT_INFO.md,required,missing,FAIL,NOT_CHECKED,mechanical INPUT↔OUTPUT check,REPACK
area_05,m_ribbon_pig,s_mon_ribbon_pig,PREVIEW,monsters/001_m_ribbon_pig_리본_돼지/PREVIEW/labeled_preview.png,required labeled preview,missing,FAIL,NOT_CHECKED,mechanical INPUT↔OUTPUT check,REPACK
area_05,m_blue_pig,s_mon_blue_pig,RESULT_INFO,monsters/002_m_blue_pig_파란_리본돼지/RESULT_INFO.md,required,missing,FAIL,NOT_CHECKED,mechanical INPUT↔OUTPUT check,REPACK
area_05,m_blue_pig,s_mon_blue_pig,PREVIEW,monsters/002_m_blue_pig_파란_리본돼지/PREVIEW/labeled_preview.png,required labeled preview,missing,FAIL,NOT_CHECKED,mechanical INPUT↔OUTPUT check,REPACK
area_05,m_starfish,s_mon_starfish,RESULT_INFO,monsters/003_m_starfish_불가사리/RESULT_INFO.md,required,missing,FAIL,NOT_CHECKED,mechanical INPUT↔OUTPUT check,REPACK
area_05,m_starfish,s_mon_starfish,PREVIEW,monsters/003_m_starfish_불가사리/PREVIEW/labeled_preview.png,required labeled preview,missing,FAIL,NOT_CHECKED,mechanical INPUT↔OUTPUT check,REPACK
area_05,m_jellyfish,s_mon_jellyfish,RESULT_INFO,monsters/004_m_jellyfish_쿨_젤리피쉬/RESULT_INFO.md,required,missing,FAIL,NOT_CHECKED,mechanical INPUT↔OUTPUT check,REPACK
area_05,m_jellyfish,s_mon_jellyfish,PREVIEW,monsters/004_m_jellyfish_쿨_젤리피쉬/PREVIEW/labeled_preview.png,required labeled preview,missing,FAIL,NOT_CHECKED,mechanical INPUT↔OUTPUT check,REPACK
area_05,m_king_clang,s_mon_king_clang,RESULT_INFO,monsters/005_m_king_clang_킹크랑/RESULT_INFO.md,required,missing,FAIL,NOT_CHECKED,mechanical INPUT↔OUTPUT check,REPACK
area_05,m_king_clang,s_mon_king_clang,PREVIEW,monsters/005_m_king_clang_킹크랑/PREVIEW/labeled_preview.png,required labeled preview,missing,FAIL,NOT_CHECKED,mechanical INPUT↔OUTPUT check,REPACK
area_07,m_zombie_mushroom,s_mon_zombie_mushroom,ICON,monsters/001_m_zombie_mushroom_좀비버섯/ICON/001_m_zombie_mushroom_s_mon_zombie_mushroom_ICON.png,required file,missing,FAIL,NOT_CHECKED,mechanical INPUT↔OUTPUT check,REPACK
area_07,m_zombie_mushroom,s_mon_zombie_mushroom,REFERENCE_VFX,monsters/001_m_zombie_mushroom_좀비버섯/REFERENCE/001_m_zombie_mushroom_s_mon_zombie_mushroom_REFERENCE_F00.png,required file,missing,FAIL,NOT_CHECKED,mechanical INPUT↔OUTPUT check,REPACK
area_07,m_zombie_mushroom,s_mon_zombie_mushroom,REFERENCE_VFX,monsters/001_m_zombie_mushroom_좀비버섯/REFERENCE/001_m_zombie_mushroom_s_mon_zombie_mushroom_REFERENCE_F01.png,required file,missing,FAIL,NOT_CHECKED,mechanical INPUT↔OUTPUT check,REPACK
area_07,m_zombie_mushroom,s_mon_zombie_mushroom,REFERENCE_VFX,monsters/001_m_zombie_mushroom_좀비버섯/REFERENCE/001_m_zombie_mushroom_s_mon_zombie_mushroom_REFERENCE_F02.png,required file,missing,FAIL,NOT_CHECKED,mechanical INPUT↔OUTPUT check,REPACK
area_07,m_zombie_mushroom,s_mon_zombie_mushroom,REFERENCE_VFX,monsters/001_m_zombie_mushroom_좀비버섯/REFERENCE/001_m_zombie_mushroom_s_mon_zombie_mushroom_REFERENCE_F03.png,required file,missing,FAIL,NOT_CHECKED,mechanical INPUT↔OUTPUT check,REPACK
area_07,m_zombie_mushroom,s_mon_zombie_mushroom,REFERENCE_VFX,monsters/001_m_zombie_mushroom_좀비버섯/REFERENCE/001_m_zombie_mushroom_s_mon_zombie_mushroom_REFERENCE_F04.png,required file,missing,FAIL,NOT_CHECKED,mechanical INPUT↔OUTPUT check,REPACK
area_07,m_zombie_mushroom,s_mon_zombie_mushroom,REFERENCE_VFX,monsters/001_m_zombie_mushroom_좀비버섯/REFERENCE/001_m_zombie_mushroom_s_mon_zombie_mushroom_REFERENCE_F05.png,required file,missing,FAIL,NOT_CHECKED,mechanical INPUT↔OUTPUT check,REPACK
area_07,m_copper_drake,s_mon_copper_drake,ICON,monsters/002_m_copper_drake_카파_드레이크/ICON/002_m_copper_drake_s_mon_copper_drake_ICON.png,required file,missing,FAIL,NOT_CHECKED,mechanical INPUT↔OUTPUT check,REPACK
area_07,m_copper_drake,s_mon_copper_drake,REFERENCE_VFX,monsters/002_m_copper_drake_카파_드레이크/REFERENCE/002_m_copper_drake_s_mon_copper_drake_REFERENCE_F00.png,required file,missing,FAIL,NOT_CHECKED,mechanical INPUT↔OUTPUT check,REPACK
area_07,m_copper_drake,s_mon_copper_drake,REFERENCE_VFX,monsters/002_m_copper_drake_카파_드레이크/REFERENCE/002_m_copper_drake_s_mon_copper_drake_REFERENCE_F01.png,required file,missing,FAIL,NOT_CHECKED,mechanical INPUT↔OUTPUT check,REPACK
area_07,m_copper_drake,s_mon_copper_drake,REFERENCE_VFX,monsters/002_m_copper_drake_카파_드레이크/REFERENCE/002_m_copper_drake_s_mon_copper_drake_REFERENCE_F02.png,required file,missing,FAIL,NOT_CHECKED,mechanical INPUT↔OUTPUT check,REPACK
area_07,m_copper_drake,s_mon_copper_drake,REFERENCE_VFX,monsters/002_m_copper_drake_카파_드레이크/REFERENCE/002_m_copper_drake_s_mon_copper_drake_REFERENCE_F03.png,required file,missing,FAIL,NOT_CHECKED,mechanical INPUT↔OUTPUT check,REPACK
area_07,m_copper_drake,s_mon_copper_drake,REFERENCE_VFX,monsters/002_m_copper_drake_카파_드레이크/REFERENCE/002_m_copper_drake_s_mon_copper_drake_REFERENCE_F04.png,required file,missing,FAIL,NOT_CHECKED,mechanical INPUT↔OUTPUT check,REPACK
area_07,m_copper_drake,s_mon_copper_drake,REFERENCE_VFX,monsters/002_m_copper_drake_카파_드레이크/REFERENCE/002_m_copper_drake_s_mon_copper_drake_REFERENCE_F05.png,required file,missing,FAIL,NOT_CHECKED,mechanical INPUT↔OUTPUT check,REPACK
area_07,m_drake,s_mon_drake,ICON,monsters/003_m_drake_드레이크/ICON/003_m_drake_s_mon_drake_ICON.png,required file,missing,FAIL,NOT_CHECKED,mechanical INPUT↔OUTPUT check,REPACK
area_07,m_drake,s_mon_drake,CAST_VFX,monsters/003_m_drake_드레이크/CAST/003_m_drake_s_mon_drake_CAST_F00.png,required file,missing,FAIL,NOT_CHECKED,mechanical INPUT↔OUTPUT check,REPACK
area_07,m_drake,s_mon_drake,CAST_VFX,monsters/003_m_drake_드레이크/CAST/003_m_drake_s_mon_drake_CAST_F01.png,required file,missing,FAIL,NOT_CHECKED,mechanical INPUT↔OUTPUT check,REPACK
area_07,m_drake,s_mon_drake,CAST_VFX,monsters/003_m_drake_드레이크/CAST/003_m_drake_s_mon_drake_CAST_F02.png,required file,missing,FAIL,NOT_CHECKED,mechanical INPUT↔OUTPUT check,REPACK
area_07,m_drake,s_mon_drake,CAST_VFX,monsters/003_m_drake_드레이크/CAST/003_m_drake_s_mon_drake_CAST_F03.png,required file,missing,FAIL,NOT_CHECKED,mechanical INPUT↔OUTPUT check,REPACK
area_07,m_drake,s_mon_drake,CAST_VFX,monsters/003_m_drake_드레이크/CAST/003_m_drake_s_mon_drake_CAST_F04.png,required file,missing,FAIL,NOT_CHECKED,mechanical INPUT↔OUTPUT check,REPACK
area_07,m_drake,s_mon_drake,CAST_VFX,monsters/003_m_drake_드레이크/CAST/003_m_drake_s_mon_drake_CAST_F05.png,required file,missing,FAIL,NOT_CHECKED,mechanical INPUT↔OUTPUT check,REPACK
area_07,m_drake,s_mon_drake,CAST_VFX,monsters/003_m_drake_드레이크/CAST/003_m_drake_s_mon_drake_CAST_F06.png,required file,missing,FAIL,NOT_CHECKED,mechanical INPUT↔OUTPUT check,REPACK
area_07,m_drake,s_mon_drake,CAST_VFX,monsters/003_m_drake_드레이크/CAST/003_m_drake_s_mon_drake_CAST_F07.png,required file,missing,FAIL,NOT_CHECKED,mechanical INPUT↔OUTPUT check,REPACK
area_07,m_wild_kargo,s_mon_wild_kargo,ICON,monsters/004_m_wild_kargo_와일드카고/ICON/004_m_wild_kargo_s_mon_wild_kargo_ICON.png,required file,missing,FAIL,NOT_CHECKED,mechanical INPUT↔OUTPUT check,REPACK
area_07,m_wild_kargo,s_mon_wild_kargo,CAST_VFX,monsters/004_m_wild_kargo_와일드카고/CAST/004_m_wild_kargo_s_mon_wild_kargo_CAST_F00.png,required file,missing,FAIL,NOT_CHECKED,mechanical INPUT↔OUTPUT check,REPACK
area_07,m_wild_kargo,s_mon_wild_kargo,CAST_VFX,monsters/004_m_wild_kargo_와일드카고/CAST/004_m_wild_kargo_s_mon_wild_kargo_CAST_F01.png,required file,missing,FAIL,NOT_CHECKED,mechanical INPUT↔OUTPUT check,REPACK
area_07,m_wild_kargo,s_mon_wild_kargo,CAST_VFX,monsters/004_m_wild_kargo_와일드카고/CAST/004_m_wild_kargo_s_mon_wild_kargo_CAST_F02.png,required file,missing,FAIL,NOT_CHECKED,mechanical INPUT↔OUTPUT check,REPACK
area_07,m_wild_kargo,s_mon_wild_kargo,CAST_VFX,monsters/004_m_wild_kargo_와일드카고/CAST/004_m_wild_kargo_s_mon_wild_kargo_CAST_F03.png,required file,missing,FAIL,NOT_CHECKED,mechanical INPUT↔OUTPUT check,REPACK
area_07,m_wild_kargo,s_mon_wild_kargo,CAST_VFX,monsters/004_m_wild_kargo_와일드카고/CAST/004_m_wild_kargo_s_mon_wild_kargo_CAST_F04.png,required file,missing,FAIL,NOT_CHECKED,mechanical INPUT↔OUTPUT check,REPACK
area_07,m_wild_kargo,s_mon_wild_kargo,CAST_VFX,monsters/004_m_wild_kargo_와일드카고/CAST/004_m_wild_kargo_s_mon_wild_kargo_CAST_F05.png,required file,missing,FAIL,NOT_CHECKED,mechanical INPUT↔OUTPUT check,REPACK
area_07,m_wild_kargo,s_mon_wild_kargo,CAST_VFX,monsters/004_m_wild_kargo_와일드카고/CAST/004_m_wild_kargo_s_mon_wild_kargo_CAST_F06.png,required file,missing,FAIL,NOT_CHECKED,mechanical INPUT↔OUTPUT check,REPACK
area_07,m_wild_kargo,s_mon_wild_kargo,CAST_VFX,monsters/004_m_wild_kargo_와일드카고/CAST/004_m_wild_kargo_s_mon_wild_kargo_CAST_F07.png,required file,missing,FAIL,NOT_CHECKED,mechanical INPUT↔OUTPUT check,REPACK
area_07,m_jr_balrog,s_mon_jr_balrog,ICON,monsters/005_m_jr_balrog_주니어_발록/ICON/005_m_jr_balrog_s_mon_jr_balrog_ICON.png,required file,missing,FAIL,NOT_CHECKED,mechanical INPUT↔OUTPUT check,REPACK
area_07,m_jr_balrog,s_mon_jr_balrog,CAST_VFX,monsters/005_m_jr_balrog_주니어_발록/CAST/005_m_jr_balrog_s_mon_jr_balrog_CAST_F00.png,required file,missing,FAIL,NOT_CHECKED,mechanical INPUT↔OUTPUT check,REPACK
area_07,m_jr_balrog,s_mon_jr_balrog,CAST_VFX,monsters/005_m_jr_balrog_주니어_발록/CAST/005_m_jr_balrog_s_mon_jr_balrog_CAST_F01.png,required file,missing,FAIL,NOT_CHECKED,mechanical INPUT↔OUTPUT check,REPACK
area_07,m_jr_balrog,s_mon_jr_balrog,CAST_VFX,monsters/005_m_jr_balrog_주니어_발록/CAST/005_m_jr_balrog_s_mon_jr_balrog_CAST_F02.png,required file,missing,FAIL,NOT_CHECKED,mechanical INPUT↔OUTPUT check,REPACK
area_07,m_jr_balrog,s_mon_jr_balrog,CAST_VFX,monsters/005_m_jr_balrog_주니어_발록/CAST/005_m_jr_balrog_s_mon_jr_balrog_CAST_F03.png,required file,missing,FAIL,NOT_CHECKED,mechanical INPUT↔OUTPUT check,REPACK
area_07,m_jr_balrog,s_mon_jr_balrog,CAST_VFX,monsters/005_m_jr_balrog_주니어_발록/CAST/005_m_jr_balrog_s_mon_jr_balrog_CAST_F04.png,required file,missing,FAIL,NOT_CHECKED,mechanical INPUT↔OUTPUT check,REPACK
area_07,m_jr_balrog,s_mon_jr_balrog,CAST_VFX,monsters/005_m_jr_balrog_주니어_발록/CAST/005_m_jr_balrog_s_mon_jr_balrog_CAST_F05.png,required file,missing,FAIL,NOT_CHECKED,mechanical INPUT↔OUTPUT check,REPACK
area_07,m_jr_balrog,s_mon_jr_balrog,CAST_VFX,monsters/005_m_jr_balrog_주니어_발록/CAST/005_m_jr_balrog_s_mon_jr_balrog_CAST_F06.png,required file,missing,FAIL,NOT_CHECKED,mechanical INPUT↔OUTPUT check,REPACK
area_07,m_jr_balrog,s_mon_jr_balrog,CAST_VFX,monsters/005_m_jr_balrog_주니어_발록/CAST/005_m_jr_balrog_s_mon_jr_balrog_CAST_F07.png,required file,missing,FAIL,NOT_CHECKED,mechanical INPUT↔OUTPUT check,REPACK
area_07,m_jr_balrog,s_mon_jr_balrog,CAST_VFX,monsters/005_m_jr_balrog_주니어_발록/CAST/005_m_jr_balrog_s_mon_jr_balrog_CAST_F08.png,required file,missing,FAIL,NOT_CHECKED,mechanical INPUT↔OUTPUT check,REPACK
area_07,m_jr_balrog,s_mon_jr_balrog,CAST_VFX,monsters/005_m_jr_balrog_주니어_발록/CAST/005_m_jr_balrog_s_mon_jr_balrog_CAST_F09.png,required file,missing,FAIL,NOT_CHECKED,mechanical INPUT↔OUTPUT check,REPACK
area_07,m_jr_balrog,s_mon_jr_balrog,CAST_VFX,monsters/005_m_jr_balrog_주니어_발록/CAST/005_m_jr_balrog_s_mon_jr_balrog_CAST_F10.png,required file,missing,FAIL,NOT_CHECKED,mechanical INPUT↔OUTPUT check,REPACK
area_07,m_jr_balrog,s_mon_jr_balrog,CAST_VFX,monsters/005_m_jr_balrog_주니어_발록/CAST/005_m_jr_balrog_s_mon_jr_balrog_CAST_F11.png,required file,missing,FAIL,NOT_CHECKED,mechanical INPUT↔OUTPUT check,REPACK
area_07,m_tauromacis,s_mon_tauromacis,ICON,monsters/006_m_tauromacis_타우로마시스/ICON/006_m_tauromacis_s_mon_tauromacis_ICON.png,required file,missing,FAIL,NOT_CHECKED,mechanical INPUT↔OUTPUT check,REPACK
area_07,m_tauromacis,s_mon_tauromacis,CAST_VFX,monsters/006_m_tauromacis_타우로마시스/CAST/006_m_tauromacis_s_mon_tauromacis_CAST_F00.png,required file,missing,FAIL,NOT_CHECKED,mechanical INPUT↔OUTPUT check,REPACK
area_07,m_tauromacis,s_mon_tauromacis,CAST_VFX,monsters/006_m_tauromacis_타우로마시스/CAST/006_m_tauromacis_s_mon_tauromacis_CAST_F01.png,required file,missing,FAIL,NOT_CHECKED,mechanical INPUT↔OUTPUT check,REPACK
area_07,m_tauromacis,s_mon_tauromacis,CAST_VFX,monsters/006_m_tauromacis_타우로마시스/CAST/006_m_tauromacis_s_mon_tauromacis_CAST_F02.png,required file,missing,FAIL,NOT_CHECKED,mechanical INPUT↔OUTPUT check,REPACK
area_07,m_tauromacis,s_mon_tauromacis,CAST_VFX,monsters/006_m_tauromacis_타우로마시스/CAST/006_m_tauromacis_s_mon_tauromacis_CAST_F03.png,required file,missing,FAIL,NOT_CHECKED,mechanical INPUT↔OUTPUT check,REPACK
area_07,m_tauromacis,s_mon_tauromacis,CAST_VFX,monsters/006_m_tauromacis_타우로마시스/CAST/006_m_tauromacis_s_mon_tauromacis_CAST_F04.png,required file,missing,FAIL,NOT_CHECKED,mechanical INPUT↔OUTPUT check,REPACK
area_07,m_tauromacis,s_mon_tauromacis,CAST_VFX,monsters/006_m_tauromacis_타우로마시스/CAST/006_m_tauromacis_s_mon_tauromacis_CAST_F05.png,required file,missing,FAIL,NOT_CHECKED,mechanical INPUT↔OUTPUT check,REPACK
area_07,m_tauromacis,s_mon_tauromacis,CAST_VFX,monsters/006_m_tauromacis_타우로마시스/CAST/006_m_tauromacis_s_mon_tauromacis_CAST_F06.png,required file,missing,FAIL,NOT_CHECKED,mechanical INPUT↔OUTPUT check,REPACK
area_07,m_tauromacis,s_mon_tauromacis,CAST_VFX,monsters/006_m_tauromacis_타우로마시스/CAST/006_m_tauromacis_s_mon_tauromacis_CAST_F07.png,required file,missing,FAIL,NOT_CHECKED,mechanical INPUT↔OUTPUT check,REPACK
area_07,,,UNEXPECTED,CAST/003_m_drake_s_mon_drake_CAST_F00.png,no extra role PNG,unexpected role file,FAIL,NOT_CHECKED,mechanical INPUT↔OUTPUT check,REPACK
area_07,,,UNEXPECTED,CAST/003_m_drake_s_mon_drake_CAST_F01.png,no extra role PNG,unexpected role file,FAIL,NOT_CHECKED,mechanical INPUT↔OUTPUT check,REPACK
area_07,,,UNEXPECTED,CAST/003_m_drake_s_mon_drake_CAST_F02.png,no extra role PNG,unexpected role file,FAIL,NOT_CHECKED,mechanical INPUT↔OUTPUT check,REPACK
area_07,,,UNEXPECTED,CAST/003_m_drake_s_mon_drake_CAST_F03.png,no extra role PNG,unexpected role file,FAIL,NOT_CHECKED,mechanical INPUT↔OUTPUT check,REPACK
area_07,,,UNEXPECTED,CAST/003_m_drake_s_mon_drake_CAST_F04.png,no extra role PNG,unexpected role file,FAIL,NOT_CHECKED,mechanical INPUT↔OUTPUT check,REPACK
area_07,,,UNEXPECTED,CAST/003_m_drake_s_mon_drake_CAST_F05.png,no extra role PNG,unexpected role file,FAIL,NOT_CHECKED,mechanical INPUT↔OUTPUT check,REPACK
area_07,,,UNEXPECTED,CAST/003_m_drake_s_mon_drake_CAST_F06.png,no extra role PNG,unexpected role file,FAIL,NOT_CHECKED,mechanical INPUT↔OUTPUT check,REPACK
area_07,,,UNEXPECTED,CAST/003_m_drake_s_mon_drake_CAST_F07.png,no extra role PNG,unexpected role file,FAIL,NOT_CHECKED,mechanical INPUT↔OUTPUT check,REPACK
area_07,,,UNEXPECTED,CAST/004_m_wild_kargo_s_mon_wild_kargo_CAST_F00.png,no extra role PNG,unexpected role file,FAIL,NOT_CHECKED,mechanical INPUT↔OUTPUT check,REPACK
area_07,,,UNEXPECTED,CAST/004_m_wild_kargo_s_mon_wild_kargo_CAST_F01.png,no extra role PNG,unexpected role file,FAIL,NOT_CHECKED,mechanical INPUT↔OUTPUT check,REPACK
area_07,,,UNEXPECTED,CAST/004_m_wild_kargo_s_mon_wild_kargo_CAST_F02.png,no extra role PNG,unexpected role file,FAIL,NOT_CHECKED,mechanical INPUT↔OUTPUT check,REPACK
area_07,,,UNEXPECTED,CAST/004_m_wild_kargo_s_mon_wild_kargo_CAST_F03.png,no extra role PNG,unexpected role file,FAIL,NOT_CHECKED,mechanical INPUT↔OUTPUT check,REPACK
area_07,,,UNEXPECTED,CAST/004_m_wild_kargo_s_mon_wild_kargo_CAST_F04.png,no extra role PNG,unexpected role file,FAIL,NOT_CHECKED,mechanical INPUT↔OUTPUT check,REPACK
area_07,,,UNEXPECTED,CAST/004_m_wild_kargo_s_mon_wild_kargo_CAST_F05.png,no extra role PNG,unexpected role file,FAIL,NOT_CHECKED,mechanical INPUT↔OUTPUT check,REPACK
area_07,,,UNEXPECTED,CAST/004_m_wild_kargo_s_mon_wild_kargo_CAST_F06.png,no extra role PNG,unexpected role file,FAIL,NOT_CHECKED,mechanical INPUT↔OUTPUT check,REPACK
area_07,,,UNEXPECTED,CAST/004_m_wild_kargo_s_mon_wild_kargo_CAST_F07.png,no extra role PNG,unexpected role file,FAIL,NOT_CHECKED,mechanical INPUT↔OUTPUT check,REPACK
area_07,,,UNEXPECTED,CAST/005_m_jr_balrog_s_mon_jr_balrog_CAST_F00.png,no extra role PNG,unexpected role file,FAIL,NOT_CHECKED,mechanical INPUT↔OUTPUT check,REPACK
area_07,,,UNEXPECTED,CAST/005_m_jr_balrog_s_mon_jr_balrog_CAST_F01.png,no extra role PNG,unexpected role file,FAIL,NOT_CHECKED,mechanical INPUT↔OUTPUT check,REPACK
area_07,,,UNEXPECTED,CAST/005_m_jr_balrog_s_mon_jr_balrog_CAST_F02.png,no extra role PNG,unexpected role file,FAIL,NOT_CHECKED,mechanical INPUT↔OUTPUT check,REPACK
area_07,,,UNEXPECTED,CAST/005_m_jr_balrog_s_mon_jr_balrog_CAST_F03.png,no extra role PNG,unexpected role file,FAIL,NOT_CHECKED,mechanical INPUT↔OUTPUT check,REPACK
area_07,,,UNEXPECTED,CAST/005_m_jr_balrog_s_mon_jr_balrog_CAST_F04.png,no extra role PNG,unexpected role file,FAIL,NOT_CHECKED,mechanical INPUT↔OUTPUT check,REPACK
area_07,,,UNEXPECTED,CAST/005_m_jr_balrog_s_mon_jr_balrog_CAST_F05.png,no extra role PNG,unexpected role file,FAIL,NOT_CHECKED,mechanical INPUT↔OUTPUT check,REPACK
area_07,,,UNEXPECTED,CAST/005_m_jr_balrog_s_mon_jr_balrog_CAST_F06.png,no extra role PNG,unexpected role file,FAIL,NOT_CHECKED,mechanical INPUT↔OUTPUT check,REPACK
area_07,,,UNEXPECTED,CAST/005_m_jr_balrog_s_mon_jr_balrog_CAST_F07.png,no extra role PNG,unexpected role file,FAIL,NOT_CHECKED,mechanical INPUT↔OUTPUT check,REPACK
area_07,,,UNEXPECTED,CAST/005_m_jr_balrog_s_mon_jr_balrog_CAST_F08.png,no extra role PNG,unexpected role file,FAIL,NOT_CHECKED,mechanical INPUT↔OUTPUT check,REPACK
area_07,,,UNEXPECTED,CAST/005_m_jr_balrog_s_mon_jr_balrog_CAST_F09.png,no extra role PNG,unexpected role file,FAIL,NOT_CHECKED,mechanical INPUT↔OUTPUT check,REPACK
area_07,,,UNEXPECTED,CAST/005_m_jr_balrog_s_mon_jr_balrog_CAST_F10.png,no extra role PNG,unexpected role file,FAIL,NOT_CHECKED,mechanical INPUT↔OUTPUT check,REPACK
area_07,,,UNEXPECTED,CAST/005_m_jr_balrog_s_mon_jr_balrog_CAST_F11.png,no extra role PNG,unexpected role file,FAIL,NOT_CHECKED,mechanical INPUT↔OUTPUT check,REPACK
area_07,,,UNEXPECTED,CAST/006_m_tauromacis_s_mon_tauromacis_CAST_F00.png,no extra role PNG,unexpected role file,FAIL,NOT_CHECKED,mechanical INPUT↔OUTPUT check,REPACK
area_07,,,UNEXPECTED,CAST/006_m_tauromacis_s_mon_tauromacis_CAST_F01.png,no extra role PNG,unexpected role file,FAIL,NOT_CHECKED,mechanical INPUT↔OUTPUT check,REPACK
area_07,,,UNEXPECTED,CAST/006_m_tauromacis_s_mon_tauromacis_CAST_F02.png,no extra role PNG,unexpected role file,FAIL,NOT_CHECKED,mechanical INPUT↔OUTPUT check,REPACK
area_07,,,UNEXPECTED,CAST/006_m_tauromacis_s_mon_tauromacis_CAST_F03.png,no extra role PNG,unexpected role file,FAIL,NOT_CHECKED,mechanical INPUT↔OUTPUT check,REPACK
area_07,,,UNEXPECTED,CAST/006_m_tauromacis_s_mon_tauromacis_CAST_F04.png,no extra role PNG,unexpected role file,FAIL,NOT_CHECKED,mechanical INPUT↔OUTPUT check,REPACK
area_07,,,UNEXPECTED,CAST/006_m_tauromacis_s_mon_tauromacis_CAST_F05.png,no extra role PNG,unexpected role file,FAIL,NOT_CHECKED,mechanical INPUT↔OUTPUT check,REPACK
area_07,,,UNEXPECTED,CAST/006_m_tauromacis_s_mon_tauromacis_CAST_F06.png,no extra role PNG,unexpected role file,FAIL,NOT_CHECKED,mechanical INPUT↔OUTPUT check,REPACK
area_07,,,UNEXPECTED,CAST/006_m_tauromacis_s_mon_tauromacis_CAST_F07.png,no extra role PNG,unexpected role file,FAIL,NOT_CHECKED,mechanical INPUT↔OUTPUT check,REPACK
area_07,,,UNEXPECTED,ICON/001_m_zombie_mushroom_s_mon_zombie_mushroom_ICON.png,no extra role PNG,unexpected role file,FAIL,NOT_CHECKED,mechanical INPUT↔OUTPUT check,REPACK
area_07,,,UNEXPECTED,ICON/002_m_copper_drake_s_mon_copper_drake_ICON.png,no extra role PNG,unexpected role file,FAIL,NOT_CHECKED,mechanical INPUT↔OUTPUT check,REPACK
area_07,,,UNEXPECTED,ICON/003_m_drake_s_mon_drake_ICON.png,no extra role PNG,unexpected role file,FAIL,NOT_CHECKED,mechanical INPUT↔OUTPUT check,REPACK
area_07,,,UNEXPECTED,ICON/004_m_wild_kargo_s_mon_wild_kargo_ICON.png,no extra role PNG,unexpected role file,FAIL,NOT_CHECKED,mechanical INPUT↔OUTPUT check,REPACK
area_07,,,UNEXPECTED,ICON/005_m_jr_balrog_s_mon_jr_balrog_ICON.png,no extra role PNG,unexpected role file,FAIL,NOT_CHECKED,mechanical INPUT↔OUTPUT check,REPACK
area_07,,,UNEXPECTED,ICON/006_m_tauromacis_s_mon_tauromacis_ICON.png,no extra role PNG,unexpected role file,FAIL,NOT_CHECKED,mechanical INPUT↔OUTPUT check,REPACK
area_07,,,UNEXPECTED,REFERENCE/001_m_zombie_mushroom_s_mon_zombie_mushroom_REFERENCE_F00.png,no extra role PNG,unexpected role file,FAIL,NOT_CHECKED,mechanical INPUT↔OUTPUT check,REPACK
area_07,,,UNEXPECTED,REFERENCE/001_m_zombie_mushroom_s_mon_zombie_mushroom_REFERENCE_F01.png,no extra role PNG,unexpected role file,FAIL,NOT_CHECKED,mechanical INPUT↔OUTPUT check,REPACK
area_07,,,UNEXPECTED,REFERENCE/001_m_zombie_mushroom_s_mon_zombie_mushroom_REFERENCE_F02.png,no extra role PNG,unexpected role file,FAIL,NOT_CHECKED,mechanical INPUT↔OUTPUT check,REPACK
area_07,,,UNEXPECTED,REFERENCE/001_m_zombie_mushroom_s_mon_zombie_mushroom_REFERENCE_F03.png,no extra role PNG,unexpected role file,FAIL,NOT_CHECKED,mechanical INPUT↔OUTPUT check,REPACK
area_07,,,UNEXPECTED,REFERENCE/001_m_zombie_mushroom_s_mon_zombie_mushroom_REFERENCE_F04.png,no extra role PNG,unexpected role file,FAIL,NOT_CHECKED,mechanical INPUT↔OUTPUT check,REPACK
area_07,,,UNEXPECTED,REFERENCE/001_m_zombie_mushroom_s_mon_zombie_mushroom_REFERENCE_F05.png,no extra role PNG,unexpected role file,FAIL,NOT_CHECKED,mechanical INPUT↔OUTPUT check,REPACK
area_07,,,UNEXPECTED,REFERENCE/002_m_copper_drake_s_mon_copper_drake_REFERENCE_F00.png,no extra role PNG,unexpected role file,FAIL,NOT_CHECKED,mechanical INPUT↔OUTPUT check,REPACK
area_07,,,UNEXPECTED,REFERENCE/002_m_copper_drake_s_mon_copper_drake_REFERENCE_F01.png,no extra role PNG,unexpected role file,FAIL,NOT_CHECKED,mechanical INPUT↔OUTPUT check,REPACK
area_07,,,UNEXPECTED,REFERENCE/002_m_copper_drake_s_mon_copper_drake_REFERENCE_F02.png,no extra role PNG,unexpected role file,FAIL,NOT_CHECKED,mechanical INPUT↔OUTPUT check,REPACK
area_07,,,UNEXPECTED,REFERENCE/002_m_copper_drake_s_mon_copper_drake_REFERENCE_F03.png,no extra role PNG,unexpected role file,FAIL,NOT_CHECKED,mechanical INPUT↔OUTPUT check,REPACK
area_07,,,UNEXPECTED,REFERENCE/002_m_copper_drake_s_mon_copper_drake_REFERENCE_F04.png,no extra role PNG,unexpected role file,FAIL,NOT_CHECKED,mechanical INPUT↔OUTPUT check,REPACK
area_07,,,UNEXPECTED,REFERENCE/002_m_copper_drake_s_mon_copper_drake_REFERENCE_F05.png,no extra role PNG,unexpected role file,FAIL,NOT_CHECKED,mechanical INPUT↔OUTPUT check,REPACK
area_07,m_zombie_mushroom,s_mon_zombie_mushroom,RESULT_INFO,monsters/001_m_zombie_mushroom_좀비버섯/RESULT_INFO.md,required,missing,FAIL,NOT_CHECKED,mechanical INPUT↔OUTPUT check,REPACK
area_07,m_zombie_mushroom,s_mon_zombie_mushroom,PREVIEW,monsters/001_m_zombie_mushroom_좀비버섯/PREVIEW/labeled_preview.png,required labeled preview,missing,FAIL,NOT_CHECKED,mechanical INPUT↔OUTPUT check,REPACK
area_07,m_copper_drake,s_mon_copper_drake,RESULT_INFO,monsters/002_m_copper_drake_카파_드레이크/RESULT_INFO.md,required,missing,FAIL,NOT_CHECKED,mechanical INPUT↔OUTPUT check,REPACK
area_07,m_copper_drake,s_mon_copper_drake,PREVIEW,monsters/002_m_copper_drake_카파_드레이크/PREVIEW/labeled_preview.png,required labeled preview,missing,FAIL,NOT_CHECKED,mechanical INPUT↔OUTPUT check,REPACK
area_07,m_drake,s_mon_drake,RESULT_INFO,monsters/003_m_drake_드레이크/RESULT_INFO.md,required,missing,FAIL,NOT_CHECKED,mechanical INPUT↔OUTPUT check,REPACK
area_07,m_drake,s_mon_drake,PREVIEW,monsters/003_m_drake_드레이크/PREVIEW/labeled_preview.png,required labeled preview,missing,FAIL,NOT_CHECKED,mechanical INPUT↔OUTPUT check,REPACK
area_07,m_wild_kargo,s_mon_wild_kargo,RESULT_INFO,monsters/004_m_wild_kargo_와일드카고/RESULT_INFO.md,required,missing,FAIL,NOT_CHECKED,mechanical INPUT↔OUTPUT check,REPACK
area_07,m_wild_kargo,s_mon_wild_kargo,PREVIEW,monsters/004_m_wild_kargo_와일드카고/PREVIEW/labeled_preview.png,required labeled preview,missing,FAIL,NOT_CHECKED,mechanical INPUT↔OUTPUT check,REPACK
area_07,m_jr_balrog,s_mon_jr_balrog,RESULT_INFO,monsters/005_m_jr_balrog_주니어_발록/RESULT_INFO.md,required,missing,FAIL,NOT_CHECKED,mechanical INPUT↔OUTPUT check,REPACK
area_07,m_jr_balrog,s_mon_jr_balrog,PREVIEW,monsters/005_m_jr_balrog_주니어_발록/PREVIEW/labeled_preview.png,required labeled preview,missing,FAIL,NOT_CHECKED,mechanical INPUT↔OUTPUT check,REPACK
area_07,m_tauromacis,s_mon_tauromacis,RESULT_INFO,monsters/006_m_tauromacis_타우로마시스/RESULT_INFO.md,required,missing,FAIL,NOT_CHECKED,mechanical INPUT↔OUTPUT check,REPACK
area_07,m_tauromacis,s_mon_tauromacis,PREVIEW,monsters/006_m_tauromacis_타우로마시스/PREVIEW/labeled_preview.png,required labeled preview,missing,FAIL,NOT_CHECKED,mechanical INPUT↔OUTPUT check,REPACK
area_08,m_star_pixie,s_mon_star_pixie,ICON,monsters/001_m_star_pixie_스타픽시/ICON/001_m_star_pixie_s_mon_star_pixie_ICON.png,required file,missing,FAIL,NOT_CHECKED,mechanical INPUT↔OUTPUT check,REPACK
area_08,m_star_pixie,s_mon_star_pixie,CAST_VFX,monsters/001_m_star_pixie_스타픽시/CAST/001_m_star_pixie_s_mon_star_pixie_CAST_F00.png,required file,missing,FAIL,NOT_CHECKED,mechanical INPUT↔OUTPUT check,REPACK
area_08,m_star_pixie,s_mon_star_pixie,CAST_VFX,monsters/001_m_star_pixie_스타픽시/CAST/001_m_star_pixie_s_mon_star_pixie_CAST_F01.png,required file,missing,FAIL,NOT_CHECKED,mechanical INPUT↔OUTPUT check,REPACK
area_08,m_star_pixie,s_mon_star_pixie,CAST_VFX,monsters/001_m_star_pixie_스타픽시/CAST/001_m_star_pixie_s_mon_star_pixie_CAST_F02.png,required file,missing,FAIL,NOT_CHECKED,mechanical INPUT↔OUTPUT check,REPACK
area_08,m_star_pixie,s_mon_star_pixie,CAST_VFX,monsters/001_m_star_pixie_스타픽시/CAST/001_m_star_pixie_s_mon_star_pixie_CAST_F03.png,required file,missing,FAIL,NOT_CHECKED,mechanical INPUT↔OUTPUT check,REPACK
area_08,m_star_pixie,s_mon_star_pixie,CAST_VFX,monsters/001_m_star_pixie_스타픽시/CAST/001_m_star_pixie_s_mon_star_pixie_CAST_F04.png,required file,missing,FAIL,NOT_CHECKED,mechanical INPUT↔OUTPUT check,REPACK
area_08,m_star_pixie,s_mon_star_pixie,CAST_VFX,monsters/001_m_star_pixie_스타픽시/CAST/001_m_star_pixie_s_mon_star_pixie_CAST_F05.png,required file,missing,FAIL,NOT_CHECKED,mechanical INPUT↔OUTPUT check,REPACK
area_08,m_star_pixie,s_mon_star_pixie,CAST_VFX,monsters/001_m_star_pixie_스타픽시/CAST/001_m_star_pixie_s_mon_star_pixie_CAST_F06.png,required file,missing,FAIL,NOT_CHECKED,mechanical INPUT↔OUTPUT check,REPACK
area_08,m_star_pixie,s_mon_star_pixie,CAST_VFX,monsters/001_m_star_pixie_스타픽시/CAST/001_m_star_pixie_s_mon_star_pixie_CAST_F07.png,required file,missing,FAIL,NOT_CHECKED,mechanical INPUT↔OUTPUT check,REPACK
area_08,m_star_pixie,s_mon_star_pixie,PROJECTILE,monsters/001_m_star_pixie_스타픽시/PROJECTILE/001_m_star_pixie_s_mon_star_pixie_PROJECTILE_F00.png,required file,missing,FAIL,NOT_CHECKED,mechanical INPUT↔OUTPUT check,REPACK
area_08,m_star_pixie,s_mon_star_pixie,PROJECTILE,monsters/001_m_star_pixie_스타픽시/PROJECTILE/001_m_star_pixie_s_mon_star_pixie_PROJECTILE_F01.png,required file,missing,FAIL,NOT_CHECKED,mechanical INPUT↔OUTPUT check,REPACK
area_08,m_star_pixie,s_mon_star_pixie,PROJECTILE,monsters/001_m_star_pixie_스타픽시/PROJECTILE/001_m_star_pixie_s_mon_star_pixie_PROJECTILE_F02.png,required file,missing,FAIL,NOT_CHECKED,mechanical INPUT↔OUTPUT check,REPACK
area_08,m_star_pixie,s_mon_star_pixie,PROJECTILE,monsters/001_m_star_pixie_스타픽시/PROJECTILE/001_m_star_pixie_s_mon_star_pixie_PROJECTILE_F03.png,required file,missing,FAIL,NOT_CHECKED,mechanical INPUT↔OUTPUT check,REPACK
area_08,m_jr_cellion,s_mon_jr_cellion,ICON,monsters/002_m_jr_cellion_주니어_샐리온/ICON/002_m_jr_cellion_s_mon_jr_cellion_ICON.png,required file,missing,FAIL,NOT_CHECKED,mechanical INPUT↔OUTPUT check,REPACK
area_08,m_jr_cellion,s_mon_jr_cellion,REFERENCE_VFX,monsters/002_m_jr_cellion_주니어_샐리온/REFERENCE/002_m_jr_cellion_s_mon_jr_cellion_REFERENCE_F00.png,required file,missing,FAIL,NOT_CHECKED,mechanical INPUT↔OUTPUT check,REPACK
area_08,m_jr_cellion,s_mon_jr_cellion,REFERENCE_VFX,monsters/002_m_jr_cellion_주니어_샐리온/REFERENCE/002_m_jr_cellion_s_mon_jr_cellion_REFERENCE_F01.png,required file,missing,FAIL,NOT_CHECKED,mechanical INPUT↔OUTPUT check,REPACK
area_08,m_jr_cellion,s_mon_jr_cellion,REFERENCE_VFX,monsters/002_m_jr_cellion_주니어_샐리온/REFERENCE/002_m_jr_cellion_s_mon_jr_cellion_REFERENCE_F02.png,required file,missing,FAIL,NOT_CHECKED,mechanical INPUT↔OUTPUT check,REPACK
area_08,m_jr_cellion,s_mon_jr_cellion,REFERENCE_VFX,monsters/002_m_jr_cellion_주니어_샐리온/REFERENCE/002_m_jr_cellion_s_mon_jr_cellion_REFERENCE_F03.png,required file,missing,FAIL,NOT_CHECKED,mechanical INPUT↔OUTPUT check,REPACK
area_08,m_jr_cellion,s_mon_jr_cellion,REFERENCE_VFX,monsters/002_m_jr_cellion_주니어_샐리온/REFERENCE/002_m_jr_cellion_s_mon_jr_cellion_REFERENCE_F04.png,required file,missing,FAIL,NOT_CHECKED,mechanical INPUT↔OUTPUT check,REPACK
area_08,m_jr_cellion,s_mon_jr_cellion,REFERENCE_VFX,monsters/002_m_jr_cellion_주니어_샐리온/REFERENCE/002_m_jr_cellion_s_mon_jr_cellion_REFERENCE_F05.png,required file,missing,FAIL,NOT_CHECKED,mechanical INPUT↔OUTPUT check,REPACK
area_08,m_lunar_pixie,s_mon_lunar_pixie,ICON,monsters/003_m_lunar_pixie_루나픽시/ICON/003_m_lunar_pixie_s_mon_lunar_pixie_ICON.png,required file,missing,FAIL,NOT_CHECKED,mechanical INPUT↔OUTPUT check,REPACK
area_08,m_lunar_pixie,s_mon_lunar_pixie,CAST_VFX,monsters/003_m_lunar_pixie_루나픽시/CAST/003_m_lunar_pixie_s_mon_lunar_pixie_CAST_F00.png,required file,missing,FAIL,NOT_CHECKED,mechanical INPUT↔OUTPUT check,REPACK
area_08,m_lunar_pixie,s_mon_lunar_pixie,CAST_VFX,monsters/003_m_lunar_pixie_루나픽시/CAST/003_m_lunar_pixie_s_mon_lunar_pixie_CAST_F01.png,required file,missing,FAIL,NOT_CHECKED,mechanical INPUT↔OUTPUT check,REPACK
area_08,m_lunar_pixie,s_mon_lunar_pixie,CAST_VFX,monsters/003_m_lunar_pixie_루나픽시/CAST/003_m_lunar_pixie_s_mon_lunar_pixie_CAST_F02.png,required file,missing,FAIL,NOT_CHECKED,mechanical INPUT↔OUTPUT check,REPACK
area_08,m_lunar_pixie,s_mon_lunar_pixie,CAST_VFX,monsters/003_m_lunar_pixie_루나픽시/CAST/003_m_lunar_pixie_s_mon_lunar_pixie_CAST_F03.png,required file,missing,FAIL,NOT_CHECKED,mechanical INPUT↔OUTPUT check,REPACK
area_08,m_lunar_pixie,s_mon_lunar_pixie,CAST_VFX,monsters/003_m_lunar_pixie_루나픽시/CAST/003_m_lunar_pixie_s_mon_lunar_pixie_CAST_F04.png,required file,missing,FAIL,NOT_CHECKED,mechanical INPUT↔OUTPUT check,REPACK
area_08,m_lunar_pixie,s_mon_lunar_pixie,CAST_VFX,monsters/003_m_lunar_pixie_루나픽시/CAST/003_m_lunar_pixie_s_mon_lunar_pixie_CAST_F05.png,required file,missing,FAIL,NOT_CHECKED,mechanical INPUT↔OUTPUT check,REPACK
area_08,m_lunar_pixie,s_mon_lunar_pixie,CAST_VFX,monsters/003_m_lunar_pixie_루나픽시/CAST/003_m_lunar_pixie_s_mon_lunar_pixie_CAST_F06.png,required file,missing,FAIL,NOT_CHECKED,mechanical INPUT↔OUTPUT check,REPACK
area_08,m_lunar_pixie,s_mon_lunar_pixie,CAST_VFX,monsters/003_m_lunar_pixie_루나픽시/CAST/003_m_lunar_pixie_s_mon_lunar_pixie_CAST_F07.png,required file,missing,FAIL,NOT_CHECKED,mechanical INPUT↔OUTPUT check,REPACK
area_08,m_lunar_pixie,s_mon_lunar_pixie,PROJECTILE,monsters/003_m_lunar_pixie_루나픽시/PROJECTILE/003_m_lunar_pixie_s_mon_lunar_pixie_PROJECTILE_F00.png,required file,missing,FAIL,NOT_CHECKED,mechanical INPUT↔OUTPUT check,REPACK
area_08,m_lunar_pixie,s_mon_lunar_pixie,PROJECTILE,monsters/003_m_lunar_pixie_루나픽시/PROJECTILE/003_m_lunar_pixie_s_mon_lunar_pixie_PROJECTILE_F01.png,required file,missing,FAIL,NOT_CHECKED,mechanical INPUT↔OUTPUT check,REPACK
area_08,m_lunar_pixie,s_mon_lunar_pixie,PROJECTILE,monsters/003_m_lunar_pixie_루나픽시/PROJECTILE/003_m_lunar_pixie_s_mon_lunar_pixie_PROJECTILE_F02.png,required file,missing,FAIL,NOT_CHECKED,mechanical INPUT↔OUTPUT check,REPACK
area_08,m_lunar_pixie,s_mon_lunar_pixie,PROJECTILE,monsters/003_m_lunar_pixie_루나픽시/PROJECTILE/003_m_lunar_pixie_s_mon_lunar_pixie_PROJECTILE_F03.png,required file,missing,FAIL,NOT_CHECKED,mechanical INPUT↔OUTPUT check,REPACK
area_08,m_luster_pixie,s_mon_luster_pixie,ICON,monsters/004_m_luster_pixie_러스터픽시/ICON/004_m_luster_pixie_s_mon_luster_pixie_ICON.png,required file,missing,FAIL,NOT_CHECKED,mechanical INPUT↔OUTPUT check,REPACK
area_08,m_luster_pixie,s_mon_luster_pixie,REFERENCE_VFX,monsters/004_m_luster_pixie_러스터픽시/REFERENCE/004_m_luster_pixie_s_mon_luster_pixie_REFERENCE_F00.png,required file,missing,FAIL,NOT_CHECKED,mechanical INPUT↔OUTPUT check,REPACK
area_08,m_luster_pixie,s_mon_luster_pixie,REFERENCE_VFX,monsters/004_m_luster_pixie_러스터픽시/REFERENCE/004_m_luster_pixie_s_mon_luster_pixie_REFERENCE_F01.png,required file,missing,FAIL,NOT_CHECKED,mechanical INPUT↔OUTPUT check,REPACK
area_08,m_luster_pixie,s_mon_luster_pixie,REFERENCE_VFX,monsters/004_m_luster_pixie_러스터픽시/REFERENCE/004_m_luster_pixie_s_mon_luster_pixie_REFERENCE_F02.png,required file,missing,FAIL,NOT_CHECKED,mechanical INPUT↔OUTPUT check,REPACK
area_08,m_luster_pixie,s_mon_luster_pixie,REFERENCE_VFX,monsters/004_m_luster_pixie_러스터픽시/REFERENCE/004_m_luster_pixie_s_mon_luster_pixie_REFERENCE_F03.png,required file,missing,FAIL,NOT_CHECKED,mechanical INPUT↔OUTPUT check,REPACK
area_08,m_luster_pixie,s_mon_luster_pixie,REFERENCE_VFX,monsters/004_m_luster_pixie_러스터픽시/REFERENCE/004_m_luster_pixie_s_mon_luster_pixie_REFERENCE_F04.png,required file,missing,FAIL,NOT_CHECKED,mechanical INPUT↔OUTPUT check,REPACK
area_08,m_luster_pixie,s_mon_luster_pixie,REFERENCE_VFX,monsters/004_m_luster_pixie_러스터픽시/REFERENCE/004_m_luster_pixie_s_mon_luster_pixie_REFERENCE_F05.png,required file,missing,FAIL,NOT_CHECKED,mechanical INPUT↔OUTPUT check,REPACK
area_08,m_eliza,s_mon_eliza,ICON,monsters/005_m_eliza_엘리쟈/ICON/005_m_eliza_s_mon_eliza_ICON.png,required file,missing,FAIL,NOT_CHECKED,mechanical INPUT↔OUTPUT check,REPACK
area_08,m_eliza,s_mon_eliza,CAST_VFX,monsters/005_m_eliza_엘리쟈/CAST/005_m_eliza_s_mon_eliza_CAST_F00.png,required file,missing,FAIL,NOT_CHECKED,mechanical INPUT↔OUTPUT check,REPACK
area_08,m_eliza,s_mon_eliza,CAST_VFX,monsters/005_m_eliza_엘리쟈/CAST/005_m_eliza_s_mon_eliza_CAST_F01.png,required file,missing,FAIL,NOT_CHECKED,mechanical INPUT↔OUTPUT check,REPACK
area_08,m_eliza,s_mon_eliza,CAST_VFX,monsters/005_m_eliza_엘리쟈/CAST/005_m_eliza_s_mon_eliza_CAST_F02.png,required file,missing,FAIL,NOT_CHECKED,mechanical INPUT↔OUTPUT check,REPACK
area_08,m_eliza,s_mon_eliza,CAST_VFX,monsters/005_m_eliza_엘리쟈/CAST/005_m_eliza_s_mon_eliza_CAST_F03.png,required file,missing,FAIL,NOT_CHECKED,mechanical INPUT↔OUTPUT check,REPACK
area_08,m_eliza,s_mon_eliza,CAST_VFX,monsters/005_m_eliza_엘리쟈/CAST/005_m_eliza_s_mon_eliza_CAST_F04.png,required file,missing,FAIL,NOT_CHECKED,mechanical INPUT↔OUTPUT check,REPACK
area_08,m_eliza,s_mon_eliza,CAST_VFX,monsters/005_m_eliza_엘리쟈/CAST/005_m_eliza_s_mon_eliza_CAST_F05.png,required file,missing,FAIL,NOT_CHECKED,mechanical INPUT↔OUTPUT check,REPACK
area_08,m_eliza,s_mon_eliza,CAST_VFX,monsters/005_m_eliza_엘리쟈/CAST/005_m_eliza_s_mon_eliza_CAST_F06.png,required file,missing,FAIL,NOT_CHECKED,mechanical INPUT↔OUTPUT check,REPACK
area_08,m_eliza,s_mon_eliza,CAST_VFX,monsters/005_m_eliza_엘리쟈/CAST/005_m_eliza_s_mon_eliza_CAST_F07.png,required file,missing,FAIL,NOT_CHECKED,mechanical INPUT↔OUTPUT check,REPACK
area_08,m_eliza,s_mon_eliza,CAST_VFX,monsters/005_m_eliza_엘리쟈/CAST/005_m_eliza_s_mon_eliza_CAST_F08.png,required file,missing,FAIL,NOT_CHECKED,mechanical INPUT↔OUTPUT check,REPACK
area_08,m_eliza,s_mon_eliza,CAST_VFX,monsters/005_m_eliza_엘리쟈/CAST/005_m_eliza_s_mon_eliza_CAST_F09.png,required file,missing,FAIL,NOT_CHECKED,mechanical INPUT↔OUTPUT check,REPACK
area_08,m_eliza,s_mon_eliza,CAST_VFX,monsters/005_m_eliza_엘리쟈/CAST/005_m_eliza_s_mon_eliza_CAST_F10.png,required file,missing,FAIL,NOT_CHECKED,mechanical INPUT↔OUTPUT check,REPACK
area_08,m_eliza,s_mon_eliza,CAST_VFX,monsters/005_m_eliza_엘리쟈/CAST/005_m_eliza_s_mon_eliza_CAST_F11.png,required file,missing,FAIL,NOT_CHECKED,mechanical INPUT↔OUTPUT check,REPACK
area_08,,,UNEXPECTED,CAST/001_m_star_pixie_s_mon_star_pixie_CAST_F00.png,no extra role PNG,unexpected role file,FAIL,NOT_CHECKED,mechanical INPUT↔OUTPUT check,REPACK
area_08,,,UNEXPECTED,CAST/001_m_star_pixie_s_mon_star_pixie_CAST_F01.png,no extra role PNG,unexpected role file,FAIL,NOT_CHECKED,mechanical INPUT↔OUTPUT check,REPACK
area_08,,,UNEXPECTED,CAST/001_m_star_pixie_s_mon_star_pixie_CAST_F02.png,no extra role PNG,unexpected role file,FAIL,NOT_CHECKED,mechanical INPUT↔OUTPUT check,REPACK
area_08,,,UNEXPECTED,CAST/001_m_star_pixie_s_mon_star_pixie_CAST_F03.png,no extra role PNG,unexpected role file,FAIL,NOT_CHECKED,mechanical INPUT↔OUTPUT check,REPACK
area_08,,,UNEXPECTED,CAST/001_m_star_pixie_s_mon_star_pixie_CAST_F04.png,no extra role PNG,unexpected role file,FAIL,NOT_CHECKED,mechanical INPUT↔OUTPUT check,REPACK
area_08,,,UNEXPECTED,CAST/001_m_star_pixie_s_mon_star_pixie_CAST_F05.png,no extra role PNG,unexpected role file,FAIL,NOT_CHECKED,mechanical INPUT↔OUTPUT check,REPACK
area_08,,,UNEXPECTED,CAST/001_m_star_pixie_s_mon_star_pixie_CAST_F06.png,no extra role PNG,unexpected role file,FAIL,NOT_CHECKED,mechanical INPUT↔OUTPUT check,REPACK
area_08,,,UNEXPECTED,CAST/001_m_star_pixie_s_mon_star_pixie_CAST_F07.png,no extra role PNG,unexpected role file,FAIL,NOT_CHECKED,mechanical INPUT↔OUTPUT check,REPACK
area_08,,,UNEXPECTED,CAST/003_m_lunar_pixie_s_mon_lunar_pixie_CAST_F00.png,no extra role PNG,unexpected role file,FAIL,NOT_CHECKED,mechanical INPUT↔OUTPUT check,REPACK
area_08,,,UNEXPECTED,CAST/003_m_lunar_pixie_s_mon_lunar_pixie_CAST_F01.png,no extra role PNG,unexpected role file,FAIL,NOT_CHECKED,mechanical INPUT↔OUTPUT check,REPACK
area_08,,,UNEXPECTED,CAST/003_m_lunar_pixie_s_mon_lunar_pixie_CAST_F02.png,no extra role PNG,unexpected role file,FAIL,NOT_CHECKED,mechanical INPUT↔OUTPUT check,REPACK
area_08,,,UNEXPECTED,CAST/003_m_lunar_pixie_s_mon_lunar_pixie_CAST_F03.png,no extra role PNG,unexpected role file,FAIL,NOT_CHECKED,mechanical INPUT↔OUTPUT check,REPACK
area_08,,,UNEXPECTED,CAST/003_m_lunar_pixie_s_mon_lunar_pixie_CAST_F04.png,no extra role PNG,unexpected role file,FAIL,NOT_CHECKED,mechanical INPUT↔OUTPUT check,REPACK
area_08,,,UNEXPECTED,CAST/003_m_lunar_pixie_s_mon_lunar_pixie_CAST_F05.png,no extra role PNG,unexpected role file,FAIL,NOT_CHECKED,mechanical INPUT↔OUTPUT check,REPACK
area_08,,,UNEXPECTED,CAST/003_m_lunar_pixie_s_mon_lunar_pixie_CAST_F06.png,no extra role PNG,unexpected role file,FAIL,NOT_CHECKED,mechanical INPUT↔OUTPUT check,REPACK
area_08,,,UNEXPECTED,CAST/003_m_lunar_pixie_s_mon_lunar_pixie_CAST_F07.png,no extra role PNG,unexpected role file,FAIL,NOT_CHECKED,mechanical INPUT↔OUTPUT check,REPACK
area_08,,,UNEXPECTED,CAST/005_m_eliza_s_mon_eliza_CAST_F00.png,no extra role PNG,unexpected role file,FAIL,NOT_CHECKED,mechanical INPUT↔OUTPUT check,REPACK
area_08,,,UNEXPECTED,CAST/005_m_eliza_s_mon_eliza_CAST_F01.png,no extra role PNG,unexpected role file,FAIL,NOT_CHECKED,mechanical INPUT↔OUTPUT check,REPACK
area_08,,,UNEXPECTED,CAST/005_m_eliza_s_mon_eliza_CAST_F02.png,no extra role PNG,unexpected role file,FAIL,NOT_CHECKED,mechanical INPUT↔OUTPUT check,REPACK
area_08,,,UNEXPECTED,CAST/005_m_eliza_s_mon_eliza_CAST_F03.png,no extra role PNG,unexpected role file,FAIL,NOT_CHECKED,mechanical INPUT↔OUTPUT check,REPACK
area_08,,,UNEXPECTED,CAST/005_m_eliza_s_mon_eliza_CAST_F04.png,no extra role PNG,unexpected role file,FAIL,NOT_CHECKED,mechanical INPUT↔OUTPUT check,REPACK
area_08,,,UNEXPECTED,CAST/005_m_eliza_s_mon_eliza_CAST_F05.png,no extra role PNG,unexpected role file,FAIL,NOT_CHECKED,mechanical INPUT↔OUTPUT check,REPACK
area_08,,,UNEXPECTED,CAST/005_m_eliza_s_mon_eliza_CAST_F06.png,no extra role PNG,unexpected role file,FAIL,NOT_CHECKED,mechanical INPUT↔OUTPUT check,REPACK
area_08,,,UNEXPECTED,CAST/005_m_eliza_s_mon_eliza_CAST_F07.png,no extra role PNG,unexpected role file,FAIL,NOT_CHECKED,mechanical INPUT↔OUTPUT check,REPACK
area_08,,,UNEXPECTED,CAST/005_m_eliza_s_mon_eliza_CAST_F08.png,no extra role PNG,unexpected role file,FAIL,NOT_CHECKED,mechanical INPUT↔OUTPUT check,REPACK
area_08,,,UNEXPECTED,CAST/005_m_eliza_s_mon_eliza_CAST_F09.png,no extra role PNG,unexpected role file,FAIL,NOT_CHECKED,mechanical INPUT↔OUTPUT check,REPACK
area_08,,,UNEXPECTED,CAST/005_m_eliza_s_mon_eliza_CAST_F10.png,no extra role PNG,unexpected role file,FAIL,NOT_CHECKED,mechanical INPUT↔OUTPUT check,REPACK
area_08,,,UNEXPECTED,CAST/005_m_eliza_s_mon_eliza_CAST_F11.png,no extra role PNG,unexpected role file,FAIL,NOT_CHECKED,mechanical INPUT↔OUTPUT check,REPACK
area_08,,,UNEXPECTED,ICON/001_m_star_pixie_s_mon_star_pixie_ICON.png,no extra role PNG,unexpected role file,FAIL,NOT_CHECKED,mechanical INPUT↔OUTPUT check,REPACK
area_08,,,UNEXPECTED,ICON/002_m_jr_cellion_s_mon_jr_cellion_ICON.png,no extra role PNG,unexpected role file,FAIL,NOT_CHECKED,mechanical INPUT↔OUTPUT check,REPACK
area_08,,,UNEXPECTED,ICON/003_m_lunar_pixie_s_mon_lunar_pixie_ICON.png,no extra role PNG,unexpected role file,FAIL,NOT_CHECKED,mechanical INPUT↔OUTPUT check,REPACK
area_08,,,UNEXPECTED,ICON/004_m_luster_pixie_s_mon_luster_pixie_ICON.png,no extra role PNG,unexpected role file,FAIL,NOT_CHECKED,mechanical INPUT↔OUTPUT check,REPACK
area_08,,,UNEXPECTED,ICON/005_m_eliza_s_mon_eliza_ICON.png,no extra role PNG,unexpected role file,FAIL,NOT_CHECKED,mechanical INPUT↔OUTPUT check,REPACK
area_08,,,UNEXPECTED,PROJECTILE/001_m_star_pixie_s_mon_star_pixie_PROJECTILE_F00.png,no extra role PNG,unexpected role file,FAIL,NOT_CHECKED,mechanical INPUT↔OUTPUT check,REPACK
area_08,,,UNEXPECTED,PROJECTILE/001_m_star_pixie_s_mon_star_pixie_PROJECTILE_F01.png,no extra role PNG,unexpected role file,FAIL,NOT_CHECKED,mechanical INPUT↔OUTPUT check,REPACK
area_08,,,UNEXPECTED,PROJECTILE/001_m_star_pixie_s_mon_star_pixie_PROJECTILE_F02.png,no extra role PNG,unexpected role file,FAIL,NOT_CHECKED,mechanical INPUT↔OUTPUT check,REPACK
area_08,,,UNEXPECTED,PROJECTILE/001_m_star_pixie_s_mon_star_pixie_PROJECTILE_F03.png,no extra role PNG,unexpected role file,FAIL,NOT_CHECKED,mechanical INPUT↔OUTPUT check,REPACK
area_08,,,UNEXPECTED,PROJECTILE/003_m_lunar_pixie_s_mon_lunar_pixie_PROJECTILE_F00.png,no extra role PNG,unexpected role file,FAIL,NOT_CHECKED,mechanical INPUT↔OUTPUT check,REPACK
area_08,,,UNEXPECTED,PROJECTILE/003_m_lunar_pixie_s_mon_lunar_pixie_PROJECTILE_F01.png,no extra role PNG,unexpected role file,FAIL,NOT_CHECKED,mechanical INPUT↔OUTPUT check,REPACK
area_08,,,UNEXPECTED,PROJECTILE/003_m_lunar_pixie_s_mon_lunar_pixie_PROJECTILE_F02.png,no extra role PNG,unexpected role file,FAIL,NOT_CHECKED,mechanical INPUT↔OUTPUT check,REPACK
area_08,,,UNEXPECTED,PROJECTILE/003_m_lunar_pixie_s_mon_lunar_pixie_PROJECTILE_F03.png,no extra role PNG,unexpected role file,FAIL,NOT_CHECKED,mechanical INPUT↔OUTPUT check,REPACK
area_08,,,UNEXPECTED,REFERENCE/002_m_jr_cellion_s_mon_jr_cellion_REFERENCE_F00.png,no extra role PNG,unexpected role file,FAIL,NOT_CHECKED,mechanical INPUT↔OUTPUT check,REPACK
area_08,,,UNEXPECTED,REFERENCE/002_m_jr_cellion_s_mon_jr_cellion_REFERENCE_F01.png,no extra role PNG,unexpected role file,FAIL,NOT_CHECKED,mechanical INPUT↔OUTPUT check,REPACK
area_08,,,UNEXPECTED,REFERENCE/002_m_jr_cellion_s_mon_jr_cellion_REFERENCE_F02.png,no extra role PNG,unexpected role file,FAIL,NOT_CHECKED,mechanical INPUT↔OUTPUT check,REPACK
area_08,,,UNEXPECTED,REFERENCE/002_m_jr_cellion_s_mon_jr_cellion_REFERENCE_F03.png,no extra role PNG,unexpected role file,FAIL,NOT_CHECKED,mechanical INPUT↔OUTPUT check,REPACK
area_08,,,UNEXPECTED,REFERENCE/002_m_jr_cellion_s_mon_jr_cellion_REFERENCE_F04.png,no extra role PNG,unexpected role file,FAIL,NOT_CHECKED,mechanical INPUT↔OUTPUT check,REPACK
area_08,,,UNEXPECTED,REFERENCE/002_m_jr_cellion_s_mon_jr_cellion_REFERENCE_F05.png,no extra role PNG,unexpected role file,FAIL,NOT_CHECKED,mechanical INPUT↔OUTPUT check,REPACK
area_08,,,UNEXPECTED,REFERENCE/004_m_luster_pixie_s_mon_luster_pixie_REFERENCE_F00.png,no extra role PNG,unexpected role file,FAIL,NOT_CHECKED,mechanical INPUT↔OUTPUT check,REPACK
area_08,,,UNEXPECTED,REFERENCE/004_m_luster_pixie_s_mon_luster_pixie_REFERENCE_F01.png,no extra role PNG,unexpected role file,FAIL,NOT_CHECKED,mechanical INPUT↔OUTPUT check,REPACK
area_08,,,UNEXPECTED,REFERENCE/004_m_luster_pixie_s_mon_luster_pixie_REFERENCE_F02.png,no extra role PNG,unexpected role file,FAIL,NOT_CHECKED,mechanical INPUT↔OUTPUT check,REPACK
area_08,,,UNEXPECTED,REFERENCE/004_m_luster_pixie_s_mon_luster_pixie_REFERENCE_F03.png,no extra role PNG,unexpected role file,FAIL,NOT_CHECKED,mechanical INPUT↔OUTPUT check,REPACK
area_08,,,UNEXPECTED,REFERENCE/004_m_luster_pixie_s_mon_luster_pixie_REFERENCE_F04.png,no extra role PNG,unexpected role file,FAIL,NOT_CHECKED,mechanical INPUT↔OUTPUT check,REPACK
area_08,,,UNEXPECTED,REFERENCE/004_m_luster_pixie_s_mon_luster_pixie_REFERENCE_F05.png,no extra role PNG,unexpected role file,FAIL,NOT_CHECKED,mechanical INPUT↔OUTPUT check,REPACK
area_08,m_star_pixie,s_mon_star_pixie,RESULT_INFO,monsters/001_m_star_pixie_스타픽시/RESULT_INFO.md,required,missing,FAIL,NOT_CHECKED,mechanical INPUT↔OUTPUT check,REPACK
area_08,m_star_pixie,s_mon_star_pixie,PREVIEW,monsters/001_m_star_pixie_스타픽시/PREVIEW/labeled_preview.png,required labeled preview,missing,FAIL,NOT_CHECKED,mechanical INPUT↔OUTPUT check,REPACK
area_08,m_jr_cellion,s_mon_jr_cellion,RESULT_INFO,monsters/002_m_jr_cellion_주니어_샐리온/RESULT_INFO.md,required,missing,FAIL,NOT_CHECKED,mechanical INPUT↔OUTPUT check,REPACK
area_08,m_jr_cellion,s_mon_jr_cellion,PREVIEW,monsters/002_m_jr_cellion_주니어_샐리온/PREVIEW/labeled_preview.png,required labeled preview,missing,FAIL,NOT_CHECKED,mechanical INPUT↔OUTPUT check,REPACK
area_08,m_lunar_pixie,s_mon_lunar_pixie,RESULT_INFO,monsters/003_m_lunar_pixie_루나픽시/RESULT_INFO.md,required,missing,FAIL,NOT_CHECKED,mechanical INPUT↔OUTPUT check,REPACK
area_08,m_lunar_pixie,s_mon_lunar_pixie,PREVIEW,monsters/003_m_lunar_pixie_루나픽시/PREVIEW/labeled_preview.png,required labeled preview,missing,FAIL,NOT_CHECKED,mechanical INPUT↔OUTPUT check,REPACK
area_08,m_luster_pixie,s_mon_luster_pixie,RESULT_INFO,monsters/004_m_luster_pixie_러스터픽시/RESULT_INFO.md,required,missing,FAIL,NOT_CHECKED,mechanical INPUT↔OUTPUT check,REPACK
area_08,m_luster_pixie,s_mon_luster_pixie,PREVIEW,monsters/004_m_luster_pixie_러스터픽시/PREVIEW/labeled_preview.png,required labeled preview,missing,FAIL,NOT_CHECKED,mechanical INPUT↔OUTPUT check,REPACK
area_08,m_eliza,s_mon_eliza,RESULT_INFO,monsters/005_m_eliza_엘리쟈/RESULT_INFO.md,required,missing,FAIL,NOT_CHECKED,mechanical INPUT↔OUTPUT check,REPACK
area_08,m_eliza,s_mon_eliza,PREVIEW,monsters/005_m_eliza_엘리쟈/PREVIEW/labeled_preview.png,required labeled preview,missing,FAIL,NOT_CHECKED,mechanical INPUT↔OUTPUT check,REPACK
area_09,m_jr_yeti,s_mon_jr_yeti,ICON,monsters/001_m_jr_yeti_주니어_예티/ICON/001_m_jr_yeti_s_mon_jr_yeti_ICON.png,required file,missing,FAIL,NOT_CHECKED,mechanical INPUT↔OUTPUT check,REPACK
area_09,m_jr_yeti,s_mon_jr_yeti,REFERENCE_VFX,monsters/001_m_jr_yeti_주니어_예티/REFERENCE/001_m_jr_yeti_s_mon_jr_yeti_REFERENCE_F00.png,required file,missing,FAIL,NOT_CHECKED,mechanical INPUT↔OUTPUT check,REPACK
area_09,m_jr_yeti,s_mon_jr_yeti,REFERENCE_VFX,monsters/001_m_jr_yeti_주니어_예티/REFERENCE/001_m_jr_yeti_s_mon_jr_yeti_REFERENCE_F01.png,required file,missing,FAIL,NOT_CHECKED,mechanical INPUT↔OUTPUT check,REPACK
area_09,m_jr_yeti,s_mon_jr_yeti,REFERENCE_VFX,monsters/001_m_jr_yeti_주니어_예티/REFERENCE/001_m_jr_yeti_s_mon_jr_yeti_REFERENCE_F02.png,required file,missing,FAIL,NOT_CHECKED,mechanical INPUT↔OUTPUT check,REPACK
area_09,m_jr_yeti,s_mon_jr_yeti,REFERENCE_VFX,monsters/001_m_jr_yeti_주니어_예티/REFERENCE/001_m_jr_yeti_s_mon_jr_yeti_REFERENCE_F03.png,required file,missing,FAIL,NOT_CHECKED,mechanical INPUT↔OUTPUT check,REPACK
area_09,m_jr_yeti,s_mon_jr_yeti,REFERENCE_VFX,monsters/001_m_jr_yeti_주니어_예티/REFERENCE/001_m_jr_yeti_s_mon_jr_yeti_REFERENCE_F04.png,required file,missing,FAIL,NOT_CHECKED,mechanical INPUT↔OUTPUT check,REPACK
area_09,m_jr_yeti,s_mon_jr_yeti,REFERENCE_VFX,monsters/001_m_jr_yeti_주니어_예티/REFERENCE/001_m_jr_yeti_s_mon_jr_yeti_REFERENCE_F05.png,required file,missing,FAIL,NOT_CHECKED,mechanical INPUT↔OUTPUT check,REPACK
area_09,m_dark_jr_yeti,s_mon_dark_jr_yeti,ICON,monsters/002_m_dark_jr_yeti_다크_주니어_예티/ICON/002_m_dark_jr_yeti_s_mon_dark_jr_yeti_ICON.png,required file,missing,FAIL,NOT_CHECKED,mechanical INPUT↔OUTPUT check,REPACK
area_09,m_dark_jr_yeti,s_mon_dark_jr_yeti,REFERENCE_VFX,monsters/002_m_dark_jr_yeti_다크_주니어_예티/REFERENCE/002_m_dark_jr_yeti_s_mon_dark_jr_yeti_REFERENCE_F00.png,required file,missing,FAIL,NOT_CHECKED,mechanical INPUT↔OUTPUT check,REPACK
area_09,m_dark_jr_yeti,s_mon_dark_jr_yeti,REFERENCE_VFX,monsters/002_m_dark_jr_yeti_다크_주니어_예티/REFERENCE/002_m_dark_jr_yeti_s_mon_dark_jr_yeti_REFERENCE_F01.png,required file,missing,FAIL,NOT_CHECKED,mechanical INPUT↔OUTPUT check,REPACK
area_09,m_dark_jr_yeti,s_mon_dark_jr_yeti,REFERENCE_VFX,monsters/002_m_dark_jr_yeti_다크_주니어_예티/REFERENCE/002_m_dark_jr_yeti_s_mon_dark_jr_yeti_REFERENCE_F02.png,required file,missing,FAIL,NOT_CHECKED,mechanical INPUT↔OUTPUT check,REPACK
area_09,m_dark_jr_yeti,s_mon_dark_jr_yeti,REFERENCE_VFX,monsters/002_m_dark_jr_yeti_다크_주니어_예티/REFERENCE/002_m_dark_jr_yeti_s_mon_dark_jr_yeti_REFERENCE_F03.png,required file,missing,FAIL,NOT_CHECKED,mechanical INPUT↔OUTPUT check,REPACK
area_09,m_dark_jr_yeti,s_mon_dark_jr_yeti,REFERENCE_VFX,monsters/002_m_dark_jr_yeti_다크_주니어_예티/REFERENCE/002_m_dark_jr_yeti_s_mon_dark_jr_yeti_REFERENCE_F04.png,required file,missing,FAIL,NOT_CHECKED,mechanical INPUT↔OUTPUT check,REPACK
area_09,m_dark_jr_yeti,s_mon_dark_jr_yeti,REFERENCE_VFX,monsters/002_m_dark_jr_yeti_다크_주니어_예티/REFERENCE/002_m_dark_jr_yeti_s_mon_dark_jr_yeti_REFERENCE_F05.png,required file,missing,FAIL,NOT_CHECKED,mechanical INPUT↔OUTPUT check,REPACK
area_09,m_hector,s_mon_hector,ICON,monsters/003_m_hector_헥터/ICON/003_m_hector_s_mon_hector_ICON.png,required file,missing,FAIL,NOT_CHECKED,mechanical INPUT↔OUTPUT check,REPACK
area_09,m_hector,s_mon_hector,CAST_VFX,monsters/003_m_hector_헥터/CAST/003_m_hector_s_mon_hector_CAST_F00.png,required file,missing,FAIL,NOT_CHECKED,mechanical INPUT↔OUTPUT check,REPACK
area_09,m_hector,s_mon_hector,CAST_VFX,monsters/003_m_hector_헥터/CAST/003_m_hector_s_mon_hector_CAST_F01.png,required file,missing,FAIL,NOT_CHECKED,mechanical INPUT↔OUTPUT check,REPACK
area_09,m_hector,s_mon_hector,CAST_VFX,monsters/003_m_hector_헥터/CAST/003_m_hector_s_mon_hector_CAST_F02.png,required file,missing,FAIL,NOT_CHECKED,mechanical INPUT↔OUTPUT check,REPACK
area_09,m_hector,s_mon_hector,CAST_VFX,monsters/003_m_hector_헥터/CAST/003_m_hector_s_mon_hector_CAST_F03.png,required file,missing,FAIL,NOT_CHECKED,mechanical INPUT↔OUTPUT check,REPACK
area_09,m_hector,s_mon_hector,CAST_VFX,monsters/003_m_hector_헥터/CAST/003_m_hector_s_mon_hector_CAST_F04.png,required file,missing,FAIL,NOT_CHECKED,mechanical INPUT↔OUTPUT check,REPACK
area_09,m_hector,s_mon_hector,CAST_VFX,monsters/003_m_hector_헥터/CAST/003_m_hector_s_mon_hector_CAST_F05.png,required file,missing,FAIL,NOT_CHECKED,mechanical INPUT↔OUTPUT check,REPACK
area_09,m_hector,s_mon_hector,CAST_VFX,monsters/003_m_hector_헥터/CAST/003_m_hector_s_mon_hector_CAST_F06.png,required file,missing,FAIL,NOT_CHECKED,mechanical INPUT↔OUTPUT check,REPACK
area_09,m_hector,s_mon_hector,CAST_VFX,monsters/003_m_hector_헥터/CAST/003_m_hector_s_mon_hector_CAST_F07.png,required file,missing,FAIL,NOT_CHECKED,mechanical INPUT↔OUTPUT check,REPACK
area_09,m_white_fang,s_mon_white_fang,ICON,monsters/004_m_white_fang_화이트팽/ICON/004_m_white_fang_s_mon_white_fang_ICON.png,required file,missing,FAIL,NOT_CHECKED,mechanical INPUT↔OUTPUT check,REPACK
area_09,m_white_fang,s_mon_white_fang,CAST_VFX,monsters/004_m_white_fang_화이트팽/CAST/004_m_white_fang_s_mon_white_fang_CAST_F00.png,required file,missing,FAIL,NOT_CHECKED,mechanical INPUT↔OUTPUT check,REPACK
area_09,m_white_fang,s_mon_white_fang,CAST_VFX,monsters/004_m_white_fang_화이트팽/CAST/004_m_white_fang_s_mon_white_fang_CAST_F01.png,required file,missing,FAIL,NOT_CHECKED,mechanical INPUT↔OUTPUT check,REPACK
area_09,m_white_fang,s_mon_white_fang,CAST_VFX,monsters/004_m_white_fang_화이트팽/CAST/004_m_white_fang_s_mon_white_fang_CAST_F02.png,required file,missing,FAIL,NOT_CHECKED,mechanical INPUT↔OUTPUT check,REPACK
area_09,m_white_fang,s_mon_white_fang,CAST_VFX,monsters/004_m_white_fang_화이트팽/CAST/004_m_white_fang_s_mon_white_fang_CAST_F03.png,required file,missing,FAIL,NOT_CHECKED,mechanical INPUT↔OUTPUT check,REPACK
area_09,m_white_fang,s_mon_white_fang,CAST_VFX,monsters/004_m_white_fang_화이트팽/CAST/004_m_white_fang_s_mon_white_fang_CAST_F04.png,required file,missing,FAIL,NOT_CHECKED,mechanical INPUT↔OUTPUT check,REPACK
area_09,m_white_fang,s_mon_white_fang,CAST_VFX,monsters/004_m_white_fang_화이트팽/CAST/004_m_white_fang_s_mon_white_fang_CAST_F05.png,required file,missing,FAIL,NOT_CHECKED,mechanical INPUT↔OUTPUT check,REPACK
area_09,m_white_fang,s_mon_white_fang,CAST_VFX,monsters/004_m_white_fang_화이트팽/CAST/004_m_white_fang_s_mon_white_fang_CAST_F06.png,required file,missing,FAIL,NOT_CHECKED,mechanical INPUT↔OUTPUT check,REPACK
area_09,m_white_fang,s_mon_white_fang,CAST_VFX,monsters/004_m_white_fang_화이트팽/CAST/004_m_white_fang_s_mon_white_fang_CAST_F07.png,required file,missing,FAIL,NOT_CHECKED,mechanical INPUT↔OUTPUT check,REPACK
area_09,m_snow_witch,s_mon_snow_witch,ICON,monsters/005_m_snow_witch_설산의_마녀/ICON/005_m_snow_witch_s_mon_snow_witch_ICON.png,required file,missing,FAIL,NOT_CHECKED,mechanical INPUT↔OUTPUT check,REPACK
area_09,m_snow_witch,s_mon_snow_witch,CAST_VFX,monsters/005_m_snow_witch_설산의_마녀/CAST/005_m_snow_witch_s_mon_snow_witch_CAST_F00.png,required file,missing,FAIL,NOT_CHECKED,mechanical INPUT↔OUTPUT check,REPACK
area_09,m_snow_witch,s_mon_snow_witch,CAST_VFX,monsters/005_m_snow_witch_설산의_마녀/CAST/005_m_snow_witch_s_mon_snow_witch_CAST_F01.png,required file,missing,FAIL,NOT_CHECKED,mechanical INPUT↔OUTPUT check,REPACK
area_09,m_snow_witch,s_mon_snow_witch,CAST_VFX,monsters/005_m_snow_witch_설산의_마녀/CAST/005_m_snow_witch_s_mon_snow_witch_CAST_F02.png,required file,missing,FAIL,NOT_CHECKED,mechanical INPUT↔OUTPUT check,REPACK
area_09,m_snow_witch,s_mon_snow_witch,CAST_VFX,monsters/005_m_snow_witch_설산의_마녀/CAST/005_m_snow_witch_s_mon_snow_witch_CAST_F03.png,required file,missing,FAIL,NOT_CHECKED,mechanical INPUT↔OUTPUT check,REPACK
area_09,m_snow_witch,s_mon_snow_witch,CAST_VFX,monsters/005_m_snow_witch_설산의_마녀/CAST/005_m_snow_witch_s_mon_snow_witch_CAST_F04.png,required file,missing,FAIL,NOT_CHECKED,mechanical INPUT↔OUTPUT check,REPACK
area_09,m_snow_witch,s_mon_snow_witch,CAST_VFX,monsters/005_m_snow_witch_설산의_마녀/CAST/005_m_snow_witch_s_mon_snow_witch_CAST_F05.png,required file,missing,FAIL,NOT_CHECKED,mechanical INPUT↔OUTPUT check,REPACK
area_09,m_snow_witch,s_mon_snow_witch,CAST_VFX,monsters/005_m_snow_witch_설산의_마녀/CAST/005_m_snow_witch_s_mon_snow_witch_CAST_F06.png,required file,missing,FAIL,NOT_CHECKED,mechanical INPUT↔OUTPUT check,REPACK
area_09,m_snow_witch,s_mon_snow_witch,CAST_VFX,monsters/005_m_snow_witch_설산의_마녀/CAST/005_m_snow_witch_s_mon_snow_witch_CAST_F07.png,required file,missing,FAIL,NOT_CHECKED,mechanical INPUT↔OUTPUT check,REPACK
area_09,m_snow_witch,s_mon_snow_witch,CAST_VFX,monsters/005_m_snow_witch_설산의_마녀/CAST/005_m_snow_witch_s_mon_snow_witch_CAST_F08.png,required file,missing,FAIL,NOT_CHECKED,mechanical INPUT↔OUTPUT check,REPACK
area_09,m_snow_witch,s_mon_snow_witch,CAST_VFX,monsters/005_m_snow_witch_설산의_마녀/CAST/005_m_snow_witch_s_mon_snow_witch_CAST_F09.png,required file,missing,FAIL,NOT_CHECKED,mechanical INPUT↔OUTPUT check,REPACK
area_09,m_snow_witch,s_mon_snow_witch,CAST_VFX,monsters/005_m_snow_witch_설산의_마녀/CAST/005_m_snow_witch_s_mon_snow_witch_CAST_F10.png,required file,missing,FAIL,NOT_CHECKED,mechanical INPUT↔OUTPUT check,REPACK
area_09,m_snow_witch,s_mon_snow_witch,CAST_VFX,monsters/005_m_snow_witch_설산의_마녀/CAST/005_m_snow_witch_s_mon_snow_witch_CAST_F11.png,required file,missing,FAIL,NOT_CHECKED,mechanical INPUT↔OUTPUT check,REPACK
area_09,,,UNEXPECTED,CAST/003_m_hector_s_mon_hector_CAST_F00.png,no extra role PNG,unexpected role file,FAIL,NOT_CHECKED,mechanical INPUT↔OUTPUT check,REPACK
area_09,,,UNEXPECTED,CAST/003_m_hector_s_mon_hector_CAST_F01.png,no extra role PNG,unexpected role file,FAIL,NOT_CHECKED,mechanical INPUT↔OUTPUT check,REPACK
area_09,,,UNEXPECTED,CAST/003_m_hector_s_mon_hector_CAST_F02.png,no extra role PNG,unexpected role file,FAIL,NOT_CHECKED,mechanical INPUT↔OUTPUT check,REPACK
area_09,,,UNEXPECTED,CAST/003_m_hector_s_mon_hector_CAST_F03.png,no extra role PNG,unexpected role file,FAIL,NOT_CHECKED,mechanical INPUT↔OUTPUT check,REPACK
area_09,,,UNEXPECTED,CAST/003_m_hector_s_mon_hector_CAST_F04.png,no extra role PNG,unexpected role file,FAIL,NOT_CHECKED,mechanical INPUT↔OUTPUT check,REPACK
area_09,,,UNEXPECTED,CAST/003_m_hector_s_mon_hector_CAST_F05.png,no extra role PNG,unexpected role file,FAIL,NOT_CHECKED,mechanical INPUT↔OUTPUT check,REPACK
area_09,,,UNEXPECTED,CAST/003_m_hector_s_mon_hector_CAST_F06.png,no extra role PNG,unexpected role file,FAIL,NOT_CHECKED,mechanical INPUT↔OUTPUT check,REPACK
area_09,,,UNEXPECTED,CAST/003_m_hector_s_mon_hector_CAST_F07.png,no extra role PNG,unexpected role file,FAIL,NOT_CHECKED,mechanical INPUT↔OUTPUT check,REPACK
area_09,,,UNEXPECTED,CAST/004_m_white_fang_s_mon_white_fang_CAST_F00.png,no extra role PNG,unexpected role file,FAIL,NOT_CHECKED,mechanical INPUT↔OUTPUT check,REPACK
area_09,,,UNEXPECTED,CAST/004_m_white_fang_s_mon_white_fang_CAST_F01.png,no extra role PNG,unexpected role file,FAIL,NOT_CHECKED,mechanical INPUT↔OUTPUT check,REPACK
area_09,,,UNEXPECTED,CAST/004_m_white_fang_s_mon_white_fang_CAST_F02.png,no extra role PNG,unexpected role file,FAIL,NOT_CHECKED,mechanical INPUT↔OUTPUT check,REPACK
area_09,,,UNEXPECTED,CAST/004_m_white_fang_s_mon_white_fang_CAST_F03.png,no extra role PNG,unexpected role file,FAIL,NOT_CHECKED,mechanical INPUT↔OUTPUT check,REPACK
area_09,,,UNEXPECTED,CAST/004_m_white_fang_s_mon_white_fang_CAST_F04.png,no extra role PNG,unexpected role file,FAIL,NOT_CHECKED,mechanical INPUT↔OUTPUT check,REPACK
area_09,,,UNEXPECTED,CAST/004_m_white_fang_s_mon_white_fang_CAST_F05.png,no extra role PNG,unexpected role file,FAIL,NOT_CHECKED,mechanical INPUT↔OUTPUT check,REPACK
area_09,,,UNEXPECTED,CAST/004_m_white_fang_s_mon_white_fang_CAST_F06.png,no extra role PNG,unexpected role file,FAIL,NOT_CHECKED,mechanical INPUT↔OUTPUT check,REPACK
area_09,,,UNEXPECTED,CAST/004_m_white_fang_s_mon_white_fang_CAST_F07.png,no extra role PNG,unexpected role file,FAIL,NOT_CHECKED,mechanical INPUT↔OUTPUT check,REPACK
area_09,,,UNEXPECTED,CAST/005_m_snow_witch_s_mon_snow_witch_CAST_F00.png,no extra role PNG,unexpected role file,FAIL,NOT_CHECKED,mechanical INPUT↔OUTPUT check,REPACK
area_09,,,UNEXPECTED,CAST/005_m_snow_witch_s_mon_snow_witch_CAST_F01.png,no extra role PNG,unexpected role file,FAIL,NOT_CHECKED,mechanical INPUT↔OUTPUT check,REPACK
area_09,,,UNEXPECTED,CAST/005_m_snow_witch_s_mon_snow_witch_CAST_F02.png,no extra role PNG,unexpected role file,FAIL,NOT_CHECKED,mechanical INPUT↔OUTPUT check,REPACK
area_09,,,UNEXPECTED,CAST/005_m_snow_witch_s_mon_snow_witch_CAST_F03.png,no extra role PNG,unexpected role file,FAIL,NOT_CHECKED,mechanical INPUT↔OUTPUT check,REPACK
area_09,,,UNEXPECTED,CAST/005_m_snow_witch_s_mon_snow_witch_CAST_F04.png,no extra role PNG,unexpected role file,FAIL,NOT_CHECKED,mechanical INPUT↔OUTPUT check,REPACK
area_09,,,UNEXPECTED,CAST/005_m_snow_witch_s_mon_snow_witch_CAST_F05.png,no extra role PNG,unexpected role file,FAIL,NOT_CHECKED,mechanical INPUT↔OUTPUT check,REPACK
area_09,,,UNEXPECTED,CAST/005_m_snow_witch_s_mon_snow_witch_CAST_F06.png,no extra role PNG,unexpected role file,FAIL,NOT_CHECKED,mechanical INPUT↔OUTPUT check,REPACK
area_09,,,UNEXPECTED,CAST/005_m_snow_witch_s_mon_snow_witch_CAST_F07.png,no extra role PNG,unexpected role file,FAIL,NOT_CHECKED,mechanical INPUT↔OUTPUT check,REPACK
area_09,,,UNEXPECTED,CAST/005_m_snow_witch_s_mon_snow_witch_CAST_F08.png,no extra role PNG,unexpected role file,FAIL,NOT_CHECKED,mechanical INPUT↔OUTPUT check,REPACK
area_09,,,UNEXPECTED,CAST/005_m_snow_witch_s_mon_snow_witch_CAST_F09.png,no extra role PNG,unexpected role file,FAIL,NOT_CHECKED,mechanical INPUT↔OUTPUT check,REPACK
area_09,,,UNEXPECTED,CAST/005_m_snow_witch_s_mon_snow_witch_CAST_F10.png,no extra role PNG,unexpected role file,FAIL,NOT_CHECKED,mechanical INPUT↔OUTPUT check,REPACK
area_09,,,UNEXPECTED,CAST/005_m_snow_witch_s_mon_snow_witch_CAST_F11.png,no extra role PNG,unexpected role file,FAIL,NOT_CHECKED,mechanical INPUT↔OUTPUT check,REPACK
area_09,,,UNEXPECTED,ICON/001_m_jr_yeti_s_mon_jr_yeti_ICON.png,no extra role PNG,unexpected role file,FAIL,NOT_CHECKED,mechanical INPUT↔OUTPUT check,REPACK
area_09,,,UNEXPECTED,ICON/002_m_dark_jr_yeti_s_mon_dark_jr_yeti_ICON.png,no extra role PNG,unexpected role file,FAIL,NOT_CHECKED,mechanical INPUT↔OUTPUT check,REPACK
area_09,,,UNEXPECTED,ICON/003_m_hector_s_mon_hector_ICON.png,no extra role PNG,unexpected role file,FAIL,NOT_CHECKED,mechanical INPUT↔OUTPUT check,REPACK
area_09,,,UNEXPECTED,ICON/004_m_white_fang_s_mon_white_fang_ICON.png,no extra role PNG,unexpected role file,FAIL,NOT_CHECKED,mechanical INPUT↔OUTPUT check,REPACK
area_09,,,UNEXPECTED,ICON/005_m_snow_witch_s_mon_snow_witch_ICON.png,no extra role PNG,unexpected role file,FAIL,NOT_CHECKED,mechanical INPUT↔OUTPUT check,REPACK
area_09,,,UNEXPECTED,REFERENCE/001_m_jr_yeti_s_mon_jr_yeti_REFERENCE_F00.png,no extra role PNG,unexpected role file,FAIL,NOT_CHECKED,mechanical INPUT↔OUTPUT check,REPACK
area_09,,,UNEXPECTED,REFERENCE/001_m_jr_yeti_s_mon_jr_yeti_REFERENCE_F01.png,no extra role PNG,unexpected role file,FAIL,NOT_CHECKED,mechanical INPUT↔OUTPUT check,REPACK
area_09,,,UNEXPECTED,REFERENCE/001_m_jr_yeti_s_mon_jr_yeti_REFERENCE_F02.png,no extra role PNG,unexpected role file,FAIL,NOT_CHECKED,mechanical INPUT↔OUTPUT check,REPACK
area_09,,,UNEXPECTED,REFERENCE/001_m_jr_yeti_s_mon_jr_yeti_REFERENCE_F03.png,no extra role PNG,unexpected role file,FAIL,NOT_CHECKED,mechanical INPUT↔OUTPUT check,REPACK
area_09,,,UNEXPECTED,REFERENCE/001_m_jr_yeti_s_mon_jr_yeti_REFERENCE_F04.png,no extra role PNG,unexpected role file,FAIL,NOT_CHECKED,mechanical INPUT↔OUTPUT check,REPACK
area_09,,,UNEXPECTED,REFERENCE/001_m_jr_yeti_s_mon_jr_yeti_REFERENCE_F05.png,no extra role PNG,unexpected role file,FAIL,NOT_CHECKED,mechanical INPUT↔OUTPUT check,REPACK
area_09,,,UNEXPECTED,REFERENCE/002_m_dark_jr_yeti_s_mon_dark_jr_yeti_REFERENCE_F00.png,no extra role PNG,unexpected role file,FAIL,NOT_CHECKED,mechanical INPUT↔OUTPUT check,REPACK
area_09,,,UNEXPECTED,REFERENCE/002_m_dark_jr_yeti_s_mon_dark_jr_yeti_REFERENCE_F01.png,no extra role PNG,unexpected role file,FAIL,NOT_CHECKED,mechanical INPUT↔OUTPUT check,REPACK
area_09,,,UNEXPECTED,REFERENCE/002_m_dark_jr_yeti_s_mon_dark_jr_yeti_REFERENCE_F02.png,no extra role PNG,unexpected role file,FAIL,NOT_CHECKED,mechanical INPUT↔OUTPUT check,REPACK
area_09,,,UNEXPECTED,REFERENCE/002_m_dark_jr_yeti_s_mon_dark_jr_yeti_REFERENCE_F03.png,no extra role PNG,unexpected role file,FAIL,NOT_CHECKED,mechanical INPUT↔OUTPUT check,REPACK
area_09,,,UNEXPECTED,REFERENCE/002_m_dark_jr_yeti_s_mon_dark_jr_yeti_REFERENCE_F04.png,no extra role PNG,unexpected role file,FAIL,NOT_CHECKED,mechanical INPUT↔OUTPUT check,REPACK
area_09,,,UNEXPECTED,REFERENCE/002_m_dark_jr_yeti_s_mon_dark_jr_yeti_REFERENCE_F05.png,no extra role PNG,unexpected role file,FAIL,NOT_CHECKED,mechanical INPUT↔OUTPUT check,REPACK
area_09,m_jr_yeti,s_mon_jr_yeti,RESULT_INFO,monsters/001_m_jr_yeti_주니어_예티/RESULT_INFO.md,required,missing,FAIL,NOT_CHECKED,mechanical INPUT↔OUTPUT check,REPACK
area_09,m_jr_yeti,s_mon_jr_yeti,PREVIEW,monsters/001_m_jr_yeti_주니어_예티/PREVIEW/labeled_preview.png,required labeled preview,missing,FAIL,NOT_CHECKED,mechanical INPUT↔OUTPUT check,REPACK
area_09,m_dark_jr_yeti,s_mon_dark_jr_yeti,RESULT_INFO,monsters/002_m_dark_jr_yeti_다크_주니어_예티/RESULT_INFO.md,required,missing,FAIL,NOT_CHECKED,mechanical INPUT↔OUTPUT check,REPACK
area_09,m_dark_jr_yeti,s_mon_dark_jr_yeti,PREVIEW,monsters/002_m_dark_jr_yeti_다크_주니어_예티/PREVIEW/labeled_preview.png,required labeled preview,missing,FAIL,NOT_CHECKED,mechanical INPUT↔OUTPUT check,REPACK
area_09,m_hector,s_mon_hector,RESULT_INFO,monsters/003_m_hector_헥터/RESULT_INFO.md,required,missing,FAIL,NOT_CHECKED,mechanical INPUT↔OUTPUT check,REPACK
area_09,m_hector,s_mon_hector,PREVIEW,monsters/003_m_hector_헥터/PREVIEW/labeled_preview.png,required labeled preview,missing,FAIL,NOT_CHECKED,mechanical INPUT↔OUTPUT check,REPACK
area_09,m_white_fang,s_mon_white_fang,RESULT_INFO,monsters/004_m_white_fang_화이트팽/RESULT_INFO.md,required,missing,FAIL,NOT_CHECKED,mechanical INPUT↔OUTPUT check,REPACK
area_09,m_white_fang,s_mon_white_fang,PREVIEW,monsters/004_m_white_fang_화이트팽/PREVIEW/labeled_preview.png,required labeled preview,missing,FAIL,NOT_CHECKED,mechanical INPUT↔OUTPUT check,REPACK
area_09,m_snow_witch,s_mon_snow_witch,RESULT_INFO,monsters/005_m_snow_witch_설산의_마녀/RESULT_INFO.md,required,missing,FAIL,NOT_CHECKED,mechanical INPUT↔OUTPUT check,REPACK
area_09,m_snow_witch,s_mon_snow_witch,PREVIEW,monsters/005_m_snow_witch_설산의_마녀/PREVIEW/labeled_preview.png,required labeled preview,missing,FAIL,NOT_CHECKED,mechanical INPUT↔OUTPUT check,REPACK
area_10,m_bubble_fish,s_mon_bubble_fish,ICON,monsters/001_m_bubble_fish_버블피쉬/ICON/001_m_bubble_fish_s_mon_bubble_fish_ICON.png,required file,missing,FAIL,NOT_CHECKED,mechanical INPUT↔OUTPUT check,REPACK
area_10,m_bubble_fish,s_mon_bubble_fish,REFERENCE_VFX,monsters/001_m_bubble_fish_버블피쉬/REFERENCE/001_m_bubble_fish_s_mon_bubble_fish_REFERENCE_F00.png,required file,missing,FAIL,NOT_CHECKED,mechanical INPUT↔OUTPUT check,REPACK
area_10,m_bubble_fish,s_mon_bubble_fish,REFERENCE_VFX,monsters/001_m_bubble_fish_버블피쉬/REFERENCE/001_m_bubble_fish_s_mon_bubble_fish_REFERENCE_F01.png,required file,missing,FAIL,NOT_CHECKED,mechanical INPUT↔OUTPUT check,REPACK
area_10,m_bubble_fish,s_mon_bubble_fish,REFERENCE_VFX,monsters/001_m_bubble_fish_버블피쉬/REFERENCE/001_m_bubble_fish_s_mon_bubble_fish_REFERENCE_F02.png,required file,missing,FAIL,NOT_CHECKED,mechanical INPUT↔OUTPUT check,REPACK
area_10,m_bubble_fish,s_mon_bubble_fish,REFERENCE_VFX,monsters/001_m_bubble_fish_버블피쉬/REFERENCE/001_m_bubble_fish_s_mon_bubble_fish_REFERENCE_F03.png,required file,missing,FAIL,NOT_CHECKED,mechanical INPUT↔OUTPUT check,REPACK
area_10,m_bubble_fish,s_mon_bubble_fish,REFERENCE_VFX,monsters/001_m_bubble_fish_버블피쉬/REFERENCE/001_m_bubble_fish_s_mon_bubble_fish_REFERENCE_F04.png,required file,missing,FAIL,NOT_CHECKED,mechanical INPUT↔OUTPUT check,REPACK
area_10,m_bubble_fish,s_mon_bubble_fish,REFERENCE_VFX,monsters/001_m_bubble_fish_버블피쉬/REFERENCE/001_m_bubble_fish_s_mon_bubble_fish_REFERENCE_F05.png,required file,missing,FAIL,NOT_CHECKED,mechanical INPUT↔OUTPUT check,REPACK
area_10,m_mask_fish,s_mon_mask_fish,ICON,monsters/002_m_mask_fish_마스크피쉬/ICON/002_m_mask_fish_s_mon_mask_fish_ICON.png,required file,missing,FAIL,NOT_CHECKED,mechanical INPUT↔OUTPUT check,REPACK
area_10,m_mask_fish,s_mon_mask_fish,REFERENCE_VFX,monsters/002_m_mask_fish_마스크피쉬/REFERENCE/002_m_mask_fish_s_mon_mask_fish_REFERENCE_F00.png,required file,missing,FAIL,NOT_CHECKED,mechanical INPUT↔OUTPUT check,REPACK
area_10,m_mask_fish,s_mon_mask_fish,REFERENCE_VFX,monsters/002_m_mask_fish_마스크피쉬/REFERENCE/002_m_mask_fish_s_mon_mask_fish_REFERENCE_F01.png,required file,missing,FAIL,NOT_CHECKED,mechanical INPUT↔OUTPUT check,REPACK
area_10,m_mask_fish,s_mon_mask_fish,REFERENCE_VFX,monsters/002_m_mask_fish_마스크피쉬/REFERENCE/002_m_mask_fish_s_mon_mask_fish_REFERENCE_F02.png,required file,missing,FAIL,NOT_CHECKED,mechanical INPUT↔OUTPUT check,REPACK
area_10,m_mask_fish,s_mon_mask_fish,REFERENCE_VFX,monsters/002_m_mask_fish_마스크피쉬/REFERENCE/002_m_mask_fish_s_mon_mask_fish_REFERENCE_F03.png,required file,missing,FAIL,NOT_CHECKED,mechanical INPUT↔OUTPUT check,REPACK
area_10,m_mask_fish,s_mon_mask_fish,REFERENCE_VFX,monsters/002_m_mask_fish_마스크피쉬/REFERENCE/002_m_mask_fish_s_mon_mask_fish_REFERENCE_F04.png,required file,missing,FAIL,NOT_CHECKED,mechanical INPUT↔OUTPUT check,REPACK
area_10,m_mask_fish,s_mon_mask_fish,REFERENCE_VFX,monsters/002_m_mask_fish_마스크피쉬/REFERENCE/002_m_mask_fish_s_mon_mask_fish_REFERENCE_F05.png,required file,missing,FAIL,NOT_CHECKED,mechanical INPUT↔OUTPUT check,REPACK
area_10,m_squid,s_mon_squid,ICON,monsters/003_m_squid_스퀴드/ICON/003_m_squid_s_mon_squid_ICON.png,required file,missing,FAIL,NOT_CHECKED,mechanical INPUT↔OUTPUT check,REPACK
area_10,m_squid,s_mon_squid,CAST_VFX,monsters/003_m_squid_스퀴드/CAST/003_m_squid_s_mon_squid_CAST_F00.png,required file,missing,FAIL,NOT_CHECKED,mechanical INPUT↔OUTPUT check,REPACK
area_10,m_squid,s_mon_squid,CAST_VFX,monsters/003_m_squid_스퀴드/CAST/003_m_squid_s_mon_squid_CAST_F01.png,required file,missing,FAIL,NOT_CHECKED,mechanical INPUT↔OUTPUT check,REPACK
area_10,m_squid,s_mon_squid,CAST_VFX,monsters/003_m_squid_스퀴드/CAST/003_m_squid_s_mon_squid_CAST_F02.png,required file,missing,FAIL,NOT_CHECKED,mechanical INPUT↔OUTPUT check,REPACK
area_10,m_squid,s_mon_squid,CAST_VFX,monsters/003_m_squid_스퀴드/CAST/003_m_squid_s_mon_squid_CAST_F03.png,required file,missing,FAIL,NOT_CHECKED,mechanical INPUT↔OUTPUT check,REPACK
area_10,m_squid,s_mon_squid,CAST_VFX,monsters/003_m_squid_스퀴드/CAST/003_m_squid_s_mon_squid_CAST_F04.png,required file,missing,FAIL,NOT_CHECKED,mechanical INPUT↔OUTPUT check,REPACK
area_10,m_squid,s_mon_squid,CAST_VFX,monsters/003_m_squid_스퀴드/CAST/003_m_squid_s_mon_squid_CAST_F05.png,required file,missing,FAIL,NOT_CHECKED,mechanical INPUT↔OUTPUT check,REPACK
area_10,m_squid,s_mon_squid,CAST_VFX,monsters/003_m_squid_스퀴드/CAST/003_m_squid_s_mon_squid_CAST_F06.png,required file,missing,FAIL,NOT_CHECKED,mechanical INPUT↔OUTPUT check,REPACK
area_10,m_squid,s_mon_squid,CAST_VFX,monsters/003_m_squid_스퀴드/CAST/003_m_squid_s_mon_squid_CAST_F07.png,required file,missing,FAIL,NOT_CHECKED,mechanical INPUT↔OUTPUT check,REPACK
area_10,m_shark,s_mon_shark,ICON,monsters/004_m_shark_샤크/ICON/004_m_shark_s_mon_shark_ICON.png,required file,missing,FAIL,NOT_CHECKED,mechanical INPUT↔OUTPUT check,REPACK
area_10,m_shark,s_mon_shark,CAST_VFX,monsters/004_m_shark_샤크/CAST/004_m_shark_s_mon_shark_CAST_F00.png,required file,missing,FAIL,NOT_CHECKED,mechanical INPUT↔OUTPUT check,REPACK
area_10,m_shark,s_mon_shark,CAST_VFX,monsters/004_m_shark_샤크/CAST/004_m_shark_s_mon_shark_CAST_F01.png,required file,missing,FAIL,NOT_CHECKED,mechanical INPUT↔OUTPUT check,REPACK
area_10,m_shark,s_mon_shark,CAST_VFX,monsters/004_m_shark_샤크/CAST/004_m_shark_s_mon_shark_CAST_F02.png,required file,missing,FAIL,NOT_CHECKED,mechanical INPUT↔OUTPUT check,REPACK
area_10,m_shark,s_mon_shark,CAST_VFX,monsters/004_m_shark_샤크/CAST/004_m_shark_s_mon_shark_CAST_F03.png,required file,missing,FAIL,NOT_CHECKED,mechanical INPUT↔OUTPUT check,REPACK
area_10,m_shark,s_mon_shark,CAST_VFX,monsters/004_m_shark_샤크/CAST/004_m_shark_s_mon_shark_CAST_F04.png,required file,missing,FAIL,NOT_CHECKED,mechanical INPUT↔OUTPUT check,REPACK
area_10,m_shark,s_mon_shark,CAST_VFX,monsters/004_m_shark_샤크/CAST/004_m_shark_s_mon_shark_CAST_F05.png,required file,missing,FAIL,NOT_CHECKED,mechanical INPUT↔OUTPUT check,REPACK
area_10,m_shark,s_mon_shark,CAST_VFX,monsters/004_m_shark_샤크/CAST/004_m_shark_s_mon_shark_CAST_F06.png,required file,missing,FAIL,NOT_CHECKED,mechanical INPUT↔OUTPUT check,REPACK
area_10,m_shark,s_mon_shark,CAST_VFX,monsters/004_m_shark_샤크/CAST/004_m_shark_s_mon_shark_CAST_F07.png,required file,missing,FAIL,NOT_CHECKED,mechanical INPUT↔OUTPUT check,REPACK
area_10,m_shark,s_mon_shark,PROJECTILE,monsters/004_m_shark_샤크/PROJECTILE/004_m_shark_s_mon_shark_PROJECTILE_F00.png,required file,missing,FAIL,NOT_CHECKED,mechanical INPUT↔OUTPUT check,REPACK
area_10,m_shark,s_mon_shark,PROJECTILE,monsters/004_m_shark_샤크/PROJECTILE/004_m_shark_s_mon_shark_PROJECTILE_F01.png,required file,missing,FAIL,NOT_CHECKED,mechanical INPUT↔OUTPUT check,REPACK
area_10,m_shark,s_mon_shark,PROJECTILE,monsters/004_m_shark_샤크/PROJECTILE/004_m_shark_s_mon_shark_PROJECTILE_F02.png,required file,missing,FAIL,NOT_CHECKED,mechanical INPUT↔OUTPUT check,REPACK
area_10,m_shark,s_mon_shark,PROJECTILE,monsters/004_m_shark_샤크/PROJECTILE/004_m_shark_s_mon_shark_PROJECTILE_F03.png,required file,missing,FAIL,NOT_CHECKED,mechanical INPUT↔OUTPUT check,REPACK
area_10,m_pianus,s_mon_pianus,ICON,monsters/005_m_pianus_피아누스/ICON/005_m_pianus_s_mon_pianus_ICON.png,required file,missing,FAIL,NOT_CHECKED,mechanical INPUT↔OUTPUT check,REPACK
area_10,m_pianus,s_mon_pianus,CAST_VFX,monsters/005_m_pianus_피아누스/CAST/005_m_pianus_s_mon_pianus_CAST_F00.png,required file,missing,FAIL,NOT_CHECKED,mechanical INPUT↔OUTPUT check,REPACK
area_10,m_pianus,s_mon_pianus,CAST_VFX,monsters/005_m_pianus_피아누스/CAST/005_m_pianus_s_mon_pianus_CAST_F01.png,required file,missing,FAIL,NOT_CHECKED,mechanical INPUT↔OUTPUT check,REPACK
area_10,m_pianus,s_mon_pianus,CAST_VFX,monsters/005_m_pianus_피아누스/CAST/005_m_pianus_s_mon_pianus_CAST_F02.png,required file,missing,FAIL,NOT_CHECKED,mechanical INPUT↔OUTPUT check,REPACK
area_10,m_pianus,s_mon_pianus,CAST_VFX,monsters/005_m_pianus_피아누스/CAST/005_m_pianus_s_mon_pianus_CAST_F03.png,required file,missing,FAIL,NOT_CHECKED,mechanical INPUT↔OUTPUT check,REPACK
area_10,m_pianus,s_mon_pianus,CAST_VFX,monsters/005_m_pianus_피아누스/CAST/005_m_pianus_s_mon_pianus_CAST_F04.png,required file,missing,FAIL,NOT_CHECKED,mechanical INPUT↔OUTPUT check,REPACK
area_10,m_pianus,s_mon_pianus,CAST_VFX,monsters/005_m_pianus_피아누스/CAST/005_m_pianus_s_mon_pianus_CAST_F05.png,required file,missing,FAIL,NOT_CHECKED,mechanical INPUT↔OUTPUT check,REPACK
area_10,m_pianus,s_mon_pianus,CAST_VFX,monsters/005_m_pianus_피아누스/CAST/005_m_pianus_s_mon_pianus_CAST_F06.png,required file,missing,FAIL,NOT_CHECKED,mechanical INPUT↔OUTPUT check,REPACK
area_10,m_pianus,s_mon_pianus,CAST_VFX,monsters/005_m_pianus_피아누스/CAST/005_m_pianus_s_mon_pianus_CAST_F07.png,required file,missing,FAIL,NOT_CHECKED,mechanical INPUT↔OUTPUT check,REPACK
area_10,m_pianus,s_mon_pianus,CAST_VFX,monsters/005_m_pianus_피아누스/CAST/005_m_pianus_s_mon_pianus_CAST_F08.png,required file,missing,FAIL,NOT_CHECKED,mechanical INPUT↔OUTPUT check,REPACK
area_10,m_pianus,s_mon_pianus,CAST_VFX,monsters/005_m_pianus_피아누스/CAST/005_m_pianus_s_mon_pianus_CAST_F09.png,required file,missing,FAIL,NOT_CHECKED,mechanical INPUT↔OUTPUT check,REPACK
area_10,m_pianus,s_mon_pianus,CAST_VFX,monsters/005_m_pianus_피아누스/CAST/005_m_pianus_s_mon_pianus_CAST_F10.png,required file,missing,FAIL,NOT_CHECKED,mechanical INPUT↔OUTPUT check,REPACK
area_10,m_pianus,s_mon_pianus,CAST_VFX,monsters/005_m_pianus_피아누스/CAST/005_m_pianus_s_mon_pianus_CAST_F11.png,required file,missing,FAIL,NOT_CHECKED,mechanical INPUT↔OUTPUT check,REPACK
area_10,,,UNEXPECTED,CAST/003_m_squid_s_mon_squid_CAST_F00.png,no extra role PNG,unexpected role file,FAIL,NOT_CHECKED,mechanical INPUT↔OUTPUT check,REPACK
area_10,,,UNEXPECTED,CAST/003_m_squid_s_mon_squid_CAST_F01.png,no extra role PNG,unexpected role file,FAIL,NOT_CHECKED,mechanical INPUT↔OUTPUT check,REPACK
area_10,,,UNEXPECTED,CAST/003_m_squid_s_mon_squid_CAST_F02.png,no extra role PNG,unexpected role file,FAIL,NOT_CHECKED,mechanical INPUT↔OUTPUT check,REPACK
area_10,,,UNEXPECTED,CAST/003_m_squid_s_mon_squid_CAST_F03.png,no extra role PNG,unexpected role file,FAIL,NOT_CHECKED,mechanical INPUT↔OUTPUT check,REPACK
area_10,,,UNEXPECTED,CAST/003_m_squid_s_mon_squid_CAST_F04.png,no extra role PNG,unexpected role file,FAIL,NOT_CHECKED,mechanical INPUT↔OUTPUT check,REPACK
area_10,,,UNEXPECTED,CAST/003_m_squid_s_mon_squid_CAST_F05.png,no extra role PNG,unexpected role file,FAIL,NOT_CHECKED,mechanical INPUT↔OUTPUT check,REPACK
area_10,,,UNEXPECTED,CAST/003_m_squid_s_mon_squid_CAST_F06.png,no extra role PNG,unexpected role file,FAIL,NOT_CHECKED,mechanical INPUT↔OUTPUT check,REPACK
area_10,,,UNEXPECTED,CAST/003_m_squid_s_mon_squid_CAST_F07.png,no extra role PNG,unexpected role file,FAIL,NOT_CHECKED,mechanical INPUT↔OUTPUT check,REPACK
area_10,,,UNEXPECTED,CAST/004_m_shark_s_mon_shark_CAST_F00.png,no extra role PNG,unexpected role file,FAIL,NOT_CHECKED,mechanical INPUT↔OUTPUT check,REPACK
area_10,,,UNEXPECTED,CAST/004_m_shark_s_mon_shark_CAST_F01.png,no extra role PNG,unexpected role file,FAIL,NOT_CHECKED,mechanical INPUT↔OUTPUT check,REPACK
area_10,,,UNEXPECTED,CAST/004_m_shark_s_mon_shark_CAST_F02.png,no extra role PNG,unexpected role file,FAIL,NOT_CHECKED,mechanical INPUT↔OUTPUT check,REPACK
area_10,,,UNEXPECTED,CAST/004_m_shark_s_mon_shark_CAST_F03.png,no extra role PNG,unexpected role file,FAIL,NOT_CHECKED,mechanical INPUT↔OUTPUT check,REPACK
area_10,,,UNEXPECTED,CAST/004_m_shark_s_mon_shark_CAST_F04.png,no extra role PNG,unexpected role file,FAIL,NOT_CHECKED,mechanical INPUT↔OUTPUT check,REPACK
area_10,,,UNEXPECTED,CAST/004_m_shark_s_mon_shark_CAST_F05.png,no extra role PNG,unexpected role file,FAIL,NOT_CHECKED,mechanical INPUT↔OUTPUT check,REPACK
area_10,,,UNEXPECTED,CAST/004_m_shark_s_mon_shark_CAST_F06.png,no extra role PNG,unexpected role file,FAIL,NOT_CHECKED,mechanical INPUT↔OUTPUT check,REPACK
area_10,,,UNEXPECTED,CAST/004_m_shark_s_mon_shark_CAST_F07.png,no extra role PNG,unexpected role file,FAIL,NOT_CHECKED,mechanical INPUT↔OUTPUT check,REPACK
area_10,,,UNEXPECTED,CAST/005_m_pianus_s_mon_pianus_CAST_F00.png,no extra role PNG,unexpected role file,FAIL,NOT_CHECKED,mechanical INPUT↔OUTPUT check,REPACK
area_10,,,UNEXPECTED,CAST/005_m_pianus_s_mon_pianus_CAST_F01.png,no extra role PNG,unexpected role file,FAIL,NOT_CHECKED,mechanical INPUT↔OUTPUT check,REPACK
area_10,,,UNEXPECTED,CAST/005_m_pianus_s_mon_pianus_CAST_F02.png,no extra role PNG,unexpected role file,FAIL,NOT_CHECKED,mechanical INPUT↔OUTPUT check,REPACK
area_10,,,UNEXPECTED,CAST/005_m_pianus_s_mon_pianus_CAST_F03.png,no extra role PNG,unexpected role file,FAIL,NOT_CHECKED,mechanical INPUT↔OUTPUT check,REPACK
area_10,,,UNEXPECTED,CAST/005_m_pianus_s_mon_pianus_CAST_F04.png,no extra role PNG,unexpected role file,FAIL,NOT_CHECKED,mechanical INPUT↔OUTPUT check,REPACK
area_10,,,UNEXPECTED,CAST/005_m_pianus_s_mon_pianus_CAST_F05.png,no extra role PNG,unexpected role file,FAIL,NOT_CHECKED,mechanical INPUT↔OUTPUT check,REPACK
area_10,,,UNEXPECTED,CAST/005_m_pianus_s_mon_pianus_CAST_F06.png,no extra role PNG,unexpected role file,FAIL,NOT_CHECKED,mechanical INPUT↔OUTPUT check,REPACK
area_10,,,UNEXPECTED,CAST/005_m_pianus_s_mon_pianus_CAST_F07.png,no extra role PNG,unexpected role file,FAIL,NOT_CHECKED,mechanical INPUT↔OUTPUT check,REPACK
area_10,,,UNEXPECTED,CAST/005_m_pianus_s_mon_pianus_CAST_F08.png,no extra role PNG,unexpected role file,FAIL,NOT_CHECKED,mechanical INPUT↔OUTPUT check,REPACK
area_10,,,UNEXPECTED,CAST/005_m_pianus_s_mon_pianus_CAST_F09.png,no extra role PNG,unexpected role file,FAIL,NOT_CHECKED,mechanical INPUT↔OUTPUT check,REPACK
area_10,,,UNEXPECTED,CAST/005_m_pianus_s_mon_pianus_CAST_F10.png,no extra role PNG,unexpected role file,FAIL,NOT_CHECKED,mechanical INPUT↔OUTPUT check,REPACK
area_10,,,UNEXPECTED,CAST/005_m_pianus_s_mon_pianus_CAST_F11.png,no extra role PNG,unexpected role file,FAIL,NOT_CHECKED,mechanical INPUT↔OUTPUT check,REPACK
area_10,,,UNEXPECTED,ICON/001_m_bubble_fish_s_mon_bubble_fish_ICON.png,no extra role PNG,unexpected role file,FAIL,NOT_CHECKED,mechanical INPUT↔OUTPUT check,REPACK
area_10,,,UNEXPECTED,ICON/002_m_mask_fish_s_mon_mask_fish_ICON.png,no extra role PNG,unexpected role file,FAIL,NOT_CHECKED,mechanical INPUT↔OUTPUT check,REPACK
area_10,,,UNEXPECTED,ICON/003_m_squid_s_mon_squid_ICON.png,no extra role PNG,unexpected role file,FAIL,NOT_CHECKED,mechanical INPUT↔OUTPUT check,REPACK
area_10,,,UNEXPECTED,ICON/004_m_shark_s_mon_shark_ICON.png,no extra role PNG,unexpected role file,FAIL,NOT_CHECKED,mechanical INPUT↔OUTPUT check,REPACK
area_10,,,UNEXPECTED,ICON/005_m_pianus_s_mon_pianus_ICON.png,no extra role PNG,unexpected role file,FAIL,NOT_CHECKED,mechanical INPUT↔OUTPUT check,REPACK
area_10,,,UNEXPECTED,PROJECTILE/004_m_shark_s_mon_shark_PROJECTILE_F00.png,no extra role PNG,unexpected role file,FAIL,NOT_CHECKED,mechanical INPUT↔OUTPUT check,REPACK
area_10,,,UNEXPECTED,PROJECTILE/004_m_shark_s_mon_shark_PROJECTILE_F01.png,no extra role PNG,unexpected role file,FAIL,NOT_CHECKED,mechanical INPUT↔OUTPUT check,REPACK
area_10,,,UNEXPECTED,PROJECTILE/004_m_shark_s_mon_shark_PROJECTILE_F02.png,no extra role PNG,unexpected role file,FAIL,NOT_CHECKED,mechanical INPUT↔OUTPUT check,REPACK
area_10,,,UNEXPECTED,PROJECTILE/004_m_shark_s_mon_shark_PROJECTILE_F03.png,no extra role PNG,unexpected role file,FAIL,NOT_CHECKED,mechanical INPUT↔OUTPUT check,REPACK
area_10,,,UNEXPECTED,REFERENCE/001_m_bubble_fish_s_mon_bubble_fish_REFERENCE_F00.png,no extra role PNG,unexpected role file,FAIL,NOT_CHECKED,mechanical INPUT↔OUTPUT check,REPACK
area_10,,,UNEXPECTED,REFERENCE/001_m_bubble_fish_s_mon_bubble_fish_REFERENCE_F01.png,no extra role PNG,unexpected role file,FAIL,NOT_CHECKED,mechanical INPUT↔OUTPUT check,REPACK
area_10,,,UNEXPECTED,REFERENCE/001_m_bubble_fish_s_mon_bubble_fish_REFERENCE_F02.png,no extra role PNG,unexpected role file,FAIL,NOT_CHECKED,mechanical INPUT↔OUTPUT check,REPACK
area_10,,,UNEXPECTED,REFERENCE/001_m_bubble_fish_s_mon_bubble_fish_REFERENCE_F03.png,no extra role PNG,unexpected role file,FAIL,NOT_CHECKED,mechanical INPUT↔OUTPUT check,REPACK
area_10,,,UNEXPECTED,REFERENCE/001_m_bubble_fish_s_mon_bubble_fish_REFERENCE_F04.png,no extra role PNG,unexpected role file,FAIL,NOT_CHECKED,mechanical INPUT↔OUTPUT check,REPACK
area_10,,,UNEXPECTED,REFERENCE/001_m_bubble_fish_s_mon_bubble_fish_REFERENCE_F05.png,no extra role PNG,unexpected role file,FAIL,NOT_CHECKED,mechanical INPUT↔OUTPUT check,REPACK
area_10,,,UNEXPECTED,REFERENCE/002_m_mask_fish_s_mon_mask_fish_REFERENCE_F00.png,no extra role PNG,unexpected role file,FAIL,NOT_CHECKED,mechanical INPUT↔OUTPUT check,REPACK
area_10,,,UNEXPECTED,REFERENCE/002_m_mask_fish_s_mon_mask_fish_REFERENCE_F01.png,no extra role PNG,unexpected role file,FAIL,NOT_CHECKED,mechanical INPUT↔OUTPUT check,REPACK
area_10,,,UNEXPECTED,REFERENCE/002_m_mask_fish_s_mon_mask_fish_REFERENCE_F02.png,no extra role PNG,unexpected role file,FAIL,NOT_CHECKED,mechanical INPUT↔OUTPUT check,REPACK
area_10,,,UNEXPECTED,REFERENCE/002_m_mask_fish_s_mon_mask_fish_REFERENCE_F03.png,no extra role PNG,unexpected role file,FAIL,NOT_CHECKED,mechanical INPUT↔OUTPUT check,REPACK
area_10,,,UNEXPECTED,REFERENCE/002_m_mask_fish_s_mon_mask_fish_REFERENCE_F04.png,no extra role PNG,unexpected role file,FAIL,NOT_CHECKED,mechanical INPUT↔OUTPUT check,REPACK
area_10,,,UNEXPECTED,REFERENCE/002_m_mask_fish_s_mon_mask_fish_REFERENCE_F05.png,no extra role PNG,unexpected role file,FAIL,NOT_CHECKED,mechanical INPUT↔OUTPUT check,REPACK
area_10,m_bubble_fish,s_mon_bubble_fish,RESULT_INFO,monsters/001_m_bubble_fish_버블피쉬/RESULT_INFO.md,required,missing,FAIL,NOT_CHECKED,mechanical INPUT↔OUTPUT check,REPACK
area_10,m_bubble_fish,s_mon_bubble_fish,PREVIEW,monsters/001_m_bubble_fish_버블피쉬/PREVIEW/labeled_preview.png,required labeled preview,missing,FAIL,NOT_CHECKED,mechanical INPUT↔OUTPUT check,REPACK
area_10,m_mask_fish,s_mon_mask_fish,RESULT_INFO,monsters/002_m_mask_fish_마스크피쉬/RESULT_INFO.md,required,missing,FAIL,NOT_CHECKED,mechanical INPUT↔OUTPUT check,REPACK
area_10,m_mask_fish,s_mon_mask_fish,PREVIEW,monsters/002_m_mask_fish_마스크피쉬/PREVIEW/labeled_preview.png,required labeled preview,missing,FAIL,NOT_CHECKED,mechanical INPUT↔OUTPUT check,REPACK
area_10,m_squid,s_mon_squid,RESULT_INFO,monsters/003_m_squid_스퀴드/RESULT_INFO.md,required,missing,FAIL,NOT_CHECKED,mechanical INPUT↔OUTPUT check,REPACK
area_10,m_squid,s_mon_squid,PREVIEW,monsters/003_m_squid_스퀴드/PREVIEW/labeled_preview.png,required labeled preview,missing,FAIL,NOT_CHECKED,mechanical INPUT↔OUTPUT check,REPACK
area_10,m_shark,s_mon_shark,RESULT_INFO,monsters/004_m_shark_샤크/RESULT_INFO.md,required,missing,FAIL,NOT_CHECKED,mechanical INPUT↔OUTPUT check,REPACK
area_10,m_shark,s_mon_shark,PREVIEW,monsters/004_m_shark_샤크/PREVIEW/labeled_preview.png,required labeled preview,missing,FAIL,NOT_CHECKED,mechanical INPUT↔OUTPUT check,REPACK
area_10,m_pianus,s_mon_pianus,RESULT_INFO,monsters/005_m_pianus_피아누스/RESULT_INFO.md,required,missing,FAIL,NOT_CHECKED,mechanical INPUT↔OUTPUT check,REPACK
area_10,m_pianus,s_mon_pianus,PREVIEW,monsters/005_m_pianus_피아누스/PREVIEW/labeled_preview.png,required labeled preview,missing,FAIL,NOT_CHECKED,mechanical INPUT↔OUTPUT check,REPACK
area_11,m_ratz,s_mon_ratz,ICON,monsters/001_m_ratz_라츠/ICON/001_m_ratz_s_mon_ratz_ICON.png,required file,missing,FAIL,NOT_CHECKED,mechanical INPUT↔OUTPUT check,REPACK
area_11,m_ratz,s_mon_ratz,REFERENCE_VFX,monsters/001_m_ratz_라츠/REFERENCE/001_m_ratz_s_mon_ratz_REFERENCE_F00.png,required file,missing,FAIL,NOT_CHECKED,mechanical INPUT↔OUTPUT check,REPACK
area_11,m_ratz,s_mon_ratz,REFERENCE_VFX,monsters/001_m_ratz_라츠/REFERENCE/001_m_ratz_s_mon_ratz_REFERENCE_F01.png,required file,missing,FAIL,NOT_CHECKED,mechanical INPUT↔OUTPUT check,REPACK
area_11,m_ratz,s_mon_ratz,REFERENCE_VFX,monsters/001_m_ratz_라츠/REFERENCE/001_m_ratz_s_mon_ratz_REFERENCE_F02.png,required file,missing,FAIL,NOT_CHECKED,mechanical INPUT↔OUTPUT check,REPACK
area_11,m_ratz,s_mon_ratz,REFERENCE_VFX,monsters/001_m_ratz_라츠/REFERENCE/001_m_ratz_s_mon_ratz_REFERENCE_F03.png,required file,missing,FAIL,NOT_CHECKED,mechanical INPUT↔OUTPUT check,REPACK
area_11,m_ratz,s_mon_ratz,REFERENCE_VFX,monsters/001_m_ratz_라츠/REFERENCE/001_m_ratz_s_mon_ratz_REFERENCE_F04.png,required file,missing,FAIL,NOT_CHECKED,mechanical INPUT↔OUTPUT check,REPACK
area_11,m_ratz,s_mon_ratz,REFERENCE_VFX,monsters/001_m_ratz_라츠/REFERENCE/001_m_ratz_s_mon_ratz_REFERENCE_F05.png,required file,missing,FAIL,NOT_CHECKED,mechanical INPUT↔OUTPUT check,REPACK
area_11,m_drumming_bunny,s_mon_drumming_bunny,ICON,monsters/002_m_drumming_bunny_북치는_토끼/ICON/002_m_drumming_bunny_s_mon_drumming_bunny_ICON.png,required file,missing,FAIL,NOT_CHECKED,mechanical INPUT↔OUTPUT check,REPACK
area_11,m_drumming_bunny,s_mon_drumming_bunny,CAST_VFX,monsters/002_m_drumming_bunny_북치는_토끼/CAST/002_m_drumming_bunny_s_mon_drumming_bunny_CAST_F00.png,required file,missing,FAIL,NOT_CHECKED,mechanical INPUT↔OUTPUT check,REPACK
area_11,m_drumming_bunny,s_mon_drumming_bunny,CAST_VFX,monsters/002_m_drumming_bunny_북치는_토끼/CAST/002_m_drumming_bunny_s_mon_drumming_bunny_CAST_F01.png,required file,missing,FAIL,NOT_CHECKED,mechanical INPUT↔OUTPUT check,REPACK
area_11,m_drumming_bunny,s_mon_drumming_bunny,CAST_VFX,monsters/002_m_drumming_bunny_북치는_토끼/CAST/002_m_drumming_bunny_s_mon_drumming_bunny_CAST_F02.png,required file,missing,FAIL,NOT_CHECKED,mechanical INPUT↔OUTPUT check,REPACK
area_11,m_drumming_bunny,s_mon_drumming_bunny,CAST_VFX,monsters/002_m_drumming_bunny_북치는_토끼/CAST/002_m_drumming_bunny_s_mon_drumming_bunny_CAST_F03.png,required file,missing,FAIL,NOT_CHECKED,mechanical INPUT↔OUTPUT check,REPACK
area_11,m_drumming_bunny,s_mon_drumming_bunny,CAST_VFX,monsters/002_m_drumming_bunny_북치는_토끼/CAST/002_m_drumming_bunny_s_mon_drumming_bunny_CAST_F04.png,required file,missing,FAIL,NOT_CHECKED,mechanical INPUT↔OUTPUT check,REPACK
area_11,m_drumming_bunny,s_mon_drumming_bunny,CAST_VFX,monsters/002_m_drumming_bunny_북치는_토끼/CAST/002_m_drumming_bunny_s_mon_drumming_bunny_CAST_F05.png,required file,missing,FAIL,NOT_CHECKED,mechanical INPUT↔OUTPUT check,REPACK
area_11,m_drumming_bunny,s_mon_drumming_bunny,CAST_VFX,monsters/002_m_drumming_bunny_북치는_토끼/CAST/002_m_drumming_bunny_s_mon_drumming_bunny_CAST_F06.png,required file,missing,FAIL,NOT_CHECKED,mechanical INPUT↔OUTPUT check,REPACK
area_11,m_drumming_bunny,s_mon_drumming_bunny,CAST_VFX,monsters/002_m_drumming_bunny_북치는_토끼/CAST/002_m_drumming_bunny_s_mon_drumming_bunny_CAST_F07.png,required file,missing,FAIL,NOT_CHECKED,mechanical INPUT↔OUTPUT check,REPACK
area_11,m_bloctopus,s_mon_bloctopus,ICON,monsters/003_m_bloctopus_블록퍼스/ICON/003_m_bloctopus_s_mon_bloctopus_ICON.png,required file,missing,FAIL,NOT_CHECKED,mechanical INPUT↔OUTPUT check,REPACK
area_11,m_bloctopus,s_mon_bloctopus,REFERENCE_VFX,monsters/003_m_bloctopus_블록퍼스/REFERENCE/003_m_bloctopus_s_mon_bloctopus_REFERENCE_F00.png,required file,missing,FAIL,NOT_CHECKED,mechanical INPUT↔OUTPUT check,REPACK
area_11,m_bloctopus,s_mon_bloctopus,REFERENCE_VFX,monsters/003_m_bloctopus_블록퍼스/REFERENCE/003_m_bloctopus_s_mon_bloctopus_REFERENCE_F01.png,required file,missing,FAIL,NOT_CHECKED,mechanical INPUT↔OUTPUT check,REPACK
area_11,m_bloctopus,s_mon_bloctopus,REFERENCE_VFX,monsters/003_m_bloctopus_블록퍼스/REFERENCE/003_m_bloctopus_s_mon_bloctopus_REFERENCE_F02.png,required file,missing,FAIL,NOT_CHECKED,mechanical INPUT↔OUTPUT check,REPACK
area_11,m_bloctopus,s_mon_bloctopus,REFERENCE_VFX,monsters/003_m_bloctopus_블록퍼스/REFERENCE/003_m_bloctopus_s_mon_bloctopus_REFERENCE_F03.png,required file,missing,FAIL,NOT_CHECKED,mechanical INPUT↔OUTPUT check,REPACK
area_11,m_bloctopus,s_mon_bloctopus,REFERENCE_VFX,monsters/003_m_bloctopus_블록퍼스/REFERENCE/003_m_bloctopus_s_mon_bloctopus_REFERENCE_F04.png,required file,missing,FAIL,NOT_CHECKED,mechanical INPUT↔OUTPUT check,REPACK
area_11,m_bloctopus,s_mon_bloctopus,REFERENCE_VFX,monsters/003_m_bloctopus_블록퍼스/REFERENCE/003_m_bloctopus_s_mon_bloctopus_REFERENCE_F05.png,required file,missing,FAIL,NOT_CHECKED,mechanical INPUT↔OUTPUT check,REPACK
area_11,m_king_bloctopus,s_mon_king_bloctopus,ICON,monsters/004_m_king_bloctopus_킹_블록퍼스/ICON/004_m_king_bloctopus_s_mon_king_bloctopus_ICON.png,required file,missing,FAIL,NOT_CHECKED,mechanical INPUT↔OUTPUT check,REPACK
area_11,m_king_bloctopus,s_mon_king_bloctopus,CAST_VFX,monsters/004_m_king_bloctopus_킹_블록퍼스/CAST/004_m_king_bloctopus_s_mon_king_bloctopus_CAST_F00.png,required file,missing,FAIL,NOT_CHECKED,mechanical INPUT↔OUTPUT check,REPACK
area_11,m_king_bloctopus,s_mon_king_bloctopus,CAST_VFX,monsters/004_m_king_bloctopus_킹_블록퍼스/CAST/004_m_king_bloctopus_s_mon_king_bloctopus_CAST_F01.png,required file,missing,FAIL,NOT_CHECKED,mechanical INPUT↔OUTPUT check,REPACK
area_11,m_king_bloctopus,s_mon_king_bloctopus,CAST_VFX,monsters/004_m_king_bloctopus_킹_블록퍼스/CAST/004_m_king_bloctopus_s_mon_king_bloctopus_CAST_F02.png,required file,missing,FAIL,NOT_CHECKED,mechanical INPUT↔OUTPUT check,REPACK
area_11,m_king_bloctopus,s_mon_king_bloctopus,CAST_VFX,monsters/004_m_king_bloctopus_킹_블록퍼스/CAST/004_m_king_bloctopus_s_mon_king_bloctopus_CAST_F03.png,required file,missing,FAIL,NOT_CHECKED,mechanical INPUT↔OUTPUT check,REPACK
area_11,m_king_bloctopus,s_mon_king_bloctopus,CAST_VFX,monsters/004_m_king_bloctopus_킹_블록퍼스/CAST/004_m_king_bloctopus_s_mon_king_bloctopus_CAST_F04.png,required file,missing,FAIL,NOT_CHECKED,mechanical INPUT↔OUTPUT check,REPACK
area_11,m_king_bloctopus,s_mon_king_bloctopus,CAST_VFX,monsters/004_m_king_bloctopus_킹_블록퍼스/CAST/004_m_king_bloctopus_s_mon_king_bloctopus_CAST_F05.png,required file,missing,FAIL,NOT_CHECKED,mechanical INPUT↔OUTPUT check,REPACK
area_11,m_king_bloctopus,s_mon_king_bloctopus,CAST_VFX,monsters/004_m_king_bloctopus_킹_블록퍼스/CAST/004_m_king_bloctopus_s_mon_king_bloctopus_CAST_F06.png,required file,missing,FAIL,NOT_CHECKED,mechanical INPUT↔OUTPUT check,REPACK
area_11,m_king_bloctopus,s_mon_king_bloctopus,CAST_VFX,monsters/004_m_king_bloctopus_킹_블록퍼스/CAST/004_m_king_bloctopus_s_mon_king_bloctopus_CAST_F07.png,required file,missing,FAIL,NOT_CHECKED,mechanical INPUT↔OUTPUT check,REPACK
area_11,m_king_bloctopus,s_mon_king_bloctopus,PROJECTILE,monsters/004_m_king_bloctopus_킹_블록퍼스/PROJECTILE/004_m_king_bloctopus_s_mon_king_bloctopus_PROJECTILE_F00.png,required file,missing,FAIL,NOT_CHECKED,mechanical INPUT↔OUTPUT check,REPACK
area_11,m_king_bloctopus,s_mon_king_bloctopus,PROJECTILE,monsters/004_m_king_bloctopus_킹_블록퍼스/PROJECTILE/004_m_king_bloctopus_s_mon_king_bloctopus_PROJECTILE_F01.png,required file,missing,FAIL,NOT_CHECKED,mechanical INPUT↔OUTPUT check,REPACK
area_11,m_king_bloctopus,s_mon_king_bloctopus,PROJECTILE,monsters/004_m_king_bloctopus_킹_블록퍼스/PROJECTILE/004_m_king_bloctopus_s_mon_king_bloctopus_PROJECTILE_F02.png,required file,missing,FAIL,NOT_CHECKED,mechanical INPUT↔OUTPUT check,REPACK
area_11,m_king_bloctopus,s_mon_king_bloctopus,PROJECTILE,monsters/004_m_king_bloctopus_킹_블록퍼스/PROJECTILE/004_m_king_bloctopus_s_mon_king_bloctopus_PROJECTILE_F03.png,required file,missing,FAIL,NOT_CHECKED,mechanical INPUT↔OUTPUT check,REPACK
area_11,m_rombot,s_mon_rombot,ICON,monsters/005_m_rombot_롬바드/ICON/005_m_rombot_s_mon_rombot_ICON.png,required file,missing,FAIL,NOT_CHECKED,mechanical INPUT↔OUTPUT check,REPACK
area_11,m_rombot,s_mon_rombot,CAST_VFX,monsters/005_m_rombot_롬바드/CAST/005_m_rombot_s_mon_rombot_CAST_F00.png,required file,missing,FAIL,NOT_CHECKED,mechanical INPUT↔OUTPUT check,REPACK
area_11,m_rombot,s_mon_rombot,CAST_VFX,monsters/005_m_rombot_롬바드/CAST/005_m_rombot_s_mon_rombot_CAST_F01.png,required file,missing,FAIL,NOT_CHECKED,mechanical INPUT↔OUTPUT check,REPACK
area_11,m_rombot,s_mon_rombot,CAST_VFX,monsters/005_m_rombot_롬바드/CAST/005_m_rombot_s_mon_rombot_CAST_F02.png,required file,missing,FAIL,NOT_CHECKED,mechanical INPUT↔OUTPUT check,REPACK
area_11,m_rombot,s_mon_rombot,CAST_VFX,monsters/005_m_rombot_롬바드/CAST/005_m_rombot_s_mon_rombot_CAST_F03.png,required file,missing,FAIL,NOT_CHECKED,mechanical INPUT↔OUTPUT check,REPACK
area_11,m_rombot,s_mon_rombot,CAST_VFX,monsters/005_m_rombot_롬바드/CAST/005_m_rombot_s_mon_rombot_CAST_F04.png,required file,missing,FAIL,NOT_CHECKED,mechanical INPUT↔OUTPUT check,REPACK
area_11,m_rombot,s_mon_rombot,CAST_VFX,monsters/005_m_rombot_롬바드/CAST/005_m_rombot_s_mon_rombot_CAST_F05.png,required file,missing,FAIL,NOT_CHECKED,mechanical INPUT↔OUTPUT check,REPACK
area_11,m_rombot,s_mon_rombot,CAST_VFX,monsters/005_m_rombot_롬바드/CAST/005_m_rombot_s_mon_rombot_CAST_F06.png,required file,missing,FAIL,NOT_CHECKED,mechanical INPUT↔OUTPUT check,REPACK
area_11,m_rombot,s_mon_rombot,CAST_VFX,monsters/005_m_rombot_롬바드/CAST/005_m_rombot_s_mon_rombot_CAST_F07.png,required file,missing,FAIL,NOT_CHECKED,mechanical INPUT↔OUTPUT check,REPACK
area_11,m_rombot,s_mon_rombot,CAST_VFX,monsters/005_m_rombot_롬바드/CAST/005_m_rombot_s_mon_rombot_CAST_F08.png,required file,missing,FAIL,NOT_CHECKED,mechanical INPUT↔OUTPUT check,REPACK
area_11,m_rombot,s_mon_rombot,CAST_VFX,monsters/005_m_rombot_롬바드/CAST/005_m_rombot_s_mon_rombot_CAST_F09.png,required file,missing,FAIL,NOT_CHECKED,mechanical INPUT↔OUTPUT check,REPACK
area_11,m_rombot,s_mon_rombot,CAST_VFX,monsters/005_m_rombot_롬바드/CAST/005_m_rombot_s_mon_rombot_CAST_F10.png,required file,missing,FAIL,NOT_CHECKED,mechanical INPUT↔OUTPUT check,REPACK
area_11,m_rombot,s_mon_rombot,CAST_VFX,monsters/005_m_rombot_롬바드/CAST/005_m_rombot_s_mon_rombot_CAST_F11.png,required file,missing,FAIL,NOT_CHECKED,mechanical INPUT↔OUTPUT check,REPACK
area_11,,,UNEXPECTED,CAST/002_m_drumming_bunny_s_mon_drumming_bunny_CAST_F00.png,no extra role PNG,unexpected role file,FAIL,NOT_CHECKED,mechanical INPUT↔OUTPUT check,REPACK
area_11,,,UNEXPECTED,CAST/002_m_drumming_bunny_s_mon_drumming_bunny_CAST_F01.png,no extra role PNG,unexpected role file,FAIL,NOT_CHECKED,mechanical INPUT↔OUTPUT check,REPACK
area_11,,,UNEXPECTED,CAST/002_m_drumming_bunny_s_mon_drumming_bunny_CAST_F02.png,no extra role PNG,unexpected role file,FAIL,NOT_CHECKED,mechanical INPUT↔OUTPUT check,REPACK
area_11,,,UNEXPECTED,CAST/002_m_drumming_bunny_s_mon_drumming_bunny_CAST_F03.png,no extra role PNG,unexpected role file,FAIL,NOT_CHECKED,mechanical INPUT↔OUTPUT check,REPACK
area_11,,,UNEXPECTED,CAST/002_m_drumming_bunny_s_mon_drumming_bunny_CAST_F04.png,no extra role PNG,unexpected role file,FAIL,NOT_CHECKED,mechanical INPUT↔OUTPUT check,REPACK
area_11,,,UNEXPECTED,CAST/002_m_drumming_bunny_s_mon_drumming_bunny_CAST_F05.png,no extra role PNG,unexpected role file,FAIL,NOT_CHECKED,mechanical INPUT↔OUTPUT check,REPACK
area_11,,,UNEXPECTED,CAST/002_m_drumming_bunny_s_mon_drumming_bunny_CAST_F06.png,no extra role PNG,unexpected role file,FAIL,NOT_CHECKED,mechanical INPUT↔OUTPUT check,REPACK
area_11,,,UNEXPECTED,CAST/002_m_drumming_bunny_s_mon_drumming_bunny_CAST_F07.png,no extra role PNG,unexpected role file,FAIL,NOT_CHECKED,mechanical INPUT↔OUTPUT check,REPACK
area_11,,,UNEXPECTED,CAST/004_m_king_bloctopus_s_mon_king_bloctopus_CAST_F00.png,no extra role PNG,unexpected role file,FAIL,NOT_CHECKED,mechanical INPUT↔OUTPUT check,REPACK
area_11,,,UNEXPECTED,CAST/004_m_king_bloctopus_s_mon_king_bloctopus_CAST_F01.png,no extra role PNG,unexpected role file,FAIL,NOT_CHECKED,mechanical INPUT↔OUTPUT check,REPACK
area_11,,,UNEXPECTED,CAST/004_m_king_bloctopus_s_mon_king_bloctopus_CAST_F02.png,no extra role PNG,unexpected role file,FAIL,NOT_CHECKED,mechanical INPUT↔OUTPUT check,REPACK
area_11,,,UNEXPECTED,CAST/004_m_king_bloctopus_s_mon_king_bloctopus_CAST_F03.png,no extra role PNG,unexpected role file,FAIL,NOT_CHECKED,mechanical INPUT↔OUTPUT check,REPACK
area_11,,,UNEXPECTED,CAST/004_m_king_bloctopus_s_mon_king_bloctopus_CAST_F04.png,no extra role PNG,unexpected role file,FAIL,NOT_CHECKED,mechanical INPUT↔OUTPUT check,REPACK
area_11,,,UNEXPECTED,CAST/004_m_king_bloctopus_s_mon_king_bloctopus_CAST_F05.png,no extra role PNG,unexpected role file,FAIL,NOT_CHECKED,mechanical INPUT↔OUTPUT check,REPACK
area_11,,,UNEXPECTED,CAST/004_m_king_bloctopus_s_mon_king_bloctopus_CAST_F06.png,no extra role PNG,unexpected role file,FAIL,NOT_CHECKED,mechanical INPUT↔OUTPUT check,REPACK
area_11,,,UNEXPECTED,CAST/004_m_king_bloctopus_s_mon_king_bloctopus_CAST_F07.png,no extra role PNG,unexpected role file,FAIL,NOT_CHECKED,mechanical INPUT↔OUTPUT check,REPACK
area_11,,,UNEXPECTED,CAST/005_m_rombot_s_mon_rombot_CAST_F00.png,no extra role PNG,unexpected role file,FAIL,NOT_CHECKED,mechanical INPUT↔OUTPUT check,REPACK
area_11,,,UNEXPECTED,CAST/005_m_rombot_s_mon_rombot_CAST_F01.png,no extra role PNG,unexpected role file,FAIL,NOT_CHECKED,mechanical INPUT↔OUTPUT check,REPACK
area_11,,,UNEXPECTED,CAST/005_m_rombot_s_mon_rombot_CAST_F02.png,no extra role PNG,unexpected role file,FAIL,NOT_CHECKED,mechanical INPUT↔OUTPUT check,REPACK
area_11,,,UNEXPECTED,CAST/005_m_rombot_s_mon_rombot_CAST_F03.png,no extra role PNG,unexpected role file,FAIL,NOT_CHECKED,mechanical INPUT↔OUTPUT check,REPACK
area_11,,,UNEXPECTED,CAST/005_m_rombot_s_mon_rombot_CAST_F04.png,no extra role PNG,unexpected role file,FAIL,NOT_CHECKED,mechanical INPUT↔OUTPUT check,REPACK
area_11,,,UNEXPECTED,CAST/005_m_rombot_s_mon_rombot_CAST_F05.png,no extra role PNG,unexpected role file,FAIL,NOT_CHECKED,mechanical INPUT↔OUTPUT check,REPACK
area_11,,,UNEXPECTED,CAST/005_m_rombot_s_mon_rombot_CAST_F06.png,no extra role PNG,unexpected role file,FAIL,NOT_CHECKED,mechanical INPUT↔OUTPUT check,REPACK
area_11,,,UNEXPECTED,CAST/005_m_rombot_s_mon_rombot_CAST_F07.png,no extra role PNG,unexpected role file,FAIL,NOT_CHECKED,mechanical INPUT↔OUTPUT check,REPACK
area_11,,,UNEXPECTED,CAST/005_m_rombot_s_mon_rombot_CAST_F08.png,no extra role PNG,unexpected role file,FAIL,NOT_CHECKED,mechanical INPUT↔OUTPUT check,REPACK
area_11,,,UNEXPECTED,CAST/005_m_rombot_s_mon_rombot_CAST_F09.png,no extra role PNG,unexpected role file,FAIL,NOT_CHECKED,mechanical INPUT↔OUTPUT check,REPACK
area_11,,,UNEXPECTED,CAST/005_m_rombot_s_mon_rombot_CAST_F10.png,no extra role PNG,unexpected role file,FAIL,NOT_CHECKED,mechanical INPUT↔OUTPUT check,REPACK
area_11,,,UNEXPECTED,CAST/005_m_rombot_s_mon_rombot_CAST_F11.png,no extra role PNG,unexpected role file,FAIL,NOT_CHECKED,mechanical INPUT↔OUTPUT check,REPACK
area_11,,,UNEXPECTED,ICON/001_m_ratz_s_mon_ratz_ICON.png,no extra role PNG,unexpected role file,FAIL,NOT_CHECKED,mechanical INPUT↔OUTPUT check,REPACK
area_11,,,UNEXPECTED,ICON/002_m_drumming_bunny_s_mon_drumming_bunny_ICON.png,no extra role PNG,unexpected role file,FAIL,NOT_CHECKED,mechanical INPUT↔OUTPUT check,REPACK
area_11,,,UNEXPECTED,ICON/003_m_bloctopus_s_mon_bloctopus_ICON.png,no extra role PNG,unexpected role file,FAIL,NOT_CHECKED,mechanical INPUT↔OUTPUT check,REPACK
area_11,,,UNEXPECTED,ICON/004_m_king_bloctopus_s_mon_king_bloctopus_ICON.png,no extra role PNG,unexpected role file,FAIL,NOT_CHECKED,mechanical INPUT↔OUTPUT check,REPACK
area_11,,,UNEXPECTED,ICON/005_m_rombot_s_mon_rombot_ICON.png,no extra role PNG,unexpected role file,FAIL,NOT_CHECKED,mechanical INPUT↔OUTPUT check,REPACK
area_11,,,UNEXPECTED,PROJECTILE/004_m_king_bloctopus_s_mon_king_bloctopus_PROJECTILE_F00.png,no extra role PNG,unexpected role file,FAIL,NOT_CHECKED,mechanical INPUT↔OUTPUT check,REPACK
area_11,,,UNEXPECTED,PROJECTILE/004_m_king_bloctopus_s_mon_king_bloctopus_PROJECTILE_F01.png,no extra role PNG,unexpected role file,FAIL,NOT_CHECKED,mechanical INPUT↔OUTPUT check,REPACK
area_11,,,UNEXPECTED,PROJECTILE/004_m_king_bloctopus_s_mon_king_bloctopus_PROJECTILE_F02.png,no extra role PNG,unexpected role file,FAIL,NOT_CHECKED,mechanical INPUT↔OUTPUT check,REPACK
area_11,,,UNEXPECTED,PROJECTILE/004_m_king_bloctopus_s_mon_king_bloctopus_PROJECTILE_F03.png,no extra role PNG,unexpected role file,FAIL,NOT_CHECKED,mechanical INPUT↔OUTPUT check,REPACK
area_11,,,UNEXPECTED,REFERENCE/001_m_ratz_s_mon_ratz_REFERENCE_F00.png,no extra role PNG,unexpected role file,FAIL,NOT_CHECKED,mechanical INPUT↔OUTPUT check,REPACK
area_11,,,UNEXPECTED,REFERENCE/001_m_ratz_s_mon_ratz_REFERENCE_F01.png,no extra role PNG,unexpected role file,FAIL,NOT_CHECKED,mechanical INPUT↔OUTPUT check,REPACK
area_11,,,UNEXPECTED,REFERENCE/001_m_ratz_s_mon_ratz_REFERENCE_F02.png,no extra role PNG,unexpected role file,FAIL,NOT_CHECKED,mechanical INPUT↔OUTPUT check,REPACK
area_11,,,UNEXPECTED,REFERENCE/001_m_ratz_s_mon_ratz_REFERENCE_F03.png,no extra role PNG,unexpected role file,FAIL,NOT_CHECKED,mechanical INPUT↔OUTPUT check,REPACK
area_11,,,UNEXPECTED,REFERENCE/001_m_ratz_s_mon_ratz_REFERENCE_F04.png,no extra role PNG,unexpected role file,FAIL,NOT_CHECKED,mechanical INPUT↔OUTPUT check,REPACK
area_11,,,UNEXPECTED,REFERENCE/001_m_ratz_s_mon_ratz_REFERENCE_F05.png,no extra role PNG,unexpected role file,FAIL,NOT_CHECKED,mechanical INPUT↔OUTPUT check,REPACK
area_11,,,UNEXPECTED,REFERENCE/003_m_bloctopus_s_mon_bloctopus_REFERENCE_F00.png,no extra role PNG,unexpected role file,FAIL,NOT_CHECKED,mechanical INPUT↔OUTPUT check,REPACK
area_11,,,UNEXPECTED,REFERENCE/003_m_bloctopus_s_mon_bloctopus_REFERENCE_F01.png,no extra role PNG,unexpected role file,FAIL,NOT_CHECKED,mechanical INPUT↔OUTPUT check,REPACK
area_11,,,UNEXPECTED,REFERENCE/003_m_bloctopus_s_mon_bloctopus_REFERENCE_F02.png,no extra role PNG,unexpected role file,FAIL,NOT_CHECKED,mechanical INPUT↔OUTPUT check,REPACK
area_11,,,UNEXPECTED,REFERENCE/003_m_bloctopus_s_mon_bloctopus_REFERENCE_F03.png,no extra role PNG,unexpected role file,FAIL,NOT_CHECKED,mechanical INPUT↔OUTPUT check,REPACK
area_11,,,UNEXPECTED,REFERENCE/003_m_bloctopus_s_mon_bloctopus_REFERENCE_F04.png,no extra role PNG,unexpected role file,FAIL,NOT_CHECKED,mechanical INPUT↔OUTPUT check,REPACK
area_11,,,UNEXPECTED,REFERENCE/003_m_bloctopus_s_mon_bloctopus_REFERENCE_F05.png,no extra role PNG,unexpected role file,FAIL,NOT_CHECKED,mechanical INPUT↔OUTPUT check,REPACK
area_11,m_ratz,s_mon_ratz,RESULT_INFO,monsters/001_m_ratz_라츠/RESULT_INFO.md,required,missing,FAIL,NOT_CHECKED,mechanical INPUT↔OUTPUT check,REPACK
area_11,m_ratz,s_mon_ratz,PREVIEW,monsters/001_m_ratz_라츠/PREVIEW/labeled_preview.png,required labeled preview,missing,FAIL,NOT_CHECKED,mechanical INPUT↔OUTPUT check,REPACK
area_11,m_drumming_bunny,s_mon_drumming_bunny,RESULT_INFO,monsters/002_m_drumming_bunny_북치는_토끼/RESULT_INFO.md,required,missing,FAIL,NOT_CHECKED,mechanical INPUT↔OUTPUT check,REPACK
area_11,m_drumming_bunny,s_mon_drumming_bunny,PREVIEW,monsters/002_m_drumming_bunny_북치는_토끼/PREVIEW/labeled_preview.png,required labeled preview,missing,FAIL,NOT_CHECKED,mechanical INPUT↔OUTPUT check,REPACK
area_11,m_bloctopus,s_mon_bloctopus,RESULT_INFO,monsters/003_m_bloctopus_블록퍼스/RESULT_INFO.md,required,missing,FAIL,NOT_CHECKED,mechanical INPUT↔OUTPUT check,REPACK
area_11,m_bloctopus,s_mon_bloctopus,PREVIEW,monsters/003_m_bloctopus_블록퍼스/PREVIEW/labeled_preview.png,required labeled preview,missing,FAIL,NOT_CHECKED,mechanical INPUT↔OUTPUT check,REPACK
area_11,m_king_bloctopus,s_mon_king_bloctopus,RESULT_INFO,monsters/004_m_king_bloctopus_킹_블록퍼스/RESULT_INFO.md,required,missing,FAIL,NOT_CHECKED,mechanical INPUT↔OUTPUT check,REPACK
area_11,m_king_bloctopus,s_mon_king_bloctopus,PREVIEW,monsters/004_m_king_bloctopus_킹_블록퍼스/PREVIEW/labeled_preview.png,required labeled preview,missing,FAIL,NOT_CHECKED,mechanical INPUT↔OUTPUT check,REPACK
area_11,m_rombot,s_mon_rombot,RESULT_INFO,monsters/005_m_rombot_롬바드/RESULT_INFO.md,required,missing,FAIL,NOT_CHECKED,mechanical INPUT↔OUTPUT check,REPACK
area_11,m_rombot,s_mon_rombot,PREVIEW,monsters/005_m_rombot_롬바드/PREVIEW/labeled_preview.png,required labeled preview,missing,FAIL,NOT_CHECKED,mechanical INPUT↔OUTPUT check,REPACK
area_12,m_brown_teddy,s_mon_brown_teddy,ICON,monsters/001_m_brown_teddy_브라운테니/ICON/001_m_brown_teddy_s_mon_brown_teddy_ICON.png,required file,missing,FAIL,NOT_CHECKED,mechanical INPUT↔OUTPUT check,REPACK
area_12,m_brown_teddy,s_mon_brown_teddy,REFERENCE_VFX,monsters/001_m_brown_teddy_브라운테니/REFERENCE/001_m_brown_teddy_s_mon_brown_teddy_REFERENCE_F00.png,required file,missing,FAIL,NOT_CHECKED,mechanical INPUT↔OUTPUT check,REPACK
area_12,m_brown_teddy,s_mon_brown_teddy,REFERENCE_VFX,monsters/001_m_brown_teddy_브라운테니/REFERENCE/001_m_brown_teddy_s_mon_brown_teddy_REFERENCE_F01.png,required file,missing,FAIL,NOT_CHECKED,mechanical INPUT↔OUTPUT check,REPACK
area_12,m_brown_teddy,s_mon_brown_teddy,REFERENCE_VFX,monsters/001_m_brown_teddy_브라운테니/REFERENCE/001_m_brown_teddy_s_mon_brown_teddy_REFERENCE_F02.png,required file,missing,FAIL,NOT_CHECKED,mechanical INPUT↔OUTPUT check,REPACK
area_12,m_brown_teddy,s_mon_brown_teddy,REFERENCE_VFX,monsters/001_m_brown_teddy_브라운테니/REFERENCE/001_m_brown_teddy_s_mon_brown_teddy_REFERENCE_F03.png,required file,missing,FAIL,NOT_CHECKED,mechanical INPUT↔OUTPUT check,REPACK
area_12,m_brown_teddy,s_mon_brown_teddy,REFERENCE_VFX,monsters/001_m_brown_teddy_브라운테니/REFERENCE/001_m_brown_teddy_s_mon_brown_teddy_REFERENCE_F04.png,required file,missing,FAIL,NOT_CHECKED,mechanical INPUT↔OUTPUT check,REPACK
area_12,m_brown_teddy,s_mon_brown_teddy,REFERENCE_VFX,monsters/001_m_brown_teddy_브라운테니/REFERENCE/001_m_brown_teddy_s_mon_brown_teddy_REFERENCE_F05.png,required file,missing,FAIL,NOT_CHECKED,mechanical INPUT↔OUTPUT check,REPACK
area_12,m_toy_trojan,s_mon_toy_trojan,ICON,monsters/002_m_toy_trojan_장난감_목마/ICON/002_m_toy_trojan_s_mon_toy_trojan_ICON.png,required file,missing,FAIL,NOT_CHECKED,mechanical INPUT↔OUTPUT check,REPACK
area_12,m_toy_trojan,s_mon_toy_trojan,CAST_VFX,monsters/002_m_toy_trojan_장난감_목마/CAST/002_m_toy_trojan_s_mon_toy_trojan_CAST_F00.png,required file,missing,FAIL,NOT_CHECKED,mechanical INPUT↔OUTPUT check,REPACK
area_12,m_toy_trojan,s_mon_toy_trojan,CAST_VFX,monsters/002_m_toy_trojan_장난감_목마/CAST/002_m_toy_trojan_s_mon_toy_trojan_CAST_F01.png,required file,missing,FAIL,NOT_CHECKED,mechanical INPUT↔OUTPUT check,REPACK
area_12,m_toy_trojan,s_mon_toy_trojan,CAST_VFX,monsters/002_m_toy_trojan_장난감_목마/CAST/002_m_toy_trojan_s_mon_toy_trojan_CAST_F02.png,required file,missing,FAIL,NOT_CHECKED,mechanical INPUT↔OUTPUT check,REPACK
area_12,m_toy_trojan,s_mon_toy_trojan,CAST_VFX,monsters/002_m_toy_trojan_장난감_목마/CAST/002_m_toy_trojan_s_mon_toy_trojan_CAST_F03.png,required file,missing,FAIL,NOT_CHECKED,mechanical INPUT↔OUTPUT check,REPACK
area_12,m_toy_trojan,s_mon_toy_trojan,CAST_VFX,monsters/002_m_toy_trojan_장난감_목마/CAST/002_m_toy_trojan_s_mon_toy_trojan_CAST_F04.png,required file,missing,FAIL,NOT_CHECKED,mechanical INPUT↔OUTPUT check,REPACK
area_12,m_toy_trojan,s_mon_toy_trojan,CAST_VFX,monsters/002_m_toy_trojan_장난감_목마/CAST/002_m_toy_trojan_s_mon_toy_trojan_CAST_F05.png,required file,missing,FAIL,NOT_CHECKED,mechanical INPUT↔OUTPUT check,REPACK
area_12,m_toy_trojan,s_mon_toy_trojan,CAST_VFX,monsters/002_m_toy_trojan_장난감_목마/CAST/002_m_toy_trojan_s_mon_toy_trojan_CAST_F06.png,required file,missing,FAIL,NOT_CHECKED,mechanical INPUT↔OUTPUT check,REPACK
area_12,m_toy_trojan,s_mon_toy_trojan,CAST_VFX,monsters/002_m_toy_trojan_장난감_목마/CAST/002_m_toy_trojan_s_mon_toy_trojan_CAST_F07.png,required file,missing,FAIL,NOT_CHECKED,mechanical INPUT↔OUTPUT check,REPACK
area_12,m_master_robo,s_mon_master_robo,ICON,monsters/003_m_master_robo_마스터_로보/ICON/003_m_master_robo_s_mon_master_robo_ICON.png,required file,missing,FAIL,NOT_CHECKED,mechanical INPUT↔OUTPUT check,REPACK
area_12,m_master_robo,s_mon_master_robo,REFERENCE_VFX,monsters/003_m_master_robo_마스터_로보/REFERENCE/003_m_master_robo_s_mon_master_robo_REFERENCE_F00.png,required file,missing,FAIL,NOT_CHECKED,mechanical INPUT↔OUTPUT check,REPACK
area_12,m_master_robo,s_mon_master_robo,REFERENCE_VFX,monsters/003_m_master_robo_마스터_로보/REFERENCE/003_m_master_robo_s_mon_master_robo_REFERENCE_F01.png,required file,missing,FAIL,NOT_CHECKED,mechanical INPUT↔OUTPUT check,REPACK
area_12,m_master_robo,s_mon_master_robo,REFERENCE_VFX,monsters/003_m_master_robo_마스터_로보/REFERENCE/003_m_master_robo_s_mon_master_robo_REFERENCE_F02.png,required file,missing,FAIL,NOT_CHECKED,mechanical INPUT↔OUTPUT check,REPACK
area_12,m_master_robo,s_mon_master_robo,REFERENCE_VFX,monsters/003_m_master_robo_마스터_로보/REFERENCE/003_m_master_robo_s_mon_master_robo_REFERENCE_F03.png,required file,missing,FAIL,NOT_CHECKED,mechanical INPUT↔OUTPUT check,REPACK
area_12,m_master_robo,s_mon_master_robo,REFERENCE_VFX,monsters/003_m_master_robo_마스터_로보/REFERENCE/003_m_master_robo_s_mon_master_robo_REFERENCE_F04.png,required file,missing,FAIL,NOT_CHECKED,mechanical INPUT↔OUTPUT check,REPACK
area_12,m_master_robo,s_mon_master_robo,REFERENCE_VFX,monsters/003_m_master_robo_마스터_로보/REFERENCE/003_m_master_robo_s_mon_master_robo_REFERENCE_F05.png,required file,missing,FAIL,NOT_CHECKED,mechanical INPUT↔OUTPUT check,REPACK
area_12,m_chronos,s_mon_chronos,ICON,monsters/004_m_chronos_크로노스/ICON/004_m_chronos_s_mon_chronos_ICON.png,required file,missing,FAIL,NOT_CHECKED,mechanical INPUT↔OUTPUT check,REPACK
area_12,m_chronos,s_mon_chronos,CAST_VFX,monsters/004_m_chronos_크로노스/CAST/004_m_chronos_s_mon_chronos_CAST_F00.png,required file,missing,FAIL,NOT_CHECKED,mechanical INPUT↔OUTPUT check,REPACK
area_12,m_chronos,s_mon_chronos,CAST_VFX,monsters/004_m_chronos_크로노스/CAST/004_m_chronos_s_mon_chronos_CAST_F01.png,required file,missing,FAIL,NOT_CHECKED,mechanical INPUT↔OUTPUT check,REPACK
area_12,m_chronos,s_mon_chronos,CAST_VFX,monsters/004_m_chronos_크로노스/CAST/004_m_chronos_s_mon_chronos_CAST_F02.png,required file,missing,FAIL,NOT_CHECKED,mechanical INPUT↔OUTPUT check,REPACK
area_12,m_chronos,s_mon_chronos,CAST_VFX,monsters/004_m_chronos_크로노스/CAST/004_m_chronos_s_mon_chronos_CAST_F03.png,required file,missing,FAIL,NOT_CHECKED,mechanical INPUT↔OUTPUT check,REPACK
area_12,m_chronos,s_mon_chronos,CAST_VFX,monsters/004_m_chronos_크로노스/CAST/004_m_chronos_s_mon_chronos_CAST_F04.png,required file,missing,FAIL,NOT_CHECKED,mechanical INPUT↔OUTPUT check,REPACK
area_12,m_chronos,s_mon_chronos,CAST_VFX,monsters/004_m_chronos_크로노스/CAST/004_m_chronos_s_mon_chronos_CAST_F05.png,required file,missing,FAIL,NOT_CHECKED,mechanical INPUT↔OUTPUT check,REPACK
area_12,m_chronos,s_mon_chronos,CAST_VFX,monsters/004_m_chronos_크로노스/CAST/004_m_chronos_s_mon_chronos_CAST_F06.png,required file,missing,FAIL,NOT_CHECKED,mechanical INPUT↔OUTPUT check,REPACK
area_12,m_chronos,s_mon_chronos,CAST_VFX,monsters/004_m_chronos_크로노스/CAST/004_m_chronos_s_mon_chronos_CAST_F07.png,required file,missing,FAIL,NOT_CHECKED,mechanical INPUT↔OUTPUT check,REPACK
area_12,m_timer,s_mon_timer,ICON,monsters/005_m_timer_타이머/ICON/005_m_timer_s_mon_timer_ICON.png,required file,missing,FAIL,NOT_CHECKED,mechanical INPUT↔OUTPUT check,REPACK
area_12,m_timer,s_mon_timer,CAST_VFX,monsters/005_m_timer_타이머/CAST/005_m_timer_s_mon_timer_CAST_F00.png,required file,missing,FAIL,NOT_CHECKED,mechanical INPUT↔OUTPUT check,REPACK
area_12,m_timer,s_mon_timer,CAST_VFX,monsters/005_m_timer_타이머/CAST/005_m_timer_s_mon_timer_CAST_F01.png,required file,missing,FAIL,NOT_CHECKED,mechanical INPUT↔OUTPUT check,REPACK
area_12,m_timer,s_mon_timer,CAST_VFX,monsters/005_m_timer_타이머/CAST/005_m_timer_s_mon_timer_CAST_F02.png,required file,missing,FAIL,NOT_CHECKED,mechanical INPUT↔OUTPUT check,REPACK
area_12,m_timer,s_mon_timer,CAST_VFX,monsters/005_m_timer_타이머/CAST/005_m_timer_s_mon_timer_CAST_F03.png,required file,missing,FAIL,NOT_CHECKED,mechanical INPUT↔OUTPUT check,REPACK
area_12,m_timer,s_mon_timer,CAST_VFX,monsters/005_m_timer_타이머/CAST/005_m_timer_s_mon_timer_CAST_F04.png,required file,missing,FAIL,NOT_CHECKED,mechanical INPUT↔OUTPUT check,REPACK
area_12,m_timer,s_mon_timer,CAST_VFX,monsters/005_m_timer_타이머/CAST/005_m_timer_s_mon_timer_CAST_F05.png,required file,missing,FAIL,NOT_CHECKED,mechanical INPUT↔OUTPUT check,REPACK
area_12,m_timer,s_mon_timer,CAST_VFX,monsters/005_m_timer_타이머/CAST/005_m_timer_s_mon_timer_CAST_F06.png,required file,missing,FAIL,NOT_CHECKED,mechanical INPUT↔OUTPUT check,REPACK
area_12,m_timer,s_mon_timer,CAST_VFX,monsters/005_m_timer_타이머/CAST/005_m_timer_s_mon_timer_CAST_F07.png,required file,missing,FAIL,NOT_CHECKED,mechanical INPUT↔OUTPUT check,REPACK
area_12,m_timer,s_mon_timer,CAST_VFX,monsters/005_m_timer_타이머/CAST/005_m_timer_s_mon_timer_CAST_F08.png,required file,missing,FAIL,NOT_CHECKED,mechanical INPUT↔OUTPUT check,REPACK
area_12,m_timer,s_mon_timer,CAST_VFX,monsters/005_m_timer_타이머/CAST/005_m_timer_s_mon_timer_CAST_F09.png,required file,missing,FAIL,NOT_CHECKED,mechanical INPUT↔OUTPUT check,REPACK
area_12,m_timer,s_mon_timer,CAST_VFX,monsters/005_m_timer_타이머/CAST/005_m_timer_s_mon_timer_CAST_F10.png,required file,missing,FAIL,NOT_CHECKED,mechanical INPUT↔OUTPUT check,REPACK
area_12,m_timer,s_mon_timer,CAST_VFX,monsters/005_m_timer_타이머/CAST/005_m_timer_s_mon_timer_CAST_F11.png,required file,missing,FAIL,NOT_CHECKED,mechanical INPUT↔OUTPUT check,REPACK
area_12,,,UNEXPECTED,CAST/002_m_toy_trojan_s_mon_toy_trojan_CAST_F00.png,no extra role PNG,unexpected role file,FAIL,NOT_CHECKED,mechanical INPUT↔OUTPUT check,REPACK
area_12,,,UNEXPECTED,CAST/002_m_toy_trojan_s_mon_toy_trojan_CAST_F01.png,no extra role PNG,unexpected role file,FAIL,NOT_CHECKED,mechanical INPUT↔OUTPUT check,REPACK
area_12,,,UNEXPECTED,CAST/002_m_toy_trojan_s_mon_toy_trojan_CAST_F02.png,no extra role PNG,unexpected role file,FAIL,NOT_CHECKED,mechanical INPUT↔OUTPUT check,REPACK
area_12,,,UNEXPECTED,CAST/002_m_toy_trojan_s_mon_toy_trojan_CAST_F03.png,no extra role PNG,unexpected role file,FAIL,NOT_CHECKED,mechanical INPUT↔OUTPUT check,REPACK
area_12,,,UNEXPECTED,CAST/002_m_toy_trojan_s_mon_toy_trojan_CAST_F04.png,no extra role PNG,unexpected role file,FAIL,NOT_CHECKED,mechanical INPUT↔OUTPUT check,REPACK
area_12,,,UNEXPECTED,CAST/002_m_toy_trojan_s_mon_toy_trojan_CAST_F05.png,no extra role PNG,unexpected role file,FAIL,NOT_CHECKED,mechanical INPUT↔OUTPUT check,REPACK
area_12,,,UNEXPECTED,CAST/002_m_toy_trojan_s_mon_toy_trojan_CAST_F06.png,no extra role PNG,unexpected role file,FAIL,NOT_CHECKED,mechanical INPUT↔OUTPUT check,REPACK
area_12,,,UNEXPECTED,CAST/002_m_toy_trojan_s_mon_toy_trojan_CAST_F07.png,no extra role PNG,unexpected role file,FAIL,NOT_CHECKED,mechanical INPUT↔OUTPUT check,REPACK
area_12,,,UNEXPECTED,CAST/004_m_chronos_s_mon_chronos_CAST_F00.png,no extra role PNG,unexpected role file,FAIL,NOT_CHECKED,mechanical INPUT↔OUTPUT check,REPACK
area_12,,,UNEXPECTED,CAST/004_m_chronos_s_mon_chronos_CAST_F01.png,no extra role PNG,unexpected role file,FAIL,NOT_CHECKED,mechanical INPUT↔OUTPUT check,REPACK
area_12,,,UNEXPECTED,CAST/004_m_chronos_s_mon_chronos_CAST_F02.png,no extra role PNG,unexpected role file,FAIL,NOT_CHECKED,mechanical INPUT↔OUTPUT check,REPACK
area_12,,,UNEXPECTED,CAST/004_m_chronos_s_mon_chronos_CAST_F03.png,no extra role PNG,unexpected role file,FAIL,NOT_CHECKED,mechanical INPUT↔OUTPUT check,REPACK
area_12,,,UNEXPECTED,CAST/004_m_chronos_s_mon_chronos_CAST_F04.png,no extra role PNG,unexpected role file,FAIL,NOT_CHECKED,mechanical INPUT↔OUTPUT check,REPACK
area_12,,,UNEXPECTED,CAST/004_m_chronos_s_mon_chronos_CAST_F05.png,no extra role PNG,unexpected role file,FAIL,NOT_CHECKED,mechanical INPUT↔OUTPUT check,REPACK
area_12,,,UNEXPECTED,CAST/004_m_chronos_s_mon_chronos_CAST_F06.png,no extra role PNG,unexpected role file,FAIL,NOT_CHECKED,mechanical INPUT↔OUTPUT check,REPACK
area_12,,,UNEXPECTED,CAST/004_m_chronos_s_mon_chronos_CAST_F07.png,no extra role PNG,unexpected role file,FAIL,NOT_CHECKED,mechanical INPUT↔OUTPUT check,REPACK
area_12,,,UNEXPECTED,CAST/005_m_timer_s_mon_timer_CAST_F00.png,no extra role PNG,unexpected role file,FAIL,NOT_CHECKED,mechanical INPUT↔OUTPUT check,REPACK
area_12,,,UNEXPECTED,CAST/005_m_timer_s_mon_timer_CAST_F01.png,no extra role PNG,unexpected role file,FAIL,NOT_CHECKED,mechanical INPUT↔OUTPUT check,REPACK
area_12,,,UNEXPECTED,CAST/005_m_timer_s_mon_timer_CAST_F02.png,no extra role PNG,unexpected role file,FAIL,NOT_CHECKED,mechanical INPUT↔OUTPUT check,REPACK
area_12,,,UNEXPECTED,CAST/005_m_timer_s_mon_timer_CAST_F03.png,no extra role PNG,unexpected role file,FAIL,NOT_CHECKED,mechanical INPUT↔OUTPUT check,REPACK
area_12,,,UNEXPECTED,CAST/005_m_timer_s_mon_timer_CAST_F04.png,no extra role PNG,unexpected role file,FAIL,NOT_CHECKED,mechanical INPUT↔OUTPUT check,REPACK
area_12,,,UNEXPECTED,CAST/005_m_timer_s_mon_timer_CAST_F05.png,no extra role PNG,unexpected role file,FAIL,NOT_CHECKED,mechanical INPUT↔OUTPUT check,REPACK
area_12,,,UNEXPECTED,CAST/005_m_timer_s_mon_timer_CAST_F06.png,no extra role PNG,unexpected role file,FAIL,NOT_CHECKED,mechanical INPUT↔OUTPUT check,REPACK
area_12,,,UNEXPECTED,CAST/005_m_timer_s_mon_timer_CAST_F07.png,no extra role PNG,unexpected role file,FAIL,NOT_CHECKED,mechanical INPUT↔OUTPUT check,REPACK
area_12,,,UNEXPECTED,CAST/005_m_timer_s_mon_timer_CAST_F08.png,no extra role PNG,unexpected role file,FAIL,NOT_CHECKED,mechanical INPUT↔OUTPUT check,REPACK
area_12,,,UNEXPECTED,CAST/005_m_timer_s_mon_timer_CAST_F09.png,no extra role PNG,unexpected role file,FAIL,NOT_CHECKED,mechanical INPUT↔OUTPUT check,REPACK
area_12,,,UNEXPECTED,CAST/005_m_timer_s_mon_timer_CAST_F10.png,no extra role PNG,unexpected role file,FAIL,NOT_CHECKED,mechanical INPUT↔OUTPUT check,REPACK
area_12,,,UNEXPECTED,CAST/005_m_timer_s_mon_timer_CAST_F11.png,no extra role PNG,unexpected role file,FAIL,NOT_CHECKED,mechanical INPUT↔OUTPUT check,REPACK
area_12,,,UNEXPECTED,ICON/001_m_brown_teddy_s_mon_brown_teddy_ICON.png,no extra role PNG,unexpected role file,FAIL,NOT_CHECKED,mechanical INPUT↔OUTPUT check,REPACK
area_12,,,UNEXPECTED,ICON/002_m_toy_trojan_s_mon_toy_trojan_ICON.png,no extra role PNG,unexpected role file,FAIL,NOT_CHECKED,mechanical INPUT↔OUTPUT check,REPACK
area_12,,,UNEXPECTED,ICON/003_m_master_robo_s_mon_master_robo_ICON.png,no extra role PNG,unexpected role file,FAIL,NOT_CHECKED,mechanical INPUT↔OUTPUT check,REPACK
area_12,,,UNEXPECTED,ICON/004_m_chronos_s_mon_chronos_ICON.png,no extra role PNG,unexpected role file,FAIL,NOT_CHECKED,mechanical INPUT↔OUTPUT check,REPACK
area_12,,,UNEXPECTED,ICON/005_m_timer_s_mon_timer_ICON.png,no extra role PNG,unexpected role file,FAIL,NOT_CHECKED,mechanical INPUT↔OUTPUT check,REPACK
area_12,,,UNEXPECTED,REFERENCE/001_m_brown_teddy_s_mon_brown_teddy_REFERENCE_F00.png,no extra role PNG,unexpected role file,FAIL,NOT_CHECKED,mechanical INPUT↔OUTPUT check,REPACK
area_12,,,UNEXPECTED,REFERENCE/001_m_brown_teddy_s_mon_brown_teddy_REFERENCE_F01.png,no extra role PNG,unexpected role file,FAIL,NOT_CHECKED,mechanical INPUT↔OUTPUT check,REPACK
area_12,,,UNEXPECTED,REFERENCE/001_m_brown_teddy_s_mon_brown_teddy_REFERENCE_F02.png,no extra role PNG,unexpected role file,FAIL,NOT_CHECKED,mechanical INPUT↔OUTPUT check,REPACK
area_12,,,UNEXPECTED,REFERENCE/001_m_brown_teddy_s_mon_brown_teddy_REFERENCE_F03.png,no extra role PNG,unexpected role file,FAIL,NOT_CHECKED,mechanical INPUT↔OUTPUT check,REPACK
area_12,,,UNEXPECTED,REFERENCE/001_m_brown_teddy_s_mon_brown_teddy_REFERENCE_F04.png,no extra role PNG,unexpected role file,FAIL,NOT_CHECKED,mechanical INPUT↔OUTPUT check,REPACK
area_12,,,UNEXPECTED,REFERENCE/001_m_brown_teddy_s_mon_brown_teddy_REFERENCE_F05.png,no extra role PNG,unexpected role file,FAIL,NOT_CHECKED,mechanical INPUT↔OUTPUT check,REPACK
area_12,,,UNEXPECTED,REFERENCE/003_m_master_robo_s_mon_master_robo_REFERENCE_F00.png,no extra role PNG,unexpected role file,FAIL,NOT_CHECKED,mechanical INPUT↔OUTPUT check,REPACK
area_12,,,UNEXPECTED,REFERENCE/003_m_master_robo_s_mon_master_robo_REFERENCE_F01.png,no extra role PNG,unexpected role file,FAIL,NOT_CHECKED,mechanical INPUT↔OUTPUT check,REPACK
area_12,,,UNEXPECTED,REFERENCE/003_m_master_robo_s_mon_master_robo_REFERENCE_F02.png,no extra role PNG,unexpected role file,FAIL,NOT_CHECKED,mechanical INPUT↔OUTPUT check,REPACK
area_12,,,UNEXPECTED,REFERENCE/003_m_master_robo_s_mon_master_robo_REFERENCE_F03.png,no extra role PNG,unexpected role file,FAIL,NOT_CHECKED,mechanical INPUT↔OUTPUT check,REPACK
area_12,,,UNEXPECTED,REFERENCE/003_m_master_robo_s_mon_master_robo_REFERENCE_F04.png,no extra role PNG,unexpected role file,FAIL,NOT_CHECKED,mechanical INPUT↔OUTPUT check,REPACK
area_12,,,UNEXPECTED,REFERENCE/003_m_master_robo_s_mon_master_robo_REFERENCE_F05.png,no extra role PNG,unexpected role file,FAIL,NOT_CHECKED,mechanical INPUT↔OUTPUT check,REPACK
area_12,m_toy_trojan,s_mon_toy_trojan,RESULT_INFO,monsters/002_m_toy_trojan_장난감_목마/RESULT_INFO.md,required,missing,FAIL,NOT_CHECKED,mechanical INPUT↔OUTPUT check,REPACK
area_12,m_toy_trojan,s_mon_toy_trojan,PREVIEW,monsters/002_m_toy_trojan_장난감_목마/PREVIEW/labeled_preview.png,required labeled preview,missing,FAIL,NOT_CHECKED,mechanical INPUT↔OUTPUT check,REPACK
area_12,m_master_robo,s_mon_master_robo,RESULT_INFO,monsters/003_m_master_robo_마스터_로보/RESULT_INFO.md,required,missing,FAIL,NOT_CHECKED,mechanical INPUT↔OUTPUT check,REPACK
area_12,m_master_robo,s_mon_master_robo,PREVIEW,monsters/003_m_master_robo_마스터_로보/PREVIEW/labeled_preview.png,required labeled preview,missing,FAIL,NOT_CHECKED,mechanical INPUT↔OUTPUT check,REPACK
area_13,m_white_sand_rabbit,s_mon_white_sand_rabbit,ICON,monsters/001_m_white_sand_rabbit_흰_모래토끼/ICON/001_m_white_sand_rabbit_s_mon_white_sand_rabbit_ICON.png,required file,missing,FAIL,NOT_CHECKED,mechanical INPUT↔OUTPUT check,REPACK
area_13,m_white_sand_rabbit,s_mon_white_sand_rabbit,CAST_VFX,monsters/001_m_white_sand_rabbit_흰_모래토끼/CAST/001_m_white_sand_rabbit_s_mon_white_sand_rabbit_CAST_F00.png,required file,missing,FAIL,NOT_CHECKED,mechanical INPUT↔OUTPUT check,REPACK
area_13,m_white_sand_rabbit,s_mon_white_sand_rabbit,CAST_VFX,monsters/001_m_white_sand_rabbit_흰_모래토끼/CAST/001_m_white_sand_rabbit_s_mon_white_sand_rabbit_CAST_F01.png,required file,missing,FAIL,NOT_CHECKED,mechanical INPUT↔OUTPUT check,REPACK
area_13,m_white_sand_rabbit,s_mon_white_sand_rabbit,CAST_VFX,monsters/001_m_white_sand_rabbit_흰_모래토끼/CAST/001_m_white_sand_rabbit_s_mon_white_sand_rabbit_CAST_F02.png,required file,missing,FAIL,NOT_CHECKED,mechanical INPUT↔OUTPUT check,REPACK
area_13,m_white_sand_rabbit,s_mon_white_sand_rabbit,CAST_VFX,monsters/001_m_white_sand_rabbit_흰_모래토끼/CAST/001_m_white_sand_rabbit_s_mon_white_sand_rabbit_CAST_F03.png,required file,missing,FAIL,NOT_CHECKED,mechanical INPUT↔OUTPUT check,REPACK
area_13,m_white_sand_rabbit,s_mon_white_sand_rabbit,CAST_VFX,monsters/001_m_white_sand_rabbit_흰_모래토끼/CAST/001_m_white_sand_rabbit_s_mon_white_sand_rabbit_CAST_F04.png,required file,missing,FAIL,NOT_CHECKED,mechanical INPUT↔OUTPUT check,REPACK
area_13,m_white_sand_rabbit,s_mon_white_sand_rabbit,CAST_VFX,monsters/001_m_white_sand_rabbit_흰_모래토끼/CAST/001_m_white_sand_rabbit_s_mon_white_sand_rabbit_CAST_F05.png,required file,missing,FAIL,NOT_CHECKED,mechanical INPUT↔OUTPUT check,REPACK
area_13,m_white_sand_rabbit,s_mon_white_sand_rabbit,CAST_VFX,monsters/001_m_white_sand_rabbit_흰_모래토끼/CAST/001_m_white_sand_rabbit_s_mon_white_sand_rabbit_CAST_F06.png,required file,missing,FAIL,NOT_CHECKED,mechanical INPUT↔OUTPUT check,REPACK
area_13,m_white_sand_rabbit,s_mon_white_sand_rabbit,CAST_VFX,monsters/001_m_white_sand_rabbit_흰_모래토끼/CAST/001_m_white_sand_rabbit_s_mon_white_sand_rabbit_CAST_F07.png,required file,missing,FAIL,NOT_CHECKED,mechanical INPUT↔OUTPUT check,REPACK
area_13,m_scarf_plead,s_mon_scarf_plead,ICON,monsters/002_m_scarf_plead_목도리_프릴드/ICON/002_m_scarf_plead_s_mon_scarf_plead_ICON.png,required file,missing,FAIL,NOT_CHECKED,mechanical INPUT↔OUTPUT check,REPACK
area_13,m_scarf_plead,s_mon_scarf_plead,REFERENCE_VFX,monsters/002_m_scarf_plead_목도리_프릴드/REFERENCE/002_m_scarf_plead_s_mon_scarf_plead_REFERENCE_F00.png,required file,missing,FAIL,NOT_CHECKED,mechanical INPUT↔OUTPUT check,REPACK
area_13,m_scarf_plead,s_mon_scarf_plead,REFERENCE_VFX,monsters/002_m_scarf_plead_목도리_프릴드/REFERENCE/002_m_scarf_plead_s_mon_scarf_plead_REFERENCE_F01.png,required file,missing,FAIL,NOT_CHECKED,mechanical INPUT↔OUTPUT check,REPACK
area_13,m_scarf_plead,s_mon_scarf_plead,REFERENCE_VFX,monsters/002_m_scarf_plead_목도리_프릴드/REFERENCE/002_m_scarf_plead_s_mon_scarf_plead_REFERENCE_F02.png,required file,missing,FAIL,NOT_CHECKED,mechanical INPUT↔OUTPUT check,REPACK
area_13,m_scarf_plead,s_mon_scarf_plead,REFERENCE_VFX,monsters/002_m_scarf_plead_목도리_프릴드/REFERENCE/002_m_scarf_plead_s_mon_scarf_plead_REFERENCE_F03.png,required file,missing,FAIL,NOT_CHECKED,mechanical INPUT↔OUTPUT check,REPACK
area_13,m_scarf_plead,s_mon_scarf_plead,REFERENCE_VFX,monsters/002_m_scarf_plead_목도리_프릴드/REFERENCE/002_m_scarf_plead_s_mon_scarf_plead_REFERENCE_F04.png,required file,missing,FAIL,NOT_CHECKED,mechanical INPUT↔OUTPUT check,REPACK
area_13,m_scarf_plead,s_mon_scarf_plead,REFERENCE_VFX,monsters/002_m_scarf_plead_목도리_프릴드/REFERENCE/002_m_scarf_plead_s_mon_scarf_plead_REFERENCE_F05.png,required file,missing,FAIL,NOT_CHECKED,mechanical INPUT↔OUTPUT check,REPACK
area_13,m_meercat,s_mon_meercat,ICON,monsters/003_m_meercat_미요캐츠/ICON/003_m_meercat_s_mon_meercat_ICON.png,required file,missing,FAIL,NOT_CHECKED,mechanical INPUT↔OUTPUT check,REPACK
area_13,m_meercat,s_mon_meercat,CAST_VFX,monsters/003_m_meercat_미요캐츠/CAST/003_m_meercat_s_mon_meercat_CAST_F00.png,required file,missing,FAIL,NOT_CHECKED,mechanical INPUT↔OUTPUT check,REPACK
area_13,m_meercat,s_mon_meercat,CAST_VFX,monsters/003_m_meercat_미요캐츠/CAST/003_m_meercat_s_mon_meercat_CAST_F01.png,required file,missing,FAIL,NOT_CHECKED,mechanical INPUT↔OUTPUT check,REPACK
area_13,m_meercat,s_mon_meercat,CAST_VFX,monsters/003_m_meercat_미요캐츠/CAST/003_m_meercat_s_mon_meercat_CAST_F02.png,required file,missing,FAIL,NOT_CHECKED,mechanical INPUT↔OUTPUT check,REPACK
area_13,m_meercat,s_mon_meercat,CAST_VFX,monsters/003_m_meercat_미요캐츠/CAST/003_m_meercat_s_mon_meercat_CAST_F03.png,required file,missing,FAIL,NOT_CHECKED,mechanical INPUT↔OUTPUT check,REPACK
area_13,m_meercat,s_mon_meercat,CAST_VFX,monsters/003_m_meercat_미요캐츠/CAST/003_m_meercat_s_mon_meercat_CAST_F04.png,required file,missing,FAIL,NOT_CHECKED,mechanical INPUT↔OUTPUT check,REPACK
area_13,m_meercat,s_mon_meercat,CAST_VFX,monsters/003_m_meercat_미요캐츠/CAST/003_m_meercat_s_mon_meercat_CAST_F05.png,required file,missing,FAIL,NOT_CHECKED,mechanical INPUT↔OUTPUT check,REPACK
area_13,m_meercat,s_mon_meercat,CAST_VFX,monsters/003_m_meercat_미요캐츠/CAST/003_m_meercat_s_mon_meercat_CAST_F06.png,required file,missing,FAIL,NOT_CHECKED,mechanical INPUT↔OUTPUT check,REPACK
area_13,m_meercat,s_mon_meercat,CAST_VFX,monsters/003_m_meercat_미요캐츠/CAST/003_m_meercat_s_mon_meercat_CAST_F07.png,required file,missing,FAIL,NOT_CHECKED,mechanical INPUT↔OUTPUT check,REPACK
area_13,m_sand_dwarf,s_mon_sand_dwarf,ICON,monsters/004_m_sand_dwarf_모래난쟁이/ICON/004_m_sand_dwarf_s_mon_sand_dwarf_ICON.png,required file,missing,FAIL,NOT_CHECKED,mechanical INPUT↔OUTPUT check,REPACK
area_13,m_sand_dwarf,s_mon_sand_dwarf,REFERENCE_VFX,monsters/004_m_sand_dwarf_모래난쟁이/REFERENCE/004_m_sand_dwarf_s_mon_sand_dwarf_REFERENCE_F00.png,required file,missing,FAIL,NOT_CHECKED,mechanical INPUT↔OUTPUT check,REPACK
area_13,m_sand_dwarf,s_mon_sand_dwarf,REFERENCE_VFX,monsters/004_m_sand_dwarf_모래난쟁이/REFERENCE/004_m_sand_dwarf_s_mon_sand_dwarf_REFERENCE_F01.png,required file,missing,FAIL,NOT_CHECKED,mechanical INPUT↔OUTPUT check,REPACK
area_13,m_sand_dwarf,s_mon_sand_dwarf,REFERENCE_VFX,monsters/004_m_sand_dwarf_모래난쟁이/REFERENCE/004_m_sand_dwarf_s_mon_sand_dwarf_REFERENCE_F02.png,required file,missing,FAIL,NOT_CHECKED,mechanical INPUT↔OUTPUT check,REPACK
area_13,m_sand_dwarf,s_mon_sand_dwarf,REFERENCE_VFX,monsters/004_m_sand_dwarf_모래난쟁이/REFERENCE/004_m_sand_dwarf_s_mon_sand_dwarf_REFERENCE_F03.png,required file,missing,FAIL,NOT_CHECKED,mechanical INPUT↔OUTPUT check,REPACK
area_13,m_sand_dwarf,s_mon_sand_dwarf,REFERENCE_VFX,monsters/004_m_sand_dwarf_모래난쟁이/REFERENCE/004_m_sand_dwarf_s_mon_sand_dwarf_REFERENCE_F04.png,required file,missing,FAIL,NOT_CHECKED,mechanical INPUT↔OUTPUT check,REPACK
area_13,m_sand_dwarf,s_mon_sand_dwarf,REFERENCE_VFX,monsters/004_m_sand_dwarf_모래난쟁이/REFERENCE/004_m_sand_dwarf_s_mon_sand_dwarf_REFERENCE_F05.png,required file,missing,FAIL,NOT_CHECKED,mechanical INPUT↔OUTPUT check,REPACK
area_13,m_deo,s_mon_deo,ICON,monsters/005_m_deo_데우/ICON/005_m_deo_s_mon_deo_ICON.png,required file,missing,FAIL,NOT_CHECKED,mechanical INPUT↔OUTPUT check,REPACK
area_13,m_deo,s_mon_deo,CAST_VFX,monsters/005_m_deo_데우/CAST/005_m_deo_s_mon_deo_CAST_F00.png,required file,missing,FAIL,NOT_CHECKED,mechanical INPUT↔OUTPUT check,REPACK
area_13,m_deo,s_mon_deo,CAST_VFX,monsters/005_m_deo_데우/CAST/005_m_deo_s_mon_deo_CAST_F01.png,required file,missing,FAIL,NOT_CHECKED,mechanical INPUT↔OUTPUT check,REPACK
area_13,m_deo,s_mon_deo,CAST_VFX,monsters/005_m_deo_데우/CAST/005_m_deo_s_mon_deo_CAST_F02.png,required file,missing,FAIL,NOT_CHECKED,mechanical INPUT↔OUTPUT check,REPACK
area_13,m_deo,s_mon_deo,CAST_VFX,monsters/005_m_deo_데우/CAST/005_m_deo_s_mon_deo_CAST_F03.png,required file,missing,FAIL,NOT_CHECKED,mechanical INPUT↔OUTPUT check,REPACK
area_13,m_deo,s_mon_deo,CAST_VFX,monsters/005_m_deo_데우/CAST/005_m_deo_s_mon_deo_CAST_F04.png,required file,missing,FAIL,NOT_CHECKED,mechanical INPUT↔OUTPUT check,REPACK
area_13,m_deo,s_mon_deo,CAST_VFX,monsters/005_m_deo_데우/CAST/005_m_deo_s_mon_deo_CAST_F05.png,required file,missing,FAIL,NOT_CHECKED,mechanical INPUT↔OUTPUT check,REPACK
area_13,m_deo,s_mon_deo,CAST_VFX,monsters/005_m_deo_데우/CAST/005_m_deo_s_mon_deo_CAST_F06.png,required file,missing,FAIL,NOT_CHECKED,mechanical INPUT↔OUTPUT check,REPACK
area_13,m_deo,s_mon_deo,CAST_VFX,monsters/005_m_deo_데우/CAST/005_m_deo_s_mon_deo_CAST_F07.png,required file,missing,FAIL,NOT_CHECKED,mechanical INPUT↔OUTPUT check,REPACK
area_13,m_deo,s_mon_deo,CAST_VFX,monsters/005_m_deo_데우/CAST/005_m_deo_s_mon_deo_CAST_F08.png,required file,missing,FAIL,NOT_CHECKED,mechanical INPUT↔OUTPUT check,REPACK
area_13,m_deo,s_mon_deo,CAST_VFX,monsters/005_m_deo_데우/CAST/005_m_deo_s_mon_deo_CAST_F09.png,required file,missing,FAIL,NOT_CHECKED,mechanical INPUT↔OUTPUT check,REPACK
area_13,m_deo,s_mon_deo,CAST_VFX,monsters/005_m_deo_데우/CAST/005_m_deo_s_mon_deo_CAST_F10.png,required file,missing,FAIL,NOT_CHECKED,mechanical INPUT↔OUTPUT check,REPACK
area_13,m_deo,s_mon_deo,CAST_VFX,monsters/005_m_deo_데우/CAST/005_m_deo_s_mon_deo_CAST_F11.png,required file,missing,FAIL,NOT_CHECKED,mechanical INPUT↔OUTPUT check,REPACK
area_13,,,UNEXPECTED,CAST/001_m_white_sand_rabbit_s_mon_white_sand_rabbit_CAST_F00.png,no extra role PNG,unexpected role file,FAIL,NOT_CHECKED,mechanical INPUT↔OUTPUT check,REPACK
area_13,,,UNEXPECTED,CAST/001_m_white_sand_rabbit_s_mon_white_sand_rabbit_CAST_F01.png,no extra role PNG,unexpected role file,FAIL,NOT_CHECKED,mechanical INPUT↔OUTPUT check,REPACK
area_13,,,UNEXPECTED,CAST/001_m_white_sand_rabbit_s_mon_white_sand_rabbit_CAST_F02.png,no extra role PNG,unexpected role file,FAIL,NOT_CHECKED,mechanical INPUT↔OUTPUT check,REPACK
area_13,,,UNEXPECTED,CAST/001_m_white_sand_rabbit_s_mon_white_sand_rabbit_CAST_F03.png,no extra role PNG,unexpected role file,FAIL,NOT_CHECKED,mechanical INPUT↔OUTPUT check,REPACK
area_13,,,UNEXPECTED,CAST/001_m_white_sand_rabbit_s_mon_white_sand_rabbit_CAST_F04.png,no extra role PNG,unexpected role file,FAIL,NOT_CHECKED,mechanical INPUT↔OUTPUT check,REPACK
area_13,,,UNEXPECTED,CAST/001_m_white_sand_rabbit_s_mon_white_sand_rabbit_CAST_F05.png,no extra role PNG,unexpected role file,FAIL,NOT_CHECKED,mechanical INPUT↔OUTPUT check,REPACK
area_13,,,UNEXPECTED,CAST/001_m_white_sand_rabbit_s_mon_white_sand_rabbit_CAST_F06.png,no extra role PNG,unexpected role file,FAIL,NOT_CHECKED,mechanical INPUT↔OUTPUT check,REPACK
area_13,,,UNEXPECTED,CAST/001_m_white_sand_rabbit_s_mon_white_sand_rabbit_CAST_F07.png,no extra role PNG,unexpected role file,FAIL,NOT_CHECKED,mechanical INPUT↔OUTPUT check,REPACK
area_13,,,UNEXPECTED,CAST/003_m_meercat_s_mon_meercat_CAST_F00.png,no extra role PNG,unexpected role file,FAIL,NOT_CHECKED,mechanical INPUT↔OUTPUT check,REPACK
area_13,,,UNEXPECTED,CAST/003_m_meercat_s_mon_meercat_CAST_F01.png,no extra role PNG,unexpected role file,FAIL,NOT_CHECKED,mechanical INPUT↔OUTPUT check,REPACK
area_13,,,UNEXPECTED,CAST/003_m_meercat_s_mon_meercat_CAST_F02.png,no extra role PNG,unexpected role file,FAIL,NOT_CHECKED,mechanical INPUT↔OUTPUT check,REPACK
area_13,,,UNEXPECTED,CAST/003_m_meercat_s_mon_meercat_CAST_F03.png,no extra role PNG,unexpected role file,FAIL,NOT_CHECKED,mechanical INPUT↔OUTPUT check,REPACK
area_13,,,UNEXPECTED,CAST/003_m_meercat_s_mon_meercat_CAST_F04.png,no extra role PNG,unexpected role file,FAIL,NOT_CHECKED,mechanical INPUT↔OUTPUT check,REPACK
area_13,,,UNEXPECTED,CAST/003_m_meercat_s_mon_meercat_CAST_F05.png,no extra role PNG,unexpected role file,FAIL,NOT_CHECKED,mechanical INPUT↔OUTPUT check,REPACK
area_13,,,UNEXPECTED,CAST/003_m_meercat_s_mon_meercat_CAST_F06.png,no extra role PNG,unexpected role file,FAIL,NOT_CHECKED,mechanical INPUT↔OUTPUT check,REPACK
area_13,,,UNEXPECTED,CAST/003_m_meercat_s_mon_meercat_CAST_F07.png,no extra role PNG,unexpected role file,FAIL,NOT_CHECKED,mechanical INPUT↔OUTPUT check,REPACK
area_13,,,UNEXPECTED,CAST/005_m_deo_s_mon_deo_CAST_F00.png,no extra role PNG,unexpected role file,FAIL,NOT_CHECKED,mechanical INPUT↔OUTPUT check,REPACK
area_13,,,UNEXPECTED,CAST/005_m_deo_s_mon_deo_CAST_F01.png,no extra role PNG,unexpected role file,FAIL,NOT_CHECKED,mechanical INPUT↔OUTPUT check,REPACK
area_13,,,UNEXPECTED,CAST/005_m_deo_s_mon_deo_CAST_F02.png,no extra role PNG,unexpected role file,FAIL,NOT_CHECKED,mechanical INPUT↔OUTPUT check,REPACK
area_13,,,UNEXPECTED,CAST/005_m_deo_s_mon_deo_CAST_F03.png,no extra role PNG,unexpected role file,FAIL,NOT_CHECKED,mechanical INPUT↔OUTPUT check,REPACK
area_13,,,UNEXPECTED,CAST/005_m_deo_s_mon_deo_CAST_F04.png,no extra role PNG,unexpected role file,FAIL,NOT_CHECKED,mechanical INPUT↔OUTPUT check,REPACK
area_13,,,UNEXPECTED,CAST/005_m_deo_s_mon_deo_CAST_F05.png,no extra role PNG,unexpected role file,FAIL,NOT_CHECKED,mechanical INPUT↔OUTPUT check,REPACK
area_13,,,UNEXPECTED,CAST/005_m_deo_s_mon_deo_CAST_F06.png,no extra role PNG,unexpected role file,FAIL,NOT_CHECKED,mechanical INPUT↔OUTPUT check,REPACK
area_13,,,UNEXPECTED,CAST/005_m_deo_s_mon_deo_CAST_F07.png,no extra role PNG,unexpected role file,FAIL,NOT_CHECKED,mechanical INPUT↔OUTPUT check,REPACK
area_13,,,UNEXPECTED,CAST/005_m_deo_s_mon_deo_CAST_F08.png,no extra role PNG,unexpected role file,FAIL,NOT_CHECKED,mechanical INPUT↔OUTPUT check,REPACK
area_13,,,UNEXPECTED,CAST/005_m_deo_s_mon_deo_CAST_F09.png,no extra role PNG,unexpected role file,FAIL,NOT_CHECKED,mechanical INPUT↔OUTPUT check,REPACK
area_13,,,UNEXPECTED,CAST/005_m_deo_s_mon_deo_CAST_F10.png,no extra role PNG,unexpected role file,FAIL,NOT_CHECKED,mechanical INPUT↔OUTPUT check,REPACK
area_13,,,UNEXPECTED,CAST/005_m_deo_s_mon_deo_CAST_F11.png,no extra role PNG,unexpected role file,FAIL,NOT_CHECKED,mechanical INPUT↔OUTPUT check,REPACK
area_13,,,UNEXPECTED,ICON/001_m_white_sand_rabbit_s_mon_white_sand_rabbit_ICON.png,no extra role PNG,unexpected role file,FAIL,NOT_CHECKED,mechanical INPUT↔OUTPUT check,REPACK
area_13,,,UNEXPECTED,ICON/002_m_scarf_plead_s_mon_scarf_plead_ICON.png,no extra role PNG,unexpected role file,FAIL,NOT_CHECKED,mechanical INPUT↔OUTPUT check,REPACK
area_13,,,UNEXPECTED,ICON/003_m_meercat_s_mon_meercat_ICON.png,no extra role PNG,unexpected role file,FAIL,NOT_CHECKED,mechanical INPUT↔OUTPUT check,REPACK
area_13,,,UNEXPECTED,ICON/004_m_sand_dwarf_s_mon_sand_dwarf_ICON.png,no extra role PNG,unexpected role file,FAIL,NOT_CHECKED,mechanical INPUT↔OUTPUT check,REPACK
area_13,,,UNEXPECTED,ICON/005_m_deo_s_mon_deo_ICON.png,no extra role PNG,unexpected role file,FAIL,NOT_CHECKED,mechanical INPUT↔OUTPUT check,REPACK
area_13,,,UNEXPECTED,REFERENCE/002_m_scarf_plead_s_mon_scarf_plead_REFERENCE_F00.png,no extra role PNG,unexpected role file,FAIL,NOT_CHECKED,mechanical INPUT↔OUTPUT check,REPACK
area_13,,,UNEXPECTED,REFERENCE/002_m_scarf_plead_s_mon_scarf_plead_REFERENCE_F01.png,no extra role PNG,unexpected role file,FAIL,NOT_CHECKED,mechanical INPUT↔OUTPUT check,REPACK
area_13,,,UNEXPECTED,REFERENCE/002_m_scarf_plead_s_mon_scarf_plead_REFERENCE_F02.png,no extra role PNG,unexpected role file,FAIL,NOT_CHECKED,mechanical INPUT↔OUTPUT check,REPACK
area_13,,,UNEXPECTED,REFERENCE/002_m_scarf_plead_s_mon_scarf_plead_REFERENCE_F03.png,no extra role PNG,unexpected role file,FAIL,NOT_CHECKED,mechanical INPUT↔OUTPUT check,REPACK
area_13,,,UNEXPECTED,REFERENCE/002_m_scarf_plead_s_mon_scarf_plead_REFERENCE_F04.png,no extra role PNG,unexpected role file,FAIL,NOT_CHECKED,mechanical INPUT↔OUTPUT check,REPACK
area_13,,,UNEXPECTED,REFERENCE/002_m_scarf_plead_s_mon_scarf_plead_REFERENCE_F05.png,no extra role PNG,unexpected role file,FAIL,NOT_CHECKED,mechanical INPUT↔OUTPUT check,REPACK
area_13,,,UNEXPECTED,REFERENCE/004_m_sand_dwarf_s_mon_sand_dwarf_REFERENCE_F00.png,no extra role PNG,unexpected role file,FAIL,NOT_CHECKED,mechanical INPUT↔OUTPUT check,REPACK
area_13,,,UNEXPECTED,REFERENCE/004_m_sand_dwarf_s_mon_sand_dwarf_REFERENCE_F01.png,no extra role PNG,unexpected role file,FAIL,NOT_CHECKED,mechanical INPUT↔OUTPUT check,REPACK
area_13,,,UNEXPECTED,REFERENCE/004_m_sand_dwarf_s_mon_sand_dwarf_REFERENCE_F02.png,no extra role PNG,unexpected role file,FAIL,NOT_CHECKED,mechanical INPUT↔OUTPUT check,REPACK
area_13,,,UNEXPECTED,REFERENCE/004_m_sand_dwarf_s_mon_sand_dwarf_REFERENCE_F03.png,no extra role PNG,unexpected role file,FAIL,NOT_CHECKED,mechanical INPUT↔OUTPUT check,REPACK
area_13,,,UNEXPECTED,REFERENCE/004_m_sand_dwarf_s_mon_sand_dwarf_REFERENCE_F04.png,no extra role PNG,unexpected role file,FAIL,NOT_CHECKED,mechanical INPUT↔OUTPUT check,REPACK
area_13,,,UNEXPECTED,REFERENCE/004_m_sand_dwarf_s_mon_sand_dwarf_REFERENCE_F05.png,no extra role PNG,unexpected role file,FAIL,NOT_CHECKED,mechanical INPUT↔OUTPUT check,REPACK
area_13,m_white_sand_rabbit,s_mon_white_sand_rabbit,RESULT_INFO,monsters/001_m_white_sand_rabbit_흰_모래토끼/RESULT_INFO.md,required,missing,FAIL,NOT_CHECKED,mechanical INPUT↔OUTPUT check,REPACK
area_13,m_white_sand_rabbit,s_mon_white_sand_rabbit,PREVIEW,monsters/001_m_white_sand_rabbit_흰_모래토끼/PREVIEW/labeled_preview.png,required labeled preview,missing,FAIL,NOT_CHECKED,mechanical INPUT↔OUTPUT check,REPACK
area_13,m_scarf_plead,s_mon_scarf_plead,RESULT_INFO,monsters/002_m_scarf_plead_목도리_프릴드/RESULT_INFO.md,required,missing,FAIL,NOT_CHECKED,mechanical INPUT↔OUTPUT check,REPACK
area_13,m_scarf_plead,s_mon_scarf_plead,PREVIEW,monsters/002_m_scarf_plead_목도리_프릴드/PREVIEW/labeled_preview.png,required labeled preview,missing,FAIL,NOT_CHECKED,mechanical INPUT↔OUTPUT check,REPACK
area_13,m_meercat,s_mon_meercat,RESULT_INFO,monsters/003_m_meercat_미요캐츠/RESULT_INFO.md,required,missing,FAIL,NOT_CHECKED,mechanical INPUT↔OUTPUT check,REPACK
area_13,m_meercat,s_mon_meercat,PREVIEW,monsters/003_m_meercat_미요캐츠/PREVIEW/labeled_preview.png,required labeled preview,missing,FAIL,NOT_CHECKED,mechanical INPUT↔OUTPUT check,REPACK
area_13,m_sand_dwarf,s_mon_sand_dwarf,RESULT_INFO,monsters/004_m_sand_dwarf_모래난쟁이/RESULT_INFO.md,required,missing,FAIL,NOT_CHECKED,mechanical INPUT↔OUTPUT check,REPACK
area_13,m_sand_dwarf,s_mon_sand_dwarf,PREVIEW,monsters/004_m_sand_dwarf_모래난쟁이/PREVIEW/labeled_preview.png,required labeled preview,missing,FAIL,NOT_CHECKED,mechanical INPUT↔OUTPUT check,REPACK
area_13,m_deo,s_mon_deo,RESULT_INFO,monsters/005_m_deo_데우/RESULT_INFO.md,required,missing,FAIL,NOT_CHECKED,mechanical INPUT↔OUTPUT check,REPACK
area_13,m_deo,s_mon_deo,PREVIEW,monsters/005_m_deo_데우/PREVIEW/labeled_preview.png,required labeled preview,missing,FAIL,NOT_CHECKED,mechanical INPUT↔OUTPUT check,REPACK
area_14,m_cube_slime,s_mon_cube_slime,ICON,monsters/001_m_cube_slime_큐브슬라임/ICON/001_m_cube_slime_s_mon_cube_slime_ICON.png,required file,missing,FAIL,NOT_CHECKED,mechanical INPUT↔OUTPUT check,REPACK
area_14,m_cube_slime,s_mon_cube_slime,REFERENCE_VFX,monsters/001_m_cube_slime_큐브슬라임/REFERENCE/001_m_cube_slime_s_mon_cube_slime_REFERENCE_F00.png,required file,missing,FAIL,NOT_CHECKED,mechanical INPUT↔OUTPUT check,REPACK
area_14,m_cube_slime,s_mon_cube_slime,REFERENCE_VFX,monsters/001_m_cube_slime_큐브슬라임/REFERENCE/001_m_cube_slime_s_mon_cube_slime_REFERENCE_F01.png,required file,missing,FAIL,NOT_CHECKED,mechanical INPUT↔OUTPUT check,REPACK
area_14,m_cube_slime,s_mon_cube_slime,REFERENCE_VFX,monsters/001_m_cube_slime_큐브슬라임/REFERENCE/001_m_cube_slime_s_mon_cube_slime_REFERENCE_F02.png,required file,missing,FAIL,NOT_CHECKED,mechanical INPUT↔OUTPUT check,REPACK
area_14,m_cube_slime,s_mon_cube_slime,REFERENCE_VFX,monsters/001_m_cube_slime_큐브슬라임/REFERENCE/001_m_cube_slime_s_mon_cube_slime_REFERENCE_F03.png,required file,missing,FAIL,NOT_CHECKED,mechanical INPUT↔OUTPUT check,REPACK
area_14,m_cube_slime,s_mon_cube_slime,REFERENCE_VFX,monsters/001_m_cube_slime_큐브슬라임/REFERENCE/001_m_cube_slime_s_mon_cube_slime_REFERENCE_F04.png,required file,missing,FAIL,NOT_CHECKED,mechanical INPUT↔OUTPUT check,REPACK
area_14,m_cube_slime,s_mon_cube_slime,REFERENCE_VFX,monsters/001_m_cube_slime_큐브슬라임/REFERENCE/001_m_cube_slime_s_mon_cube_slime_REFERENCE_F05.png,required file,missing,FAIL,NOT_CHECKED,mechanical INPUT↔OUTPUT check,REPACK
area_14,m_mithril_mutae,s_mon_mithril_mutae,ICON,monsters/002_m_mithril_mutae_미스릴_뮤테/ICON/002_m_mithril_mutae_s_mon_mithril_mutae_ICON.png,required file,missing,FAIL,NOT_CHECKED,mechanical INPUT↔OUTPUT check,REPACK
area_14,m_mithril_mutae,s_mon_mithril_mutae,REFERENCE_VFX,monsters/002_m_mithril_mutae_미스릴_뮤테/REFERENCE/002_m_mithril_mutae_s_mon_mithril_mutae_REFERENCE_F00.png,required file,missing,FAIL,NOT_CHECKED,mechanical INPUT↔OUTPUT check,REPACK
area_14,m_mithril_mutae,s_mon_mithril_mutae,REFERENCE_VFX,monsters/002_m_mithril_mutae_미스릴_뮤테/REFERENCE/002_m_mithril_mutae_s_mon_mithril_mutae_REFERENCE_F01.png,required file,missing,FAIL,NOT_CHECKED,mechanical INPUT↔OUTPUT check,REPACK
area_14,m_mithril_mutae,s_mon_mithril_mutae,REFERENCE_VFX,monsters/002_m_mithril_mutae_미스릴_뮤테/REFERENCE/002_m_mithril_mutae_s_mon_mithril_mutae_REFERENCE_F02.png,required file,missing,FAIL,NOT_CHECKED,mechanical INPUT↔OUTPUT check,REPACK
area_14,m_mithril_mutae,s_mon_mithril_mutae,REFERENCE_VFX,monsters/002_m_mithril_mutae_미스릴_뮤테/REFERENCE/002_m_mithril_mutae_s_mon_mithril_mutae_REFERENCE_F03.png,required file,missing,FAIL,NOT_CHECKED,mechanical INPUT↔OUTPUT check,REPACK
area_14,m_mithril_mutae,s_mon_mithril_mutae,REFERENCE_VFX,monsters/002_m_mithril_mutae_미스릴_뮤테/REFERENCE/002_m_mithril_mutae_s_mon_mithril_mutae_REFERENCE_F04.png,required file,missing,FAIL,NOT_CHECKED,mechanical INPUT↔OUTPUT check,REPACK
area_14,m_mithril_mutae,s_mon_mithril_mutae,REFERENCE_VFX,monsters/002_m_mithril_mutae_미스릴_뮤테/REFERENCE/002_m_mithril_mutae_s_mon_mithril_mutae_REFERENCE_F05.png,required file,missing,FAIL,NOT_CHECKED,mechanical INPUT↔OUTPUT check,REPACK
area_14,m_homun,s_mon_homun,ICON,monsters/003_m_homun_호문/ICON/003_m_homun_s_mon_homun_ICON.png,required file,missing,FAIL,NOT_CHECKED,mechanical INPUT↔OUTPUT check,REPACK
area_14,m_homun,s_mon_homun,CAST_VFX,monsters/003_m_homun_호문/CAST/003_m_homun_s_mon_homun_CAST_F00.png,required file,missing,FAIL,NOT_CHECKED,mechanical INPUT↔OUTPUT check,REPACK
area_14,m_homun,s_mon_homun,CAST_VFX,monsters/003_m_homun_호문/CAST/003_m_homun_s_mon_homun_CAST_F01.png,required file,missing,FAIL,NOT_CHECKED,mechanical INPUT↔OUTPUT check,REPACK
area_14,m_homun,s_mon_homun,CAST_VFX,monsters/003_m_homun_호문/CAST/003_m_homun_s_mon_homun_CAST_F02.png,required file,missing,FAIL,NOT_CHECKED,mechanical INPUT↔OUTPUT check,REPACK
area_14,m_homun,s_mon_homun,CAST_VFX,monsters/003_m_homun_호문/CAST/003_m_homun_s_mon_homun_CAST_F03.png,required file,missing,FAIL,NOT_CHECKED,mechanical INPUT↔OUTPUT check,REPACK
area_14,m_homun,s_mon_homun,CAST_VFX,monsters/003_m_homun_호문/CAST/003_m_homun_s_mon_homun_CAST_F04.png,required file,missing,FAIL,NOT_CHECKED,mechanical INPUT↔OUTPUT check,REPACK
area_14,m_homun,s_mon_homun,CAST_VFX,monsters/003_m_homun_호문/CAST/003_m_homun_s_mon_homun_CAST_F05.png,required file,missing,FAIL,NOT_CHECKED,mechanical INPUT↔OUTPUT check,REPACK
area_14,m_homun,s_mon_homun,CAST_VFX,monsters/003_m_homun_호문/CAST/003_m_homun_s_mon_homun_CAST_F06.png,required file,missing,FAIL,NOT_CHECKED,mechanical INPUT↔OUTPUT check,REPACK
area_14,m_homun,s_mon_homun,CAST_VFX,monsters/003_m_homun_호문/CAST/003_m_homun_s_mon_homun_CAST_F07.png,required file,missing,FAIL,NOT_CHECKED,mechanical INPUT↔OUTPUT check,REPACK
area_14,m_roid,s_mon_roid,ICON,monsters/004_m_roid_로이드/ICON/004_m_roid_s_mon_roid_ICON.png,required file,missing,FAIL,NOT_CHECKED,mechanical INPUT↔OUTPUT check,REPACK
area_14,m_roid,s_mon_roid,CAST_VFX,monsters/004_m_roid_로이드/CAST/004_m_roid_s_mon_roid_CAST_F00.png,required file,missing,FAIL,NOT_CHECKED,mechanical INPUT↔OUTPUT check,REPACK
area_14,m_roid,s_mon_roid,CAST_VFX,monsters/004_m_roid_로이드/CAST/004_m_roid_s_mon_roid_CAST_F01.png,required file,missing,FAIL,NOT_CHECKED,mechanical INPUT↔OUTPUT check,REPACK
area_14,m_roid,s_mon_roid,CAST_VFX,monsters/004_m_roid_로이드/CAST/004_m_roid_s_mon_roid_CAST_F02.png,required file,missing,FAIL,NOT_CHECKED,mechanical INPUT↔OUTPUT check,REPACK
area_14,m_roid,s_mon_roid,CAST_VFX,monsters/004_m_roid_로이드/CAST/004_m_roid_s_mon_roid_CAST_F03.png,required file,missing,FAIL,NOT_CHECKED,mechanical INPUT↔OUTPUT check,REPACK
area_14,m_roid,s_mon_roid,CAST_VFX,monsters/004_m_roid_로이드/CAST/004_m_roid_s_mon_roid_CAST_F04.png,required file,missing,FAIL,NOT_CHECKED,mechanical INPUT↔OUTPUT check,REPACK
area_14,m_roid,s_mon_roid,CAST_VFX,monsters/004_m_roid_로이드/CAST/004_m_roid_s_mon_roid_CAST_F05.png,required file,missing,FAIL,NOT_CHECKED,mechanical INPUT↔OUTPUT check,REPACK
area_14,m_roid,s_mon_roid,CAST_VFX,monsters/004_m_roid_로이드/CAST/004_m_roid_s_mon_roid_CAST_F06.png,required file,missing,FAIL,NOT_CHECKED,mechanical INPUT↔OUTPUT check,REPACK
area_14,m_roid,s_mon_roid,CAST_VFX,monsters/004_m_roid_로이드/CAST/004_m_roid_s_mon_roid_CAST_F07.png,required file,missing,FAIL,NOT_CHECKED,mechanical INPUT↔OUTPUT check,REPACK
area_14,m_roid,s_mon_roid,PROJECTILE,monsters/004_m_roid_로이드/PROJECTILE/004_m_roid_s_mon_roid_PROJECTILE_F00.png,required file,missing,FAIL,NOT_CHECKED,mechanical INPUT↔OUTPUT check,REPACK
area_14,m_roid,s_mon_roid,PROJECTILE,monsters/004_m_roid_로이드/PROJECTILE/004_m_roid_s_mon_roid_PROJECTILE_F01.png,required file,missing,FAIL,NOT_CHECKED,mechanical INPUT↔OUTPUT check,REPACK
area_14,m_roid,s_mon_roid,PROJECTILE,monsters/004_m_roid_로이드/PROJECTILE/004_m_roid_s_mon_roid_PROJECTILE_F02.png,required file,missing,FAIL,NOT_CHECKED,mechanical INPUT↔OUTPUT check,REPACK
area_14,m_roid,s_mon_roid,PROJECTILE,monsters/004_m_roid_로이드/PROJECTILE/004_m_roid_s_mon_roid_PROJECTILE_F03.png,required file,missing,FAIL,NOT_CHECKED,mechanical INPUT↔OUTPUT check,REPACK
area_14,m_chimera,s_mon_chimera,ICON,monsters/005_m_chimera_키메라/ICON/005_m_chimera_s_mon_chimera_ICON.png,required file,missing,FAIL,NOT_CHECKED,mechanical INPUT↔OUTPUT check,REPACK
area_14,m_chimera,s_mon_chimera,CAST_VFX,monsters/005_m_chimera_키메라/CAST/005_m_chimera_s_mon_chimera_CAST_F00.png,required file,missing,FAIL,NOT_CHECKED,mechanical INPUT↔OUTPUT check,REPACK
area_14,m_chimera,s_mon_chimera,CAST_VFX,monsters/005_m_chimera_키메라/CAST/005_m_chimera_s_mon_chimera_CAST_F01.png,required file,missing,FAIL,NOT_CHECKED,mechanical INPUT↔OUTPUT check,REPACK
area_14,m_chimera,s_mon_chimera,CAST_VFX,monsters/005_m_chimera_키메라/CAST/005_m_chimera_s_mon_chimera_CAST_F02.png,required file,missing,FAIL,NOT_CHECKED,mechanical INPUT↔OUTPUT check,REPACK
area_14,m_chimera,s_mon_chimera,CAST_VFX,monsters/005_m_chimera_키메라/CAST/005_m_chimera_s_mon_chimera_CAST_F03.png,required file,missing,FAIL,NOT_CHECKED,mechanical INPUT↔OUTPUT check,REPACK
area_14,m_chimera,s_mon_chimera,CAST_VFX,monsters/005_m_chimera_키메라/CAST/005_m_chimera_s_mon_chimera_CAST_F04.png,required file,missing,FAIL,NOT_CHECKED,mechanical INPUT↔OUTPUT check,REPACK
area_14,m_chimera,s_mon_chimera,CAST_VFX,monsters/005_m_chimera_키메라/CAST/005_m_chimera_s_mon_chimera_CAST_F05.png,required file,missing,FAIL,NOT_CHECKED,mechanical INPUT↔OUTPUT check,REPACK
area_14,m_chimera,s_mon_chimera,CAST_VFX,monsters/005_m_chimera_키메라/CAST/005_m_chimera_s_mon_chimera_CAST_F06.png,required file,missing,FAIL,NOT_CHECKED,mechanical INPUT↔OUTPUT check,REPACK
area_14,m_chimera,s_mon_chimera,CAST_VFX,monsters/005_m_chimera_키메라/CAST/005_m_chimera_s_mon_chimera_CAST_F07.png,required file,missing,FAIL,NOT_CHECKED,mechanical INPUT↔OUTPUT check,REPACK
area_14,m_chimera,s_mon_chimera,CAST_VFX,monsters/005_m_chimera_키메라/CAST/005_m_chimera_s_mon_chimera_CAST_F08.png,required file,missing,FAIL,NOT_CHECKED,mechanical INPUT↔OUTPUT check,REPACK
area_14,m_chimera,s_mon_chimera,CAST_VFX,monsters/005_m_chimera_키메라/CAST/005_m_chimera_s_mon_chimera_CAST_F09.png,required file,missing,FAIL,NOT_CHECKED,mechanical INPUT↔OUTPUT check,REPACK
area_14,m_chimera,s_mon_chimera,CAST_VFX,monsters/005_m_chimera_키메라/CAST/005_m_chimera_s_mon_chimera_CAST_F10.png,required file,missing,FAIL,NOT_CHECKED,mechanical INPUT↔OUTPUT check,REPACK
area_14,m_chimera,s_mon_chimera,CAST_VFX,monsters/005_m_chimera_키메라/CAST/005_m_chimera_s_mon_chimera_CAST_F11.png,required file,missing,FAIL,NOT_CHECKED,mechanical INPUT↔OUTPUT check,REPACK
area_14,m_chimera,s_mon_chimera,PROJECTILE,monsters/005_m_chimera_키메라/PROJECTILE/005_m_chimera_s_mon_chimera_PROJECTILE_F00.png,required file,missing,FAIL,NOT_CHECKED,mechanical INPUT↔OUTPUT check,REPACK
area_14,m_chimera,s_mon_chimera,PROJECTILE,monsters/005_m_chimera_키메라/PROJECTILE/005_m_chimera_s_mon_chimera_PROJECTILE_F01.png,required file,missing,FAIL,NOT_CHECKED,mechanical INPUT↔OUTPUT check,REPACK
area_14,m_chimera,s_mon_chimera,PROJECTILE,monsters/005_m_chimera_키메라/PROJECTILE/005_m_chimera_s_mon_chimera_PROJECTILE_F02.png,required file,missing,FAIL,NOT_CHECKED,mechanical INPUT↔OUTPUT check,REPACK
area_14,m_chimera,s_mon_chimera,PROJECTILE,monsters/005_m_chimera_키메라/PROJECTILE/005_m_chimera_s_mon_chimera_PROJECTILE_F03.png,required file,missing,FAIL,NOT_CHECKED,mechanical INPUT↔OUTPUT check,REPACK
area_14,,,UNEXPECTED,CAST/003_m_homun_s_mon_homun_CAST_F00.png,no extra role PNG,unexpected role file,FAIL,NOT_CHECKED,mechanical INPUT↔OUTPUT check,REPACK
area_14,,,UNEXPECTED,CAST/003_m_homun_s_mon_homun_CAST_F01.png,no extra role PNG,unexpected role file,FAIL,NOT_CHECKED,mechanical INPUT↔OUTPUT check,REPACK
area_14,,,UNEXPECTED,CAST/003_m_homun_s_mon_homun_CAST_F02.png,no extra role PNG,unexpected role file,FAIL,NOT_CHECKED,mechanical INPUT↔OUTPUT check,REPACK
area_14,,,UNEXPECTED,CAST/003_m_homun_s_mon_homun_CAST_F03.png,no extra role PNG,unexpected role file,FAIL,NOT_CHECKED,mechanical INPUT↔OUTPUT check,REPACK
area_14,,,UNEXPECTED,CAST/003_m_homun_s_mon_homun_CAST_F04.png,no extra role PNG,unexpected role file,FAIL,NOT_CHECKED,mechanical INPUT↔OUTPUT check,REPACK
area_14,,,UNEXPECTED,CAST/003_m_homun_s_mon_homun_CAST_F05.png,no extra role PNG,unexpected role file,FAIL,NOT_CHECKED,mechanical INPUT↔OUTPUT check,REPACK
area_14,,,UNEXPECTED,CAST/003_m_homun_s_mon_homun_CAST_F06.png,no extra role PNG,unexpected role file,FAIL,NOT_CHECKED,mechanical INPUT↔OUTPUT check,REPACK
area_14,,,UNEXPECTED,CAST/003_m_homun_s_mon_homun_CAST_F07.png,no extra role PNG,unexpected role file,FAIL,NOT_CHECKED,mechanical INPUT↔OUTPUT check,REPACK
area_14,,,UNEXPECTED,CAST/004_m_roid_s_mon_roid_CAST_F00.png,no extra role PNG,unexpected role file,FAIL,NOT_CHECKED,mechanical INPUT↔OUTPUT check,REPACK
area_14,,,UNEXPECTED,CAST/004_m_roid_s_mon_roid_CAST_F01.png,no extra role PNG,unexpected role file,FAIL,NOT_CHECKED,mechanical INPUT↔OUTPUT check,REPACK
area_14,,,UNEXPECTED,CAST/004_m_roid_s_mon_roid_CAST_F02.png,no extra role PNG,unexpected role file,FAIL,NOT_CHECKED,mechanical INPUT↔OUTPUT check,REPACK
area_14,,,UNEXPECTED,CAST/004_m_roid_s_mon_roid_CAST_F03.png,no extra role PNG,unexpected role file,FAIL,NOT_CHECKED,mechanical INPUT↔OUTPUT check,REPACK
area_14,,,UNEXPECTED,CAST/004_m_roid_s_mon_roid_CAST_F04.png,no extra role PNG,unexpected role file,FAIL,NOT_CHECKED,mechanical INPUT↔OUTPUT check,REPACK
area_14,,,UNEXPECTED,CAST/004_m_roid_s_mon_roid_CAST_F05.png,no extra role PNG,unexpected role file,FAIL,NOT_CHECKED,mechanical INPUT↔OUTPUT check,REPACK
area_14,,,UNEXPECTED,CAST/004_m_roid_s_mon_roid_CAST_F06.png,no extra role PNG,unexpected role file,FAIL,NOT_CHECKED,mechanical INPUT↔OUTPUT check,REPACK
area_14,,,UNEXPECTED,CAST/004_m_roid_s_mon_roid_CAST_F07.png,no extra role PNG,unexpected role file,FAIL,NOT_CHECKED,mechanical INPUT↔OUTPUT check,REPACK
area_14,,,UNEXPECTED,CAST/005_m_chimera_s_mon_chimera_CAST_F00.png,no extra role PNG,unexpected role file,FAIL,NOT_CHECKED,mechanical INPUT↔OUTPUT check,REPACK
area_14,,,UNEXPECTED,CAST/005_m_chimera_s_mon_chimera_CAST_F01.png,no extra role PNG,unexpected role file,FAIL,NOT_CHECKED,mechanical INPUT↔OUTPUT check,REPACK
area_14,,,UNEXPECTED,CAST/005_m_chimera_s_mon_chimera_CAST_F02.png,no extra role PNG,unexpected role file,FAIL,NOT_CHECKED,mechanical INPUT↔OUTPUT check,REPACK
area_14,,,UNEXPECTED,CAST/005_m_chimera_s_mon_chimera_CAST_F03.png,no extra role PNG,unexpected role file,FAIL,NOT_CHECKED,mechanical INPUT↔OUTPUT check,REPACK
area_14,,,UNEXPECTED,CAST/005_m_chimera_s_mon_chimera_CAST_F04.png,no extra role PNG,unexpected role file,FAIL,NOT_CHECKED,mechanical INPUT↔OUTPUT check,REPACK
area_14,,,UNEXPECTED,CAST/005_m_chimera_s_mon_chimera_CAST_F05.png,no extra role PNG,unexpected role file,FAIL,NOT_CHECKED,mechanical INPUT↔OUTPUT check,REPACK
area_14,,,UNEXPECTED,CAST/005_m_chimera_s_mon_chimera_CAST_F06.png,no extra role PNG,unexpected role file,FAIL,NOT_CHECKED,mechanical INPUT↔OUTPUT check,REPACK
area_14,,,UNEXPECTED,CAST/005_m_chimera_s_mon_chimera_CAST_F07.png,no extra role PNG,unexpected role file,FAIL,NOT_CHECKED,mechanical INPUT↔OUTPUT check,REPACK
area_14,,,UNEXPECTED,CAST/005_m_chimera_s_mon_chimera_CAST_F08.png,no extra role PNG,unexpected role file,FAIL,NOT_CHECKED,mechanical INPUT↔OUTPUT check,REPACK
area_14,,,UNEXPECTED,CAST/005_m_chimera_s_mon_chimera_CAST_F09.png,no extra role PNG,unexpected role file,FAIL,NOT_CHECKED,mechanical INPUT↔OUTPUT check,REPACK
area_14,,,UNEXPECTED,CAST/005_m_chimera_s_mon_chimera_CAST_F10.png,no extra role PNG,unexpected role file,FAIL,NOT_CHECKED,mechanical INPUT↔OUTPUT check,REPACK
area_14,,,UNEXPECTED,CAST/005_m_chimera_s_mon_chimera_CAST_F11.png,no extra role PNG,unexpected role file,FAIL,NOT_CHECKED,mechanical INPUT↔OUTPUT check,REPACK
area_14,,,UNEXPECTED,ICON/001_m_cube_slime_s_mon_cube_slime_ICON.png,no extra role PNG,unexpected role file,FAIL,NOT_CHECKED,mechanical INPUT↔OUTPUT check,REPACK
area_14,,,UNEXPECTED,ICON/002_m_mithril_mutae_s_mon_mithril_mutae_ICON.png,no extra role PNG,unexpected role file,FAIL,NOT_CHECKED,mechanical INPUT↔OUTPUT check,REPACK
area_14,,,UNEXPECTED,ICON/003_m_homun_s_mon_homun_ICON.png,no extra role PNG,unexpected role file,FAIL,NOT_CHECKED,mechanical INPUT↔OUTPUT check,REPACK
area_14,,,UNEXPECTED,ICON/004_m_roid_s_mon_roid_ICON.png,no extra role PNG,unexpected role file,FAIL,NOT_CHECKED,mechanical INPUT↔OUTPUT check,REPACK
area_14,,,UNEXPECTED,ICON/005_m_chimera_s_mon_chimera_ICON.png,no extra role PNG,unexpected role file,FAIL,NOT_CHECKED,mechanical INPUT↔OUTPUT check,REPACK
area_14,,,UNEXPECTED,PROJECTILE/004_m_roid_s_mon_roid_PROJECTILE_F00.png,no extra role PNG,unexpected role file,FAIL,NOT_CHECKED,mechanical INPUT↔OUTPUT check,REPACK
area_14,,,UNEXPECTED,PROJECTILE/004_m_roid_s_mon_roid_PROJECTILE_F01.png,no extra role PNG,unexpected role file,FAIL,NOT_CHECKED,mechanical INPUT↔OUTPUT check,REPACK
area_14,,,UNEXPECTED,PROJECTILE/004_m_roid_s_mon_roid_PROJECTILE_F02.png,no extra role PNG,unexpected role file,FAIL,NOT_CHECKED,mechanical INPUT↔OUTPUT check,REPACK
area_14,,,UNEXPECTED,PROJECTILE/004_m_roid_s_mon_roid_PROJECTILE_F03.png,no extra role PNG,unexpected role file,FAIL,NOT_CHECKED,mechanical INPUT↔OUTPUT check,REPACK
area_14,,,UNEXPECTED,PROJECTILE/005_m_chimera_s_mon_chimera_PROJECTILE_F00.png,no extra role PNG,unexpected role file,FAIL,NOT_CHECKED,mechanical INPUT↔OUTPUT check,REPACK
area_14,,,UNEXPECTED,PROJECTILE/005_m_chimera_s_mon_chimera_PROJECTILE_F01.png,no extra role PNG,unexpected role file,FAIL,NOT_CHECKED,mechanical INPUT↔OUTPUT check,REPACK
area_14,,,UNEXPECTED,PROJECTILE/005_m_chimera_s_mon_chimera_PROJECTILE_F02.png,no extra role PNG,unexpected role file,FAIL,NOT_CHECKED,mechanical INPUT↔OUTPUT check,REPACK
area_14,,,UNEXPECTED,PROJECTILE/005_m_chimera_s_mon_chimera_PROJECTILE_F03.png,no extra role PNG,unexpected role file,FAIL,NOT_CHECKED,mechanical INPUT↔OUTPUT check,REPACK
area_14,,,UNEXPECTED,REFERENCE/001_m_cube_slime_s_mon_cube_slime_REFERENCE_F00.png,no extra role PNG,unexpected role file,FAIL,NOT_CHECKED,mechanical INPUT↔OUTPUT check,REPACK
area_14,,,UNEXPECTED,REFERENCE/001_m_cube_slime_s_mon_cube_slime_REFERENCE_F01.png,no extra role PNG,unexpected role file,FAIL,NOT_CHECKED,mechanical INPUT↔OUTPUT check,REPACK
area_14,,,UNEXPECTED,REFERENCE/001_m_cube_slime_s_mon_cube_slime_REFERENCE_F02.png,no extra role PNG,unexpected role file,FAIL,NOT_CHECKED,mechanical INPUT↔OUTPUT check,REPACK
area_14,,,UNEXPECTED,REFERENCE/001_m_cube_slime_s_mon_cube_slime_REFERENCE_F03.png,no extra role PNG,unexpected role file,FAIL,NOT_CHECKED,mechanical INPUT↔OUTPUT check,REPACK
area_14,,,UNEXPECTED,REFERENCE/001_m_cube_slime_s_mon_cube_slime_REFERENCE_F04.png,no extra role PNG,unexpected role file,FAIL,NOT_CHECKED,mechanical INPUT↔OUTPUT check,REPACK
area_14,,,UNEXPECTED,REFERENCE/001_m_cube_slime_s_mon_cube_slime_REFERENCE_F05.png,no extra role PNG,unexpected role file,FAIL,NOT_CHECKED,mechanical INPUT↔OUTPUT check,REPACK
area_14,,,UNEXPECTED,REFERENCE/002_m_mithril_mutae_s_mon_mithril_mutae_REFERENCE_F00.png,no extra role PNG,unexpected role file,FAIL,NOT_CHECKED,mechanical INPUT↔OUTPUT check,REPACK
area_14,,,UNEXPECTED,REFERENCE/002_m_mithril_mutae_s_mon_mithril_mutae_REFERENCE_F01.png,no extra role PNG,unexpected role file,FAIL,NOT_CHECKED,mechanical INPUT↔OUTPUT check,REPACK
area_14,,,UNEXPECTED,REFERENCE/002_m_mithril_mutae_s_mon_mithril_mutae_REFERENCE_F02.png,no extra role PNG,unexpected role file,FAIL,NOT_CHECKED,mechanical INPUT↔OUTPUT check,REPACK
area_14,,,UNEXPECTED,REFERENCE/002_m_mithril_mutae_s_mon_mithril_mutae_REFERENCE_F03.png,no extra role PNG,unexpected role file,FAIL,NOT_CHECKED,mechanical INPUT↔OUTPUT check,REPACK
area_14,,,UNEXPECTED,REFERENCE/002_m_mithril_mutae_s_mon_mithril_mutae_REFERENCE_F04.png,no extra role PNG,unexpected role file,FAIL,NOT_CHECKED,mechanical INPUT↔OUTPUT check,REPACK
area_14,,,UNEXPECTED,REFERENCE/002_m_mithril_mutae_s_mon_mithril_mutae_REFERENCE_F05.png,no extra role PNG,unexpected role file,FAIL,NOT_CHECKED,mechanical INPUT↔OUTPUT check,REPACK
area_14,m_cube_slime,s_mon_cube_slime,RESULT_INFO,monsters/001_m_cube_slime_큐브슬라임/RESULT_INFO.md,required,missing,FAIL,NOT_CHECKED,mechanical INPUT↔OUTPUT check,REPACK
area_14,m_cube_slime,s_mon_cube_slime,PREVIEW,monsters/001_m_cube_slime_큐브슬라임/PREVIEW/labeled_preview.png,required labeled preview,missing,FAIL,NOT_CHECKED,mechanical INPUT↔OUTPUT check,REPACK
area_14,m_mithril_mutae,s_mon_mithril_mutae,RESULT_INFO,monsters/002_m_mithril_mutae_미스릴_뮤테/RESULT_INFO.md,required,missing,FAIL,NOT_CHECKED,mechanical INPUT↔OUTPUT check,REPACK
area_14,m_mithril_mutae,s_mon_mithril_mutae,PREVIEW,monsters/002_m_mithril_mutae_미스릴_뮤테/PREVIEW/labeled_preview.png,required labeled preview,missing,FAIL,NOT_CHECKED,mechanical INPUT↔OUTPUT check,REPACK
area_14,m_homun,s_mon_homun,RESULT_INFO,monsters/003_m_homun_호문/RESULT_INFO.md,required,missing,FAIL,NOT_CHECKED,mechanical INPUT↔OUTPUT check,REPACK
area_14,m_homun,s_mon_homun,PREVIEW,monsters/003_m_homun_호문/PREVIEW/labeled_preview.png,required labeled preview,missing,FAIL,NOT_CHECKED,mechanical INPUT↔OUTPUT check,REPACK
area_14,m_roid,s_mon_roid,RESULT_INFO,monsters/004_m_roid_로이드/RESULT_INFO.md,required,missing,FAIL,NOT_CHECKED,mechanical INPUT↔OUTPUT check,REPACK
area_14,m_roid,s_mon_roid,PREVIEW,monsters/004_m_roid_로이드/PREVIEW/labeled_preview.png,required labeled preview,missing,FAIL,NOT_CHECKED,mechanical INPUT↔OUTPUT check,REPACK
area_14,m_chimera,s_mon_chimera,RESULT_INFO,monsters/005_m_chimera_키메라/RESULT_INFO.md,required,missing,FAIL,NOT_CHECKED,mechanical INPUT↔OUTPUT check,REPACK
area_14,m_chimera,s_mon_chimera,PREVIEW,monsters/005_m_chimera_키메라/PREVIEW/labeled_preview.png,required labeled preview,missing,FAIL,NOT_CHECKED,mechanical INPUT↔OUTPUT check,REPACK
area_15,m_straw_dummy,s_mon_straw_dummy,ICON,monsters/001_m_straw_dummy_수련용_짚인형/ICON/001_m_straw_dummy_s_mon_straw_dummy_ICON.png,required file,missing,FAIL,NOT_CHECKED,mechanical INPUT↔OUTPUT check,REPACK
area_15,m_straw_dummy,s_mon_straw_dummy,REFERENCE_VFX,monsters/001_m_straw_dummy_수련용_짚인형/REFERENCE/001_m_straw_dummy_s_mon_straw_dummy_REFERENCE_F00.png,required file,missing,FAIL,NOT_CHECKED,mechanical INPUT↔OUTPUT check,REPACK
area_15,m_straw_dummy,s_mon_straw_dummy,REFERENCE_VFX,monsters/001_m_straw_dummy_수련용_짚인형/REFERENCE/001_m_straw_dummy_s_mon_straw_dummy_REFERENCE_F01.png,required file,missing,FAIL,NOT_CHECKED,mechanical INPUT↔OUTPUT check,REPACK
area_15,m_straw_dummy,s_mon_straw_dummy,REFERENCE_VFX,monsters/001_m_straw_dummy_수련용_짚인형/REFERENCE/001_m_straw_dummy_s_mon_straw_dummy_REFERENCE_F02.png,required file,missing,FAIL,NOT_CHECKED,mechanical INPUT↔OUTPUT check,REPACK
area_15,m_straw_dummy,s_mon_straw_dummy,REFERENCE_VFX,monsters/001_m_straw_dummy_수련용_짚인형/REFERENCE/001_m_straw_dummy_s_mon_straw_dummy_REFERENCE_F03.png,required file,missing,FAIL,NOT_CHECKED,mechanical INPUT↔OUTPUT check,REPACK
area_15,m_straw_dummy,s_mon_straw_dummy,REFERENCE_VFX,monsters/001_m_straw_dummy_수련용_짚인형/REFERENCE/001_m_straw_dummy_s_mon_straw_dummy_REFERENCE_F04.png,required file,missing,FAIL,NOT_CHECKED,mechanical INPUT↔OUTPUT check,REPACK
area_15,m_straw_dummy,s_mon_straw_dummy,REFERENCE_VFX,monsters/001_m_straw_dummy_수련용_짚인형/REFERENCE/001_m_straw_dummy_s_mon_straw_dummy_REFERENCE_F05.png,required file,missing,FAIL,NOT_CHECKED,mechanical INPUT↔OUTPUT check,REPACK
area_15,m_wooden_dummy,s_mon_wooden_dummy,ICON,monsters/002_m_wooden_dummy_수련용_나무인형/ICON/002_m_wooden_dummy_s_mon_wooden_dummy_ICON.png,required file,missing,FAIL,NOT_CHECKED,mechanical INPUT↔OUTPUT check,REPACK
area_15,m_wooden_dummy,s_mon_wooden_dummy,CAST_VFX,monsters/002_m_wooden_dummy_수련용_나무인형/CAST/002_m_wooden_dummy_s_mon_wooden_dummy_CAST_F00.png,required file,missing,FAIL,NOT_CHECKED,mechanical INPUT↔OUTPUT check,REPACK
area_15,m_wooden_dummy,s_mon_wooden_dummy,CAST_VFX,monsters/002_m_wooden_dummy_수련용_나무인형/CAST/002_m_wooden_dummy_s_mon_wooden_dummy_CAST_F01.png,required file,missing,FAIL,NOT_CHECKED,mechanical INPUT↔OUTPUT check,REPACK
area_15,m_wooden_dummy,s_mon_wooden_dummy,CAST_VFX,monsters/002_m_wooden_dummy_수련용_나무인형/CAST/002_m_wooden_dummy_s_mon_wooden_dummy_CAST_F02.png,required file,missing,FAIL,NOT_CHECKED,mechanical INPUT↔OUTPUT check,REPACK
area_15,m_wooden_dummy,s_mon_wooden_dummy,CAST_VFX,monsters/002_m_wooden_dummy_수련용_나무인형/CAST/002_m_wooden_dummy_s_mon_wooden_dummy_CAST_F03.png,required file,missing,FAIL,NOT_CHECKED,mechanical INPUT↔OUTPUT check,REPACK
area_15,m_wooden_dummy,s_mon_wooden_dummy,CAST_VFX,monsters/002_m_wooden_dummy_수련용_나무인형/CAST/002_m_wooden_dummy_s_mon_wooden_dummy_CAST_F04.png,required file,missing,FAIL,NOT_CHECKED,mechanical INPUT↔OUTPUT check,REPACK
area_15,m_wooden_dummy,s_mon_wooden_dummy,CAST_VFX,monsters/002_m_wooden_dummy_수련용_나무인형/CAST/002_m_wooden_dummy_s_mon_wooden_dummy_CAST_F05.png,required file,missing,FAIL,NOT_CHECKED,mechanical INPUT↔OUTPUT check,REPACK
area_15,m_wooden_dummy,s_mon_wooden_dummy,CAST_VFX,monsters/002_m_wooden_dummy_수련용_나무인형/CAST/002_m_wooden_dummy_s_mon_wooden_dummy_CAST_F06.png,required file,missing,FAIL,NOT_CHECKED,mechanical INPUT↔OUTPUT check,REPACK
area_15,m_wooden_dummy,s_mon_wooden_dummy,CAST_VFX,monsters/002_m_wooden_dummy_수련용_나무인형/CAST/002_m_wooden_dummy_s_mon_wooden_dummy_CAST_F07.png,required file,missing,FAIL,NOT_CHECKED,mechanical INPUT↔OUTPUT check,REPACK
area_15,m_peach_monkey,s_mon_peach_monkey,ICON,monsters/003_m_peach_monkey_원공/ICON/003_m_peach_monkey_s_mon_peach_monkey_ICON.png,required file,missing,FAIL,NOT_CHECKED,mechanical INPUT↔OUTPUT check,REPACK
area_15,m_peach_monkey,s_mon_peach_monkey,CAST_VFX,monsters/003_m_peach_monkey_원공/CAST/003_m_peach_monkey_s_mon_peach_monkey_CAST_F00.png,required file,missing,FAIL,NOT_CHECKED,mechanical INPUT↔OUTPUT check,REPACK
area_15,m_peach_monkey,s_mon_peach_monkey,CAST_VFX,monsters/003_m_peach_monkey_원공/CAST/003_m_peach_monkey_s_mon_peach_monkey_CAST_F01.png,required file,missing,FAIL,NOT_CHECKED,mechanical INPUT↔OUTPUT check,REPACK
area_15,m_peach_monkey,s_mon_peach_monkey,CAST_VFX,monsters/003_m_peach_monkey_원공/CAST/003_m_peach_monkey_s_mon_peach_monkey_CAST_F02.png,required file,missing,FAIL,NOT_CHECKED,mechanical INPUT↔OUTPUT check,REPACK
area_15,m_peach_monkey,s_mon_peach_monkey,CAST_VFX,monsters/003_m_peach_monkey_원공/CAST/003_m_peach_monkey_s_mon_peach_monkey_CAST_F03.png,required file,missing,FAIL,NOT_CHECKED,mechanical INPUT↔OUTPUT check,REPACK
area_15,m_peach_monkey,s_mon_peach_monkey,CAST_VFX,monsters/003_m_peach_monkey_원공/CAST/003_m_peach_monkey_s_mon_peach_monkey_CAST_F04.png,required file,missing,FAIL,NOT_CHECKED,mechanical INPUT↔OUTPUT check,REPACK
area_15,m_peach_monkey,s_mon_peach_monkey,CAST_VFX,monsters/003_m_peach_monkey_원공/CAST/003_m_peach_monkey_s_mon_peach_monkey_CAST_F05.png,required file,missing,FAIL,NOT_CHECKED,mechanical INPUT↔OUTPUT check,REPACK
area_15,m_peach_monkey,s_mon_peach_monkey,CAST_VFX,monsters/003_m_peach_monkey_원공/CAST/003_m_peach_monkey_s_mon_peach_monkey_CAST_F06.png,required file,missing,FAIL,NOT_CHECKED,mechanical INPUT↔OUTPUT check,REPACK
area_15,m_peach_monkey,s_mon_peach_monkey,CAST_VFX,monsters/003_m_peach_monkey_원공/CAST/003_m_peach_monkey_s_mon_peach_monkey_CAST_F07.png,required file,missing,FAIL,NOT_CHECKED,mechanical INPUT↔OUTPUT check,REPACK
area_15,m_peach_monkey,s_mon_peach_monkey,PROJECTILE,monsters/003_m_peach_monkey_원공/PROJECTILE/003_m_peach_monkey_s_mon_peach_monkey_PROJECTILE_F00.png,required file,missing,FAIL,NOT_CHECKED,mechanical INPUT↔OUTPUT check,REPACK
area_15,m_peach_monkey,s_mon_peach_monkey,PROJECTILE,monsters/003_m_peach_monkey_원공/PROJECTILE/003_m_peach_monkey_s_mon_peach_monkey_PROJECTILE_F01.png,required file,missing,FAIL,NOT_CHECKED,mechanical INPUT↔OUTPUT check,REPACK
area_15,m_peach_monkey,s_mon_peach_monkey,PROJECTILE,monsters/003_m_peach_monkey_원공/PROJECTILE/003_m_peach_monkey_s_mon_peach_monkey_PROJECTILE_F02.png,required file,missing,FAIL,NOT_CHECKED,mechanical INPUT↔OUTPUT check,REPACK
area_15,m_peach_monkey,s_mon_peach_monkey,PROJECTILE,monsters/003_m_peach_monkey_원공/PROJECTILE/003_m_peach_monkey_s_mon_peach_monkey_PROJECTILE_F03.png,required file,missing,FAIL,NOT_CHECKED,mechanical INPUT↔OUTPUT check,REPACK
area_15,m_blue_flower_serpent,s_mon_blue_flower_serpent,ICON,monsters/004_m_blue_flower_serpent_청화사/ICON/004_m_blue_flower_serpent_s_mon_blue_flower_serpent_ICON.png,required file,missing,FAIL,NOT_CHECKED,mechanical INPUT↔OUTPUT check,REPACK
area_15,m_blue_flower_serpent,s_mon_blue_flower_serpent,REFERENCE_VFX,monsters/004_m_blue_flower_serpent_청화사/REFERENCE/004_m_blue_flower_serpent_s_mon_blue_flower_serpent_REFERENCE_F00.png,required file,missing,FAIL,NOT_CHECKED,mechanical INPUT↔OUTPUT check,REPACK
area_15,m_blue_flower_serpent,s_mon_blue_flower_serpent,REFERENCE_VFX,monsters/004_m_blue_flower_serpent_청화사/REFERENCE/004_m_blue_flower_serpent_s_mon_blue_flower_serpent_REFERENCE_F01.png,required file,missing,FAIL,NOT_CHECKED,mechanical INPUT↔OUTPUT check,REPACK
area_15,m_blue_flower_serpent,s_mon_blue_flower_serpent,REFERENCE_VFX,monsters/004_m_blue_flower_serpent_청화사/REFERENCE/004_m_blue_flower_serpent_s_mon_blue_flower_serpent_REFERENCE_F02.png,required file,missing,FAIL,NOT_CHECKED,mechanical INPUT↔OUTPUT check,REPACK
area_15,m_blue_flower_serpent,s_mon_blue_flower_serpent,REFERENCE_VFX,monsters/004_m_blue_flower_serpent_청화사/REFERENCE/004_m_blue_flower_serpent_s_mon_blue_flower_serpent_REFERENCE_F03.png,required file,missing,FAIL,NOT_CHECKED,mechanical INPUT↔OUTPUT check,REPACK
area_15,m_blue_flower_serpent,s_mon_blue_flower_serpent,REFERENCE_VFX,monsters/004_m_blue_flower_serpent_청화사/REFERENCE/004_m_blue_flower_serpent_s_mon_blue_flower_serpent_REFERENCE_F04.png,required file,missing,FAIL,NOT_CHECKED,mechanical INPUT↔OUTPUT check,REPACK
area_15,m_blue_flower_serpent,s_mon_blue_flower_serpent,REFERENCE_VFX,monsters/004_m_blue_flower_serpent_청화사/REFERENCE/004_m_blue_flower_serpent_s_mon_blue_flower_serpent_REFERENCE_F05.png,required file,missing,FAIL,NOT_CHECKED,mechanical INPUT↔OUTPUT check,REPACK
area_15,m_tae_roon,s_mon_tae_roon,ICON,monsters/005_m_tae_roon_태륜/ICON/005_m_tae_roon_s_mon_tae_roon_ICON.png,required file,missing,FAIL,NOT_CHECKED,mechanical INPUT↔OUTPUT check,REPACK
area_15,m_tae_roon,s_mon_tae_roon,CAST_VFX,monsters/005_m_tae_roon_태륜/CAST/005_m_tae_roon_s_mon_tae_roon_CAST_F00.png,required file,missing,FAIL,NOT_CHECKED,mechanical INPUT↔OUTPUT check,REPACK
area_15,m_tae_roon,s_mon_tae_roon,CAST_VFX,monsters/005_m_tae_roon_태륜/CAST/005_m_tae_roon_s_mon_tae_roon_CAST_F01.png,required file,missing,FAIL,NOT_CHECKED,mechanical INPUT↔OUTPUT check,REPACK
area_15,m_tae_roon,s_mon_tae_roon,CAST_VFX,monsters/005_m_tae_roon_태륜/CAST/005_m_tae_roon_s_mon_tae_roon_CAST_F02.png,required file,missing,FAIL,NOT_CHECKED,mechanical INPUT↔OUTPUT check,REPACK
area_15,m_tae_roon,s_mon_tae_roon,CAST_VFX,monsters/005_m_tae_roon_태륜/CAST/005_m_tae_roon_s_mon_tae_roon_CAST_F03.png,required file,missing,FAIL,NOT_CHECKED,mechanical INPUT↔OUTPUT check,REPACK
area_15,m_tae_roon,s_mon_tae_roon,CAST_VFX,monsters/005_m_tae_roon_태륜/CAST/005_m_tae_roon_s_mon_tae_roon_CAST_F04.png,required file,missing,FAIL,NOT_CHECKED,mechanical INPUT↔OUTPUT check,REPACK
area_15,m_tae_roon,s_mon_tae_roon,CAST_VFX,monsters/005_m_tae_roon_태륜/CAST/005_m_tae_roon_s_mon_tae_roon_CAST_F05.png,required file,missing,FAIL,NOT_CHECKED,mechanical INPUT↔OUTPUT check,REPACK
area_15,m_tae_roon,s_mon_tae_roon,CAST_VFX,monsters/005_m_tae_roon_태륜/CAST/005_m_tae_roon_s_mon_tae_roon_CAST_F06.png,required file,missing,FAIL,NOT_CHECKED,mechanical INPUT↔OUTPUT check,REPACK
area_15,m_tae_roon,s_mon_tae_roon,CAST_VFX,monsters/005_m_tae_roon_태륜/CAST/005_m_tae_roon_s_mon_tae_roon_CAST_F07.png,required file,missing,FAIL,NOT_CHECKED,mechanical INPUT↔OUTPUT check,REPACK
area_15,m_tae_roon,s_mon_tae_roon,CAST_VFX,monsters/005_m_tae_roon_태륜/CAST/005_m_tae_roon_s_mon_tae_roon_CAST_F08.png,required file,missing,FAIL,NOT_CHECKED,mechanical INPUT↔OUTPUT check,REPACK
area_15,m_tae_roon,s_mon_tae_roon,CAST_VFX,monsters/005_m_tae_roon_태륜/CAST/005_m_tae_roon_s_mon_tae_roon_CAST_F09.png,required file,missing,FAIL,NOT_CHECKED,mechanical INPUT↔OUTPUT check,REPACK
area_15,m_tae_roon,s_mon_tae_roon,CAST_VFX,monsters/005_m_tae_roon_태륜/CAST/005_m_tae_roon_s_mon_tae_roon_CAST_F10.png,required file,missing,FAIL,NOT_CHECKED,mechanical INPUT↔OUTPUT check,REPACK
area_15,m_tae_roon,s_mon_tae_roon,CAST_VFX,monsters/005_m_tae_roon_태륜/CAST/005_m_tae_roon_s_mon_tae_roon_CAST_F11.png,required file,missing,FAIL,NOT_CHECKED,mechanical INPUT↔OUTPUT check,REPACK
area_15,m_tae_roon,s_mon_tae_roon,PROJECTILE,monsters/005_m_tae_roon_태륜/PROJECTILE/005_m_tae_roon_s_mon_tae_roon_PROJECTILE_F00.png,required file,missing,FAIL,NOT_CHECKED,mechanical INPUT↔OUTPUT check,REPACK
area_15,m_tae_roon,s_mon_tae_roon,PROJECTILE,monsters/005_m_tae_roon_태륜/PROJECTILE/005_m_tae_roon_s_mon_tae_roon_PROJECTILE_F01.png,required file,missing,FAIL,NOT_CHECKED,mechanical INPUT↔OUTPUT check,REPACK
area_15,m_tae_roon,s_mon_tae_roon,PROJECTILE,monsters/005_m_tae_roon_태륜/PROJECTILE/005_m_tae_roon_s_mon_tae_roon_PROJECTILE_F02.png,required file,missing,FAIL,NOT_CHECKED,mechanical INPUT↔OUTPUT check,REPACK
area_15,m_tae_roon,s_mon_tae_roon,PROJECTILE,monsters/005_m_tae_roon_태륜/PROJECTILE/005_m_tae_roon_s_mon_tae_roon_PROJECTILE_F03.png,required file,missing,FAIL,NOT_CHECKED,mechanical INPUT↔OUTPUT check,REPACK
area_15,,,UNEXPECTED,CAST/002_m_wooden_dummy_s_mon_wooden_dummy_CAST_F00.png,no extra role PNG,unexpected role file,FAIL,NOT_CHECKED,mechanical INPUT↔OUTPUT check,REPACK
area_15,,,UNEXPECTED,CAST/002_m_wooden_dummy_s_mon_wooden_dummy_CAST_F01.png,no extra role PNG,unexpected role file,FAIL,NOT_CHECKED,mechanical INPUT↔OUTPUT check,REPACK
area_15,,,UNEXPECTED,CAST/002_m_wooden_dummy_s_mon_wooden_dummy_CAST_F02.png,no extra role PNG,unexpected role file,FAIL,NOT_CHECKED,mechanical INPUT↔OUTPUT check,REPACK
area_15,,,UNEXPECTED,CAST/002_m_wooden_dummy_s_mon_wooden_dummy_CAST_F03.png,no extra role PNG,unexpected role file,FAIL,NOT_CHECKED,mechanical INPUT↔OUTPUT check,REPACK
area_15,,,UNEXPECTED,CAST/002_m_wooden_dummy_s_mon_wooden_dummy_CAST_F04.png,no extra role PNG,unexpected role file,FAIL,NOT_CHECKED,mechanical INPUT↔OUTPUT check,REPACK
area_15,,,UNEXPECTED,CAST/002_m_wooden_dummy_s_mon_wooden_dummy_CAST_F05.png,no extra role PNG,unexpected role file,FAIL,NOT_CHECKED,mechanical INPUT↔OUTPUT check,REPACK
area_15,,,UNEXPECTED,CAST/002_m_wooden_dummy_s_mon_wooden_dummy_CAST_F06.png,no extra role PNG,unexpected role file,FAIL,NOT_CHECKED,mechanical INPUT↔OUTPUT check,REPACK
area_15,,,UNEXPECTED,CAST/002_m_wooden_dummy_s_mon_wooden_dummy_CAST_F07.png,no extra role PNG,unexpected role file,FAIL,NOT_CHECKED,mechanical INPUT↔OUTPUT check,REPACK
area_15,,,UNEXPECTED,CAST/003_m_peach_monkey_s_mon_peach_monkey_CAST_F00.png,no extra role PNG,unexpected role file,FAIL,NOT_CHECKED,mechanical INPUT↔OUTPUT check,REPACK
area_15,,,UNEXPECTED,CAST/003_m_peach_monkey_s_mon_peach_monkey_CAST_F01.png,no extra role PNG,unexpected role file,FAIL,NOT_CHECKED,mechanical INPUT↔OUTPUT check,REPACK
area_15,,,UNEXPECTED,CAST/003_m_peach_monkey_s_mon_peach_monkey_CAST_F02.png,no extra role PNG,unexpected role file,FAIL,NOT_CHECKED,mechanical INPUT↔OUTPUT check,REPACK
area_15,,,UNEXPECTED,CAST/003_m_peach_monkey_s_mon_peach_monkey_CAST_F03.png,no extra role PNG,unexpected role file,FAIL,NOT_CHECKED,mechanical INPUT↔OUTPUT check,REPACK
area_15,,,UNEXPECTED,CAST/003_m_peach_monkey_s_mon_peach_monkey_CAST_F04.png,no extra role PNG,unexpected role file,FAIL,NOT_CHECKED,mechanical INPUT↔OUTPUT check,REPACK
area_15,,,UNEXPECTED,CAST/003_m_peach_monkey_s_mon_peach_monkey_CAST_F05.png,no extra role PNG,unexpected role file,FAIL,NOT_CHECKED,mechanical INPUT↔OUTPUT check,REPACK
area_15,,,UNEXPECTED,CAST/003_m_peach_monkey_s_mon_peach_monkey_CAST_F06.png,no extra role PNG,unexpected role file,FAIL,NOT_CHECKED,mechanical INPUT↔OUTPUT check,REPACK
area_15,,,UNEXPECTED,CAST/003_m_peach_monkey_s_mon_peach_monkey_CAST_F07.png,no extra role PNG,unexpected role file,FAIL,NOT_CHECKED,mechanical INPUT↔OUTPUT check,REPACK
area_15,,,UNEXPECTED,CAST/005_m_tae_roon_s_mon_tae_roon_CAST_F00.png,no extra role PNG,unexpected role file,FAIL,NOT_CHECKED,mechanical INPUT↔OUTPUT check,REPACK
area_15,,,UNEXPECTED,CAST/005_m_tae_roon_s_mon_tae_roon_CAST_F01.png,no extra role PNG,unexpected role file,FAIL,NOT_CHECKED,mechanical INPUT↔OUTPUT check,REPACK
area_15,,,UNEXPECTED,CAST/005_m_tae_roon_s_mon_tae_roon_CAST_F02.png,no extra role PNG,unexpected role file,FAIL,NOT_CHECKED,mechanical INPUT↔OUTPUT check,REPACK
area_15,,,UNEXPECTED,CAST/005_m_tae_roon_s_mon_tae_roon_CAST_F03.png,no extra role PNG,unexpected role file,FAIL,NOT_CHECKED,mechanical INPUT↔OUTPUT check,REPACK
area_15,,,UNEXPECTED,CAST/005_m_tae_roon_s_mon_tae_roon_CAST_F04.png,no extra role PNG,unexpected role file,FAIL,NOT_CHECKED,mechanical INPUT↔OUTPUT check,REPACK
area_15,,,UNEXPECTED,CAST/005_m_tae_roon_s_mon_tae_roon_CAST_F05.png,no extra role PNG,unexpected role file,FAIL,NOT_CHECKED,mechanical INPUT↔OUTPUT check,REPACK
area_15,,,UNEXPECTED,CAST/005_m_tae_roon_s_mon_tae_roon_CAST_F06.png,no extra role PNG,unexpected role file,FAIL,NOT_CHECKED,mechanical INPUT↔OUTPUT check,REPACK
area_15,,,UNEXPECTED,CAST/005_m_tae_roon_s_mon_tae_roon_CAST_F07.png,no extra role PNG,unexpected role file,FAIL,NOT_CHECKED,mechanical INPUT↔OUTPUT check,REPACK
area_15,,,UNEXPECTED,CAST/005_m_tae_roon_s_mon_tae_roon_CAST_F08.png,no extra role PNG,unexpected role file,FAIL,NOT_CHECKED,mechanical INPUT↔OUTPUT check,REPACK
area_15,,,UNEXPECTED,CAST/005_m_tae_roon_s_mon_tae_roon_CAST_F09.png,no extra role PNG,unexpected role file,FAIL,NOT_CHECKED,mechanical INPUT↔OUTPUT check,REPACK
area_15,,,UNEXPECTED,CAST/005_m_tae_roon_s_mon_tae_roon_CAST_F10.png,no extra role PNG,unexpected role file,FAIL,NOT_CHECKED,mechanical INPUT↔OUTPUT check,REPACK
area_15,,,UNEXPECTED,CAST/005_m_tae_roon_s_mon_tae_roon_CAST_F11.png,no extra role PNG,unexpected role file,FAIL,NOT_CHECKED,mechanical INPUT↔OUTPUT check,REPACK
area_15,,,UNEXPECTED,ICON/001_m_straw_dummy_s_mon_straw_dummy_ICON.png,no extra role PNG,unexpected role file,FAIL,NOT_CHECKED,mechanical INPUT↔OUTPUT check,REPACK
area_15,,,UNEXPECTED,ICON/002_m_wooden_dummy_s_mon_wooden_dummy_ICON.png,no extra role PNG,unexpected role file,FAIL,NOT_CHECKED,mechanical INPUT↔OUTPUT check,REPACK
area_15,,,UNEXPECTED,ICON/003_m_peach_monkey_s_mon_peach_monkey_ICON.png,no extra role PNG,unexpected role file,FAIL,NOT_CHECKED,mechanical INPUT↔OUTPUT check,REPACK
area_15,,,UNEXPECTED,ICON/004_m_blue_flower_serpent_s_mon_blue_flower_serpent_ICON.png,no extra role PNG,unexpected role file,FAIL,NOT_CHECKED,mechanical INPUT↔OUTPUT check,REPACK
area_15,,,UNEXPECTED,ICON/005_m_tae_roon_s_mon_tae_roon_ICON.png,no extra role PNG,unexpected role file,FAIL,NOT_CHECKED,mechanical INPUT↔OUTPUT check,REPACK
area_15,,,UNEXPECTED,PROJECTILE/003_m_peach_monkey_s_mon_peach_monkey_PROJECTILE_F00.png,no extra role PNG,unexpected role file,FAIL,NOT_CHECKED,mechanical INPUT↔OUTPUT check,REPACK
area_15,,,UNEXPECTED,PROJECTILE/003_m_peach_monkey_s_mon_peach_monkey_PROJECTILE_F01.png,no extra role PNG,unexpected role file,FAIL,NOT_CHECKED,mechanical INPUT↔OUTPUT check,REPACK
area_15,,,UNEXPECTED,PROJECTILE/003_m_peach_monkey_s_mon_peach_monkey_PROJECTILE_F02.png,no extra role PNG,unexpected role file,FAIL,NOT_CHECKED,mechanical INPUT↔OUTPUT check,REPACK
area_15,,,UNEXPECTED,PROJECTILE/003_m_peach_monkey_s_mon_peach_monkey_PROJECTILE_F03.png,no extra role PNG,unexpected role file,FAIL,NOT_CHECKED,mechanical INPUT↔OUTPUT check,REPACK
area_15,,,UNEXPECTED,PROJECTILE/005_m_tae_roon_s_mon_tae_roon_PROJECTILE_F00.png,no extra role PNG,unexpected role file,FAIL,NOT_CHECKED,mechanical INPUT↔OUTPUT check,REPACK
area_15,,,UNEXPECTED,PROJECTILE/005_m_tae_roon_s_mon_tae_roon_PROJECTILE_F01.png,no extra role PNG,unexpected role file,FAIL,NOT_CHECKED,mechanical INPUT↔OUTPUT check,REPACK
area_15,,,UNEXPECTED,PROJECTILE/005_m_tae_roon_s_mon_tae_roon_PROJECTILE_F02.png,no extra role PNG,unexpected role file,FAIL,NOT_CHECKED,mechanical INPUT↔OUTPUT check,REPACK
area_15,,,UNEXPECTED,PROJECTILE/005_m_tae_roon_s_mon_tae_roon_PROJECTILE_F03.png,no extra role PNG,unexpected role file,FAIL,NOT_CHECKED,mechanical INPUT↔OUTPUT check,REPACK
area_15,,,UNEXPECTED,REFERENCE/001_m_straw_dummy_s_mon_straw_dummy_REFERENCE_F00.png,no extra role PNG,unexpected role file,FAIL,NOT_CHECKED,mechanical INPUT↔OUTPUT check,REPACK
area_15,,,UNEXPECTED,REFERENCE/001_m_straw_dummy_s_mon_straw_dummy_REFERENCE_F01.png,no extra role PNG,unexpected role file,FAIL,NOT_CHECKED,mechanical INPUT↔OUTPUT check,REPACK
area_15,,,UNEXPECTED,REFERENCE/001_m_straw_dummy_s_mon_straw_dummy_REFERENCE_F02.png,no extra role PNG,unexpected role file,FAIL,NOT_CHECKED,mechanical INPUT↔OUTPUT check,REPACK
area_15,,,UNEXPECTED,REFERENCE/001_m_straw_dummy_s_mon_straw_dummy_REFERENCE_F03.png,no extra role PNG,unexpected role file,FAIL,NOT_CHECKED,mechanical INPUT↔OUTPUT check,REPACK
area_15,,,UNEXPECTED,REFERENCE/001_m_straw_dummy_s_mon_straw_dummy_REFERENCE_F04.png,no extra role PNG,unexpected role file,FAIL,NOT_CHECKED,mechanical INPUT↔OUTPUT check,REPACK
area_15,,,UNEXPECTED,REFERENCE/001_m_straw_dummy_s_mon_straw_dummy_REFERENCE_F05.png,no extra role PNG,unexpected role file,FAIL,NOT_CHECKED,mechanical INPUT↔OUTPUT check,REPACK
area_15,,,UNEXPECTED,REFERENCE/004_m_blue_flower_serpent_s_mon_blue_flower_serpent_REFERENCE_F00.png,no extra role PNG,unexpected role file,FAIL,NOT_CHECKED,mechanical INPUT↔OUTPUT check,REPACK
area_15,,,UNEXPECTED,REFERENCE/004_m_blue_flower_serpent_s_mon_blue_flower_serpent_REFERENCE_F01.png,no extra role PNG,unexpected role file,FAIL,NOT_CHECKED,mechanical INPUT↔OUTPUT check,REPACK
area_15,,,UNEXPECTED,REFERENCE/004_m_blue_flower_serpent_s_mon_blue_flower_serpent_REFERENCE_F02.png,no extra role PNG,unexpected role file,FAIL,NOT_CHECKED,mechanical INPUT↔OUTPUT check,REPACK
area_15,,,UNEXPECTED,REFERENCE/004_m_blue_flower_serpent_s_mon_blue_flower_serpent_REFERENCE_F03.png,no extra role PNG,unexpected role file,FAIL,NOT_CHECKED,mechanical INPUT↔OUTPUT check,REPACK
area_15,,,UNEXPECTED,REFERENCE/004_m_blue_flower_serpent_s_mon_blue_flower_serpent_REFERENCE_F04.png,no extra role PNG,unexpected role file,FAIL,NOT_CHECKED,mechanical INPUT↔OUTPUT check,REPACK
area_15,,,UNEXPECTED,REFERENCE/004_m_blue_flower_serpent_s_mon_blue_flower_serpent_REFERENCE_F05.png,no extra role PNG,unexpected role file,FAIL,NOT_CHECKED,mechanical INPUT↔OUTPUT check,REPACK
area_15,m_straw_dummy,s_mon_straw_dummy,RESULT_INFO,monsters/001_m_straw_dummy_수련용_짚인형/RESULT_INFO.md,required,missing,FAIL,NOT_CHECKED,mechanical INPUT↔OUTPUT check,REPACK
area_15,m_straw_dummy,s_mon_straw_dummy,PREVIEW,monsters/001_m_straw_dummy_수련용_짚인형/PREVIEW/labeled_preview.png,required labeled preview,missing,FAIL,NOT_CHECKED,mechanical INPUT↔OUTPUT check,REPACK
area_15,m_wooden_dummy,s_mon_wooden_dummy,RESULT_INFO,monsters/002_m_wooden_dummy_수련용_나무인형/RESULT_INFO.md,required,missing,FAIL,NOT_CHECKED,mechanical INPUT↔OUTPUT check,REPACK
area_15,m_wooden_dummy,s_mon_wooden_dummy,PREVIEW,monsters/002_m_wooden_dummy_수련용_나무인형/PREVIEW/labeled_preview.png,required labeled preview,missing,FAIL,NOT_CHECKED,mechanical INPUT↔OUTPUT check,REPACK
area_15,m_peach_monkey,s_mon_peach_monkey,RESULT_INFO,monsters/003_m_peach_monkey_원공/RESULT_INFO.md,required,missing,FAIL,NOT_CHECKED,mechanical INPUT↔OUTPUT check,REPACK
area_15,m_peach_monkey,s_mon_peach_monkey,PREVIEW,monsters/003_m_peach_monkey_원공/PREVIEW/labeled_preview.png,required labeled preview,missing,FAIL,NOT_CHECKED,mechanical INPUT↔OUTPUT check,REPACK
area_15,m_blue_flower_serpent,s_mon_blue_flower_serpent,RESULT_INFO,monsters/004_m_blue_flower_serpent_청화사/RESULT_INFO.md,required,missing,FAIL,NOT_CHECKED,mechanical INPUT↔OUTPUT check,REPACK
area_15,m_blue_flower_serpent,s_mon_blue_flower_serpent,PREVIEW,monsters/004_m_blue_flower_serpent_청화사/PREVIEW/labeled_preview.png,required labeled preview,missing,FAIL,NOT_CHECKED,mechanical INPUT↔OUTPUT check,REPACK
area_15,m_tae_roon,s_mon_tae_roon,RESULT_INFO,monsters/005_m_tae_roon_태륜/RESULT_INFO.md,required,missing,FAIL,NOT_CHECKED,mechanical INPUT↔OUTPUT check,REPACK
area_15,m_tae_roon,s_mon_tae_roon,PREVIEW,monsters/005_m_tae_roon_태륜/PREVIEW/labeled_preview.png,required labeled preview,missing,FAIL,NOT_CHECKED,mechanical INPUT↔OUTPUT check,REPACK
area_16,m_harp,s_mon_harp,ICON,monsters/001_m_harp_하프/ICON/001_m_harp_s_mon_harp_ICON.png,required file,missing,FAIL,NOT_CHECKED,mechanical INPUT↔OUTPUT check,REPACK
area_16,m_harp,s_mon_harp,REFERENCE_VFX,monsters/001_m_harp_하프/REFERENCE/001_m_harp_s_mon_harp_REFERENCE_F00.png,required file,missing,FAIL,NOT_CHECKED,mechanical INPUT↔OUTPUT check,REPACK
area_16,m_harp,s_mon_harp,REFERENCE_VFX,monsters/001_m_harp_하프/REFERENCE/001_m_harp_s_mon_harp_REFERENCE_F01.png,required file,missing,FAIL,NOT_CHECKED,mechanical INPUT↔OUTPUT check,REPACK
area_16,m_harp,s_mon_harp,REFERENCE_VFX,monsters/001_m_harp_하프/REFERENCE/001_m_harp_s_mon_harp_REFERENCE_F02.png,required file,missing,FAIL,NOT_CHECKED,mechanical INPUT↔OUTPUT check,REPACK
area_16,m_harp,s_mon_harp,REFERENCE_VFX,monsters/001_m_harp_하프/REFERENCE/001_m_harp_s_mon_harp_REFERENCE_F03.png,required file,missing,FAIL,NOT_CHECKED,mechanical INPUT↔OUTPUT check,REPACK
area_16,m_harp,s_mon_harp,REFERENCE_VFX,monsters/001_m_harp_하프/REFERENCE/001_m_harp_s_mon_harp_REFERENCE_F04.png,required file,missing,FAIL,NOT_CHECKED,mechanical INPUT↔OUTPUT check,REPACK
area_16,m_harp,s_mon_harp,REFERENCE_VFX,monsters/001_m_harp_하프/REFERENCE/001_m_harp_s_mon_harp_REFERENCE_F05.png,required file,missing,FAIL,NOT_CHECKED,mechanical INPUT↔OUTPUT check,REPACK
area_16,m_blood_harp,s_mon_blood_harp,ICON,monsters/002_m_blood_harp_블러드_하프/ICON/002_m_blood_harp_s_mon_blood_harp_ICON.png,required file,missing,FAIL,NOT_CHECKED,mechanical INPUT↔OUTPUT check,REPACK
area_16,m_blood_harp,s_mon_blood_harp,CAST_VFX,monsters/002_m_blood_harp_블러드_하프/CAST/002_m_blood_harp_s_mon_blood_harp_CAST_F00.png,required file,missing,FAIL,NOT_CHECKED,mechanical INPUT↔OUTPUT check,REPACK
area_16,m_blood_harp,s_mon_blood_harp,CAST_VFX,monsters/002_m_blood_harp_블러드_하프/CAST/002_m_blood_harp_s_mon_blood_harp_CAST_F01.png,required file,missing,FAIL,NOT_CHECKED,mechanical INPUT↔OUTPUT check,REPACK
area_16,m_blood_harp,s_mon_blood_harp,CAST_VFX,monsters/002_m_blood_harp_블러드_하프/CAST/002_m_blood_harp_s_mon_blood_harp_CAST_F02.png,required file,missing,FAIL,NOT_CHECKED,mechanical INPUT↔OUTPUT check,REPACK
area_16,m_blood_harp,s_mon_blood_harp,CAST_VFX,monsters/002_m_blood_harp_블러드_하프/CAST/002_m_blood_harp_s_mon_blood_harp_CAST_F03.png,required file,missing,FAIL,NOT_CHECKED,mechanical INPUT↔OUTPUT check,REPACK
area_16,m_blood_harp,s_mon_blood_harp,CAST_VFX,monsters/002_m_blood_harp_블러드_하프/CAST/002_m_blood_harp_s_mon_blood_harp_CAST_F04.png,required file,missing,FAIL,NOT_CHECKED,mechanical INPUT↔OUTPUT check,REPACK
area_16,m_blood_harp,s_mon_blood_harp,CAST_VFX,monsters/002_m_blood_harp_블러드_하프/CAST/002_m_blood_harp_s_mon_blood_harp_CAST_F05.png,required file,missing,FAIL,NOT_CHECKED,mechanical INPUT↔OUTPUT check,REPACK
area_16,m_blood_harp,s_mon_blood_harp,CAST_VFX,monsters/002_m_blood_harp_블러드_하프/CAST/002_m_blood_harp_s_mon_blood_harp_CAST_F06.png,required file,missing,FAIL,NOT_CHECKED,mechanical INPUT↔OUTPUT check,REPACK
area_16,m_blood_harp,s_mon_blood_harp,CAST_VFX,monsters/002_m_blood_harp_블러드_하프/CAST/002_m_blood_harp_s_mon_blood_harp_CAST_F07.png,required file,missing,FAIL,NOT_CHECKED,mechanical INPUT↔OUTPUT check,REPACK
area_16,m_blue_wyvern,s_mon_blue_wyvern,ICON,monsters/003_m_blue_wyvern_블루_와이번/ICON/003_m_blue_wyvern_s_mon_blue_wyvern_ICON.png,required file,missing,FAIL,NOT_CHECKED,mechanical INPUT↔OUTPUT check,REPACK
area_16,m_blue_wyvern,s_mon_blue_wyvern,CAST_VFX,monsters/003_m_blue_wyvern_블루_와이번/CAST/003_m_blue_wyvern_s_mon_blue_wyvern_CAST_F00.png,required file,missing,FAIL,NOT_CHECKED,mechanical INPUT↔OUTPUT check,REPACK
area_16,m_blue_wyvern,s_mon_blue_wyvern,CAST_VFX,monsters/003_m_blue_wyvern_블루_와이번/CAST/003_m_blue_wyvern_s_mon_blue_wyvern_CAST_F01.png,required file,missing,FAIL,NOT_CHECKED,mechanical INPUT↔OUTPUT check,REPACK
area_16,m_blue_wyvern,s_mon_blue_wyvern,CAST_VFX,monsters/003_m_blue_wyvern_블루_와이번/CAST/003_m_blue_wyvern_s_mon_blue_wyvern_CAST_F02.png,required file,missing,FAIL,NOT_CHECKED,mechanical INPUT↔OUTPUT check,REPACK
area_16,m_blue_wyvern,s_mon_blue_wyvern,CAST_VFX,monsters/003_m_blue_wyvern_블루_와이번/CAST/003_m_blue_wyvern_s_mon_blue_wyvern_CAST_F03.png,required file,missing,FAIL,NOT_CHECKED,mechanical INPUT↔OUTPUT check,REPACK
area_16,m_blue_wyvern,s_mon_blue_wyvern,CAST_VFX,monsters/003_m_blue_wyvern_블루_와이번/CAST/003_m_blue_wyvern_s_mon_blue_wyvern_CAST_F04.png,required file,missing,FAIL,NOT_CHECKED,mechanical INPUT↔OUTPUT check,REPACK
area_16,m_blue_wyvern,s_mon_blue_wyvern,CAST_VFX,monsters/003_m_blue_wyvern_블루_와이번/CAST/003_m_blue_wyvern_s_mon_blue_wyvern_CAST_F05.png,required file,missing,FAIL,NOT_CHECKED,mechanical INPUT↔OUTPUT check,REPACK
area_16,m_blue_wyvern,s_mon_blue_wyvern,CAST_VFX,monsters/003_m_blue_wyvern_블루_와이번/CAST/003_m_blue_wyvern_s_mon_blue_wyvern_CAST_F06.png,required file,missing,FAIL,NOT_CHECKED,mechanical INPUT↔OUTPUT check,REPACK
area_16,m_blue_wyvern,s_mon_blue_wyvern,CAST_VFX,monsters/003_m_blue_wyvern_블루_와이번/CAST/003_m_blue_wyvern_s_mon_blue_wyvern_CAST_F07.png,required file,missing,FAIL,NOT_CHECKED,mechanical INPUT↔OUTPUT check,REPACK
area_16,m_dark_wyvern,s_mon_dark_wyvern,ICON,monsters/004_m_dark_wyvern_다크_와이번/ICON/004_m_dark_wyvern_s_mon_dark_wyvern_ICON.png,required file,missing,FAIL,NOT_CHECKED,mechanical INPUT↔OUTPUT check,REPACK
area_16,m_dark_wyvern,s_mon_dark_wyvern,REFERENCE_VFX,monsters/004_m_dark_wyvern_다크_와이번/REFERENCE/004_m_dark_wyvern_s_mon_dark_wyvern_REFERENCE_F00.png,required file,missing,FAIL,NOT_CHECKED,mechanical INPUT↔OUTPUT check,REPACK
area_16,m_dark_wyvern,s_mon_dark_wyvern,REFERENCE_VFX,monsters/004_m_dark_wyvern_다크_와이번/REFERENCE/004_m_dark_wyvern_s_mon_dark_wyvern_REFERENCE_F01.png,required file,missing,FAIL,NOT_CHECKED,mechanical INPUT↔OUTPUT check,REPACK
area_16,m_dark_wyvern,s_mon_dark_wyvern,REFERENCE_VFX,monsters/004_m_dark_wyvern_다크_와이번/REFERENCE/004_m_dark_wyvern_s_mon_dark_wyvern_REFERENCE_F02.png,required file,missing,FAIL,NOT_CHECKED,mechanical INPUT↔OUTPUT check,REPACK
area_16,m_dark_wyvern,s_mon_dark_wyvern,REFERENCE_VFX,monsters/004_m_dark_wyvern_다크_와이번/REFERENCE/004_m_dark_wyvern_s_mon_dark_wyvern_REFERENCE_F03.png,required file,missing,FAIL,NOT_CHECKED,mechanical INPUT↔OUTPUT check,REPACK
area_16,m_dark_wyvern,s_mon_dark_wyvern,REFERENCE_VFX,monsters/004_m_dark_wyvern_다크_와이번/REFERENCE/004_m_dark_wyvern_s_mon_dark_wyvern_REFERENCE_F04.png,required file,missing,FAIL,NOT_CHECKED,mechanical INPUT↔OUTPUT check,REPACK
area_16,m_dark_wyvern,s_mon_dark_wyvern,REFERENCE_VFX,monsters/004_m_dark_wyvern_다크_와이번/REFERENCE/004_m_dark_wyvern_s_mon_dark_wyvern_REFERENCE_F05.png,required file,missing,FAIL,NOT_CHECKED,mechanical INPUT↔OUTPUT check,REPACK
area_16,m_manon,s_mon_manon,ICON,monsters/005_m_manon_마뇽/ICON/005_m_manon_s_mon_manon_ICON.png,required file,missing,FAIL,NOT_CHECKED,mechanical INPUT↔OUTPUT check,REPACK
area_16,m_manon,s_mon_manon,CAST_VFX,monsters/005_m_manon_마뇽/CAST/005_m_manon_s_mon_manon_CAST_F00.png,required file,missing,FAIL,NOT_CHECKED,mechanical INPUT↔OUTPUT check,REPACK
area_16,m_manon,s_mon_manon,CAST_VFX,monsters/005_m_manon_마뇽/CAST/005_m_manon_s_mon_manon_CAST_F01.png,required file,missing,FAIL,NOT_CHECKED,mechanical INPUT↔OUTPUT check,REPACK
area_16,m_manon,s_mon_manon,CAST_VFX,monsters/005_m_manon_마뇽/CAST/005_m_manon_s_mon_manon_CAST_F02.png,required file,missing,FAIL,NOT_CHECKED,mechanical INPUT↔OUTPUT check,REPACK
area_16,m_manon,s_mon_manon,CAST_VFX,monsters/005_m_manon_마뇽/CAST/005_m_manon_s_mon_manon_CAST_F03.png,required file,missing,FAIL,NOT_CHECKED,mechanical INPUT↔OUTPUT check,REPACK
area_16,m_manon,s_mon_manon,CAST_VFX,monsters/005_m_manon_마뇽/CAST/005_m_manon_s_mon_manon_CAST_F04.png,required file,missing,FAIL,NOT_CHECKED,mechanical INPUT↔OUTPUT check,REPACK
area_16,m_manon,s_mon_manon,CAST_VFX,monsters/005_m_manon_마뇽/CAST/005_m_manon_s_mon_manon_CAST_F05.png,required file,missing,FAIL,NOT_CHECKED,mechanical INPUT↔OUTPUT check,REPACK
area_16,m_manon,s_mon_manon,CAST_VFX,monsters/005_m_manon_마뇽/CAST/005_m_manon_s_mon_manon_CAST_F06.png,required file,missing,FAIL,NOT_CHECKED,mechanical INPUT↔OUTPUT check,REPACK
area_16,m_manon,s_mon_manon,CAST_VFX,monsters/005_m_manon_마뇽/CAST/005_m_manon_s_mon_manon_CAST_F07.png,required file,missing,FAIL,NOT_CHECKED,mechanical INPUT↔OUTPUT check,REPACK
area_16,m_manon,s_mon_manon,CAST_VFX,monsters/005_m_manon_마뇽/CAST/005_m_manon_s_mon_manon_CAST_F08.png,required file,missing,FAIL,NOT_CHECKED,mechanical INPUT↔OUTPUT check,REPACK
area_16,m_manon,s_mon_manon,CAST_VFX,monsters/005_m_manon_마뇽/CAST/005_m_manon_s_mon_manon_CAST_F09.png,required file,missing,FAIL,NOT_CHECKED,mechanical INPUT↔OUTPUT check,REPACK
area_16,m_manon,s_mon_manon,CAST_VFX,monsters/005_m_manon_마뇽/CAST/005_m_manon_s_mon_manon_CAST_F10.png,required file,missing,FAIL,NOT_CHECKED,mechanical INPUT↔OUTPUT check,REPACK
area_16,m_manon,s_mon_manon,CAST_VFX,monsters/005_m_manon_마뇽/CAST/005_m_manon_s_mon_manon_CAST_F11.png,required file,missing,FAIL,NOT_CHECKED,mechanical INPUT↔OUTPUT check,REPACK
area_16,,,UNEXPECTED,CAST/002_m_blood_harp_s_mon_blood_harp_CAST_F00.png,no extra role PNG,unexpected role file,FAIL,NOT_CHECKED,mechanical INPUT↔OUTPUT check,REPACK
area_16,,,UNEXPECTED,CAST/002_m_blood_harp_s_mon_blood_harp_CAST_F01.png,no extra role PNG,unexpected role file,FAIL,NOT_CHECKED,mechanical INPUT↔OUTPUT check,REPACK
area_16,,,UNEXPECTED,CAST/002_m_blood_harp_s_mon_blood_harp_CAST_F02.png,no extra role PNG,unexpected role file,FAIL,NOT_CHECKED,mechanical INPUT↔OUTPUT check,REPACK
area_16,,,UNEXPECTED,CAST/002_m_blood_harp_s_mon_blood_harp_CAST_F03.png,no extra role PNG,unexpected role file,FAIL,NOT_CHECKED,mechanical INPUT↔OUTPUT check,REPACK
area_16,,,UNEXPECTED,CAST/002_m_blood_harp_s_mon_blood_harp_CAST_F04.png,no extra role PNG,unexpected role file,FAIL,NOT_CHECKED,mechanical INPUT↔OUTPUT check,REPACK
area_16,,,UNEXPECTED,CAST/002_m_blood_harp_s_mon_blood_harp_CAST_F05.png,no extra role PNG,unexpected role file,FAIL,NOT_CHECKED,mechanical INPUT↔OUTPUT check,REPACK
area_16,,,UNEXPECTED,CAST/002_m_blood_harp_s_mon_blood_harp_CAST_F06.png,no extra role PNG,unexpected role file,FAIL,NOT_CHECKED,mechanical INPUT↔OUTPUT check,REPACK
area_16,,,UNEXPECTED,CAST/002_m_blood_harp_s_mon_blood_harp_CAST_F07.png,no extra role PNG,unexpected role file,FAIL,NOT_CHECKED,mechanical INPUT↔OUTPUT check,REPACK
area_16,,,UNEXPECTED,CAST/003_m_blue_wyvern_s_mon_blue_wyvern_CAST_F00.png,no extra role PNG,unexpected role file,FAIL,NOT_CHECKED,mechanical INPUT↔OUTPUT check,REPACK
area_16,,,UNEXPECTED,CAST/003_m_blue_wyvern_s_mon_blue_wyvern_CAST_F01.png,no extra role PNG,unexpected role file,FAIL,NOT_CHECKED,mechanical INPUT↔OUTPUT check,REPACK
area_16,,,UNEXPECTED,CAST/003_m_blue_wyvern_s_mon_blue_wyvern_CAST_F02.png,no extra role PNG,unexpected role file,FAIL,NOT_CHECKED,mechanical INPUT↔OUTPUT check,REPACK
area_16,,,UNEXPECTED,CAST/003_m_blue_wyvern_s_mon_blue_wyvern_CAST_F03.png,no extra role PNG,unexpected role file,FAIL,NOT_CHECKED,mechanical INPUT↔OUTPUT check,REPACK
area_16,,,UNEXPECTED,CAST/003_m_blue_wyvern_s_mon_blue_wyvern_CAST_F04.png,no extra role PNG,unexpected role file,FAIL,NOT_CHECKED,mechanical INPUT↔OUTPUT check,REPACK
area_16,,,UNEXPECTED,CAST/003_m_blue_wyvern_s_mon_blue_wyvern_CAST_F05.png,no extra role PNG,unexpected role file,FAIL,NOT_CHECKED,mechanical INPUT↔OUTPUT check,REPACK
area_16,,,UNEXPECTED,CAST/003_m_blue_wyvern_s_mon_blue_wyvern_CAST_F06.png,no extra role PNG,unexpected role file,FAIL,NOT_CHECKED,mechanical INPUT↔OUTPUT check,REPACK
area_16,,,UNEXPECTED,CAST/003_m_blue_wyvern_s_mon_blue_wyvern_CAST_F07.png,no extra role PNG,unexpected role file,FAIL,NOT_CHECKED,mechanical INPUT↔OUTPUT check,REPACK
area_16,,,UNEXPECTED,CAST/005_m_manon_s_mon_manon_CAST_F00.png,no extra role PNG,unexpected role file,FAIL,NOT_CHECKED,mechanical INPUT↔OUTPUT check,REPACK
area_16,,,UNEXPECTED,CAST/005_m_manon_s_mon_manon_CAST_F01.png,no extra role PNG,unexpected role file,FAIL,NOT_CHECKED,mechanical INPUT↔OUTPUT check,REPACK
area_16,,,UNEXPECTED,CAST/005_m_manon_s_mon_manon_CAST_F02.png,no extra role PNG,unexpected role file,FAIL,NOT_CHECKED,mechanical INPUT↔OUTPUT check,REPACK
area_16,,,UNEXPECTED,CAST/005_m_manon_s_mon_manon_CAST_F03.png,no extra role PNG,unexpected role file,FAIL,NOT_CHECKED,mechanical INPUT↔OUTPUT check,REPACK
area_16,,,UNEXPECTED,CAST/005_m_manon_s_mon_manon_CAST_F04.png,no extra role PNG,unexpected role file,FAIL,NOT_CHECKED,mechanical INPUT↔OUTPUT check,REPACK
area_16,,,UNEXPECTED,CAST/005_m_manon_s_mon_manon_CAST_F05.png,no extra role PNG,unexpected role file,FAIL,NOT_CHECKED,mechanical INPUT↔OUTPUT check,REPACK
area_16,,,UNEXPECTED,CAST/005_m_manon_s_mon_manon_CAST_F06.png,no extra role PNG,unexpected role file,FAIL,NOT_CHECKED,mechanical INPUT↔OUTPUT check,REPACK
area_16,,,UNEXPECTED,CAST/005_m_manon_s_mon_manon_CAST_F07.png,no extra role PNG,unexpected role file,FAIL,NOT_CHECKED,mechanical INPUT↔OUTPUT check,REPACK
area_16,,,UNEXPECTED,CAST/005_m_manon_s_mon_manon_CAST_F08.png,no extra role PNG,unexpected role file,FAIL,NOT_CHECKED,mechanical INPUT↔OUTPUT check,REPACK
area_16,,,UNEXPECTED,CAST/005_m_manon_s_mon_manon_CAST_F09.png,no extra role PNG,unexpected role file,FAIL,NOT_CHECKED,mechanical INPUT↔OUTPUT check,REPACK
area_16,,,UNEXPECTED,CAST/005_m_manon_s_mon_manon_CAST_F10.png,no extra role PNG,unexpected role file,FAIL,NOT_CHECKED,mechanical INPUT↔OUTPUT check,REPACK
area_16,,,UNEXPECTED,CAST/005_m_manon_s_mon_manon_CAST_F11.png,no extra role PNG,unexpected role file,FAIL,NOT_CHECKED,mechanical INPUT↔OUTPUT check,REPACK
area_16,,,UNEXPECTED,ICON/001_m_harp_s_mon_harp_ICON.png,no extra role PNG,unexpected role file,FAIL,NOT_CHECKED,mechanical INPUT↔OUTPUT check,REPACK
area_16,,,UNEXPECTED,ICON/002_m_blood_harp_s_mon_blood_harp_ICON.png,no extra role PNG,unexpected role file,FAIL,NOT_CHECKED,mechanical INPUT↔OUTPUT check,REPACK
area_16,,,UNEXPECTED,ICON/003_m_blue_wyvern_s_mon_blue_wyvern_ICON.png,no extra role PNG,unexpected role file,FAIL,NOT_CHECKED,mechanical INPUT↔OUTPUT check,REPACK
area_16,,,UNEXPECTED,ICON/004_m_dark_wyvern_s_mon_dark_wyvern_ICON.png,no extra role PNG,unexpected role file,FAIL,NOT_CHECKED,mechanical INPUT↔OUTPUT check,REPACK
area_16,,,UNEXPECTED,ICON/005_m_manon_s_mon_manon_ICON.png,no extra role PNG,unexpected role file,FAIL,NOT_CHECKED,mechanical INPUT↔OUTPUT check,REPACK
area_16,,,UNEXPECTED,REFERENCE/001_m_harp_s_mon_harp_REFERENCE_F00.png,no extra role PNG,unexpected role file,FAIL,NOT_CHECKED,mechanical INPUT↔OUTPUT check,REPACK
area_16,,,UNEXPECTED,REFERENCE/001_m_harp_s_mon_harp_REFERENCE_F01.png,no extra role PNG,unexpected role file,FAIL,NOT_CHECKED,mechanical INPUT↔OUTPUT check,REPACK
area_16,,,UNEXPECTED,REFERENCE/001_m_harp_s_mon_harp_REFERENCE_F02.png,no extra role PNG,unexpected role file,FAIL,NOT_CHECKED,mechanical INPUT↔OUTPUT check,REPACK
area_16,,,UNEXPECTED,REFERENCE/001_m_harp_s_mon_harp_REFERENCE_F03.png,no extra role PNG,unexpected role file,FAIL,NOT_CHECKED,mechanical INPUT↔OUTPUT check,REPACK
area_16,,,UNEXPECTED,REFERENCE/001_m_harp_s_mon_harp_REFERENCE_F04.png,no extra role PNG,unexpected role file,FAIL,NOT_CHECKED,mechanical INPUT↔OUTPUT check,REPACK
area_16,,,UNEXPECTED,REFERENCE/001_m_harp_s_mon_harp_REFERENCE_F05.png,no extra role PNG,unexpected role file,FAIL,NOT_CHECKED,mechanical INPUT↔OUTPUT check,REPACK
area_16,,,UNEXPECTED,REFERENCE/004_m_dark_wyvern_s_mon_dark_wyvern_REFERENCE_F00.png,no extra role PNG,unexpected role file,FAIL,NOT_CHECKED,mechanical INPUT↔OUTPUT check,REPACK
area_16,,,UNEXPECTED,REFERENCE/004_m_dark_wyvern_s_mon_dark_wyvern_REFERENCE_F01.png,no extra role PNG,unexpected role file,FAIL,NOT_CHECKED,mechanical INPUT↔OUTPUT check,REPACK
area_16,,,UNEXPECTED,REFERENCE/004_m_dark_wyvern_s_mon_dark_wyvern_REFERENCE_F02.png,no extra role PNG,unexpected role file,FAIL,NOT_CHECKED,mechanical INPUT↔OUTPUT check,REPACK
area_16,,,UNEXPECTED,REFERENCE/004_m_dark_wyvern_s_mon_dark_wyvern_REFERENCE_F03.png,no extra role PNG,unexpected role file,FAIL,NOT_CHECKED,mechanical INPUT↔OUTPUT check,REPACK
area_16,,,UNEXPECTED,REFERENCE/004_m_dark_wyvern_s_mon_dark_wyvern_REFERENCE_F04.png,no extra role PNG,unexpected role file,FAIL,NOT_CHECKED,mechanical INPUT↔OUTPUT check,REPACK
area_16,,,UNEXPECTED,REFERENCE/004_m_dark_wyvern_s_mon_dark_wyvern_REFERENCE_F05.png,no extra role PNG,unexpected role file,FAIL,NOT_CHECKED,mechanical INPUT↔OUTPUT check,REPACK
area_16,m_harp,s_mon_harp,RESULT_INFO,monsters/001_m_harp_하프/RESULT_INFO.md,required,missing,FAIL,NOT_CHECKED,mechanical INPUT↔OUTPUT check,REPACK
area_16,m_harp,s_mon_harp,PREVIEW,monsters/001_m_harp_하프/PREVIEW/labeled_preview.png,required labeled preview,missing,FAIL,NOT_CHECKED,mechanical INPUT↔OUTPUT check,REPACK
area_16,m_blood_harp,s_mon_blood_harp,RESULT_INFO,monsters/002_m_blood_harp_블러드_하프/RESULT_INFO.md,required,missing,FAIL,NOT_CHECKED,mechanical INPUT↔OUTPUT check,REPACK
area_16,m_blood_harp,s_mon_blood_harp,PREVIEW,monsters/002_m_blood_harp_블러드_하프/PREVIEW/labeled_preview.png,required labeled preview,missing,FAIL,NOT_CHECKED,mechanical INPUT↔OUTPUT check,REPACK
area_16,m_blue_wyvern,s_mon_blue_wyvern,RESULT_INFO,monsters/003_m_blue_wyvern_블루_와이번/RESULT_INFO.md,required,missing,FAIL,NOT_CHECKED,mechanical INPUT↔OUTPUT check,REPACK
area_16,m_blue_wyvern,s_mon_blue_wyvern,PREVIEW,monsters/003_m_blue_wyvern_블루_와이번/PREVIEW/labeled_preview.png,required labeled preview,missing,FAIL,NOT_CHECKED,mechanical INPUT↔OUTPUT check,REPACK
area_16,m_dark_wyvern,s_mon_dark_wyvern,RESULT_INFO,monsters/004_m_dark_wyvern_다크_와이번/RESULT_INFO.md,required,missing,FAIL,NOT_CHECKED,mechanical INPUT↔OUTPUT check,REPACK
area_16,m_dark_wyvern,s_mon_dark_wyvern,PREVIEW,monsters/004_m_dark_wyvern_다크_와이번/PREVIEW/labeled_preview.png,required labeled preview,missing,FAIL,NOT_CHECKED,mechanical INPUT↔OUTPUT check,REPACK
area_16,m_manon,s_mon_manon,RESULT_INFO,monsters/005_m_manon_마뇽/RESULT_INFO.md,required,missing,FAIL,NOT_CHECKED,mechanical INPUT↔OUTPUT check,REPACK
area_16,m_manon,s_mon_manon,PREVIEW,monsters/005_m_manon_마뇽/PREVIEW/labeled_preview.png,required labeled preview,missing,FAIL,NOT_CHECKED,mechanical INPUT↔OUTPUT check,REPACK
area_17,m_memory_monk,s_mon_memory_monk,ICON,monsters/001_m_memory_monk_추억의_사제/ICON/001_m_memory_monk_s_mon_memory_monk_ICON.png,required file,missing,FAIL,NOT_CHECKED,mechanical INPUT↔OUTPUT check,REPACK
area_17,m_memory_monk,s_mon_memory_monk,REFERENCE_VFX,monsters/001_m_memory_monk_추억의_사제/REFERENCE/001_m_memory_monk_s_mon_memory_monk_REFERENCE_F00.png,required file,missing,FAIL,NOT_CHECKED,mechanical INPUT↔OUTPUT check,REPACK
area_17,m_memory_monk,s_mon_memory_monk,REFERENCE_VFX,monsters/001_m_memory_monk_추억의_사제/REFERENCE/001_m_memory_monk_s_mon_memory_monk_REFERENCE_F01.png,required file,missing,FAIL,NOT_CHECKED,mechanical INPUT↔OUTPUT check,REPACK
area_17,m_memory_monk,s_mon_memory_monk,REFERENCE_VFX,monsters/001_m_memory_monk_추억의_사제/REFERENCE/001_m_memory_monk_s_mon_memory_monk_REFERENCE_F02.png,required file,missing,FAIL,NOT_CHECKED,mechanical INPUT↔OUTPUT check,REPACK
area_17,m_memory_monk,s_mon_memory_monk,REFERENCE_VFX,monsters/001_m_memory_monk_추억의_사제/REFERENCE/001_m_memory_monk_s_mon_memory_monk_REFERENCE_F03.png,required file,missing,FAIL,NOT_CHECKED,mechanical INPUT↔OUTPUT check,REPACK
area_17,m_memory_monk,s_mon_memory_monk,REFERENCE_VFX,monsters/001_m_memory_monk_추억의_사제/REFERENCE/001_m_memory_monk_s_mon_memory_monk_REFERENCE_F04.png,required file,missing,FAIL,NOT_CHECKED,mechanical INPUT↔OUTPUT check,REPACK
area_17,m_memory_monk,s_mon_memory_monk,REFERENCE_VFX,monsters/001_m_memory_monk_추억의_사제/REFERENCE/001_m_memory_monk_s_mon_memory_monk_REFERENCE_F05.png,required file,missing,FAIL,NOT_CHECKED,mechanical INPUT↔OUTPUT check,REPACK
area_17,m_memory_monk_trainee,s_mon_memory_monk_trainee,ICON,monsters/002_m_memory_monk_trainee_추억의_신관/ICON/002_m_memory_monk_trainee_s_mon_memory_monk_trainee_ICON.png,required file,missing,FAIL,NOT_CHECKED,mechanical INPUT↔OUTPUT check,REPACK
area_17,m_memory_monk_trainee,s_mon_memory_monk_trainee,CAST_VFX,monsters/002_m_memory_monk_trainee_추억의_신관/CAST/002_m_memory_monk_trainee_s_mon_memory_monk_trainee_CAST_F00.png,required file,missing,FAIL,NOT_CHECKED,mechanical INPUT↔OUTPUT check,REPACK
area_17,m_memory_monk_trainee,s_mon_memory_monk_trainee,CAST_VFX,monsters/002_m_memory_monk_trainee_추억의_신관/CAST/002_m_memory_monk_trainee_s_mon_memory_monk_trainee_CAST_F01.png,required file,missing,FAIL,NOT_CHECKED,mechanical INPUT↔OUTPUT check,REPACK
area_17,m_memory_monk_trainee,s_mon_memory_monk_trainee,CAST_VFX,monsters/002_m_memory_monk_trainee_추억의_신관/CAST/002_m_memory_monk_trainee_s_mon_memory_monk_trainee_CAST_F02.png,required file,missing,FAIL,NOT_CHECKED,mechanical INPUT↔OUTPUT check,REPACK
area_17,m_memory_monk_trainee,s_mon_memory_monk_trainee,CAST_VFX,monsters/002_m_memory_monk_trainee_추억의_신관/CAST/002_m_memory_monk_trainee_s_mon_memory_monk_trainee_CAST_F03.png,required file,missing,FAIL,NOT_CHECKED,mechanical INPUT↔OUTPUT check,REPACK
area_17,m_memory_monk_trainee,s_mon_memory_monk_trainee,CAST_VFX,monsters/002_m_memory_monk_trainee_추억의_신관/CAST/002_m_memory_monk_trainee_s_mon_memory_monk_trainee_CAST_F04.png,required file,missing,FAIL,NOT_CHECKED,mechanical INPUT↔OUTPUT check,REPACK
area_17,m_memory_monk_trainee,s_mon_memory_monk_trainee,CAST_VFX,monsters/002_m_memory_monk_trainee_추억의_신관/CAST/002_m_memory_monk_trainee_s_mon_memory_monk_trainee_CAST_F05.png,required file,missing,FAIL,NOT_CHECKED,mechanical INPUT↔OUTPUT check,REPACK
area_17,m_memory_monk_trainee,s_mon_memory_monk_trainee,CAST_VFX,monsters/002_m_memory_monk_trainee_추억의_신관/CAST/002_m_memory_monk_trainee_s_mon_memory_monk_trainee_CAST_F06.png,required file,missing,FAIL,NOT_CHECKED,mechanical INPUT↔OUTPUT check,REPACK
area_17,m_memory_monk_trainee,s_mon_memory_monk_trainee,CAST_VFX,monsters/002_m_memory_monk_trainee_추억의_신관/CAST/002_m_memory_monk_trainee_s_mon_memory_monk_trainee_CAST_F07.png,required file,missing,FAIL,NOT_CHECKED,mechanical INPUT↔OUTPUT check,REPACK
area_17,m_memory_guardian,s_mon_memory_guardian,ICON,monsters/003_m_memory_guardian_추억의_수호병/ICON/003_m_memory_guardian_s_mon_memory_guardian_ICON.png,required file,missing,FAIL,NOT_CHECKED,mechanical INPUT↔OUTPUT check,REPACK
area_17,m_memory_guardian,s_mon_memory_guardian,REFERENCE_VFX,monsters/003_m_memory_guardian_추억의_수호병/REFERENCE/003_m_memory_guardian_s_mon_memory_guardian_REFERENCE_F00.png,required file,missing,FAIL,NOT_CHECKED,mechanical INPUT↔OUTPUT check,REPACK
area_17,m_memory_guardian,s_mon_memory_guardian,REFERENCE_VFX,monsters/003_m_memory_guardian_추억의_수호병/REFERENCE/003_m_memory_guardian_s_mon_memory_guardian_REFERENCE_F01.png,required file,missing,FAIL,NOT_CHECKED,mechanical INPUT↔OUTPUT check,REPACK
area_17,m_memory_guardian,s_mon_memory_guardian,REFERENCE_VFX,monsters/003_m_memory_guardian_추억의_수호병/REFERENCE/003_m_memory_guardian_s_mon_memory_guardian_REFERENCE_F02.png,required file,missing,FAIL,NOT_CHECKED,mechanical INPUT↔OUTPUT check,REPACK
area_17,m_memory_guardian,s_mon_memory_guardian,REFERENCE_VFX,monsters/003_m_memory_guardian_추억의_수호병/REFERENCE/003_m_memory_guardian_s_mon_memory_guardian_REFERENCE_F03.png,required file,missing,FAIL,NOT_CHECKED,mechanical INPUT↔OUTPUT check,REPACK
area_17,m_memory_guardian,s_mon_memory_guardian,REFERENCE_VFX,monsters/003_m_memory_guardian_추억의_수호병/REFERENCE/003_m_memory_guardian_s_mon_memory_guardian_REFERENCE_F04.png,required file,missing,FAIL,NOT_CHECKED,mechanical INPUT↔OUTPUT check,REPACK
area_17,m_memory_guardian,s_mon_memory_guardian,REFERENCE_VFX,monsters/003_m_memory_guardian_추억의_수호병/REFERENCE/003_m_memory_guardian_s_mon_memory_guardian_REFERENCE_F05.png,required file,missing,FAIL,NOT_CHECKED,mechanical INPUT↔OUTPUT check,REPACK
area_17,m_chief_memory_guardian,s_mon_chief_memory_guardian,ICON,monsters/004_m_chief_memory_guardian_추억의_수호대장/ICON/004_m_chief_memory_guardian_s_mon_chief_memory_guardian_ICON.png,required file,missing,FAIL,NOT_CHECKED,mechanical INPUT↔OUTPUT check,REPACK
area_17,m_chief_memory_guardian,s_mon_chief_memory_guardian,CAST_VFX,monsters/004_m_chief_memory_guardian_추억의_수호대장/CAST/004_m_chief_memory_guardian_s_mon_chief_memory_guardian_CAST_F00.png,required file,missing,FAIL,NOT_CHECKED,mechanical INPUT↔OUTPUT check,REPACK
area_17,m_chief_memory_guardian,s_mon_chief_memory_guardian,CAST_VFX,monsters/004_m_chief_memory_guardian_추억의_수호대장/CAST/004_m_chief_memory_guardian_s_mon_chief_memory_guardian_CAST_F01.png,required file,missing,FAIL,NOT_CHECKED,mechanical INPUT↔OUTPUT check,REPACK
area_17,m_chief_memory_guardian,s_mon_chief_memory_guardian,CAST_VFX,monsters/004_m_chief_memory_guardian_추억의_수호대장/CAST/004_m_chief_memory_guardian_s_mon_chief_memory_guardian_CAST_F02.png,required file,missing,FAIL,NOT_CHECKED,mechanical INPUT↔OUTPUT check,REPACK
area_17,m_chief_memory_guardian,s_mon_chief_memory_guardian,CAST_VFX,monsters/004_m_chief_memory_guardian_추억의_수호대장/CAST/004_m_chief_memory_guardian_s_mon_chief_memory_guardian_CAST_F03.png,required file,missing,FAIL,NOT_CHECKED,mechanical INPUT↔OUTPUT check,REPACK
area_17,m_chief_memory_guardian,s_mon_chief_memory_guardian,CAST_VFX,monsters/004_m_chief_memory_guardian_추억의_수호대장/CAST/004_m_chief_memory_guardian_s_mon_chief_memory_guardian_CAST_F04.png,required file,missing,FAIL,NOT_CHECKED,mechanical INPUT↔OUTPUT check,REPACK
area_17,m_chief_memory_guardian,s_mon_chief_memory_guardian,CAST_VFX,monsters/004_m_chief_memory_guardian_추억의_수호대장/CAST/004_m_chief_memory_guardian_s_mon_chief_memory_guardian_CAST_F05.png,required file,missing,FAIL,NOT_CHECKED,mechanical INPUT↔OUTPUT check,REPACK
area_17,m_chief_memory_guardian,s_mon_chief_memory_guardian,CAST_VFX,monsters/004_m_chief_memory_guardian_추억의_수호대장/CAST/004_m_chief_memory_guardian_s_mon_chief_memory_guardian_CAST_F06.png,required file,missing,FAIL,NOT_CHECKED,mechanical INPUT↔OUTPUT check,REPACK
area_17,m_chief_memory_guardian,s_mon_chief_memory_guardian,CAST_VFX,monsters/004_m_chief_memory_guardian_추억의_수호대장/CAST/004_m_chief_memory_guardian_s_mon_chief_memory_guardian_CAST_F07.png,required file,missing,FAIL,NOT_CHECKED,mechanical INPUT↔OUTPUT check,REPACK
area_17,m_dodo,s_mon_dodo,ICON,monsters/005_m_dodo_도도/ICON/005_m_dodo_s_mon_dodo_ICON.png,required file,missing,FAIL,NOT_CHECKED,mechanical INPUT↔OUTPUT check,REPACK
area_17,m_dodo,s_mon_dodo,CAST_VFX,monsters/005_m_dodo_도도/CAST/005_m_dodo_s_mon_dodo_CAST_F00.png,required file,missing,FAIL,NOT_CHECKED,mechanical INPUT↔OUTPUT check,REPACK
area_17,m_dodo,s_mon_dodo,CAST_VFX,monsters/005_m_dodo_도도/CAST/005_m_dodo_s_mon_dodo_CAST_F01.png,required file,missing,FAIL,NOT_CHECKED,mechanical INPUT↔OUTPUT check,REPACK
area_17,m_dodo,s_mon_dodo,CAST_VFX,monsters/005_m_dodo_도도/CAST/005_m_dodo_s_mon_dodo_CAST_F02.png,required file,missing,FAIL,NOT_CHECKED,mechanical INPUT↔OUTPUT check,REPACK
area_17,m_dodo,s_mon_dodo,CAST_VFX,monsters/005_m_dodo_도도/CAST/005_m_dodo_s_mon_dodo_CAST_F03.png,required file,missing,FAIL,NOT_CHECKED,mechanical INPUT↔OUTPUT check,REPACK
area_17,m_dodo,s_mon_dodo,CAST_VFX,monsters/005_m_dodo_도도/CAST/005_m_dodo_s_mon_dodo_CAST_F04.png,required file,missing,FAIL,NOT_CHECKED,mechanical INPUT↔OUTPUT check,REPACK
area_17,m_dodo,s_mon_dodo,CAST_VFX,monsters/005_m_dodo_도도/CAST/005_m_dodo_s_mon_dodo_CAST_F05.png,required file,missing,FAIL,NOT_CHECKED,mechanical INPUT↔OUTPUT check,REPACK
area_17,m_dodo,s_mon_dodo,CAST_VFX,monsters/005_m_dodo_도도/CAST/005_m_dodo_s_mon_dodo_CAST_F06.png,required file,missing,FAIL,NOT_CHECKED,mechanical INPUT↔OUTPUT check,REPACK
area_17,m_dodo,s_mon_dodo,CAST_VFX,monsters/005_m_dodo_도도/CAST/005_m_dodo_s_mon_dodo_CAST_F07.png,required file,missing,FAIL,NOT_CHECKED,mechanical INPUT↔OUTPUT check,REPACK
area_17,m_dodo,s_mon_dodo,CAST_VFX,monsters/005_m_dodo_도도/CAST/005_m_dodo_s_mon_dodo_CAST_F08.png,required file,missing,FAIL,NOT_CHECKED,mechanical INPUT↔OUTPUT check,REPACK
area_17,m_dodo,s_mon_dodo,CAST_VFX,monsters/005_m_dodo_도도/CAST/005_m_dodo_s_mon_dodo_CAST_F09.png,required file,missing,FAIL,NOT_CHECKED,mechanical INPUT↔OUTPUT check,REPACK
area_17,m_dodo,s_mon_dodo,CAST_VFX,monsters/005_m_dodo_도도/CAST/005_m_dodo_s_mon_dodo_CAST_F10.png,required file,missing,FAIL,NOT_CHECKED,mechanical INPUT↔OUTPUT check,REPACK
area_17,m_dodo,s_mon_dodo,CAST_VFX,monsters/005_m_dodo_도도/CAST/005_m_dodo_s_mon_dodo_CAST_F11.png,required file,missing,FAIL,NOT_CHECKED,mechanical INPUT↔OUTPUT check,REPACK
area_17,m_dodo,s_mon_dodo,PROJECTILE,monsters/005_m_dodo_도도/PROJECTILE/005_m_dodo_s_mon_dodo_PROJECTILE_F00.png,required file,missing,FAIL,NOT_CHECKED,mechanical INPUT↔OUTPUT check,REPACK
area_17,m_dodo,s_mon_dodo,PROJECTILE,monsters/005_m_dodo_도도/PROJECTILE/005_m_dodo_s_mon_dodo_PROJECTILE_F01.png,required file,missing,FAIL,NOT_CHECKED,mechanical INPUT↔OUTPUT check,REPACK
area_17,m_dodo,s_mon_dodo,PROJECTILE,monsters/005_m_dodo_도도/PROJECTILE/005_m_dodo_s_mon_dodo_PROJECTILE_F02.png,required file,missing,FAIL,NOT_CHECKED,mechanical INPUT↔OUTPUT check,REPACK
area_17,m_dodo,s_mon_dodo,PROJECTILE,monsters/005_m_dodo_도도/PROJECTILE/005_m_dodo_s_mon_dodo_PROJECTILE_F03.png,required file,missing,FAIL,NOT_CHECKED,mechanical INPUT↔OUTPUT check,REPACK
area_17,,,UNEXPECTED,CAST/002_m_memory_monk_trainee_s_mon_memory_monk_trainee_CAST_F00.png,no extra role PNG,unexpected role file,FAIL,NOT_CHECKED,mechanical INPUT↔OUTPUT check,REPACK
area_17,,,UNEXPECTED,CAST/002_m_memory_monk_trainee_s_mon_memory_monk_trainee_CAST_F01.png,no extra role PNG,unexpected role file,FAIL,NOT_CHECKED,mechanical INPUT↔OUTPUT check,REPACK
area_17,,,UNEXPECTED,CAST/002_m_memory_monk_trainee_s_mon_memory_monk_trainee_CAST_F02.png,no extra role PNG,unexpected role file,FAIL,NOT_CHECKED,mechanical INPUT↔OUTPUT check,REPACK
area_17,,,UNEXPECTED,CAST/002_m_memory_monk_trainee_s_mon_memory_monk_trainee_CAST_F03.png,no extra role PNG,unexpected role file,FAIL,NOT_CHECKED,mechanical INPUT↔OUTPUT check,REPACK
area_17,,,UNEXPECTED,CAST/002_m_memory_monk_trainee_s_mon_memory_monk_trainee_CAST_F04.png,no extra role PNG,unexpected role file,FAIL,NOT_CHECKED,mechanical INPUT↔OUTPUT check,REPACK
area_17,,,UNEXPECTED,CAST/002_m_memory_monk_trainee_s_mon_memory_monk_trainee_CAST_F05.png,no extra role PNG,unexpected role file,FAIL,NOT_CHECKED,mechanical INPUT↔OUTPUT check,REPACK
area_17,,,UNEXPECTED,CAST/002_m_memory_monk_trainee_s_mon_memory_monk_trainee_CAST_F06.png,no extra role PNG,unexpected role file,FAIL,NOT_CHECKED,mechanical INPUT↔OUTPUT check,REPACK
area_17,,,UNEXPECTED,CAST/002_m_memory_monk_trainee_s_mon_memory_monk_trainee_CAST_F07.png,no extra role PNG,unexpected role file,FAIL,NOT_CHECKED,mechanical INPUT↔OUTPUT check,REPACK
area_17,,,UNEXPECTED,CAST/004_m_chief_memory_guardian_s_mon_chief_memory_guardian_CAST_F00.png,no extra role PNG,unexpected role file,FAIL,NOT_CHECKED,mechanical INPUT↔OUTPUT check,REPACK
area_17,,,UNEXPECTED,CAST/004_m_chief_memory_guardian_s_mon_chief_memory_guardian_CAST_F01.png,no extra role PNG,unexpected role file,FAIL,NOT_CHECKED,mechanical INPUT↔OUTPUT check,REPACK
area_17,,,UNEXPECTED,CAST/004_m_chief_memory_guardian_s_mon_chief_memory_guardian_CAST_F02.png,no extra role PNG,unexpected role file,FAIL,NOT_CHECKED,mechanical INPUT↔OUTPUT check,REPACK
area_17,,,UNEXPECTED,CAST/004_m_chief_memory_guardian_s_mon_chief_memory_guardian_CAST_F03.png,no extra role PNG,unexpected role file,FAIL,NOT_CHECKED,mechanical INPUT↔OUTPUT check,REPACK
area_17,,,UNEXPECTED,CAST/004_m_chief_memory_guardian_s_mon_chief_memory_guardian_CAST_F04.png,no extra role PNG,unexpected role file,FAIL,NOT_CHECKED,mechanical INPUT↔OUTPUT check,REPACK
area_17,,,UNEXPECTED,CAST/004_m_chief_memory_guardian_s_mon_chief_memory_guardian_CAST_F05.png,no extra role PNG,unexpected role file,FAIL,NOT_CHECKED,mechanical INPUT↔OUTPUT check,REPACK
area_17,,,UNEXPECTED,CAST/004_m_chief_memory_guardian_s_mon_chief_memory_guardian_CAST_F06.png,no extra role PNG,unexpected role file,FAIL,NOT_CHECKED,mechanical INPUT↔OUTPUT check,REPACK
area_17,,,UNEXPECTED,CAST/004_m_chief_memory_guardian_s_mon_chief_memory_guardian_CAST_F07.png,no extra role PNG,unexpected role file,FAIL,NOT_CHECKED,mechanical INPUT↔OUTPUT check,REPACK
area_17,,,UNEXPECTED,CAST/005_m_dodo_s_mon_dodo_CAST_F00.png,no extra role PNG,unexpected role file,FAIL,NOT_CHECKED,mechanical INPUT↔OUTPUT check,REPACK
area_17,,,UNEXPECTED,CAST/005_m_dodo_s_mon_dodo_CAST_F01.png,no extra role PNG,unexpected role file,FAIL,NOT_CHECKED,mechanical INPUT↔OUTPUT check,REPACK
area_17,,,UNEXPECTED,CAST/005_m_dodo_s_mon_dodo_CAST_F02.png,no extra role PNG,unexpected role file,FAIL,NOT_CHECKED,mechanical INPUT↔OUTPUT check,REPACK
area_17,,,UNEXPECTED,CAST/005_m_dodo_s_mon_dodo_CAST_F03.png,no extra role PNG,unexpected role file,FAIL,NOT_CHECKED,mechanical INPUT↔OUTPUT check,REPACK
area_17,,,UNEXPECTED,CAST/005_m_dodo_s_mon_dodo_CAST_F04.png,no extra role PNG,unexpected role file,FAIL,NOT_CHECKED,mechanical INPUT↔OUTPUT check,REPACK
area_17,,,UNEXPECTED,CAST/005_m_dodo_s_mon_dodo_CAST_F05.png,no extra role PNG,unexpected role file,FAIL,NOT_CHECKED,mechanical INPUT↔OUTPUT check,REPACK
area_17,,,UNEXPECTED,CAST/005_m_dodo_s_mon_dodo_CAST_F06.png,no extra role PNG,unexpected role file,FAIL,NOT_CHECKED,mechanical INPUT↔OUTPUT check,REPACK
area_17,,,UNEXPECTED,CAST/005_m_dodo_s_mon_dodo_CAST_F07.png,no extra role PNG,unexpected role file,FAIL,NOT_CHECKED,mechanical INPUT↔OUTPUT check,REPACK
area_17,,,UNEXPECTED,CAST/005_m_dodo_s_mon_dodo_CAST_F08.png,no extra role PNG,unexpected role file,FAIL,NOT_CHECKED,mechanical INPUT↔OUTPUT check,REPACK
area_17,,,UNEXPECTED,CAST/005_m_dodo_s_mon_dodo_CAST_F09.png,no extra role PNG,unexpected role file,FAIL,NOT_CHECKED,mechanical INPUT↔OUTPUT check,REPACK
area_17,,,UNEXPECTED,CAST/005_m_dodo_s_mon_dodo_CAST_F10.png,no extra role PNG,unexpected role file,FAIL,NOT_CHECKED,mechanical INPUT↔OUTPUT check,REPACK
area_17,,,UNEXPECTED,CAST/005_m_dodo_s_mon_dodo_CAST_F11.png,no extra role PNG,unexpected role file,FAIL,NOT_CHECKED,mechanical INPUT↔OUTPUT check,REPACK
area_17,,,UNEXPECTED,ICON/001_m_memory_monk_s_mon_memory_monk_ICON.png,no extra role PNG,unexpected role file,FAIL,NOT_CHECKED,mechanical INPUT↔OUTPUT check,REPACK
area_17,,,UNEXPECTED,ICON/002_m_memory_monk_trainee_s_mon_memory_monk_trainee_ICON.png,no extra role PNG,unexpected role file,FAIL,NOT_CHECKED,mechanical INPUT↔OUTPUT check,REPACK
area_17,,,UNEXPECTED,ICON/003_m_memory_guardian_s_mon_memory_guardian_ICON.png,no extra role PNG,unexpected role file,FAIL,NOT_CHECKED,mechanical INPUT↔OUTPUT check,REPACK
area_17,,,UNEXPECTED,ICON/004_m_chief_memory_guardian_s_mon_chief_memory_guardian_ICON.png,no extra role PNG,unexpected role file,FAIL,NOT_CHECKED,mechanical INPUT↔OUTPUT check,REPACK
area_17,,,UNEXPECTED,ICON/005_m_dodo_s_mon_dodo_ICON.png,no extra role PNG,unexpected role file,FAIL,NOT_CHECKED,mechanical INPUT↔OUTPUT check,REPACK
area_17,,,UNEXPECTED,PROJECTILE/005_m_dodo_s_mon_dodo_PROJECTILE_F00.png,no extra role PNG,unexpected role file,FAIL,NOT_CHECKED,mechanical INPUT↔OUTPUT check,REPACK
area_17,,,UNEXPECTED,PROJECTILE/005_m_dodo_s_mon_dodo_PROJECTILE_F01.png,no extra role PNG,unexpected role file,FAIL,NOT_CHECKED,mechanical INPUT↔OUTPUT check,REPACK
area_17,,,UNEXPECTED,PROJECTILE/005_m_dodo_s_mon_dodo_PROJECTILE_F02.png,no extra role PNG,unexpected role file,FAIL,NOT_CHECKED,mechanical INPUT↔OUTPUT check,REPACK
area_17,,,UNEXPECTED,PROJECTILE/005_m_dodo_s_mon_dodo_PROJECTILE_F03.png,no extra role PNG,unexpected role file,FAIL,NOT_CHECKED,mechanical INPUT↔OUTPUT check,REPACK
area_17,,,UNEXPECTED,REFERENCE/001_m_memory_monk_s_mon_memory_monk_REFERENCE_F00.png,no extra role PNG,unexpected role file,FAIL,NOT_CHECKED,mechanical INPUT↔OUTPUT check,REPACK
area_17,,,UNEXPECTED,REFERENCE/001_m_memory_monk_s_mon_memory_monk_REFERENCE_F01.png,no extra role PNG,unexpected role file,FAIL,NOT_CHECKED,mechanical INPUT↔OUTPUT check,REPACK
area_17,,,UNEXPECTED,REFERENCE/001_m_memory_monk_s_mon_memory_monk_REFERENCE_F02.png,no extra role PNG,unexpected role file,FAIL,NOT_CHECKED,mechanical INPUT↔OUTPUT check,REPACK
area_17,,,UNEXPECTED,REFERENCE/001_m_memory_monk_s_mon_memory_monk_REFERENCE_F03.png,no extra role PNG,unexpected role file,FAIL,NOT_CHECKED,mechanical INPUT↔OUTPUT check,REPACK
area_17,,,UNEXPECTED,REFERENCE/001_m_memory_monk_s_mon_memory_monk_REFERENCE_F04.png,no extra role PNG,unexpected role file,FAIL,NOT_CHECKED,mechanical INPUT↔OUTPUT check,REPACK
area_17,,,UNEXPECTED,REFERENCE/001_m_memory_monk_s_mon_memory_monk_REFERENCE_F05.png,no extra role PNG,unexpected role file,FAIL,NOT_CHECKED,mechanical INPUT↔OUTPUT check,REPACK
area_17,,,UNEXPECTED,REFERENCE/003_m_memory_guardian_s_mon_memory_guardian_REFERENCE_F00.png,no extra role PNG,unexpected role file,FAIL,NOT_CHECKED,mechanical INPUT↔OUTPUT check,REPACK
area_17,,,UNEXPECTED,REFERENCE/003_m_memory_guardian_s_mon_memory_guardian_REFERENCE_F01.png,no extra role PNG,unexpected role file,FAIL,NOT_CHECKED,mechanical INPUT↔OUTPUT check,REPACK
area_17,,,UNEXPECTED,REFERENCE/003_m_memory_guardian_s_mon_memory_guardian_REFERENCE_F02.png,no extra role PNG,unexpected role file,FAIL,NOT_CHECKED,mechanical INPUT↔OUTPUT check,REPACK
area_17,,,UNEXPECTED,REFERENCE/003_m_memory_guardian_s_mon_memory_guardian_REFERENCE_F03.png,no extra role PNG,unexpected role file,FAIL,NOT_CHECKED,mechanical INPUT↔OUTPUT check,REPACK
area_17,,,UNEXPECTED,REFERENCE/003_m_memory_guardian_s_mon_memory_guardian_REFERENCE_F04.png,no extra role PNG,unexpected role file,FAIL,NOT_CHECKED,mechanical INPUT↔OUTPUT check,REPACK
area_17,,,UNEXPECTED,REFERENCE/003_m_memory_guardian_s_mon_memory_guardian_REFERENCE_F05.png,no extra role PNG,unexpected role file,FAIL,NOT_CHECKED,mechanical INPUT↔OUTPUT check,REPACK
area_17,m_memory_monk,s_mon_memory_monk,RESULT_INFO,monsters/001_m_memory_monk_추억의_사제/RESULT_INFO.md,required,missing,FAIL,NOT_CHECKED,mechanical INPUT↔OUTPUT check,REPACK
area_17,m_memory_monk,s_mon_memory_monk,PREVIEW,monsters/001_m_memory_monk_추억의_사제/PREVIEW/labeled_preview.png,required labeled preview,missing,FAIL,NOT_CHECKED,mechanical INPUT↔OUTPUT check,REPACK
area_17,m_memory_monk_trainee,s_mon_memory_monk_trainee,RESULT_INFO,monsters/002_m_memory_monk_trainee_추억의_신관/RESULT_INFO.md,required,missing,FAIL,NOT_CHECKED,mechanical INPUT↔OUTPUT check,REPACK
area_17,m_memory_monk_trainee,s_mon_memory_monk_trainee,PREVIEW,monsters/002_m_memory_monk_trainee_추억의_신관/PREVIEW/labeled_preview.png,required labeled preview,missing,FAIL,NOT_CHECKED,mechanical INPUT↔OUTPUT check,REPACK
area_17,m_memory_guardian,s_mon_memory_guardian,RESULT_INFO,monsters/003_m_memory_guardian_추억의_수호병/RESULT_INFO.md,required,missing,FAIL,NOT_CHECKED,mechanical INPUT↔OUTPUT check,REPACK
area_17,m_memory_guardian,s_mon_memory_guardian,PREVIEW,monsters/003_m_memory_guardian_추억의_수호병/PREVIEW/labeled_preview.png,required labeled preview,missing,FAIL,NOT_CHECKED,mechanical INPUT↔OUTPUT check,REPACK
area_17,m_chief_memory_guardian,s_mon_chief_memory_guardian,RESULT_INFO,monsters/004_m_chief_memory_guardian_추억의_수호대장/RESULT_INFO.md,required,missing,FAIL,NOT_CHECKED,mechanical INPUT↔OUTPUT check,REPACK
area_17,m_chief_memory_guardian,s_mon_chief_memory_guardian,PREVIEW,monsters/004_m_chief_memory_guardian_추억의_수호대장/PREVIEW/labeled_preview.png,required labeled preview,missing,FAIL,NOT_CHECKED,mechanical INPUT↔OUTPUT check,REPACK
area_17,m_dodo,s_mon_dodo,RESULT_INFO,monsters/005_m_dodo_도도/RESULT_INFO.md,required,missing,FAIL,NOT_CHECKED,mechanical INPUT↔OUTPUT check,REPACK
area_17,m_dodo,s_mon_dodo,PREVIEW,monsters/005_m_dodo_도도/PREVIEW/labeled_preview.png,required labeled preview,missing,FAIL,NOT_CHECKED,mechanical INPUT↔OUTPUT check,REPACK
area_18,m_mateon,s_mon_mateon,ICON,monsters/001_m_mateon_마티안/ICON/001_m_mateon_s_mon_mateon_ICON.png,required file,missing,FAIL,NOT_CHECKED,mechanical INPUT↔OUTPUT check,REPACK
area_18,m_mateon,s_mon_mateon,CAST_VFX,monsters/001_m_mateon_마티안/CAST/001_m_mateon_s_mon_mateon_CAST_F00.png,required file,missing,FAIL,NOT_CHECKED,mechanical INPUT↔OUTPUT check,REPACK
area_18,m_mateon,s_mon_mateon,CAST_VFX,monsters/001_m_mateon_마티안/CAST/001_m_mateon_s_mon_mateon_CAST_F01.png,required file,missing,FAIL,NOT_CHECKED,mechanical INPUT↔OUTPUT check,REPACK
area_18,m_mateon,s_mon_mateon,CAST_VFX,monsters/001_m_mateon_마티안/CAST/001_m_mateon_s_mon_mateon_CAST_F02.png,required file,missing,FAIL,NOT_CHECKED,mechanical INPUT↔OUTPUT check,REPACK
area_18,m_mateon,s_mon_mateon,CAST_VFX,monsters/001_m_mateon_마티안/CAST/001_m_mateon_s_mon_mateon_CAST_F03.png,required file,missing,FAIL,NOT_CHECKED,mechanical INPUT↔OUTPUT check,REPACK
area_18,m_mateon,s_mon_mateon,CAST_VFX,monsters/001_m_mateon_마티안/CAST/001_m_mateon_s_mon_mateon_CAST_F04.png,required file,missing,FAIL,NOT_CHECKED,mechanical INPUT↔OUTPUT check,REPACK
area_18,m_mateon,s_mon_mateon,CAST_VFX,monsters/001_m_mateon_마티안/CAST/001_m_mateon_s_mon_mateon_CAST_F05.png,required file,missing,FAIL,NOT_CHECKED,mechanical INPUT↔OUTPUT check,REPACK
area_18,m_mateon,s_mon_mateon,CAST_VFX,monsters/001_m_mateon_마티안/CAST/001_m_mateon_s_mon_mateon_CAST_F06.png,required file,missing,FAIL,NOT_CHECKED,mechanical INPUT↔OUTPUT check,REPACK
area_18,m_mateon,s_mon_mateon,CAST_VFX,monsters/001_m_mateon_마티안/CAST/001_m_mateon_s_mon_mateon_CAST_F07.png,required file,missing,FAIL,NOT_CHECKED,mechanical INPUT↔OUTPUT check,REPACK
area_18,m_mateon,s_mon_mateon,PROJECTILE,monsters/001_m_mateon_마티안/PROJECTILE/001_m_mateon_s_mon_mateon_PROJECTILE_F00.png,required file,missing,FAIL,NOT_CHECKED,mechanical INPUT↔OUTPUT check,REPACK
area_18,m_mateon,s_mon_mateon,PROJECTILE,monsters/001_m_mateon_마티안/PROJECTILE/001_m_mateon_s_mon_mateon_PROJECTILE_F01.png,required file,missing,FAIL,NOT_CHECKED,mechanical INPUT↔OUTPUT check,REPACK
area_18,m_mateon,s_mon_mateon,PROJECTILE,monsters/001_m_mateon_마티안/PROJECTILE/001_m_mateon_s_mon_mateon_PROJECTILE_F02.png,required file,missing,FAIL,NOT_CHECKED,mechanical INPUT↔OUTPUT check,REPACK
area_18,m_mateon,s_mon_mateon,PROJECTILE,monsters/001_m_mateon_마티안/PROJECTILE/001_m_mateon_s_mon_mateon_PROJECTILE_F03.png,required file,missing,FAIL,NOT_CHECKED,mechanical INPUT↔OUTPUT check,REPACK
area_18,m_plateon,s_mon_plateon,ICON,monsters/002_m_plateon_플라티안/ICON/002_m_plateon_s_mon_plateon_ICON.png,required file,missing,FAIL,NOT_CHECKED,mechanical INPUT↔OUTPUT check,REPACK
area_18,m_plateon,s_mon_plateon,REFERENCE_VFX,monsters/002_m_plateon_플라티안/REFERENCE/002_m_plateon_s_mon_plateon_REFERENCE_F00.png,required file,missing,FAIL,NOT_CHECKED,mechanical INPUT↔OUTPUT check,REPACK
area_18,m_plateon,s_mon_plateon,REFERENCE_VFX,monsters/002_m_plateon_플라티안/REFERENCE/002_m_plateon_s_mon_plateon_REFERENCE_F01.png,required file,missing,FAIL,NOT_CHECKED,mechanical INPUT↔OUTPUT check,REPACK
area_18,m_plateon,s_mon_plateon,REFERENCE_VFX,monsters/002_m_plateon_플라티안/REFERENCE/002_m_plateon_s_mon_plateon_REFERENCE_F02.png,required file,missing,FAIL,NOT_CHECKED,mechanical INPUT↔OUTPUT check,REPACK
area_18,m_plateon,s_mon_plateon,REFERENCE_VFX,monsters/002_m_plateon_플라티안/REFERENCE/002_m_plateon_s_mon_plateon_REFERENCE_F03.png,required file,missing,FAIL,NOT_CHECKED,mechanical INPUT↔OUTPUT check,REPACK
area_18,m_plateon,s_mon_plateon,REFERENCE_VFX,monsters/002_m_plateon_플라티안/REFERENCE/002_m_plateon_s_mon_plateon_REFERENCE_F04.png,required file,missing,FAIL,NOT_CHECKED,mechanical INPUT↔OUTPUT check,REPACK
area_18,m_plateon,s_mon_plateon,REFERENCE_VFX,monsters/002_m_plateon_플라티안/REFERENCE/002_m_plateon_s_mon_plateon_REFERENCE_F05.png,required file,missing,FAIL,NOT_CHECKED,mechanical INPUT↔OUTPUT check,REPACK
area_18,m_mecateon,s_mon_mecateon,ICON,monsters/003_m_mecateon_메카티안/ICON/003_m_mecateon_s_mon_mecateon_ICON.png,required file,missing,FAIL,NOT_CHECKED,mechanical INPUT↔OUTPUT check,REPACK
area_18,m_mecateon,s_mon_mecateon,CAST_VFX,monsters/003_m_mecateon_메카티안/CAST/003_m_mecateon_s_mon_mecateon_CAST_F00.png,required file,missing,FAIL,NOT_CHECKED,mechanical INPUT↔OUTPUT check,REPACK
area_18,m_mecateon,s_mon_mecateon,CAST_VFX,monsters/003_m_mecateon_메카티안/CAST/003_m_mecateon_s_mon_mecateon_CAST_F01.png,required file,missing,FAIL,NOT_CHECKED,mechanical INPUT↔OUTPUT check,REPACK
area_18,m_mecateon,s_mon_mecateon,CAST_VFX,monsters/003_m_mecateon_메카티안/CAST/003_m_mecateon_s_mon_mecateon_CAST_F02.png,required file,missing,FAIL,NOT_CHECKED,mechanical INPUT↔OUTPUT check,REPACK
area_18,m_mecateon,s_mon_mecateon,CAST_VFX,monsters/003_m_mecateon_메카티안/CAST/003_m_mecateon_s_mon_mecateon_CAST_F03.png,required file,missing,FAIL,NOT_CHECKED,mechanical INPUT↔OUTPUT check,REPACK
area_18,m_mecateon,s_mon_mecateon,CAST_VFX,monsters/003_m_mecateon_메카티안/CAST/003_m_mecateon_s_mon_mecateon_CAST_F04.png,required file,missing,FAIL,NOT_CHECKED,mechanical INPUT↔OUTPUT check,REPACK
area_18,m_mecateon,s_mon_mecateon,CAST_VFX,monsters/003_m_mecateon_메카티안/CAST/003_m_mecateon_s_mon_mecateon_CAST_F05.png,required file,missing,FAIL,NOT_CHECKED,mechanical INPUT↔OUTPUT check,REPACK
area_18,m_mecateon,s_mon_mecateon,CAST_VFX,monsters/003_m_mecateon_메카티안/CAST/003_m_mecateon_s_mon_mecateon_CAST_F06.png,required file,missing,FAIL,NOT_CHECKED,mechanical INPUT↔OUTPUT check,REPACK
area_18,m_mecateon,s_mon_mecateon,CAST_VFX,monsters/003_m_mecateon_메카티안/CAST/003_m_mecateon_s_mon_mecateon_CAST_F07.png,required file,missing,FAIL,NOT_CHECKED,mechanical INPUT↔OUTPUT check,REPACK
area_18,m_chief_gray,s_mon_chief_gray,ICON,monsters/004_m_chief_gray_원로_그레이/ICON/004_m_chief_gray_s_mon_chief_gray_ICON.png,required file,missing,FAIL,NOT_CHECKED,mechanical INPUT↔OUTPUT check,REPACK
area_18,m_chief_gray,s_mon_chief_gray,REFERENCE_VFX,monsters/004_m_chief_gray_원로_그레이/REFERENCE/004_m_chief_gray_s_mon_chief_gray_REFERENCE_F00.png,required file,missing,FAIL,NOT_CHECKED,mechanical INPUT↔OUTPUT check,REPACK
area_18,m_chief_gray,s_mon_chief_gray,REFERENCE_VFX,monsters/004_m_chief_gray_원로_그레이/REFERENCE/004_m_chief_gray_s_mon_chief_gray_REFERENCE_F01.png,required file,missing,FAIL,NOT_CHECKED,mechanical INPUT↔OUTPUT check,REPACK
area_18,m_chief_gray,s_mon_chief_gray,REFERENCE_VFX,monsters/004_m_chief_gray_원로_그레이/REFERENCE/004_m_chief_gray_s_mon_chief_gray_REFERENCE_F02.png,required file,missing,FAIL,NOT_CHECKED,mechanical INPUT↔OUTPUT check,REPACK
area_18,m_chief_gray,s_mon_chief_gray,REFERENCE_VFX,monsters/004_m_chief_gray_원로_그레이/REFERENCE/004_m_chief_gray_s_mon_chief_gray_REFERENCE_F03.png,required file,missing,FAIL,NOT_CHECKED,mechanical INPUT↔OUTPUT check,REPACK
area_18,m_chief_gray,s_mon_chief_gray,REFERENCE_VFX,monsters/004_m_chief_gray_원로_그레이/REFERENCE/004_m_chief_gray_s_mon_chief_gray_REFERENCE_F04.png,required file,missing,FAIL,NOT_CHECKED,mechanical INPUT↔OUTPUT check,REPACK
area_18,m_chief_gray,s_mon_chief_gray,REFERENCE_VFX,monsters/004_m_chief_gray_원로_그레이/REFERENCE/004_m_chief_gray_s_mon_chief_gray_REFERENCE_F05.png,required file,missing,FAIL,NOT_CHECKED,mechanical INPUT↔OUTPUT check,REPACK
area_18,m_zeno,s_mon_zeno,ICON,monsters/005_m_zeno_제노/ICON/005_m_zeno_s_mon_zeno_ICON.png,required file,missing,FAIL,NOT_CHECKED,mechanical INPUT↔OUTPUT check,REPACK
area_18,m_zeno,s_mon_zeno,CAST_VFX,monsters/005_m_zeno_제노/CAST/005_m_zeno_s_mon_zeno_CAST_F00.png,required file,missing,FAIL,NOT_CHECKED,mechanical INPUT↔OUTPUT check,REPACK
area_18,m_zeno,s_mon_zeno,CAST_VFX,monsters/005_m_zeno_제노/CAST/005_m_zeno_s_mon_zeno_CAST_F01.png,required file,missing,FAIL,NOT_CHECKED,mechanical INPUT↔OUTPUT check,REPACK
area_18,m_zeno,s_mon_zeno,CAST_VFX,monsters/005_m_zeno_제노/CAST/005_m_zeno_s_mon_zeno_CAST_F02.png,required file,missing,FAIL,NOT_CHECKED,mechanical INPUT↔OUTPUT check,REPACK
area_18,m_zeno,s_mon_zeno,CAST_VFX,monsters/005_m_zeno_제노/CAST/005_m_zeno_s_mon_zeno_CAST_F03.png,required file,missing,FAIL,NOT_CHECKED,mechanical INPUT↔OUTPUT check,REPACK
area_18,m_zeno,s_mon_zeno,CAST_VFX,monsters/005_m_zeno_제노/CAST/005_m_zeno_s_mon_zeno_CAST_F04.png,required file,missing,FAIL,NOT_CHECKED,mechanical INPUT↔OUTPUT check,REPACK
area_18,m_zeno,s_mon_zeno,CAST_VFX,monsters/005_m_zeno_제노/CAST/005_m_zeno_s_mon_zeno_CAST_F05.png,required file,missing,FAIL,NOT_CHECKED,mechanical INPUT↔OUTPUT check,REPACK
area_18,m_zeno,s_mon_zeno,CAST_VFX,monsters/005_m_zeno_제노/CAST/005_m_zeno_s_mon_zeno_CAST_F06.png,required file,missing,FAIL,NOT_CHECKED,mechanical INPUT↔OUTPUT check,REPACK
area_18,m_zeno,s_mon_zeno,CAST_VFX,monsters/005_m_zeno_제노/CAST/005_m_zeno_s_mon_zeno_CAST_F07.png,required file,missing,FAIL,NOT_CHECKED,mechanical INPUT↔OUTPUT check,REPACK
area_18,m_zeno,s_mon_zeno,CAST_VFX,monsters/005_m_zeno_제노/CAST/005_m_zeno_s_mon_zeno_CAST_F08.png,required file,missing,FAIL,NOT_CHECKED,mechanical INPUT↔OUTPUT check,REPACK
area_18,m_zeno,s_mon_zeno,CAST_VFX,monsters/005_m_zeno_제노/CAST/005_m_zeno_s_mon_zeno_CAST_F09.png,required file,missing,FAIL,NOT_CHECKED,mechanical INPUT↔OUTPUT check,REPACK
area_18,m_zeno,s_mon_zeno,CAST_VFX,monsters/005_m_zeno_제노/CAST/005_m_zeno_s_mon_zeno_CAST_F10.png,required file,missing,FAIL,NOT_CHECKED,mechanical INPUT↔OUTPUT check,REPACK
area_18,m_zeno,s_mon_zeno,CAST_VFX,monsters/005_m_zeno_제노/CAST/005_m_zeno_s_mon_zeno_CAST_F11.png,required file,missing,FAIL,NOT_CHECKED,mechanical INPUT↔OUTPUT check,REPACK
area_18,,,UNEXPECTED,CAST/001_m_mateon_s_mon_mateon_CAST_F00.png,no extra role PNG,unexpected role file,FAIL,NOT_CHECKED,mechanical INPUT↔OUTPUT check,REPACK
area_18,,,UNEXPECTED,CAST/001_m_mateon_s_mon_mateon_CAST_F01.png,no extra role PNG,unexpected role file,FAIL,NOT_CHECKED,mechanical INPUT↔OUTPUT check,REPACK
area_18,,,UNEXPECTED,CAST/001_m_mateon_s_mon_mateon_CAST_F02.png,no extra role PNG,unexpected role file,FAIL,NOT_CHECKED,mechanical INPUT↔OUTPUT check,REPACK
area_18,,,UNEXPECTED,CAST/001_m_mateon_s_mon_mateon_CAST_F03.png,no extra role PNG,unexpected role file,FAIL,NOT_CHECKED,mechanical INPUT↔OUTPUT check,REPACK
area_18,,,UNEXPECTED,CAST/001_m_mateon_s_mon_mateon_CAST_F04.png,no extra role PNG,unexpected role file,FAIL,NOT_CHECKED,mechanical INPUT↔OUTPUT check,REPACK
area_18,,,UNEXPECTED,CAST/001_m_mateon_s_mon_mateon_CAST_F05.png,no extra role PNG,unexpected role file,FAIL,NOT_CHECKED,mechanical INPUT↔OUTPUT check,REPACK
area_18,,,UNEXPECTED,CAST/001_m_mateon_s_mon_mateon_CAST_F06.png,no extra role PNG,unexpected role file,FAIL,NOT_CHECKED,mechanical INPUT↔OUTPUT check,REPACK
area_18,,,UNEXPECTED,CAST/001_m_mateon_s_mon_mateon_CAST_F07.png,no extra role PNG,unexpected role file,FAIL,NOT_CHECKED,mechanical INPUT↔OUTPUT check,REPACK
area_18,,,UNEXPECTED,CAST/003_m_mecateon_s_mon_mecateon_CAST_F00.png,no extra role PNG,unexpected role file,FAIL,NOT_CHECKED,mechanical INPUT↔OUTPUT check,REPACK
area_18,,,UNEXPECTED,CAST/003_m_mecateon_s_mon_mecateon_CAST_F01.png,no extra role PNG,unexpected role file,FAIL,NOT_CHECKED,mechanical INPUT↔OUTPUT check,REPACK
area_18,,,UNEXPECTED,CAST/003_m_mecateon_s_mon_mecateon_CAST_F02.png,no extra role PNG,unexpected role file,FAIL,NOT_CHECKED,mechanical INPUT↔OUTPUT check,REPACK
area_18,,,UNEXPECTED,CAST/003_m_mecateon_s_mon_mecateon_CAST_F03.png,no extra role PNG,unexpected role file,FAIL,NOT_CHECKED,mechanical INPUT↔OUTPUT check,REPACK
area_18,,,UNEXPECTED,CAST/003_m_mecateon_s_mon_mecateon_CAST_F04.png,no extra role PNG,unexpected role file,FAIL,NOT_CHECKED,mechanical INPUT↔OUTPUT check,REPACK
area_18,,,UNEXPECTED,CAST/003_m_mecateon_s_mon_mecateon_CAST_F05.png,no extra role PNG,unexpected role file,FAIL,NOT_CHECKED,mechanical INPUT↔OUTPUT check,REPACK
area_18,,,UNEXPECTED,CAST/003_m_mecateon_s_mon_mecateon_CAST_F06.png,no extra role PNG,unexpected role file,FAIL,NOT_CHECKED,mechanical INPUT↔OUTPUT check,REPACK
area_18,,,UNEXPECTED,CAST/003_m_mecateon_s_mon_mecateon_CAST_F07.png,no extra role PNG,unexpected role file,FAIL,NOT_CHECKED,mechanical INPUT↔OUTPUT check,REPACK
area_18,,,UNEXPECTED,CAST/005_m_zeno_s_mon_zeno_CAST_F00.png,no extra role PNG,unexpected role file,FAIL,NOT_CHECKED,mechanical INPUT↔OUTPUT check,REPACK
area_18,,,UNEXPECTED,CAST/005_m_zeno_s_mon_zeno_CAST_F01.png,no extra role PNG,unexpected role file,FAIL,NOT_CHECKED,mechanical INPUT↔OUTPUT check,REPACK
area_18,,,UNEXPECTED,CAST/005_m_zeno_s_mon_zeno_CAST_F02.png,no extra role PNG,unexpected role file,FAIL,NOT_CHECKED,mechanical INPUT↔OUTPUT check,REPACK
area_18,,,UNEXPECTED,CAST/005_m_zeno_s_mon_zeno_CAST_F03.png,no extra role PNG,unexpected role file,FAIL,NOT_CHECKED,mechanical INPUT↔OUTPUT check,REPACK
area_18,,,UNEXPECTED,CAST/005_m_zeno_s_mon_zeno_CAST_F04.png,no extra role PNG,unexpected role file,FAIL,NOT_CHECKED,mechanical INPUT↔OUTPUT check,REPACK
area_18,,,UNEXPECTED,CAST/005_m_zeno_s_mon_zeno_CAST_F05.png,no extra role PNG,unexpected role file,FAIL,NOT_CHECKED,mechanical INPUT↔OUTPUT check,REPACK
area_18,,,UNEXPECTED,CAST/005_m_zeno_s_mon_zeno_CAST_F06.png,no extra role PNG,unexpected role file,FAIL,NOT_CHECKED,mechanical INPUT↔OUTPUT check,REPACK
area_18,,,UNEXPECTED,CAST/005_m_zeno_s_mon_zeno_CAST_F07.png,no extra role PNG,unexpected role file,FAIL,NOT_CHECKED,mechanical INPUT↔OUTPUT check,REPACK
area_18,,,UNEXPECTED,CAST/005_m_zeno_s_mon_zeno_CAST_F08.png,no extra role PNG,unexpected role file,FAIL,NOT_CHECKED,mechanical INPUT↔OUTPUT check,REPACK
area_18,,,UNEXPECTED,CAST/005_m_zeno_s_mon_zeno_CAST_F09.png,no extra role PNG,unexpected role file,FAIL,NOT_CHECKED,mechanical INPUT↔OUTPUT check,REPACK
area_18,,,UNEXPECTED,CAST/005_m_zeno_s_mon_zeno_CAST_F10.png,no extra role PNG,unexpected role file,FAIL,NOT_CHECKED,mechanical INPUT↔OUTPUT check,REPACK
area_18,,,UNEXPECTED,CAST/005_m_zeno_s_mon_zeno_CAST_F11.png,no extra role PNG,unexpected role file,FAIL,NOT_CHECKED,mechanical INPUT↔OUTPUT check,REPACK
area_18,,,UNEXPECTED,ICON/001_m_mateon_s_mon_mateon_ICON.png,no extra role PNG,unexpected role file,FAIL,NOT_CHECKED,mechanical INPUT↔OUTPUT check,REPACK
area_18,,,UNEXPECTED,ICON/002_m_plateon_s_mon_plateon_ICON.png,no extra role PNG,unexpected role file,FAIL,NOT_CHECKED,mechanical INPUT↔OUTPUT check,REPACK
area_18,,,UNEXPECTED,ICON/003_m_mecateon_s_mon_mecateon_ICON.png,no extra role PNG,unexpected role file,FAIL,NOT_CHECKED,mechanical INPUT↔OUTPUT check,REPACK
area_18,,,UNEXPECTED,ICON/004_m_chief_gray_s_mon_chief_gray_ICON.png,no extra role PNG,unexpected role file,FAIL,NOT_CHECKED,mechanical INPUT↔OUTPUT check,REPACK
area_18,,,UNEXPECTED,ICON/005_m_zeno_s_mon_zeno_ICON.png,no extra role PNG,unexpected role file,FAIL,NOT_CHECKED,mechanical INPUT↔OUTPUT check,REPACK
area_18,,,UNEXPECTED,PROJECTILE/001_m_mateon_s_mon_mateon_PROJECTILE_F00.png,no extra role PNG,unexpected role file,FAIL,NOT_CHECKED,mechanical INPUT↔OUTPUT check,REPACK
area_18,,,UNEXPECTED,PROJECTILE/001_m_mateon_s_mon_mateon_PROJECTILE_F01.png,no extra role PNG,unexpected role file,FAIL,NOT_CHECKED,mechanical INPUT↔OUTPUT check,REPACK
area_18,,,UNEXPECTED,PROJECTILE/001_m_mateon_s_mon_mateon_PROJECTILE_F02.png,no extra role PNG,unexpected role file,FAIL,NOT_CHECKED,mechanical INPUT↔OUTPUT check,REPACK
area_18,,,UNEXPECTED,PROJECTILE/001_m_mateon_s_mon_mateon_PROJECTILE_F03.png,no extra role PNG,unexpected role file,FAIL,NOT_CHECKED,mechanical INPUT↔OUTPUT check,REPACK
area_18,,,UNEXPECTED,REFERENCE/002_m_plateon_s_mon_plateon_REFERENCE_F00.png,no extra role PNG,unexpected role file,FAIL,NOT_CHECKED,mechanical INPUT↔OUTPUT check,REPACK
area_18,,,UNEXPECTED,REFERENCE/002_m_plateon_s_mon_plateon_REFERENCE_F01.png,no extra role PNG,unexpected role file,FAIL,NOT_CHECKED,mechanical INPUT↔OUTPUT check,REPACK
area_18,,,UNEXPECTED,REFERENCE/002_m_plateon_s_mon_plateon_REFERENCE_F02.png,no extra role PNG,unexpected role file,FAIL,NOT_CHECKED,mechanical INPUT↔OUTPUT check,REPACK
area_18,,,UNEXPECTED,REFERENCE/002_m_plateon_s_mon_plateon_REFERENCE_F03.png,no extra role PNG,unexpected role file,FAIL,NOT_CHECKED,mechanical INPUT↔OUTPUT check,REPACK
area_18,,,UNEXPECTED,REFERENCE/002_m_plateon_s_mon_plateon_REFERENCE_F04.png,no extra role PNG,unexpected role file,FAIL,NOT_CHECKED,mechanical INPUT↔OUTPUT check,REPACK
area_18,,,UNEXPECTED,REFERENCE/002_m_plateon_s_mon_plateon_REFERENCE_F05.png,no extra role PNG,unexpected role file,FAIL,NOT_CHECKED,mechanical INPUT↔OUTPUT check,REPACK
area_18,,,UNEXPECTED,REFERENCE/004_m_chief_gray_s_mon_chief_gray_REFERENCE_F00.png,no extra role PNG,unexpected role file,FAIL,NOT_CHECKED,mechanical INPUT↔OUTPUT check,REPACK
area_18,,,UNEXPECTED,REFERENCE/004_m_chief_gray_s_mon_chief_gray_REFERENCE_F01.png,no extra role PNG,unexpected role file,FAIL,NOT_CHECKED,mechanical INPUT↔OUTPUT check,REPACK
area_18,,,UNEXPECTED,REFERENCE/004_m_chief_gray_s_mon_chief_gray_REFERENCE_F02.png,no extra role PNG,unexpected role file,FAIL,NOT_CHECKED,mechanical INPUT↔OUTPUT check,REPACK
area_18,,,UNEXPECTED,REFERENCE/004_m_chief_gray_s_mon_chief_gray_REFERENCE_F03.png,no extra role PNG,unexpected role file,FAIL,NOT_CHECKED,mechanical INPUT↔OUTPUT check,REPACK
area_18,,,UNEXPECTED,REFERENCE/004_m_chief_gray_s_mon_chief_gray_REFERENCE_F04.png,no extra role PNG,unexpected role file,FAIL,NOT_CHECKED,mechanical INPUT↔OUTPUT check,REPACK
area_18,,,UNEXPECTED,REFERENCE/004_m_chief_gray_s_mon_chief_gray_REFERENCE_F05.png,no extra role PNG,unexpected role file,FAIL,NOT_CHECKED,mechanical INPUT↔OUTPUT check,REPACK
area_18,m_mateon,s_mon_mateon,RESULT_INFO,monsters/001_m_mateon_마티안/RESULT_INFO.md,required,missing,FAIL,NOT_CHECKED,mechanical INPUT↔OUTPUT check,REPACK
area_18,m_mateon,s_mon_mateon,PREVIEW,monsters/001_m_mateon_마티안/PREVIEW/labeled_preview.png,required labeled preview,missing,FAIL,NOT_CHECKED,mechanical INPUT↔OUTPUT check,REPACK
area_18,m_plateon,s_mon_plateon,RESULT_INFO,monsters/002_m_plateon_플라티안/RESULT_INFO.md,required,missing,FAIL,NOT_CHECKED,mechanical INPUT↔OUTPUT check,REPACK
area_18,m_plateon,s_mon_plateon,PREVIEW,monsters/002_m_plateon_플라티안/PREVIEW/labeled_preview.png,required labeled preview,missing,FAIL,NOT_CHECKED,mechanical INPUT↔OUTPUT check,REPACK
area_18,m_mecateon,s_mon_mecateon,RESULT_INFO,monsters/003_m_mecateon_메카티안/RESULT_INFO.md,required,missing,FAIL,NOT_CHECKED,mechanical INPUT↔OUTPUT check,REPACK
area_18,m_mecateon,s_mon_mecateon,PREVIEW,monsters/003_m_mecateon_메카티안/PREVIEW/labeled_preview.png,required labeled preview,missing,FAIL,NOT_CHECKED,mechanical INPUT↔OUTPUT check,REPACK
area_18,m_chief_gray,s_mon_chief_gray,RESULT_INFO,monsters/004_m_chief_gray_원로_그레이/RESULT_INFO.md,required,missing,FAIL,NOT_CHECKED,mechanical INPUT↔OUTPUT check,REPACK
area_18,m_chief_gray,s_mon_chief_gray,PREVIEW,monsters/004_m_chief_gray_원로_그레이/PREVIEW/labeled_preview.png,required labeled preview,missing,FAIL,NOT_CHECKED,mechanical INPUT↔OUTPUT check,REPACK
area_18,m_zeno,s_mon_zeno,RESULT_INFO,monsters/005_m_zeno_제노/RESULT_INFO.md,required,missing,FAIL,NOT_CHECKED,mechanical INPUT↔OUTPUT check,REPACK
area_18,m_zeno,s_mon_zeno,PREVIEW,monsters/005_m_zeno_제노/PREVIEW/labeled_preview.png,required labeled preview,missing,FAIL,NOT_CHECKED,mechanical INPUT↔OUTPUT check,REPACK
area_19,m_official_knight_c,s_mon_official_knight_c,ICON,monsters/001_m_official_knight_c_정식기사_C/ICON/001_m_official_knight_c_s_mon_official_knight_c_ICON.png,required file,missing,FAIL,NOT_CHECKED,mechanical INPUT↔OUTPUT check,REPACK
area_19,m_official_knight_c,s_mon_official_knight_c,CAST_VFX,monsters/001_m_official_knight_c_정식기사_C/CAST/001_m_official_knight_c_s_mon_official_knight_c_CAST_F00.png,required file,missing,FAIL,NOT_CHECKED,mechanical INPUT↔OUTPUT check,REPACK
area_19,m_official_knight_c,s_mon_official_knight_c,CAST_VFX,monsters/001_m_official_knight_c_정식기사_C/CAST/001_m_official_knight_c_s_mon_official_knight_c_CAST_F01.png,required file,missing,FAIL,NOT_CHECKED,mechanical INPUT↔OUTPUT check,REPACK
area_19,m_official_knight_c,s_mon_official_knight_c,CAST_VFX,monsters/001_m_official_knight_c_정식기사_C/CAST/001_m_official_knight_c_s_mon_official_knight_c_CAST_F02.png,required file,missing,FAIL,NOT_CHECKED,mechanical INPUT↔OUTPUT check,REPACK
area_19,m_official_knight_c,s_mon_official_knight_c,CAST_VFX,monsters/001_m_official_knight_c_정식기사_C/CAST/001_m_official_knight_c_s_mon_official_knight_c_CAST_F03.png,required file,missing,FAIL,NOT_CHECKED,mechanical INPUT↔OUTPUT check,REPACK
area_19,m_official_knight_c,s_mon_official_knight_c,CAST_VFX,monsters/001_m_official_knight_c_정식기사_C/CAST/001_m_official_knight_c_s_mon_official_knight_c_CAST_F04.png,required file,missing,FAIL,NOT_CHECKED,mechanical INPUT↔OUTPUT check,REPACK
area_19,m_official_knight_c,s_mon_official_knight_c,CAST_VFX,monsters/001_m_official_knight_c_정식기사_C/CAST/001_m_official_knight_c_s_mon_official_knight_c_CAST_F05.png,required file,missing,FAIL,NOT_CHECKED,mechanical INPUT↔OUTPUT check,REPACK
area_19,m_official_knight_c,s_mon_official_knight_c,CAST_VFX,monsters/001_m_official_knight_c_정식기사_C/CAST/001_m_official_knight_c_s_mon_official_knight_c_CAST_F06.png,required file,missing,FAIL,NOT_CHECKED,mechanical INPUT↔OUTPUT check,REPACK
area_19,m_official_knight_c,s_mon_official_knight_c,CAST_VFX,monsters/001_m_official_knight_c_정식기사_C/CAST/001_m_official_knight_c_s_mon_official_knight_c_CAST_F07.png,required file,missing,FAIL,NOT_CHECKED,mechanical INPUT↔OUTPUT check,REPACK
area_19,m_official_knight_d,s_mon_official_knight_d,ICON,monsters/002_m_official_knight_d_정식기사_D/ICON/002_m_official_knight_d_s_mon_official_knight_d_ICON.png,required file,missing,FAIL,NOT_CHECKED,mechanical INPUT↔OUTPUT check,REPACK
area_19,m_official_knight_d,s_mon_official_knight_d,REFERENCE_VFX,monsters/002_m_official_knight_d_정식기사_D/REFERENCE/002_m_official_knight_d_s_mon_official_knight_d_REFERENCE_F00.png,required file,missing,FAIL,NOT_CHECKED,mechanical INPUT↔OUTPUT check,REPACK
area_19,m_official_knight_d,s_mon_official_knight_d,REFERENCE_VFX,monsters/002_m_official_knight_d_정식기사_D/REFERENCE/002_m_official_knight_d_s_mon_official_knight_d_REFERENCE_F01.png,required file,missing,FAIL,NOT_CHECKED,mechanical INPUT↔OUTPUT check,REPACK
area_19,m_official_knight_d,s_mon_official_knight_d,REFERENCE_VFX,monsters/002_m_official_knight_d_정식기사_D/REFERENCE/002_m_official_knight_d_s_mon_official_knight_d_REFERENCE_F02.png,required file,missing,FAIL,NOT_CHECKED,mechanical INPUT↔OUTPUT check,REPACK
area_19,m_official_knight_d,s_mon_official_knight_d,REFERENCE_VFX,monsters/002_m_official_knight_d_정식기사_D/REFERENCE/002_m_official_knight_d_s_mon_official_knight_d_REFERENCE_F03.png,required file,missing,FAIL,NOT_CHECKED,mechanical INPUT↔OUTPUT check,REPACK
area_19,m_official_knight_d,s_mon_official_knight_d,REFERENCE_VFX,monsters/002_m_official_knight_d_정식기사_D/REFERENCE/002_m_official_knight_d_s_mon_official_knight_d_REFERENCE_F04.png,required file,missing,FAIL,NOT_CHECKED,mechanical INPUT↔OUTPUT check,REPACK
area_19,m_official_knight_d,s_mon_official_knight_d,REFERENCE_VFX,monsters/002_m_official_knight_d_정식기사_D/REFERENCE/002_m_official_knight_d_s_mon_official_knight_d_REFERENCE_F05.png,required file,missing,FAIL,NOT_CHECKED,mechanical INPUT↔OUTPUT check,REPACK
area_19,m_advanced_knight_a,s_mon_advanced_knight_a,ICON,monsters/003_m_advanced_knight_a_상급기사_A/ICON/003_m_advanced_knight_a_s_mon_advanced_knight_a_ICON.png,required file,missing,FAIL,NOT_CHECKED,mechanical INPUT↔OUTPUT check,REPACK
area_19,m_advanced_knight_a,s_mon_advanced_knight_a,REFERENCE_VFX,monsters/003_m_advanced_knight_a_상급기사_A/REFERENCE/003_m_advanced_knight_a_s_mon_advanced_knight_a_REFERENCE_F00.png,required file,missing,FAIL,NOT_CHECKED,mechanical INPUT↔OUTPUT check,REPACK
area_19,m_advanced_knight_a,s_mon_advanced_knight_a,REFERENCE_VFX,monsters/003_m_advanced_knight_a_상급기사_A/REFERENCE/003_m_advanced_knight_a_s_mon_advanced_knight_a_REFERENCE_F01.png,required file,missing,FAIL,NOT_CHECKED,mechanical INPUT↔OUTPUT check,REPACK
area_19,m_advanced_knight_a,s_mon_advanced_knight_a,REFERENCE_VFX,monsters/003_m_advanced_knight_a_상급기사_A/REFERENCE/003_m_advanced_knight_a_s_mon_advanced_knight_a_REFERENCE_F02.png,required file,missing,FAIL,NOT_CHECKED,mechanical INPUT↔OUTPUT check,REPACK
area_19,m_advanced_knight_a,s_mon_advanced_knight_a,REFERENCE_VFX,monsters/003_m_advanced_knight_a_상급기사_A/REFERENCE/003_m_advanced_knight_a_s_mon_advanced_knight_a_REFERENCE_F03.png,required file,missing,FAIL,NOT_CHECKED,mechanical INPUT↔OUTPUT check,REPACK
area_19,m_advanced_knight_a,s_mon_advanced_knight_a,REFERENCE_VFX,monsters/003_m_advanced_knight_a_상급기사_A/REFERENCE/003_m_advanced_knight_a_s_mon_advanced_knight_a_REFERENCE_F04.png,required file,missing,FAIL,NOT_CHECKED,mechanical INPUT↔OUTPUT check,REPACK
area_19,m_advanced_knight_a,s_mon_advanced_knight_a,REFERENCE_VFX,monsters/003_m_advanced_knight_a_상급기사_A/REFERENCE/003_m_advanced_knight_a_s_mon_advanced_knight_a_REFERENCE_F05.png,required file,missing,FAIL,NOT_CHECKED,mechanical INPUT↔OUTPUT check,REPACK
area_19,m_advanced_knight_b,s_mon_advanced_knight_b,ICON,monsters/004_m_advanced_knight_b_상급기사_B/ICON/004_m_advanced_knight_b_s_mon_advanced_knight_b_ICON.png,required file,missing,FAIL,NOT_CHECKED,mechanical INPUT↔OUTPUT check,REPACK
area_19,m_advanced_knight_b,s_mon_advanced_knight_b,CAST_VFX,monsters/004_m_advanced_knight_b_상급기사_B/CAST/004_m_advanced_knight_b_s_mon_advanced_knight_b_CAST_F00.png,required file,missing,FAIL,NOT_CHECKED,mechanical INPUT↔OUTPUT check,REPACK
area_19,m_advanced_knight_b,s_mon_advanced_knight_b,CAST_VFX,monsters/004_m_advanced_knight_b_상급기사_B/CAST/004_m_advanced_knight_b_s_mon_advanced_knight_b_CAST_F01.png,required file,missing,FAIL,NOT_CHECKED,mechanical INPUT↔OUTPUT check,REPACK
area_19,m_advanced_knight_b,s_mon_advanced_knight_b,CAST_VFX,monsters/004_m_advanced_knight_b_상급기사_B/CAST/004_m_advanced_knight_b_s_mon_advanced_knight_b_CAST_F02.png,required file,missing,FAIL,NOT_CHECKED,mechanical INPUT↔OUTPUT check,REPACK
area_19,m_advanced_knight_b,s_mon_advanced_knight_b,CAST_VFX,monsters/004_m_advanced_knight_b_상급기사_B/CAST/004_m_advanced_knight_b_s_mon_advanced_knight_b_CAST_F03.png,required file,missing,FAIL,NOT_CHECKED,mechanical INPUT↔OUTPUT check,REPACK
area_19,m_advanced_knight_b,s_mon_advanced_knight_b,CAST_VFX,monsters/004_m_advanced_knight_b_상급기사_B/CAST/004_m_advanced_knight_b_s_mon_advanced_knight_b_CAST_F04.png,required file,missing,FAIL,NOT_CHECKED,mechanical INPUT↔OUTPUT check,REPACK
area_19,m_advanced_knight_b,s_mon_advanced_knight_b,CAST_VFX,monsters/004_m_advanced_knight_b_상급기사_B/CAST/004_m_advanced_knight_b_s_mon_advanced_knight_b_CAST_F05.png,required file,missing,FAIL,NOT_CHECKED,mechanical INPUT↔OUTPUT check,REPACK
area_19,m_advanced_knight_b,s_mon_advanced_knight_b,CAST_VFX,monsters/004_m_advanced_knight_b_상급기사_B/CAST/004_m_advanced_knight_b_s_mon_advanced_knight_b_CAST_F06.png,required file,missing,FAIL,NOT_CHECKED,mechanical INPUT↔OUTPUT check,REPACK
area_19,m_advanced_knight_b,s_mon_advanced_knight_b,CAST_VFX,monsters/004_m_advanced_knight_b_상급기사_B/CAST/004_m_advanced_knight_b_s_mon_advanced_knight_b_CAST_F07.png,required file,missing,FAIL,NOT_CHECKED,mechanical INPUT↔OUTPUT check,REPACK
area_19,m_cygnus,s_mon_cygnus,ICON,monsters/005_m_cygnus_시그너스/ICON/005_m_cygnus_s_mon_cygnus_ICON.png,required file,missing,FAIL,NOT_CHECKED,mechanical INPUT↔OUTPUT check,REPACK
area_19,m_cygnus,s_mon_cygnus,CAST_VFX,monsters/005_m_cygnus_시그너스/CAST/005_m_cygnus_s_mon_cygnus_CAST_F00.png,required file,missing,FAIL,NOT_CHECKED,mechanical INPUT↔OUTPUT check,REPACK
area_19,m_cygnus,s_mon_cygnus,CAST_VFX,monsters/005_m_cygnus_시그너스/CAST/005_m_cygnus_s_mon_cygnus_CAST_F01.png,required file,missing,FAIL,NOT_CHECKED,mechanical INPUT↔OUTPUT check,REPACK
area_19,m_cygnus,s_mon_cygnus,CAST_VFX,monsters/005_m_cygnus_시그너스/CAST/005_m_cygnus_s_mon_cygnus_CAST_F02.png,required file,missing,FAIL,NOT_CHECKED,mechanical INPUT↔OUTPUT check,REPACK
area_19,m_cygnus,s_mon_cygnus,CAST_VFX,monsters/005_m_cygnus_시그너스/CAST/005_m_cygnus_s_mon_cygnus_CAST_F03.png,required file,missing,FAIL,NOT_CHECKED,mechanical INPUT↔OUTPUT check,REPACK
area_19,m_cygnus,s_mon_cygnus,CAST_VFX,monsters/005_m_cygnus_시그너스/CAST/005_m_cygnus_s_mon_cygnus_CAST_F04.png,required file,missing,FAIL,NOT_CHECKED,mechanical INPUT↔OUTPUT check,REPACK
area_19,m_cygnus,s_mon_cygnus,CAST_VFX,monsters/005_m_cygnus_시그너스/CAST/005_m_cygnus_s_mon_cygnus_CAST_F05.png,required file,missing,FAIL,NOT_CHECKED,mechanical INPUT↔OUTPUT check,REPACK
area_19,m_cygnus,s_mon_cygnus,CAST_VFX,monsters/005_m_cygnus_시그너스/CAST/005_m_cygnus_s_mon_cygnus_CAST_F06.png,required file,missing,FAIL,NOT_CHECKED,mechanical INPUT↔OUTPUT check,REPACK
area_19,m_cygnus,s_mon_cygnus,CAST_VFX,monsters/005_m_cygnus_시그너스/CAST/005_m_cygnus_s_mon_cygnus_CAST_F07.png,required file,missing,FAIL,NOT_CHECKED,mechanical INPUT↔OUTPUT check,REPACK
area_19,m_cygnus,s_mon_cygnus,CAST_VFX,monsters/005_m_cygnus_시그너스/CAST/005_m_cygnus_s_mon_cygnus_CAST_F08.png,required file,missing,FAIL,NOT_CHECKED,mechanical INPUT↔OUTPUT check,REPACK
area_19,m_cygnus,s_mon_cygnus,CAST_VFX,monsters/005_m_cygnus_시그너스/CAST/005_m_cygnus_s_mon_cygnus_CAST_F09.png,required file,missing,FAIL,NOT_CHECKED,mechanical INPUT↔OUTPUT check,REPACK
area_19,m_cygnus,s_mon_cygnus,CAST_VFX,monsters/005_m_cygnus_시그너스/CAST/005_m_cygnus_s_mon_cygnus_CAST_F10.png,required file,missing,FAIL,NOT_CHECKED,mechanical INPUT↔OUTPUT check,REPACK
area_19,m_cygnus,s_mon_cygnus,CAST_VFX,monsters/005_m_cygnus_시그너스/CAST/005_m_cygnus_s_mon_cygnus_CAST_F11.png,required file,missing,FAIL,NOT_CHECKED,mechanical INPUT↔OUTPUT check,REPACK
area_19,,,UNEXPECTED,CAST/001_m_official_knight_c_s_mon_official_knight_c_CAST_F00.png,no extra role PNG,unexpected role file,FAIL,NOT_CHECKED,mechanical INPUT↔OUTPUT check,REPACK
area_19,,,UNEXPECTED,CAST/001_m_official_knight_c_s_mon_official_knight_c_CAST_F01.png,no extra role PNG,unexpected role file,FAIL,NOT_CHECKED,mechanical INPUT↔OUTPUT check,REPACK
area_19,,,UNEXPECTED,CAST/001_m_official_knight_c_s_mon_official_knight_c_CAST_F02.png,no extra role PNG,unexpected role file,FAIL,NOT_CHECKED,mechanical INPUT↔OUTPUT check,REPACK
area_19,,,UNEXPECTED,CAST/001_m_official_knight_c_s_mon_official_knight_c_CAST_F03.png,no extra role PNG,unexpected role file,FAIL,NOT_CHECKED,mechanical INPUT↔OUTPUT check,REPACK
area_19,,,UNEXPECTED,CAST/001_m_official_knight_c_s_mon_official_knight_c_CAST_F04.png,no extra role PNG,unexpected role file,FAIL,NOT_CHECKED,mechanical INPUT↔OUTPUT check,REPACK
area_19,,,UNEXPECTED,CAST/001_m_official_knight_c_s_mon_official_knight_c_CAST_F05.png,no extra role PNG,unexpected role file,FAIL,NOT_CHECKED,mechanical INPUT↔OUTPUT check,REPACK
area_19,,,UNEXPECTED,CAST/001_m_official_knight_c_s_mon_official_knight_c_CAST_F06.png,no extra role PNG,unexpected role file,FAIL,NOT_CHECKED,mechanical INPUT↔OUTPUT check,REPACK
area_19,,,UNEXPECTED,CAST/001_m_official_knight_c_s_mon_official_knight_c_CAST_F07.png,no extra role PNG,unexpected role file,FAIL,NOT_CHECKED,mechanical INPUT↔OUTPUT check,REPACK
area_19,,,UNEXPECTED,CAST/004_m_advanced_knight_b_s_mon_advanced_knight_b_CAST_F00.png,no extra role PNG,unexpected role file,FAIL,NOT_CHECKED,mechanical INPUT↔OUTPUT check,REPACK
area_19,,,UNEXPECTED,CAST/004_m_advanced_knight_b_s_mon_advanced_knight_b_CAST_F01.png,no extra role PNG,unexpected role file,FAIL,NOT_CHECKED,mechanical INPUT↔OUTPUT check,REPACK
area_19,,,UNEXPECTED,CAST/004_m_advanced_knight_b_s_mon_advanced_knight_b_CAST_F02.png,no extra role PNG,unexpected role file,FAIL,NOT_CHECKED,mechanical INPUT↔OUTPUT check,REPACK
area_19,,,UNEXPECTED,CAST/004_m_advanced_knight_b_s_mon_advanced_knight_b_CAST_F03.png,no extra role PNG,unexpected role file,FAIL,NOT_CHECKED,mechanical INPUT↔OUTPUT check,REPACK
area_19,,,UNEXPECTED,CAST/004_m_advanced_knight_b_s_mon_advanced_knight_b_CAST_F04.png,no extra role PNG,unexpected role file,FAIL,NOT_CHECKED,mechanical INPUT↔OUTPUT check,REPACK
area_19,,,UNEXPECTED,CAST/004_m_advanced_knight_b_s_mon_advanced_knight_b_CAST_F05.png,no extra role PNG,unexpected role file,FAIL,NOT_CHECKED,mechanical INPUT↔OUTPUT check,REPACK
area_19,,,UNEXPECTED,CAST/004_m_advanced_knight_b_s_mon_advanced_knight_b_CAST_F06.png,no extra role PNG,unexpected role file,FAIL,NOT_CHECKED,mechanical INPUT↔OUTPUT check,REPACK
area_19,,,UNEXPECTED,CAST/004_m_advanced_knight_b_s_mon_advanced_knight_b_CAST_F07.png,no extra role PNG,unexpected role file,FAIL,NOT_CHECKED,mechanical INPUT↔OUTPUT check,REPACK
area_19,,,UNEXPECTED,CAST/005_m_cygnus_s_mon_cygnus_CAST_F00.png,no extra role PNG,unexpected role file,FAIL,NOT_CHECKED,mechanical INPUT↔OUTPUT check,REPACK
area_19,,,UNEXPECTED,CAST/005_m_cygnus_s_mon_cygnus_CAST_F01.png,no extra role PNG,unexpected role file,FAIL,NOT_CHECKED,mechanical INPUT↔OUTPUT check,REPACK
area_19,,,UNEXPECTED,CAST/005_m_cygnus_s_mon_cygnus_CAST_F02.png,no extra role PNG,unexpected role file,FAIL,NOT_CHECKED,mechanical INPUT↔OUTPUT check,REPACK
area_19,,,UNEXPECTED,CAST/005_m_cygnus_s_mon_cygnus_CAST_F03.png,no extra role PNG,unexpected role file,FAIL,NOT_CHECKED,mechanical INPUT↔OUTPUT check,REPACK
area_19,,,UNEXPECTED,CAST/005_m_cygnus_s_mon_cygnus_CAST_F04.png,no extra role PNG,unexpected role file,FAIL,NOT_CHECKED,mechanical INPUT↔OUTPUT check,REPACK
area_19,,,UNEXPECTED,CAST/005_m_cygnus_s_mon_cygnus_CAST_F05.png,no extra role PNG,unexpected role file,FAIL,NOT_CHECKED,mechanical INPUT↔OUTPUT check,REPACK
area_19,,,UNEXPECTED,CAST/005_m_cygnus_s_mon_cygnus_CAST_F06.png,no extra role PNG,unexpected role file,FAIL,NOT_CHECKED,mechanical INPUT↔OUTPUT check,REPACK
area_19,,,UNEXPECTED,CAST/005_m_cygnus_s_mon_cygnus_CAST_F07.png,no extra role PNG,unexpected role file,FAIL,NOT_CHECKED,mechanical INPUT↔OUTPUT check,REPACK
area_19,,,UNEXPECTED,CAST/005_m_cygnus_s_mon_cygnus_CAST_F08.png,no extra role PNG,unexpected role file,FAIL,NOT_CHECKED,mechanical INPUT↔OUTPUT check,REPACK
area_19,,,UNEXPECTED,CAST/005_m_cygnus_s_mon_cygnus_CAST_F09.png,no extra role PNG,unexpected role file,FAIL,NOT_CHECKED,mechanical INPUT↔OUTPUT check,REPACK
area_19,,,UNEXPECTED,CAST/005_m_cygnus_s_mon_cygnus_CAST_F10.png,no extra role PNG,unexpected role file,FAIL,NOT_CHECKED,mechanical INPUT↔OUTPUT check,REPACK
area_19,,,UNEXPECTED,CAST/005_m_cygnus_s_mon_cygnus_CAST_F11.png,no extra role PNG,unexpected role file,FAIL,NOT_CHECKED,mechanical INPUT↔OUTPUT check,REPACK
area_19,,,UNEXPECTED,ICON/001_m_official_knight_c_s_mon_official_knight_c_ICON.png,no extra role PNG,unexpected role file,FAIL,NOT_CHECKED,mechanical INPUT↔OUTPUT check,REPACK
area_19,,,UNEXPECTED,ICON/002_m_official_knight_d_s_mon_official_knight_d_ICON.png,no extra role PNG,unexpected role file,FAIL,NOT_CHECKED,mechanical INPUT↔OUTPUT check,REPACK
area_19,,,UNEXPECTED,ICON/003_m_advanced_knight_a_s_mon_advanced_knight_a_ICON.png,no extra role PNG,unexpected role file,FAIL,NOT_CHECKED,mechanical INPUT↔OUTPUT check,REPACK
area_19,,,UNEXPECTED,ICON/004_m_advanced_knight_b_s_mon_advanced_knight_b_ICON.png,no extra role PNG,unexpected role file,FAIL,NOT_CHECKED,mechanical INPUT↔OUTPUT check,REPACK
area_19,,,UNEXPECTED,ICON/005_m_cygnus_s_mon_cygnus_ICON.png,no extra role PNG,unexpected role file,FAIL,NOT_CHECKED,mechanical INPUT↔OUTPUT check,REPACK
area_19,,,UNEXPECTED,REFERENCE/002_m_official_knight_d_s_mon_official_knight_d_REFERENCE_F00.png,no extra role PNG,unexpected role file,FAIL,NOT_CHECKED,mechanical INPUT↔OUTPUT check,REPACK
area_19,,,UNEXPECTED,REFERENCE/002_m_official_knight_d_s_mon_official_knight_d_REFERENCE_F01.png,no extra role PNG,unexpected role file,FAIL,NOT_CHECKED,mechanical INPUT↔OUTPUT check,REPACK
area_19,,,UNEXPECTED,REFERENCE/002_m_official_knight_d_s_mon_official_knight_d_REFERENCE_F02.png,no extra role PNG,unexpected role file,FAIL,NOT_CHECKED,mechanical INPUT↔OUTPUT check,REPACK
area_19,,,UNEXPECTED,REFERENCE/002_m_official_knight_d_s_mon_official_knight_d_REFERENCE_F03.png,no extra role PNG,unexpected role file,FAIL,NOT_CHECKED,mechanical INPUT↔OUTPUT check,REPACK
area_19,,,UNEXPECTED,REFERENCE/002_m_official_knight_d_s_mon_official_knight_d_REFERENCE_F04.png,no extra role PNG,unexpected role file,FAIL,NOT_CHECKED,mechanical INPUT↔OUTPUT check,REPACK
area_19,,,UNEXPECTED,REFERENCE/002_m_official_knight_d_s_mon_official_knight_d_REFERENCE_F05.png,no extra role PNG,unexpected role file,FAIL,NOT_CHECKED,mechanical INPUT↔OUTPUT check,REPACK
area_19,,,UNEXPECTED,REFERENCE/003_m_advanced_knight_a_s_mon_advanced_knight_a_REFERENCE_F00.png,no extra role PNG,unexpected role file,FAIL,NOT_CHECKED,mechanical INPUT↔OUTPUT check,REPACK
area_19,,,UNEXPECTED,REFERENCE/003_m_advanced_knight_a_s_mon_advanced_knight_a_REFERENCE_F01.png,no extra role PNG,unexpected role file,FAIL,NOT_CHECKED,mechanical INPUT↔OUTPUT check,REPACK
area_19,,,UNEXPECTED,REFERENCE/003_m_advanced_knight_a_s_mon_advanced_knight_a_REFERENCE_F02.png,no extra role PNG,unexpected role file,FAIL,NOT_CHECKED,mechanical INPUT↔OUTPUT check,REPACK
area_19,,,UNEXPECTED,REFERENCE/003_m_advanced_knight_a_s_mon_advanced_knight_a_REFERENCE_F03.png,no extra role PNG,unexpected role file,FAIL,NOT_CHECKED,mechanical INPUT↔OUTPUT check,REPACK
area_19,,,UNEXPECTED,REFERENCE/003_m_advanced_knight_a_s_mon_advanced_knight_a_REFERENCE_F04.png,no extra role PNG,unexpected role file,FAIL,NOT_CHECKED,mechanical INPUT↔OUTPUT check,REPACK
area_19,,,UNEXPECTED,REFERENCE/003_m_advanced_knight_a_s_mon_advanced_knight_a_REFERENCE_F05.png,no extra role PNG,unexpected role file,FAIL,NOT_CHECKED,mechanical INPUT↔OUTPUT check,REPACK
area_19,m_official_knight_c,s_mon_official_knight_c,RESULT_INFO,monsters/001_m_official_knight_c_정식기사_C/RESULT_INFO.md,required,missing,FAIL,NOT_CHECKED,mechanical INPUT↔OUTPUT check,REPACK
area_19,m_official_knight_c,s_mon_official_knight_c,PREVIEW,monsters/001_m_official_knight_c_정식기사_C/PREVIEW/labeled_preview.png,required labeled preview,missing,FAIL,NOT_CHECKED,mechanical INPUT↔OUTPUT check,REPACK
area_19,m_official_knight_d,s_mon_official_knight_d,RESULT_INFO,monsters/002_m_official_knight_d_정식기사_D/RESULT_INFO.md,required,missing,FAIL,NOT_CHECKED,mechanical INPUT↔OUTPUT check,REPACK
area_19,m_official_knight_d,s_mon_official_knight_d,PREVIEW,monsters/002_m_official_knight_d_정식기사_D/PREVIEW/labeled_preview.png,required labeled preview,missing,FAIL,NOT_CHECKED,mechanical INPUT↔OUTPUT check,REPACK
area_19,m_advanced_knight_a,s_mon_advanced_knight_a,RESULT_INFO,monsters/003_m_advanced_knight_a_상급기사_A/RESULT_INFO.md,required,missing,FAIL,NOT_CHECKED,mechanical INPUT↔OUTPUT check,REPACK
area_19,m_advanced_knight_a,s_mon_advanced_knight_a,PREVIEW,monsters/003_m_advanced_knight_a_상급기사_A/PREVIEW/labeled_preview.png,required labeled preview,missing,FAIL,NOT_CHECKED,mechanical INPUT↔OUTPUT check,REPACK
area_19,m_advanced_knight_b,s_mon_advanced_knight_b,RESULT_INFO,monsters/004_m_advanced_knight_b_상급기사_B/RESULT_INFO.md,required,missing,FAIL,NOT_CHECKED,mechanical INPUT↔OUTPUT check,REPACK
area_19,m_advanced_knight_b,s_mon_advanced_knight_b,PREVIEW,monsters/004_m_advanced_knight_b_상급기사_B/PREVIEW/labeled_preview.png,required labeled preview,missing,FAIL,NOT_CHECKED,mechanical INPUT↔OUTPUT check,REPACK
area_19,m_cygnus,s_mon_cygnus,RESULT_INFO,monsters/005_m_cygnus_시그너스/RESULT_INFO.md,required,missing,FAIL,NOT_CHECKED,mechanical INPUT↔OUTPUT check,REPACK
area_19,m_cygnus,s_mon_cygnus,PREVIEW,monsters/005_m_cygnus_시그너스/PREVIEW/labeled_preview.png,required labeled preview,missing,FAIL,NOT_CHECKED,mechanical INPUT↔OUTPUT check,REPACK
area_20,m_mutant_dark_stump,s_mon_mutant_dark_stump,ICON,monsters/001_m_mutant_dark_stump_변형된_다크_스텀프/ICON/001_m_mutant_dark_stump_s_mon_mutant_dark_stump_ICON.png,required file,missing,FAIL,NOT_CHECKED,mechanical INPUT↔OUTPUT check,REPACK
area_20,m_mutant_dark_stump,s_mon_mutant_dark_stump,REFERENCE_VFX,monsters/001_m_mutant_dark_stump_변형된_다크_스텀프/REFERENCE/001_m_mutant_dark_stump_s_mon_mutant_dark_stump_REFERENCE_F00.png,required file,missing,FAIL,NOT_CHECKED,mechanical INPUT↔OUTPUT check,REPACK
area_20,m_mutant_dark_stump,s_mon_mutant_dark_stump,REFERENCE_VFX,monsters/001_m_mutant_dark_stump_변형된_다크_스텀프/REFERENCE/001_m_mutant_dark_stump_s_mon_mutant_dark_stump_REFERENCE_F01.png,required file,missing,FAIL,NOT_CHECKED,mechanical INPUT↔OUTPUT check,REPACK
area_20,m_mutant_dark_stump,s_mon_mutant_dark_stump,REFERENCE_VFX,monsters/001_m_mutant_dark_stump_변형된_다크_스텀프/REFERENCE/001_m_mutant_dark_stump_s_mon_mutant_dark_stump_REFERENCE_F02.png,required file,missing,FAIL,NOT_CHECKED,mechanical INPUT↔OUTPUT check,REPACK
area_20,m_mutant_dark_stump,s_mon_mutant_dark_stump,REFERENCE_VFX,monsters/001_m_mutant_dark_stump_변형된_다크_스텀프/REFERENCE/001_m_mutant_dark_stump_s_mon_mutant_dark_stump_REFERENCE_F03.png,required file,missing,FAIL,NOT_CHECKED,mechanical INPUT↔OUTPUT check,REPACK
area_20,m_mutant_dark_stump,s_mon_mutant_dark_stump,REFERENCE_VFX,monsters/001_m_mutant_dark_stump_변형된_다크_스텀프/REFERENCE/001_m_mutant_dark_stump_s_mon_mutant_dark_stump_REFERENCE_F04.png,required file,missing,FAIL,NOT_CHECKED,mechanical INPUT↔OUTPUT check,REPACK
area_20,m_mutant_dark_stump,s_mon_mutant_dark_stump,REFERENCE_VFX,monsters/001_m_mutant_dark_stump_변형된_다크_스텀프/REFERENCE/001_m_mutant_dark_stump_s_mon_mutant_dark_stump_REFERENCE_F05.png,required file,missing,FAIL,NOT_CHECKED,mechanical INPUT↔OUTPUT check,REPACK
area_20,m_mutant_iron_hog,s_mon_mutant_iron_hog,ICON,monsters/002_m_mutant_iron_hog_변형된_아이언호그/ICON/002_m_mutant_iron_hog_s_mon_mutant_iron_hog_ICON.png,required file,missing,FAIL,NOT_CHECKED,mechanical INPUT↔OUTPUT check,REPACK
area_20,m_mutant_iron_hog,s_mon_mutant_iron_hog,CAST_VFX,monsters/002_m_mutant_iron_hog_변형된_아이언호그/CAST/002_m_mutant_iron_hog_s_mon_mutant_iron_hog_CAST_F00.png,required file,missing,FAIL,NOT_CHECKED,mechanical INPUT↔OUTPUT check,REPACK
area_20,m_mutant_iron_hog,s_mon_mutant_iron_hog,CAST_VFX,monsters/002_m_mutant_iron_hog_변형된_아이언호그/CAST/002_m_mutant_iron_hog_s_mon_mutant_iron_hog_CAST_F01.png,required file,missing,FAIL,NOT_CHECKED,mechanical INPUT↔OUTPUT check,REPACK
area_20,m_mutant_iron_hog,s_mon_mutant_iron_hog,CAST_VFX,monsters/002_m_mutant_iron_hog_변형된_아이언호그/CAST/002_m_mutant_iron_hog_s_mon_mutant_iron_hog_CAST_F02.png,required file,missing,FAIL,NOT_CHECKED,mechanical INPUT↔OUTPUT check,REPACK
area_20,m_mutant_iron_hog,s_mon_mutant_iron_hog,CAST_VFX,monsters/002_m_mutant_iron_hog_변형된_아이언호그/CAST/002_m_mutant_iron_hog_s_mon_mutant_iron_hog_CAST_F03.png,required file,missing,FAIL,NOT_CHECKED,mechanical INPUT↔OUTPUT check,REPACK
area_20,m_mutant_iron_hog,s_mon_mutant_iron_hog,CAST_VFX,monsters/002_m_mutant_iron_hog_변형된_아이언호그/CAST/002_m_mutant_iron_hog_s_mon_mutant_iron_hog_CAST_F04.png,required file,missing,FAIL,NOT_CHECKED,mechanical INPUT↔OUTPUT check,REPACK
area_20,m_mutant_iron_hog,s_mon_mutant_iron_hog,CAST_VFX,monsters/002_m_mutant_iron_hog_변형된_아이언호그/CAST/002_m_mutant_iron_hog_s_mon_mutant_iron_hog_CAST_F05.png,required file,missing,FAIL,NOT_CHECKED,mechanical INPUT↔OUTPUT check,REPACK
area_20,m_mutant_iron_hog,s_mon_mutant_iron_hog,CAST_VFX,monsters/002_m_mutant_iron_hog_변형된_아이언호그/CAST/002_m_mutant_iron_hog_s_mon_mutant_iron_hog_CAST_F06.png,required file,missing,FAIL,NOT_CHECKED,mechanical INPUT↔OUTPUT check,REPACK
area_20,m_mutant_iron_hog,s_mon_mutant_iron_hog,CAST_VFX,monsters/002_m_mutant_iron_hog_변형된_아이언호그/CAST/002_m_mutant_iron_hog_s_mon_mutant_iron_hog_CAST_F07.png,required file,missing,FAIL,NOT_CHECKED,mechanical INPUT↔OUTPUT check,REPACK
area_20,m_mutant_stone_mask,s_mon_mutant_stone_mask,ICON,monsters/003_m_mutant_stone_mask_변형된_스톤마스크/ICON/003_m_mutant_stone_mask_s_mon_mutant_stone_mask_ICON.png,required file,missing,FAIL,NOT_CHECKED,mechanical INPUT↔OUTPUT check,REPACK
area_20,m_mutant_stone_mask,s_mon_mutant_stone_mask,REFERENCE_VFX,monsters/003_m_mutant_stone_mask_변형된_스톤마스크/REFERENCE/003_m_mutant_stone_mask_s_mon_mutant_stone_mask_REFERENCE_F00.png,required file,missing,FAIL,NOT_CHECKED,mechanical INPUT↔OUTPUT check,REPACK
area_20,m_mutant_stone_mask,s_mon_mutant_stone_mask,REFERENCE_VFX,monsters/003_m_mutant_stone_mask_변형된_스톤마스크/REFERENCE/003_m_mutant_stone_mask_s_mon_mutant_stone_mask_REFERENCE_F01.png,required file,missing,FAIL,NOT_CHECKED,mechanical INPUT↔OUTPUT check,REPACK
area_20,m_mutant_stone_mask,s_mon_mutant_stone_mask,REFERENCE_VFX,monsters/003_m_mutant_stone_mask_변형된_스톤마스크/REFERENCE/003_m_mutant_stone_mask_s_mon_mutant_stone_mask_REFERENCE_F02.png,required file,missing,FAIL,NOT_CHECKED,mechanical INPUT↔OUTPUT check,REPACK
area_20,m_mutant_stone_mask,s_mon_mutant_stone_mask,REFERENCE_VFX,monsters/003_m_mutant_stone_mask_변형된_스톤마스크/REFERENCE/003_m_mutant_stone_mask_s_mon_mutant_stone_mask_REFERENCE_F03.png,required file,missing,FAIL,NOT_CHECKED,mechanical INPUT↔OUTPUT check,REPACK
area_20,m_mutant_stone_mask,s_mon_mutant_stone_mask,REFERENCE_VFX,monsters/003_m_mutant_stone_mask_변형된_스톤마스크/REFERENCE/003_m_mutant_stone_mask_s_mon_mutant_stone_mask_REFERENCE_F04.png,required file,missing,FAIL,NOT_CHECKED,mechanical INPUT↔OUTPUT check,REPACK
area_20,m_mutant_stone_mask,s_mon_mutant_stone_mask,REFERENCE_VFX,monsters/003_m_mutant_stone_mask_변형된_스톤마스크/REFERENCE/003_m_mutant_stone_mask_s_mon_mutant_stone_mask_REFERENCE_F05.png,required file,missing,FAIL,NOT_CHECKED,mechanical INPUT↔OUTPUT check,REPACK
area_20,m_ancient_dark_golem,s_mon_ancient_dark_golem,ICON,monsters/004_m_ancient_dark_golem_에인션트_다크골렘/ICON/004_m_ancient_dark_golem_s_mon_ancient_dark_golem_ICON.png,required file,missing,FAIL,NOT_CHECKED,mechanical INPUT↔OUTPUT check,REPACK
area_20,m_ancient_dark_golem,s_mon_ancient_dark_golem,CAST_VFX,monsters/004_m_ancient_dark_golem_에인션트_다크골렘/CAST/004_m_ancient_dark_golem_s_mon_ancient_dark_golem_CAST_F00.png,required file,missing,FAIL,NOT_CHECKED,mechanical INPUT↔OUTPUT check,REPACK
area_20,m_ancient_dark_golem,s_mon_ancient_dark_golem,CAST_VFX,monsters/004_m_ancient_dark_golem_에인션트_다크골렘/CAST/004_m_ancient_dark_golem_s_mon_ancient_dark_golem_CAST_F01.png,required file,missing,FAIL,NOT_CHECKED,mechanical INPUT↔OUTPUT check,REPACK
area_20,m_ancient_dark_golem,s_mon_ancient_dark_golem,CAST_VFX,monsters/004_m_ancient_dark_golem_에인션트_다크골렘/CAST/004_m_ancient_dark_golem_s_mon_ancient_dark_golem_CAST_F02.png,required file,missing,FAIL,NOT_CHECKED,mechanical INPUT↔OUTPUT check,REPACK
area_20,m_ancient_dark_golem,s_mon_ancient_dark_golem,CAST_VFX,monsters/004_m_ancient_dark_golem_에인션트_다크골렘/CAST/004_m_ancient_dark_golem_s_mon_ancient_dark_golem_CAST_F03.png,required file,missing,FAIL,NOT_CHECKED,mechanical INPUT↔OUTPUT check,REPACK
area_20,m_ancient_dark_golem,s_mon_ancient_dark_golem,CAST_VFX,monsters/004_m_ancient_dark_golem_에인션트_다크골렘/CAST/004_m_ancient_dark_golem_s_mon_ancient_dark_golem_CAST_F04.png,required file,missing,FAIL,NOT_CHECKED,mechanical INPUT↔OUTPUT check,REPACK
area_20,m_ancient_dark_golem,s_mon_ancient_dark_golem,CAST_VFX,monsters/004_m_ancient_dark_golem_에인션트_다크골렘/CAST/004_m_ancient_dark_golem_s_mon_ancient_dark_golem_CAST_F05.png,required file,missing,FAIL,NOT_CHECKED,mechanical INPUT↔OUTPUT check,REPACK
area_20,m_ancient_dark_golem,s_mon_ancient_dark_golem,CAST_VFX,monsters/004_m_ancient_dark_golem_에인션트_다크골렘/CAST/004_m_ancient_dark_golem_s_mon_ancient_dark_golem_CAST_F06.png,required file,missing,FAIL,NOT_CHECKED,mechanical INPUT↔OUTPUT check,REPACK
area_20,m_ancient_dark_golem,s_mon_ancient_dark_golem,CAST_VFX,monsters/004_m_ancient_dark_golem_에인션트_다크골렘/CAST/004_m_ancient_dark_golem_s_mon_ancient_dark_golem_CAST_F07.png,required file,missing,FAIL,NOT_CHECKED,mechanical INPUT↔OUTPUT check,REPACK
area_20,m_mutant_stumpy,s_mon_mutant_stumpy,ICON,monsters/005_m_mutant_stumpy_변형된_스텀피/ICON/005_m_mutant_stumpy_s_mon_mutant_stumpy_ICON.png,required file,missing,FAIL,NOT_CHECKED,mechanical INPUT↔OUTPUT check,REPACK
area_20,m_mutant_stumpy,s_mon_mutant_stumpy,CAST_VFX,monsters/005_m_mutant_stumpy_변형된_스텀피/CAST/005_m_mutant_stumpy_s_mon_mutant_stumpy_CAST_F00.png,required file,missing,FAIL,NOT_CHECKED,mechanical INPUT↔OUTPUT check,REPACK
area_20,m_mutant_stumpy,s_mon_mutant_stumpy,CAST_VFX,monsters/005_m_mutant_stumpy_변형된_스텀피/CAST/005_m_mutant_stumpy_s_mon_mutant_stumpy_CAST_F01.png,required file,missing,FAIL,NOT_CHECKED,mechanical INPUT↔OUTPUT check,REPACK
area_20,m_mutant_stumpy,s_mon_mutant_stumpy,CAST_VFX,monsters/005_m_mutant_stumpy_변형된_스텀피/CAST/005_m_mutant_stumpy_s_mon_mutant_stumpy_CAST_F02.png,required file,missing,FAIL,NOT_CHECKED,mechanical INPUT↔OUTPUT check,REPACK
area_20,m_mutant_stumpy,s_mon_mutant_stumpy,CAST_VFX,monsters/005_m_mutant_stumpy_변형된_스텀피/CAST/005_m_mutant_stumpy_s_mon_mutant_stumpy_CAST_F03.png,required file,missing,FAIL,NOT_CHECKED,mechanical INPUT↔OUTPUT check,REPACK
area_20,m_mutant_stumpy,s_mon_mutant_stumpy,CAST_VFX,monsters/005_m_mutant_stumpy_변형된_스텀피/CAST/005_m_mutant_stumpy_s_mon_mutant_stumpy_CAST_F04.png,required file,missing,FAIL,NOT_CHECKED,mechanical INPUT↔OUTPUT check,REPACK
area_20,m_mutant_stumpy,s_mon_mutant_stumpy,CAST_VFX,monsters/005_m_mutant_stumpy_변형된_스텀피/CAST/005_m_mutant_stumpy_s_mon_mutant_stumpy_CAST_F05.png,required file,missing,FAIL,NOT_CHECKED,mechanical INPUT↔OUTPUT check,REPACK
area_20,m_mutant_stumpy,s_mon_mutant_stumpy,CAST_VFX,monsters/005_m_mutant_stumpy_변형된_스텀피/CAST/005_m_mutant_stumpy_s_mon_mutant_stumpy_CAST_F06.png,required file,missing,FAIL,NOT_CHECKED,mechanical INPUT↔OUTPUT check,REPACK
area_20,m_mutant_stumpy,s_mon_mutant_stumpy,CAST_VFX,monsters/005_m_mutant_stumpy_변형된_스텀피/CAST/005_m_mutant_stumpy_s_mon_mutant_stumpy_CAST_F07.png,required file,missing,FAIL,NOT_CHECKED,mechanical INPUT↔OUTPUT check,REPACK
area_20,m_mutant_stumpy,s_mon_mutant_stumpy,CAST_VFX,monsters/005_m_mutant_stumpy_변형된_스텀피/CAST/005_m_mutant_stumpy_s_mon_mutant_stumpy_CAST_F08.png,required file,missing,FAIL,NOT_CHECKED,mechanical INPUT↔OUTPUT check,REPACK
area_20,m_mutant_stumpy,s_mon_mutant_stumpy,CAST_VFX,monsters/005_m_mutant_stumpy_변형된_스텀피/CAST/005_m_mutant_stumpy_s_mon_mutant_stumpy_CAST_F09.png,required file,missing,FAIL,NOT_CHECKED,mechanical INPUT↔OUTPUT check,REPACK
area_20,m_mutant_stumpy,s_mon_mutant_stumpy,CAST_VFX,monsters/005_m_mutant_stumpy_변형된_스텀피/CAST/005_m_mutant_stumpy_s_mon_mutant_stumpy_CAST_F10.png,required file,missing,FAIL,NOT_CHECKED,mechanical INPUT↔OUTPUT check,REPACK
area_20,m_mutant_stumpy,s_mon_mutant_stumpy,CAST_VFX,monsters/005_m_mutant_stumpy_변형된_스텀피/CAST/005_m_mutant_stumpy_s_mon_mutant_stumpy_CAST_F11.png,required file,missing,FAIL,NOT_CHECKED,mechanical INPUT↔OUTPUT check,REPACK
area_20,,,UNEXPECTED,CAST/002_m_mutant_iron_hog_s_mon_mutant_iron_hog_CAST_F00.png,no extra role PNG,unexpected role file,FAIL,NOT_CHECKED,mechanical INPUT↔OUTPUT check,REPACK
area_20,,,UNEXPECTED,CAST/002_m_mutant_iron_hog_s_mon_mutant_iron_hog_CAST_F01.png,no extra role PNG,unexpected role file,FAIL,NOT_CHECKED,mechanical INPUT↔OUTPUT check,REPACK
area_20,,,UNEXPECTED,CAST/002_m_mutant_iron_hog_s_mon_mutant_iron_hog_CAST_F02.png,no extra role PNG,unexpected role file,FAIL,NOT_CHECKED,mechanical INPUT↔OUTPUT check,REPACK
area_20,,,UNEXPECTED,CAST/002_m_mutant_iron_hog_s_mon_mutant_iron_hog_CAST_F03.png,no extra role PNG,unexpected role file,FAIL,NOT_CHECKED,mechanical INPUT↔OUTPUT check,REPACK
area_20,,,UNEXPECTED,CAST/002_m_mutant_iron_hog_s_mon_mutant_iron_hog_CAST_F04.png,no extra role PNG,unexpected role file,FAIL,NOT_CHECKED,mechanical INPUT↔OUTPUT check,REPACK
area_20,,,UNEXPECTED,CAST/002_m_mutant_iron_hog_s_mon_mutant_iron_hog_CAST_F05.png,no extra role PNG,unexpected role file,FAIL,NOT_CHECKED,mechanical INPUT↔OUTPUT check,REPACK
area_20,,,UNEXPECTED,CAST/002_m_mutant_iron_hog_s_mon_mutant_iron_hog_CAST_F06.png,no extra role PNG,unexpected role file,FAIL,NOT_CHECKED,mechanical INPUT↔OUTPUT check,REPACK
area_20,,,UNEXPECTED,CAST/002_m_mutant_iron_hog_s_mon_mutant_iron_hog_CAST_F07.png,no extra role PNG,unexpected role file,FAIL,NOT_CHECKED,mechanical INPUT↔OUTPUT check,REPACK
area_20,,,UNEXPECTED,CAST/004_m_ancient_dark_golem_s_mon_ancient_dark_golem_CAST_F00.png,no extra role PNG,unexpected role file,FAIL,NOT_CHECKED,mechanical INPUT↔OUTPUT check,REPACK
area_20,,,UNEXPECTED,CAST/004_m_ancient_dark_golem_s_mon_ancient_dark_golem_CAST_F01.png,no extra role PNG,unexpected role file,FAIL,NOT_CHECKED,mechanical INPUT↔OUTPUT check,REPACK
area_20,,,UNEXPECTED,CAST/004_m_ancient_dark_golem_s_mon_ancient_dark_golem_CAST_F02.png,no extra role PNG,unexpected role file,FAIL,NOT_CHECKED,mechanical INPUT↔OUTPUT check,REPACK
area_20,,,UNEXPECTED,CAST/004_m_ancient_dark_golem_s_mon_ancient_dark_golem_CAST_F03.png,no extra role PNG,unexpected role file,FAIL,NOT_CHECKED,mechanical INPUT↔OUTPUT check,REPACK
area_20,,,UNEXPECTED,CAST/004_m_ancient_dark_golem_s_mon_ancient_dark_golem_CAST_F04.png,no extra role PNG,unexpected role file,FAIL,NOT_CHECKED,mechanical INPUT↔OUTPUT check,REPACK
area_20,,,UNEXPECTED,CAST/004_m_ancient_dark_golem_s_mon_ancient_dark_golem_CAST_F05.png,no extra role PNG,unexpected role file,FAIL,NOT_CHECKED,mechanical INPUT↔OUTPUT check,REPACK
area_20,,,UNEXPECTED,CAST/004_m_ancient_dark_golem_s_mon_ancient_dark_golem_CAST_F06.png,no extra role PNG,unexpected role file,FAIL,NOT_CHECKED,mechanical INPUT↔OUTPUT check,REPACK
area_20,,,UNEXPECTED,CAST/004_m_ancient_dark_golem_s_mon_ancient_dark_golem_CAST_F07.png,no extra role PNG,unexpected role file,FAIL,NOT_CHECKED,mechanical INPUT↔OUTPUT check,REPACK
area_20,,,UNEXPECTED,CAST/005_m_mutant_stumpy_s_mon_mutant_stumpy_CAST_F00.png,no extra role PNG,unexpected role file,FAIL,NOT_CHECKED,mechanical INPUT↔OUTPUT check,REPACK
area_20,,,UNEXPECTED,CAST/005_m_mutant_stumpy_s_mon_mutant_stumpy_CAST_F01.png,no extra role PNG,unexpected role file,FAIL,NOT_CHECKED,mechanical INPUT↔OUTPUT check,REPACK
area_20,,,UNEXPECTED,CAST/005_m_mutant_stumpy_s_mon_mutant_stumpy_CAST_F02.png,no extra role PNG,unexpected role file,FAIL,NOT_CHECKED,mechanical INPUT↔OUTPUT check,REPACK
area_20,,,UNEXPECTED,CAST/005_m_mutant_stumpy_s_mon_mutant_stumpy_CAST_F03.png,no extra role PNG,unexpected role file,FAIL,NOT_CHECKED,mechanical INPUT↔OUTPUT check,REPACK
area_20,,,UNEXPECTED,CAST/005_m_mutant_stumpy_s_mon_mutant_stumpy_CAST_F04.png,no extra role PNG,unexpected role file,FAIL,NOT_CHECKED,mechanical INPUT↔OUTPUT check,REPACK
area_20,,,UNEXPECTED,CAST/005_m_mutant_stumpy_s_mon_mutant_stumpy_CAST_F05.png,no extra role PNG,unexpected role file,FAIL,NOT_CHECKED,mechanical INPUT↔OUTPUT check,REPACK
area_20,,,UNEXPECTED,CAST/005_m_mutant_stumpy_s_mon_mutant_stumpy_CAST_F06.png,no extra role PNG,unexpected role file,FAIL,NOT_CHECKED,mechanical INPUT↔OUTPUT check,REPACK
area_20,,,UNEXPECTED,CAST/005_m_mutant_stumpy_s_mon_mutant_stumpy_CAST_F07.png,no extra role PNG,unexpected role file,FAIL,NOT_CHECKED,mechanical INPUT↔OUTPUT check,REPACK
area_20,,,UNEXPECTED,CAST/005_m_mutant_stumpy_s_mon_mutant_stumpy_CAST_F08.png,no extra role PNG,unexpected role file,FAIL,NOT_CHECKED,mechanical INPUT↔OUTPUT check,REPACK
area_20,,,UNEXPECTED,CAST/005_m_mutant_stumpy_s_mon_mutant_stumpy_CAST_F09.png,no extra role PNG,unexpected role file,FAIL,NOT_CHECKED,mechanical INPUT↔OUTPUT check,REPACK
area_20,,,UNEXPECTED,CAST/005_m_mutant_stumpy_s_mon_mutant_stumpy_CAST_F10.png,no extra role PNG,unexpected role file,FAIL,NOT_CHECKED,mechanical INPUT↔OUTPUT check,REPACK
area_20,,,UNEXPECTED,CAST/005_m_mutant_stumpy_s_mon_mutant_stumpy_CAST_F11.png,no extra role PNG,unexpected role file,FAIL,NOT_CHECKED,mechanical INPUT↔OUTPUT check,REPACK
area_20,,,UNEXPECTED,ICON/001_m_mutant_dark_stump_s_mon_mutant_dark_stump_ICON.png,no extra role PNG,unexpected role file,FAIL,NOT_CHECKED,mechanical INPUT↔OUTPUT check,REPACK
area_20,,,UNEXPECTED,ICON/002_m_mutant_iron_hog_s_mon_mutant_iron_hog_ICON.png,no extra role PNG,unexpected role file,FAIL,NOT_CHECKED,mechanical INPUT↔OUTPUT check,REPACK
area_20,,,UNEXPECTED,ICON/003_m_mutant_stone_mask_s_mon_mutant_stone_mask_ICON.png,no extra role PNG,unexpected role file,FAIL,NOT_CHECKED,mechanical INPUT↔OUTPUT check,REPACK
area_20,,,UNEXPECTED,ICON/004_m_ancient_dark_golem_s_mon_ancient_dark_golem_ICON.png,no extra role PNG,unexpected role file,FAIL,NOT_CHECKED,mechanical INPUT↔OUTPUT check,REPACK
area_20,,,UNEXPECTED,ICON/005_m_mutant_stumpy_s_mon_mutant_stumpy_ICON.png,no extra role PNG,unexpected role file,FAIL,NOT_CHECKED,mechanical INPUT↔OUTPUT check,REPACK
area_20,,,UNEXPECTED,REFERENCE/001_m_mutant_dark_stump_s_mon_mutant_dark_stump_REFERENCE_F00.png,no extra role PNG,unexpected role file,FAIL,NOT_CHECKED,mechanical INPUT↔OUTPUT check,REPACK
area_20,,,UNEXPECTED,REFERENCE/001_m_mutant_dark_stump_s_mon_mutant_dark_stump_REFERENCE_F01.png,no extra role PNG,unexpected role file,FAIL,NOT_CHECKED,mechanical INPUT↔OUTPUT check,REPACK
area_20,,,UNEXPECTED,REFERENCE/001_m_mutant_dark_stump_s_mon_mutant_dark_stump_REFERENCE_F02.png,no extra role PNG,unexpected role file,FAIL,NOT_CHECKED,mechanical INPUT↔OUTPUT check,REPACK
area_20,,,UNEXPECTED,REFERENCE/001_m_mutant_dark_stump_s_mon_mutant_dark_stump_REFERENCE_F03.png,no extra role PNG,unexpected role file,FAIL,NOT_CHECKED,mechanical INPUT↔OUTPUT check,REPACK
area_20,,,UNEXPECTED,REFERENCE/001_m_mutant_dark_stump_s_mon_mutant_dark_stump_REFERENCE_F04.png,no extra role PNG,unexpected role file,FAIL,NOT_CHECKED,mechanical INPUT↔OUTPUT check,REPACK
area_20,,,UNEXPECTED,REFERENCE/001_m_mutant_dark_stump_s_mon_mutant_dark_stump_REFERENCE_F05.png,no extra role PNG,unexpected role file,FAIL,NOT_CHECKED,mechanical INPUT↔OUTPUT check,REPACK
area_20,,,UNEXPECTED,REFERENCE/003_m_mutant_stone_mask_s_mon_mutant_stone_mask_REFERENCE_F00.png,no extra role PNG,unexpected role file,FAIL,NOT_CHECKED,mechanical INPUT↔OUTPUT check,REPACK
area_20,,,UNEXPECTED,REFERENCE/003_m_mutant_stone_mask_s_mon_mutant_stone_mask_REFERENCE_F01.png,no extra role PNG,unexpected role file,FAIL,NOT_CHECKED,mechanical INPUT↔OUTPUT check,REPACK
area_20,,,UNEXPECTED,REFERENCE/003_m_mutant_stone_mask_s_mon_mutant_stone_mask_REFERENCE_F02.png,no extra role PNG,unexpected role file,FAIL,NOT_CHECKED,mechanical INPUT↔OUTPUT check,REPACK
area_20,,,UNEXPECTED,REFERENCE/003_m_mutant_stone_mask_s_mon_mutant_stone_mask_REFERENCE_F03.png,no extra role PNG,unexpected role file,FAIL,NOT_CHECKED,mechanical INPUT↔OUTPUT check,REPACK
area_20,,,UNEXPECTED,REFERENCE/003_m_mutant_stone_mask_s_mon_mutant_stone_mask_REFERENCE_F04.png,no extra role PNG,unexpected role file,FAIL,NOT_CHECKED,mechanical INPUT↔OUTPUT check,REPACK
area_20,,,UNEXPECTED,REFERENCE/003_m_mutant_stone_mask_s_mon_mutant_stone_mask_REFERENCE_F05.png,no extra role PNG,unexpected role file,FAIL,NOT_CHECKED,mechanical INPUT↔OUTPUT check,REPACK
area_20,m_mutant_dark_stump,s_mon_mutant_dark_stump,RESULT_INFO,monsters/001_m_mutant_dark_stump_변형된_다크_스텀프/RESULT_INFO.md,required,missing,FAIL,NOT_CHECKED,mechanical INPUT↔OUTPUT check,REPACK
area_20,m_mutant_dark_stump,s_mon_mutant_dark_stump,PREVIEW,monsters/001_m_mutant_dark_stump_변형된_다크_스텀프/PREVIEW/labeled_preview.png,required labeled preview,missing,FAIL,NOT_CHECKED,mechanical INPUT↔OUTPUT check,REPACK
area_20,m_mutant_iron_hog,s_mon_mutant_iron_hog,RESULT_INFO,monsters/002_m_mutant_iron_hog_변형된_아이언호그/RESULT_INFO.md,required,missing,FAIL,NOT_CHECKED,mechanical INPUT↔OUTPUT check,REPACK
area_20,m_mutant_iron_hog,s_mon_mutant_iron_hog,PREVIEW,monsters/002_m_mutant_iron_hog_변형된_아이언호그/PREVIEW/labeled_preview.png,required labeled preview,missing,FAIL,NOT_CHECKED,mechanical INPUT↔OUTPUT check,REPACK
area_20,m_mutant_stone_mask,s_mon_mutant_stone_mask,RESULT_INFO,monsters/003_m_mutant_stone_mask_변형된_스톤마스크/RESULT_INFO.md,required,missing,FAIL,NOT_CHECKED,mechanical INPUT↔OUTPUT check,REPACK
area_20,m_mutant_stone_mask,s_mon_mutant_stone_mask,PREVIEW,monsters/003_m_mutant_stone_mask_변형된_스톤마스크/PREVIEW/labeled_preview.png,required labeled preview,missing,FAIL,NOT_CHECKED,mechanical INPUT↔OUTPUT check,REPACK
area_20,m_ancient_dark_golem,s_mon_ancient_dark_golem,RESULT_INFO,monsters/004_m_ancient_dark_golem_에인션트_다크골렘/RESULT_INFO.md,required,missing,FAIL,NOT_CHECKED,mechanical INPUT↔OUTPUT check,REPACK
area_20,m_ancient_dark_golem,s_mon_ancient_dark_golem,PREVIEW,monsters/004_m_ancient_dark_golem_에인션트_다크골렘/PREVIEW/labeled_preview.png,required labeled preview,missing,FAIL,NOT_CHECKED,mechanical INPUT↔OUTPUT check,REPACK
area_20,m_mutant_stumpy,s_mon_mutant_stumpy,RESULT_INFO,monsters/005_m_mutant_stumpy_변형된_스텀피/RESULT_INFO.md,required,missing,FAIL,NOT_CHECKED,mechanical INPUT↔OUTPUT check,REPACK
area_20,m_mutant_stumpy,s_mon_mutant_stumpy,PREVIEW,monsters/005_m_mutant_stumpy_변형된_스텀피/PREVIEW/labeled_preview.png,required labeled preview,missing,FAIL,NOT_CHECKED,mechanical INPUT↔OUTPUT check,REPACK
