board,type,entries,scale,files,baseline
D:\maplestory_levup\docs\art\output_audit\runs\20260912_162508_msw_origin_art_review\CROSS_AREA_STYLE_BOARD\BASELINE_m_snail_달팽이.png,AREA00_NATIVE_ALL_FRAMES,m_snail_달팽이,1:1,AREA_00_IMAGES_OUTPUT/monsters/001_m_snail_달팽이/ICON/001_m_snail_s_mon_snail_dew_trail_ICON.png|AREA_00_IMAGES_OUTPUT/monsters/001_m_snail_달팽이/VFX/001_m_snail_s_mon_snail_dew_trail_F00.png|AREA_00_IMAGES_OUTPUT/monsters/001_m_snail_달팽이/VFX/001_m_snail_s_mon_snail_dew_trail_F01.png|AREA_00_IMAGES_OUTPUT/monsters/001_m_snail_달팽이/VFX/001_m_snail_s_mon_snail_dew_trail_F02.png|AREA_00_IMAGES_OUTPUT/monsters/001_m_snail_달팽이/VFX/001_m_snail_s_mon_snail_dew_trail_F03.png|AREA_00_IMAGES_OUTPUT/monsters/001_m_snail_달팽이/VFX/001_m_snail_s_mon_snail_dew_trail_F04.png|AREA_00_IMAGES_OUTPUT/monsters/001_m_snail_달팽이/VFX/001_m_snail_s_mon_snail_dew_trail_F05.png|AREA_00_IMAGES_OUTPUT/monsters/001_m_snail_달팽이/VFX/001_m_snail_s_mon_snail_dew_trail_F06.png|AREA_00_IMAGES_OUTPUT/monsters/001_m_snail_달팽이/VFX/001_m_snail_s_mon_snail_dew_trail_F07.png,
D:\maplestory_levup\docs\art\output_audit\runs\20260912_162508_msw_origin_art_review\CROSS_AREA_STYLE_BOARD\BASELINE_m_blue_snail_파란_달팽이.png,AREA00_NATIVE_ALL_FRAMES,m_blue_snail_파란_달팽이,1:1,AREA_00_IMAGES_OUTPUT/monsters/002_m_blue_snail_파란_달팽이/ICON/002_m_blue_snail_s_mon_blue_snail_ICON.png|AREA_00_IMAGES_OUTPUT/monsters/002_m_blue_snail_파란_달팽이/VFX/002_m_blue_snail_s_mon_blue_snail_F00.png|AREA_00_IMAGES_OUTPUT/monsters/002_m_blue_snail_파란_달팽이/VFX/002_m_blue_snail_s_mon_blue_snail_F01.png|AREA_00_IMAGES_OUTPUT/monsters/002_m_blue_snail_파란_달팽이/VFX/002_m_blue_snail_s_mon_blue_snail_F02.png|AREA_00_IMAGES_OUTPUT/monsters/002_m_blue_snail_파란_달팽이/VFX/002_m_blue_snail_s_mon_blue_snail_F03.png|AREA_00_IMAGES_OUTPUT/monsters/002_m_blue_snail_파란_달팽이/VFX/002_m_blue_snail_s_mon_blue_snail_F04.png|AREA_00_IMAGES_OUTPUT/monsters/002_m_blue_snail_파란_달팽이/VFX/002_m_blue_snail_s_mon_blue_snail_F05.png|AREA_00_IMAGES_OUTPUT/monsters/002_m_blue_snail_파란_달팽이/VFX/002_m_blue_snail_s_mon_blue_snail_F06.png|AREA_00_IMAGES_OUTPUT/monsters/002_m_blue_snail_파란_달팽이/VFX/002_m_blue_snail_s_mon_blue_snail_F07.png,
D:\maplestory_levup\docs\art\output_audit\runs\20260912_162508_msw_origin_art_review\CROSS_AREA_STYLE_BOARD\BASELINE_m_red_snail_빨간_달팽이.png,AREA00_NATIVE_ALL_FRAMES,m_red_snail_빨간_달팽이,1:1,AREA_00_IMAGES_OUTPUT/monsters/003_m_red_snail_빨간_달팽이/ICON/003_m_red_snail_s_mon_red_snail_ICON.png|AREA_00_IMAGES_OUTPUT/monsters/003_m_red_snail_빨간_달팽이/VFX/003_m_red_snail_s_mon_red_snail_F00.png|AREA_00_IMAGES_OUTPUT/monsters/003_m_red_snail_빨간_달팽이/VFX/003_m_red_snail_s_mon_red_snail_F01.png|AREA_00_IMAGES_OUTPUT/monsters/003_m_red_snail_빨간_달팽이/VFX/003_m_red_snail_s_mon_red_snail_F02.png|AREA_00_IMAGES_OUTPUT/monsters/003_m_red_snail_빨간_달팽이/VFX/003_m_red_snail_s_mon_red_snail_F03.png|AREA_00_IMAGES_OUTPUT/monsters/003_m_red_snail_빨간_달팽이/VFX/003_m_red_snail_s_mon_red_snail_F04.png|AREA_00_IMAGES_OUTPUT/monsters/003_m_red_snail_빨간_달팽이/VFX/003_m_red_snail_s_mon_red_snail_F05.png|AREA_00_IMAGES_OUTPUT/monsters/003_m_red_snail_빨간_달팽이/VFX/003_m_red_snail_s_mon_red_snail_F06.png|AREA_00_IMAGES_OUTPUT/monsters/003_m_red_snail_빨간_달팽이/VFX/003_m_red_snail_s_mon_red_snail_F07.png,
D:\maplestory_levup\docs\art\output_audit\runs\20260912_162508_msw_origin_art_review\CROSS_AREA_STYLE_BOARD\BASELINE_m_mano_마노.png,AREA00_NATIVE_ALL_FRAMES,m_mano_마노,1:1,AREA_00_IMAGES_OUTPUT/monsters/004_m_mano_마노/ICON/004_m_mano_s_mon_mano_ICON.png|AREA_00_IMAGES_OUTPUT/monsters/004_m_mano_마노/VFX/004_m_mano_s_mon_mano_F00.png|AREA_00_IMAGES_OUTPUT/monsters/004_m_mano_마노/VFX/004_m_mano_s_mon_mano_F01.png|AREA_00_IMAGES_OUTPUT/monsters/004_m_mano_마노/VFX/004_m_mano_s_mon_mano_F02.png|AREA_00_IMAGES_OUTPUT/monsters/004_m_mano_마노/VFX/004_m_mano_s_mon_mano_F03.png|AREA_00_IMAGES_OUTPUT/monsters/004_m_mano_마노/VFX/004_m_mano_s_mon_mano_F04.png|AREA_00_IMAGES_OUTPUT/monsters/004_m_mano_마노/VFX/004_m_mano_s_mon_mano_F05.png|AREA_00_IMAGES_OUTPUT/monsters/004_m_mano_마노/VFX/004_m_mano_s_mon_mano_F06.png|AREA_00_IMAGES_OUTPUT/monsters/004_m_mano_마노/VFX/004_m_mano_s_mon_mano_F07.png|AREA_00_IMAGES_OUTPUT/monsters/004_m_mano_마노/VFX/004_m_mano_s_mon_mano_F08.png|AREA_00_IMAGES_OUTPUT/monsters/004_m_mano_마노/VFX/004_m_mano_s_mon_mano_F09.png|AREA_00_IMAGES_OUTPUT/monsters/004_m_mano_마노/VFX/004_m_mano_s_mon_mano_F10.png|AREA_00_IMAGES_OUTPUT/monsters/004_m_mano_마노/VFX/004_m_mano_s_mon_mano_F11.png,
D:\maplestory_levup\docs\art\output_audit\runs\20260912_162508_msw_origin_art_review\CROSS_AREA_STYLE_BOARD\BASELINE_m_slime_슬라임.png,AREA00_NATIVE_ALL_FRAMES,m_slime_슬라임,1:1,AREA_00_IMAGES_OUTPUT/monsters/005_m_slime_슬라임/ICON/005_m_slime_s_mon_slime_ICON.png|AREA_00_IMAGES_OUTPUT/monsters/005_m_slime_슬라임/VFX/005_m_slime_s_mon_slime_F00.png|AREA_00_IMAGES_OUTPUT/monsters/005_m_slime_슬라임/VFX/005_m_slime_s_mon_slime_F01.png|AREA_00_IMAGES_OUTPUT/monsters/005_m_slime_슬라임/VFX/005_m_slime_s_mon_slime_F02.png|AREA_00_IMAGES_OUTPUT/monsters/005_m_slime_슬라임/VFX/005_m_slime_s_mon_slime_F03.png|AREA_00_IMAGES_OUTPUT/monsters/005_m_slime_슬라임/VFX/005_m_slime_s_mon_slime_F04.png|AREA_00_IMAGES_OUTPUT/monsters/005_m_slime_슬라임/VFX/005_m_slime_s_mon_slime_F05.png|AREA_00_IMAGES_OUTPUT/monsters/005_m_slime_슬라임/VFX/005_m_slime_s_mon_slime_F06.png|AREA_00_IMAGES_OUTPUT/monsters/005_m_slime_슬라임/VFX/005_m_slime_s_mon_slime_F07.png,
D:\maplestory_levup\docs\art\output_audit\runs\20260912_162508_msw_origin_art_review\CROSS_AREA_STYLE_BOARD\area_01_ICON_NATIVE.png,ICON_WITH_AREA00,m_snail|m_blue_snail|m_mushroom|m_mushmom|m_horny_mushroom,1:1; no crop,AREA_01_IMAGES_OUTPUT/monsters/001_m_snail_달팽이/ICON/001_m_snail_s_mon_snail_dew_trail_ICON.png|AREA_01_IMAGES_OUTPUT/monsters/002_m_blue_snail_파란_달팽이/ICON/002_m_blue_snail_s_mon_blue_snail_ICON.png|AREA_01_IMAGES_OUTPUT/ICON/003_m_mushroom_s_mon_mushroom_ICON.png|AREA_01_IMAGES_OUTPUT/ICON/004_m_mushmom_s_mon_mushmom_ICON.png|AREA_01_IMAGES_OUTPUT/ICON/005_m_horny_mushroom_s_mon_horny_mushroom_ICON.png,five approved AREA00 icons
D:\maplestory_levup\docs\art\output_audit\runs\20260912_162508_msw_origin_art_review\CROSS_AREA_STYLE_BOARD\area_02_ICON_NATIVE.png,ICON_WITH_AREA00,m_stone_golem|m_axe_stump|m_dark_axe_stump|m_wild_boar|m_iron_hog|m_skeleton_commander|m_fire_boar|m_stumpy,1:1; no crop,AREA_02_IMAGES_OUTPUT/ICON/001_m_stone_golem_s_mon_stone_ICON.png|AREA_02_IMAGES_OUTPUT/ICON/002_m_axe_stump_s_mon_axe_stump_ICON.png|AREA_02_IMAGES_OUTPUT/ICON/003_m_dark_axe_stump_s_mon_dark_axe_stump_ICON.png|AREA_02_IMAGES_OUTPUT/ICON/004_m_wild_boar_s_mon_wild_boar_ICON.png|AREA_02_IMAGES_OUTPUT/ICON/005_m_iron_hog_s_mon_iron_hog_ICON.png|AREA_02_IMAGES_OUTPUT/ICON/006_m_skeleton_commander_s_mon_skeleton_commander_ICON.png|AREA_02_IMAGES_OUTPUT/ICON/007_m_fire_boar_s_mon_fire_boar_ICON.png|AREA_02_IMAGES_OUTPUT/ICON/008_m_stumpy_s_mon_stumpy_ICON.png,five approved AREA00 icons
D:\maplestory_levup\docs\art\output_audit\runs\20260912_162508_msw_origin_art_review\CROSS_AREA_STYLE_BOARD\area_03_ICON_NATIVE.png,ICON_WITH_AREA00,m_slime|m_dark_stump|m_bubbling|m_fairy|m_faust,1:1; no crop,AREA_03_IMAGES_OUTPUT/monsters/001_m_slime_슬라임/ICON/001_m_slime_s_mon_slime_ICON.png|AREA_03_IMAGES_OUTPUT/ICON/002_m_dark_stump_s_mon_dark_stump_ICON.png|AREA_03_IMAGES_OUTPUT/ICON/003_m_bubbling_s_mon_bubbling_ICON.png|AREA_03_IMAGES_OUTPUT/ICON/004_m_fairy_s_mon_fairy_ICON.png|AREA_03_IMAGES_OUTPUT/ICON/005_m_faust_s_mon_faust_ICON.png,five approved AREA00 icons
D:\maplestory_levup\docs\art\output_audit\runs\20260912_162508_msw_origin_art_review\CROSS_AREA_STYLE_BOARD\area_04_ICON_NATIVE.png,ICON_WITH_AREA00,m_octopus|m_stirge|m_jr_wraith|m_wraith|m_shade,1:1; no crop,AREA_04_IMAGES_OUTPUT/ICON/001_m_octopus_s_mon_octopus_ICON.png|AREA_04_IMAGES_OUTPUT/ICON/002_m_stirge_s_mon_stirge_ICON.png|AREA_04_IMAGES_OUTPUT/ICON/003_m_jr_wraith_s_mon_jr_wraith_ICON.png|AREA_04_IMAGES_OUTPUT/ICON/004_m_wraith_s_mon_wraith_ICON.png|AREA_04_IMAGES_OUTPUT/ICON/005_m_shade_s_mon_shade_ICON.png,five approved AREA00 icons
D:\maplestory_levup\docs\art\output_audit\runs\20260912_162508_msw_origin_art_review\CROSS_AREA_STYLE_BOARD\area_05_ICON_NATIVE.png,ICON_WITH_AREA00,m_ribbon_pig|m_blue_pig|m_starfish|m_jellyfish|m_king_clang,1:1; no crop,AREA_05_IMAGES_OUTPUT/ICON/001_m_ribbon_pig_s_mon_ribbon_pig_ICON.png|AREA_05_IMAGES_OUTPUT/ICON/002_m_blue_pig_s_mon_blue_pig_ICON.png|AREA_05_IMAGES_OUTPUT/ICON/003_m_starfish_s_mon_starfish_ICON.png|AREA_05_IMAGES_OUTPUT/ICON/004_m_jellyfish_s_mon_jellyfish_ICON.png|AREA_05_IMAGES_OUTPUT/ICON/005_m_king_clang_s_mon_king_clang_ICON.png,five approved AREA00 icons
D:\maplestory_levup\docs\art\output_audit\runs\20260912_162508_msw_origin_art_review\CROSS_AREA_STYLE_BOARD\area_07_ICON_NATIVE.png,ICON_WITH_AREA00,m_zombie_mushroom|m_copper_drake|m_drake|m_wild_kargo|m_jr_balrog|m_tauromacis,1:1; no crop,AREA_07_IMAGES_OUTPUT/ICON/001_m_zombie_mushroom_s_mon_zombie_mushroom_ICON.png|AREA_07_IMAGES_OUTPUT/ICON/002_m_copper_drake_s_mon_copper_drake_ICON.png|AREA_07_IMAGES_OUTPUT/ICON/003_m_drake_s_mon_drake_ICON.png|AREA_07_IMAGES_OUTPUT/ICON/004_m_wild_kargo_s_mon_wild_kargo_ICON.png|AREA_07_IMAGES_OUTPUT/ICON/005_m_jr_balrog_s_mon_jr_balrog_ICON.png|AREA_07_IMAGES_OUTPUT/ICON/006_m_tauromacis_s_mon_tauromacis_ICON.png,five approved AREA00 icons
D:\maplestory_levup\docs\art\output_audit\runs\20260912_162508_msw_origin_art_review\CROSS_AREA_STYLE_BOARD\area_08_ICON_NATIVE.png,ICON_WITH_AREA00,m_star_pixie|m_jr_cellion|m_lunar_pixie|m_luster_pixie|m_eliza,1:1; no crop,AREA_08_IMAGES_OUTPUT/ICON/001_m_star_pixie_s_mon_star_pixie_ICON.png|AREA_08_IMAGES_OUTPUT/ICON/002_m_jr_cellion_s_mon_jr_cellion_ICON.png|AREA_08_IMAGES_OUTPUT/ICON/003_m_lunar_pixie_s_mon_lunar_pixie_ICON.png|AREA_08_IMAGES_OUTPUT/ICON/004_m_luster_pixie_s_mon_luster_pixie_ICON.png|AREA_08_IMAGES_OUTPUT/ICON/005_m_eliza_s_mon_eliza_ICON.png,five approved AREA00 icons
D:\maplestory_levup\docs\art\output_audit\runs\20260912_162508_msw_origin_art_review\CROSS_AREA_STYLE_BOARD\area_09_ICON_NATIVE.png,ICON_WITH_AREA00,m_jr_yeti|m_dark_jr_yeti|m_hector|m_white_fang|m_snow_witch,1:1; no crop,AREA_09_IMAGES_OUTPUT/ICON/001_m_jr_yeti_s_mon_jr_yeti_ICON.png|AREA_09_IMAGES_OUTPUT/ICON/002_m_dark_jr_yeti_s_mon_dark_jr_yeti_ICON.png|AREA_09_IMAGES_OUTPUT/ICON/003_m_hector_s_mon_hector_ICON.png|AREA_09_IMAGES_OUTPUT/ICON/004_m_white_fang_s_mon_white_fang_ICON.png|AREA_09_IMAGES_OUTPUT/ICON/005_m_snow_witch_s_mon_snow_witch_ICON.png,five approved AREA00 icons
D:\maplestory_levup\docs\art\output_audit\runs\20260912_162508_msw_origin_art_review\CROSS_AREA_STYLE_BOARD\area_10_ICON_NATIVE.png,ICON_WITH_AREA00,m_bubble_fish|m_mask_fish|m_squid|m_shark|m_pianus,1:1; no crop,AREA_10_IMAGES_OUTPUT/ICON/001_m_bubble_fish_s_mon_bubble_fish_ICON.png|AREA_10_IMAGES_OUTPUT/ICON/002_m_mask_fish_s_mon_mask_fish_ICON.png|AREA_10_IMAGES_OUTPUT/ICON/003_m_squid_s_mon_squid_ICON.png|AREA_10_IMAGES_OUTPUT/ICON/004_m_shark_s_mon_shark_ICON.png|AREA_10_IMAGES_OUTPUT/ICON/005_m_pianus_s_mon_pianus_ICON.png,five approved AREA00 icons
D:\maplestory_levup\docs\art\output_audit\runs\20260912_162508_msw_origin_art_review\CROSS_AREA_STYLE_BOARD\area_11_ICON_NATIVE.png,ICON_WITH_AREA00,m_ratz|m_drumming_bunny|m_bloctopus|m_king_bloctopus|m_rombot,1:1; no crop,AREA_11_IMAGES_OUTPUT/ICON/001_m_ratz_s_mon_ratz_ICON.png|AREA_11_IMAGES_OUTPUT/ICON/002_m_drumming_bunny_s_mon_drumming_bunny_ICON.png|AREA_11_IMAGES_OUTPUT/ICON/003_m_bloctopus_s_mon_bloctopus_ICON.png|AREA_11_IMAGES_OUTPUT/ICON/004_m_king_bloctopus_s_mon_king_bloctopus_ICON.png|AREA_11_IMAGES_OUTPUT/ICON/005_m_rombot_s_mon_rombot_ICON.png,five approved AREA00 icons
D:\maplestory_levup\docs\art\output_audit\runs\20260912_162508_msw_origin_art_review\CROSS_AREA_STYLE_BOARD\area_12_ICON_NATIVE.png,ICON_WITH_AREA00,m_brown_teddy|m_toy_trojan|m_master_robo|m_chronos|m_timer,1:1; no crop,AREA_12_IMAGES_OUTPUT/monsters/001_m_brown_teddy_브라운테니/ICON/001_m_brown_teddy_s_mon_brown_teddy_ICON.png|AREA_12_IMAGES_OUTPUT/monsters/002_m_toy_trojan_장난감_목마/ICON/002_m_toy_trojan_s_mon_toy_trojan_ICON.png|AREA_12_IMAGES_OUTPUT/monsters/003_m_master_robo_마스터_로보/ICON/003_m_master_robo_s_mon_master_robo_ICON.png|AREA_12_IMAGES_OUTPUT/monsters/004_m_chronos_크로노스/ICON/004_m_chronos_s_mon_chronos_ICON.png|AREA_12_IMAGES_OUTPUT/monsters/005_m_timer_타이머/ICON/005_m_timer_s_mon_timer_ICON.png,five approved AREA00 icons
D:\maplestory_levup\docs\art\output_audit\runs\20260912_162508_msw_origin_art_review\CROSS_AREA_STYLE_BOARD\area_13_ICON_NATIVE.png,ICON_WITH_AREA00,m_white_sand_rabbit|m_scarf_plead|m_meercat|m_sand_dwarf|m_deo,1:1; no crop,AREA_13_IMAGES_OUTPUT/ICON/001_m_white_sand_rabbit_s_mon_white_sand_rabbit_ICON.png|AREA_13_IMAGES_OUTPUT/ICON/002_m_scarf_plead_s_mon_scarf_plead_ICON.png|AREA_13_IMAGES_OUTPUT/ICON/003_m_meercat_s_mon_meercat_ICON.png|AREA_13_IMAGES_OUTPUT/ICON/004_m_sand_dwarf_s_mon_sand_dwarf_ICON.png|AREA_13_IMAGES_OUTPUT/ICON/005_m_deo_s_mon_deo_ICON.png,five approved AREA00 icons
D:\maplestory_levup\docs\art\output_audit\runs\20260912_162508_msw_origin_art_review\CROSS_AREA_STYLE_BOARD\area_14_ICON_NATIVE.png,ICON_WITH_AREA00,m_cube_slime|m_mithril_mutae|m_homun|m_roid|m_chimera,1:1; no crop,AREA_14_IMAGES_OUTPUT/ICON/001_m_cube_slime_s_mon_cube_slime_ICON.png|AREA_14_IMAGES_OUTPUT/ICON/002_m_mithril_mutae_s_mon_mithril_mutae_ICON.png|AREA_14_IMAGES_OUTPUT/ICON/003_m_homun_s_mon_homun_ICON.png|AREA_14_IMAGES_OUTPUT/ICON/004_m_roid_s_mon_roid_ICON.png|AREA_14_IMAGES_OUTPUT/ICON/005_m_chimera_s_mon_chimera_ICON.png,five approved AREA00 icons
D:\maplestory_levup\docs\art\output_audit\runs\20260912_162508_msw_origin_art_review\CROSS_AREA_STYLE_BOARD\area_15_ICON_NATIVE.png,ICON_WITH_AREA00,m_straw_dummy|m_wooden_dummy|m_peach_monkey|m_blue_flower_serpent|m_tae_roon,1:1; no crop,AREA_15_IMAGES_OUTPUT/ICON/001_m_straw_dummy_s_mon_straw_dummy_ICON.png|AREA_15_IMAGES_OUTPUT/ICON/002_m_wooden_dummy_s_mon_wooden_dummy_ICON.png|AREA_15_IMAGES_OUTPUT/ICON/003_m_peach_monkey_s_mon_peach_monkey_ICON.png|AREA_15_IMAGES_OUTPUT/ICON/004_m_blue_flower_serpent_s_mon_blue_flower_serpent_ICON.png|AREA_15_IMAGES_OUTPUT/ICON/005_m_tae_roon_s_mon_tae_roon_ICON.png,five approved AREA00 icons
D:\maplestory_levup\docs\art\output_audit\runs\20260912_162508_msw_origin_art_review\CROSS_AREA_STYLE_BOARD\area_16_ICON_NATIVE.png,ICON_WITH_AREA00,m_harp|m_blood_harp|m_blue_wyvern|m_dark_wyvern|m_manon,1:1; no crop,AREA_16_IMAGES_OUTPUT/ICON/001_m_harp_s_mon_harp_ICON.png|AREA_16_IMAGES_OUTPUT/ICON/002_m_blood_harp_s_mon_blood_harp_ICON.png|AREA_16_IMAGES_OUTPUT/ICON/003_m_blue_wyvern_s_mon_blue_wyvern_ICON.png|AREA_16_IMAGES_OUTPUT/ICON/004_m_dark_wyvern_s_mon_dark_wyvern_ICON.png|AREA_16_IMAGES_OUTPUT/ICON/005_m_manon_s_mon_manon_ICON.png,five approved AREA00 icons
D:\maplestory_levup\docs\art\output_audit\runs\20260912_162508_msw_origin_art_review\CROSS_AREA_STYLE_BOARD\area_17_ICON_NATIVE.png,ICON_WITH_AREA00,m_memory_monk|m_memory_monk_trainee|m_memory_guardian|m_chief_memory_guardian|m_dodo,1:1; no crop,AREA_17_IMAGES_OUTPUT/ICON/001_m_memory_monk_s_mon_memory_monk_ICON.png|AREA_17_IMAGES_OUTPUT/ICON/002_m_memory_monk_trainee_s_mon_memory_monk_trainee_ICON.png|AREA_17_IMAGES_OUTPUT/ICON/003_m_memory_guardian_s_mon_memory_guardian_ICON.png|AREA_17_IMAGES_OUTPUT/ICON/004_m_chief_memory_guardian_s_mon_chief_memory_guardian_ICON.png|AREA_17_IMAGES_OUTPUT/ICON/005_m_dodo_s_mon_dodo_ICON.png,five approved AREA00 icons
D:\maplestory_levup\docs\art\output_audit\runs\20260912_162508_msw_origin_art_review\CROSS_AREA_STYLE_BOARD\area_18_ICON_NATIVE.png,ICON_WITH_AREA00,m_mateon|m_plateon|m_mecateon|m_chief_gray|m_zeno,1:1; no crop,AREA_18_IMAGES_OUTPUT/ICON/001_m_mateon_s_mon_mateon_ICON.png|AREA_18_IMAGES_OUTPUT/ICON/002_m_plateon_s_mon_plateon_ICON.png|AREA_18_IMAGES_OUTPUT/ICON/003_m_mecateon_s_mon_mecateon_ICON.png|AREA_18_IMAGES_OUTPUT/ICON/004_m_chief_gray_s_mon_chief_gray_ICON.png|AREA_18_IMAGES_OUTPUT/ICON/005_m_zeno_s_mon_zeno_ICON.png,five approved AREA00 icons
D:\maplestory_levup\docs\art\output_audit\runs\20260912_162508_msw_origin_art_review\CROSS_AREA_STYLE_BOARD\area_19_ICON_NATIVE.png,ICON_WITH_AREA00,m_official_knight_c|m_official_knight_d|m_advanced_knight_a|m_advanced_knight_b|m_cygnus,1:1; no crop,AREA_19_IMAGES_OUTPUT/ICON/001_m_official_knight_c_s_mon_official_knight_c_ICON.png|AREA_19_IMAGES_OUTPUT/ICON/002_m_official_knight_d_s_mon_official_knight_d_ICON.png|AREA_19_IMAGES_OUTPUT/ICON/003_m_advanced_knight_a_s_mon_advanced_knight_a_ICON.png|AREA_19_IMAGES_OUTPUT/ICON/004_m_advanced_knight_b_s_mon_advanced_knight_b_ICON.png|AREA_19_IMAGES_OUTPUT/ICON/005_m_cygnus_s_mon_cygnus_ICON.png,five approved AREA00 icons
D:\maplestory_levup\docs\art\output_audit\runs\20260912_162508_msw_origin_art_review\CROSS_AREA_STYLE_BOARD\area_20_ICON_NATIVE.png,ICON_WITH_AREA00,m_mutant_dark_stump|m_mutant_iron_hog|m_mutant_stone_mask|m_ancient_dark_golem|m_mutant_stumpy,1:1; no crop,AREA_20_IMAGES_OUTPUT/ICON/001_m_mutant_dark_stump_s_mon_mutant_dark_stump_ICON.png|AREA_20_IMAGES_OUTPUT/ICON/002_m_mutant_iron_hog_s_mon_mutant_iron_hog_ICON.png|AREA_20_IMAGES_OUTPUT/ICON/003_m_mutant_stone_mask_s_mon_mutant_stone_mask_ICON.png|AREA_20_IMAGES_OUTPUT/ICON/004_m_ancient_dark_golem_s_mon_ancient_dark_golem_ICON.png|AREA_20_IMAGES_OUTPUT/ICON/005_m_mutant_stumpy_s_mon_mutant_stumpy_ICON.png,five approved AREA00 icons
D:\maplestory_levup\docs\art\output_audit\runs\20260912_162508_msw_origin_art_review\CROSS_AREA_STYLE_BOARD\area_01_m_snail_CAST_VFX_NATIVE.png,CAST_VFX_WITH_AREA00,m_snail,1:1; no crop,AREA_01_IMAGES_OUTPUT/monsters/001_m_snail_달팽이/CAST/001_m_snail_s_mon_snail_dew_trail_CAST_F00.png|AREA_01_IMAGES_OUTPUT/monsters/001_m_snail_달팽이/CAST/001_m_snail_s_mon_snail_dew_trail_CAST_F01.png|AREA_01_IMAGES_OUTPUT/monsters/001_m_snail_달팽이/CAST/001_m_snail_s_mon_snail_dew_trail_CAST_F02.png|AREA_01_IMAGES_OUTPUT/monsters/001_m_snail_달팽이/CAST/001_m_snail_s_mon_snail_dew_trail_CAST_F03.png|AREA_01_IMAGES_OUTPUT/monsters/001_m_snail_달팽이/CAST/001_m_snail_s_mon_snail_dew_trail_CAST_F04.png|AREA_01_IMAGES_OUTPUT/monsters/001_m_snail_달팽이/CAST/001_m_snail_s_mon_snail_dew_trail_CAST_F05.png|AREA_01_IMAGES_OUTPUT/monsters/001_m_snail_달팽이/CAST/001_m_snail_s_mon_snail_dew_trail_CAST_F06.png|AREA_01_IMAGES_OUTPUT/monsters/001_m_snail_달팽이/CAST/001_m_snail_s_mon_snail_dew_trail_CAST_F07.png,m_slime_슬라임
D:\maplestory_levup\docs\art\output_audit\runs\20260912_162508_msw_origin_art_review\CROSS_AREA_STYLE_BOARD\area_01_m_blue_snail_CAST_VFX_NATIVE.png,CAST_VFX_WITH_AREA00,m_blue_snail,1:1; no crop,AREA_01_IMAGES_OUTPUT/monsters/002_m_blue_snail_파란_달팽이/CAST/002_m_blue_snail_s_mon_blue_snail_CAST_F00.png|AREA_01_IMAGES_OUTPUT/monsters/002_m_blue_snail_파란_달팽이/CAST/002_m_blue_snail_s_mon_blue_snail_CAST_F01.png|AREA_01_IMAGES_OUTPUT/monsters/002_m_blue_snail_파란_달팽이/CAST/002_m_blue_snail_s_mon_blue_snail_CAST_F02.png|AREA_01_IMAGES_OUTPUT/monsters/002_m_blue_snail_파란_달팽이/CAST/002_m_blue_snail_s_mon_blue_snail_CAST_F03.png|AREA_01_IMAGES_OUTPUT/monsters/002_m_blue_snail_파란_달팽이/CAST/002_m_blue_snail_s_mon_blue_snail_CAST_F04.png|AREA_01_IMAGES_OUTPUT/monsters/002_m_blue_snail_파란_달팽이/CAST/002_m_blue_snail_s_mon_blue_snail_CAST_F05.png|AREA_01_IMAGES_OUTPUT/monsters/002_m_blue_snail_파란_달팽이/CAST/002_m_blue_snail_s_mon_blue_snail_CAST_F06.png|AREA_01_IMAGES_OUTPUT/monsters/002_m_blue_snail_파란_달팽이/CAST/002_m_blue_snail_s_mon_blue_snail_CAST_F07.png,m_blue_snail_파란_달팽이
D:\maplestory_levup\docs\art\output_audit\runs\20260912_162508_msw_origin_art_review\CROSS_AREA_STYLE_BOARD\area_01_m_mushroom_CAST_VFX_NATIVE.png,CAST_VFX_WITH_AREA00,m_mushroom,1:1; no crop,AREA_01_IMAGES_OUTPUT/CAST/003_m_mushroom_s_mon_mushroom_CAST_F00.png|AREA_01_IMAGES_OUTPUT/CAST/003_m_mushroom_s_mon_mushroom_CAST_F01.png|AREA_01_IMAGES_OUTPUT/CAST/003_m_mushroom_s_mon_mushroom_CAST_F02.png|AREA_01_IMAGES_OUTPUT/CAST/003_m_mushroom_s_mon_mushroom_CAST_F03.png|AREA_01_IMAGES_OUTPUT/CAST/003_m_mushroom_s_mon_mushroom_CAST_F04.png|AREA_01_IMAGES_OUTPUT/CAST/003_m_mushroom_s_mon_mushroom_CAST_F05.png|AREA_01_IMAGES_OUTPUT/CAST/003_m_mushroom_s_mon_mushroom_CAST_F06.png|AREA_01_IMAGES_OUTPUT/CAST/003_m_mushroom_s_mon_mushroom_CAST_F07.png,m_slime_슬라임
D:\maplestory_levup\docs\art\output_audit\runs\20260912_162508_msw_origin_art_review\CROSS_AREA_STYLE_BOARD\area_01_m_mushmom_CAST_VFX_NATIVE.png,CAST_VFX_WITH_AREA00,m_mushmom,1:1; no crop,AREA_01_IMAGES_OUTPUT/CAST/004_m_mushmom_s_mon_mushmom_CAST_F00.png|AREA_01_IMAGES_OUTPUT/CAST/004_m_mushmom_s_mon_mushmom_CAST_F01.png|AREA_01_IMAGES_OUTPUT/CAST/004_m_mushmom_s_mon_mushmom_CAST_F02.png|AREA_01_IMAGES_OUTPUT/CAST/004_m_mushmom_s_mon_mushmom_CAST_F03.png|AREA_01_IMAGES_OUTPUT/CAST/004_m_mushmom_s_mon_mushmom_CAST_F04.png|AREA_01_IMAGES_OUTPUT/CAST/004_m_mushmom_s_mon_mushmom_CAST_F05.png|AREA_01_IMAGES_OUTPUT/CAST/004_m_mushmom_s_mon_mushmom_CAST_F06.png|AREA_01_IMAGES_OUTPUT/CAST/004_m_mushmom_s_mon_mushmom_CAST_F07.png|AREA_01_IMAGES_OUTPUT/CAST/004_m_mushmom_s_mon_mushmom_CAST_F08.png|AREA_01_IMAGES_OUTPUT/CAST/004_m_mushmom_s_mon_mushmom_CAST_F09.png|AREA_01_IMAGES_OUTPUT/CAST/004_m_mushmom_s_mon_mushmom_CAST_F10.png|AREA_01_IMAGES_OUTPUT/CAST/004_m_mushmom_s_mon_mushmom_CAST_F11.png,m_mano_마노
D:\maplestory_levup\docs\art\output_audit\runs\20260912_162508_msw_origin_art_review\CROSS_AREA_STYLE_BOARD\area_01_m_horny_mushroom_REFERENCE_VFX_NATIVE.png,REFERENCE_VFX_WITH_AREA00,m_horny_mushroom,1:1; no crop,AREA_01_IMAGES_OUTPUT/REFERENCE/005_m_horny_mushroom_s_mon_horny_mushroom_REFERENCE_F00.png|AREA_01_IMAGES_OUTPUT/REFERENCE/005_m_horny_mushroom_s_mon_horny_mushroom_REFERENCE_F01.png|AREA_01_IMAGES_OUTPUT/REFERENCE/005_m_horny_mushroom_s_mon_horny_mushroom_REFERENCE_F02.png|AREA_01_IMAGES_OUTPUT/REFERENCE/005_m_horny_mushroom_s_mon_horny_mushroom_REFERENCE_F03.png|AREA_01_IMAGES_OUTPUT/REFERENCE/005_m_horny_mushroom_s_mon_horny_mushroom_REFERENCE_F04.png|AREA_01_IMAGES_OUTPUT/REFERENCE/005_m_horny_mushroom_s_mon_horny_mushroom_REFERENCE_F05.png,m_blue_snail_파란_달팽이
D:\maplestory_levup\docs\art\output_audit\runs\20260912_162508_msw_origin_art_review\CROSS_AREA_STYLE_BOARD\area_02_m_stone_golem_CAST_VFX_NATIVE.png,CAST_VFX_WITH_AREA00,m_stone_golem,1:1; no crop,AREA_02_IMAGES_OUTPUT/CAST/001_m_stone_golem_s_mon_stone_CAST_F00.png|AREA_02_IMAGES_OUTPUT/CAST/001_m_stone_golem_s_mon_stone_CAST_F01.png|AREA_02_IMAGES_OUTPUT/CAST/001_m_stone_golem_s_mon_stone_CAST_F02.png|AREA_02_IMAGES_OUTPUT/CAST/001_m_stone_golem_s_mon_stone_CAST_F03.png|AREA_02_IMAGES_OUTPUT/CAST/001_m_stone_golem_s_mon_stone_CAST_F04.png|AREA_02_IMAGES_OUTPUT/CAST/001_m_stone_golem_s_mon_stone_CAST_F05.png|AREA_02_IMAGES_OUTPUT/CAST/001_m_stone_golem_s_mon_stone_CAST_F06.png|AREA_02_IMAGES_OUTPUT/CAST/001_m_stone_golem_s_mon_stone_CAST_F07.png,m_blue_snail_파란_달팽이
D:\maplestory_levup\docs\art\output_audit\runs\20260912_162508_msw_origin_art_review\CROSS_AREA_STYLE_BOARD\area_02_m_axe_stump_CAST_VFX_NATIVE.png,CAST_VFX_WITH_AREA00,m_axe_stump,1:1; no crop,AREA_02_IMAGES_OUTPUT/CAST/002_m_axe_stump_s_mon_axe_stump_CAST_F00.png|AREA_02_IMAGES_OUTPUT/CAST/002_m_axe_stump_s_mon_axe_stump_CAST_F01.png|AREA_02_IMAGES_OUTPUT/CAST/002_m_axe_stump_s_mon_axe_stump_CAST_F02.png|AREA_02_IMAGES_OUTPUT/CAST/002_m_axe_stump_s_mon_axe_stump_CAST_F03.png|AREA_02_IMAGES_OUTPUT/CAST/002_m_axe_stump_s_mon_axe_stump_CAST_F04.png|AREA_02_IMAGES_OUTPUT/CAST/002_m_axe_stump_s_mon_axe_stump_CAST_F05.png|AREA_02_IMAGES_OUTPUT/CAST/002_m_axe_stump_s_mon_axe_stump_CAST_F06.png|AREA_02_IMAGES_OUTPUT/CAST/002_m_axe_stump_s_mon_axe_stump_CAST_F07.png,m_red_snail_빨간_달팽이
D:\maplestory_levup\docs\art\output_audit\runs\20260912_162508_msw_origin_art_review\CROSS_AREA_STYLE_BOARD\area_02_m_dark_axe_stump_CAST_VFX_NATIVE.png,CAST_VFX_WITH_AREA00,m_dark_axe_stump,1:1; no crop,AREA_02_IMAGES_OUTPUT/CAST/003_m_dark_axe_stump_s_mon_dark_axe_stump_CAST_F00.png|AREA_02_IMAGES_OUTPUT/CAST/003_m_dark_axe_stump_s_mon_dark_axe_stump_CAST_F01.png|AREA_02_IMAGES_OUTPUT/CAST/003_m_dark_axe_stump_s_mon_dark_axe_stump_CAST_F02.png|AREA_02_IMAGES_OUTPUT/CAST/003_m_dark_axe_stump_s_mon_dark_axe_stump_CAST_F03.png|AREA_02_IMAGES_OUTPUT/CAST/003_m_dark_axe_stump_s_mon_dark_axe_stump_CAST_F04.png|AREA_02_IMAGES_OUTPUT/CAST/003_m_dark_axe_stump_s_mon_dark_axe_stump_CAST_F05.png|AREA_02_IMAGES_OUTPUT/CAST/003_m_dark_axe_stump_s_mon_dark_axe_stump_CAST_F06.png|AREA_02_IMAGES_OUTPUT/CAST/003_m_dark_axe_stump_s_mon_dark_axe_stump_CAST_F07.png,m_red_snail_빨간_달팽이
D:\maplestory_levup\docs\art\output_audit\runs\20260912_162508_msw_origin_art_review\CROSS_AREA_STYLE_BOARD\area_02_m_wild_boar_CAST_VFX_NATIVE.png,CAST_VFX_WITH_AREA00,m_wild_boar,1:1; no crop,AREA_02_IMAGES_OUTPUT/CAST/004_m_wild_boar_s_mon_wild_boar_CAST_F00.png|AREA_02_IMAGES_OUTPUT/CAST/004_m_wild_boar_s_mon_wild_boar_CAST_F01.png|AREA_02_IMAGES_OUTPUT/CAST/004_m_wild_boar_s_mon_wild_boar_CAST_F02.png|AREA_02_IMAGES_OUTPUT/CAST/004_m_wild_boar_s_mon_wild_boar_CAST_F03.png|AREA_02_IMAGES_OUTPUT/CAST/004_m_wild_boar_s_mon_wild_boar_CAST_F04.png|AREA_02_IMAGES_OUTPUT/CAST/004_m_wild_boar_s_mon_wild_boar_CAST_F05.png|AREA_02_IMAGES_OUTPUT/CAST/004_m_wild_boar_s_mon_wild_boar_CAST_F06.png|AREA_02_IMAGES_OUTPUT/CAST/004_m_wild_boar_s_mon_wild_boar_CAST_F07.png,m_blue_snail_파란_달팽이
D:\maplestory_levup\docs\art\output_audit\runs\20260912_162508_msw_origin_art_review\CROSS_AREA_STYLE_BOARD\area_02_m_iron_hog_REFERENCE_VFX_NATIVE.png,REFERENCE_VFX_WITH_AREA00,m_iron_hog,1:1; no crop,AREA_02_IMAGES_OUTPUT/REFERENCE/005_m_iron_hog_s_mon_iron_hog_REFERENCE_F00.png|AREA_02_IMAGES_OUTPUT/REFERENCE/005_m_iron_hog_s_mon_iron_hog_REFERENCE_F01.png|AREA_02_IMAGES_OUTPUT/REFERENCE/005_m_iron_hog_s_mon_iron_hog_REFERENCE_F02.png|AREA_02_IMAGES_OUTPUT/REFERENCE/005_m_iron_hog_s_mon_iron_hog_REFERENCE_F03.png|AREA_02_IMAGES_OUTPUT/REFERENCE/005_m_iron_hog_s_mon_iron_hog_REFERENCE_F04.png|AREA_02_IMAGES_OUTPUT/REFERENCE/005_m_iron_hog_s_mon_iron_hog_REFERENCE_F05.png,m_blue_snail_파란_달팽이
D:\maplestory_levup\docs\art\output_audit\runs\20260912_162508_msw_origin_art_review\CROSS_AREA_STYLE_BOARD\area_02_m_skeleton_commander_CAST_VFX_NATIVE.png,CAST_VFX_WITH_AREA00,m_skeleton_commander,1:1; no crop,AREA_02_IMAGES_OUTPUT/CAST/006_m_skeleton_commander_s_mon_skeleton_commander_CAST_F00.png|AREA_02_IMAGES_OUTPUT/CAST/006_m_skeleton_commander_s_mon_skeleton_commander_CAST_F01.png|AREA_02_IMAGES_OUTPUT/CAST/006_m_skeleton_commander_s_mon_skeleton_commander_CAST_F02.png|AREA_02_IMAGES_OUTPUT/CAST/006_m_skeleton_commander_s_mon_skeleton_commander_CAST_F03.png|AREA_02_IMAGES_OUTPUT/CAST/006_m_skeleton_commander_s_mon_skeleton_commander_CAST_F04.png|AREA_02_IMAGES_OUTPUT/CAST/006_m_skeleton_commander_s_mon_skeleton_commander_CAST_F05.png|AREA_02_IMAGES_OUTPUT/CAST/006_m_skeleton_commander_s_mon_skeleton_commander_CAST_F06.png|AREA_02_IMAGES_OUTPUT/CAST/006_m_skeleton_commander_s_mon_skeleton_commander_CAST_F07.png,m_red_snail_빨간_달팽이
D:\maplestory_levup\docs\art\output_audit\runs\20260912_162508_msw_origin_art_review\CROSS_AREA_STYLE_BOARD\area_02_m_fire_boar_CAST_VFX_NATIVE.png,CAST_VFX_WITH_AREA00,m_fire_boar,1:1; no crop,AREA_02_IMAGES_OUTPUT/CAST/007_m_fire_boar_s_mon_fire_boar_CAST_F00.png|AREA_02_IMAGES_OUTPUT/CAST/007_m_fire_boar_s_mon_fire_boar_CAST_F01.png|AREA_02_IMAGES_OUTPUT/CAST/007_m_fire_boar_s_mon_fire_boar_CAST_F02.png|AREA_02_IMAGES_OUTPUT/CAST/007_m_fire_boar_s_mon_fire_boar_CAST_F03.png|AREA_02_IMAGES_OUTPUT/CAST/007_m_fire_boar_s_mon_fire_boar_CAST_F04.png|AREA_02_IMAGES_OUTPUT/CAST/007_m_fire_boar_s_mon_fire_boar_CAST_F05.png|AREA_02_IMAGES_OUTPUT/CAST/007_m_fire_boar_s_mon_fire_boar_CAST_F06.png|AREA_02_IMAGES_OUTPUT/CAST/007_m_fire_boar_s_mon_fire_boar_CAST_F07.png,m_red_snail_빨간_달팽이
D:\maplestory_levup\docs\art\output_audit\runs\20260912_162508_msw_origin_art_review\CROSS_AREA_STYLE_BOARD\area_02_m_stumpy_PROJECTILE_NATIVE.png,PROJECTILE_WITH_AREA00,m_stumpy,1:1; no crop,AREA_02_IMAGES_OUTPUT/PROJECTILE/008_m_stumpy_s_mon_stumpy_PROJECTILE_F00.png|AREA_02_IMAGES_OUTPUT/PROJECTILE/008_m_stumpy_s_mon_stumpy_PROJECTILE_F01.png|AREA_02_IMAGES_OUTPUT/PROJECTILE/008_m_stumpy_s_mon_stumpy_PROJECTILE_F02.png|AREA_02_IMAGES_OUTPUT/PROJECTILE/008_m_stumpy_s_mon_stumpy_PROJECTILE_F03.png,m_mano_마노
D:\maplestory_levup\docs\art\output_audit\runs\20260912_162508_msw_origin_art_review\CROSS_AREA_STYLE_BOARD\area_03_m_slime_CAST_VFX_NATIVE.png,CAST_VFX_WITH_AREA00,m_slime,1:1; no crop,AREA_03_IMAGES_OUTPUT/monsters/001_m_slime_슬라임/CAST/001_m_slime_s_mon_slime_CAST_F00.png|AREA_03_IMAGES_OUTPUT/monsters/001_m_slime_슬라임/CAST/001_m_slime_s_mon_slime_CAST_F01.png|AREA_03_IMAGES_OUTPUT/monsters/001_m_slime_슬라임/CAST/001_m_slime_s_mon_slime_CAST_F02.png|AREA_03_IMAGES_OUTPUT/monsters/001_m_slime_슬라임/CAST/001_m_slime_s_mon_slime_CAST_F03.png|AREA_03_IMAGES_OUTPUT/monsters/001_m_slime_슬라임/CAST/001_m_slime_s_mon_slime_CAST_F04.png|AREA_03_IMAGES_OUTPUT/monsters/001_m_slime_슬라임/CAST/001_m_slime_s_mon_slime_CAST_F05.png|AREA_03_IMAGES_OUTPUT/monsters/001_m_slime_슬라임/CAST/001_m_slime_s_mon_slime_CAST_F06.png|AREA_03_IMAGES_OUTPUT/monsters/001_m_slime_슬라임/CAST/001_m_slime_s_mon_slime_CAST_F07.png,m_blue_snail_파란_달팽이
D:\maplestory_levup\docs\art\output_audit\runs\20260912_162508_msw_origin_art_review\CROSS_AREA_STYLE_BOARD\area_03_m_dark_stump_CAST_VFX_NATIVE.png,CAST_VFX_WITH_AREA00,m_dark_stump,1:1; no crop,AREA_03_IMAGES_OUTPUT/CAST/002_m_dark_stump_s_mon_dark_stump_CAST_F00.png|AREA_03_IMAGES_OUTPUT/CAST/002_m_dark_stump_s_mon_dark_stump_CAST_F01.png|AREA_03_IMAGES_OUTPUT/CAST/002_m_dark_stump_s_mon_dark_stump_CAST_F02.png|AREA_03_IMAGES_OUTPUT/CAST/002_m_dark_stump_s_mon_dark_stump_CAST_F03.png|AREA_03_IMAGES_OUTPUT/CAST/002_m_dark_stump_s_mon_dark_stump_CAST_F04.png|AREA_03_IMAGES_OUTPUT/CAST/002_m_dark_stump_s_mon_dark_stump_CAST_F05.png|AREA_03_IMAGES_OUTPUT/CAST/002_m_dark_stump_s_mon_dark_stump_CAST_F06.png|AREA_03_IMAGES_OUTPUT/CAST/002_m_dark_stump_s_mon_dark_stump_CAST_F07.png,m_blue_snail_파란_달팽이
D:\maplestory_levup\docs\art\output_audit\runs\20260912_162508_msw_origin_art_review\CROSS_AREA_STYLE_BOARD\area_03_m_bubbling_REFERENCE_VFX_NATIVE.png,REFERENCE_VFX_WITH_AREA00,m_bubbling,1:1; no crop,AREA_03_IMAGES_OUTPUT/REFERENCE/003_m_bubbling_s_mon_bubbling_REFERENCE_F00.png|AREA_03_IMAGES_OUTPUT/REFERENCE/003_m_bubbling_s_mon_bubbling_REFERENCE_F01.png|AREA_03_IMAGES_OUTPUT/REFERENCE/003_m_bubbling_s_mon_bubbling_REFERENCE_F02.png|AREA_03_IMAGES_OUTPUT/REFERENCE/003_m_bubbling_s_mon_bubbling_REFERENCE_F03.png|AREA_03_IMAGES_OUTPUT/REFERENCE/003_m_bubbling_s_mon_bubbling_REFERENCE_F04.png|AREA_03_IMAGES_OUTPUT/REFERENCE/003_m_bubbling_s_mon_bubbling_REFERENCE_F05.png,m_blue_snail_파란_달팽이
D:\maplestory_levup\docs\art\output_audit\runs\20260912_162508_msw_origin_art_review\CROSS_AREA_STYLE_BOARD\area_03_m_fairy_CAST_VFX_NATIVE.png,CAST_VFX_WITH_AREA00,m_fairy,1:1; no crop,AREA_03_IMAGES_OUTPUT/CAST/004_m_fairy_s_mon_fairy_CAST_F00.png|AREA_03_IMAGES_OUTPUT/CAST/004_m_fairy_s_mon_fairy_CAST_F01.png|AREA_03_IMAGES_OUTPUT/CAST/004_m_fairy_s_mon_fairy_CAST_F02.png|AREA_03_IMAGES_OUTPUT/CAST/004_m_fairy_s_mon_fairy_CAST_F03.png|AREA_03_IMAGES_OUTPUT/CAST/004_m_fairy_s_mon_fairy_CAST_F04.png|AREA_03_IMAGES_OUTPUT/CAST/004_m_fairy_s_mon_fairy_CAST_F05.png|AREA_03_IMAGES_OUTPUT/CAST/004_m_fairy_s_mon_fairy_CAST_F06.png|AREA_03_IMAGES_OUTPUT/CAST/004_m_fairy_s_mon_fairy_CAST_F07.png,m_slime_슬라임
D:\maplestory_levup\docs\art\output_audit\runs\20260912_162508_msw_origin_art_review\CROSS_AREA_STYLE_BOARD\area_03_m_faust_CAST_VFX_NATIVE.png,CAST_VFX_WITH_AREA00,m_faust,1:1; no crop,AREA_03_IMAGES_OUTPUT/CAST/005_m_faust_s_mon_faust_CAST_F00.png|AREA_03_IMAGES_OUTPUT/CAST/005_m_faust_s_mon_faust_CAST_F01.png|AREA_03_IMAGES_OUTPUT/CAST/005_m_faust_s_mon_faust_CAST_F02.png|AREA_03_IMAGES_OUTPUT/CAST/005_m_faust_s_mon_faust_CAST_F03.png|AREA_03_IMAGES_OUTPUT/CAST/005_m_faust_s_mon_faust_CAST_F04.png|AREA_03_IMAGES_OUTPUT/CAST/005_m_faust_s_mon_faust_CAST_F05.png|AREA_03_IMAGES_OUTPUT/CAST/005_m_faust_s_mon_faust_CAST_F06.png|AREA_03_IMAGES_OUTPUT/CAST/005_m_faust_s_mon_faust_CAST_F07.png|AREA_03_IMAGES_OUTPUT/CAST/005_m_faust_s_mon_faust_CAST_F08.png|AREA_03_IMAGES_OUTPUT/CAST/005_m_faust_s_mon_faust_CAST_F09.png|AREA_03_IMAGES_OUTPUT/CAST/005_m_faust_s_mon_faust_CAST_F10.png|AREA_03_IMAGES_OUTPUT/CAST/005_m_faust_s_mon_faust_CAST_F11.png,m_mano_마노
D:\maplestory_levup\docs\art\output_audit\runs\20260912_162508_msw_origin_art_review\CROSS_AREA_STYLE_BOARD\area_03_m_faust_PROJECTILE_NATIVE.png,PROJECTILE_WITH_AREA00,m_faust,1:1; no crop,AREA_03_IMAGES_OUTPUT/PROJECTILE/005_m_faust_s_mon_faust_PROJECTILE_F00.png|AREA_03_IMAGES_OUTPUT/PROJECTILE/005_m_faust_s_mon_faust_PROJECTILE_F01.png|AREA_03_IMAGES_OUTPUT/PROJECTILE/005_m_faust_s_mon_faust_PROJECTILE_F02.png|AREA_03_IMAGES_OUTPUT/PROJECTILE/005_m_faust_s_mon_faust_PROJECTILE_F03.png,m_mano_마노
D:\maplestory_levup\docs\art\output_audit\runs\20260912_162508_msw_origin_art_review\CROSS_AREA_STYLE_BOARD\area_04_m_octopus_CAST_VFX_NATIVE.png,CAST_VFX_WITH_AREA00,m_octopus,1:1; no crop,AREA_04_IMAGES_OUTPUT/CAST/001_m_octopus_s_mon_octopus_CAST_F00.png|AREA_04_IMAGES_OUTPUT/CAST/001_m_octopus_s_mon_octopus_CAST_F01.png|AREA_04_IMAGES_OUTPUT/CAST/001_m_octopus_s_mon_octopus_CAST_F02.png|AREA_04_IMAGES_OUTPUT/CAST/001_m_octopus_s_mon_octopus_CAST_F03.png|AREA_04_IMAGES_OUTPUT/CAST/001_m_octopus_s_mon_octopus_CAST_F04.png|AREA_04_IMAGES_OUTPUT/CAST/001_m_octopus_s_mon_octopus_CAST_F05.png|AREA_04_IMAGES_OUTPUT/CAST/001_m_octopus_s_mon_octopus_CAST_F06.png|AREA_04_IMAGES_OUTPUT/CAST/001_m_octopus_s_mon_octopus_CAST_F07.png,m_slime_슬라임
D:\maplestory_levup\docs\art\output_audit\runs\20260912_162508_msw_origin_art_review\CROSS_AREA_STYLE_BOARD\area_04_m_stirge_REFERENCE_VFX_NATIVE.png,REFERENCE_VFX_WITH_AREA00,m_stirge,1:1; no crop,AREA_04_IMAGES_OUTPUT/REFERENCE/002_m_stirge_s_mon_stirge_REFERENCE_F00.png|AREA_04_IMAGES_OUTPUT/REFERENCE/002_m_stirge_s_mon_stirge_REFERENCE_F01.png|AREA_04_IMAGES_OUTPUT/REFERENCE/002_m_stirge_s_mon_stirge_REFERENCE_F02.png|AREA_04_IMAGES_OUTPUT/REFERENCE/002_m_stirge_s_mon_stirge_REFERENCE_F03.png|AREA_04_IMAGES_OUTPUT/REFERENCE/002_m_stirge_s_mon_stirge_REFERENCE_F04.png|AREA_04_IMAGES_OUTPUT/REFERENCE/002_m_stirge_s_mon_stirge_REFERENCE_F05.png,m_blue_snail_파란_달팽이
D:\maplestory_levup\docs\art\output_audit\runs\20260912_162508_msw_origin_art_review\CROSS_AREA_STYLE_BOARD\area_04_m_jr_wraith_CAST_VFX_NATIVE.png,CAST_VFX_WITH_AREA00,m_jr_wraith,1:1; no crop,AREA_04_IMAGES_OUTPUT/CAST/003_m_jr_wraith_s_mon_jr_wraith_CAST_F00.png|AREA_04_IMAGES_OUTPUT/CAST/003_m_jr_wraith_s_mon_jr_wraith_CAST_F01.png|AREA_04_IMAGES_OUTPUT/CAST/003_m_jr_wraith_s_mon_jr_wraith_CAST_F02.png|AREA_04_IMAGES_OUTPUT/CAST/003_m_jr_wraith_s_mon_jr_wraith_CAST_F03.png|AREA_04_IMAGES_OUTPUT/CAST/003_m_jr_wraith_s_mon_jr_wraith_CAST_F04.png|AREA_04_IMAGES_OUTPUT/CAST/003_m_jr_wraith_s_mon_jr_wraith_CAST_F05.png|AREA_04_IMAGES_OUTPUT/CAST/003_m_jr_wraith_s_mon_jr_wraith_CAST_F06.png|AREA_04_IMAGES_OUTPUT/CAST/003_m_jr_wraith_s_mon_jr_wraith_CAST_F07.png,m_slime_슬라임
D:\maplestory_levup\docs\art\output_audit\runs\20260912_162508_msw_origin_art_review\CROSS_AREA_STYLE_BOARD\area_04_m_wraith_REFERENCE_VFX_NATIVE.png,REFERENCE_VFX_WITH_AREA00,m_wraith,1:1; no crop,AREA_04_IMAGES_OUTPUT/REFERENCE/004_m_wraith_s_mon_wraith_REFERENCE_F00.png|AREA_04_IMAGES_OUTPUT/REFERENCE/004_m_wraith_s_mon_wraith_REFERENCE_F01.png|AREA_04_IMAGES_OUTPUT/REFERENCE/004_m_wraith_s_mon_wraith_REFERENCE_F02.png|AREA_04_IMAGES_OUTPUT/REFERENCE/004_m_wraith_s_mon_wraith_REFERENCE_F03.png|AREA_04_IMAGES_OUTPUT/REFERENCE/004_m_wraith_s_mon_wraith_REFERENCE_F04.png|AREA_04_IMAGES_OUTPUT/REFERENCE/004_m_wraith_s_mon_wraith_REFERENCE_F05.png,m_blue_snail_파란_달팽이
D:\maplestory_levup\docs\art\output_audit\runs\20260912_162508_msw_origin_art_review\CROSS_AREA_STYLE_BOARD\area_04_m_shade_CAST_VFX_NATIVE.png,CAST_VFX_WITH_AREA00,m_shade,1:1; no crop,AREA_04_IMAGES_OUTPUT/CAST/005_m_shade_s_mon_shade_CAST_F00.png|AREA_04_IMAGES_OUTPUT/CAST/005_m_shade_s_mon_shade_CAST_F01.png|AREA_04_IMAGES_OUTPUT/CAST/005_m_shade_s_mon_shade_CAST_F02.png|AREA_04_IMAGES_OUTPUT/CAST/005_m_shade_s_mon_shade_CAST_F03.png|AREA_04_IMAGES_OUTPUT/CAST/005_m_shade_s_mon_shade_CAST_F04.png|AREA_04_IMAGES_OUTPUT/CAST/005_m_shade_s_mon_shade_CAST_F05.png|AREA_04_IMAGES_OUTPUT/CAST/005_m_shade_s_mon_shade_CAST_F06.png|AREA_04_IMAGES_OUTPUT/CAST/005_m_shade_s_mon_shade_CAST_F07.png|AREA_04_IMAGES_OUTPUT/CAST/005_m_shade_s_mon_shade_CAST_F08.png|AREA_04_IMAGES_OUTPUT/CAST/005_m_shade_s_mon_shade_CAST_F09.png|AREA_04_IMAGES_OUTPUT/CAST/005_m_shade_s_mon_shade_CAST_F10.png|AREA_04_IMAGES_OUTPUT/CAST/005_m_shade_s_mon_shade_CAST_F11.png,m_mano_마노
D:\maplestory_levup\docs\art\output_audit\runs\20260912_162508_msw_origin_art_review\CROSS_AREA_STYLE_BOARD\area_05_m_ribbon_pig_CAST_VFX_NATIVE.png,CAST_VFX_WITH_AREA00,m_ribbon_pig,1:1; no crop,AREA_05_IMAGES_OUTPUT/CAST/001_m_ribbon_pig_s_mon_ribbon_pig_CAST_F00.png|AREA_05_IMAGES_OUTPUT/CAST/001_m_ribbon_pig_s_mon_ribbon_pig_CAST_F01.png|AREA_05_IMAGES_OUTPUT/CAST/001_m_ribbon_pig_s_mon_ribbon_pig_CAST_F02.png|AREA_05_IMAGES_OUTPUT/CAST/001_m_ribbon_pig_s_mon_ribbon_pig_CAST_F03.png|AREA_05_IMAGES_OUTPUT/CAST/001_m_ribbon_pig_s_mon_ribbon_pig_CAST_F04.png|AREA_05_IMAGES_OUTPUT/CAST/001_m_ribbon_pig_s_mon_ribbon_pig_CAST_F05.png|AREA_05_IMAGES_OUTPUT/CAST/001_m_ribbon_pig_s_mon_ribbon_pig_CAST_F06.png|AREA_05_IMAGES_OUTPUT/CAST/001_m_ribbon_pig_s_mon_ribbon_pig_CAST_F07.png,m_red_snail_빨간_달팽이
D:\maplestory_levup\docs\art\output_audit\runs\20260912_162508_msw_origin_art_review\CROSS_AREA_STYLE_BOARD\area_05_m_blue_pig_REFERENCE_VFX_NATIVE.png,REFERENCE_VFX_WITH_AREA00,m_blue_pig,1:1; no crop,AREA_05_IMAGES_OUTPUT/REFERENCE/002_m_blue_pig_s_mon_blue_pig_REFERENCE_F00.png|AREA_05_IMAGES_OUTPUT/REFERENCE/002_m_blue_pig_s_mon_blue_pig_REFERENCE_F01.png|AREA_05_IMAGES_OUTPUT/REFERENCE/002_m_blue_pig_s_mon_blue_pig_REFERENCE_F02.png|AREA_05_IMAGES_OUTPUT/REFERENCE/002_m_blue_pig_s_mon_blue_pig_REFERENCE_F03.png|AREA_05_IMAGES_OUTPUT/REFERENCE/002_m_blue_pig_s_mon_blue_pig_REFERENCE_F04.png|AREA_05_IMAGES_OUTPUT/REFERENCE/002_m_blue_pig_s_mon_blue_pig_REFERENCE_F05.png,m_blue_snail_파란_달팽이
D:\maplestory_levup\docs\art\output_audit\runs\20260912_162508_msw_origin_art_review\CROSS_AREA_STYLE_BOARD\area_05_m_starfish_CAST_VFX_NATIVE.png,CAST_VFX_WITH_AREA00,m_starfish,1:1; no crop,AREA_05_IMAGES_OUTPUT/CAST/003_m_starfish_s_mon_starfish_CAST_F00.png|AREA_05_IMAGES_OUTPUT/CAST/003_m_starfish_s_mon_starfish_CAST_F01.png|AREA_05_IMAGES_OUTPUT/CAST/003_m_starfish_s_mon_starfish_CAST_F02.png|AREA_05_IMAGES_OUTPUT/CAST/003_m_starfish_s_mon_starfish_CAST_F03.png|AREA_05_IMAGES_OUTPUT/CAST/003_m_starfish_s_mon_starfish_CAST_F04.png|AREA_05_IMAGES_OUTPUT/CAST/003_m_starfish_s_mon_starfish_CAST_F05.png|AREA_05_IMAGES_OUTPUT/CAST/003_m_starfish_s_mon_starfish_CAST_F06.png|AREA_05_IMAGES_OUTPUT/CAST/003_m_starfish_s_mon_starfish_CAST_F07.png,m_red_snail_빨간_달팽이
D:\maplestory_levup\docs\art\output_audit\runs\20260912_162508_msw_origin_art_review\CROSS_AREA_STYLE_BOARD\area_05_m_jellyfish_REFERENCE_VFX_NATIVE.png,REFERENCE_VFX_WITH_AREA00,m_jellyfish,1:1; no crop,AREA_05_IMAGES_OUTPUT/REFERENCE/004_m_jellyfish_s_mon_jellyfish_REFERENCE_F00.png|AREA_05_IMAGES_OUTPUT/REFERENCE/004_m_jellyfish_s_mon_jellyfish_REFERENCE_F01.png|AREA_05_IMAGES_OUTPUT/REFERENCE/004_m_jellyfish_s_mon_jellyfish_REFERENCE_F02.png|AREA_05_IMAGES_OUTPUT/REFERENCE/004_m_jellyfish_s_mon_jellyfish_REFERENCE_F03.png|AREA_05_IMAGES_OUTPUT/REFERENCE/004_m_jellyfish_s_mon_jellyfish_REFERENCE_F04.png|AREA_05_IMAGES_OUTPUT/REFERENCE/004_m_jellyfish_s_mon_jellyfish_REFERENCE_F05.png,m_blue_snail_파란_달팽이
D:\maplestory_levup\docs\art\output_audit\runs\20260912_162508_msw_origin_art_review\CROSS_AREA_STYLE_BOARD\area_05_m_king_clang_CAST_VFX_NATIVE.png,CAST_VFX_WITH_AREA00,m_king_clang,1:1; no crop,AREA_05_IMAGES_OUTPUT/CAST/005_m_king_clang_s_mon_king_clang_CAST_F00.png|AREA_05_IMAGES_OUTPUT/CAST/005_m_king_clang_s_mon_king_clang_CAST_F01.png|AREA_05_IMAGES_OUTPUT/CAST/005_m_king_clang_s_mon_king_clang_CAST_F02.png|AREA_05_IMAGES_OUTPUT/CAST/005_m_king_clang_s_mon_king_clang_CAST_F03.png|AREA_05_IMAGES_OUTPUT/CAST/005_m_king_clang_s_mon_king_clang_CAST_F04.png|AREA_05_IMAGES_OUTPUT/CAST/005_m_king_clang_s_mon_king_clang_CAST_F05.png|AREA_05_IMAGES_OUTPUT/CAST/005_m_king_clang_s_mon_king_clang_CAST_F06.png|AREA_05_IMAGES_OUTPUT/CAST/005_m_king_clang_s_mon_king_clang_CAST_F07.png|AREA_05_IMAGES_OUTPUT/CAST/005_m_king_clang_s_mon_king_clang_CAST_F08.png|AREA_05_IMAGES_OUTPUT/CAST/005_m_king_clang_s_mon_king_clang_CAST_F09.png|AREA_05_IMAGES_OUTPUT/CAST/005_m_king_clang_s_mon_king_clang_CAST_F10.png|AREA_05_IMAGES_OUTPUT/CAST/005_m_king_clang_s_mon_king_clang_CAST_F11.png,m_mano_마노
D:\maplestory_levup\docs\art\output_audit\runs\20260912_162508_msw_origin_art_review\CROSS_AREA_STYLE_BOARD\area_07_m_zombie_mushroom_REFERENCE_VFX_NATIVE.png,REFERENCE_VFX_WITH_AREA00,m_zombie_mushroom,1:1; no crop,AREA_07_IMAGES_OUTPUT/REFERENCE/001_m_zombie_mushroom_s_mon_zombie_mushroom_REFERENCE_F00.png|AREA_07_IMAGES_OUTPUT/REFERENCE/001_m_zombie_mushroom_s_mon_zombie_mushroom_REFERENCE_F01.png|AREA_07_IMAGES_OUTPUT/REFERENCE/001_m_zombie_mushroom_s_mon_zombie_mushroom_REFERENCE_F02.png|AREA_07_IMAGES_OUTPUT/REFERENCE/001_m_zombie_mushroom_s_mon_zombie_mushroom_REFERENCE_F03.png|AREA_07_IMAGES_OUTPUT/REFERENCE/001_m_zombie_mushroom_s_mon_zombie_mushroom_REFERENCE_F04.png|AREA_07_IMAGES_OUTPUT/REFERENCE/001_m_zombie_mushroom_s_mon_zombie_mushroom_REFERENCE_F05.png,m_blue_snail_파란_달팽이
D:\maplestory_levup\docs\art\output_audit\runs\20260912_162508_msw_origin_art_review\CROSS_AREA_STYLE_BOARD\area_07_m_copper_drake_REFERENCE_VFX_NATIVE.png,REFERENCE_VFX_WITH_AREA00,m_copper_drake,1:1; no crop,AREA_07_IMAGES_OUTPUT/REFERENCE/002_m_copper_drake_s_mon_copper_drake_REFERENCE_F00.png|AREA_07_IMAGES_OUTPUT/REFERENCE/002_m_copper_drake_s_mon_copper_drake_REFERENCE_F01.png|AREA_07_IMAGES_OUTPUT/REFERENCE/002_m_copper_drake_s_mon_copper_drake_REFERENCE_F02.png|AREA_07_IMAGES_OUTPUT/REFERENCE/002_m_copper_drake_s_mon_copper_drake_REFERENCE_F03.png|AREA_07_IMAGES_OUTPUT/REFERENCE/002_m_copper_drake_s_mon_copper_drake_REFERENCE_F04.png|AREA_07_IMAGES_OUTPUT/REFERENCE/002_m_copper_drake_s_mon_copper_drake_REFERENCE_F05.png,m_blue_snail_파란_달팽이
D:\maplestory_levup\docs\art\output_audit\runs\20260912_162508_msw_origin_art_review\CROSS_AREA_STYLE_BOARD\area_07_m_drake_CAST_VFX_NATIVE.png,CAST_VFX_WITH_AREA00,m_drake,1:1; no crop,AREA_07_IMAGES_OUTPUT/CAST/003_m_drake_s_mon_drake_CAST_F00.png|AREA_07_IMAGES_OUTPUT/CAST/003_m_drake_s_mon_drake_CAST_F01.png|AREA_07_IMAGES_OUTPUT/CAST/003_m_drake_s_mon_drake_CAST_F02.png|AREA_07_IMAGES_OUTPUT/CAST/003_m_drake_s_mon_drake_CAST_F03.png|AREA_07_IMAGES_OUTPUT/CAST/003_m_drake_s_mon_drake_CAST_F04.png|AREA_07_IMAGES_OUTPUT/CAST/003_m_drake_s_mon_drake_CAST_F05.png|AREA_07_IMAGES_OUTPUT/CAST/003_m_drake_s_mon_drake_CAST_F06.png|AREA_07_IMAGES_OUTPUT/CAST/003_m_drake_s_mon_drake_CAST_F07.png,m_red_snail_빨간_달팽이
D:\maplestory_levup\docs\art\output_audit\runs\20260912_162508_msw_origin_art_review\CROSS_AREA_STYLE_BOARD\area_07_m_wild_kargo_CAST_VFX_NATIVE.png,CAST_VFX_WITH_AREA00,m_wild_kargo,1:1; no crop,AREA_07_IMAGES_OUTPUT/CAST/004_m_wild_kargo_s_mon_wild_kargo_CAST_F00.png|AREA_07_IMAGES_OUTPUT/CAST/004_m_wild_kargo_s_mon_wild_kargo_CAST_F01.png|AREA_07_IMAGES_OUTPUT/CAST/004_m_wild_kargo_s_mon_wild_kargo_CAST_F02.png|AREA_07_IMAGES_OUTPUT/CAST/004_m_wild_kargo_s_mon_wild_kargo_CAST_F03.png|AREA_07_IMAGES_OUTPUT/CAST/004_m_wild_kargo_s_mon_wild_kargo_CAST_F04.png|AREA_07_IMAGES_OUTPUT/CAST/004_m_wild_kargo_s_mon_wild_kargo_CAST_F05.png|AREA_07_IMAGES_OUTPUT/CAST/004_m_wild_kargo_s_mon_wild_kargo_CAST_F06.png|AREA_07_IMAGES_OUTPUT/CAST/004_m_wild_kargo_s_mon_wild_kargo_CAST_F07.png,m_red_snail_빨간_달팽이
D:\maplestory_levup\docs\art\output_audit\runs\20260912_162508_msw_origin_art_review\CROSS_AREA_STYLE_BOARD\area_07_m_jr_balrog_CAST_VFX_NATIVE.png,CAST_VFX_WITH_AREA00,m_jr_balrog,1:1; no crop,AREA_07_IMAGES_OUTPUT/CAST/005_m_jr_balrog_s_mon_jr_balrog_CAST_F00.png|AREA_07_IMAGES_OUTPUT/CAST/005_m_jr_balrog_s_mon_jr_balrog_CAST_F01.png|AREA_07_IMAGES_OUTPUT/CAST/005_m_jr_balrog_s_mon_jr_balrog_CAST_F02.png|AREA_07_IMAGES_OUTPUT/CAST/005_m_jr_balrog_s_mon_jr_balrog_CAST_F03.png|AREA_07_IMAGES_OUTPUT/CAST/005_m_jr_balrog_s_mon_jr_balrog_CAST_F04.png|AREA_07_IMAGES_OUTPUT/CAST/005_m_jr_balrog_s_mon_jr_balrog_CAST_F05.png|AREA_07_IMAGES_OUTPUT/CAST/005_m_jr_balrog_s_mon_jr_balrog_CAST_F06.png|AREA_07_IMAGES_OUTPUT/CAST/005_m_jr_balrog_s_mon_jr_balrog_CAST_F07.png|AREA_07_IMAGES_OUTPUT/CAST/005_m_jr_balrog_s_mon_jr_balrog_CAST_F08.png|AREA_07_IMAGES_OUTPUT/CAST/005_m_jr_balrog_s_mon_jr_balrog_CAST_F09.png|AREA_07_IMAGES_OUTPUT/CAST/005_m_jr_balrog_s_mon_jr_balrog_CAST_F10.png|AREA_07_IMAGES_OUTPUT/CAST/005_m_jr_balrog_s_mon_jr_balrog_CAST_F11.png,m_mano_마노
D:\maplestory_levup\docs\art\output_audit\runs\20260912_162508_msw_origin_art_review\CROSS_AREA_STYLE_BOARD\area_07_m_tauromacis_CAST_VFX_NATIVE.png,CAST_VFX_WITH_AREA00,m_tauromacis,1:1; no crop,AREA_07_IMAGES_OUTPUT/CAST/006_m_tauromacis_s_mon_tauromacis_CAST_F00.png|AREA_07_IMAGES_OUTPUT/CAST/006_m_tauromacis_s_mon_tauromacis_CAST_F01.png|AREA_07_IMAGES_OUTPUT/CAST/006_m_tauromacis_s_mon_tauromacis_CAST_F02.png|AREA_07_IMAGES_OUTPUT/CAST/006_m_tauromacis_s_mon_tauromacis_CAST_F03.png|AREA_07_IMAGES_OUTPUT/CAST/006_m_tauromacis_s_mon_tauromacis_CAST_F04.png|AREA_07_IMAGES_OUTPUT/CAST/006_m_tauromacis_s_mon_tauromacis_CAST_F05.png|AREA_07_IMAGES_OUTPUT/CAST/006_m_tauromacis_s_mon_tauromacis_CAST_F06.png|AREA_07_IMAGES_OUTPUT/CAST/006_m_tauromacis_s_mon_tauromacis_CAST_F07.png,m_red_snail_빨간_달팽이
D:\maplestory_levup\docs\art\output_audit\runs\20260912_162508_msw_origin_art_review\CROSS_AREA_STYLE_BOARD\area_08_m_star_pixie_CAST_VFX_NATIVE.png,CAST_VFX_WITH_AREA00,m_star_pixie,1:1; no crop,AREA_08_IMAGES_OUTPUT/CAST/001_m_star_pixie_s_mon_star_pixie_CAST_F00.png|AREA_08_IMAGES_OUTPUT/CAST/001_m_star_pixie_s_mon_star_pixie_CAST_F01.png|AREA_08_IMAGES_OUTPUT/CAST/001_m_star_pixie_s_mon_star_pixie_CAST_F02.png|AREA_08_IMAGES_OUTPUT/CAST/001_m_star_pixie_s_mon_star_pixie_CAST_F03.png|AREA_08_IMAGES_OUTPUT/CAST/001_m_star_pixie_s_mon_star_pixie_CAST_F04.png|AREA_08_IMAGES_OUTPUT/CAST/001_m_star_pixie_s_mon_star_pixie_CAST_F05.png|AREA_08_IMAGES_OUTPUT/CAST/001_m_star_pixie_s_mon_star_pixie_CAST_F06.png|AREA_08_IMAGES_OUTPUT/CAST/001_m_star_pixie_s_mon_star_pixie_CAST_F07.png,m_red_snail_빨간_달팽이
D:\maplestory_levup\docs\art\output_audit\runs\20260912_162508_msw_origin_art_review\CROSS_AREA_STYLE_BOARD\area_08_m_star_pixie_PROJECTILE_NATIVE.png,PROJECTILE_WITH_AREA00,m_star_pixie,1:1; no crop,AREA_08_IMAGES_OUTPUT/PROJECTILE/001_m_star_pixie_s_mon_star_pixie_PROJECTILE_F00.png|AREA_08_IMAGES_OUTPUT/PROJECTILE/001_m_star_pixie_s_mon_star_pixie_PROJECTILE_F01.png|AREA_08_IMAGES_OUTPUT/PROJECTILE/001_m_star_pixie_s_mon_star_pixie_PROJECTILE_F02.png|AREA_08_IMAGES_OUTPUT/PROJECTILE/001_m_star_pixie_s_mon_star_pixie_PROJECTILE_F03.png,m_red_snail_빨간_달팽이
D:\maplestory_levup\docs\art\output_audit\runs\20260912_162508_msw_origin_art_review\CROSS_AREA_STYLE_BOARD\area_08_m_jr_cellion_REFERENCE_VFX_NATIVE.png,REFERENCE_VFX_WITH_AREA00,m_jr_cellion,1:1; no crop,AREA_08_IMAGES_OUTPUT/REFERENCE/002_m_jr_cellion_s_mon_jr_cellion_REFERENCE_F00.png|AREA_08_IMAGES_OUTPUT/REFERENCE/002_m_jr_cellion_s_mon_jr_cellion_REFERENCE_F01.png|AREA_08_IMAGES_OUTPUT/REFERENCE/002_m_jr_cellion_s_mon_jr_cellion_REFERENCE_F02.png|AREA_08_IMAGES_OUTPUT/REFERENCE/002_m_jr_cellion_s_mon_jr_cellion_REFERENCE_F03.png|AREA_08_IMAGES_OUTPUT/REFERENCE/002_m_jr_cellion_s_mon_jr_cellion_REFERENCE_F04.png|AREA_08_IMAGES_OUTPUT/REFERENCE/002_m_jr_cellion_s_mon_jr_cellion_REFERENCE_F05.png,m_blue_snail_파란_달팽이
D:\maplestory_levup\docs\art\output_audit\runs\20260912_162508_msw_origin_art_review\CROSS_AREA_STYLE_BOARD\area_08_m_lunar_pixie_CAST_VFX_NATIVE.png,CAST_VFX_WITH_AREA00,m_lunar_pixie,1:1; no crop,AREA_08_IMAGES_OUTPUT/CAST/003_m_lunar_pixie_s_mon_lunar_pixie_CAST_F00.png|AREA_08_IMAGES_OUTPUT/CAST/003_m_lunar_pixie_s_mon_lunar_pixie_CAST_F01.png|AREA_08_IMAGES_OUTPUT/CAST/003_m_lunar_pixie_s_mon_lunar_pixie_CAST_F02.png|AREA_08_IMAGES_OUTPUT/CAST/003_m_lunar_pixie_s_mon_lunar_pixie_CAST_F03.png|AREA_08_IMAGES_OUTPUT/CAST/003_m_lunar_pixie_s_mon_lunar_pixie_CAST_F04.png|AREA_08_IMAGES_OUTPUT/CAST/003_m_lunar_pixie_s_mon_lunar_pixie_CAST_F05.png|AREA_08_IMAGES_OUTPUT/CAST/003_m_lunar_pixie_s_mon_lunar_pixie_CAST_F06.png|AREA_08_IMAGES_OUTPUT/CAST/003_m_lunar_pixie_s_mon_lunar_pixie_CAST_F07.png,m_red_snail_빨간_달팽이
D:\maplestory_levup\docs\art\output_audit\runs\20260912_162508_msw_origin_art_review\CROSS_AREA_STYLE_BOARD\area_08_m_lunar_pixie_PROJECTILE_NATIVE.png,PROJECTILE_WITH_AREA00,m_lunar_pixie,1:1; no crop,AREA_08_IMAGES_OUTPUT/PROJECTILE/003_m_lunar_pixie_s_mon_lunar_pixie_PROJECTILE_F00.png|AREA_08_IMAGES_OUTPUT/PROJECTILE/003_m_lunar_pixie_s_mon_lunar_pixie_PROJECTILE_F01.png|AREA_08_IMAGES_OUTPUT/PROJECTILE/003_m_lunar_pixie_s_mon_lunar_pixie_PROJECTILE_F02.png|AREA_08_IMAGES_OUTPUT/PROJECTILE/003_m_lunar_pixie_s_mon_lunar_pixie_PROJECTILE_F03.png,m_red_snail_빨간_달팽이
D:\maplestory_levup\docs\art\output_audit\runs\20260912_162508_msw_origin_art_review\CROSS_AREA_STYLE_BOARD\area_08_m_luster_pixie_REFERENCE_VFX_NATIVE.png,REFERENCE_VFX_WITH_AREA00,m_luster_pixie,1:1; no crop,AREA_08_IMAGES_OUTPUT/REFERENCE/004_m_luster_pixie_s_mon_luster_pixie_REFERENCE_F00.png|AREA_08_IMAGES_OUTPUT/REFERENCE/004_m_luster_pixie_s_mon_luster_pixie_REFERENCE_F01.png|AREA_08_IMAGES_OUTPUT/REFERENCE/004_m_luster_pixie_s_mon_luster_pixie_REFERENCE_F02.png|AREA_08_IMAGES_OUTPUT/REFERENCE/004_m_luster_pixie_s_mon_luster_pixie_REFERENCE_F03.png|AREA_08_IMAGES_OUTPUT/REFERENCE/004_m_luster_pixie_s_mon_luster_pixie_REFERENCE_F04.png|AREA_08_IMAGES_OUTPUT/REFERENCE/004_m_luster_pixie_s_mon_luster_pixie_REFERENCE_F05.png,m_blue_snail_파란_달팽이
D:\maplestory_levup\docs\art\output_audit\runs\20260912_162508_msw_origin_art_review\CROSS_AREA_STYLE_BOARD\area_08_m_eliza_CAST_VFX_NATIVE.png,CAST_VFX_WITH_AREA00,m_eliza,1:1; no crop,AREA_08_IMAGES_OUTPUT/CAST/005_m_eliza_s_mon_eliza_CAST_F00.png|AREA_08_IMAGES_OUTPUT/CAST/005_m_eliza_s_mon_eliza_CAST_F01.png|AREA_08_IMAGES_OUTPUT/CAST/005_m_eliza_s_mon_eliza_CAST_F02.png|AREA_08_IMAGES_OUTPUT/CAST/005_m_eliza_s_mon_eliza_CAST_F03.png|AREA_08_IMAGES_OUTPUT/CAST/005_m_eliza_s_mon_eliza_CAST_F04.png|AREA_08_IMAGES_OUTPUT/CAST/005_m_eliza_s_mon_eliza_CAST_F05.png|AREA_08_IMAGES_OUTPUT/CAST/005_m_eliza_s_mon_eliza_CAST_F06.png|AREA_08_IMAGES_OUTPUT/CAST/005_m_eliza_s_mon_eliza_CAST_F07.png|AREA_08_IMAGES_OUTPUT/CAST/005_m_eliza_s_mon_eliza_CAST_F08.png|AREA_08_IMAGES_OUTPUT/CAST/005_m_eliza_s_mon_eliza_CAST_F09.png|AREA_08_IMAGES_OUTPUT/CAST/005_m_eliza_s_mon_eliza_CAST_F10.png|AREA_08_IMAGES_OUTPUT/CAST/005_m_eliza_s_mon_eliza_CAST_F11.png,m_mano_마노
D:\maplestory_levup\docs\art\output_audit\runs\20260912_162508_msw_origin_art_review\CROSS_AREA_STYLE_BOARD\area_09_m_jr_yeti_REFERENCE_VFX_NATIVE.png,REFERENCE_VFX_WITH_AREA00,m_jr_yeti,1:1; no crop,AREA_09_IMAGES_OUTPUT/REFERENCE/001_m_jr_yeti_s_mon_jr_yeti_REFERENCE_F00.png|AREA_09_IMAGES_OUTPUT/REFERENCE/001_m_jr_yeti_s_mon_jr_yeti_REFERENCE_F01.png|AREA_09_IMAGES_OUTPUT/REFERENCE/001_m_jr_yeti_s_mon_jr_yeti_REFERENCE_F02.png|AREA_09_IMAGES_OUTPUT/REFERENCE/001_m_jr_yeti_s_mon_jr_yeti_REFERENCE_F03.png|AREA_09_IMAGES_OUTPUT/REFERENCE/001_m_jr_yeti_s_mon_jr_yeti_REFERENCE_F04.png|AREA_09_IMAGES_OUTPUT/REFERENCE/001_m_jr_yeti_s_mon_jr_yeti_REFERENCE_F05.png,m_blue_snail_파란_달팽이
D:\maplestory_levup\docs\art\output_audit\runs\20260912_162508_msw_origin_art_review\CROSS_AREA_STYLE_BOARD\area_09_m_dark_jr_yeti_REFERENCE_VFX_NATIVE.png,REFERENCE_VFX_WITH_AREA00,m_dark_jr_yeti,1:1; no crop,AREA_09_IMAGES_OUTPUT/REFERENCE/002_m_dark_jr_yeti_s_mon_dark_jr_yeti_REFERENCE_F00.png|AREA_09_IMAGES_OUTPUT/REFERENCE/002_m_dark_jr_yeti_s_mon_dark_jr_yeti_REFERENCE_F01.png|AREA_09_IMAGES_OUTPUT/REFERENCE/002_m_dark_jr_yeti_s_mon_dark_jr_yeti_REFERENCE_F02.png|AREA_09_IMAGES_OUTPUT/REFERENCE/002_m_dark_jr_yeti_s_mon_dark_jr_yeti_REFERENCE_F03.png|AREA_09_IMAGES_OUTPUT/REFERENCE/002_m_dark_jr_yeti_s_mon_dark_jr_yeti_REFERENCE_F04.png|AREA_09_IMAGES_OUTPUT/REFERENCE/002_m_dark_jr_yeti_s_mon_dark_jr_yeti_REFERENCE_F05.png,m_blue_snail_파란_달팽이
D:\maplestory_levup\docs\art\output_audit\runs\20260912_162508_msw_origin_art_review\CROSS_AREA_STYLE_BOARD\area_09_m_hector_CAST_VFX_NATIVE.png,CAST_VFX_WITH_AREA00,m_hector,1:1; no crop,AREA_09_IMAGES_OUTPUT/CAST/003_m_hector_s_mon_hector_CAST_F00.png|AREA_09_IMAGES_OUTPUT/CAST/003_m_hector_s_mon_hector_CAST_F01.png|AREA_09_IMAGES_OUTPUT/CAST/003_m_hector_s_mon_hector_CAST_F02.png|AREA_09_IMAGES_OUTPUT/CAST/003_m_hector_s_mon_hector_CAST_F03.png|AREA_09_IMAGES_OUTPUT/CAST/003_m_hector_s_mon_hector_CAST_F04.png|AREA_09_IMAGES_OUTPUT/CAST/003_m_hector_s_mon_hector_CAST_F05.png|AREA_09_IMAGES_OUTPUT/CAST/003_m_hector_s_mon_hector_CAST_F06.png|AREA_09_IMAGES_OUTPUT/CAST/003_m_hector_s_mon_hector_CAST_F07.png,m_red_snail_빨간_달팽이
D:\maplestory_levup\docs\art\output_audit\runs\20260912_162508_msw_origin_art_review\CROSS_AREA_STYLE_BOARD\area_09_m_white_fang_CAST_VFX_NATIVE.png,CAST_VFX_WITH_AREA00,m_white_fang,1:1; no crop,AREA_09_IMAGES_OUTPUT/CAST/004_m_white_fang_s_mon_white_fang_CAST_F00.png|AREA_09_IMAGES_OUTPUT/CAST/004_m_white_fang_s_mon_white_fang_CAST_F01.png|AREA_09_IMAGES_OUTPUT/CAST/004_m_white_fang_s_mon_white_fang_CAST_F02.png|AREA_09_IMAGES_OUTPUT/CAST/004_m_white_fang_s_mon_white_fang_CAST_F03.png|AREA_09_IMAGES_OUTPUT/CAST/004_m_white_fang_s_mon_white_fang_CAST_F04.png|AREA_09_IMAGES_OUTPUT/CAST/004_m_white_fang_s_mon_white_fang_CAST_F05.png|AREA_09_IMAGES_OUTPUT/CAST/004_m_white_fang_s_mon_white_fang_CAST_F06.png|AREA_09_IMAGES_OUTPUT/CAST/004_m_white_fang_s_mon_white_fang_CAST_F07.png,m_slime_슬라임
D:\maplestory_levup\docs\art\output_audit\runs\20260912_162508_msw_origin_art_review\CROSS_AREA_STYLE_BOARD\area_09_m_snow_witch_CAST_VFX_NATIVE.png,CAST_VFX_WITH_AREA00,m_snow_witch,1:1; no crop,AREA_09_IMAGES_OUTPUT/CAST/005_m_snow_witch_s_mon_snow_witch_CAST_F00.png|AREA_09_IMAGES_OUTPUT/CAST/005_m_snow_witch_s_mon_snow_witch_CAST_F01.png|AREA_09_IMAGES_OUTPUT/CAST/005_m_snow_witch_s_mon_snow_witch_CAST_F02.png|AREA_09_IMAGES_OUTPUT/CAST/005_m_snow_witch_s_mon_snow_witch_CAST_F03.png|AREA_09_IMAGES_OUTPUT/CAST/005_m_snow_witch_s_mon_snow_witch_CAST_F04.png|AREA_09_IMAGES_OUTPUT/CAST/005_m_snow_witch_s_mon_snow_witch_CAST_F05.png|AREA_09_IMAGES_OUTPUT/CAST/005_m_snow_witch_s_mon_snow_witch_CAST_F06.png|AREA_09_IMAGES_OUTPUT/CAST/005_m_snow_witch_s_mon_snow_witch_CAST_F07.png|AREA_09_IMAGES_OUTPUT/CAST/005_m_snow_witch_s_mon_snow_witch_CAST_F08.png|AREA_09_IMAGES_OUTPUT/CAST/005_m_snow_witch_s_mon_snow_witch_CAST_F09.png|AREA_09_IMAGES_OUTPUT/CAST/005_m_snow_witch_s_mon_snow_witch_CAST_F10.png|AREA_09_IMAGES_OUTPUT/CAST/005_m_snow_witch_s_mon_snow_witch_CAST_F11.png,m_mano_마노
D:\maplestory_levup\docs\art\output_audit\runs\20260912_162508_msw_origin_art_review\CROSS_AREA_STYLE_BOARD\area_10_m_bubble_fish_REFERENCE_VFX_NATIVE.png,REFERENCE_VFX_WITH_AREA00,m_bubble_fish,1:1; no crop,AREA_10_IMAGES_OUTPUT/REFERENCE/001_m_bubble_fish_s_mon_bubble_fish_REFERENCE_F00.png|AREA_10_IMAGES_OUTPUT/REFERENCE/001_m_bubble_fish_s_mon_bubble_fish_REFERENCE_F01.png|AREA_10_IMAGES_OUTPUT/REFERENCE/001_m_bubble_fish_s_mon_bubble_fish_REFERENCE_F02.png|AREA_10_IMAGES_OUTPUT/REFERENCE/001_m_bubble_fish_s_mon_bubble_fish_REFERENCE_F03.png|AREA_10_IMAGES_OUTPUT/REFERENCE/001_m_bubble_fish_s_mon_bubble_fish_REFERENCE_F04.png|AREA_10_IMAGES_OUTPUT/REFERENCE/001_m_bubble_fish_s_mon_bubble_fish_REFERENCE_F05.png,m_blue_snail_파란_달팽이
D:\maplestory_levup\docs\art\output_audit\runs\20260912_162508_msw_origin_art_review\CROSS_AREA_STYLE_BOARD\area_10_m_mask_fish_REFERENCE_VFX_NATIVE.png,REFERENCE_VFX_WITH_AREA00,m_mask_fish,1:1; no crop,AREA_10_IMAGES_OUTPUT/REFERENCE/002_m_mask_fish_s_mon_mask_fish_REFERENCE_F00.png|AREA_10_IMAGES_OUTPUT/REFERENCE/002_m_mask_fish_s_mon_mask_fish_REFERENCE_F01.png|AREA_10_IMAGES_OUTPUT/REFERENCE/002_m_mask_fish_s_mon_mask_fish_REFERENCE_F02.png|AREA_10_IMAGES_OUTPUT/REFERENCE/002_m_mask_fish_s_mon_mask_fish_REFERENCE_F03.png|AREA_10_IMAGES_OUTPUT/REFERENCE/002_m_mask_fish_s_mon_mask_fish_REFERENCE_F04.png|AREA_10_IMAGES_OUTPUT/REFERENCE/002_m_mask_fish_s_mon_mask_fish_REFERENCE_F05.png,m_blue_snail_파란_달팽이
D:\maplestory_levup\docs\art\output_audit\runs\20260912_162508_msw_origin_art_review\CROSS_AREA_STYLE_BOARD\area_10_m_squid_CAST_VFX_NATIVE.png,CAST_VFX_WITH_AREA00,m_squid,1:1; no crop,AREA_10_IMAGES_OUTPUT/CAST/003_m_squid_s_mon_squid_CAST_F00.png|AREA_10_IMAGES_OUTPUT/CAST/003_m_squid_s_mon_squid_CAST_F01.png|AREA_10_IMAGES_OUTPUT/CAST/003_m_squid_s_mon_squid_CAST_F02.png|AREA_10_IMAGES_OUTPUT/CAST/003_m_squid_s_mon_squid_CAST_F03.png|AREA_10_IMAGES_OUTPUT/CAST/003_m_squid_s_mon_squid_CAST_F04.png|AREA_10_IMAGES_OUTPUT/CAST/003_m_squid_s_mon_squid_CAST_F05.png|AREA_10_IMAGES_OUTPUT/CAST/003_m_squid_s_mon_squid_CAST_F06.png|AREA_10_IMAGES_OUTPUT/CAST/003_m_squid_s_mon_squid_CAST_F07.png,m_slime_슬라임
D:\maplestory_levup\docs\art\output_audit\runs\20260912_162508_msw_origin_art_review\CROSS_AREA_STYLE_BOARD\area_10_m_shark_CAST_VFX_NATIVE.png,CAST_VFX_WITH_AREA00,m_shark,1:1; no crop,AREA_10_IMAGES_OUTPUT/CAST/004_m_shark_s_mon_shark_CAST_F00.png|AREA_10_IMAGES_OUTPUT/CAST/004_m_shark_s_mon_shark_CAST_F01.png|AREA_10_IMAGES_OUTPUT/CAST/004_m_shark_s_mon_shark_CAST_F02.png|AREA_10_IMAGES_OUTPUT/CAST/004_m_shark_s_mon_shark_CAST_F03.png|AREA_10_IMAGES_OUTPUT/CAST/004_m_shark_s_mon_shark_CAST_F04.png|AREA_10_IMAGES_OUTPUT/CAST/004_m_shark_s_mon_shark_CAST_F05.png|AREA_10_IMAGES_OUTPUT/CAST/004_m_shark_s_mon_shark_CAST_F06.png|AREA_10_IMAGES_OUTPUT/CAST/004_m_shark_s_mon_shark_CAST_F07.png,m_slime_슬라임
D:\maplestory_levup\docs\art\output_audit\runs\20260912_162508_msw_origin_art_review\CROSS_AREA_STYLE_BOARD\area_10_m_shark_PROJECTILE_NATIVE.png,PROJECTILE_WITH_AREA00,m_shark,1:1; no crop,AREA_10_IMAGES_OUTPUT/PROJECTILE/004_m_shark_s_mon_shark_PROJECTILE_F00.png|AREA_10_IMAGES_OUTPUT/PROJECTILE/004_m_shark_s_mon_shark_PROJECTILE_F01.png|AREA_10_IMAGES_OUTPUT/PROJECTILE/004_m_shark_s_mon_shark_PROJECTILE_F02.png|AREA_10_IMAGES_OUTPUT/PROJECTILE/004_m_shark_s_mon_shark_PROJECTILE_F03.png,m_slime_슬라임
D:\maplestory_levup\docs\art\output_audit\runs\20260912_162508_msw_origin_art_review\CROSS_AREA_STYLE_BOARD\area_10_m_pianus_CAST_VFX_NATIVE.png,CAST_VFX_WITH_AREA00,m_pianus,1:1; no crop,AREA_10_IMAGES_OUTPUT/CAST/005_m_pianus_s_mon_pianus_CAST_F00.png|AREA_10_IMAGES_OUTPUT/CAST/005_m_pianus_s_mon_pianus_CAST_F01.png|AREA_10_IMAGES_OUTPUT/CAST/005_m_pianus_s_mon_pianus_CAST_F02.png|AREA_10_IMAGES_OUTPUT/CAST/005_m_pianus_s_mon_pianus_CAST_F03.png|AREA_10_IMAGES_OUTPUT/CAST/005_m_pianus_s_mon_pianus_CAST_F04.png|AREA_10_IMAGES_OUTPUT/CAST/005_m_pianus_s_mon_pianus_CAST_F05.png|AREA_10_IMAGES_OUTPUT/CAST/005_m_pianus_s_mon_pianus_CAST_F06.png|AREA_10_IMAGES_OUTPUT/CAST/005_m_pianus_s_mon_pianus_CAST_F07.png|AREA_10_IMAGES_OUTPUT/CAST/005_m_pianus_s_mon_pianus_CAST_F08.png|AREA_10_IMAGES_OUTPUT/CAST/005_m_pianus_s_mon_pianus_CAST_F09.png|AREA_10_IMAGES_OUTPUT/CAST/005_m_pianus_s_mon_pianus_CAST_F10.png|AREA_10_IMAGES_OUTPUT/CAST/005_m_pianus_s_mon_pianus_CAST_F11.png,m_mano_마노
D:\maplestory_levup\docs\art\output_audit\runs\20260912_162508_msw_origin_art_review\CROSS_AREA_STYLE_BOARD\area_11_m_ratz_REFERENCE_VFX_NATIVE.png,REFERENCE_VFX_WITH_AREA00,m_ratz,1:1; no crop,AREA_11_IMAGES_OUTPUT/REFERENCE/001_m_ratz_s_mon_ratz_REFERENCE_F00.png|AREA_11_IMAGES_OUTPUT/REFERENCE/001_m_ratz_s_mon_ratz_REFERENCE_F01.png|AREA_11_IMAGES_OUTPUT/REFERENCE/001_m_ratz_s_mon_ratz_REFERENCE_F02.png|AREA_11_IMAGES_OUTPUT/REFERENCE/001_m_ratz_s_mon_ratz_REFERENCE_F03.png|AREA_11_IMAGES_OUTPUT/REFERENCE/001_m_ratz_s_mon_ratz_REFERENCE_F04.png|AREA_11_IMAGES_OUTPUT/REFERENCE/001_m_ratz_s_mon_ratz_REFERENCE_F05.png,m_blue_snail_파란_달팽이
D:\maplestory_levup\docs\art\output_audit\runs\20260912_162508_msw_origin_art_review\CROSS_AREA_STYLE_BOARD\area_11_m_drumming_bunny_CAST_VFX_NATIVE.png,CAST_VFX_WITH_AREA00,m_drumming_bunny,1:1; no crop,AREA_11_IMAGES_OUTPUT/CAST/002_m_drumming_bunny_s_mon_drumming_bunny_CAST_F00.png|AREA_11_IMAGES_OUTPUT/CAST/002_m_drumming_bunny_s_mon_drumming_bunny_CAST_F01.png|AREA_11_IMAGES_OUTPUT/CAST/002_m_drumming_bunny_s_mon_drumming_bunny_CAST_F02.png|AREA_11_IMAGES_OUTPUT/CAST/002_m_drumming_bunny_s_mon_drumming_bunny_CAST_F03.png|AREA_11_IMAGES_OUTPUT/CAST/002_m_drumming_bunny_s_mon_drumming_bunny_CAST_F04.png|AREA_11_IMAGES_OUTPUT/CAST/002_m_drumming_bunny_s_mon_drumming_bunny_CAST_F05.png|AREA_11_IMAGES_OUTPUT/CAST/002_m_drumming_bunny_s_mon_drumming_bunny_CAST_F06.png|AREA_11_IMAGES_OUTPUT/CAST/002_m_drumming_bunny_s_mon_drumming_bunny_CAST_F07.png,m_red_snail_빨간_달팽이
D:\maplestory_levup\docs\art\output_audit\runs\20260912_162508_msw_origin_art_review\CROSS_AREA_STYLE_BOARD\area_11_m_bloctopus_REFERENCE_VFX_NATIVE.png,REFERENCE_VFX_WITH_AREA00,m_bloctopus,1:1; no crop,AREA_11_IMAGES_OUTPUT/REFERENCE/003_m_bloctopus_s_mon_bloctopus_REFERENCE_F00.png|AREA_11_IMAGES_OUTPUT/REFERENCE/003_m_bloctopus_s_mon_bloctopus_REFERENCE_F01.png|AREA_11_IMAGES_OUTPUT/REFERENCE/003_m_bloctopus_s_mon_bloctopus_REFERENCE_F02.png|AREA_11_IMAGES_OUTPUT/REFERENCE/003_m_bloctopus_s_mon_bloctopus_REFERENCE_F03.png|AREA_11_IMAGES_OUTPUT/REFERENCE/003_m_bloctopus_s_mon_bloctopus_REFERENCE_F04.png|AREA_11_IMAGES_OUTPUT/REFERENCE/003_m_bloctopus_s_mon_bloctopus_REFERENCE_F05.png,m_blue_snail_파란_달팽이
D:\maplestory_levup\docs\art\output_audit\runs\20260912_162508_msw_origin_art_review\CROSS_AREA_STYLE_BOARD\area_11_m_king_bloctopus_CAST_VFX_NATIVE.png,CAST_VFX_WITH_AREA00,m_king_bloctopus,1:1; no crop,AREA_11_IMAGES_OUTPUT/CAST/004_m_king_bloctopus_s_mon_king_bloctopus_CAST_F00.png|AREA_11_IMAGES_OUTPUT/CAST/004_m_king_bloctopus_s_mon_king_bloctopus_CAST_F01.png|AREA_11_IMAGES_OUTPUT/CAST/004_m_king_bloctopus_s_mon_king_bloctopus_CAST_F02.png|AREA_11_IMAGES_OUTPUT/CAST/004_m_king_bloctopus_s_mon_king_bloctopus_CAST_F03.png|AREA_11_IMAGES_OUTPUT/CAST/004_m_king_bloctopus_s_mon_king_bloctopus_CAST_F04.png|AREA_11_IMAGES_OUTPUT/CAST/004_m_king_bloctopus_s_mon_king_bloctopus_CAST_F05.png|AREA_11_IMAGES_OUTPUT/CAST/004_m_king_bloctopus_s_mon_king_bloctopus_CAST_F06.png|AREA_11_IMAGES_OUTPUT/CAST/004_m_king_bloctopus_s_mon_king_bloctopus_CAST_F07.png,m_red_snail_빨간_달팽이
D:\maplestory_levup\docs\art\output_audit\runs\20260912_162508_msw_origin_art_review\CROSS_AREA_STYLE_BOARD\area_11_m_king_bloctopus_PROJECTILE_NATIVE.png,PROJECTILE_WITH_AREA00,m_king_bloctopus,1:1; no crop,AREA_11_IMAGES_OUTPUT/PROJECTILE/004_m_king_bloctopus_s_mon_king_bloctopus_PROJECTILE_F00.png|AREA_11_IMAGES_OUTPUT/PROJECTILE/004_m_king_bloctopus_s_mon_king_bloctopus_PROJECTILE_F01.png|AREA_11_IMAGES_OUTPUT/PROJECTILE/004_m_king_bloctopus_s_mon_king_bloctopus_PROJECTILE_F02.png|AREA_11_IMAGES_OUTPUT/PROJECTILE/004_m_king_bloctopus_s_mon_king_bloctopus_PROJECTILE_F03.png,m_red_snail_빨간_달팽이
D:\maplestory_levup\docs\art\output_audit\runs\20260912_162508_msw_origin_art_review\CROSS_AREA_STYLE_BOARD\area_11_m_rombot_CAST_VFX_NATIVE.png,CAST_VFX_WITH_AREA00,m_rombot,1:1; no crop,AREA_11_IMAGES_OUTPUT/CAST/005_m_rombot_s_mon_rombot_CAST_F00.png|AREA_11_IMAGES_OUTPUT/CAST/005_m_rombot_s_mon_rombot_CAST_F01.png|AREA_11_IMAGES_OUTPUT/CAST/005_m_rombot_s_mon_rombot_CAST_F02.png|AREA_11_IMAGES_OUTPUT/CAST/005_m_rombot_s_mon_rombot_CAST_F03.png|AREA_11_IMAGES_OUTPUT/CAST/005_m_rombot_s_mon_rombot_CAST_F04.png|AREA_11_IMAGES_OUTPUT/CAST/005_m_rombot_s_mon_rombot_CAST_F05.png|AREA_11_IMAGES_OUTPUT/CAST/005_m_rombot_s_mon_rombot_CAST_F06.png|AREA_11_IMAGES_OUTPUT/CAST/005_m_rombot_s_mon_rombot_CAST_F07.png|AREA_11_IMAGES_OUTPUT/CAST/005_m_rombot_s_mon_rombot_CAST_F08.png|AREA_11_IMAGES_OUTPUT/CAST/005_m_rombot_s_mon_rombot_CAST_F09.png|AREA_11_IMAGES_OUTPUT/CAST/005_m_rombot_s_mon_rombot_CAST_F10.png|AREA_11_IMAGES_OUTPUT/CAST/005_m_rombot_s_mon_rombot_CAST_F11.png,m_mano_마노
D:\maplestory_levup\docs\art\output_audit\runs\20260912_162508_msw_origin_art_review\CROSS_AREA_STYLE_BOARD\area_12_m_brown_teddy_REFERENCE_VFX_NATIVE.png,REFERENCE_VFX_WITH_AREA00,m_brown_teddy,1:1; no crop,AREA_12_IMAGES_OUTPUT/monsters/001_m_brown_teddy_브라운테니/REFERENCE/001_m_brown_teddy_s_mon_brown_teddy_REFERENCE_F00.png|AREA_12_IMAGES_OUTPUT/monsters/001_m_brown_teddy_브라운테니/REFERENCE/001_m_brown_teddy_s_mon_brown_teddy_REFERENCE_F01.png|AREA_12_IMAGES_OUTPUT/monsters/001_m_brown_teddy_브라운테니/REFERENCE/001_m_brown_teddy_s_mon_brown_teddy_REFERENCE_F02.png|AREA_12_IMAGES_OUTPUT/monsters/001_m_brown_teddy_브라운테니/REFERENCE/001_m_brown_teddy_s_mon_brown_teddy_REFERENCE_F03.png|AREA_12_IMAGES_OUTPUT/monsters/001_m_brown_teddy_브라운테니/REFERENCE/001_m_brown_teddy_s_mon_brown_teddy_REFERENCE_F04.png|AREA_12_IMAGES_OUTPUT/monsters/001_m_brown_teddy_브라운테니/REFERENCE/001_m_brown_teddy_s_mon_brown_teddy_REFERENCE_F05.png,m_blue_snail_파란_달팽이
D:\maplestory_levup\docs\art\output_audit\runs\20260912_162508_msw_origin_art_review\CROSS_AREA_STYLE_BOARD\area_12_m_toy_trojan_CAST_VFX_NATIVE.png,CAST_VFX_WITH_AREA00,m_toy_trojan,1:1; no crop,AREA_12_IMAGES_OUTPUT/monsters/002_m_toy_trojan_장난감_목마/CAST/002_m_toy_trojan_s_mon_toy_trojan_CAST_F00.png|AREA_12_IMAGES_OUTPUT/monsters/002_m_toy_trojan_장난감_목마/CAST/002_m_toy_trojan_s_mon_toy_trojan_CAST_F01.png|AREA_12_IMAGES_OUTPUT/monsters/002_m_toy_trojan_장난감_목마/CAST/002_m_toy_trojan_s_mon_toy_trojan_CAST_F02.png|AREA_12_IMAGES_OUTPUT/monsters/002_m_toy_trojan_장난감_목마/CAST/002_m_toy_trojan_s_mon_toy_trojan_CAST_F03.png|AREA_12_IMAGES_OUTPUT/monsters/002_m_toy_trojan_장난감_목마/CAST/002_m_toy_trojan_s_mon_toy_trojan_CAST_F04.png|AREA_12_IMAGES_OUTPUT/monsters/002_m_toy_trojan_장난감_목마/CAST/002_m_toy_trojan_s_mon_toy_trojan_CAST_F05.png|AREA_12_IMAGES_OUTPUT/monsters/002_m_toy_trojan_장난감_목마/CAST/002_m_toy_trojan_s_mon_toy_trojan_CAST_F06.png|AREA_12_IMAGES_OUTPUT/monsters/002_m_toy_trojan_장난감_목마/CAST/002_m_toy_trojan_s_mon_toy_trojan_CAST_F07.png,m_red_snail_빨간_달팽이
D:\maplestory_levup\docs\art\output_audit\runs\20260912_162508_msw_origin_art_review\CROSS_AREA_STYLE_BOARD\area_12_m_master_robo_REFERENCE_VFX_NATIVE.png,REFERENCE_VFX_WITH_AREA00,m_master_robo,1:1; no crop,AREA_12_IMAGES_OUTPUT/monsters/003_m_master_robo_마스터_로보/REFERENCE/003_m_master_robo_s_mon_master_robo_REFERENCE_F00.png|AREA_12_IMAGES_OUTPUT/monsters/003_m_master_robo_마스터_로보/REFERENCE/003_m_master_robo_s_mon_master_robo_REFERENCE_F01.png|AREA_12_IMAGES_OUTPUT/monsters/003_m_master_robo_마스터_로보/REFERENCE/003_m_master_robo_s_mon_master_robo_REFERENCE_F02.png|AREA_12_IMAGES_OUTPUT/monsters/003_m_master_robo_마스터_로보/REFERENCE/003_m_master_robo_s_mon_master_robo_REFERENCE_F03.png|AREA_12_IMAGES_OUTPUT/monsters/003_m_master_robo_마스터_로보/REFERENCE/003_m_master_robo_s_mon_master_robo_REFERENCE_F04.png|AREA_12_IMAGES_OUTPUT/monsters/003_m_master_robo_마스터_로보/REFERENCE/003_m_master_robo_s_mon_master_robo_REFERENCE_F05.png,m_blue_snail_파란_달팽이
D:\maplestory_levup\docs\art\output_audit\runs\20260912_162508_msw_origin_art_review\CROSS_AREA_STYLE_BOARD\area_12_m_chronos_CAST_VFX_NATIVE.png,CAST_VFX_WITH_AREA00,m_chronos,1:1; no crop,AREA_12_IMAGES_OUTPUT/monsters/004_m_chronos_크로노스/CAST/004_m_chronos_s_mon_chronos_CAST_F00.png|AREA_12_IMAGES_OUTPUT/monsters/004_m_chronos_크로노스/CAST/004_m_chronos_s_mon_chronos_CAST_F01.png|AREA_12_IMAGES_OUTPUT/monsters/004_m_chronos_크로노스/CAST/004_m_chronos_s_mon_chronos_CAST_F02.png|AREA_12_IMAGES_OUTPUT/monsters/004_m_chronos_크로노스/CAST/004_m_chronos_s_mon_chronos_CAST_F03.png|AREA_12_IMAGES_OUTPUT/monsters/004_m_chronos_크로노스/CAST/004_m_chronos_s_mon_chronos_CAST_F04.png|AREA_12_IMAGES_OUTPUT/monsters/004_m_chronos_크로노스/CAST/004_m_chronos_s_mon_chronos_CAST_F05.png|AREA_12_IMAGES_OUTPUT/monsters/004_m_chronos_크로노스/CAST/004_m_chronos_s_mon_chronos_CAST_F06.png|AREA_12_IMAGES_OUTPUT/monsters/004_m_chronos_크로노스/CAST/004_m_chronos_s_mon_chronos_CAST_F07.png,m_slime_슬라임
D:\maplestory_levup\docs\art\output_audit\runs\20260912_162508_msw_origin_art_review\CROSS_AREA_STYLE_BOARD\area_12_m_timer_CAST_VFX_NATIVE.png,CAST_VFX_WITH_AREA00,m_timer,1:1; no crop,AREA_12_IMAGES_OUTPUT/monsters/005_m_timer_타이머/CAST/005_m_timer_s_mon_timer_CAST_F00.png|AREA_12_IMAGES_OUTPUT/monsters/005_m_timer_타이머/CAST/005_m_timer_s_mon_timer_CAST_F01.png|AREA_12_IMAGES_OUTPUT/monsters/005_m_timer_타이머/CAST/005_m_timer_s_mon_timer_CAST_F02.png|AREA_12_IMAGES_OUTPUT/monsters/005_m_timer_타이머/CAST/005_m_timer_s_mon_timer_CAST_F03.png|AREA_12_IMAGES_OUTPUT/monsters/005_m_timer_타이머/CAST/005_m_timer_s_mon_timer_CAST_F04.png|AREA_12_IMAGES_OUTPUT/monsters/005_m_timer_타이머/CAST/005_m_timer_s_mon_timer_CAST_F05.png|AREA_12_IMAGES_OUTPUT/monsters/005_m_timer_타이머/CAST/005_m_timer_s_mon_timer_CAST_F06.png|AREA_12_IMAGES_OUTPUT/monsters/005_m_timer_타이머/CAST/005_m_timer_s_mon_timer_CAST_F07.png|AREA_12_IMAGES_OUTPUT/monsters/005_m_timer_타이머/CAST/005_m_timer_s_mon_timer_CAST_F08.png|AREA_12_IMAGES_OUTPUT/monsters/005_m_timer_타이머/CAST/005_m_timer_s_mon_timer_CAST_F09.png|AREA_12_IMAGES_OUTPUT/monsters/005_m_timer_타이머/CAST/005_m_timer_s_mon_timer_CAST_F10.png|AREA_12_IMAGES_OUTPUT/monsters/005_m_timer_타이머/CAST/005_m_timer_s_mon_timer_CAST_F11.png,m_mano_마노
D:\maplestory_levup\docs\art\output_audit\runs\20260912_162508_msw_origin_art_review\CROSS_AREA_STYLE_BOARD\area_13_m_white_sand_rabbit_CAST_VFX_NATIVE.png,CAST_VFX_WITH_AREA00,m_white_sand_rabbit,1:1; no crop,AREA_13_IMAGES_OUTPUT/CAST/001_m_white_sand_rabbit_s_mon_white_sand_rabbit_CAST_F00.png|AREA_13_IMAGES_OUTPUT/CAST/001_m_white_sand_rabbit_s_mon_white_sand_rabbit_CAST_F01.png|AREA_13_IMAGES_OUTPUT/CAST/001_m_white_sand_rabbit_s_mon_white_sand_rabbit_CAST_F02.png|AREA_13_IMAGES_OUTPUT/CAST/001_m_white_sand_rabbit_s_mon_white_sand_rabbit_CAST_F03.png|AREA_13_IMAGES_OUTPUT/CAST/001_m_white_sand_rabbit_s_mon_white_sand_rabbit_CAST_F04.png|AREA_13_IMAGES_OUTPUT/CAST/001_m_white_sand_rabbit_s_mon_white_sand_rabbit_CAST_F05.png|AREA_13_IMAGES_OUTPUT/CAST/001_m_white_sand_rabbit_s_mon_white_sand_rabbit_CAST_F06.png|AREA_13_IMAGES_OUTPUT/CAST/001_m_white_sand_rabbit_s_mon_white_sand_rabbit_CAST_F07.png,m_red_snail_빨간_달팽이
D:\maplestory_levup\docs\art\output_audit\runs\20260912_162508_msw_origin_art_review\CROSS_AREA_STYLE_BOARD\area_13_m_scarf_plead_REFERENCE_VFX_NATIVE.png,REFERENCE_VFX_WITH_AREA00,m_scarf_plead,1:1; no crop,AREA_13_IMAGES_OUTPUT/REFERENCE/002_m_scarf_plead_s_mon_scarf_plead_REFERENCE_F00.png|AREA_13_IMAGES_OUTPUT/REFERENCE/002_m_scarf_plead_s_mon_scarf_plead_REFERENCE_F01.png|AREA_13_IMAGES_OUTPUT/REFERENCE/002_m_scarf_plead_s_mon_scarf_plead_REFERENCE_F02.png|AREA_13_IMAGES_OUTPUT/REFERENCE/002_m_scarf_plead_s_mon_scarf_plead_REFERENCE_F03.png|AREA_13_IMAGES_OUTPUT/REFERENCE/002_m_scarf_plead_s_mon_scarf_plead_REFERENCE_F04.png|AREA_13_IMAGES_OUTPUT/REFERENCE/002_m_scarf_plead_s_mon_scarf_plead_REFERENCE_F05.png,m_blue_snail_파란_달팽이
D:\maplestory_levup\docs\art\output_audit\runs\20260912_162508_msw_origin_art_review\CROSS_AREA_STYLE_BOARD\area_13_m_meercat_CAST_VFX_NATIVE.png,CAST_VFX_WITH_AREA00,m_meercat,1:1; no crop,AREA_13_IMAGES_OUTPUT/CAST/003_m_meercat_s_mon_meercat_CAST_F00.png|AREA_13_IMAGES_OUTPUT/CAST/003_m_meercat_s_mon_meercat_CAST_F01.png|AREA_13_IMAGES_OUTPUT/CAST/003_m_meercat_s_mon_meercat_CAST_F02.png|AREA_13_IMAGES_OUTPUT/CAST/003_m_meercat_s_mon_meercat_CAST_F03.png|AREA_13_IMAGES_OUTPUT/CAST/003_m_meercat_s_mon_meercat_CAST_F04.png|AREA_13_IMAGES_OUTPUT/CAST/003_m_meercat_s_mon_meercat_CAST_F05.png|AREA_13_IMAGES_OUTPUT/CAST/003_m_meercat_s_mon_meercat_CAST_F06.png|AREA_13_IMAGES_OUTPUT/CAST/003_m_meercat_s_mon_meercat_CAST_F07.png,m_red_snail_빨간_달팽이
D:\maplestory_levup\docs\art\output_audit\runs\20260912_162508_msw_origin_art_review\CROSS_AREA_STYLE_BOARD\area_13_m_sand_dwarf_REFERENCE_VFX_NATIVE.png,REFERENCE_VFX_WITH_AREA00,m_sand_dwarf,1:1; no crop,AREA_13_IMAGES_OUTPUT/REFERENCE/004_m_sand_dwarf_s_mon_sand_dwarf_REFERENCE_F00.png|AREA_13_IMAGES_OUTPUT/REFERENCE/004_m_sand_dwarf_s_mon_sand_dwarf_REFERENCE_F01.png|AREA_13_IMAGES_OUTPUT/REFERENCE/004_m_sand_dwarf_s_mon_sand_dwarf_REFERENCE_F02.png|AREA_13_IMAGES_OUTPUT/REFERENCE/004_m_sand_dwarf_s_mon_sand_dwarf_REFERENCE_F03.png|AREA_13_IMAGES_OUTPUT/REFERENCE/004_m_sand_dwarf_s_mon_sand_dwarf_REFERENCE_F04.png|AREA_13_IMAGES_OUTPUT/REFERENCE/004_m_sand_dwarf_s_mon_sand_dwarf_REFERENCE_F05.png,m_blue_snail_파란_달팽이
D:\maplestory_levup\docs\art\output_audit\runs\20260912_162508_msw_origin_art_review\CROSS_AREA_STYLE_BOARD\area_13_m_deo_CAST_VFX_NATIVE.png,CAST_VFX_WITH_AREA00,m_deo,1:1; no crop,AREA_13_IMAGES_OUTPUT/CAST/005_m_deo_s_mon_deo_CAST_F00.png|AREA_13_IMAGES_OUTPUT/CAST/005_m_deo_s_mon_deo_CAST_F01.png|AREA_13_IMAGES_OUTPUT/CAST/005_m_deo_s_mon_deo_CAST_F02.png|AREA_13_IMAGES_OUTPUT/CAST/005_m_deo_s_mon_deo_CAST_F03.png|AREA_13_IMAGES_OUTPUT/CAST/005_m_deo_s_mon_deo_CAST_F04.png|AREA_13_IMAGES_OUTPUT/CAST/005_m_deo_s_mon_deo_CAST_F05.png|AREA_13_IMAGES_OUTPUT/CAST/005_m_deo_s_mon_deo_CAST_F06.png|AREA_13_IMAGES_OUTPUT/CAST/005_m_deo_s_mon_deo_CAST_F07.png|AREA_13_IMAGES_OUTPUT/CAST/005_m_deo_s_mon_deo_CAST_F08.png|AREA_13_IMAGES_OUTPUT/CAST/005_m_deo_s_mon_deo_CAST_F09.png|AREA_13_IMAGES_OUTPUT/CAST/005_m_deo_s_mon_deo_CAST_F10.png|AREA_13_IMAGES_OUTPUT/CAST/005_m_deo_s_mon_deo_CAST_F11.png,m_mano_마노
D:\maplestory_levup\docs\art\output_audit\runs\20260912_162508_msw_origin_art_review\CROSS_AREA_STYLE_BOARD\area_14_m_cube_slime_REFERENCE_VFX_NATIVE.png,REFERENCE_VFX_WITH_AREA00,m_cube_slime,1:1; no crop,AREA_14_IMAGES_OUTPUT/REFERENCE/001_m_cube_slime_s_mon_cube_slime_REFERENCE_F00.png|AREA_14_IMAGES_OUTPUT/REFERENCE/001_m_cube_slime_s_mon_cube_slime_REFERENCE_F01.png|AREA_14_IMAGES_OUTPUT/REFERENCE/001_m_cube_slime_s_mon_cube_slime_REFERENCE_F02.png|AREA_14_IMAGES_OUTPUT/REFERENCE/001_m_cube_slime_s_mon_cube_slime_REFERENCE_F03.png|AREA_14_IMAGES_OUTPUT/REFERENCE/001_m_cube_slime_s_mon_cube_slime_REFERENCE_F04.png|AREA_14_IMAGES_OUTPUT/REFERENCE/001_m_cube_slime_s_mon_cube_slime_REFERENCE_F05.png,m_blue_snail_파란_달팽이
D:\maplestory_levup\docs\art\output_audit\runs\20260912_162508_msw_origin_art_review\CROSS_AREA_STYLE_BOARD\area_14_m_mithril_mutae_REFERENCE_VFX_NATIVE.png,REFERENCE_VFX_WITH_AREA00,m_mithril_mutae,1:1; no crop,AREA_14_IMAGES_OUTPUT/REFERENCE/002_m_mithril_mutae_s_mon_mithril_mutae_REFERENCE_F00.png|AREA_14_IMAGES_OUTPUT/REFERENCE/002_m_mithril_mutae_s_mon_mithril_mutae_REFERENCE_F01.png|AREA_14_IMAGES_OUTPUT/REFERENCE/002_m_mithril_mutae_s_mon_mithril_mutae_REFERENCE_F02.png|AREA_14_IMAGES_OUTPUT/REFERENCE/002_m_mithril_mutae_s_mon_mithril_mutae_REFERENCE_F03.png|AREA_14_IMAGES_OUTPUT/REFERENCE/002_m_mithril_mutae_s_mon_mithril_mutae_REFERENCE_F04.png|AREA_14_IMAGES_OUTPUT/REFERENCE/002_m_mithril_mutae_s_mon_mithril_mutae_REFERENCE_F05.png,m_blue_snail_파란_달팽이
D:\maplestory_levup\docs\art\output_audit\runs\20260912_162508_msw_origin_art_review\CROSS_AREA_STYLE_BOARD\area_14_m_homun_CAST_VFX_NATIVE.png,CAST_VFX_WITH_AREA00,m_homun,1:1; no crop,AREA_14_IMAGES_OUTPUT/CAST/003_m_homun_s_mon_homun_CAST_F00.png|AREA_14_IMAGES_OUTPUT/CAST/003_m_homun_s_mon_homun_CAST_F01.png|AREA_14_IMAGES_OUTPUT/CAST/003_m_homun_s_mon_homun_CAST_F02.png|AREA_14_IMAGES_OUTPUT/CAST/003_m_homun_s_mon_homun_CAST_F03.png|AREA_14_IMAGES_OUTPUT/CAST/003_m_homun_s_mon_homun_CAST_F04.png|AREA_14_IMAGES_OUTPUT/CAST/003_m_homun_s_mon_homun_CAST_F05.png|AREA_14_IMAGES_OUTPUT/CAST/003_m_homun_s_mon_homun_CAST_F06.png|AREA_14_IMAGES_OUTPUT/CAST/003_m_homun_s_mon_homun_CAST_F07.png,m_slime_슬라임
D:\maplestory_levup\docs\art\output_audit\runs\20260912_162508_msw_origin_art_review\CROSS_AREA_STYLE_BOARD\area_14_m_roid_CAST_VFX_NATIVE.png,CAST_VFX_WITH_AREA00,m_roid,1:1; no crop,AREA_14_IMAGES_OUTPUT/CAST/004_m_roid_s_mon_roid_CAST_F00.png|AREA_14_IMAGES_OUTPUT/CAST/004_m_roid_s_mon_roid_CAST_F01.png|AREA_14_IMAGES_OUTPUT/CAST/004_m_roid_s_mon_roid_CAST_F02.png|AREA_14_IMAGES_OUTPUT/CAST/004_m_roid_s_mon_roid_CAST_F03.png|AREA_14_IMAGES_OUTPUT/CAST/004_m_roid_s_mon_roid_CAST_F04.png|AREA_14_IMAGES_OUTPUT/CAST/004_m_roid_s_mon_roid_CAST_F05.png|AREA_14_IMAGES_OUTPUT/CAST/004_m_roid_s_mon_roid_CAST_F06.png|AREA_14_IMAGES_OUTPUT/CAST/004_m_roid_s_mon_roid_CAST_F07.png,m_slime_슬라임
D:\maplestory_levup\docs\art\output_audit\runs\20260912_162508_msw_origin_art_review\CROSS_AREA_STYLE_BOARD\area_14_m_roid_PROJECTILE_NATIVE.png,PROJECTILE_WITH_AREA00,m_roid,1:1; no crop,AREA_14_IMAGES_OUTPUT/PROJECTILE/004_m_roid_s_mon_roid_PROJECTILE_F00.png|AREA_14_IMAGES_OUTPUT/PROJECTILE/004_m_roid_s_mon_roid_PROJECTILE_F01.png|AREA_14_IMAGES_OUTPUT/PROJECTILE/004_m_roid_s_mon_roid_PROJECTILE_F02.png|AREA_14_IMAGES_OUTPUT/PROJECTILE/004_m_roid_s_mon_roid_PROJECTILE_F03.png,m_slime_슬라임
D:\maplestory_levup\docs\art\output_audit\runs\20260912_162508_msw_origin_art_review\CROSS_AREA_STYLE_BOARD\area_14_m_chimera_CAST_VFX_NATIVE.png,CAST_VFX_WITH_AREA00,m_chimera,1:1; no crop,AREA_14_IMAGES_OUTPUT/CAST/005_m_chimera_s_mon_chimera_CAST_F00.png|AREA_14_IMAGES_OUTPUT/CAST/005_m_chimera_s_mon_chimera_CAST_F01.png|AREA_14_IMAGES_OUTPUT/CAST/005_m_chimera_s_mon_chimera_CAST_F02.png|AREA_14_IMAGES_OUTPUT/CAST/005_m_chimera_s_mon_chimera_CAST_F03.png|AREA_14_IMAGES_OUTPUT/CAST/005_m_chimera_s_mon_chimera_CAST_F04.png|AREA_14_IMAGES_OUTPUT/CAST/005_m_chimera_s_mon_chimera_CAST_F05.png|AREA_14_IMAGES_OUTPUT/CAST/005_m_chimera_s_mon_chimera_CAST_F06.png|AREA_14_IMAGES_OUTPUT/CAST/005_m_chimera_s_mon_chimera_CAST_F07.png|AREA_14_IMAGES_OUTPUT/CAST/005_m_chimera_s_mon_chimera_CAST_F08.png|AREA_14_IMAGES_OUTPUT/CAST/005_m_chimera_s_mon_chimera_CAST_F09.png|AREA_14_IMAGES_OUTPUT/CAST/005_m_chimera_s_mon_chimera_CAST_F10.png|AREA_14_IMAGES_OUTPUT/CAST/005_m_chimera_s_mon_chimera_CAST_F11.png,m_mano_마노
D:\maplestory_levup\docs\art\output_audit\runs\20260912_162508_msw_origin_art_review\CROSS_AREA_STYLE_BOARD\area_14_m_chimera_PROJECTILE_NATIVE.png,PROJECTILE_WITH_AREA00,m_chimera,1:1; no crop,AREA_14_IMAGES_OUTPUT/PROJECTILE/005_m_chimera_s_mon_chimera_PROJECTILE_F00.png|AREA_14_IMAGES_OUTPUT/PROJECTILE/005_m_chimera_s_mon_chimera_PROJECTILE_F01.png|AREA_14_IMAGES_OUTPUT/PROJECTILE/005_m_chimera_s_mon_chimera_PROJECTILE_F02.png|AREA_14_IMAGES_OUTPUT/PROJECTILE/005_m_chimera_s_mon_chimera_PROJECTILE_F03.png,m_mano_마노
D:\maplestory_levup\docs\art\output_audit\runs\20260912_162508_msw_origin_art_review\CROSS_AREA_STYLE_BOARD\area_15_m_straw_dummy_REFERENCE_VFX_NATIVE.png,REFERENCE_VFX_WITH_AREA00,m_straw_dummy,1:1; no crop,AREA_15_IMAGES_OUTPUT/REFERENCE/001_m_straw_dummy_s_mon_straw_dummy_REFERENCE_F00.png|AREA_15_IMAGES_OUTPUT/REFERENCE/001_m_straw_dummy_s_mon_straw_dummy_REFERENCE_F01.png|AREA_15_IMAGES_OUTPUT/REFERENCE/001_m_straw_dummy_s_mon_straw_dummy_REFERENCE_F02.png|AREA_15_IMAGES_OUTPUT/REFERENCE/001_m_straw_dummy_s_mon_straw_dummy_REFERENCE_F03.png|AREA_15_IMAGES_OUTPUT/REFERENCE/001_m_straw_dummy_s_mon_straw_dummy_REFERENCE_F04.png|AREA_15_IMAGES_OUTPUT/REFERENCE/001_m_straw_dummy_s_mon_straw_dummy_REFERENCE_F05.png,m_blue_snail_파란_달팽이
D:\maplestory_levup\docs\art\output_audit\runs\20260912_162508_msw_origin_art_review\CROSS_AREA_STYLE_BOARD\area_15_m_wooden_dummy_CAST_VFX_NATIVE.png,CAST_VFX_WITH_AREA00,m_wooden_dummy,1:1; no crop,AREA_15_IMAGES_OUTPUT/CAST/002_m_wooden_dummy_s_mon_wooden_dummy_CAST_F00.png|AREA_15_IMAGES_OUTPUT/CAST/002_m_wooden_dummy_s_mon_wooden_dummy_CAST_F01.png|AREA_15_IMAGES_OUTPUT/CAST/002_m_wooden_dummy_s_mon_wooden_dummy_CAST_F02.png|AREA_15_IMAGES_OUTPUT/CAST/002_m_wooden_dummy_s_mon_wooden_dummy_CAST_F03.png|AREA_15_IMAGES_OUTPUT/CAST/002_m_wooden_dummy_s_mon_wooden_dummy_CAST_F04.png|AREA_15_IMAGES_OUTPUT/CAST/002_m_wooden_dummy_s_mon_wooden_dummy_CAST_F05.png|AREA_15_IMAGES_OUTPUT/CAST/002_m_wooden_dummy_s_mon_wooden_dummy_CAST_F06.png|AREA_15_IMAGES_OUTPUT/CAST/002_m_wooden_dummy_s_mon_wooden_dummy_CAST_F07.png,m_red_snail_빨간_달팽이
D:\maplestory_levup\docs\art\output_audit\runs\20260912_162508_msw_origin_art_review\CROSS_AREA_STYLE_BOARD\area_15_m_peach_monkey_CAST_VFX_NATIVE.png,CAST_VFX_WITH_AREA00,m_peach_monkey,1:1; no crop,AREA_15_IMAGES_OUTPUT/CAST/003_m_peach_monkey_s_mon_peach_monkey_CAST_F00.png|AREA_15_IMAGES_OUTPUT/CAST/003_m_peach_monkey_s_mon_peach_monkey_CAST_F01.png|AREA_15_IMAGES_OUTPUT/CAST/003_m_peach_monkey_s_mon_peach_monkey_CAST_F02.png|AREA_15_IMAGES_OUTPUT/CAST/003_m_peach_monkey_s_mon_peach_monkey_CAST_F03.png|AREA_15_IMAGES_OUTPUT/CAST/003_m_peach_monkey_s_mon_peach_monkey_CAST_F04.png|AREA_15_IMAGES_OUTPUT/CAST/003_m_peach_monkey_s_mon_peach_monkey_CAST_F05.png|AREA_15_IMAGES_OUTPUT/CAST/003_m_peach_monkey_s_mon_peach_monkey_CAST_F06.png|AREA_15_IMAGES_OUTPUT/CAST/003_m_peach_monkey_s_mon_peach_monkey_CAST_F07.png,m_red_snail_빨간_달팽이
D:\maplestory_levup\docs\art\output_audit\runs\20260912_162508_msw_origin_art_review\CROSS_AREA_STYLE_BOARD\area_15_m_peach_monkey_PROJECTILE_NATIVE.png,PROJECTILE_WITH_AREA00,m_peach_monkey,1:1; no crop,AREA_15_IMAGES_OUTPUT/PROJECTILE/003_m_peach_monkey_s_mon_peach_monkey_PROJECTILE_F00.png|AREA_15_IMAGES_OUTPUT/PROJECTILE/003_m_peach_monkey_s_mon_peach_monkey_PROJECTILE_F01.png|AREA_15_IMAGES_OUTPUT/PROJECTILE/003_m_peach_monkey_s_mon_peach_monkey_PROJECTILE_F02.png|AREA_15_IMAGES_OUTPUT/PROJECTILE/003_m_peach_monkey_s_mon_peach_monkey_PROJECTILE_F03.png,m_red_snail_빨간_달팽이
D:\maplestory_levup\docs\art\output_audit\runs\20260912_162508_msw_origin_art_review\CROSS_AREA_STYLE_BOARD\area_15_m_blue_flower_serpent_REFERENCE_VFX_NATIVE.png,REFERENCE_VFX_WITH_AREA00,m_blue_flower_serpent,1:1; no crop,AREA_15_IMAGES_OUTPUT/REFERENCE/004_m_blue_flower_serpent_s_mon_blue_flower_serpent_REFERENCE_F00.png|AREA_15_IMAGES_OUTPUT/REFERENCE/004_m_blue_flower_serpent_s_mon_blue_flower_serpent_REFERENCE_F01.png|AREA_15_IMAGES_OUTPUT/REFERENCE/004_m_blue_flower_serpent_s_mon_blue_flower_serpent_REFERENCE_F02.png|AREA_15_IMAGES_OUTPUT/REFERENCE/004_m_blue_flower_serpent_s_mon_blue_flower_serpent_REFERENCE_F03.png|AREA_15_IMAGES_OUTPUT/REFERENCE/004_m_blue_flower_serpent_s_mon_blue_flower_serpent_REFERENCE_F04.png|AREA_15_IMAGES_OUTPUT/REFERENCE/004_m_blue_flower_serpent_s_mon_blue_flower_serpent_REFERENCE_F05.png,m_blue_snail_파란_달팽이
D:\maplestory_levup\docs\art\output_audit\runs\20260912_162508_msw_origin_art_review\CROSS_AREA_STYLE_BOARD\area_15_m_tae_roon_CAST_VFX_NATIVE.png,CAST_VFX_WITH_AREA00,m_tae_roon,1:1; no crop,AREA_15_IMAGES_OUTPUT/CAST/005_m_tae_roon_s_mon_tae_roon_CAST_F00.png|AREA_15_IMAGES_OUTPUT/CAST/005_m_tae_roon_s_mon_tae_roon_CAST_F01.png|AREA_15_IMAGES_OUTPUT/CAST/005_m_tae_roon_s_mon_tae_roon_CAST_F02.png|AREA_15_IMAGES_OUTPUT/CAST/005_m_tae_roon_s_mon_tae_roon_CAST_F03.png|AREA_15_IMAGES_OUTPUT/CAST/005_m_tae_roon_s_mon_tae_roon_CAST_F04.png|AREA_15_IMAGES_OUTPUT/CAST/005_m_tae_roon_s_mon_tae_roon_CAST_F05.png|AREA_15_IMAGES_OUTPUT/CAST/005_m_tae_roon_s_mon_tae_roon_CAST_F06.png|AREA_15_IMAGES_OUTPUT/CAST/005_m_tae_roon_s_mon_tae_roon_CAST_F07.png|AREA_15_IMAGES_OUTPUT/CAST/005_m_tae_roon_s_mon_tae_roon_CAST_F08.png|AREA_15_IMAGES_OUTPUT/CAST/005_m_tae_roon_s_mon_tae_roon_CAST_F09.png|AREA_15_IMAGES_OUTPUT/CAST/005_m_tae_roon_s_mon_tae_roon_CAST_F10.png|AREA_15_IMAGES_OUTPUT/CAST/005_m_tae_roon_s_mon_tae_roon_CAST_F11.png,m_mano_마노
D:\maplestory_levup\docs\art\output_audit\runs\20260912_162508_msw_origin_art_review\CROSS_AREA_STYLE_BOARD\area_15_m_tae_roon_PROJECTILE_NATIVE.png,PROJECTILE_WITH_AREA00,m_tae_roon,1:1; no crop,AREA_15_IMAGES_OUTPUT/PROJECTILE/005_m_tae_roon_s_mon_tae_roon_PROJECTILE_F00.png|AREA_15_IMAGES_OUTPUT/PROJECTILE/005_m_tae_roon_s_mon_tae_roon_PROJECTILE_F01.png|AREA_15_IMAGES_OUTPUT/PROJECTILE/005_m_tae_roon_s_mon_tae_roon_PROJECTILE_F02.png|AREA_15_IMAGES_OUTPUT/PROJECTILE/005_m_tae_roon_s_mon_tae_roon_PROJECTILE_F03.png,m_mano_마노
D:\maplestory_levup\docs\art\output_audit\runs\20260912_162508_msw_origin_art_review\CROSS_AREA_STYLE_BOARD\area_16_m_harp_REFERENCE_VFX_NATIVE.png,REFERENCE_VFX_WITH_AREA00,m_harp,1:1; no crop,AREA_16_IMAGES_OUTPUT/REFERENCE/001_m_harp_s_mon_harp_REFERENCE_F00.png|AREA_16_IMAGES_OUTPUT/REFERENCE/001_m_harp_s_mon_harp_REFERENCE_F01.png|AREA_16_IMAGES_OUTPUT/REFERENCE/001_m_harp_s_mon_harp_REFERENCE_F02.png|AREA_16_IMAGES_OUTPUT/REFERENCE/001_m_harp_s_mon_harp_REFERENCE_F03.png|AREA_16_IMAGES_OUTPUT/REFERENCE/001_m_harp_s_mon_harp_REFERENCE_F04.png|AREA_16_IMAGES_OUTPUT/REFERENCE/001_m_harp_s_mon_harp_REFERENCE_F05.png,m_blue_snail_파란_달팽이
D:\maplestory_levup\docs\art\output_audit\runs\20260912_162508_msw_origin_art_review\CROSS_AREA_STYLE_BOARD\area_16_m_blood_harp_CAST_VFX_NATIVE.png,CAST_VFX_WITH_AREA00,m_blood_harp,1:1; no crop,AREA_16_IMAGES_OUTPUT/CAST/002_m_blood_harp_s_mon_blood_harp_CAST_F00.png|AREA_16_IMAGES_OUTPUT/CAST/002_m_blood_harp_s_mon_blood_harp_CAST_F01.png|AREA_16_IMAGES_OUTPUT/CAST/002_m_blood_harp_s_mon_blood_harp_CAST_F02.png|AREA_16_IMAGES_OUTPUT/CAST/002_m_blood_harp_s_mon_blood_harp_CAST_F03.png|AREA_16_IMAGES_OUTPUT/CAST/002_m_blood_harp_s_mon_blood_harp_CAST_F04.png|AREA_16_IMAGES_OUTPUT/CAST/002_m_blood_harp_s_mon_blood_harp_CAST_F05.png|AREA_16_IMAGES_OUTPUT/CAST/002_m_blood_harp_s_mon_blood_harp_CAST_F06.png|AREA_16_IMAGES_OUTPUT/CAST/002_m_blood_harp_s_mon_blood_harp_CAST_F07.png,m_red_snail_빨간_달팽이
D:\maplestory_levup\docs\art\output_audit\runs\20260912_162508_msw_origin_art_review\CROSS_AREA_STYLE_BOARD\area_16_m_blue_wyvern_CAST_VFX_NATIVE.png,CAST_VFX_WITH_AREA00,m_blue_wyvern,1:1; no crop,AREA_16_IMAGES_OUTPUT/CAST/003_m_blue_wyvern_s_mon_blue_wyvern_CAST_F00.png|AREA_16_IMAGES_OUTPUT/CAST/003_m_blue_wyvern_s_mon_blue_wyvern_CAST_F01.png|AREA_16_IMAGES_OUTPUT/CAST/003_m_blue_wyvern_s_mon_blue_wyvern_CAST_F02.png|AREA_16_IMAGES_OUTPUT/CAST/003_m_blue_wyvern_s_mon_blue_wyvern_CAST_F03.png|AREA_16_IMAGES_OUTPUT/CAST/003_m_blue_wyvern_s_mon_blue_wyvern_CAST_F04.png|AREA_16_IMAGES_OUTPUT/CAST/003_m_blue_wyvern_s_mon_blue_wyvern_CAST_F05.png|AREA_16_IMAGES_OUTPUT/CAST/003_m_blue_wyvern_s_mon_blue_wyvern_CAST_F06.png|AREA_16_IMAGES_OUTPUT/CAST/003_m_blue_wyvern_s_mon_blue_wyvern_CAST_F07.png,m_red_snail_빨간_달팽이
D:\maplestory_levup\docs\art\output_audit\runs\20260912_162508_msw_origin_art_review\CROSS_AREA_STYLE_BOARD\area_16_m_dark_wyvern_REFERENCE_VFX_NATIVE.png,REFERENCE_VFX_WITH_AREA00,m_dark_wyvern,1:1; no crop,AREA_16_IMAGES_OUTPUT/REFERENCE/004_m_dark_wyvern_s_mon_dark_wyvern_REFERENCE_F00.png|AREA_16_IMAGES_OUTPUT/REFERENCE/004_m_dark_wyvern_s_mon_dark_wyvern_REFERENCE_F01.png|AREA_16_IMAGES_OUTPUT/REFERENCE/004_m_dark_wyvern_s_mon_dark_wyvern_REFERENCE_F02.png|AREA_16_IMAGES_OUTPUT/REFERENCE/004_m_dark_wyvern_s_mon_dark_wyvern_REFERENCE_F03.png|AREA_16_IMAGES_OUTPUT/REFERENCE/004_m_dark_wyvern_s_mon_dark_wyvern_REFERENCE_F04.png|AREA_16_IMAGES_OUTPUT/REFERENCE/004_m_dark_wyvern_s_mon_dark_wyvern_REFERENCE_F05.png,m_blue_snail_파란_달팽이
D:\maplestory_levup\docs\art\output_audit\runs\20260912_162508_msw_origin_art_review\CROSS_AREA_STYLE_BOARD\area_16_m_manon_CAST_VFX_NATIVE.png,CAST_VFX_WITH_AREA00,m_manon,1:1; no crop,AREA_16_IMAGES_OUTPUT/CAST/005_m_manon_s_mon_manon_CAST_F00.png|AREA_16_IMAGES_OUTPUT/CAST/005_m_manon_s_mon_manon_CAST_F01.png|AREA_16_IMAGES_OUTPUT/CAST/005_m_manon_s_mon_manon_CAST_F02.png|AREA_16_IMAGES_OUTPUT/CAST/005_m_manon_s_mon_manon_CAST_F03.png|AREA_16_IMAGES_OUTPUT/CAST/005_m_manon_s_mon_manon_CAST_F04.png|AREA_16_IMAGES_OUTPUT/CAST/005_m_manon_s_mon_manon_CAST_F05.png|AREA_16_IMAGES_OUTPUT/CAST/005_m_manon_s_mon_manon_CAST_F06.png|AREA_16_IMAGES_OUTPUT/CAST/005_m_manon_s_mon_manon_CAST_F07.png|AREA_16_IMAGES_OUTPUT/CAST/005_m_manon_s_mon_manon_CAST_F08.png|AREA_16_IMAGES_OUTPUT/CAST/005_m_manon_s_mon_manon_CAST_F09.png|AREA_16_IMAGES_OUTPUT/CAST/005_m_manon_s_mon_manon_CAST_F10.png|AREA_16_IMAGES_OUTPUT/CAST/005_m_manon_s_mon_manon_CAST_F11.png,m_mano_마노
D:\maplestory_levup\docs\art\output_audit\runs\20260912_162508_msw_origin_art_review\CROSS_AREA_STYLE_BOARD\area_17_m_memory_monk_REFERENCE_VFX_NATIVE.png,REFERENCE_VFX_WITH_AREA00,m_memory_monk,1:1; no crop,AREA_17_IMAGES_OUTPUT/REFERENCE/001_m_memory_monk_s_mon_memory_monk_REFERENCE_F00.png|AREA_17_IMAGES_OUTPUT/REFERENCE/001_m_memory_monk_s_mon_memory_monk_REFERENCE_F01.png|AREA_17_IMAGES_OUTPUT/REFERENCE/001_m_memory_monk_s_mon_memory_monk_REFERENCE_F02.png|AREA_17_IMAGES_OUTPUT/REFERENCE/001_m_memory_monk_s_mon_memory_monk_REFERENCE_F03.png|AREA_17_IMAGES_OUTPUT/REFERENCE/001_m_memory_monk_s_mon_memory_monk_REFERENCE_F04.png|AREA_17_IMAGES_OUTPUT/REFERENCE/001_m_memory_monk_s_mon_memory_monk_REFERENCE_F05.png,m_blue_snail_파란_달팽이
D:\maplestory_levup\docs\art\output_audit\runs\20260912_162508_msw_origin_art_review\CROSS_AREA_STYLE_BOARD\area_17_m_memory_monk_trainee_CAST_VFX_NATIVE.png,CAST_VFX_WITH_AREA00,m_memory_monk_trainee,1:1; no crop,AREA_17_IMAGES_OUTPUT/CAST/002_m_memory_monk_trainee_s_mon_memory_monk_trainee_CAST_F00.png|AREA_17_IMAGES_OUTPUT/CAST/002_m_memory_monk_trainee_s_mon_memory_monk_trainee_CAST_F01.png|AREA_17_IMAGES_OUTPUT/CAST/002_m_memory_monk_trainee_s_mon_memory_monk_trainee_CAST_F02.png|AREA_17_IMAGES_OUTPUT/CAST/002_m_memory_monk_trainee_s_mon_memory_monk_trainee_CAST_F03.png|AREA_17_IMAGES_OUTPUT/CAST/002_m_memory_monk_trainee_s_mon_memory_monk_trainee_CAST_F04.png|AREA_17_IMAGES_OUTPUT/CAST/002_m_memory_monk_trainee_s_mon_memory_monk_trainee_CAST_F05.png|AREA_17_IMAGES_OUTPUT/CAST/002_m_memory_monk_trainee_s_mon_memory_monk_trainee_CAST_F06.png|AREA_17_IMAGES_OUTPUT/CAST/002_m_memory_monk_trainee_s_mon_memory_monk_trainee_CAST_F07.png,m_red_snail_빨간_달팽이
D:\maplestory_levup\docs\art\output_audit\runs\20260912_162508_msw_origin_art_review\CROSS_AREA_STYLE_BOARD\area_17_m_memory_guardian_REFERENCE_VFX_NATIVE.png,REFERENCE_VFX_WITH_AREA00,m_memory_guardian,1:1; no crop,AREA_17_IMAGES_OUTPUT/REFERENCE/003_m_memory_guardian_s_mon_memory_guardian_REFERENCE_F00.png|AREA_17_IMAGES_OUTPUT/REFERENCE/003_m_memory_guardian_s_mon_memory_guardian_REFERENCE_F01.png|AREA_17_IMAGES_OUTPUT/REFERENCE/003_m_memory_guardian_s_mon_memory_guardian_REFERENCE_F02.png|AREA_17_IMAGES_OUTPUT/REFERENCE/003_m_memory_guardian_s_mon_memory_guardian_REFERENCE_F03.png|AREA_17_IMAGES_OUTPUT/REFERENCE/003_m_memory_guardian_s_mon_memory_guardian_REFERENCE_F04.png|AREA_17_IMAGES_OUTPUT/REFERENCE/003_m_memory_guardian_s_mon_memory_guardian_REFERENCE_F05.png,m_blue_snail_파란_달팽이
D:\maplestory_levup\docs\art\output_audit\runs\20260912_162508_msw_origin_art_review\CROSS_AREA_STYLE_BOARD\area_17_m_chief_memory_guardian_CAST_VFX_NATIVE.png,CAST_VFX_WITH_AREA00,m_chief_memory_guardian,1:1; no crop,AREA_17_IMAGES_OUTPUT/CAST/004_m_chief_memory_guardian_s_mon_chief_memory_guardian_CAST_F00.png|AREA_17_IMAGES_OUTPUT/CAST/004_m_chief_memory_guardian_s_mon_chief_memory_guardian_CAST_F01.png|AREA_17_IMAGES_OUTPUT/CAST/004_m_chief_memory_guardian_s_mon_chief_memory_guardian_CAST_F02.png|AREA_17_IMAGES_OUTPUT/CAST/004_m_chief_memory_guardian_s_mon_chief_memory_guardian_CAST_F03.png|AREA_17_IMAGES_OUTPUT/CAST/004_m_chief_memory_guardian_s_mon_chief_memory_guardian_CAST_F04.png|AREA_17_IMAGES_OUTPUT/CAST/004_m_chief_memory_guardian_s_mon_chief_memory_guardian_CAST_F05.png|AREA_17_IMAGES_OUTPUT/CAST/004_m_chief_memory_guardian_s_mon_chief_memory_guardian_CAST_F06.png|AREA_17_IMAGES_OUTPUT/CAST/004_m_chief_memory_guardian_s_mon_chief_memory_guardian_CAST_F07.png,m_red_snail_빨간_달팽이
D:\maplestory_levup\docs\art\output_audit\runs\20260912_162508_msw_origin_art_review\CROSS_AREA_STYLE_BOARD\area_17_m_dodo_CAST_VFX_NATIVE.png,CAST_VFX_WITH_AREA00,m_dodo,1:1; no crop,AREA_17_IMAGES_OUTPUT/CAST/005_m_dodo_s_mon_dodo_CAST_F00.png|AREA_17_IMAGES_OUTPUT/CAST/005_m_dodo_s_mon_dodo_CAST_F01.png|AREA_17_IMAGES_OUTPUT/CAST/005_m_dodo_s_mon_dodo_CAST_F02.png|AREA_17_IMAGES_OUTPUT/CAST/005_m_dodo_s_mon_dodo_CAST_F03.png|AREA_17_IMAGES_OUTPUT/CAST/005_m_dodo_s_mon_dodo_CAST_F04.png|AREA_17_IMAGES_OUTPUT/CAST/005_m_dodo_s_mon_dodo_CAST_F05.png|AREA_17_IMAGES_OUTPUT/CAST/005_m_dodo_s_mon_dodo_CAST_F06.png|AREA_17_IMAGES_OUTPUT/CAST/005_m_dodo_s_mon_dodo_CAST_F07.png|AREA_17_IMAGES_OUTPUT/CAST/005_m_dodo_s_mon_dodo_CAST_F08.png|AREA_17_IMAGES_OUTPUT/CAST/005_m_dodo_s_mon_dodo_CAST_F09.png|AREA_17_IMAGES_OUTPUT/CAST/005_m_dodo_s_mon_dodo_CAST_F10.png|AREA_17_IMAGES_OUTPUT/CAST/005_m_dodo_s_mon_dodo_CAST_F11.png,m_mano_마노
D:\maplestory_levup\docs\art\output_audit\runs\20260912_162508_msw_origin_art_review\CROSS_AREA_STYLE_BOARD\area_17_m_dodo_PROJECTILE_NATIVE.png,PROJECTILE_WITH_AREA00,m_dodo,1:1; no crop,AREA_17_IMAGES_OUTPUT/PROJECTILE/005_m_dodo_s_mon_dodo_PROJECTILE_F00.png|AREA_17_IMAGES_OUTPUT/PROJECTILE/005_m_dodo_s_mon_dodo_PROJECTILE_F01.png|AREA_17_IMAGES_OUTPUT/PROJECTILE/005_m_dodo_s_mon_dodo_PROJECTILE_F02.png|AREA_17_IMAGES_OUTPUT/PROJECTILE/005_m_dodo_s_mon_dodo_PROJECTILE_F03.png,m_mano_마노
D:\maplestory_levup\docs\art\output_audit\runs\20260912_162508_msw_origin_art_review\CROSS_AREA_STYLE_BOARD\area_18_m_mateon_CAST_VFX_NATIVE.png,CAST_VFX_WITH_AREA00,m_mateon,1:1; no crop,AREA_18_IMAGES_OUTPUT/CAST/001_m_mateon_s_mon_mateon_CAST_F00.png|AREA_18_IMAGES_OUTPUT/CAST/001_m_mateon_s_mon_mateon_CAST_F01.png|AREA_18_IMAGES_OUTPUT/CAST/001_m_mateon_s_mon_mateon_CAST_F02.png|AREA_18_IMAGES_OUTPUT/CAST/001_m_mateon_s_mon_mateon_CAST_F03.png|AREA_18_IMAGES_OUTPUT/CAST/001_m_mateon_s_mon_mateon_CAST_F04.png|AREA_18_IMAGES_OUTPUT/CAST/001_m_mateon_s_mon_mateon_CAST_F05.png|AREA_18_IMAGES_OUTPUT/CAST/001_m_mateon_s_mon_mateon_CAST_F06.png|AREA_18_IMAGES_OUTPUT/CAST/001_m_mateon_s_mon_mateon_CAST_F07.png,m_red_snail_빨간_달팽이
D:\maplestory_levup\docs\art\output_audit\runs\20260912_162508_msw_origin_art_review\CROSS_AREA_STYLE_BOARD\area_18_m_mateon_PROJECTILE_NATIVE.png,PROJECTILE_WITH_AREA00,m_mateon,1:1; no crop,AREA_18_IMAGES_OUTPUT/PROJECTILE/001_m_mateon_s_mon_mateon_PROJECTILE_F00.png|AREA_18_IMAGES_OUTPUT/PROJECTILE/001_m_mateon_s_mon_mateon_PROJECTILE_F01.png|AREA_18_IMAGES_OUTPUT/PROJECTILE/001_m_mateon_s_mon_mateon_PROJECTILE_F02.png|AREA_18_IMAGES_OUTPUT/PROJECTILE/001_m_mateon_s_mon_mateon_PROJECTILE_F03.png,m_red_snail_빨간_달팽이
D:\maplestory_levup\docs\art\output_audit\runs\20260912_162508_msw_origin_art_review\CROSS_AREA_STYLE_BOARD\area_18_m_plateon_REFERENCE_VFX_NATIVE.png,REFERENCE_VFX_WITH_AREA00,m_plateon,1:1; no crop,AREA_18_IMAGES_OUTPUT/REFERENCE/002_m_plateon_s_mon_plateon_REFERENCE_F00.png|AREA_18_IMAGES_OUTPUT/REFERENCE/002_m_plateon_s_mon_plateon_REFERENCE_F01.png|AREA_18_IMAGES_OUTPUT/REFERENCE/002_m_plateon_s_mon_plateon_REFERENCE_F02.png|AREA_18_IMAGES_OUTPUT/REFERENCE/002_m_plateon_s_mon_plateon_REFERENCE_F03.png|AREA_18_IMAGES_OUTPUT/REFERENCE/002_m_plateon_s_mon_plateon_REFERENCE_F04.png|AREA_18_IMAGES_OUTPUT/REFERENCE/002_m_plateon_s_mon_plateon_REFERENCE_F05.png,m_blue_snail_파란_달팽이
D:\maplestory_levup\docs\art\output_audit\runs\20260912_162508_msw_origin_art_review\CROSS_AREA_STYLE_BOARD\area_18_m_mecateon_CAST_VFX_NATIVE.png,CAST_VFX_WITH_AREA00,m_mecateon,1:1; no crop,AREA_18_IMAGES_OUTPUT/CAST/003_m_mecateon_s_mon_mecateon_CAST_F00.png|AREA_18_IMAGES_OUTPUT/CAST/003_m_mecateon_s_mon_mecateon_CAST_F01.png|AREA_18_IMAGES_OUTPUT/CAST/003_m_mecateon_s_mon_mecateon_CAST_F02.png|AREA_18_IMAGES_OUTPUT/CAST/003_m_mecateon_s_mon_mecateon_CAST_F03.png|AREA_18_IMAGES_OUTPUT/CAST/003_m_mecateon_s_mon_mecateon_CAST_F04.png|AREA_18_IMAGES_OUTPUT/CAST/003_m_mecateon_s_mon_mecateon_CAST_F05.png|AREA_18_IMAGES_OUTPUT/CAST/003_m_mecateon_s_mon_mecateon_CAST_F06.png|AREA_18_IMAGES_OUTPUT/CAST/003_m_mecateon_s_mon_mecateon_CAST_F07.png,m_slime_슬라임
D:\maplestory_levup\docs\art\output_audit\runs\20260912_162508_msw_origin_art_review\CROSS_AREA_STYLE_BOARD\area_18_m_chief_gray_REFERENCE_VFX_NATIVE.png,REFERENCE_VFX_WITH_AREA00,m_chief_gray,1:1; no crop,AREA_18_IMAGES_OUTPUT/REFERENCE/004_m_chief_gray_s_mon_chief_gray_REFERENCE_F00.png|AREA_18_IMAGES_OUTPUT/REFERENCE/004_m_chief_gray_s_mon_chief_gray_REFERENCE_F01.png|AREA_18_IMAGES_OUTPUT/REFERENCE/004_m_chief_gray_s_mon_chief_gray_REFERENCE_F02.png|AREA_18_IMAGES_OUTPUT/REFERENCE/004_m_chief_gray_s_mon_chief_gray_REFERENCE_F03.png|AREA_18_IMAGES_OUTPUT/REFERENCE/004_m_chief_gray_s_mon_chief_gray_REFERENCE_F04.png|AREA_18_IMAGES_OUTPUT/REFERENCE/004_m_chief_gray_s_mon_chief_gray_REFERENCE_F05.png,m_blue_snail_파란_달팽이
D:\maplestory_levup\docs\art\output_audit\runs\20260912_162508_msw_origin_art_review\CROSS_AREA_STYLE_BOARD\area_18_m_zeno_CAST_VFX_NATIVE.png,CAST_VFX_WITH_AREA00,m_zeno,1:1; no crop,AREA_18_IMAGES_OUTPUT/CAST/005_m_zeno_s_mon_zeno_CAST_F00.png|AREA_18_IMAGES_OUTPUT/CAST/005_m_zeno_s_mon_zeno_CAST_F01.png|AREA_18_IMAGES_OUTPUT/CAST/005_m_zeno_s_mon_zeno_CAST_F02.png|AREA_18_IMAGES_OUTPUT/CAST/005_m_zeno_s_mon_zeno_CAST_F03.png|AREA_18_IMAGES_OUTPUT/CAST/005_m_zeno_s_mon_zeno_CAST_F04.png|AREA_18_IMAGES_OUTPUT/CAST/005_m_zeno_s_mon_zeno_CAST_F05.png|AREA_18_IMAGES_OUTPUT/CAST/005_m_zeno_s_mon_zeno_CAST_F06.png|AREA_18_IMAGES_OUTPUT/CAST/005_m_zeno_s_mon_zeno_CAST_F07.png|AREA_18_IMAGES_OUTPUT/CAST/005_m_zeno_s_mon_zeno_CAST_F08.png|AREA_18_IMAGES_OUTPUT/CAST/005_m_zeno_s_mon_zeno_CAST_F09.png|AREA_18_IMAGES_OUTPUT/CAST/005_m_zeno_s_mon_zeno_CAST_F10.png|AREA_18_IMAGES_OUTPUT/CAST/005_m_zeno_s_mon_zeno_CAST_F11.png,m_mano_마노
D:\maplestory_levup\docs\art\output_audit\runs\20260912_162508_msw_origin_art_review\CROSS_AREA_STYLE_BOARD\area_19_m_official_knight_c_CAST_VFX_NATIVE.png,CAST_VFX_WITH_AREA00,m_official_knight_c,1:1; no crop,AREA_19_IMAGES_OUTPUT/CAST/001_m_official_knight_c_s_mon_official_knight_c_CAST_F00.png|AREA_19_IMAGES_OUTPUT/CAST/001_m_official_knight_c_s_mon_official_knight_c_CAST_F01.png|AREA_19_IMAGES_OUTPUT/CAST/001_m_official_knight_c_s_mon_official_knight_c_CAST_F02.png|AREA_19_IMAGES_OUTPUT/CAST/001_m_official_knight_c_s_mon_official_knight_c_CAST_F03.png|AREA_19_IMAGES_OUTPUT/CAST/001_m_official_knight_c_s_mon_official_knight_c_CAST_F04.png|AREA_19_IMAGES_OUTPUT/CAST/001_m_official_knight_c_s_mon_official_knight_c_CAST_F05.png|AREA_19_IMAGES_OUTPUT/CAST/001_m_official_knight_c_s_mon_official_knight_c_CAST_F06.png|AREA_19_IMAGES_OUTPUT/CAST/001_m_official_knight_c_s_mon_official_knight_c_CAST_F07.png,m_slime_슬라임
D:\maplestory_levup\docs\art\output_audit\runs\20260912_162508_msw_origin_art_review\CROSS_AREA_STYLE_BOARD\area_19_m_official_knight_d_REFERENCE_VFX_NATIVE.png,REFERENCE_VFX_WITH_AREA00,m_official_knight_d,1:1; no crop,AREA_19_IMAGES_OUTPUT/REFERENCE/002_m_official_knight_d_s_mon_official_knight_d_REFERENCE_F00.png|AREA_19_IMAGES_OUTPUT/REFERENCE/002_m_official_knight_d_s_mon_official_knight_d_REFERENCE_F01.png|AREA_19_IMAGES_OUTPUT/REFERENCE/002_m_official_knight_d_s_mon_official_knight_d_REFERENCE_F02.png|AREA_19_IMAGES_OUTPUT/REFERENCE/002_m_official_knight_d_s_mon_official_knight_d_REFERENCE_F03.png|AREA_19_IMAGES_OUTPUT/REFERENCE/002_m_official_knight_d_s_mon_official_knight_d_REFERENCE_F04.png|AREA_19_IMAGES_OUTPUT/REFERENCE/002_m_official_knight_d_s_mon_official_knight_d_REFERENCE_F05.png,m_blue_snail_파란_달팽이
D:\maplestory_levup\docs\art\output_audit\runs\20260912_162508_msw_origin_art_review\CROSS_AREA_STYLE_BOARD\area_19_m_advanced_knight_a_REFERENCE_VFX_NATIVE.png,REFERENCE_VFX_WITH_AREA00,m_advanced_knight_a,1:1; no crop,AREA_19_IMAGES_OUTPUT/REFERENCE/003_m_advanced_knight_a_s_mon_advanced_knight_a_REFERENCE_F00.png|AREA_19_IMAGES_OUTPUT/REFERENCE/003_m_advanced_knight_a_s_mon_advanced_knight_a_REFERENCE_F01.png|AREA_19_IMAGES_OUTPUT/REFERENCE/003_m_advanced_knight_a_s_mon_advanced_knight_a_REFERENCE_F02.png|AREA_19_IMAGES_OUTPUT/REFERENCE/003_m_advanced_knight_a_s_mon_advanced_knight_a_REFERENCE_F03.png|AREA_19_IMAGES_OUTPUT/REFERENCE/003_m_advanced_knight_a_s_mon_advanced_knight_a_REFERENCE_F04.png|AREA_19_IMAGES_OUTPUT/REFERENCE/003_m_advanced_knight_a_s_mon_advanced_knight_a_REFERENCE_F05.png,m_blue_snail_파란_달팽이
D:\maplestory_levup\docs\art\output_audit\runs\20260912_162508_msw_origin_art_review\CROSS_AREA_STYLE_BOARD\area_19_m_advanced_knight_b_CAST_VFX_NATIVE.png,CAST_VFX_WITH_AREA00,m_advanced_knight_b,1:1; no crop,AREA_19_IMAGES_OUTPUT/CAST/004_m_advanced_knight_b_s_mon_advanced_knight_b_CAST_F00.png|AREA_19_IMAGES_OUTPUT/CAST/004_m_advanced_knight_b_s_mon_advanced_knight_b_CAST_F01.png|AREA_19_IMAGES_OUTPUT/CAST/004_m_advanced_knight_b_s_mon_advanced_knight_b_CAST_F02.png|AREA_19_IMAGES_OUTPUT/CAST/004_m_advanced_knight_b_s_mon_advanced_knight_b_CAST_F03.png|AREA_19_IMAGES_OUTPUT/CAST/004_m_advanced_knight_b_s_mon_advanced_knight_b_CAST_F04.png|AREA_19_IMAGES_OUTPUT/CAST/004_m_advanced_knight_b_s_mon_advanced_knight_b_CAST_F05.png|AREA_19_IMAGES_OUTPUT/CAST/004_m_advanced_knight_b_s_mon_advanced_knight_b_CAST_F06.png|AREA_19_IMAGES_OUTPUT/CAST/004_m_advanced_knight_b_s_mon_advanced_knight_b_CAST_F07.png,m_red_snail_빨간_달팽이
D:\maplestory_levup\docs\art\output_audit\runs\20260912_162508_msw_origin_art_review\CROSS_AREA_STYLE_BOARD\area_19_m_cygnus_CAST_VFX_NATIVE.png,CAST_VFX_WITH_AREA00,m_cygnus,1:1; no crop,AREA_19_IMAGES_OUTPUT/CAST/005_m_cygnus_s_mon_cygnus_CAST_F00.png|AREA_19_IMAGES_OUTPUT/CAST/005_m_cygnus_s_mon_cygnus_CAST_F01.png|AREA_19_IMAGES_OUTPUT/CAST/005_m_cygnus_s_mon_cygnus_CAST_F02.png|AREA_19_IMAGES_OUTPUT/CAST/005_m_cygnus_s_mon_cygnus_CAST_F03.png|AREA_19_IMAGES_OUTPUT/CAST/005_m_cygnus_s_mon_cygnus_CAST_F04.png|AREA_19_IMAGES_OUTPUT/CAST/005_m_cygnus_s_mon_cygnus_CAST_F05.png|AREA_19_IMAGES_OUTPUT/CAST/005_m_cygnus_s_mon_cygnus_CAST_F06.png|AREA_19_IMAGES_OUTPUT/CAST/005_m_cygnus_s_mon_cygnus_CAST_F07.png|AREA_19_IMAGES_OUTPUT/CAST/005_m_cygnus_s_mon_cygnus_CAST_F08.png|AREA_19_IMAGES_OUTPUT/CAST/005_m_cygnus_s_mon_cygnus_CAST_F09.png|AREA_19_IMAGES_OUTPUT/CAST/005_m_cygnus_s_mon_cygnus_CAST_F10.png|AREA_19_IMAGES_OUTPUT/CAST/005_m_cygnus_s_mon_cygnus_CAST_F11.png,m_mano_마노
D:\maplestory_levup\docs\art\output_audit\runs\20260912_162508_msw_origin_art_review\CROSS_AREA_STYLE_BOARD\area_20_m_mutant_dark_stump_REFERENCE_VFX_NATIVE.png,REFERENCE_VFX_WITH_AREA00,m_mutant_dark_stump,1:1; no crop,AREA_20_IMAGES_OUTPUT/REFERENCE/001_m_mutant_dark_stump_s_mon_mutant_dark_stump_REFERENCE_F00.png|AREA_20_IMAGES_OUTPUT/REFERENCE/001_m_mutant_dark_stump_s_mon_mutant_dark_stump_REFERENCE_F01.png|AREA_20_IMAGES_OUTPUT/REFERENCE/001_m_mutant_dark_stump_s_mon_mutant_dark_stump_REFERENCE_F02.png|AREA_20_IMAGES_OUTPUT/REFERENCE/001_m_mutant_dark_stump_s_mon_mutant_dark_stump_REFERENCE_F03.png|AREA_20_IMAGES_OUTPUT/REFERENCE/001_m_mutant_dark_stump_s_mon_mutant_dark_stump_REFERENCE_F04.png|AREA_20_IMAGES_OUTPUT/REFERENCE/001_m_mutant_dark_stump_s_mon_mutant_dark_stump_REFERENCE_F05.png,m_blue_snail_파란_달팽이
D:\maplestory_levup\docs\art\output_audit\runs\20260912_162508_msw_origin_art_review\CROSS_AREA_STYLE_BOARD\area_20_m_mutant_iron_hog_CAST_VFX_NATIVE.png,CAST_VFX_WITH_AREA00,m_mutant_iron_hog,1:1; no crop,AREA_20_IMAGES_OUTPUT/CAST/002_m_mutant_iron_hog_s_mon_mutant_iron_hog_CAST_F00.png|AREA_20_IMAGES_OUTPUT/CAST/002_m_mutant_iron_hog_s_mon_mutant_iron_hog_CAST_F01.png|AREA_20_IMAGES_OUTPUT/CAST/002_m_mutant_iron_hog_s_mon_mutant_iron_hog_CAST_F02.png|AREA_20_IMAGES_OUTPUT/CAST/002_m_mutant_iron_hog_s_mon_mutant_iron_hog_CAST_F03.png|AREA_20_IMAGES_OUTPUT/CAST/002_m_mutant_iron_hog_s_mon_mutant_iron_hog_CAST_F04.png|AREA_20_IMAGES_OUTPUT/CAST/002_m_mutant_iron_hog_s_mon_mutant_iron_hog_CAST_F05.png|AREA_20_IMAGES_OUTPUT/CAST/002_m_mutant_iron_hog_s_mon_mutant_iron_hog_CAST_F06.png|AREA_20_IMAGES_OUTPUT/CAST/002_m_mutant_iron_hog_s_mon_mutant_iron_hog_CAST_F07.png,m_red_snail_빨간_달팽이
D:\maplestory_levup\docs\art\output_audit\runs\20260912_162508_msw_origin_art_review\CROSS_AREA_STYLE_BOARD\area_20_m_mutant_stone_mask_REFERENCE_VFX_NATIVE.png,REFERENCE_VFX_WITH_AREA00,m_mutant_stone_mask,1:1; no crop,AREA_20_IMAGES_OUTPUT/REFERENCE/003_m_mutant_stone_mask_s_mon_mutant_stone_mask_REFERENCE_F00.png|AREA_20_IMAGES_OUTPUT/REFERENCE/003_m_mutant_stone_mask_s_mon_mutant_stone_mask_REFERENCE_F01.png|AREA_20_IMAGES_OUTPUT/REFERENCE/003_m_mutant_stone_mask_s_mon_mutant_stone_mask_REFERENCE_F02.png|AREA_20_IMAGES_OUTPUT/REFERENCE/003_m_mutant_stone_mask_s_mon_mutant_stone_mask_REFERENCE_F03.png|AREA_20_IMAGES_OUTPUT/REFERENCE/003_m_mutant_stone_mask_s_mon_mutant_stone_mask_REFERENCE_F04.png|AREA_20_IMAGES_OUTPUT/REFERENCE/003_m_mutant_stone_mask_s_mon_mutant_stone_mask_REFERENCE_F05.png,m_blue_snail_파란_달팽이
D:\maplestory_levup\docs\art\output_audit\runs\20260912_162508_msw_origin_art_review\CROSS_AREA_STYLE_BOARD\area_20_m_ancient_dark_golem_CAST_VFX_NATIVE.png,CAST_VFX_WITH_AREA00,m_ancient_dark_golem,1:1; no crop,AREA_20_IMAGES_OUTPUT/CAST/004_m_ancient_dark_golem_s_mon_ancient_dark_golem_CAST_F00.png|AREA_20_IMAGES_OUTPUT/CAST/004_m_ancient_dark_golem_s_mon_ancient_dark_golem_CAST_F01.png|AREA_20_IMAGES_OUTPUT/CAST/004_m_ancient_dark_golem_s_mon_ancient_dark_golem_CAST_F02.png|AREA_20_IMAGES_OUTPUT/CAST/004_m_ancient_dark_golem_s_mon_ancient_dark_golem_CAST_F03.png|AREA_20_IMAGES_OUTPUT/CAST/004_m_ancient_dark_golem_s_mon_ancient_dark_golem_CAST_F04.png|AREA_20_IMAGES_OUTPUT/CAST/004_m_ancient_dark_golem_s_mon_ancient_dark_golem_CAST_F05.png|AREA_20_IMAGES_OUTPUT/CAST/004_m_ancient_dark_golem_s_mon_ancient_dark_golem_CAST_F06.png|AREA_20_IMAGES_OUTPUT/CAST/004_m_ancient_dark_golem_s_mon_ancient_dark_golem_CAST_F07.png,m_red_snail_빨간_달팽이
D:\maplestory_levup\docs\art\output_audit\runs\20260912_162508_msw_origin_art_review\CROSS_AREA_STYLE_BOARD\area_20_m_mutant_stumpy_CAST_VFX_NATIVE.png,CAST_VFX_WITH_AREA00,m_mutant_stumpy,1:1; no crop,AREA_20_IMAGES_OUTPUT/CAST/005_m_mutant_stumpy_s_mon_mutant_stumpy_CAST_F00.png|AREA_20_IMAGES_OUTPUT/CAST/005_m_mutant_stumpy_s_mon_mutant_stumpy_CAST_F01.png|AREA_20_IMAGES_OUTPUT/CAST/005_m_mutant_stumpy_s_mon_mutant_stumpy_CAST_F02.png|AREA_20_IMAGES_OUTPUT/CAST/005_m_mutant_stumpy_s_mon_mutant_stumpy_CAST_F03.png|AREA_20_IMAGES_OUTPUT/CAST/005_m_mutant_stumpy_s_mon_mutant_stumpy_CAST_F04.png|AREA_20_IMAGES_OUTPUT/CAST/005_m_mutant_stumpy_s_mon_mutant_stumpy_CAST_F05.png|AREA_20_IMAGES_OUTPUT/CAST/005_m_mutant_stumpy_s_mon_mutant_stumpy_CAST_F06.png|AREA_20_IMAGES_OUTPUT/CAST/005_m_mutant_stumpy_s_mon_mutant_stumpy_CAST_F07.png|AREA_20_IMAGES_OUTPUT/CAST/005_m_mutant_stumpy_s_mon_mutant_stumpy_CAST_F08.png|AREA_20_IMAGES_OUTPUT/CAST/005_m_mutant_stumpy_s_mon_mutant_stumpy_CAST_F09.png|AREA_20_IMAGES_OUTPUT/CAST/005_m_mutant_stumpy_s_mon_mutant_stumpy_CAST_F10.png|AREA_20_IMAGES_OUTPUT/CAST/005_m_mutant_stumpy_s_mon_mutant_stumpy_CAST_F11.png,m_mano_마노
