area_id,monster_id,monster_name,skill_id,skill_name,role,style_judgment,actual_output_zip,actual_output_files,actual_file_sha256,input_zip,input_version,input_spec_path,input_core_material,input_role_timing,input_direction,observed_frame_scope,observed_sequence,reference_zip,reference_file,reference_basis,finish_observation,within_skill,within_area,cross_area,allowed_difference,why_not_allowed_difference,keep_material_motion,finish_change_candidate,user_decision_needed,user_approved,native_board,detail_board,display_conditions,temporal_review,game_size_review,configuration_judgment_reused,technical_hold,scope
area_00,m_snail,달팽이,s_mon_snail_dew_trail,,ICON,CONSISTENT_WITH_REFERENCE,D:\maplestory_levup\docs\art\area00-images-output\AREA_00_IMAGES_OUTPUT_ORIGINAL.zip,AREA_00_IMAGES_OUTPUT/monsters/001_m_snail_달팽이/ICON/001_m_snail_s_mon_snail_dew_trail_ICON.png,"{""AREA_00_IMAGES_OUTPUT/monsters/001_m_snail_달팽이/ICON/001_m_snail_s_mon_snail_dew_trail_ICON.png"": ""9e4c5c2bf3f0edd39e3de4855d0eb2c16a049d879a88fe104fb91e5eb76a5446""}",,,,,,,ICON 전체,곡면 물방울 반사와 얇은 점액 띠; 팽창/튐 뒤 방울로 분리,D:\maplestory_levup\docs\art\area00-images-output\AREA_00_IMAGES_OUTPUT_ORIGINAL.zip,AREA_00_IMAGES_OUTPUT/monsters/001_m_snail_달팽이/ICON/001_m_snail_s_mon_snail_dew_trail_ICON.png,BASELINE_INDEX의 실제 승인 원화; 기존 승인 사실을 사용. 이번 사용자 승인 추가 아님,곡면 물방울 반사와 얇은 점액 띠; 팽창/튐 뒤 방울로 분리,,,,,,,,NO,NO_NEW_APPROVAL,D:\maplestory_levup\docs\art\output_audit\runs\20260912_162508_msw_origin_art_review\CROSS_AREA_STYLE_BOARD\BASELINE_m_snail_달팽이.png,,"PNG 원본을 동일 RGB(32,38,48) 배경에 1:1 합성. 확대는 동일 128px 영역 2배 NEAREST. 큰 보드의 도구 축소 표시 가능; 이탈 상세는 1600px 보드에서 추가 대조",전 프레임 순서상 형성/변화/해체/잔상 대조. 실시간 재생의 체감 리듬 및 엔진 합성은 미검증,NOT_CHECKED: 게임 내 최종 배율/카메라/필터/배경에서의 선명도 미검증. 명세 배율만으로 런타임 표시를 보았다고 하지 않음,,,APPROVED_REFERENCE
area_00,m_snail,달팽이,s_mon_snail_dew_trail,,CAST_VFX,CONSISTENT_WITH_REFERENCE,D:\maplestory_levup\docs\art\area00-images-output\AREA_00_IMAGES_OUTPUT_ORIGINAL.zip,AREA_00_IMAGES_OUTPUT/monsters/001_m_snail_달팽이/VFX/001_m_snail_s_mon_snail_dew_trail_F00.png|AREA_00_IMAGES_OUTPUT/monsters/001_m_snail_달팽이/VFX/001_m_snail_s_mon_snail_dew_trail_F01.png|AREA_00_IMAGES_OUTPUT/monsters/001_m_snail_달팽이/VFX/001_m_snail_s_mon_snail_dew_trail_F02.png|AREA_00_IMAGES_OUTPUT/monsters/001_m_snail_달팽이/VFX/001_m_snail_s_mon_snail_dew_trail_F03.png|AREA_00_IMAGES_OUTPUT/monsters/001_m_snail_달팽이/VFX/001_m_snail_s_mon_snail_dew_trail_F04.png|AREA_00_IMAGES_OUTPUT/monsters/001_m_snail_달팽이/VFX/001_m_snail_s_mon_snail_dew_trail_F05.png|AREA_00_IMAGES_OUTPUT/monsters/001_m_snail_달팽이/VFX/001_m_snail_s_mon_snail_dew_trail_F06.png|AREA_00_IMAGES_OUTPUT/monsters/001_m_snail_달팽이/VFX/001_m_snail_s_mon_snail_dew_trail_F07.png,"{""AREA_00_IMAGES_OUTPUT/monsters/001_m_snail_달팽이/VFX/001_m_snail_s_mon_snail_dew_trail_F00.png"": ""b7e74d47734d5b6bbcdbe3c68d99ed67b360eff4c6c73bcf4b141ba69b4d3525"", ""AREA_00_IMAGES_OUTPUT/monsters/001_m_snail_달팽이/VFX/001_m_snail_s_mon_snail_dew_trail_F01.png"": ""41302b32898fa0136beeba6c6959da7694f35bab7bf6c63a4f6b0f9a45e94b7b"", ""AREA_00_IMAGES_OUTPUT/monsters/001_m_snail_달팽이/VFX/001_m_snail_s_mon_snail_dew_trail_F02.png"": ""3e4aec6879b1765ebe8a38bdc3caf37b17cb412d113d5b3272e125f39ced6df8"", ""AREA_00_IMAGES_OUTPUT/monsters/001_m_snail_달팽이/VFX/001_m_snail_s_mon_snail_dew_trail_F03.png"": ""f9d41b208b4b5211ec7192e517b63e83b9584c97a27140e408efc1381954ba0b"", ""AREA_00_IMAGES_OUTPUT/monsters/001_m_snail_달팽이/VFX/001_m_snail_s_mon_snail_dew_trail_F04.png"": ""f74cc1f1679ee8075bb00b561de00036e26927f29630e28641ab8cb550dcf873"", ""AREA_00_IMAGES_OUTPUT/monsters/001_m_snail_달팽이/VFX/001_m_snail_s_mon_snail_dew_trail_F05.png"": ""e42797fa98dd5ebd9ece312428850a4d002758e900040402c20a9a3c67b7e006"", ""AREA_00_IMAGES_OUTPUT/monsters/001_m_snail_달팽이/VFX/001_m_snail_s_mon_snail_dew_trail_F06.png"": ""6fcb2783109b7be3a201ced278d107019a85b1b508ff10f9e8db2b8ef80d5f7f"", ""AREA_00_IMAGES_OUTPUT/monsters/001_m_snail_달팽이/VFX/001_m_snail_s_mon_snail_dew_trail_F07.png"": ""a10fa4be7113d815469390317d352bf33593777576ef66f81ebeae5055159c9a""}",,,,,,,F00–F07 전체,곡면 물방울 반사와 얇은 점액 띠; 팽창/튐 뒤 방울로 분리,D:\maplestory_levup\docs\art\area00-images-output\AREA_00_IMAGES_OUTPUT_ORIGINAL.zip,AREA_00_IMAGES_OUTPUT/monsters/001_m_snail_달팽이/VFX/001_m_snail_s_mon_snail_dew_trail_F00.png|AREA_00_IMAGES_OUTPUT/monsters/001_m_snail_달팽이/VFX/001_m_snail_s_mon_snail_dew_trail_F01.png|AREA_00_IMAGES_OUTPUT/monsters/001_m_snail_달팽이/VFX/001_m_snail_s_mon_snail_dew_trail_F02.png|AREA_00_IMAGES_OUTPUT/monsters/001_m_snail_달팽이/VFX/001_m_snail_s_mon_snail_dew_trail_F03.png|AREA_00_IMAGES_OUTPUT/monsters/001_m_snail_달팽이/VFX/001_m_snail_s_mon_snail_dew_trail_F04.png|AREA_00_IMAGES_OUTPUT/monsters/001_m_snail_달팽이/VFX/001_m_snail_s_mon_snail_dew_trail_F05.png|AREA_00_IMAGES_OUTPUT/monsters/001_m_snail_달팽이/VFX/001_m_snail_s_mon_snail_dew_trail_F06.png|AREA_00_IMAGES_OUTPUT/monsters/001_m_snail_달팽이/VFX/001_m_snail_s_mon_snail_dew_trail_F07.png,BASELINE_INDEX의 실제 승인 원화; 기존 승인 사실을 사용. 이번 사용자 승인 추가 아님,곡면 물방울 반사와 얇은 점액 띠; 팽창/튐 뒤 방울로 분리,,,,,,,,NO,NO_NEW_APPROVAL,D:\maplestory_levup\docs\art\output_audit\runs\20260912_162508_msw_origin_art_review\CROSS_AREA_STYLE_BOARD\BASELINE_m_snail_달팽이.png,,"PNG 원본을 동일 RGB(32,38,48) 배경에 1:1 합성. 확대는 동일 128px 영역 2배 NEAREST. 큰 보드의 도구 축소 표시 가능; 이탈 상세는 1600px 보드에서 추가 대조",전 프레임 순서상 형성/변화/해체/잔상 대조. 실시간 재생의 체감 리듬 및 엔진 합성은 미검증,NOT_CHECKED: 게임 내 최종 배율/카메라/필터/배경에서의 선명도 미검증. 명세 배율만으로 런타임 표시를 보았다고 하지 않음,,,APPROVED_REFERENCE
area_00,m_blue_snail,파란 달팽이,s_mon_blue_snail,,ICON,CONSISTENT_WITH_REFERENCE,D:\maplestory_levup\docs\art\area00-images-output\AREA_00_IMAGES_OUTPUT_ORIGINAL.zip,AREA_00_IMAGES_OUTPUT/monsters/002_m_blue_snail_파란_달팽이/ICON/002_m_blue_snail_s_mon_blue_snail_ICON.png,"{""AREA_00_IMAGES_OUTPUT/monsters/002_m_blue_snail_파란_달팽이/ICON/002_m_blue_snail_s_mon_blue_snail_ICON.png"": ""defd113ea3c59d8b570f73a79533b4253b5e72f789347e13aaa6cdbfefe65d27""}",,,,,,,ICON 전체,청색 곡면 반사/연속 물결 가장자리; 열린 물결에서 돔을 형성하고 다시 해체,D:\maplestory_levup\docs\art\area00-images-output\AREA_00_IMAGES_OUTPUT_ORIGINAL.zip,AREA_00_IMAGES_OUTPUT/monsters/002_m_blue_snail_파란_달팽이/ICON/002_m_blue_snail_s_mon_blue_snail_ICON.png,BASELINE_INDEX의 실제 승인 원화; 기존 승인 사실을 사용. 이번 사용자 승인 추가 아님,청색 곡면 반사/연속 물결 가장자리; 열린 물결에서 돔을 형성하고 다시 해체,,,,,,,,NO,NO_NEW_APPROVAL,D:\maplestory_levup\docs\art\output_audit\runs\20260912_162508_msw_origin_art_review\CROSS_AREA_STYLE_BOARD\BASELINE_m_blue_snail_파란_달팽이.png,,"PNG 원본을 동일 RGB(32,38,48) 배경에 1:1 합성. 확대는 동일 128px 영역 2배 NEAREST. 큰 보드의 도구 축소 표시 가능; 이탈 상세는 1600px 보드에서 추가 대조",전 프레임 순서상 형성/변화/해체/잔상 대조. 실시간 재생의 체감 리듬 및 엔진 합성은 미검증,NOT_CHECKED: 게임 내 최종 배율/카메라/필터/배경에서의 선명도 미검증. 명세 배율만으로 런타임 표시를 보았다고 하지 않음,,,APPROVED_REFERENCE
area_00,m_blue_snail,파란 달팽이,s_mon_blue_snail,,CAST_VFX,CONSISTENT_WITH_REFERENCE,D:\maplestory_levup\docs\art\area00-images-output\AREA_00_IMAGES_OUTPUT_ORIGINAL.zip,AREA_00_IMAGES_OUTPUT/monsters/002_m_blue_snail_파란_달팽이/VFX/002_m_blue_snail_s_mon_blue_snail_F00.png|AREA_00_IMAGES_OUTPUT/monsters/002_m_blue_snail_파란_달팽이/VFX/002_m_blue_snail_s_mon_blue_snail_F01.png|AREA_00_IMAGES_OUTPUT/monsters/002_m_blue_snail_파란_달팽이/VFX/002_m_blue_snail_s_mon_blue_snail_F02.png|AREA_00_IMAGES_OUTPUT/monsters/002_m_blue_snail_파란_달팽이/VFX/002_m_blue_snail_s_mon_blue_snail_F03.png|AREA_00_IMAGES_OUTPUT/monsters/002_m_blue_snail_파란_달팽이/VFX/002_m_blue_snail_s_mon_blue_snail_F04.png|AREA_00_IMAGES_OUTPUT/monsters/002_m_blue_snail_파란_달팽이/VFX/002_m_blue_snail_s_mon_blue_snail_F05.png|AREA_00_IMAGES_OUTPUT/monsters/002_m_blue_snail_파란_달팽이/VFX/002_m_blue_snail_s_mon_blue_snail_F06.png|AREA_00_IMAGES_OUTPUT/monsters/002_m_blue_snail_파란_달팽이/VFX/002_m_blue_snail_s_mon_blue_snail_F07.png,"{""AREA_00_IMAGES_OUTPUT/monsters/002_m_blue_snail_파란_달팽이/VFX/002_m_blue_snail_s_mon_blue_snail_F00.png"": ""d7b55014803cf9feed39d079ceb5deef7bf7f2780bfbbca351f8b3f6c00d8b7c"", ""AREA_00_IMAGES_OUTPUT/monsters/002_m_blue_snail_파란_달팽이/VFX/002_m_blue_snail_s_mon_blue_snail_F01.png"": ""cfac5775668a4cbc3538bc0bf5d3128c156420b4b10154719e7b40b2f3e954c8"", ""AREA_00_IMAGES_OUTPUT/monsters/002_m_blue_snail_파란_달팽이/VFX/002_m_blue_snail_s_mon_blue_snail_F02.png"": ""9c712f7984fa7cee2a34642bb6ea82d48e65ff40136722336230d5c108ed5cde"", ""AREA_00_IMAGES_OUTPUT/monsters/002_m_blue_snail_파란_달팽이/VFX/002_m_blue_snail_s_mon_blue_snail_F03.png"": ""9637aba5fa8311195959dfb12a284ce6ae384861e8b7e861b18c2a5fa9a6ff13"", ""AREA_00_IMAGES_OUTPUT/monsters/002_m_blue_snail_파란_달팽이/VFX/002_m_blue_snail_s_mon_blue_snail_F04.png"": ""0bce8d96d2dbfc9ed65f5735bf440ff5467d1e6daddf44769af7c501530720b7"", ""AREA_00_IMAGES_OUTPUT/monsters/002_m_blue_snail_파란_달팽이/VFX/002_m_blue_snail_s_mon_blue_snail_F05.png"": ""7c711af880e09179d6e35cb0592244949ccf816ed2e0e843fb141e36b2f39d23"", ""AREA_00_IMAGES_OUTPUT/monsters/002_m_blue_snail_파란_달팽이/VFX/002_m_blue_snail_s_mon_blue_snail_F06.png"": ""1a97d84716a4518c8af8262bb8cf503d43d9737ed0db3b262308d6a508bb0653"", ""AREA_00_IMAGES_OUTPUT/monsters/002_m_blue_snail_파란_달팽이/VFX/002_m_blue_snail_s_mon_blue_snail_F07.png"": ""d28d8ff99b111634ba2a755761085a260dda2100f83cf2e729812242dc98f7c1""}",,,,,,,F00–F07 전체,청색 곡면 반사/연속 물결 가장자리; 열린 물결에서 돔을 형성하고 다시 해체,D:\maplestory_levup\docs\art\area00-images-output\AREA_00_IMAGES_OUTPUT_ORIGINAL.zip,AREA_00_IMAGES_OUTPUT/monsters/002_m_blue_snail_파란_달팽이/VFX/002_m_blue_snail_s_mon_blue_snail_F00.png|AREA_00_IMAGES_OUTPUT/monsters/002_m_blue_snail_파란_달팽이/VFX/002_m_blue_snail_s_mon_blue_snail_F01.png|AREA_00_IMAGES_OUTPUT/monsters/002_m_blue_snail_파란_달팽이/VFX/002_m_blue_snail_s_mon_blue_snail_F02.png|AREA_00_IMAGES_OUTPUT/monsters/002_m_blue_snail_파란_달팽이/VFX/002_m_blue_snail_s_mon_blue_snail_F03.png|AREA_00_IMAGES_OUTPUT/monsters/002_m_blue_snail_파란_달팽이/VFX/002_m_blue_snail_s_mon_blue_snail_F04.png|AREA_00_IMAGES_OUTPUT/monsters/002_m_blue_snail_파란_달팽이/VFX/002_m_blue_snail_s_mon_blue_snail_F05.png|AREA_00_IMAGES_OUTPUT/monsters/002_m_blue_snail_파란_달팽이/VFX/002_m_blue_snail_s_mon_blue_snail_F06.png|AREA_00_IMAGES_OUTPUT/monsters/002_m_blue_snail_파란_달팽이/VFX/002_m_blue_snail_s_mon_blue_snail_F07.png,BASELINE_INDEX의 실제 승인 원화; 기존 승인 사실을 사용. 이번 사용자 승인 추가 아님,청색 곡면 반사/연속 물결 가장자리; 열린 물결에서 돔을 형성하고 다시 해체,,,,,,,,NO,NO_NEW_APPROVAL,D:\maplestory_levup\docs\art\output_audit\runs\20260912_162508_msw_origin_art_review\CROSS_AREA_STYLE_BOARD\BASELINE_m_blue_snail_파란_달팽이.png,,"PNG 원본을 동일 RGB(32,38,48) 배경에 1:1 합성. 확대는 동일 128px 영역 2배 NEAREST. 큰 보드의 도구 축소 표시 가능; 이탈 상세는 1600px 보드에서 추가 대조",전 프레임 순서상 형성/변화/해체/잔상 대조. 실시간 재생의 체감 리듬 및 엔진 합성은 미검증,NOT_CHECKED: 게임 내 최종 배율/카메라/필터/배경에서의 선명도 미검증. 명세 배율만으로 런타임 표시를 보았다고 하지 않음,,,APPROVED_REFERENCE
area_00,m_red_snail,빨간 달팽이,s_mon_red_snail,,ICON,CONSISTENT_WITH_REFERENCE,D:\maplestory_levup\docs\art\area00-images-output\AREA_00_IMAGES_OUTPUT_ORIGINAL.zip,AREA_00_IMAGES_OUTPUT/monsters/003_m_red_snail_빨간_달팽이/ICON/003_m_red_snail_s_mon_red_snail_ICON.png,"{""AREA_00_IMAGES_OUTPUT/monsters/003_m_red_snail_빨간_달팽이/ICON/003_m_red_snail_s_mon_red_snail_ICON.png"": ""2b8cf4e30211c7e7f8c00633b21c5b01fdf34d2be053503f52c884180e005154""}",,,,,,,ICON 전체,ICON의 정돈된 붉은 색면; VFX 나선 코어와 얇은 잔상/후반 조각,D:\maplestory_levup\docs\art\area00-images-output\AREA_00_IMAGES_OUTPUT_ORIGINAL.zip,AREA_00_IMAGES_OUTPUT/monsters/003_m_red_snail_빨간_달팽이/ICON/003_m_red_snail_s_mon_red_snail_ICON.png,BASELINE_INDEX의 실제 승인 원화; 기존 승인 사실을 사용. 이번 사용자 승인 추가 아님,ICON의 정돈된 붉은 색면; VFX 나선 코어와 얇은 잔상/후반 조각,,,,,,,,NO,NO_NEW_APPROVAL,D:\maplestory_levup\docs\art\output_audit\runs\20260912_162508_msw_origin_art_review\CROSS_AREA_STYLE_BOARD\BASELINE_m_red_snail_빨간_달팽이.png,,"PNG 원본을 동일 RGB(32,38,48) 배경에 1:1 합성. 확대는 동일 128px 영역 2배 NEAREST. 큰 보드의 도구 축소 표시 가능; 이탈 상세는 1600px 보드에서 추가 대조",전 프레임 순서상 형성/변화/해체/잔상 대조. 실시간 재생의 체감 리듬 및 엔진 합성은 미검증,NOT_CHECKED: 게임 내 최종 배율/카메라/필터/배경에서의 선명도 미검증. 명세 배율만으로 런타임 표시를 보았다고 하지 않음,,,APPROVED_REFERENCE
area_00,m_red_snail,빨간 달팽이,s_mon_red_snail,,CAST_VFX,CONSISTENT_WITH_REFERENCE,D:\maplestory_levup\docs\art\area00-images-output\AREA_00_IMAGES_OUTPUT_ORIGINAL.zip,AREA_00_IMAGES_OUTPUT/monsters/003_m_red_snail_빨간_달팽이/VFX/003_m_red_snail_s_mon_red_snail_F00.png|AREA_00_IMAGES_OUTPUT/monsters/003_m_red_snail_빨간_달팽이/VFX/003_m_red_snail_s_mon_red_snail_F01.png|AREA_00_IMAGES_OUTPUT/monsters/003_m_red_snail_빨간_달팽이/VFX/003_m_red_snail_s_mon_red_snail_F02.png|AREA_00_IMAGES_OUTPUT/monsters/003_m_red_snail_빨간_달팽이/VFX/003_m_red_snail_s_mon_red_snail_F03.png|AREA_00_IMAGES_OUTPUT/monsters/003_m_red_snail_빨간_달팽이/VFX/003_m_red_snail_s_mon_red_snail_F04.png|AREA_00_IMAGES_OUTPUT/monsters/003_m_red_snail_빨간_달팽이/VFX/003_m_red_snail_s_mon_red_snail_F05.png|AREA_00_IMAGES_OUTPUT/monsters/003_m_red_snail_빨간_달팽이/VFX/003_m_red_snail_s_mon_red_snail_F06.png|AREA_00_IMAGES_OUTPUT/monsters/003_m_red_snail_빨간_달팽이/VFX/003_m_red_snail_s_mon_red_snail_F07.png,"{""AREA_00_IMAGES_OUTPUT/monsters/003_m_red_snail_빨간_달팽이/VFX/003_m_red_snail_s_mon_red_snail_F00.png"": ""27d9b0dfc570f3a155a70bee2322b7729c54450512d3aa5d153d415cc3348678"", ""AREA_00_IMAGES_OUTPUT/monsters/003_m_red_snail_빨간_달팽이/VFX/003_m_red_snail_s_mon_red_snail_F01.png"": ""fb2b3172532e8aa6200c13412604e057a86501413a7038c9c48531856c94c8df"", ""AREA_00_IMAGES_OUTPUT/monsters/003_m_red_snail_빨간_달팽이/VFX/003_m_red_snail_s_mon_red_snail_F02.png"": ""4d4c2dfe1ab765db3989b27949660c46f62a5e7cea23b74a6c3fa106882387a3"", ""AREA_00_IMAGES_OUTPUT/monsters/003_m_red_snail_빨간_달팽이/VFX/003_m_red_snail_s_mon_red_snail_F03.png"": ""49b82856ad01e1a4da5f8ff71245488ce82f308f01e557afb0560cee7df0a287"", ""AREA_00_IMAGES_OUTPUT/monsters/003_m_red_snail_빨간_달팽이/VFX/003_m_red_snail_s_mon_red_snail_F04.png"": ""80630efa2f358a24d0e59981bbd309e1d8d9278fcc0fb536496cd0dab6e5fbe5"", ""AREA_00_IMAGES_OUTPUT/monsters/003_m_red_snail_빨간_달팽이/VFX/003_m_red_snail_s_mon_red_snail_F05.png"": ""05643afdd7f9a4441b531468226ac429846f071b759c3fd598337e2114b9f21e"", ""AREA_00_IMAGES_OUTPUT/monsters/003_m_red_snail_빨간_달팽이/VFX/003_m_red_snail_s_mon_red_snail_F06.png"": ""9bcc23d5a1035abadc431c5be975644df9021cc9401768a779c30d90baa7dba4"", ""AREA_00_IMAGES_OUTPUT/monsters/003_m_red_snail_빨간_달팽이/VFX/003_m_red_snail_s_mon_red_snail_F07.png"": ""fe2aa3e8c66c51809d8d535588aba60a7073c0817efcabe3bb7fb9f01655999c""}",,,,,,,F00–F07 전체,ICON의 정돈된 붉은 색면; VFX 나선 코어와 얇은 잔상/후반 조각,D:\maplestory_levup\docs\art\area00-images-output\AREA_00_IMAGES_OUTPUT_ORIGINAL.zip,AREA_00_IMAGES_OUTPUT/monsters/003_m_red_snail_빨간_달팽이/VFX/003_m_red_snail_s_mon_red_snail_F00.png|AREA_00_IMAGES_OUTPUT/monsters/003_m_red_snail_빨간_달팽이/VFX/003_m_red_snail_s_mon_red_snail_F01.png|AREA_00_IMAGES_OUTPUT/monsters/003_m_red_snail_빨간_달팽이/VFX/003_m_red_snail_s_mon_red_snail_F02.png|AREA_00_IMAGES_OUTPUT/monsters/003_m_red_snail_빨간_달팽이/VFX/003_m_red_snail_s_mon_red_snail_F03.png|AREA_00_IMAGES_OUTPUT/monsters/003_m_red_snail_빨간_달팽이/VFX/003_m_red_snail_s_mon_red_snail_F04.png|AREA_00_IMAGES_OUTPUT/monsters/003_m_red_snail_빨간_달팽이/VFX/003_m_red_snail_s_mon_red_snail_F05.png|AREA_00_IMAGES_OUTPUT/monsters/003_m_red_snail_빨간_달팽이/VFX/003_m_red_snail_s_mon_red_snail_F06.png|AREA_00_IMAGES_OUTPUT/monsters/003_m_red_snail_빨간_달팽이/VFX/003_m_red_snail_s_mon_red_snail_F07.png,BASELINE_INDEX의 실제 승인 원화; 기존 승인 사실을 사용. 이번 사용자 승인 추가 아님,ICON의 정돈된 붉은 색면; VFX 나선 코어와 얇은 잔상/후반 조각,,,,,,,,NO,NO_NEW_APPROVAL,D:\maplestory_levup\docs\art\output_audit\runs\20260912_162508_msw_origin_art_review\CROSS_AREA_STYLE_BOARD\BASELINE_m_red_snail_빨간_달팽이.png,,"PNG 원본을 동일 RGB(32,38,48) 배경에 1:1 합성. 확대는 동일 128px 영역 2배 NEAREST. 큰 보드의 도구 축소 표시 가능; 이탈 상세는 1600px 보드에서 추가 대조",전 프레임 순서상 형성/변화/해체/잔상 대조. 실시간 재생의 체감 리듬 및 엔진 합성은 미검증,NOT_CHECKED: 게임 내 최종 배율/카메라/필터/배경에서의 선명도 미검증. 명세 배율만으로 런타임 표시를 보았다고 하지 않음,,,APPROVED_REFERENCE
area_00,m_mano,마노,s_mon_mano,,ICON,CONSISTENT_WITH_REFERENCE,D:\maplestory_levup\docs\art\area00-images-output\AREA_00_IMAGES_OUTPUT_ORIGINAL.zip,AREA_00_IMAGES_OUTPUT/monsters/004_m_mano_마노/ICON/004_m_mano_s_mon_mano_ICON.png,"{""AREA_00_IMAGES_OUTPUT/monsters/004_m_mano_마노/ICON/004_m_mano_s_mon_mano_ICON.png"": ""376a834788509b198e36b78ce67fae4b14e2f543f7bd8832bb88e6a87f76c667""}",,,,,,,ICON 전체,진주/조개 곡면과 다층 광륜; F06 발현 뒤 고리와 입자가 줄어듦,D:\maplestory_levup\docs\art\area00-images-output\AREA_00_IMAGES_OUTPUT_ORIGINAL.zip,AREA_00_IMAGES_OUTPUT/monsters/004_m_mano_마노/ICON/004_m_mano_s_mon_mano_ICON.png,BASELINE_INDEX의 실제 승인 원화; 기존 승인 사실을 사용. 이번 사용자 승인 추가 아님,진주/조개 곡면과 다층 광륜; F06 발현 뒤 고리와 입자가 줄어듦,,,,,,,,NO,NO_NEW_APPROVAL,D:\maplestory_levup\docs\art\output_audit\runs\20260912_162508_msw_origin_art_review\CROSS_AREA_STYLE_BOARD\BASELINE_m_mano_마노.png,,"PNG 원본을 동일 RGB(32,38,48) 배경에 1:1 합성. 확대는 동일 128px 영역 2배 NEAREST. 큰 보드의 도구 축소 표시 가능; 이탈 상세는 1600px 보드에서 추가 대조",전 프레임 순서상 형성/변화/해체/잔상 대조. 실시간 재생의 체감 리듬 및 엔진 합성은 미검증,NOT_CHECKED: 게임 내 최종 배율/카메라/필터/배경에서의 선명도 미검증. 명세 배율만으로 런타임 표시를 보았다고 하지 않음,,,APPROVED_REFERENCE
area_00,m_mano,마노,s_mon_mano,,CAST_VFX,CONSISTENT_WITH_REFERENCE,D:\maplestory_levup\docs\art\area00-images-output\AREA_00_IMAGES_OUTPUT_ORIGINAL.zip,AREA_00_IMAGES_OUTPUT/monsters/004_m_mano_마노/VFX/004_m_mano_s_mon_mano_F00.png|AREA_00_IMAGES_OUTPUT/monsters/004_m_mano_마노/VFX/004_m_mano_s_mon_mano_F01.png|AREA_00_IMAGES_OUTPUT/monsters/004_m_mano_마노/VFX/004_m_mano_s_mon_mano_F02.png|AREA_00_IMAGES_OUTPUT/monsters/004_m_mano_마노/VFX/004_m_mano_s_mon_mano_F03.png|AREA_00_IMAGES_OUTPUT/monsters/004_m_mano_마노/VFX/004_m_mano_s_mon_mano_F04.png|AREA_00_IMAGES_OUTPUT/monsters/004_m_mano_마노/VFX/004_m_mano_s_mon_mano_F05.png|AREA_00_IMAGES_OUTPUT/monsters/004_m_mano_마노/VFX/004_m_mano_s_mon_mano_F06.png|AREA_00_IMAGES_OUTPUT/monsters/004_m_mano_마노/VFX/004_m_mano_s_mon_mano_F07.png|AREA_00_IMAGES_OUTPUT/monsters/004_m_mano_마노/VFX/004_m_mano_s_mon_mano_F08.png|AREA_00_IMAGES_OUTPUT/monsters/004_m_mano_마노/VFX/004_m_mano_s_mon_mano_F09.png|AREA_00_IMAGES_OUTPUT/monsters/004_m_mano_마노/VFX/004_m_mano_s_mon_mano_F10.png|AREA_00_IMAGES_OUTPUT/monsters/004_m_mano_마노/VFX/004_m_mano_s_mon_mano_F11.png,"{""AREA_00_IMAGES_OUTPUT/monsters/004_m_mano_마노/VFX/004_m_mano_s_mon_mano_F00.png"": ""8f1f41071662fbb08875040e369acdb54d9227630a796c048daa64cf2e2d65b6"", ""AREA_00_IMAGES_OUTPUT/monsters/004_m_mano_마노/VFX/004_m_mano_s_mon_mano_F01.png"": ""abc137353b8f6b0e44b1e2274880759a4385753ff4235be2cef3f7ef54360869"", ""AREA_00_IMAGES_OUTPUT/monsters/004_m_mano_마노/VFX/004_m_mano_s_mon_mano_F02.png"": ""35982ce1814ac859f1cec3d397c08d1a4906a2c90809ba114cc4529f3e16acd9"", ""AREA_00_IMAGES_OUTPUT/monsters/004_m_mano_마노/VFX/004_m_mano_s_mon_mano_F03.png"": ""1702b89bff1cd33ac97c4c10442599315950c8d6a611b710416745c59b22402a"", ""AREA_00_IMAGES_OUTPUT/monsters/004_m_mano_마노/VFX/004_m_mano_s_mon_mano_F04.png"": ""f5ca5c4a81ded967c9d52990c072088f04f36614d6d5ee09e4c2f25a20a12795"", ""AREA_00_IMAGES_OUTPUT/monsters/004_m_mano_마노/VFX/004_m_mano_s_mon_mano_F05.png"": ""d79b60074ba5d1cfb15212ae71fe7e20a46bf7c4ad890d6a9adbe79f7f3e5b6e"", ""AREA_00_IMAGES_OUTPUT/monsters/004_m_mano_마노/VFX/004_m_mano_s_mon_mano_F06.png"": ""b082181995435a82578eb91d043600b29d5b5ac9935e4786fd636d8345e6d57e"", ""AREA_00_IMAGES_OUTPUT/monsters/004_m_mano_마노/VFX/004_m_mano_s_mon_mano_F07.png"": ""ba17ab18618796cfdebe0cee8abed448b98ece37dee7f8fec1c854b99121e90b"", ""AREA_00_IMAGES_OUTPUT/monsters/004_m_mano_마노/VFX/004_m_mano_s_mon_mano_F08.png"": ""097503c7e5fb8b13debcfe2e6dba312428ff0c2761e0c8fdc705be54c7185626"", ""AREA_00_IMAGES_OUTPUT/monsters/004_m_mano_마노/VFX/004_m_mano_s_mon_mano_F09.png"": ""175d7162ff00cca8888cf50e9cb2639e095ae3aaaa8bb7fb6b169b09faa2c019"", ""AREA_00_IMAGES_OUTPUT/monsters/004_m_mano_마노/VFX/004_m_mano_s_mon_mano_F10.png"": ""a86d25ac7e3756d004737b4cc483e065330dd19b8ba6384504ec5eb167ecffcb"", ""AREA_00_IMAGES_OUTPUT/monsters/004_m_mano_마노/VFX/004_m_mano_s_mon_mano_F11.png"": ""99be0616d1b324fb0f61ac78b494a68d3d8c4d8b1dc0e2fb5857421c3dd38516""}",,,,,,,F00–F11 전체,진주/조개 곡면과 다층 광륜; F06 발현 뒤 고리와 입자가 줄어듦,D:\maplestory_levup\docs\art\area00-images-output\AREA_00_IMAGES_OUTPUT_ORIGINAL.zip,AREA_00_IMAGES_OUTPUT/monsters/004_m_mano_마노/VFX/004_m_mano_s_mon_mano_F00.png|AREA_00_IMAGES_OUTPUT/monsters/004_m_mano_마노/VFX/004_m_mano_s_mon_mano_F01.png|AREA_00_IMAGES_OUTPUT/monsters/004_m_mano_마노/VFX/004_m_mano_s_mon_mano_F02.png|AREA_00_IMAGES_OUTPUT/monsters/004_m_mano_마노/VFX/004_m_mano_s_mon_mano_F03.png|AREA_00_IMAGES_OUTPUT/monsters/004_m_mano_마노/VFX/004_m_mano_s_mon_mano_F04.png|AREA_00_IMAGES_OUTPUT/monsters/004_m_mano_마노/VFX/004_m_mano_s_mon_mano_F05.png|AREA_00_IMAGES_OUTPUT/monsters/004_m_mano_마노/VFX/004_m_mano_s_mon_mano_F06.png|AREA_00_IMAGES_OUTPUT/monsters/004_m_mano_마노/VFX/004_m_mano_s_mon_mano_F07.png|AREA_00_IMAGES_OUTPUT/monsters/004_m_mano_마노/VFX/004_m_mano_s_mon_mano_F08.png|AREA_00_IMAGES_OUTPUT/monsters/004_m_mano_마노/VFX/004_m_mano_s_mon_mano_F09.png|AREA_00_IMAGES_OUTPUT/monsters/004_m_mano_마노/VFX/004_m_mano_s_mon_mano_F10.png|AREA_00_IMAGES_OUTPUT/monsters/004_m_mano_마노/VFX/004_m_mano_s_mon_mano_F11.png,BASELINE_INDEX의 실제 승인 원화; 기존 승인 사실을 사용. 이번 사용자 승인 추가 아님,진주/조개 곡면과 다층 광륜; F06 발현 뒤 고리와 입자가 줄어듦,,,,,,,,NO,NO_NEW_APPROVAL,D:\maplestory_levup\docs\art\output_audit\runs\20260912_162508_msw_origin_art_review\CROSS_AREA_STYLE_BOARD\BASELINE_m_mano_마노.png,,"PNG 원본을 동일 RGB(32,38,48) 배경에 1:1 합성. 확대는 동일 128px 영역 2배 NEAREST. 큰 보드의 도구 축소 표시 가능; 이탈 상세는 1600px 보드에서 추가 대조",전 프레임 순서상 형성/변화/해체/잔상 대조. 실시간 재생의 체감 리듬 및 엔진 합성은 미검증,NOT_CHECKED: 게임 내 최종 배율/카메라/필터/배경에서의 선명도 미검증. 명세 배율만으로 런타임 표시를 보았다고 하지 않음,,,APPROVED_REFERENCE
area_00,m_slime,슬라임,s_mon_slime,,ICON,CONSISTENT_WITH_REFERENCE,D:\maplestory_levup\docs\art\area00-images-output\AREA_00_IMAGES_OUTPUT_ORIGINAL.zip,AREA_00_IMAGES_OUTPUT/monsters/005_m_slime_슬라임/ICON/005_m_slime_s_mon_slime_ICON.png,"{""AREA_00_IMAGES_OUTPUT/monsters/005_m_slime_슬라임/ICON/005_m_slime_s_mon_slime_ICON.png"": ""c4deb5eb4a24ea52d0e79ee12d2d9d73156ccc70de448cf5c902f7cfe1470b90""}",,,,,,,ICON 전체,젤의 곡면 반사/매끄러운 윤곽; 팽창에서 방사형 튐과 잔류 젤로 이어짐,D:\maplestory_levup\docs\art\area00-images-output\AREA_00_IMAGES_OUTPUT_ORIGINAL.zip,AREA_00_IMAGES_OUTPUT/monsters/005_m_slime_슬라임/ICON/005_m_slime_s_mon_slime_ICON.png,BASELINE_INDEX의 실제 승인 원화; 기존 승인 사실을 사용. 이번 사용자 승인 추가 아님,젤의 곡면 반사/매끄러운 윤곽; 팽창에서 방사형 튐과 잔류 젤로 이어짐,,,,,,,,NO,NO_NEW_APPROVAL,D:\maplestory_levup\docs\art\output_audit\runs\20260912_162508_msw_origin_art_review\CROSS_AREA_STYLE_BOARD\BASELINE_m_slime_슬라임.png,,"PNG 원본을 동일 RGB(32,38,48) 배경에 1:1 합성. 확대는 동일 128px 영역 2배 NEAREST. 큰 보드의 도구 축소 표시 가능; 이탈 상세는 1600px 보드에서 추가 대조",전 프레임 순서상 형성/변화/해체/잔상 대조. 실시간 재생의 체감 리듬 및 엔진 합성은 미검증,NOT_CHECKED: 게임 내 최종 배율/카메라/필터/배경에서의 선명도 미검증. 명세 배율만으로 런타임 표시를 보았다고 하지 않음,,,APPROVED_REFERENCE
area_00,m_slime,슬라임,s_mon_slime,,CAST_VFX,CONSISTENT_WITH_REFERENCE,D:\maplestory_levup\docs\art\area00-images-output\AREA_00_IMAGES_OUTPUT_ORIGINAL.zip,AREA_00_IMAGES_OUTPUT/monsters/005_m_slime_슬라임/VFX/005_m_slime_s_mon_slime_F00.png|AREA_00_IMAGES_OUTPUT/monsters/005_m_slime_슬라임/VFX/005_m_slime_s_mon_slime_F01.png|AREA_00_IMAGES_OUTPUT/monsters/005_m_slime_슬라임/VFX/005_m_slime_s_mon_slime_F02.png|AREA_00_IMAGES_OUTPUT/monsters/005_m_slime_슬라임/VFX/005_m_slime_s_mon_slime_F03.png|AREA_00_IMAGES_OUTPUT/monsters/005_m_slime_슬라임/VFX/005_m_slime_s_mon_slime_F04.png|AREA_00_IMAGES_OUTPUT/monsters/005_m_slime_슬라임/VFX/005_m_slime_s_mon_slime_F05.png|AREA_00_IMAGES_OUTPUT/monsters/005_m_slime_슬라임/VFX/005_m_slime_s_mon_slime_F06.png|AREA_00_IMAGES_OUTPUT/monsters/005_m_slime_슬라임/VFX/005_m_slime_s_mon_slime_F07.png,"{""AREA_00_IMAGES_OUTPUT/monsters/005_m_slime_슬라임/VFX/005_m_slime_s_mon_slime_F00.png"": ""8ea04631a8e2c5dda4644971dff0da46374f0516107a6c4078a22ed49eb84932"", ""AREA_00_IMAGES_OUTPUT/monsters/005_m_slime_슬라임/VFX/005_m_slime_s_mon_slime_F01.png"": ""a77604fc3e50d5c9fdf674f58e6e1c57cb0cf8339b88450916e15c8b1833854c"", ""AREA_00_IMAGES_OUTPUT/monsters/005_m_slime_슬라임/VFX/005_m_slime_s_mon_slime_F02.png"": ""ede62a4e5c2af755bf5a5bc759b33ab174bc95764b296a2c5bae4bcacd3e8fef"", ""AREA_00_IMAGES_OUTPUT/monsters/005_m_slime_슬라임/VFX/005_m_slime_s_mon_slime_F03.png"": ""7cb6d63a2e7a22ff318eb2349445368849f079f6bfbdcc6b4d85faffe8c388a0"", ""AREA_00_IMAGES_OUTPUT/monsters/005_m_slime_슬라임/VFX/005_m_slime_s_mon_slime_F04.png"": ""142c9cb3c8fa789b4879c1ada3acf47e3da5fd019874363eb394a9d6582f3b4b"", ""AREA_00_IMAGES_OUTPUT/monsters/005_m_slime_슬라임/VFX/005_m_slime_s_mon_slime_F05.png"": ""21fb25a7fd72d26a6b3957326d232c4282d5c2018072a44907d0516d7bee63ca"", ""AREA_00_IMAGES_OUTPUT/monsters/005_m_slime_슬라임/VFX/005_m_slime_s_mon_slime_F06.png"": ""d39b9691e36c96e2d79d8d1bff5d2168f4938a571b6f56b6a0ec6aa0bd225db3"", ""AREA_00_IMAGES_OUTPUT/monsters/005_m_slime_슬라임/VFX/005_m_slime_s_mon_slime_F07.png"": ""3ef9a4d717b38c5f0755081303dab9fee17828fd647429da314c8eccb905f348""}",,,,,,,F00–F07 전체,젤의 곡면 반사/매끄러운 윤곽; 팽창에서 방사형 튐과 잔류 젤로 이어짐,D:\maplestory_levup\docs\art\area00-images-output\AREA_00_IMAGES_OUTPUT_ORIGINAL.zip,AREA_00_IMAGES_OUTPUT/monsters/005_m_slime_슬라임/VFX/005_m_slime_s_mon_slime_F00.png|AREA_00_IMAGES_OUTPUT/monsters/005_m_slime_슬라임/VFX/005_m_slime_s_mon_slime_F01.png|AREA_00_IMAGES_OUTPUT/monsters/005_m_slime_슬라임/VFX/005_m_slime_s_mon_slime_F02.png|AREA_00_IMAGES_OUTPUT/monsters/005_m_slime_슬라임/VFX/005_m_slime_s_mon_slime_F03.png|AREA_00_IMAGES_OUTPUT/monsters/005_m_slime_슬라임/VFX/005_m_slime_s_mon_slime_F04.png|AREA_00_IMAGES_OUTPUT/monsters/005_m_slime_슬라임/VFX/005_m_slime_s_mon_slime_F05.png|AREA_00_IMAGES_OUTPUT/monsters/005_m_slime_슬라임/VFX/005_m_slime_s_mon_slime_F06.png|AREA_00_IMAGES_OUTPUT/monsters/005_m_slime_슬라임/VFX/005_m_slime_s_mon_slime_F07.png,BASELINE_INDEX의 실제 승인 원화; 기존 승인 사실을 사용. 이번 사용자 승인 추가 아님,젤의 곡면 반사/매끄러운 윤곽; 팽창에서 방사형 튐과 잔류 젤로 이어짐,,,,,,,,NO,NO_NEW_APPROVAL,D:\maplestory_levup\docs\art\output_audit\runs\20260912_162508_msw_origin_art_review\CROSS_AREA_STYLE_BOARD\BASELINE_m_slime_슬라임.png,,"PNG 원본을 동일 RGB(32,38,48) 배경에 1:1 합성. 확대는 동일 128px 영역 2배 NEAREST. 큰 보드의 도구 축소 표시 가능; 이탈 상세는 1600px 보드에서 추가 대조",전 프레임 순서상 형성/변화/해체/잔상 대조. 실시간 재생의 체감 리듬 및 엔진 합성은 미검증,NOT_CHECKED: 게임 내 최종 배율/카메라/필터/배경에서의 선명도 미검증. 명세 배율만으로 런타임 표시를 보았다고 하지 않음,,,APPROVED_REFERENCE
area_01,m_snail,달팽이,s_mon_snail_dew_trail,이슬 미끄럼길,ICON,CONSISTENT_WITH_REFERENCE,D:\maplestory_levup\docs\art\output_repacked\20260912_153221_v24_repack\AREA_01_IMAGES_OUTPUT.zip,AREA_01_IMAGES_OUTPUT/monsters/001_m_snail_달팽이/ICON/001_m_snail_s_mon_snail_dew_trail_ICON.png,"{""AREA_01_IMAGES_OUTPUT/monsters/001_m_snail_달팽이/ICON/001_m_snail_s_mon_snail_dew_trail_ICON.png"": ""9e4c5c2bf3f0edd39e3de4855d0eb2c16a049d879a88fe104fb91e5eb76a5446""}",D:\maplestory_levup\docs\art\images-input-packages-v2_4\AREA_01_IMAGES_INPUT_V2_4.zip,V2.4,AREA_01_IMAGES_INPUT_V2_4/monsters/001_m_snail_달팽이/GENERATION_SPEC.md,바닥을 얇게 타고 흐르는 이슬 점액 띠와 둥근 물방울. ‘달팽이 / 이슬 미끄럼길’ 전용 소재이며 몬스터 본체는 VFX에 직접 넣지 않음,static / static,none,ICON 原寸 전체,초록 이슬방울이 낮은 점액 띠로 길어졌다가 밝은 튐 뒤 작은 방울로 사라짐,D:\maplestory_levup\docs\art\area00-images-output\AREA_00_IMAGES_OUTPUT_ORIGINAL.zip,AREA_00_IMAGES_OUTPUT/monsters/002_m_blue_snail_파란_달팽이/ICON/002_m_blue_snail_s_mon_blue_snail_ICON.png,AREA00 실제 승인 원화. 해당 보드의 기준 프레임 + ART_STYLE_STANDARD의 전체 기준. 고유 모양/저레벨 규모를 요구하지 않음,"이슬/물막은 승인 재사용과 같은 곡면 반사. 버섯 포자 구름은 부드러운 덩어리 음영과 선명한 잎/빛 입자를 결합하며, 뿔은 불투명한 재질에 맞는 면 음영을 유지한다.",동일 몬스터의 실제 ICON 및 모든 VFX 역할 대조. 색·소재·반사광 관계에서 명백한 이탈 없음,"이슬/물막은 승인 재사용과 같은 곡면 반사. 버섯 포자 구름은 부드러운 덩어리 음영과 선명한 잎/빛 입자를 결합하며, 뿔은 불투명한 재질에 맞는 면 음영을 유지한다.",AREA00 기준 + 전체 Area의 동일 역할 보드 대조; 다수결 기준 사용 안 함. 추가 소재 비교는 CROSS_AREA_MATERIAL_BOARD_INDEX.csv,팔레트·재질·형상·레벨/보스 규모·밀도·역할별 프레임/시간 차이 허용,해당 없음,바닥을 얇게 타고 흐르는 이슬 점액 띠와 둥근 물방울. ‘달팽이 / 이슬 미끄럼길’ 전용 소재이며 몬스터 본체는 VFX에 직접 넣지 않음 | none,원화 유지,NO,NO,D:\maplestory_levup\docs\art\output_audit\runs\20260912_162508_msw_origin_art_review\CROSS_AREA_STYLE_BOARD\area_01_ICON_NATIVE.png,,"PNG 원본을 동일 RGB(32,38,48) 배경에 1:1 합성. 확대는 동일 128px 영역 2배 NEAREST. 큰 보드의 도구 축소 표시 가능; 이탈 상세는 1600px 보드에서 추가 대조",전 프레임 순서상 형성/변화/해체/잔상 대조. 실시간 재생의 체감 리듬 및 엔진 합성은 미검증,NOT_CHECKED: 게임 내 최종 배율/카메라/필터/배경에서의 선명도 미검증. 명세 배율만으로 런타임 표시를 보았다고 하지 않음,NO_OBVIOUS_ISSUE,기존 파일검사 재사용,TARGET_OUTPUT
area_01,m_snail,달팽이,s_mon_snail_dew_trail,이슬 미끄럼길,CAST_VFX,CONSISTENT_WITH_REFERENCE,D:\maplestory_levup\docs\art\output_repacked\20260912_153221_v24_repack\AREA_01_IMAGES_OUTPUT.zip,AREA_01_IMAGES_OUTPUT/monsters/001_m_snail_달팽이/CAST/001_m_snail_s_mon_snail_dew_trail_CAST_F00.png|AREA_01_IMAGES_OUTPUT/monsters/001_m_snail_달팽이/CAST/001_m_snail_s_mon_snail_dew_trail_CAST_F01.png|AREA_01_IMAGES_OUTPUT/monsters/001_m_snail_달팽이/CAST/001_m_snail_s_mon_snail_dew_trail_CAST_F02.png|AREA_01_IMAGES_OUTPUT/monsters/001_m_snail_달팽이/CAST/001_m_snail_s_mon_snail_dew_trail_CAST_F03.png|AREA_01_IMAGES_OUTPUT/monsters/001_m_snail_달팽이/CAST/001_m_snail_s_mon_snail_dew_trail_CAST_F04.png|AREA_01_IMAGES_OUTPUT/monsters/001_m_snail_달팽이/CAST/001_m_snail_s_mon_snail_dew_trail_CAST_F05.png|AREA_01_IMAGES_OUTPUT/monsters/001_m_snail_달팽이/CAST/001_m_snail_s_mon_snail_dew_trail_CAST_F06.png|AREA_01_IMAGES_OUTPUT/monsters/001_m_snail_달팽이/CAST/001_m_snail_s_mon_snail_dew_trail_CAST_F07.png,"{""AREA_01_IMAGES_OUTPUT/monsters/001_m_snail_달팽이/CAST/001_m_snail_s_mon_snail_dew_trail_CAST_F00.png"": ""b7e74d47734d5b6bbcdbe3c68d99ed67b360eff4c6c73bcf4b141ba69b4d3525"", ""AREA_01_IMAGES_OUTPUT/monsters/001_m_snail_달팽이/CAST/001_m_snail_s_mon_snail_dew_trail_CAST_F01.png"": ""41302b32898fa0136beeba6c6959da7694f35bab7bf6c63a4f6b0f9a45e94b7b"", ""AREA_01_IMAGES_OUTPUT/monsters/001_m_snail_달팽이/CAST/001_m_snail_s_mon_snail_dew_trail_CAST_F02.png"": ""3e4aec6879b1765ebe8a38bdc3caf37b17cb412d113d5b3272e125f39ced6df8"", ""AREA_01_IMAGES_OUTPUT/monsters/001_m_snail_달팽이/CAST/001_m_snail_s_mon_snail_dew_trail_CAST_F03.png"": ""f9d41b208b4b5211ec7192e517b63e83b9584c97a27140e408efc1381954ba0b"", ""AREA_01_IMAGES_OUTPUT/monsters/001_m_snail_달팽이/CAST/001_m_snail_s_mon_snail_dew_trail_CAST_F04.png"": ""f74cc1f1679ee8075bb00b561de00036e26927f29630e28641ab8cb550dcf873"", ""AREA_01_IMAGES_OUTPUT/monsters/001_m_snail_달팽이/CAST/001_m_snail_s_mon_snail_dew_trail_CAST_F05.png"": ""e42797fa98dd5ebd9ece312428850a4d002758e900040402c20a9a3c67b7e006"", ""AREA_01_IMAGES_OUTPUT/monsters/001_m_snail_달팽이/CAST/001_m_snail_s_mon_snail_dew_trail_CAST_F06.png"": ""6fcb2783109b7be3a201ced278d107019a85b1b508ff10f9e8db2b8ef80d5f7f"", ""AREA_01_IMAGES_OUTPUT/monsters/001_m_snail_달팽이/CAST/001_m_snail_s_mon_snail_dew_trail_CAST_F07.png"": ""a10fa4be7113d815469390317d352bf33593777576ef66f81ebeae5055159c9a""}",D:\maplestory_levup\docs\art\images-input-packages-v2_4\AREA_01_IMAGES_INPUT_V2_4.zip,V2.4,AREA_01_IMAGES_INPUT_V2_4/monsters/001_m_snail_달팽이/GENERATION_SPEC.md,바닥을 얇게 타고 흐르는 이슬 점액 띠와 둥근 물방울. ‘달팽이 / 이슬 미끄럼길’ 전용 소재이며 몬스터 본체는 VFX에 직접 넣지 않음,0.1 / approved existing,SkillEffect applies FlipX for directional attacks; delayed layer samples caster position at SpawnLayer execution; map entity then applies drift,F00–F07 전체를 순서대로 직접 대조,초록 이슬방울이 낮은 점액 띠로 길어졌다가 밝은 튐 뒤 작은 방울로 사라짐,D:\maplestory_levup\docs\art\area00-images-output\AREA_00_IMAGES_OUTPUT_ORIGINAL.zip,AREA_00_IMAGES_OUTPUT/monsters/005_m_slime_슬라임/VFX/005_m_slime_s_mon_slime_F04.png,AREA00 실제 승인 원화. 해당 보드의 기준 프레임 + ART_STYLE_STANDARD의 전체 기준. 고유 모양/저레벨 규모를 요구하지 않음,"이슬/물막은 승인 재사용과 같은 곡면 반사. 버섯 포자 구름은 부드러운 덩어리 음영과 선명한 잎/빛 입자를 결합하며, 뿔은 불투명한 재질에 맞는 면 음영을 유지한다.",동일 몬스터의 실제 ICON 및 모든 VFX 역할 대조. 색·소재·반사광 관계에서 명백한 이탈 없음,"이슬/물막은 승인 재사용과 같은 곡면 반사. 버섯 포자 구름은 부드러운 덩어리 음영과 선명한 잎/빛 입자를 결합하며, 뿔은 불투명한 재질에 맞는 면 음영을 유지한다.",AREA00 기준 + 전체 Area의 동일 역할 보드 대조; 다수결 기준 사용 안 함. 추가 소재 비교는 CROSS_AREA_MATERIAL_BOARD_INDEX.csv,팔레트·재질·형상·레벨/보스 규모·밀도·역할별 프레임/시간 차이 허용,해당 없음,바닥을 얇게 타고 흐르는 이슬 점액 띠와 둥근 물방울. ‘달팽이 / 이슬 미끄럼길’ 전용 소재이며 몬스터 본체는 VFX에 직접 넣지 않음 | SkillEffect applies FlipX for directional attacks; delayed layer samples caster position at SpawnLayer execution; map entity then applies drift,원화 유지,NO,NO,D:\maplestory_levup\docs\art\output_audit\runs\20260912_162508_msw_origin_art_review\CROSS_AREA_STYLE_BOARD\area_01_m_snail_CAST_VFX_NATIVE.png,,"PNG 원본을 동일 RGB(32,38,48) 배경에 1:1 합성. 확대는 동일 128px 영역 2배 NEAREST. 큰 보드의 도구 축소 표시 가능; 이탈 상세는 1600px 보드에서 추가 대조",전 프레임 순서상 형성/변화/해체/잔상 대조. 실시간 재생의 체감 리듬 및 엔진 합성은 미검증,NOT_CHECKED: 게임 내 최종 배율/카메라/필터/배경에서의 선명도 미검증. 명세 배율만으로 런타임 표시를 보았다고 하지 않음,NO_OBVIOUS_ISSUE,기존 파일검사 재사용,TARGET_OUTPUT
area_01,m_blue_snail,파란 달팽이,s_mon_blue_snail,푸른 껍질,ICON,CONSISTENT_WITH_REFERENCE,D:\maplestory_levup\docs\art\output_repacked\20260912_153221_v24_repack\AREA_01_IMAGES_OUTPUT.zip,AREA_01_IMAGES_OUTPUT/monsters/002_m_blue_snail_파란_달팽이/ICON/002_m_blue_snail_s_mon_blue_snail_ICON.png,"{""AREA_01_IMAGES_OUTPUT/monsters/002_m_blue_snail_파란_달팽이/ICON/002_m_blue_snail_s_mon_blue_snail_ICON.png"": ""defd113ea3c59d8b570f73a79533b4253b5e72f789347e13aaa6cdbfefe65d27""}",D:\maplestory_levup\docs\art\images-input-packages-v2_4\AREA_01_IMAGES_INPUT_V2_4.zip,V2.4,AREA_01_IMAGES_INPUT_V2_4/monsters/002_m_blue_snail_파란_달팽이/GENERATION_SPEC.md,겹친 껍질 결을 닮은 반원형 보호막과 짧은 반사광. ‘파란 달팽이 / 푸른 껍질’ 전용 소재이며 몬스터 본체는 VFX에 직접 넣지 않음,static / static,none,ICON 原寸 전체,푸른 껍질형 반구가 시전자 둘레에서 닫히고 반사광이 돈 뒤 얇은 물고리로 소멸,D:\maplestory_levup\docs\art\area00-images-output\AREA_00_IMAGES_OUTPUT_ORIGINAL.zip,AREA_00_IMAGES_OUTPUT/monsters/002_m_blue_snail_파란_달팽이/ICON/002_m_blue_snail_s_mon_blue_snail_ICON.png,AREA00 실제 승인 원화. 해당 보드의 기준 프레임 + ART_STYLE_STANDARD의 전체 기준. 고유 모양/저레벨 규모를 요구하지 않음,"이슬/물막은 승인 재사용과 같은 곡면 반사. 버섯 포자 구름은 부드러운 덩어리 음영과 선명한 잎/빛 입자를 결합하며, 뿔은 불투명한 재질에 맞는 면 음영을 유지한다.",동일 몬스터의 실제 ICON 및 모든 VFX 역할 대조. 색·소재·반사광 관계에서 명백한 이탈 없음,"이슬/물막은 승인 재사용과 같은 곡면 반사. 버섯 포자 구름은 부드러운 덩어리 음영과 선명한 잎/빛 입자를 결합하며, 뿔은 불투명한 재질에 맞는 면 음영을 유지한다.",AREA00 기준 + 전체 Area의 동일 역할 보드 대조; 다수결 기준 사용 안 함. 추가 소재 비교는 CROSS_AREA_MATERIAL_BOARD_INDEX.csv,팔레트·재질·형상·레벨/보스 규모·밀도·역할별 프레임/시간 차이 허용,해당 없음,겹친 껍질 결을 닮은 반원형 보호막과 짧은 반사광. ‘파란 달팽이 / 푸른 껍질’ 전용 소재이며 몬스터 본체는 VFX에 직접 넣지 않음 | none,원화 유지,NO,NO,D:\maplestory_levup\docs\art\output_audit\runs\20260912_162508_msw_origin_art_review\CROSS_AREA_STYLE_BOARD\area_01_ICON_NATIVE.png,,"PNG 원본을 동일 RGB(32,38,48) 배경에 1:1 합성. 확대는 동일 128px 영역 2배 NEAREST. 큰 보드의 도구 축소 표시 가능; 이탈 상세는 1600px 보드에서 추가 대조",전 프레임 순서상 형성/변화/해체/잔상 대조. 실시간 재생의 체감 리듬 및 엔진 합성은 미검증,NOT_CHECKED: 게임 내 최종 배율/카메라/필터/배경에서의 선명도 미검증. 명세 배율만으로 런타임 표시를 보았다고 하지 않음,NO_OBVIOUS_ISSUE,기존 파일검사 재사용,TARGET_OUTPUT
area_01,m_blue_snail,파란 달팽이,s_mon_blue_snail,푸른 껍질,CAST_VFX,CONSISTENT_WITH_REFERENCE,D:\maplestory_levup\docs\art\output_repacked\20260912_153221_v24_repack\AREA_01_IMAGES_OUTPUT.zip,AREA_01_IMAGES_OUTPUT/monsters/002_m_blue_snail_파란_달팽이/CAST/002_m_blue_snail_s_mon_blue_snail_CAST_F00.png|AREA_01_IMAGES_OUTPUT/monsters/002_m_blue_snail_파란_달팽이/CAST/002_m_blue_snail_s_mon_blue_snail_CAST_F01.png|AREA_01_IMAGES_OUTPUT/monsters/002_m_blue_snail_파란_달팽이/CAST/002_m_blue_snail_s_mon_blue_snail_CAST_F02.png|AREA_01_IMAGES_OUTPUT/monsters/002_m_blue_snail_파란_달팽이/CAST/002_m_blue_snail_s_mon_blue_snail_CAST_F03.png|AREA_01_IMAGES_OUTPUT/monsters/002_m_blue_snail_파란_달팽이/CAST/002_m_blue_snail_s_mon_blue_snail_CAST_F04.png|AREA_01_IMAGES_OUTPUT/monsters/002_m_blue_snail_파란_달팽이/CAST/002_m_blue_snail_s_mon_blue_snail_CAST_F05.png|AREA_01_IMAGES_OUTPUT/monsters/002_m_blue_snail_파란_달팽이/CAST/002_m_blue_snail_s_mon_blue_snail_CAST_F06.png|AREA_01_IMAGES_OUTPUT/monsters/002_m_blue_snail_파란_달팽이/CAST/002_m_blue_snail_s_mon_blue_snail_CAST_F07.png,"{""AREA_01_IMAGES_OUTPUT/monsters/002_m_blue_snail_파란_달팽이/CAST/002_m_blue_snail_s_mon_blue_snail_CAST_F00.png"": ""d7b55014803cf9feed39d079ceb5deef7bf7f2780bfbbca351f8b3f6c00d8b7c"", ""AREA_01_IMAGES_OUTPUT/monsters/002_m_blue_snail_파란_달팽이/CAST/002_m_blue_snail_s_mon_blue_snail_CAST_F01.png"": ""cfac5775668a4cbc3538bc0bf5d3128c156420b4b10154719e7b40b2f3e954c8"", ""AREA_01_IMAGES_OUTPUT/monsters/002_m_blue_snail_파란_달팽이/CAST/002_m_blue_snail_s_mon_blue_snail_CAST_F02.png"": ""9c712f7984fa7cee2a34642bb6ea82d48e65ff40136722336230d5c108ed5cde"", ""AREA_01_IMAGES_OUTPUT/monsters/002_m_blue_snail_파란_달팽이/CAST/002_m_blue_snail_s_mon_blue_snail_CAST_F03.png"": ""9637aba5fa8311195959dfb12a284ce6ae384861e8b7e861b18c2a5fa9a6ff13"", ""AREA_01_IMAGES_OUTPUT/monsters/002_m_blue_snail_파란_달팽이/CAST/002_m_blue_snail_s_mon_blue_snail_CAST_F04.png"": ""0bce8d96d2dbfc9ed65f5735bf440ff5467d1e6daddf44769af7c501530720b7"", ""AREA_01_IMAGES_OUTPUT/monsters/002_m_blue_snail_파란_달팽이/CAST/002_m_blue_snail_s_mon_blue_snail_CAST_F05.png"": ""7c711af880e09179d6e35cb0592244949ccf816ed2e0e843fb141e36b2f39d23"", ""AREA_01_IMAGES_OUTPUT/monsters/002_m_blue_snail_파란_달팽이/CAST/002_m_blue_snail_s_mon_blue_snail_CAST_F06.png"": ""1a97d84716a4518c8af8262bb8cf503d43d9737ed0db3b262308d6a508bb0653"", ""AREA_01_IMAGES_OUTPUT/monsters/002_m_blue_snail_파란_달팽이/CAST/002_m_blue_snail_s_mon_blue_snail_CAST_F07.png"": ""d28d8ff99b111634ba2a755761085a260dda2100f83cf2e729812242dc98f7c1""}",D:\maplestory_levup\docs\art\images-input-packages-v2_4\AREA_01_IMAGES_INPUT_V2_4.zip,V2.4,AREA_01_IMAGES_INPUT_V2_4/monsters/002_m_blue_snail_파란_달팽이/GENERATION_SPEC.md,겹친 껍질 결을 닮은 반원형 보호막과 짧은 반사광. ‘파란 달팽이 / 푸른 껍질’ 전용 소재이며 몬스터 본체는 VFX에 직접 넣지 않음,0.1 / approved existing,SkillEffect applies FlipX for directional attacks; delayed layer samples caster position at SpawnLayer execution; map entity then applies drift,F00–F07 전체를 순서대로 직접 대조,푸른 껍질형 반구가 시전자 둘레에서 닫히고 반사광이 돈 뒤 얇은 물고리로 소멸,D:\maplestory_levup\docs\art\area00-images-output\AREA_00_IMAGES_OUTPUT_ORIGINAL.zip,AREA_00_IMAGES_OUTPUT/monsters/002_m_blue_snail_파란_달팽이/VFX/002_m_blue_snail_s_mon_blue_snail_F04.png,AREA00 실제 승인 원화. 해당 보드의 기준 프레임 + ART_STYLE_STANDARD의 전체 기준. 고유 모양/저레벨 규모를 요구하지 않음,"이슬/물막은 승인 재사용과 같은 곡면 반사. 버섯 포자 구름은 부드러운 덩어리 음영과 선명한 잎/빛 입자를 결합하며, 뿔은 불투명한 재질에 맞는 면 음영을 유지한다.",동일 몬스터의 실제 ICON 및 모든 VFX 역할 대조. 색·소재·반사광 관계에서 명백한 이탈 없음,"이슬/물막은 승인 재사용과 같은 곡면 반사. 버섯 포자 구름은 부드러운 덩어리 음영과 선명한 잎/빛 입자를 결합하며, 뿔은 불투명한 재질에 맞는 면 음영을 유지한다.",AREA00 기준 + 전체 Area의 동일 역할 보드 대조; 다수결 기준 사용 안 함. 추가 소재 비교는 CROSS_AREA_MATERIAL_BOARD_INDEX.csv,팔레트·재질·형상·레벨/보스 규모·밀도·역할별 프레임/시간 차이 허용,해당 없음,겹친 껍질 결을 닮은 반원형 보호막과 짧은 반사광. ‘파란 달팽이 / 푸른 껍질’ 전용 소재이며 몬스터 본체는 VFX에 직접 넣지 않음 | SkillEffect applies FlipX for directional attacks; delayed layer samples caster position at SpawnLayer execution; map entity then applies drift,원화 유지,NO,NO,D:\maplestory_levup\docs\art\output_audit\runs\20260912_162508_msw_origin_art_review\CROSS_AREA_STYLE_BOARD\area_01_m_blue_snail_CAST_VFX_NATIVE.png,,"PNG 원본을 동일 RGB(32,38,48) 배경에 1:1 합성. 확대는 동일 128px 영역 2배 NEAREST. 큰 보드의 도구 축소 표시 가능; 이탈 상세는 1600px 보드에서 추가 대조",전 프레임 순서상 형성/변화/해체/잔상 대조. 실시간 재생의 체감 리듬 및 엔진 합성은 미검증,NOT_CHECKED: 게임 내 최종 배율/카메라/필터/배경에서의 선명도 미검증. 명세 배율만으로 런타임 표시를 보았다고 하지 않음,NO_OBVIOUS_ISSUE,기존 파일검사 재사용,TARGET_OUTPUT
area_01,m_mushroom,주황 버섯,s_mon_mushroom,포자 살포,ICON,CONSISTENT_WITH_REFERENCE,D:\maplestory_levup\docs\art\output_repacked\20260912_153221_v24_repack\AREA_01_IMAGES_OUTPUT.zip,AREA_01_IMAGES_OUTPUT/ICON/003_m_mushroom_s_mon_mushroom_ICON.png,"{""AREA_01_IMAGES_OUTPUT/ICON/003_m_mushroom_s_mon_mushroom_ICON.png"": ""418e8d5744d14d41f673a4f4bcd0bf8851013345baf02b86e4f3e40bbb968fcf""}",D:\maplestory_levup\docs\art\images-input-packages-v2_4\AREA_01_IMAGES_INPUT_V2_4.zip,V2.4,AREA_01_IMAGES_INPUT_V2_4/monsters/003_m_mushroom_주황_버섯/GENERATION_SPEC.md,작은 포자 구름 세 덩이와 부드럽게 흩어지는 점 입자. ‘주황 버섯 / 포자 살포’ 전용 소재이며 몬스터 본체는 VFX에 직접 넣지 않음,static / static,none,ICON 原寸 전체,베이지색 포자 덩어리 셋이 둥글게 부풀고 점 입자를 남기며 흩어짐,D:\maplestory_levup\docs\art\area00-images-output\AREA_00_IMAGES_OUTPUT_ORIGINAL.zip,AREA_00_IMAGES_OUTPUT/monsters/002_m_blue_snail_파란_달팽이/ICON/002_m_blue_snail_s_mon_blue_snail_ICON.png,AREA00 실제 승인 원화. 해당 보드의 기준 프레임 + ART_STYLE_STANDARD의 전체 기준. 고유 모양/저레벨 규모를 요구하지 않음,"이슬/물막은 승인 재사용과 같은 곡면 반사. 버섯 포자 구름은 부드러운 덩어리 음영과 선명한 잎/빛 입자를 결합하며, 뿔은 불투명한 재질에 맞는 면 음영을 유지한다.",동일 몬스터의 실제 ICON 및 모든 VFX 역할 대조. 색·소재·반사광 관계에서 명백한 이탈 없음,"이슬/물막은 승인 재사용과 같은 곡면 반사. 버섯 포자 구름은 부드러운 덩어리 음영과 선명한 잎/빛 입자를 결합하며, 뿔은 불투명한 재질에 맞는 면 음영을 유지한다.",AREA00 기준 + 전체 Area의 동일 역할 보드 대조; 다수결 기준 사용 안 함. 추가 소재 비교는 CROSS_AREA_MATERIAL_BOARD_INDEX.csv,팔레트·재질·형상·레벨/보스 규모·밀도·역할별 프레임/시간 차이 허용,해당 없음,작은 포자 구름 세 덩이와 부드럽게 흩어지는 점 입자. ‘주황 버섯 / 포자 살포’ 전용 소재이며 몬스터 본체는 VFX에 직접 넣지 않음 | none,원화 유지,NO,NO,D:\maplestory_levup\docs\art\output_audit\runs\20260912_162508_msw_origin_art_review\CROSS_AREA_STYLE_BOARD\area_01_ICON_NATIVE.png,,"PNG 원본을 동일 RGB(32,38,48) 배경에 1:1 합성. 확대는 동일 128px 영역 2배 NEAREST. 큰 보드의 도구 축소 표시 가능; 이탈 상세는 1600px 보드에서 추가 대조",전 프레임 순서상 형성/변화/해체/잔상 대조. 실시간 재생의 체감 리듬 및 엔진 합성은 미검증,NOT_CHECKED: 게임 내 최종 배율/카메라/필터/배경에서의 선명도 미검증. 명세 배율만으로 런타임 표시를 보았다고 하지 않음,NO_OBVIOUS_ISSUE,기존 파일검사 재사용,TARGET_OUTPUT
area_01,m_mushroom,주황 버섯,s_mon_mushroom,포자 살포,CAST_VFX,CONSISTENT_WITH_REFERENCE,D:\maplestory_levup\docs\art\output_repacked\20260912_153221_v24_repack\AREA_01_IMAGES_OUTPUT.zip,AREA_01_IMAGES_OUTPUT/CAST/003_m_mushroom_s_mon_mushroom_CAST_F00.png|AREA_01_IMAGES_OUTPUT/CAST/003_m_mushroom_s_mon_mushroom_CAST_F01.png|AREA_01_IMAGES_OUTPUT/CAST/003_m_mushroom_s_mon_mushroom_CAST_F02.png|AREA_01_IMAGES_OUTPUT/CAST/003_m_mushroom_s_mon_mushroom_CAST_F03.png|AREA_01_IMAGES_OUTPUT/CAST/003_m_mushroom_s_mon_mushroom_CAST_F04.png|AREA_01_IMAGES_OUTPUT/CAST/003_m_mushroom_s_mon_mushroom_CAST_F05.png|AREA_01_IMAGES_OUTPUT/CAST/003_m_mushroom_s_mon_mushroom_CAST_F06.png|AREA_01_IMAGES_OUTPUT/CAST/003_m_mushroom_s_mon_mushroom_CAST_F07.png,"{""AREA_01_IMAGES_OUTPUT/CAST/003_m_mushroom_s_mon_mushroom_CAST_F00.png"": ""8e91de1708861cdd0b9a0c1059b1a87bd1e1d64ffa303619fb7fe6298f5e41db"", ""AREA_01_IMAGES_OUTPUT/CAST/003_m_mushroom_s_mon_mushroom_CAST_F01.png"": ""3aae8e5b878cb29b5849b461d805f57092e6eafc699812915037b13f356ea6ea"", ""AREA_01_IMAGES_OUTPUT/CAST/003_m_mushroom_s_mon_mushroom_CAST_F02.png"": ""9835ce8057220f24db89dd19dc10611e33b2d1fa009f1fd2a6f3fb404e62711f"", ""AREA_01_IMAGES_OUTPUT/CAST/003_m_mushroom_s_mon_mushroom_CAST_F03.png"": ""a7952df960598212dc4776638a69be40f6812b50b6574187f539a0e90985a0d8"", ""AREA_01_IMAGES_OUTPUT/CAST/003_m_mushroom_s_mon_mushroom_CAST_F04.png"": ""cfc62fd0b8c691b0aa4c431c5f72fb5c387bb5a03e3caf8a7f33dd9a1c0bc538"", ""AREA_01_IMAGES_OUTPUT/CAST/003_m_mushroom_s_mon_mushroom_CAST_F05.png"": ""f29195265514338fe34f237a7d51ed8c9858e3404b34f6996e16b58b0513f516"", ""AREA_01_IMAGES_OUTPUT/CAST/003_m_mushroom_s_mon_mushroom_CAST_F06.png"": ""059ee28bbb562138091299c31696649ec4a633df0c4a4833fb24a95b003c4fb0"", ""AREA_01_IMAGES_OUTPUT/CAST/003_m_mushroom_s_mon_mushroom_CAST_F07.png"": ""3d58e23958b929bb35333c6c394140f39dd7208158c936d930634e0bdebeac49""}",D:\maplestory_levup\docs\art\images-input-packages-v2_4\AREA_01_IMAGES_INPUT_V2_4.zip,V2.4,AREA_01_IMAGES_INPUT_V2_4/monsters/003_m_mushroom_주황_버섯/GENERATION_SPEC.md,작은 포자 구름 세 덩이와 부드럽게 흩어지는 점 입자. ‘주황 버섯 / 포자 살포’ 전용 소재이며 몬스터 본체는 VFX에 직접 넣지 않음,0.10 / non-loop one-shot,SkillEffect applies FlipX for directional attacks; delayed layer samples caster position at SpawnLayer execution; map entity then applies drift,F00–F07 전체를 순서대로 직접 대조,베이지색 포자 덩어리 셋이 둥글게 부풀고 점 입자를 남기며 흩어짐,D:\maplestory_levup\docs\art\area00-images-output\AREA_00_IMAGES_OUTPUT_ORIGINAL.zip,AREA_00_IMAGES_OUTPUT/monsters/005_m_slime_슬라임/VFX/005_m_slime_s_mon_slime_F04.png,AREA00 실제 승인 원화. 해당 보드의 기준 프레임 + ART_STYLE_STANDARD의 전체 기준. 고유 모양/저레벨 규모를 요구하지 않음,"이슬/물막은 승인 재사용과 같은 곡면 반사. 버섯 포자 구름은 부드러운 덩어리 음영과 선명한 잎/빛 입자를 결합하며, 뿔은 불투명한 재질에 맞는 면 음영을 유지한다.",동일 몬스터의 실제 ICON 및 모든 VFX 역할 대조. 색·소재·반사광 관계에서 명백한 이탈 없음,"이슬/물막은 승인 재사용과 같은 곡면 반사. 버섯 포자 구름은 부드러운 덩어리 음영과 선명한 잎/빛 입자를 결합하며, 뿔은 불투명한 재질에 맞는 면 음영을 유지한다.",AREA00 기준 + 전체 Area의 동일 역할 보드 대조; 다수결 기준 사용 안 함. 추가 소재 비교는 CROSS_AREA_MATERIAL_BOARD_INDEX.csv,팔레트·재질·형상·레벨/보스 규모·밀도·역할별 프레임/시간 차이 허용,해당 없음,작은 포자 구름 세 덩이와 부드럽게 흩어지는 점 입자. ‘주황 버섯 / 포자 살포’ 전용 소재이며 몬스터 본체는 VFX에 직접 넣지 않음 | SkillEffect applies FlipX for directional attacks; delayed layer samples caster position at SpawnLayer execution; map entity then applies drift,원화 유지,NO,NO,D:\maplestory_levup\docs\art\output_audit\runs\20260912_162508_msw_origin_art_review\CROSS_AREA_STYLE_BOARD\area_01_m_mushroom_CAST_VFX_NATIVE.png,,"PNG 원본을 동일 RGB(32,38,48) 배경에 1:1 합성. 확대는 동일 128px 영역 2배 NEAREST. 큰 보드의 도구 축소 표시 가능; 이탈 상세는 1600px 보드에서 추가 대조",전 프레임 순서상 형성/변화/해체/잔상 대조. 실시간 재생의 체감 리듬 및 엔진 합성은 미검증,NOT_CHECKED: 게임 내 최종 배율/카메라/필터/배경에서의 선명도 미검증. 명세 배율만으로 런타임 표시를 보았다고 하지 않음,NO_OBVIOUS_ISSUE,기존 파일검사 재사용,TARGET_OUTPUT
area_01,m_mushmom,머쉬맘,s_mon_mushmom,머쉬맘의 포자 충격,ICON,CONSISTENT_WITH_REFERENCE,D:\maplestory_levup\docs\art\output_repacked\20260912_153221_v24_repack\AREA_01_IMAGES_OUTPUT.zip,AREA_01_IMAGES_OUTPUT/ICON/004_m_mushmom_s_mon_mushmom_ICON.png,"{""AREA_01_IMAGES_OUTPUT/ICON/004_m_mushmom_s_mon_mushmom_ICON.png"": ""717e6678ae0895b704b10685d7e530727d37e88821ff523d48d09f93978a3a0e""}",D:\maplestory_levup\docs\art\images-input-packages-v2_4\AREA_01_IMAGES_INPUT_V2_4.zip,V2.4,AREA_01_IMAGES_INPUT_V2_4/monsters/004_m_mushmom_머쉬맘/GENERATION_SPEC.md,굵은 포자 핵이 지면에 닿아 버섯갓 모양으로 터지는 충격. ‘머쉬맘 / 머쉬맘의 포자 충격’ 전용 소재이며 몬스터 본체는 VFX에 직접 넣지 않음,static / static,none,ICON 原寸 전체,주황 포자핵이 지면에서 버섯갓형 충격파로 크게 솟고 굵은 포자 파편으로 해체,D:\maplestory_levup\docs\art\area00-images-output\AREA_00_IMAGES_OUTPUT_ORIGINAL.zip,AREA_00_IMAGES_OUTPUT/monsters/002_m_blue_snail_파란_달팽이/ICON/002_m_blue_snail_s_mon_blue_snail_ICON.png,AREA00 실제 승인 원화. 해당 보드의 기준 프레임 + ART_STYLE_STANDARD의 전체 기준. 고유 모양/저레벨 규모를 요구하지 않음,"이슬/물막은 승인 재사용과 같은 곡면 반사. 버섯 포자 구름은 부드러운 덩어리 음영과 선명한 잎/빛 입자를 결합하며, 뿔은 불투명한 재질에 맞는 면 음영을 유지한다.",동일 몬스터의 실제 ICON 및 모든 VFX 역할 대조. 색·소재·반사광 관계에서 명백한 이탈 없음,"이슬/물막은 승인 재사용과 같은 곡면 반사. 버섯 포자 구름은 부드러운 덩어리 음영과 선명한 잎/빛 입자를 결합하며, 뿔은 불투명한 재질에 맞는 면 음영을 유지한다.",AREA00 기준 + 전체 Area의 동일 역할 보드 대조; 다수결 기준 사용 안 함. 추가 소재 비교는 CROSS_AREA_MATERIAL_BOARD_INDEX.csv,팔레트·재질·형상·레벨/보스 규모·밀도·역할별 프레임/시간 차이 허용,해당 없음,굵은 포자 핵이 지면에 닿아 버섯갓 모양으로 터지는 충격. ‘머쉬맘 / 머쉬맘의 포자 충격’ 전용 소재이며 몬스터 본체는 VFX에 직접 넣지 않음 | none,원화 유지,NO,NO,D:\maplestory_levup\docs\art\output_audit\runs\20260912_162508_msw_origin_art_review\CROSS_AREA_STYLE_BOARD\area_01_ICON_NATIVE.png,,"PNG 원본을 동일 RGB(32,38,48) 배경에 1:1 합성. 확대는 동일 128px 영역 2배 NEAREST. 큰 보드의 도구 축소 표시 가능; 이탈 상세는 1600px 보드에서 추가 대조",전 프레임 순서상 형성/변화/해체/잔상 대조. 실시간 재생의 체감 리듬 및 엔진 합성은 미검증,NOT_CHECKED: 게임 내 최종 배율/카메라/필터/배경에서의 선명도 미검증. 명세 배율만으로 런타임 표시를 보았다고 하지 않음,NO_OBVIOUS_ISSUE,기존 파일검사 재사용,TARGET_OUTPUT
area_01,m_mushmom,머쉬맘,s_mon_mushmom,머쉬맘의 포자 충격,CAST_VFX,CONSISTENT_WITH_REFERENCE,D:\maplestory_levup\docs\art\output_repacked\20260912_153221_v24_repack\AREA_01_IMAGES_OUTPUT.zip,AREA_01_IMAGES_OUTPUT/CAST/004_m_mushmom_s_mon_mushmom_CAST_F00.png|AREA_01_IMAGES_OUTPUT/CAST/004_m_mushmom_s_mon_mushmom_CAST_F01.png|AREA_01_IMAGES_OUTPUT/CAST/004_m_mushmom_s_mon_mushmom_CAST_F02.png|AREA_01_IMAGES_OUTPUT/CAST/004_m_mushmom_s_mon_mushmom_CAST_F03.png|AREA_01_IMAGES_OUTPUT/CAST/004_m_mushmom_s_mon_mushmom_CAST_F04.png|AREA_01_IMAGES_OUTPUT/CAST/004_m_mushmom_s_mon_mushmom_CAST_F05.png|AREA_01_IMAGES_OUTPUT/CAST/004_m_mushmom_s_mon_mushmom_CAST_F06.png|AREA_01_IMAGES_OUTPUT/CAST/004_m_mushmom_s_mon_mushmom_CAST_F07.png|AREA_01_IMAGES_OUTPUT/CAST/004_m_mushmom_s_mon_mushmom_CAST_F08.png|AREA_01_IMAGES_OUTPUT/CAST/004_m_mushmom_s_mon_mushmom_CAST_F09.png|AREA_01_IMAGES_OUTPUT/CAST/004_m_mushmom_s_mon_mushmom_CAST_F10.png|AREA_01_IMAGES_OUTPUT/CAST/004_m_mushmom_s_mon_mushmom_CAST_F11.png,"{""AREA_01_IMAGES_OUTPUT/CAST/004_m_mushmom_s_mon_mushmom_CAST_F00.png"": ""afed07ec9b37f009fee2ead17976c362e99f7fa56422da7f186add24d718b97a"", ""AREA_01_IMAGES_OUTPUT/CAST/004_m_mushmom_s_mon_mushmom_CAST_F01.png"": ""7b5121aa3c54d1fd21039a7b7793ab5b706803003c465da2fbe6cf4e9346ba94"", ""AREA_01_IMAGES_OUTPUT/CAST/004_m_mushmom_s_mon_mushmom_CAST_F02.png"": ""e935bd37208ae7aebca14ba88ff81e97ee723e62428d0fda2718b92e05347c45"", ""AREA_01_IMAGES_OUTPUT/CAST/004_m_mushmom_s_mon_mushmom_CAST_F03.png"": ""92fcea9edbc400e72a96027f446c4c8e326741bf3cc26b6842bbe0d04364a8cb"", ""AREA_01_IMAGES_OUTPUT/CAST/004_m_mushmom_s_mon_mushmom_CAST_F04.png"": ""79a8dd6a3800978c1ab8a503f6cac8899a62e90013976d30ceaa4f60640bb85c"", ""AREA_01_IMAGES_OUTPUT/CAST/004_m_mushmom_s_mon_mushmom_CAST_F05.png"": ""27585bfc6299b4a2aa881a654768e72b0a42b2d393c680c646bb38510df59be4"", ""AREA_01_IMAGES_OUTPUT/CAST/004_m_mushmom_s_mon_mushmom_CAST_F06.png"": ""82dff5342a293de13499248298b8175346585e56f945d93060c11f73b353edd1"", ""AREA_01_IMAGES_OUTPUT/CAST/004_m_mushmom_s_mon_mushmom_CAST_F07.png"": ""e18f145a450d1379b244ecea204400b6a7c6f6614d6c89b10a9aceeb6498b931"", ""AREA_01_IMAGES_OUTPUT/CAST/004_m_mushmom_s_mon_mushmom_CAST_F08.png"": ""969b755645b909e35ab9c83c83c474eed3ca0204b8814a710e15427fb86a92c3"", ""AREA_01_IMAGES_OUTPUT/CAST/004_m_mushmom_s_mon_mushmom_CAST_F09.png"": ""6718fb27b0c2d2e4bcc34a32ecdf595c87bf7651bf092234a251564af5c5dba6"", ""AREA_01_IMAGES_OUTPUT/CAST/004_m_mushmom_s_mon_mushmom_CAST_F10.png"": ""428b72817619062f5e13440073fe30567fba4a8f64e6e9b1eeabf5d346687614"", ""AREA_01_IMAGES_OUTPUT/CAST/004_m_mushmom_s_mon_mushmom_CAST_F11.png"": ""57b3f031a096a29d5a7f4f151b5b1a276757051664b96a6ce5437f75b548681a""}",D:\maplestory_levup\docs\art\images-input-packages-v2_4\AREA_01_IMAGES_INPUT_V2_4.zip,V2.4,AREA_01_IMAGES_INPUT_V2_4/monsters/004_m_mushmom_머쉬맘/GENERATION_SPEC.md,굵은 포자 핵이 지면에 닿아 버섯갓 모양으로 터지는 충격. ‘머쉬맘 / 머쉬맘의 포자 충격’ 전용 소재이며 몬스터 본체는 VFX에 직접 넣지 않음,0.08 / non-loop one-shot,SkillEffect applies FlipX for directional attacks; delayed layer samples caster position at SpawnLayer execution; map entity then applies drift,F00–F11 전체를 순서대로 직접 대조,주황 포자핵이 지면에서 버섯갓형 충격파로 크게 솟고 굵은 포자 파편으로 해체,D:\maplestory_levup\docs\art\area00-images-output\AREA_00_IMAGES_OUTPUT_ORIGINAL.zip,AREA_00_IMAGES_OUTPUT/monsters/004_m_mano_마노/VFX/004_m_mano_s_mon_mano_F06.png,AREA00 실제 승인 원화. 해당 보드의 기준 프레임 + ART_STYLE_STANDARD의 전체 기준. 고유 모양/저레벨 규모를 요구하지 않음,"이슬/물막은 승인 재사용과 같은 곡면 반사. 버섯 포자 구름은 부드러운 덩어리 음영과 선명한 잎/빛 입자를 결합하며, 뿔은 불투명한 재질에 맞는 면 음영을 유지한다.",동일 몬스터의 실제 ICON 및 모든 VFX 역할 대조. 색·소재·반사광 관계에서 명백한 이탈 없음,"이슬/물막은 승인 재사용과 같은 곡면 반사. 버섯 포자 구름은 부드러운 덩어리 음영과 선명한 잎/빛 입자를 결합하며, 뿔은 불투명한 재질에 맞는 면 음영을 유지한다.",AREA00 기준 + 전체 Area의 동일 역할 보드 대조; 다수결 기준 사용 안 함. 추가 소재 비교는 CROSS_AREA_MATERIAL_BOARD_INDEX.csv,팔레트·재질·형상·레벨/보스 규모·밀도·역할별 프레임/시간 차이 허용,해당 없음,굵은 포자 핵이 지면에 닿아 버섯갓 모양으로 터지는 충격. ‘머쉬맘 / 머쉬맘의 포자 충격’ 전용 소재이며 몬스터 본체는 VFX에 직접 넣지 않음 | SkillEffect applies FlipX for directional attacks; delayed layer samples caster position at SpawnLayer execution; map entity then applies drift,원화 유지,NO,NO,D:\maplestory_levup\docs\art\output_audit\runs\20260912_162508_msw_origin_art_review\CROSS_AREA_STYLE_BOARD\area_01_m_mushmom_CAST_VFX_NATIVE.png,,"PNG 원본을 동일 RGB(32,38,48) 배경에 1:1 합성. 확대는 동일 128px 영역 2배 NEAREST. 큰 보드의 도구 축소 표시 가능; 이탈 상세는 1600px 보드에서 추가 대조",전 프레임 순서상 형성/변화/해체/잔상 대조. 실시간 재생의 체감 리듬 및 엔진 합성은 미검증,NOT_CHECKED: 게임 내 최종 배율/카메라/필터/배경에서의 선명도 미검증. 명세 배율만으로 런타임 표시를 보았다고 하지 않음,NO_OBVIOUS_ISSUE,기존 파일검사 재사용,TARGET_OUTPUT
area_01,m_horny_mushroom,뿔버섯,s_mon_horny_mushroom,단단한 뿔,ICON,CONSISTENT_WITH_REFERENCE,D:\maplestory_levup\docs\art\output_repacked\20260912_153221_v24_repack\AREA_01_IMAGES_OUTPUT.zip,AREA_01_IMAGES_OUTPUT/ICON/005_m_horny_mushroom_s_mon_horny_mushroom_ICON.png,"{""AREA_01_IMAGES_OUTPUT/ICON/005_m_horny_mushroom_s_mon_horny_mushroom_ICON.png"": ""7d241fc303b55cbcdf8b5b618c13ef4f1a808e04e5dee183953131c05b730dac""}",D:\maplestory_levup\docs\art\images-input-packages-v2_4\AREA_01_IMAGES_INPUT_V2_4.zip,V2.4,AREA_01_IMAGES_INPUT_V2_4/monsters/005_m_horny_mushroom_뿔버섯/GENERATION_SPEC.md,짙은 갓을 감싼 단단한 뿔 쐐기와 짧은 금속성 반짝임. ‘뿔버섯 / 단단한 뿔’ 전용 소재이며 몬스터 본체는 VFX에 직접 넣지 않음,static / static,none,ICON 原寸 전체,상아색 뿔과 짙은 갓 곡선이 반사광과 함께 커졌다가 원형 모티브로 복귀,D:\maplestory_levup\docs\art\area00-images-output\AREA_00_IMAGES_OUTPUT_ORIGINAL.zip,AREA_00_IMAGES_OUTPUT/monsters/002_m_blue_snail_파란_달팽이/ICON/002_m_blue_snail_s_mon_blue_snail_ICON.png,AREA00 실제 승인 원화. 해당 보드의 기준 프레임 + ART_STYLE_STANDARD의 전체 기준. 고유 모양/저레벨 규모를 요구하지 않음,"이슬/물막은 승인 재사용과 같은 곡면 반사. 버섯 포자 구름은 부드러운 덩어리 음영과 선명한 잎/빛 입자를 결합하며, 뿔은 불투명한 재질에 맞는 면 음영을 유지한다.",동일 몬스터의 실제 ICON 및 모든 VFX 역할 대조. 색·소재·반사광 관계에서 명백한 이탈 없음,"이슬/물막은 승인 재사용과 같은 곡면 반사. 버섯 포자 구름은 부드러운 덩어리 음영과 선명한 잎/빛 입자를 결합하며, 뿔은 불투명한 재질에 맞는 면 음영을 유지한다.",AREA00 기준 + 전체 Area의 동일 역할 보드 대조; 다수결 기준 사용 안 함. 추가 소재 비교는 CROSS_AREA_MATERIAL_BOARD_INDEX.csv,팔레트·재질·형상·레벨/보스 규모·밀도·역할별 프레임/시간 차이 허용,해당 없음,짙은 갓을 감싼 단단한 뿔 쐐기와 짧은 금속성 반짝임. ‘뿔버섯 / 단단한 뿔’ 전용 소재이며 몬스터 본체는 VFX에 직접 넣지 않음 | none,원화 유지,NO,NO,D:\maplestory_levup\docs\art\output_audit\runs\20260912_162508_msw_origin_art_review\CROSS_AREA_STYLE_BOARD\area_01_ICON_NATIVE.png,,"PNG 원본을 동일 RGB(32,38,48) 배경에 1:1 합성. 확대는 동일 128px 영역 2배 NEAREST. 큰 보드의 도구 축소 표시 가능; 이탈 상세는 1600px 보드에서 추가 대조",전 프레임 순서상 형성/변화/해체/잔상 대조. 실시간 재생의 체감 리듬 및 엔진 합성은 미검증,NOT_CHECKED: 게임 내 최종 배율/카메라/필터/배경에서의 선명도 미검증. 명세 배율만으로 런타임 표시를 보았다고 하지 않음,NO_OBVIOUS_ISSUE,기존 파일검사 재사용,TARGET_OUTPUT
area_01,m_horny_mushroom,뿔버섯,s_mon_horny_mushroom,단단한 뿔,REFERENCE_VFX,CONSISTENT_WITH_REFERENCE,D:\maplestory_levup\docs\art\output_repacked\20260912_153221_v24_repack\AREA_01_IMAGES_OUTPUT.zip,AREA_01_IMAGES_OUTPUT/REFERENCE/005_m_horny_mushroom_s_mon_horny_mushroom_REFERENCE_F00.png|AREA_01_IMAGES_OUTPUT/REFERENCE/005_m_horny_mushroom_s_mon_horny_mushroom_REFERENCE_F01.png|AREA_01_IMAGES_OUTPUT/REFERENCE/005_m_horny_mushroom_s_mon_horny_mushroom_REFERENCE_F02.png|AREA_01_IMAGES_OUTPUT/REFERENCE/005_m_horny_mushroom_s_mon_horny_mushroom_REFERENCE_F03.png|AREA_01_IMAGES_OUTPUT/REFERENCE/005_m_horny_mushroom_s_mon_horny_mushroom_REFERENCE_F04.png|AREA_01_IMAGES_OUTPUT/REFERENCE/005_m_horny_mushroom_s_mon_horny_mushroom_REFERENCE_F05.png,"{""AREA_01_IMAGES_OUTPUT/REFERENCE/005_m_horny_mushroom_s_mon_horny_mushroom_REFERENCE_F00.png"": ""5ae988bcbfda2bdc21b6f57386d1bdeb20e0ed69319f162b5c127051ac28d2c5"", ""AREA_01_IMAGES_OUTPUT/REFERENCE/005_m_horny_mushroom_s_mon_horny_mushroom_REFERENCE_F01.png"": ""40cfaa0b168f2901c266195f3cdbd02174943f90b9d6a7f4e37324a34184bde8"", ""AREA_01_IMAGES_OUTPUT/REFERENCE/005_m_horny_mushroom_s_mon_horny_mushroom_REFERENCE_F02.png"": ""8c5d58ad0d09113a05d0962e865ff1ef46af9fa8ed2837fb7f49a54e8ff6b435"", ""AREA_01_IMAGES_OUTPUT/REFERENCE/005_m_horny_mushroom_s_mon_horny_mushroom_REFERENCE_F03.png"": ""1d8f44bc31db8cd8969e3a215ae6ce302ccf23c6817ff77c09dcb0621a3dc95e"", ""AREA_01_IMAGES_OUTPUT/REFERENCE/005_m_horny_mushroom_s_mon_horny_mushroom_REFERENCE_F04.png"": ""16f78dcc84b5c2ef8aa5fb3efb6483e4aa54ee9ae58e2b76b04bc92ca403230a"", ""AREA_01_IMAGES_OUTPUT/REFERENCE/005_m_horny_mushroom_s_mon_horny_mushroom_REFERENCE_F05.png"": ""fbcefba40158b8b8864fed046786ce8312c378b9731cd8731b5300ba534b2f48""}",D:\maplestory_levup\docs\art\images-input-packages-v2_4\AREA_01_IMAGES_INPUT_V2_4.zip,V2.4,AREA_01_IMAGES_INPUT_V2_4/monsters/005_m_horny_mushroom_뿔버섯/GENERATION_SPEC.md,짙은 갓을 감싼 단단한 뿔 쐐기와 짧은 금속성 반짝임. ‘뿔버섯 / 단단한 뿔’ 전용 소재이며 몬스터 본체는 VFX에 직접 넣지 않음,0.10 / preview-only non-loop,preview only; no engine motion/FlipX contract,F00–F05 전체를 순서대로 직접 대조,상아색 뿔과 짙은 갓 곡선이 반사광과 함께 커졌다가 원형 모티브로 복귀,D:\maplestory_levup\docs\art\area00-images-output\AREA_00_IMAGES_OUTPUT_ORIGINAL.zip,AREA_00_IMAGES_OUTPUT/monsters/002_m_blue_snail_파란_달팽이/VFX/002_m_blue_snail_s_mon_blue_snail_F04.png,AREA00 실제 승인 원화. 해당 보드의 기준 프레임 + ART_STYLE_STANDARD의 전체 기준. 고유 모양/저레벨 규모를 요구하지 않음,"이슬/물막은 승인 재사용과 같은 곡면 반사. 버섯 포자 구름은 부드러운 덩어리 음영과 선명한 잎/빛 입자를 결합하며, 뿔은 불투명한 재질에 맞는 면 음영을 유지한다.",동일 몬스터의 실제 ICON 및 모든 VFX 역할 대조. 색·소재·반사광 관계에서 명백한 이탈 없음,"이슬/물막은 승인 재사용과 같은 곡면 반사. 버섯 포자 구름은 부드러운 덩어리 음영과 선명한 잎/빛 입자를 결합하며, 뿔은 불투명한 재질에 맞는 면 음영을 유지한다.",AREA00 기준 + 전체 Area의 동일 역할 보드 대조; 다수결 기준 사용 안 함. 추가 소재 비교는 CROSS_AREA_MATERIAL_BOARD_INDEX.csv,팔레트·재질·형상·레벨/보스 규모·밀도·역할별 프레임/시간 차이 허용,해당 없음,짙은 갓을 감싼 단단한 뿔 쐐기와 짧은 금속성 반짝임. ‘뿔버섯 / 단단한 뿔’ 전용 소재이며 몬스터 본체는 VFX에 직접 넣지 않음 | preview only; no engine motion/FlipX contract,원화 유지,NO,NO,D:\maplestory_levup\docs\art\output_audit\runs\20260912_162508_msw_origin_art_review\CROSS_AREA_STYLE_BOARD\area_01_m_horny_mushroom_REFERENCE_VFX_NATIVE.png,,"PNG 원본을 동일 RGB(32,38,48) 배경에 1:1 합성. 확대는 동일 128px 영역 2배 NEAREST. 큰 보드의 도구 축소 표시 가능; 이탈 상세는 1600px 보드에서 추가 대조",전 프레임 순서상 형성/변화/해체/잔상 대조. 실시간 재생의 체감 리듬 및 엔진 합성은 미검증,NOT_CHECKED: 게임 내 최종 배율/카메라/필터/배경에서의 선명도 미검증. 명세 배율만으로 런타임 표시를 보았다고 하지 않음,NO_OBVIOUS_ISSUE,기존 파일검사 재사용,TARGET_OUTPUT
area_02,m_stone_golem,스톤골렘,s_mon_stone,암석 피부,ICON,NEEDS_USER_REVIEW,D:\maplestory_levup\docs\art\output_repacked\20260912_153221_v24_repack\AREA_02_IMAGES_OUTPUT.zip,AREA_02_IMAGES_OUTPUT/ICON/001_m_stone_golem_s_mon_stone_ICON.png,"{""AREA_02_IMAGES_OUTPUT/ICON/001_m_stone_golem_s_mon_stone_ICON.png"": ""c5a45e3b3d1a0752a958e495426b0725edc2fef4b6369dd7c701b1e8f7c939dc""}",D:\maplestory_levup\docs\art\images-input-packages-v2_4\AREA_02_IMAGES_INPUT_V2_4.zip,V2.4,AREA_02_IMAGES_INPUT_V2_4/monsters/001_m_stone_golem_스톤골렘/GENERATION_SPEC.md,맞물린 암석 판 두 겹과 틈새에서 새는 흙빛 광선. ‘스톤골렘 / 암석 피부’ 전용 소재이며 몬스터 본체는 VFX에 직접 넣지 않음,static / static,none,ICON 原寸 전체,갈색 암석판이 원형 방패로 맞물리고 틈의 금빛 균열광이 밝아졌다가 풀림,D:\maplestory_levup\docs\art\area00-images-output\AREA_00_IMAGES_OUTPUT_ORIGINAL.zip,AREA_00_IMAGES_OUTPUT/monsters/002_m_blue_snail_파란_달팽이/ICON/002_m_blue_snail_s_mon_blue_snail_ICON.png,AREA00 실제 승인 원화. 해당 보드의 기준 프레임 + ART_STYLE_STANDARD의 전체 기준. 고유 모양/저레벨 규모를 요구하지 않음,금속·나무·뼈·돌을 둘러싼 두꺼운 거의 검은 외곽과 거친 면 질감이 AREA00 및 AREA20의 더 가는 윤곽보다 강조된다. 소재의 거칠기는 허용되므로 곧바로 오류로 확정하지 않는다.,동일 몬스터의 실제 ICON 및 모든 VFX 역할 대조. 일부 역할의 차이는 아래 별도 후보로 한정,돌·뿌리·뼈의 거친 표면은 소재 차이로 허용. VFX의 얇은 발광선·먼지/파편의 분해와 금속 반사는 연결되며 ICON의 두꺼운 윤곽은 별도 판단한다.,AREA00 기준 + 전체 Area의 동일 역할 보드 대조; 다수결 기준 사용 안 함. 추가 소재 비교는 CROSS_AREA_MATERIAL_BOARD_INDEX.csv,팔레트·재질·형상·레벨/보스 규모·밀도·역할별 프레임/시간 차이 허용,허용된 소재/역할 단순화와 마감 차이의 경계 불명확,맞물린 암석 판 두 겹과 틈새에서 새는 흙빛 광선. ‘스톤골렘 / 암석 피부’ 전용 소재이며 몬스터 본체는 VFX에 직접 넣지 않음 | none,소재의 결은 유지. ICON 외곽 굵기와 검은 테두리 강조를 허용할지 사용자 판단,YES,NO,D:\maplestory_levup\docs\art\output_audit\runs\20260912_162508_msw_origin_art_review\CROSS_AREA_STYLE_BOARD\area_02_ICON_NATIVE.png,D:\maplestory_levup\docs\art\output_audit\runs\20260912_162508_msw_origin_art_review\STYLE_OUTLIERS\area_02_m_stone_golem_ICON_COMPARE.png,"PNG 원본을 동일 RGB(32,38,48) 배경에 1:1 합성. 확대는 동일 128px 영역 2배 NEAREST. 큰 보드의 도구 축소 표시 가능; 이탈 상세는 1600px 보드에서 추가 대조",전 프레임 순서상 형성/변화/해체/잔상 대조. 실시간 재생의 체감 리듬 및 엔진 합성은 미검증,NOT_CHECKED: 게임 내 최종 배율/카메라/필터/배경에서의 선명도 미검증. 명세 배율만으로 런타임 표시를 보았다고 하지 않음,NO_OBVIOUS_ISSUE,기존 파일검사 재사용,TARGET_OUTPUT
area_02,m_stone_golem,스톤골렘,s_mon_stone,암석 피부,CAST_VFX,CONSISTENT_WITH_REFERENCE,D:\maplestory_levup\docs\art\output_repacked\20260912_153221_v24_repack\AREA_02_IMAGES_OUTPUT.zip,AREA_02_IMAGES_OUTPUT/CAST/001_m_stone_golem_s_mon_stone_CAST_F00.png|AREA_02_IMAGES_OUTPUT/CAST/001_m_stone_golem_s_mon_stone_CAST_F01.png|AREA_02_IMAGES_OUTPUT/CAST/001_m_stone_golem_s_mon_stone_CAST_F02.png|AREA_02_IMAGES_OUTPUT/CAST/001_m_stone_golem_s_mon_stone_CAST_F03.png|AREA_02_IMAGES_OUTPUT/CAST/001_m_stone_golem_s_mon_stone_CAST_F04.png|AREA_02_IMAGES_OUTPUT/CAST/001_m_stone_golem_s_mon_stone_CAST_F05.png|AREA_02_IMAGES_OUTPUT/CAST/001_m_stone_golem_s_mon_stone_CAST_F06.png|AREA_02_IMAGES_OUTPUT/CAST/001_m_stone_golem_s_mon_stone_CAST_F07.png,"{""AREA_02_IMAGES_OUTPUT/CAST/001_m_stone_golem_s_mon_stone_CAST_F00.png"": ""c382e0399b443795c1edcb818e142c6499e70a8f78a78bc859eee027c324a08c"", ""AREA_02_IMAGES_OUTPUT/CAST/001_m_stone_golem_s_mon_stone_CAST_F01.png"": ""e64725abc356a8477921c2c45759e68c56a76e400fcb006bf0c963401922823e"", ""AREA_02_IMAGES_OUTPUT/CAST/001_m_stone_golem_s_mon_stone_CAST_F02.png"": ""f0ff864e47ad3365f6ec7310f27e58683870316d53a23500d3b30266b744bb12"", ""AREA_02_IMAGES_OUTPUT/CAST/001_m_stone_golem_s_mon_stone_CAST_F03.png"": ""43ad84ead0b070d894cf559ea3276e36d7389006fb27024e742d71ff2a464893"", ""AREA_02_IMAGES_OUTPUT/CAST/001_m_stone_golem_s_mon_stone_CAST_F04.png"": ""ab45b156bda57c38854b72523293752a41ea2bd39819394ef95dc239632061fa"", ""AREA_02_IMAGES_OUTPUT/CAST/001_m_stone_golem_s_mon_stone_CAST_F05.png"": ""8683b08231953685668c3a83af175ea424ec63c94fd3ec0fcc86357a62fdf838"", ""AREA_02_IMAGES_OUTPUT/CAST/001_m_stone_golem_s_mon_stone_CAST_F06.png"": ""b14214f8b6fa00febb47ab833d5d2c85622ea4041723b02b99bcc21505b923e9"", ""AREA_02_IMAGES_OUTPUT/CAST/001_m_stone_golem_s_mon_stone_CAST_F07.png"": ""adf92c1b55b5e7b30b1ca0a8b867be6a32bb70e1e0f0f169ccf8681010a691bf""}",D:\maplestory_levup\docs\art\images-input-packages-v2_4\AREA_02_IMAGES_INPUT_V2_4.zip,V2.4,AREA_02_IMAGES_INPUT_V2_4/monsters/001_m_stone_golem_스톤골렘/GENERATION_SPEC.md,맞물린 암석 판 두 겹과 틈새에서 새는 흙빛 광선. ‘스톤골렘 / 암석 피부’ 전용 소재이며 몬스터 본체는 VFX에 직접 넣지 않음,0.10 / non-loop one-shot,SkillEffect applies FlipX for directional attacks; delayed layer samples caster position at SpawnLayer execution; map entity then applies drift,F00–F07 전체를 순서대로 직접 대조,갈색 암석판이 원형 방패로 맞물리고 틈의 금빛 균열광이 밝아졌다가 풀림,D:\maplestory_levup\docs\art\area00-images-output\AREA_00_IMAGES_OUTPUT_ORIGINAL.zip,AREA_00_IMAGES_OUTPUT/monsters/002_m_blue_snail_파란_달팽이/VFX/002_m_blue_snail_s_mon_blue_snail_F04.png,AREA00 실제 승인 원화. 해당 보드의 기준 프레임 + ART_STYLE_STANDARD의 전체 기준. 고유 모양/저레벨 규모를 요구하지 않음,돌·뿌리·뼈의 거친 표면은 소재 차이로 허용. VFX의 얇은 발광선·먼지/파편의 분해와 금속 반사는 연결되며 ICON의 두꺼운 윤곽은 별도 판단한다.,동일 몬스터의 실제 ICON 및 모든 VFX 역할 대조. 일부 역할의 차이는 아래 별도 후보로 한정,돌·뿌리·뼈의 거친 표면은 소재 차이로 허용. VFX의 얇은 발광선·먼지/파편의 분해와 금속 반사는 연결되며 ICON의 두꺼운 윤곽은 별도 판단한다.,AREA00 기준 + 전체 Area의 동일 역할 보드 대조; 다수결 기준 사용 안 함. 추가 소재 비교는 CROSS_AREA_MATERIAL_BOARD_INDEX.csv,팔레트·재질·형상·레벨/보스 규모·밀도·역할별 프레임/시간 차이 허용,해당 없음,맞물린 암석 판 두 겹과 틈새에서 새는 흙빛 광선. ‘스톤골렘 / 암석 피부’ 전용 소재이며 몬스터 본체는 VFX에 직접 넣지 않음 | SkillEffect applies FlipX for directional attacks; delayed layer samples caster position at SpawnLayer execution; map entity then applies drift,원화 유지,NO,NO,D:\maplestory_levup\docs\art\output_audit\runs\20260912_162508_msw_origin_art_review\CROSS_AREA_STYLE_BOARD\area_02_m_stone_golem_CAST_VFX_NATIVE.png,,"PNG 원본을 동일 RGB(32,38,48) 배경에 1:1 합성. 확대는 동일 128px 영역 2배 NEAREST. 큰 보드의 도구 축소 표시 가능; 이탈 상세는 1600px 보드에서 추가 대조",전 프레임 순서상 형성/변화/해체/잔상 대조. 실시간 재생의 체감 리듬 및 엔진 합성은 미검증,NOT_CHECKED: 게임 내 최종 배율/카메라/필터/배경에서의 선명도 미검증. 명세 배율만으로 런타임 표시를 보았다고 하지 않음,NO_OBVIOUS_ISSUE,기존 파일검사 재사용,TARGET_OUTPUT
area_02,m_axe_stump,엑스텀프,s_mon_axe_stump,도끼 휘두르기,ICON,NEEDS_USER_REVIEW,D:\maplestory_levup\docs\art\output_repacked\20260912_153221_v24_repack\AREA_02_IMAGES_OUTPUT.zip,AREA_02_IMAGES_OUTPUT/ICON/002_m_axe_stump_s_mon_axe_stump_ICON.png,"{""AREA_02_IMAGES_OUTPUT/ICON/002_m_axe_stump_s_mon_axe_stump_ICON.png"": ""182c9fdde631482a09eb6e915e55e88c26e4002e1dcdfc0da033d5925c26f1a1""}",D:\maplestory_levup\docs\art\images-input-packages-v2_4\AREA_02_IMAGES_INPUT_V2_4.zip,V2.4,AREA_02_IMAGES_INPUT_V2_4/monsters/002_m_axe_stump_엑스텀프/GENERATION_SPEC.md,도끼날 실루엣의 짧고 무거운 전방 궤적과 나무 부스러기. ‘엑스텀프 / 도끼 휘두르기’ 전용 소재이며 몬스터 본체는 VFX에 직접 넣지 않음,static / static,none,ICON 原寸 전체,도끼날형 갈색 초승달이 전방을 긁고 나무 파편을 튄 뒤 가는 궤적으로 소멸,D:\maplestory_levup\docs\art\area00-images-output\AREA_00_IMAGES_OUTPUT_ORIGINAL.zip,AREA_00_IMAGES_OUTPUT/monsters/002_m_blue_snail_파란_달팽이/ICON/002_m_blue_snail_s_mon_blue_snail_ICON.png,AREA00 실제 승인 원화. 해당 보드의 기준 프레임 + ART_STYLE_STANDARD의 전체 기준. 고유 모양/저레벨 규모를 요구하지 않음,금속·나무·뼈·돌을 둘러싼 두꺼운 거의 검은 외곽과 거친 면 질감이 AREA00 및 AREA20의 더 가는 윤곽보다 강조된다. 소재의 거칠기는 허용되므로 곧바로 오류로 확정하지 않는다.,동일 몬스터의 실제 ICON 및 모든 VFX 역할 대조. 일부 역할의 차이는 아래 별도 후보로 한정,돌·뿌리·뼈의 거친 표면은 소재 차이로 허용. VFX의 얇은 발광선·먼지/파편의 분해와 금속 반사는 연결되며 ICON의 두꺼운 윤곽은 별도 판단한다.,AREA00 기준 + 전체 Area의 동일 역할 보드 대조; 다수결 기준 사용 안 함. 추가 소재 비교는 CROSS_AREA_MATERIAL_BOARD_INDEX.csv,팔레트·재질·형상·레벨/보스 규모·밀도·역할별 프레임/시간 차이 허용,허용된 소재/역할 단순화와 마감 차이의 경계 불명확,도끼날 실루엣의 짧고 무거운 전방 궤적과 나무 부스러기. ‘엑스텀프 / 도끼 휘두르기’ 전용 소재이며 몬스터 본체는 VFX에 직접 넣지 않음 | none,소재의 결은 유지. ICON 외곽 굵기와 검은 테두리 강조를 허용할지 사용자 판단,YES,NO,D:\maplestory_levup\docs\art\output_audit\runs\20260912_162508_msw_origin_art_review\CROSS_AREA_STYLE_BOARD\area_02_ICON_NATIVE.png,D:\maplestory_levup\docs\art\output_audit\runs\20260912_162508_msw_origin_art_review\STYLE_OUTLIERS\area_02_m_axe_stump_ICON_COMPARE.png,"PNG 원본을 동일 RGB(32,38,48) 배경에 1:1 합성. 확대는 동일 128px 영역 2배 NEAREST. 큰 보드의 도구 축소 표시 가능; 이탈 상세는 1600px 보드에서 추가 대조",전 프레임 순서상 형성/변화/해체/잔상 대조. 실시간 재생의 체감 리듬 및 엔진 합성은 미검증,NOT_CHECKED: 게임 내 최종 배율/카메라/필터/배경에서의 선명도 미검증. 명세 배율만으로 런타임 표시를 보았다고 하지 않음,NO_OBVIOUS_ISSUE,기존 파일검사 재사용,TARGET_OUTPUT
area_02,m_axe_stump,엑스텀프,s_mon_axe_stump,도끼 휘두르기,CAST_VFX,CONSISTENT_WITH_REFERENCE,D:\maplestory_levup\docs\art\output_repacked\20260912_153221_v24_repack\AREA_02_IMAGES_OUTPUT.zip,AREA_02_IMAGES_OUTPUT/CAST/002_m_axe_stump_s_mon_axe_stump_CAST_F00.png|AREA_02_IMAGES_OUTPUT/CAST/002_m_axe_stump_s_mon_axe_stump_CAST_F01.png|AREA_02_IMAGES_OUTPUT/CAST/002_m_axe_stump_s_mon_axe_stump_CAST_F02.png|AREA_02_IMAGES_OUTPUT/CAST/002_m_axe_stump_s_mon_axe_stump_CAST_F03.png|AREA_02_IMAGES_OUTPUT/CAST/002_m_axe_stump_s_mon_axe_stump_CAST_F04.png|AREA_02_IMAGES_OUTPUT/CAST/002_m_axe_stump_s_mon_axe_stump_CAST_F05.png|AREA_02_IMAGES_OUTPUT/CAST/002_m_axe_stump_s_mon_axe_stump_CAST_F06.png|AREA_02_IMAGES_OUTPUT/CAST/002_m_axe_stump_s_mon_axe_stump_CAST_F07.png,"{""AREA_02_IMAGES_OUTPUT/CAST/002_m_axe_stump_s_mon_axe_stump_CAST_F00.png"": ""097e383f6b9c6bc0067e19712b9b4bf2af0289dca4882a31f7c4d521a629ea36"", ""AREA_02_IMAGES_OUTPUT/CAST/002_m_axe_stump_s_mon_axe_stump_CAST_F01.png"": ""532fdb022f44b573c4f69a6b69fbcbfeb873e58a35992f9a048e887a4a88b60e"", ""AREA_02_IMAGES_OUTPUT/CAST/002_m_axe_stump_s_mon_axe_stump_CAST_F02.png"": ""1ef1d114d6a1312994c0add9eed8af1915bd0a986a551945230d968180e41e55"", ""AREA_02_IMAGES_OUTPUT/CAST/002_m_axe_stump_s_mon_axe_stump_CAST_F03.png"": ""f62ac75e2f036504192cdc3c2f8b4cbe7ca66c3ce9a8eaa1b01fb752cc378f8f"", ""AREA_02_IMAGES_OUTPUT/CAST/002_m_axe_stump_s_mon_axe_stump_CAST_F04.png"": ""a566f006a17d9e8a9b55e61de6f451aa67b34d419405d033f0139bb443b7bb69"", ""AREA_02_IMAGES_OUTPUT/CAST/002_m_axe_stump_s_mon_axe_stump_CAST_F05.png"": ""402be16bedba65ac6daa8600635057101cab2bf079c01e831b9d5dc1af98ff27"", ""AREA_02_IMAGES_OUTPUT/CAST/002_m_axe_stump_s_mon_axe_stump_CAST_F06.png"": ""4d7bf53b1614f9fce14fa279b918af202e0174945286088c54d4b137ce338077"", ""AREA_02_IMAGES_OUTPUT/CAST/002_m_axe_stump_s_mon_axe_stump_CAST_F07.png"": ""cd7a9d9f54a3269fa9da2176b6caeb9698823a43e9a273459e6c02bfe3127d2b""}",D:\maplestory_levup\docs\art\images-input-packages-v2_4\AREA_02_IMAGES_INPUT_V2_4.zip,V2.4,AREA_02_IMAGES_INPUT_V2_4/monsters/002_m_axe_stump_엑스텀프/GENERATION_SPEC.md,도끼날 실루엣의 짧고 무거운 전방 궤적과 나무 부스러기. ‘엑스텀프 / 도끼 휘두르기’ 전용 소재이며 몬스터 본체는 VFX에 직접 넣지 않음,0.10 / non-loop one-shot,SkillEffect applies FlipX for directional attacks; delayed layer samples caster position at SpawnLayer execution; map entity then applies drift,F00–F07 전체를 순서대로 직접 대조,도끼날형 갈색 초승달이 전방을 긁고 나무 파편을 튄 뒤 가는 궤적으로 소멸,D:\maplestory_levup\docs\art\area00-images-output\AREA_00_IMAGES_OUTPUT_ORIGINAL.zip,AREA_00_IMAGES_OUTPUT/monsters/005_m_slime_슬라임/VFX/005_m_slime_s_mon_slime_F04.png,AREA00 실제 승인 원화. 해당 보드의 기준 프레임 + ART_STYLE_STANDARD의 전체 기준. 고유 모양/저레벨 규모를 요구하지 않음,돌·뿌리·뼈의 거친 표면은 소재 차이로 허용. VFX의 얇은 발광선·먼지/파편의 분해와 금속 반사는 연결되며 ICON의 두꺼운 윤곽은 별도 판단한다.,동일 몬스터의 실제 ICON 및 모든 VFX 역할 대조. 일부 역할의 차이는 아래 별도 후보로 한정,돌·뿌리·뼈의 거친 표면은 소재 차이로 허용. VFX의 얇은 발광선·먼지/파편의 분해와 금속 반사는 연결되며 ICON의 두꺼운 윤곽은 별도 판단한다.,AREA00 기준 + 전체 Area의 동일 역할 보드 대조; 다수결 기준 사용 안 함. 추가 소재 비교는 CROSS_AREA_MATERIAL_BOARD_INDEX.csv,팔레트·재질·형상·레벨/보스 규모·밀도·역할별 프레임/시간 차이 허용,해당 없음,도끼날 실루엣의 짧고 무거운 전방 궤적과 나무 부스러기. ‘엑스텀프 / 도끼 휘두르기’ 전용 소재이며 몬스터 본체는 VFX에 직접 넣지 않음 | SkillEffect applies FlipX for directional attacks; delayed layer samples caster position at SpawnLayer execution; map entity then applies drift,원화 유지,NO,NO,D:\maplestory_levup\docs\art\output_audit\runs\20260912_162508_msw_origin_art_review\CROSS_AREA_STYLE_BOARD\area_02_m_axe_stump_CAST_VFX_NATIVE.png,,"PNG 원본을 동일 RGB(32,38,48) 배경에 1:1 합성. 확대는 동일 128px 영역 2배 NEAREST. 큰 보드의 도구 축소 표시 가능; 이탈 상세는 1600px 보드에서 추가 대조",전 프레임 순서상 형성/변화/해체/잔상 대조. 실시간 재생의 체감 리듬 및 엔진 합성은 미검증,NOT_CHECKED: 게임 내 최종 배율/카메라/필터/배경에서의 선명도 미검증. 명세 배율만으로 런타임 표시를 보았다고 하지 않음,NO_OBVIOUS_ISSUE,기존 파일검사 재사용,TARGET_OUTPUT
area_02,m_dark_axe_stump,다크 엑스텀프,s_mon_dark_axe_stump,어둠의 뿌리,ICON,NEEDS_USER_REVIEW,D:\maplestory_levup\docs\art\output_repacked\20260912_153221_v24_repack\AREA_02_IMAGES_OUTPUT.zip,AREA_02_IMAGES_OUTPUT/ICON/003_m_dark_axe_stump_s_mon_dark_axe_stump_ICON.png,"{""AREA_02_IMAGES_OUTPUT/ICON/003_m_dark_axe_stump_s_mon_dark_axe_stump_ICON.png"": ""10719c46c2d26d28db8a0e0fc2a548c2560fa73620c943867a9004badea35545""}",D:\maplestory_levup\docs\art\images-input-packages-v2_4\AREA_02_IMAGES_INPUT_V2_4.zip,V2.4,AREA_02_IMAGES_INPUT_V2_4/monsters/003_m_dark_axe_stump_다크_엑스텀프/GENERATION_SPEC.md,지면을 찢고 솟는 검은 뿌리 갈퀴와 보랏빛 흙먼지. ‘다크 엑스텀프 / 어둠의 뿌리’ 전용 소재이며 몬스터 본체는 VFX에 직접 넣지 않음,static / static,none,ICON 原寸 전체,검보라 나무 가시와 뿌리형 기운이 중앙에서 솟아 방패 덩어리로 굳었다가 가라앉음,D:\maplestory_levup\docs\art\area00-images-output\AREA_00_IMAGES_OUTPUT_ORIGINAL.zip,AREA_00_IMAGES_OUTPUT/monsters/002_m_blue_snail_파란_달팽이/ICON/002_m_blue_snail_s_mon_blue_snail_ICON.png,AREA00 실제 승인 원화. 해당 보드의 기준 프레임 + ART_STYLE_STANDARD의 전체 기준. 고유 모양/저레벨 규모를 요구하지 않음,금속·나무·뼈·돌을 둘러싼 두꺼운 거의 검은 외곽과 거친 면 질감이 AREA00 및 AREA20의 더 가는 윤곽보다 강조된다. 소재의 거칠기는 허용되므로 곧바로 오류로 확정하지 않는다.,동일 몬스터의 실제 ICON 및 모든 VFX 역할 대조. 일부 역할의 차이는 아래 별도 후보로 한정,돌·뿌리·뼈의 거친 표면은 소재 차이로 허용. VFX의 얇은 발광선·먼지/파편의 분해와 금속 반사는 연결되며 ICON의 두꺼운 윤곽은 별도 판단한다.,AREA00 기준 + 전체 Area의 동일 역할 보드 대조; 다수결 기준 사용 안 함. 추가 소재 비교는 CROSS_AREA_MATERIAL_BOARD_INDEX.csv,팔레트·재질·형상·레벨/보스 규모·밀도·역할별 프레임/시간 차이 허용,허용된 소재/역할 단순화와 마감 차이의 경계 불명확,지면을 찢고 솟는 검은 뿌리 갈퀴와 보랏빛 흙먼지. ‘다크 엑스텀프 / 어둠의 뿌리’ 전용 소재이며 몬스터 본체는 VFX에 직접 넣지 않음 | none,소재의 결은 유지. ICON 외곽 굵기와 검은 테두리 강조를 허용할지 사용자 판단,YES,NO,D:\maplestory_levup\docs\art\output_audit\runs\20260912_162508_msw_origin_art_review\CROSS_AREA_STYLE_BOARD\area_02_ICON_NATIVE.png,D:\maplestory_levup\docs\art\output_audit\runs\20260912_162508_msw_origin_art_review\STYLE_OUTLIERS\area_02_m_dark_axe_stump_ICON_COMPARE.png,"PNG 원본을 동일 RGB(32,38,48) 배경에 1:1 합성. 확대는 동일 128px 영역 2배 NEAREST. 큰 보드의 도구 축소 표시 가능; 이탈 상세는 1600px 보드에서 추가 대조",전 프레임 순서상 형성/변화/해체/잔상 대조. 실시간 재생의 체감 리듬 및 엔진 합성은 미검증,NOT_CHECKED: 게임 내 최종 배율/카메라/필터/배경에서의 선명도 미검증. 명세 배율만으로 런타임 표시를 보았다고 하지 않음,NO_OBVIOUS_ISSUE,기존 파일검사 재사용,TARGET_OUTPUT
area_02,m_dark_axe_stump,다크 엑스텀프,s_mon_dark_axe_stump,어둠의 뿌리,CAST_VFX,CONSISTENT_WITH_REFERENCE,D:\maplestory_levup\docs\art\output_repacked\20260912_153221_v24_repack\AREA_02_IMAGES_OUTPUT.zip,AREA_02_IMAGES_OUTPUT/CAST/003_m_dark_axe_stump_s_mon_dark_axe_stump_CAST_F00.png|AREA_02_IMAGES_OUTPUT/CAST/003_m_dark_axe_stump_s_mon_dark_axe_stump_CAST_F01.png|AREA_02_IMAGES_OUTPUT/CAST/003_m_dark_axe_stump_s_mon_dark_axe_stump_CAST_F02.png|AREA_02_IMAGES_OUTPUT/CAST/003_m_dark_axe_stump_s_mon_dark_axe_stump_CAST_F03.png|AREA_02_IMAGES_OUTPUT/CAST/003_m_dark_axe_stump_s_mon_dark_axe_stump_CAST_F04.png|AREA_02_IMAGES_OUTPUT/CAST/003_m_dark_axe_stump_s_mon_dark_axe_stump_CAST_F05.png|AREA_02_IMAGES_OUTPUT/CAST/003_m_dark_axe_stump_s_mon_dark_axe_stump_CAST_F06.png|AREA_02_IMAGES_OUTPUT/CAST/003_m_dark_axe_stump_s_mon_dark_axe_stump_CAST_F07.png,"{""AREA_02_IMAGES_OUTPUT/CAST/003_m_dark_axe_stump_s_mon_dark_axe_stump_CAST_F00.png"": ""6f4b132e8bd9e2b93da0f056fca3bfe0a76e60b6da35af4211cc783f4491b776"", ""AREA_02_IMAGES_OUTPUT/CAST/003_m_dark_axe_stump_s_mon_dark_axe_stump_CAST_F01.png"": ""b5b7c234d99532d7bc22d7a65a455a99dc2dc86fc2c56a70228de5f28d7baa9e"", ""AREA_02_IMAGES_OUTPUT/CAST/003_m_dark_axe_stump_s_mon_dark_axe_stump_CAST_F02.png"": ""fa1afebed8523e5bb1a2cd05b2d47c9edc21fd343922cf0fb6a968042b1160d4"", ""AREA_02_IMAGES_OUTPUT/CAST/003_m_dark_axe_stump_s_mon_dark_axe_stump_CAST_F03.png"": ""0a22e9519a99082b409b8e9a1d8cf0d8b599d29b5d3f711643db4e682f592354"", ""AREA_02_IMAGES_OUTPUT/CAST/003_m_dark_axe_stump_s_mon_dark_axe_stump_CAST_F04.png"": ""4965b08a07c8c76a51c087dd341209a0c25354ea8cf0e37b6dd44eb5418d1668"", ""AREA_02_IMAGES_OUTPUT/CAST/003_m_dark_axe_stump_s_mon_dark_axe_stump_CAST_F05.png"": ""22a9adef16b49b9818cf31c79010386447eca8e31c4950bec94f2b20d7518991"", ""AREA_02_IMAGES_OUTPUT/CAST/003_m_dark_axe_stump_s_mon_dark_axe_stump_CAST_F06.png"": ""6ab38e24811be0fbfe9761c729e10e8b73c869f724153c914454af51d6318e39"", ""AREA_02_IMAGES_OUTPUT/CAST/003_m_dark_axe_stump_s_mon_dark_axe_stump_CAST_F07.png"": ""a1d0222911a0a59a696ef242fc49cdfc90009ce0625f2ba885c47892184dd521""}",D:\maplestory_levup\docs\art\images-input-packages-v2_4\AREA_02_IMAGES_INPUT_V2_4.zip,V2.4,AREA_02_IMAGES_INPUT_V2_4/monsters/003_m_dark_axe_stump_다크_엑스텀프/GENERATION_SPEC.md,지면을 찢고 솟는 검은 뿌리 갈퀴와 보랏빛 흙먼지. ‘다크 엑스텀프 / 어둠의 뿌리’ 전용 소재이며 몬스터 본체는 VFX에 직접 넣지 않음,0.10 / non-loop one-shot,SkillEffect applies FlipX for directional attacks; delayed layer samples caster position at SpawnLayer execution; map entity then applies drift,F00–F07 전체를 순서대로 직접 대조,검보라 나무 가시와 뿌리형 기운이 중앙에서 솟아 방패 덩어리로 굳었다가 가라앉음,D:\maplestory_levup\docs\art\area00-images-output\AREA_00_IMAGES_OUTPUT_ORIGINAL.zip,AREA_00_IMAGES_OUTPUT/monsters/005_m_slime_슬라임/VFX/005_m_slime_s_mon_slime_F04.png,AREA00 실제 승인 원화. 해당 보드의 기준 프레임 + ART_STYLE_STANDARD의 전체 기준. 고유 모양/저레벨 규모를 요구하지 않음,돌·뿌리·뼈의 거친 표면은 소재 차이로 허용. VFX의 얇은 발광선·먼지/파편의 분해와 금속 반사는 연결되며 ICON의 두꺼운 윤곽은 별도 판단한다.,동일 몬스터의 실제 ICON 및 모든 VFX 역할 대조. 일부 역할의 차이는 아래 별도 후보로 한정,돌·뿌리·뼈의 거친 표면은 소재 차이로 허용. VFX의 얇은 발광선·먼지/파편의 분해와 금속 반사는 연결되며 ICON의 두꺼운 윤곽은 별도 판단한다.,AREA00 기준 + 전체 Area의 동일 역할 보드 대조; 다수결 기준 사용 안 함. 추가 소재 비교는 CROSS_AREA_MATERIAL_BOARD_INDEX.csv,팔레트·재질·형상·레벨/보스 규모·밀도·역할별 프레임/시간 차이 허용,해당 없음,지면을 찢고 솟는 검은 뿌리 갈퀴와 보랏빛 흙먼지. ‘다크 엑스텀프 / 어둠의 뿌리’ 전용 소재이며 몬스터 본체는 VFX에 직접 넣지 않음 | SkillEffect applies FlipX for directional attacks; delayed layer samples caster position at SpawnLayer execution; map entity then applies drift,원화 유지,NO,NO,D:\maplestory_levup\docs\art\output_audit\runs\20260912_162508_msw_origin_art_review\CROSS_AREA_STYLE_BOARD\area_02_m_dark_axe_stump_CAST_VFX_NATIVE.png,,"PNG 원본을 동일 RGB(32,38,48) 배경에 1:1 합성. 확대는 동일 128px 영역 2배 NEAREST. 큰 보드의 도구 축소 표시 가능; 이탈 상세는 1600px 보드에서 추가 대조",전 프레임 순서상 형성/변화/해체/잔상 대조. 실시간 재생의 체감 리듬 및 엔진 합성은 미검증,NOT_CHECKED: 게임 내 최종 배율/카메라/필터/배경에서의 선명도 미검증. 명세 배율만으로 런타임 표시를 보았다고 하지 않음,NO_OBVIOUS_ISSUE,기존 파일검사 재사용,TARGET_OUTPUT
area_02,m_wild_boar,와일드보어,s_mon_wild_boar,저돌 맹진,ICON,NEEDS_USER_REVIEW,D:\maplestory_levup\docs\art\output_repacked\20260912_153221_v24_repack\AREA_02_IMAGES_OUTPUT.zip,AREA_02_IMAGES_OUTPUT/ICON/004_m_wild_boar_s_mon_wild_boar_ICON.png,"{""AREA_02_IMAGES_OUTPUT/ICON/004_m_wild_boar_s_mon_wild_boar_ICON.png"": ""188f5e83cffd069c055154686055a8c383d81feb5d58efed986da1bedde93203""}",D:\maplestory_levup\docs\art\images-input-packages-v2_4\AREA_02_IMAGES_INPUT_V2_4.zip,V2.4,AREA_02_IMAGES_INPUT_V2_4/monsters/004_m_wild_boar_와일드보어/GENERATION_SPEC.md,멧돼지 어금니를 닮은 두 갈래 전방 압축선과 흙먼지. ‘와일드보어 / 저돌 맹진’ 전용 소재이며 몬스터 본체는 VFX에 직접 넣지 않음,static / static,none,ICON 原寸 전체,갈색 흙먼지가 낮게 압축되어 전방 충돌광과 파편을 만들고 잔흙으로 흩어짐,D:\maplestory_levup\docs\art\area00-images-output\AREA_00_IMAGES_OUTPUT_ORIGINAL.zip,AREA_00_IMAGES_OUTPUT/monsters/002_m_blue_snail_파란_달팽이/ICON/002_m_blue_snail_s_mon_blue_snail_ICON.png,AREA00 실제 승인 원화. 해당 보드의 기준 프레임 + ART_STYLE_STANDARD의 전체 기준. 고유 모양/저레벨 규모를 요구하지 않음,금속·나무·뼈·돌을 둘러싼 두꺼운 거의 검은 외곽과 거친 면 질감이 AREA00 및 AREA20의 더 가는 윤곽보다 강조된다. 소재의 거칠기는 허용되므로 곧바로 오류로 확정하지 않는다.,동일 몬스터의 실제 ICON 및 모든 VFX 역할 대조. 일부 역할의 차이는 아래 별도 후보로 한정,돌·뿌리·뼈의 거친 표면은 소재 차이로 허용. VFX의 얇은 발광선·먼지/파편의 분해와 금속 반사는 연결되며 ICON의 두꺼운 윤곽은 별도 판단한다.,AREA00 기준 + 전체 Area의 동일 역할 보드 대조; 다수결 기준 사용 안 함. 추가 소재 비교는 CROSS_AREA_MATERIAL_BOARD_INDEX.csv,팔레트·재질·형상·레벨/보스 규모·밀도·역할별 프레임/시간 차이 허용,허용된 소재/역할 단순화와 마감 차이의 경계 불명확,멧돼지 어금니를 닮은 두 갈래 전방 압축선과 흙먼지. ‘와일드보어 / 저돌 맹진’ 전용 소재이며 몬스터 본체는 VFX에 직접 넣지 않음 | none,소재의 결은 유지. ICON 외곽 굵기와 검은 테두리 강조를 허용할지 사용자 판단,YES,NO,D:\maplestory_levup\docs\art\output_audit\runs\20260912_162508_msw_origin_art_review\CROSS_AREA_STYLE_BOARD\area_02_ICON_NATIVE.png,D:\maplestory_levup\docs\art\output_audit\runs\20260912_162508_msw_origin_art_review\STYLE_OUTLIERS\area_02_m_wild_boar_ICON_COMPARE.png,"PNG 원본을 동일 RGB(32,38,48) 배경에 1:1 합성. 확대는 동일 128px 영역 2배 NEAREST. 큰 보드의 도구 축소 표시 가능; 이탈 상세는 1600px 보드에서 추가 대조",전 프레임 순서상 형성/변화/해체/잔상 대조. 실시간 재생의 체감 리듬 및 엔진 합성은 미검증,NOT_CHECKED: 게임 내 최종 배율/카메라/필터/배경에서의 선명도 미검증. 명세 배율만으로 런타임 표시를 보았다고 하지 않음,NO_OBVIOUS_ISSUE,기존 파일검사 재사용,TARGET_OUTPUT
area_02,m_wild_boar,와일드보어,s_mon_wild_boar,저돌 맹진,CAST_VFX,CONSISTENT_WITH_REFERENCE,D:\maplestory_levup\docs\art\output_repacked\20260912_153221_v24_repack\AREA_02_IMAGES_OUTPUT.zip,AREA_02_IMAGES_OUTPUT/CAST/004_m_wild_boar_s_mon_wild_boar_CAST_F00.png|AREA_02_IMAGES_OUTPUT/CAST/004_m_wild_boar_s_mon_wild_boar_CAST_F01.png|AREA_02_IMAGES_OUTPUT/CAST/004_m_wild_boar_s_mon_wild_boar_CAST_F02.png|AREA_02_IMAGES_OUTPUT/CAST/004_m_wild_boar_s_mon_wild_boar_CAST_F03.png|AREA_02_IMAGES_OUTPUT/CAST/004_m_wild_boar_s_mon_wild_boar_CAST_F04.png|AREA_02_IMAGES_OUTPUT/CAST/004_m_wild_boar_s_mon_wild_boar_CAST_F05.png|AREA_02_IMAGES_OUTPUT/CAST/004_m_wild_boar_s_mon_wild_boar_CAST_F06.png|AREA_02_IMAGES_OUTPUT/CAST/004_m_wild_boar_s_mon_wild_boar_CAST_F07.png,"{""AREA_02_IMAGES_OUTPUT/CAST/004_m_wild_boar_s_mon_wild_boar_CAST_F00.png"": ""a56b3cc73c2f05410446e4b62d421ba7f8e6204743a59a136c5a94ab8d1c891a"", ""AREA_02_IMAGES_OUTPUT/CAST/004_m_wild_boar_s_mon_wild_boar_CAST_F01.png"": ""9ed370c0e8297eec14b82f46930a3b1ef3470a3f63229c3d8a65e7d00d1c85d7"", ""AREA_02_IMAGES_OUTPUT/CAST/004_m_wild_boar_s_mon_wild_boar_CAST_F02.png"": ""6c421a28b3a2aa9a17c112eda51c34e375df7845a9f1490894174f3c77270ac4"", ""AREA_02_IMAGES_OUTPUT/CAST/004_m_wild_boar_s_mon_wild_boar_CAST_F03.png"": ""797ff9ede453d61a197c88fd0ff35a7d5c7a809065e08a2dfd21e1e7725b3bb7"", ""AREA_02_IMAGES_OUTPUT/CAST/004_m_wild_boar_s_mon_wild_boar_CAST_F04.png"": ""b75cb59d6eea0d95e7e6c292ac34e5ed79885b320869d1c2ff16b2bdd8c4c26e"", ""AREA_02_IMAGES_OUTPUT/CAST/004_m_wild_boar_s_mon_wild_boar_CAST_F05.png"": ""9a0c5d4257f7624c8c62c4df571dc3f9cc504613e4fba33dda2a82a12ce9343e"", ""AREA_02_IMAGES_OUTPUT/CAST/004_m_wild_boar_s_mon_wild_boar_CAST_F06.png"": ""fc80d46172986057a9276ea6a59b2eabfd549a5f8b99fcfb444dfb96b84373ba"", ""AREA_02_IMAGES_OUTPUT/CAST/004_m_wild_boar_s_mon_wild_boar_CAST_F07.png"": ""3a3e3b2b8d3f9c69df227261bdf6e2ec4df8b8e895f5d4b6cf477a0ee984ed84""}",D:\maplestory_levup\docs\art\images-input-packages-v2_4\AREA_02_IMAGES_INPUT_V2_4.zip,V2.4,AREA_02_IMAGES_INPUT_V2_4/monsters/004_m_wild_boar_와일드보어/GENERATION_SPEC.md,멧돼지 어금니를 닮은 두 갈래 전방 압축선과 흙먼지. ‘와일드보어 / 저돌 맹진’ 전용 소재이며 몬스터 본체는 VFX에 직접 넣지 않음,0.10 / non-loop one-shot,SkillEffect applies FlipX for directional attacks; delayed layer samples caster position at SpawnLayer execution; map entity then applies drift,F00–F07 전체를 순서대로 직접 대조,갈색 흙먼지가 낮게 압축되어 전방 충돌광과 파편을 만들고 잔흙으로 흩어짐,D:\maplestory_levup\docs\art\area00-images-output\AREA_00_IMAGES_OUTPUT_ORIGINAL.zip,AREA_00_IMAGES_OUTPUT/monsters/002_m_blue_snail_파란_달팽이/VFX/002_m_blue_snail_s_mon_blue_snail_F04.png,AREA00 실제 승인 원화. 해당 보드의 기준 프레임 + ART_STYLE_STANDARD의 전체 기준. 고유 모양/저레벨 규모를 요구하지 않음,돌·뿌리·뼈의 거친 표면은 소재 차이로 허용. VFX의 얇은 발광선·먼지/파편의 분해와 금속 반사는 연결되며 ICON의 두꺼운 윤곽은 별도 판단한다.,동일 몬스터의 실제 ICON 및 모든 VFX 역할 대조. 일부 역할의 차이는 아래 별도 후보로 한정,돌·뿌리·뼈의 거친 표면은 소재 차이로 허용. VFX의 얇은 발광선·먼지/파편의 분해와 금속 반사는 연결되며 ICON의 두꺼운 윤곽은 별도 판단한다.,AREA00 기준 + 전체 Area의 동일 역할 보드 대조; 다수결 기준 사용 안 함. 추가 소재 비교는 CROSS_AREA_MATERIAL_BOARD_INDEX.csv,팔레트·재질·형상·레벨/보스 규모·밀도·역할별 프레임/시간 차이 허용,해당 없음,멧돼지 어금니를 닮은 두 갈래 전방 압축선과 흙먼지. ‘와일드보어 / 저돌 맹진’ 전용 소재이며 몬스터 본체는 VFX에 직접 넣지 않음 | SkillEffect applies FlipX for directional attacks; delayed layer samples caster position at SpawnLayer execution; map entity then applies drift,원화 유지,NO,NO,D:\maplestory_levup\docs\art\output_audit\runs\20260912_162508_msw_origin_art_review\CROSS_AREA_STYLE_BOARD\area_02_m_wild_boar_CAST_VFX_NATIVE.png,,"PNG 원본을 동일 RGB(32,38,48) 배경에 1:1 합성. 확대는 동일 128px 영역 2배 NEAREST. 큰 보드의 도구 축소 표시 가능; 이탈 상세는 1600px 보드에서 추가 대조",전 프레임 순서상 형성/변화/해체/잔상 대조. 실시간 재생의 체감 리듬 및 엔진 합성은 미검증,NOT_CHECKED: 게임 내 최종 배율/카메라/필터/배경에서의 선명도 미검증. 명세 배율만으로 런타임 표시를 보았다고 하지 않음,NO_OBVIOUS_ISSUE,기존 파일검사 재사용,TARGET_OUTPUT
area_02,m_iron_hog,아이언 호그,s_mon_iron_hog,강철 발굽,ICON,NEEDS_USER_REVIEW,D:\maplestory_levup\docs\art\output_repacked\20260912_153221_v24_repack\AREA_02_IMAGES_OUTPUT.zip,AREA_02_IMAGES_OUTPUT/ICON/005_m_iron_hog_s_mon_iron_hog_ICON.png,"{""AREA_02_IMAGES_OUTPUT/ICON/005_m_iron_hog_s_mon_iron_hog_ICON.png"": ""44ff33bc8734ac38179f12a76b0876cbbbc5ad370abb328aa59bdc7e25ca8d71""}",D:\maplestory_levup\docs\art\images-input-packages-v2_4\AREA_02_IMAGES_INPUT_V2_4.zip,V2.4,AREA_02_IMAGES_INPUT_V2_4/monsters/005_m_iron_hog_아이언_호그/GENERATION_SPEC.md,철제 발굽이 지면을 찍는 반달 충격과 쇳가루. ‘아이언 호그 / 강철 발굽’ 전용 소재이며 몬스터 본체는 VFX에 직접 넣지 않음,static / static,none,ICON 原寸 전체,회색 철갑판과 금빛 충격선이 겹쳐 단단한 방어 모티브를 만들고 짧게 맥동,D:\maplestory_levup\docs\art\area00-images-output\AREA_00_IMAGES_OUTPUT_ORIGINAL.zip,AREA_00_IMAGES_OUTPUT/monsters/002_m_blue_snail_파란_달팽이/ICON/002_m_blue_snail_s_mon_blue_snail_ICON.png,AREA00 실제 승인 원화. 해당 보드의 기준 프레임 + ART_STYLE_STANDARD의 전체 기준. 고유 모양/저레벨 규모를 요구하지 않음,금속·나무·뼈·돌을 둘러싼 두꺼운 거의 검은 외곽과 거친 면 질감이 AREA00 및 AREA20의 더 가는 윤곽보다 강조된다. 소재의 거칠기는 허용되므로 곧바로 오류로 확정하지 않는다.,동일 몬스터의 실제 ICON 및 모든 VFX 역할 대조. 일부 역할의 차이는 아래 별도 후보로 한정,돌·뿌리·뼈의 거친 표면은 소재 차이로 허용. VFX의 얇은 발광선·먼지/파편의 분해와 금속 반사는 연결되며 ICON의 두꺼운 윤곽은 별도 판단한다.,AREA00 기준 + 전체 Area의 동일 역할 보드 대조; 다수결 기준 사용 안 함. 추가 소재 비교는 CROSS_AREA_MATERIAL_BOARD_INDEX.csv,팔레트·재질·형상·레벨/보스 규모·밀도·역할별 프레임/시간 차이 허용,허용된 소재/역할 단순화와 마감 차이의 경계 불명확,철제 발굽이 지면을 찍는 반달 충격과 쇳가루. ‘아이언 호그 / 강철 발굽’ 전용 소재이며 몬스터 본체는 VFX에 직접 넣지 않음 | none,소재의 결은 유지. ICON 외곽 굵기와 검은 테두리 강조를 허용할지 사용자 판단,YES,NO,D:\maplestory_levup\docs\art\output_audit\runs\20260912_162508_msw_origin_art_review\CROSS_AREA_STYLE_BOARD\area_02_ICON_NATIVE.png,D:\maplestory_levup\docs\art\output_audit\runs\20260912_162508_msw_origin_art_review\STYLE_OUTLIERS\area_02_m_iron_hog_ICON_COMPARE.png,"PNG 원본을 동일 RGB(32,38,48) 배경에 1:1 합성. 확대는 동일 128px 영역 2배 NEAREST. 큰 보드의 도구 축소 표시 가능; 이탈 상세는 1600px 보드에서 추가 대조",전 프레임 순서상 형성/변화/해체/잔상 대조. 실시간 재생의 체감 리듬 및 엔진 합성은 미검증,NOT_CHECKED: 게임 내 최종 배율/카메라/필터/배경에서의 선명도 미검증. 명세 배율만으로 런타임 표시를 보았다고 하지 않음,NO_OBVIOUS_ISSUE,기존 파일검사 재사용,TARGET_OUTPUT
area_02,m_iron_hog,아이언 호그,s_mon_iron_hog,강철 발굽,REFERENCE_VFX,CONSISTENT_WITH_REFERENCE,D:\maplestory_levup\docs\art\output_repacked\20260912_153221_v24_repack\AREA_02_IMAGES_OUTPUT.zip,AREA_02_IMAGES_OUTPUT/REFERENCE/005_m_iron_hog_s_mon_iron_hog_REFERENCE_F00.png|AREA_02_IMAGES_OUTPUT/REFERENCE/005_m_iron_hog_s_mon_iron_hog_REFERENCE_F01.png|AREA_02_IMAGES_OUTPUT/REFERENCE/005_m_iron_hog_s_mon_iron_hog_REFERENCE_F02.png|AREA_02_IMAGES_OUTPUT/REFERENCE/005_m_iron_hog_s_mon_iron_hog_REFERENCE_F03.png|AREA_02_IMAGES_OUTPUT/REFERENCE/005_m_iron_hog_s_mon_iron_hog_REFERENCE_F04.png|AREA_02_IMAGES_OUTPUT/REFERENCE/005_m_iron_hog_s_mon_iron_hog_REFERENCE_F05.png,"{""AREA_02_IMAGES_OUTPUT/REFERENCE/005_m_iron_hog_s_mon_iron_hog_REFERENCE_F00.png"": ""81f5001913db36c0a48952cadcad7be70b38ade54f1fa20950071dbb220fcd0a"", ""AREA_02_IMAGES_OUTPUT/REFERENCE/005_m_iron_hog_s_mon_iron_hog_REFERENCE_F01.png"": ""f73b3e0569d1df6909d37457fcce17cedf1b21125395819612342de93cae4c79"", ""AREA_02_IMAGES_OUTPUT/REFERENCE/005_m_iron_hog_s_mon_iron_hog_REFERENCE_F02.png"": ""8e2ff2b6727e802671a6f9f6455715d25d4ab2b1148f013818093cec70f0731c"", ""AREA_02_IMAGES_OUTPUT/REFERENCE/005_m_iron_hog_s_mon_iron_hog_REFERENCE_F03.png"": ""feda6790a3533b4f5a0d46a497a1d5d0b170d8947c925ca3e2018a0fdd1cc96e"", ""AREA_02_IMAGES_OUTPUT/REFERENCE/005_m_iron_hog_s_mon_iron_hog_REFERENCE_F04.png"": ""3e028b3d91f526fa284701a86a2610efa80a69c811554f6d7bec5c12d8f7a5fd"", ""AREA_02_IMAGES_OUTPUT/REFERENCE/005_m_iron_hog_s_mon_iron_hog_REFERENCE_F05.png"": ""61a12d71c8837474696f356d2fc3c2e8f92993c02f6d4b090347a8631bc70f47""}",D:\maplestory_levup\docs\art\images-input-packages-v2_4\AREA_02_IMAGES_INPUT_V2_4.zip,V2.4,AREA_02_IMAGES_INPUT_V2_4/monsters/005_m_iron_hog_아이언_호그/GENERATION_SPEC.md,철제 발굽이 지면을 찍는 반달 충격과 쇳가루. ‘아이언 호그 / 강철 발굽’ 전용 소재이며 몬스터 본체는 VFX에 직접 넣지 않음,0.10 / preview-only non-loop,preview only; no engine motion/FlipX contract,F00–F05 전체를 순서대로 직접 대조,회색 철갑판과 금빛 충격선이 겹쳐 단단한 방어 모티브를 만들고 짧게 맥동,D:\maplestory_levup\docs\art\area00-images-output\AREA_00_IMAGES_OUTPUT_ORIGINAL.zip,AREA_00_IMAGES_OUTPUT/monsters/002_m_blue_snail_파란_달팽이/VFX/002_m_blue_snail_s_mon_blue_snail_F04.png,AREA00 실제 승인 원화. 해당 보드의 기준 프레임 + ART_STYLE_STANDARD의 전체 기준. 고유 모양/저레벨 규모를 요구하지 않음,돌·뿌리·뼈의 거친 표면은 소재 차이로 허용. VFX의 얇은 발광선·먼지/파편의 분해와 금속 반사는 연결되며 ICON의 두꺼운 윤곽은 별도 판단한다.,동일 몬스터의 실제 ICON 및 모든 VFX 역할 대조. 일부 역할의 차이는 아래 별도 후보로 한정,돌·뿌리·뼈의 거친 표면은 소재 차이로 허용. VFX의 얇은 발광선·먼지/파편의 분해와 금속 반사는 연결되며 ICON의 두꺼운 윤곽은 별도 판단한다.,AREA00 기준 + 전체 Area의 동일 역할 보드 대조; 다수결 기준 사용 안 함. 추가 소재 비교는 CROSS_AREA_MATERIAL_BOARD_INDEX.csv,팔레트·재질·형상·레벨/보스 규모·밀도·역할별 프레임/시간 차이 허용,해당 없음,철제 발굽이 지면을 찍는 반달 충격과 쇳가루. ‘아이언 호그 / 강철 발굽’ 전용 소재이며 몬스터 본체는 VFX에 직접 넣지 않음 | preview only; no engine motion/FlipX contract,원화 유지,NO,NO,D:\maplestory_levup\docs\art\output_audit\runs\20260912_162508_msw_origin_art_review\CROSS_AREA_STYLE_BOARD\area_02_m_iron_hog_REFERENCE_VFX_NATIVE.png,,"PNG 원본을 동일 RGB(32,38,48) 배경에 1:1 합성. 확대는 동일 128px 영역 2배 NEAREST. 큰 보드의 도구 축소 표시 가능; 이탈 상세는 1600px 보드에서 추가 대조",전 프레임 순서상 형성/변화/해체/잔상 대조. 실시간 재생의 체감 리듬 및 엔진 합성은 미검증,NOT_CHECKED: 게임 내 최종 배율/카메라/필터/배경에서의 선명도 미검증. 명세 배율만으로 런타임 표시를 보았다고 하지 않음,NO_OBVIOUS_ISSUE,기존 파일검사 재사용,TARGET_OUTPUT
area_02,m_skeleton_commander,스켈레톤 지휘관,s_mon_skeleton_commander,뼈 무덤,ICON,NEEDS_USER_REVIEW,D:\maplestory_levup\docs\art\output_repacked\20260912_153221_v24_repack\AREA_02_IMAGES_OUTPUT.zip,AREA_02_IMAGES_OUTPUT/ICON/006_m_skeleton_commander_s_mon_skeleton_commander_ICON.png,"{""AREA_02_IMAGES_OUTPUT/ICON/006_m_skeleton_commander_s_mon_skeleton_commander_ICON.png"": ""a0a34c66a6cf1cf185e9dc155fd421db67ce34799eb90b1dff346117a4274817""}",D:\maplestory_levup\docs\art\images-input-packages-v2_4\AREA_02_IMAGES_INPUT_V2_4.zip,V2.4,AREA_02_IMAGES_INPUT_V2_4/monsters/006_m_skeleton_commander_스켈레톤_지휘관/GENERATION_SPEC.md,지면에서 비스듬히 솟는 뼈기둥과 묘지 흙 파편. ‘스켈레톤 지휘관 / 뼈 무덤’ 전용 소재이며 몬스터 본체는 VFX에 직접 넣지 않음,static / static,none,ICON 原寸 전체,뼛조각과 긴 뼈가 지면에서 솟아 군집 충격을 만든 뒤 분진과 함께 내려앉음,D:\maplestory_levup\docs\art\area00-images-output\AREA_00_IMAGES_OUTPUT_ORIGINAL.zip,AREA_00_IMAGES_OUTPUT/monsters/002_m_blue_snail_파란_달팽이/ICON/002_m_blue_snail_s_mon_blue_snail_ICON.png,AREA00 실제 승인 원화. 해당 보드의 기준 프레임 + ART_STYLE_STANDARD의 전체 기준. 고유 모양/저레벨 규모를 요구하지 않음,금속·나무·뼈·돌을 둘러싼 두꺼운 거의 검은 외곽과 거친 면 질감이 AREA00 및 AREA20의 더 가는 윤곽보다 강조된다. 소재의 거칠기는 허용되므로 곧바로 오류로 확정하지 않는다.,동일 몬스터의 실제 ICON 및 모든 VFX 역할 대조. 일부 역할의 차이는 아래 별도 후보로 한정,돌·뿌리·뼈의 거친 표면은 소재 차이로 허용. VFX의 얇은 발광선·먼지/파편의 분해와 금속 반사는 연결되며 ICON의 두꺼운 윤곽은 별도 판단한다.,AREA00 기준 + 전체 Area의 동일 역할 보드 대조; 다수결 기준 사용 안 함. 추가 소재 비교는 CROSS_AREA_MATERIAL_BOARD_INDEX.csv,팔레트·재질·형상·레벨/보스 규모·밀도·역할별 프레임/시간 차이 허용,허용된 소재/역할 단순화와 마감 차이의 경계 불명확,지면에서 비스듬히 솟는 뼈기둥과 묘지 흙 파편. ‘스켈레톤 지휘관 / 뼈 무덤’ 전용 소재이며 몬스터 본체는 VFX에 직접 넣지 않음 | none,소재의 결은 유지. ICON 외곽 굵기와 검은 테두리 강조를 허용할지 사용자 판단,YES,NO,D:\maplestory_levup\docs\art\output_audit\runs\20260912_162508_msw_origin_art_review\CROSS_AREA_STYLE_BOARD\area_02_ICON_NATIVE.png,D:\maplestory_levup\docs\art\output_audit\runs\20260912_162508_msw_origin_art_review\STYLE_OUTLIERS\area_02_m_skeleton_commander_ICON_COMPARE.png,"PNG 원본을 동일 RGB(32,38,48) 배경에 1:1 합성. 확대는 동일 128px 영역 2배 NEAREST. 큰 보드의 도구 축소 표시 가능; 이탈 상세는 1600px 보드에서 추가 대조",전 프레임 순서상 형성/변화/해체/잔상 대조. 실시간 재생의 체감 리듬 및 엔진 합성은 미검증,NOT_CHECKED: 게임 내 최종 배율/카메라/필터/배경에서의 선명도 미검증. 명세 배율만으로 런타임 표시를 보았다고 하지 않음,NO_OBVIOUS_ISSUE,기존 파일검사 재사용,TARGET_OUTPUT
area_02,m_skeleton_commander,스켈레톤 지휘관,s_mon_skeleton_commander,뼈 무덤,CAST_VFX,CONSISTENT_WITH_REFERENCE,D:\maplestory_levup\docs\art\output_repacked\20260912_153221_v24_repack\AREA_02_IMAGES_OUTPUT.zip,AREA_02_IMAGES_OUTPUT/CAST/006_m_skeleton_commander_s_mon_skeleton_commander_CAST_F00.png|AREA_02_IMAGES_OUTPUT/CAST/006_m_skeleton_commander_s_mon_skeleton_commander_CAST_F01.png|AREA_02_IMAGES_OUTPUT/CAST/006_m_skeleton_commander_s_mon_skeleton_commander_CAST_F02.png|AREA_02_IMAGES_OUTPUT/CAST/006_m_skeleton_commander_s_mon_skeleton_commander_CAST_F03.png|AREA_02_IMAGES_OUTPUT/CAST/006_m_skeleton_commander_s_mon_skeleton_commander_CAST_F04.png|AREA_02_IMAGES_OUTPUT/CAST/006_m_skeleton_commander_s_mon_skeleton_commander_CAST_F05.png|AREA_02_IMAGES_OUTPUT/CAST/006_m_skeleton_commander_s_mon_skeleton_commander_CAST_F06.png|AREA_02_IMAGES_OUTPUT/CAST/006_m_skeleton_commander_s_mon_skeleton_commander_CAST_F07.png,"{""AREA_02_IMAGES_OUTPUT/CAST/006_m_skeleton_commander_s_mon_skeleton_commander_CAST_F00.png"": ""a8d8f474c4839269bb658a705d62ae1220e5795cf12ce3d080fe5eb157c7402c"", ""AREA_02_IMAGES_OUTPUT/CAST/006_m_skeleton_commander_s_mon_skeleton_commander_CAST_F01.png"": ""7c0e1e7afb0c2e0ce82e8ccbb9d19645351a568b0353442a9dd37f99e105dce7"", ""AREA_02_IMAGES_OUTPUT/CAST/006_m_skeleton_commander_s_mon_skeleton_commander_CAST_F02.png"": ""47bd7bf16a54e65ca54547ef074fcd1cb0dd03916ed01e0509ee01c484fd3307"", ""AREA_02_IMAGES_OUTPUT/CAST/006_m_skeleton_commander_s_mon_skeleton_commander_CAST_F03.png"": ""87d74c517c6498d37d4df2d9c6998e3583c54cf42b70800275a900eac214390c"", ""AREA_02_IMAGES_OUTPUT/CAST/006_m_skeleton_commander_s_mon_skeleton_commander_CAST_F04.png"": ""bdc17e7476626bce16715666d8d05eabfa1ef8c0330b65db9f5733acd5d10ae5"", ""AREA_02_IMAGES_OUTPUT/CAST/006_m_skeleton_commander_s_mon_skeleton_commander_CAST_F05.png"": ""e4f7a32778aa9b5a7e5b5cf3f97ea44afb2b5f8aad6d95582e32271d17bf0545"", ""AREA_02_IMAGES_OUTPUT/CAST/006_m_skeleton_commander_s_mon_skeleton_commander_CAST_F06.png"": ""88ba0b565d1f65319ade660ad5679bcba55b25a746f49733da8d8c177630b433"", ""AREA_02_IMAGES_OUTPUT/CAST/006_m_skeleton_commander_s_mon_skeleton_commander_CAST_F07.png"": ""c5b648d9efcdc521b84e436e9ed491f9652f406e20912b312847599efa93e389""}",D:\maplestory_levup\docs\art\images-input-packages-v2_4\AREA_02_IMAGES_INPUT_V2_4.zip,V2.4,AREA_02_IMAGES_INPUT_V2_4/monsters/006_m_skeleton_commander_스켈레톤_지휘관/GENERATION_SPEC.md,지면에서 비스듬히 솟는 뼈기둥과 묘지 흙 파편. ‘스켈레톤 지휘관 / 뼈 무덤’ 전용 소재이며 몬스터 본체는 VFX에 직접 넣지 않음,0.10 / non-loop one-shot,SkillEffect applies FlipX for directional attacks; delayed layer samples caster position at SpawnLayer execution; map entity then applies drift,F00–F07 전체를 순서대로 직접 대조,뼛조각과 긴 뼈가 지면에서 솟아 군집 충격을 만든 뒤 분진과 함께 내려앉음,D:\maplestory_levup\docs\art\area00-images-output\AREA_00_IMAGES_OUTPUT_ORIGINAL.zip,AREA_00_IMAGES_OUTPUT/monsters/005_m_slime_슬라임/VFX/005_m_slime_s_mon_slime_F04.png,AREA00 실제 승인 원화. 해당 보드의 기준 프레임 + ART_STYLE_STANDARD의 전체 기준. 고유 모양/저레벨 규모를 요구하지 않음,돌·뿌리·뼈의 거친 표면은 소재 차이로 허용. VFX의 얇은 발광선·먼지/파편의 분해와 금속 반사는 연결되며 ICON의 두꺼운 윤곽은 별도 판단한다.,동일 몬스터의 실제 ICON 및 모든 VFX 역할 대조. 일부 역할의 차이는 아래 별도 후보로 한정,돌·뿌리·뼈의 거친 표면은 소재 차이로 허용. VFX의 얇은 발광선·먼지/파편의 분해와 금속 반사는 연결되며 ICON의 두꺼운 윤곽은 별도 판단한다.,AREA00 기준 + 전체 Area의 동일 역할 보드 대조; 다수결 기준 사용 안 함. 추가 소재 비교는 CROSS_AREA_MATERIAL_BOARD_INDEX.csv,팔레트·재질·형상·레벨/보스 규모·밀도·역할별 프레임/시간 차이 허용,해당 없음,지면에서 비스듬히 솟는 뼈기둥과 묘지 흙 파편. ‘스켈레톤 지휘관 / 뼈 무덤’ 전용 소재이며 몬스터 본체는 VFX에 직접 넣지 않음 | SkillEffect applies FlipX for directional attacks; delayed layer samples caster position at SpawnLayer execution; map entity then applies drift,원화 유지,NO,NO,D:\maplestory_levup\docs\art\output_audit\runs\20260912_162508_msw_origin_art_review\CROSS_AREA_STYLE_BOARD\area_02_m_skeleton_commander_CAST_VFX_NATIVE.png,,"PNG 원본을 동일 RGB(32,38,48) 배경에 1:1 합성. 확대는 동일 128px 영역 2배 NEAREST. 큰 보드의 도구 축소 표시 가능; 이탈 상세는 1600px 보드에서 추가 대조",전 프레임 순서상 형성/변화/해체/잔상 대조. 실시간 재생의 체감 리듬 및 엔진 합성은 미검증,NOT_CHECKED: 게임 내 최종 배율/카메라/필터/배경에서의 선명도 미검증. 명세 배율만으로 런타임 표시를 보았다고 하지 않음,NO_OBVIOUS_ISSUE,기존 파일검사 재사용,TARGET_OUTPUT
area_02,m_fire_boar,파이어보어,s_mon_fire_boar,화염 돌풍,ICON,CONSISTENT_WITH_REFERENCE,D:\maplestory_levup\docs\art\output_repacked\20260912_153221_v24_repack\AREA_02_IMAGES_OUTPUT.zip,AREA_02_IMAGES_OUTPUT/ICON/007_m_fire_boar_s_mon_fire_boar_ICON.png,"{""AREA_02_IMAGES_OUTPUT/ICON/007_m_fire_boar_s_mon_fire_boar_ICON.png"": ""f222c42163c778a58a4d854c8c251e8e152ee859889546b7d834f39877acd337""}",D:\maplestory_levup\docs\art\images-input-packages-v2_4\AREA_02_IMAGES_INPUT_V2_4.zip,V2.4,AREA_02_IMAGES_INPUT_V2_4/monsters/007_m_fire_boar_파이어보어/GENERATION_SPEC.md,낮게 휘는 불꽃 혀와 돌진 방향으로 흩는 불티. ‘파이어보어 / 화염 돌풍’ 전용 소재이며 몬스터 본체는 VFX에 직접 넣지 않음,static / static,none,ICON 原寸 전체,주황 불꽃 혀가 낮은 전방 파동으로 커지고 불티를 뿌린 뒤 작은 불씨로 소멸,D:\maplestory_levup\docs\art\area00-images-output\AREA_00_IMAGES_OUTPUT_ORIGINAL.zip,AREA_00_IMAGES_OUTPUT/monsters/002_m_blue_snail_파란_달팽이/ICON/002_m_blue_snail_s_mon_blue_snail_ICON.png,AREA00 실제 승인 원화. 해당 보드의 기준 프레임 + ART_STYLE_STANDARD의 전체 기준. 고유 모양/저레벨 규모를 요구하지 않음,돌·뿌리·뼈의 거친 표면은 소재 차이로 허용. VFX의 얇은 발광선·먼지/파편의 분해와 금속 반사는 연결되며 ICON의 두꺼운 윤곽은 별도 판단한다.,동일 몬스터의 실제 ICON 및 모든 VFX 역할 대조. 색·소재·반사광 관계에서 명백한 이탈 없음,돌·뿌리·뼈의 거친 표면은 소재 차이로 허용. VFX의 얇은 발광선·먼지/파편의 분해와 금속 반사는 연결되며 ICON의 두꺼운 윤곽은 별도 판단한다.,AREA00 기준 + 전체 Area의 동일 역할 보드 대조; 다수결 기준 사용 안 함. 추가 소재 비교는 CROSS_AREA_MATERIAL_BOARD_INDEX.csv,팔레트·재질·형상·레벨/보스 규모·밀도·역할별 프레임/시간 차이 허용,해당 없음,낮게 휘는 불꽃 혀와 돌진 방향으로 흩는 불티. ‘파이어보어 / 화염 돌풍’ 전용 소재이며 몬스터 본체는 VFX에 직접 넣지 않음 | none,원화 유지,NO,NO,D:\maplestory_levup\docs\art\output_audit\runs\20260912_162508_msw_origin_art_review\CROSS_AREA_STYLE_BOARD\area_02_ICON_NATIVE.png,,"PNG 원본을 동일 RGB(32,38,48) 배경에 1:1 합성. 확대는 동일 128px 영역 2배 NEAREST. 큰 보드의 도구 축소 표시 가능; 이탈 상세는 1600px 보드에서 추가 대조",전 프레임 순서상 형성/변화/해체/잔상 대조. 실시간 재생의 체감 리듬 및 엔진 합성은 미검증,NOT_CHECKED: 게임 내 최종 배율/카메라/필터/배경에서의 선명도 미검증. 명세 배율만으로 런타임 표시를 보았다고 하지 않음,NO_OBVIOUS_ISSUE,기존 파일검사 재사용,TARGET_OUTPUT
area_02,m_fire_boar,파이어보어,s_mon_fire_boar,화염 돌풍,CAST_VFX,CONSISTENT_WITH_REFERENCE,D:\maplestory_levup\docs\art\output_repacked\20260912_153221_v24_repack\AREA_02_IMAGES_OUTPUT.zip,AREA_02_IMAGES_OUTPUT/CAST/007_m_fire_boar_s_mon_fire_boar_CAST_F00.png|AREA_02_IMAGES_OUTPUT/CAST/007_m_fire_boar_s_mon_fire_boar_CAST_F01.png|AREA_02_IMAGES_OUTPUT/CAST/007_m_fire_boar_s_mon_fire_boar_CAST_F02.png|AREA_02_IMAGES_OUTPUT/CAST/007_m_fire_boar_s_mon_fire_boar_CAST_F03.png|AREA_02_IMAGES_OUTPUT/CAST/007_m_fire_boar_s_mon_fire_boar_CAST_F04.png|AREA_02_IMAGES_OUTPUT/CAST/007_m_fire_boar_s_mon_fire_boar_CAST_F05.png|AREA_02_IMAGES_OUTPUT/CAST/007_m_fire_boar_s_mon_fire_boar_CAST_F06.png|AREA_02_IMAGES_OUTPUT/CAST/007_m_fire_boar_s_mon_fire_boar_CAST_F07.png,"{""AREA_02_IMAGES_OUTPUT/CAST/007_m_fire_boar_s_mon_fire_boar_CAST_F00.png"": ""f033d03d98e284f52edcf65ccf36cc282689d3831153252edd1f475e7a7c5309"", ""AREA_02_IMAGES_OUTPUT/CAST/007_m_fire_boar_s_mon_fire_boar_CAST_F01.png"": ""47e3f0af976296e060b829880e0d83020f89f67cd9eed2a95bf23080d8ad930d"", ""AREA_02_IMAGES_OUTPUT/CAST/007_m_fire_boar_s_mon_fire_boar_CAST_F02.png"": ""f21da410ab212092b778f9cce6480c494908e9d2bf156175e186507b4f5f5eee"", ""AREA_02_IMAGES_OUTPUT/CAST/007_m_fire_boar_s_mon_fire_boar_CAST_F03.png"": ""0d791fb56e161b97168d6fa88f4831d344ae9becf4e9f4a297f4310b794ea643"", ""AREA_02_IMAGES_OUTPUT/CAST/007_m_fire_boar_s_mon_fire_boar_CAST_F04.png"": ""e0b21010c4c034049e6dc3bb694c88890aa0330379f86dbceace86b31ce9bd01"", ""AREA_02_IMAGES_OUTPUT/CAST/007_m_fire_boar_s_mon_fire_boar_CAST_F05.png"": ""e1485e75760d89738560f31d1e22f3f8bdd58c6bd2f41e01136030d7530082bd"", ""AREA_02_IMAGES_OUTPUT/CAST/007_m_fire_boar_s_mon_fire_boar_CAST_F06.png"": ""2c2894cc0aeb1bb9bf5fe74611d341a15bd99c02bff5106b840b91eb719fddb9"", ""AREA_02_IMAGES_OUTPUT/CAST/007_m_fire_boar_s_mon_fire_boar_CAST_F07.png"": ""7b0f408488dca61ff3f8224b1441dec959e72012c8fc0fb4ef923cf443fc675a""}",D:\maplestory_levup\docs\art\images-input-packages-v2_4\AREA_02_IMAGES_INPUT_V2_4.zip,V2.4,AREA_02_IMAGES_INPUT_V2_4/monsters/007_m_fire_boar_파이어보어/GENERATION_SPEC.md,낮게 휘는 불꽃 혀와 돌진 방향으로 흩는 불티. ‘파이어보어 / 화염 돌풍’ 전용 소재이며 몬스터 본체는 VFX에 직접 넣지 않음,0.10 / non-loop one-shot,SkillEffect applies FlipX for directional attacks; delayed layer samples caster position at SpawnLayer execution; map entity then applies drift,F00–F07 전체를 순서대로 직접 대조,주황 불꽃 혀가 낮은 전방 파동으로 커지고 불티를 뿌린 뒤 작은 불씨로 소멸,D:\maplestory_levup\docs\art\area00-images-output\AREA_00_IMAGES_OUTPUT_ORIGINAL.zip,AREA_00_IMAGES_OUTPUT/monsters/005_m_slime_슬라임/VFX/005_m_slime_s_mon_slime_F04.png,AREA00 실제 승인 원화. 해당 보드의 기준 프레임 + ART_STYLE_STANDARD의 전체 기준. 고유 모양/저레벨 규모를 요구하지 않음,돌·뿌리·뼈의 거친 표면은 소재 차이로 허용. VFX의 얇은 발광선·먼지/파편의 분해와 금속 반사는 연결되며 ICON의 두꺼운 윤곽은 별도 판단한다.,동일 몬스터의 실제 ICON 및 모든 VFX 역할 대조. 색·소재·반사광 관계에서 명백한 이탈 없음,돌·뿌리·뼈의 거친 표면은 소재 차이로 허용. VFX의 얇은 발광선·먼지/파편의 분해와 금속 반사는 연결되며 ICON의 두꺼운 윤곽은 별도 판단한다.,AREA00 기준 + 전체 Area의 동일 역할 보드 대조; 다수결 기준 사용 안 함. 추가 소재 비교는 CROSS_AREA_MATERIAL_BOARD_INDEX.csv,팔레트·재질·형상·레벨/보스 규모·밀도·역할별 프레임/시간 차이 허용,해당 없음,낮게 휘는 불꽃 혀와 돌진 방향으로 흩는 불티. ‘파이어보어 / 화염 돌풍’ 전용 소재이며 몬스터 본체는 VFX에 직접 넣지 않음 | SkillEffect applies FlipX for directional attacks; delayed layer samples caster position at SpawnLayer execution; map entity then applies drift,원화 유지,NO,NO,D:\maplestory_levup\docs\art\output_audit\runs\20260912_162508_msw_origin_art_review\CROSS_AREA_STYLE_BOARD\area_02_m_fire_boar_CAST_VFX_NATIVE.png,,"PNG 원본을 동일 RGB(32,38,48) 배경에 1:1 합성. 확대는 동일 128px 영역 2배 NEAREST. 큰 보드의 도구 축소 표시 가능; 이탈 상세는 1600px 보드에서 추가 대조",전 프레임 순서상 형성/변화/해체/잔상 대조. 실시간 재생의 체감 리듬 및 엔진 합성은 미검증,NOT_CHECKED: 게임 내 최종 배율/카메라/필터/배경에서의 선명도 미검증. 명세 배율만으로 런타임 표시를 보았다고 하지 않음,NO_OBVIOUS_ISSUE,기존 파일검사 재사용,TARGET_OUTPUT
area_02,m_stumpy,스텀피,s_mon_stumpy,고목의 생기탄,ICON,NEEDS_USER_REVIEW,D:\maplestory_levup\docs\art\output_repacked\20260912_153221_v24_repack\AREA_02_IMAGES_OUTPUT.zip,AREA_02_IMAGES_OUTPUT/ICON/008_m_stumpy_s_mon_stumpy_ICON.png,"{""AREA_02_IMAGES_OUTPUT/ICON/008_m_stumpy_s_mon_stumpy_ICON.png"": ""1af317cfab03aac908e1ee3f0995325704ef3def7a8999c70624613cfe3c6b20""}",D:\maplestory_levup\docs\art\images-input-packages-v2_4\AREA_02_IMAGES_INPUT_V2_4.zip,V2.4,AREA_02_IMAGES_INPUT_V2_4/monsters/008_m_stumpy_스텀피/GENERATION_SPEC.md,고목 나이테에서 싹이 돋아 응축된 생기탄. 몬스터 본체는 넣지 않는다.,static / static,none,ICON 原寸 전체,가시 박힌 초록 나이테 탄이 네 프레임 동안 국소 광택과 덩굴 맥동만 바꾸며 유지,D:\maplestory_levup\docs\art\area00-images-output\AREA_00_IMAGES_OUTPUT_ORIGINAL.zip,AREA_00_IMAGES_OUTPUT/monsters/002_m_blue_snail_파란_달팽이/ICON/002_m_blue_snail_s_mon_blue_snail_ICON.png,AREA00 실제 승인 원화. 해당 보드의 기준 프레임 + ART_STYLE_STANDARD의 전체 기준. 고유 모양/저레벨 규모를 요구하지 않음,금속·나무·뼈·돌을 둘러싼 두꺼운 거의 검은 외곽과 거친 면 질감이 AREA00 및 AREA20의 더 가는 윤곽보다 강조된다. 소재의 거칠기는 허용되므로 곧바로 오류로 확정하지 않는다.,동일 몬스터의 실제 ICON 및 모든 VFX 역할 대조. 일부 역할의 차이는 아래 별도 후보로 한정,돌·뿌리·뼈의 거친 표면은 소재 차이로 허용. VFX의 얇은 발광선·먼지/파편의 분해와 금속 반사는 연결되며 ICON의 두꺼운 윤곽은 별도 판단한다.,AREA00 기준 + 전체 Area의 동일 역할 보드 대조; 다수결 기준 사용 안 함. 추가 소재 비교는 CROSS_AREA_MATERIAL_BOARD_INDEX.csv,팔레트·재질·형상·레벨/보스 규모·밀도·역할별 프레임/시간 차이 허용,허용된 소재/역할 단순화와 마감 차이의 경계 불명확,고목 나이테에서 싹이 돋아 응축된 생기탄. 몬스터 본체는 넣지 않는다. | none,소재의 결은 유지. ICON 외곽 굵기와 검은 테두리 강조를 허용할지 사용자 판단,YES,NO,D:\maplestory_levup\docs\art\output_audit\runs\20260912_162508_msw_origin_art_review\CROSS_AREA_STYLE_BOARD\area_02_ICON_NATIVE.png,D:\maplestory_levup\docs\art\output_audit\runs\20260912_162508_msw_origin_art_review\STYLE_OUTLIERS\area_02_m_stumpy_ICON_COMPARE.png,"PNG 원본을 동일 RGB(32,38,48) 배경에 1:1 합성. 확대는 동일 128px 영역 2배 NEAREST. 큰 보드의 도구 축소 표시 가능; 이탈 상세는 1600px 보드에서 추가 대조",전 프레임 순서상 형성/변화/해체/잔상 대조. 실시간 재생의 체감 리듬 및 엔진 합성은 미검증,NOT_CHECKED: 게임 내 최종 배율/카메라/필터/배경에서의 선명도 미검증. 명세 배율만으로 런타임 표시를 보았다고 하지 않음,NO_OBVIOUS_ISSUE,기존 파일검사 재사용,TARGET_OUTPUT
area_02,m_stumpy,스텀피,s_mon_stumpy,고목의 생기탄,PROJECTILE,CONSISTENT_WITH_REFERENCE,D:\maplestory_levup\docs\art\output_repacked\20260912_153221_v24_repack\AREA_02_IMAGES_OUTPUT.zip,AREA_02_IMAGES_OUTPUT/PROJECTILE/008_m_stumpy_s_mon_stumpy_PROJECTILE_F00.png|AREA_02_IMAGES_OUTPUT/PROJECTILE/008_m_stumpy_s_mon_stumpy_PROJECTILE_F01.png|AREA_02_IMAGES_OUTPUT/PROJECTILE/008_m_stumpy_s_mon_stumpy_PROJECTILE_F02.png|AREA_02_IMAGES_OUTPUT/PROJECTILE/008_m_stumpy_s_mon_stumpy_PROJECTILE_F03.png,"{""AREA_02_IMAGES_OUTPUT/PROJECTILE/008_m_stumpy_s_mon_stumpy_PROJECTILE_F00.png"": ""d37510346a1e6ee956c0f28b226cbdd6fc39500ff904f760caf6de0c35a44673"", ""AREA_02_IMAGES_OUTPUT/PROJECTILE/008_m_stumpy_s_mon_stumpy_PROJECTILE_F01.png"": ""137118b16b2cdc0874c79301091ddd8da5e74d87985a806cbb32e1087c3bd628"", ""AREA_02_IMAGES_OUTPUT/PROJECTILE/008_m_stumpy_s_mon_stumpy_PROJECTILE_F02.png"": ""f286d9cd4b8e70d007083de1c3232b4c8aa9f82cae96e6f63e26d2b3de6a8f0f"", ""AREA_02_IMAGES_OUTPUT/PROJECTILE/008_m_stumpy_s_mon_stumpy_PROJECTILE_F03.png"": ""3ed2e4c9284483a2bd5b9e07a88c69b340efc04873c1c2a3c0762c772dc99ae0""}",D:\maplestory_levup\docs\art\images-input-packages-v2_4\AREA_02_IMAGES_INPUT_V2_4.zip,V2.4,AREA_02_IMAGES_INPUT_V2_4/monsters/008_m_stumpy_스텀피/GENERATION_SPEC.md,고목 나이테에서 싹이 돋아 응축된 생기탄. 몬스터 본체는 넣지 않는다.,0.08 / non-loop complete playback within 0.35s entity lifetime,art direction-neutral/local form only; engine translates caster+h to target+h and applies ZRotation; no PROJECTILE FlipX or travel-direction alignment,F00–F03 전체를 순서대로 직접 대조,가시 박힌 초록 나이테 탄이 네 프레임 동안 국소 광택과 덩굴 맥동만 바꾸며 유지,D:\maplestory_levup\docs\art\area00-images-output\AREA_00_IMAGES_OUTPUT_ORIGINAL.zip,AREA_00_IMAGES_OUTPUT/monsters/004_m_mano_마노/VFX/004_m_mano_s_mon_mano_F06.png,AREA00 실제 승인 원화. 해당 보드의 기준 프레임 + ART_STYLE_STANDARD의 전체 기준. 고유 모양/저레벨 규모를 요구하지 않음,돌·뿌리·뼈의 거친 표면은 소재 차이로 허용. VFX의 얇은 발광선·먼지/파편의 분해와 금속 반사는 연결되며 ICON의 두꺼운 윤곽은 별도 판단한다.,동일 몬스터의 실제 ICON 및 모든 VFX 역할 대조. 일부 역할의 차이는 아래 별도 후보로 한정,돌·뿌리·뼈의 거친 표면은 소재 차이로 허용. VFX의 얇은 발광선·먼지/파편의 분해와 금속 반사는 연결되며 ICON의 두꺼운 윤곽은 별도 판단한다.,AREA00 기준 + 전체 Area의 동일 역할 보드 대조; 다수결 기준 사용 안 함. 추가 소재 비교는 CROSS_AREA_MATERIAL_BOARD_INDEX.csv,팔레트·재질·형상·레벨/보스 규모·밀도·역할별 프레임/시간 차이 허용,해당 없음,고목 나이테에서 싹이 돋아 응축된 생기탄. 몬스터 본체는 넣지 않는다. | art direction-neutral/local form only; engine translates caster+h to target+h and applies ZRotation; no PROJECTILE FlipX or travel-direction alignment,원화 유지,NO,NO,D:\maplestory_levup\docs\art\output_audit\runs\20260912_162508_msw_origin_art_review\CROSS_AREA_STYLE_BOARD\area_02_m_stumpy_PROJECTILE_NATIVE.png,,"PNG 원본을 동일 RGB(32,38,48) 배경에 1:1 합성. 확대는 동일 128px 영역 2배 NEAREST. 큰 보드의 도구 축소 표시 가능; 이탈 상세는 1600px 보드에서 추가 대조",전 프레임 순서상 형성/변화/해체/잔상 대조. 실시간 재생의 체감 리듬 및 엔진 합성은 미검증,NOT_CHECKED: 게임 내 최종 배율/카메라/필터/배경에서의 선명도 미검증. 명세 배율만으로 런타임 표시를 보았다고 하지 않음,NO_OBVIOUS_ISSUE,기존 파일검사 재사용,TARGET_OUTPUT
area_03,m_slime,슬라임,s_mon_slime,끈적한 몸통,ICON,CONSISTENT_WITH_REFERENCE,D:\maplestory_levup\docs\art\output_repacked\20260912_153221_v24_repack\AREA_03_IMAGES_OUTPUT.zip,AREA_03_IMAGES_OUTPUT/monsters/001_m_slime_슬라임/ICON/001_m_slime_s_mon_slime_ICON.png,"{""AREA_03_IMAGES_OUTPUT/monsters/001_m_slime_슬라임/ICON/001_m_slime_s_mon_slime_ICON.png"": ""c4deb5eb4a24ea52d0e79ee12d2d9d73156ccc70de448cf5c902f7cfe1470b90""}",D:\maplestory_levup\docs\art\images-input-packages-v2_4\AREA_03_IMAGES_INPUT_V2_4.zip,V2.4,AREA_03_IMAGES_INPUT_V2_4/monsters/001_m_slime_슬라임/GENERATION_SPEC.md,탄성 있는 점액 방울과 눌렸다 되튀는 젤리 테두리. ‘슬라임 / 끈적한 몸통’ 전용 소재이며 몬스터 본체는 VFX에 직접 넣지 않음,static / static,none,ICON 原寸 전체,연두 점액방울이 바닥을 미끄러지며 길게 늘고 충돌 튐 뒤 낮은 점액 자국으로 사라짐,D:\maplestory_levup\docs\art\area00-images-output\AREA_00_IMAGES_OUTPUT_ORIGINAL.zip,AREA_00_IMAGES_OUTPUT/monsters/002_m_blue_snail_파란_달팽이/ICON/002_m_blue_snail_s_mon_blue_snail_ICON.png,AREA00 실제 승인 원화. 해당 보드의 기준 프레임 + ART_STYLE_STANDARD의 전체 기준. 고유 모양/저레벨 규모를 요구하지 않음,"점액의 곡면, 나무 껍질의 결, 요정의 얇은 금빛/민트 궤적, 인형의 천과 종이 재질을 구분하면서 반사/잔광의 연속성을 유지한다.",동일 몬스터의 실제 ICON 및 모든 VFX 역할 대조. 색·소재·반사광 관계에서 명백한 이탈 없음,"점액의 곡면, 나무 껍질의 결, 요정의 얇은 금빛/민트 궤적, 인형의 천과 종이 재질을 구분하면서 반사/잔광의 연속성을 유지한다.",AREA00 기준 + 전체 Area의 동일 역할 보드 대조; 다수결 기준 사용 안 함. 추가 소재 비교는 CROSS_AREA_MATERIAL_BOARD_INDEX.csv,팔레트·재질·형상·레벨/보스 규모·밀도·역할별 프레임/시간 차이 허용,해당 없음,탄성 있는 점액 방울과 눌렸다 되튀는 젤리 테두리. ‘슬라임 / 끈적한 몸통’ 전용 소재이며 몬스터 본체는 VFX에 직접 넣지 않음 | none,원화 유지,NO,NO,D:\maplestory_levup\docs\art\output_audit\runs\20260912_162508_msw_origin_art_review\CROSS_AREA_STYLE_BOARD\area_03_ICON_NATIVE.png,,"PNG 원본을 동일 RGB(32,38,48) 배경에 1:1 합성. 확대는 동일 128px 영역 2배 NEAREST. 큰 보드의 도구 축소 표시 가능; 이탈 상세는 1600px 보드에서 추가 대조",전 프레임 순서상 형성/변화/해체/잔상 대조. 실시간 재생의 체감 리듬 및 엔진 합성은 미검증,NOT_CHECKED: 게임 내 최종 배율/카메라/필터/배경에서의 선명도 미검증. 명세 배율만으로 런타임 표시를 보았다고 하지 않음,NO_OBVIOUS_ISSUE,기존 파일검사 재사용,TARGET_OUTPUT
area_03,m_slime,슬라임,s_mon_slime,끈적한 몸통,CAST_VFX,CONSISTENT_WITH_REFERENCE,D:\maplestory_levup\docs\art\output_repacked\20260912_153221_v24_repack\AREA_03_IMAGES_OUTPUT.zip,AREA_03_IMAGES_OUTPUT/monsters/001_m_slime_슬라임/CAST/001_m_slime_s_mon_slime_CAST_F00.png|AREA_03_IMAGES_OUTPUT/monsters/001_m_slime_슬라임/CAST/001_m_slime_s_mon_slime_CAST_F01.png|AREA_03_IMAGES_OUTPUT/monsters/001_m_slime_슬라임/CAST/001_m_slime_s_mon_slime_CAST_F02.png|AREA_03_IMAGES_OUTPUT/monsters/001_m_slime_슬라임/CAST/001_m_slime_s_mon_slime_CAST_F03.png|AREA_03_IMAGES_OUTPUT/monsters/001_m_slime_슬라임/CAST/001_m_slime_s_mon_slime_CAST_F04.png|AREA_03_IMAGES_OUTPUT/monsters/001_m_slime_슬라임/CAST/001_m_slime_s_mon_slime_CAST_F05.png|AREA_03_IMAGES_OUTPUT/monsters/001_m_slime_슬라임/CAST/001_m_slime_s_mon_slime_CAST_F06.png|AREA_03_IMAGES_OUTPUT/monsters/001_m_slime_슬라임/CAST/001_m_slime_s_mon_slime_CAST_F07.png,"{""AREA_03_IMAGES_OUTPUT/monsters/001_m_slime_슬라임/CAST/001_m_slime_s_mon_slime_CAST_F00.png"": ""8ea04631a8e2c5dda4644971dff0da46374f0516107a6c4078a22ed49eb84932"", ""AREA_03_IMAGES_OUTPUT/monsters/001_m_slime_슬라임/CAST/001_m_slime_s_mon_slime_CAST_F01.png"": ""a77604fc3e50d5c9fdf674f58e6e1c57cb0cf8339b88450916e15c8b1833854c"", ""AREA_03_IMAGES_OUTPUT/monsters/001_m_slime_슬라임/CAST/001_m_slime_s_mon_slime_CAST_F02.png"": ""ede62a4e5c2af755bf5a5bc759b33ab174bc95764b296a2c5bae4bcacd3e8fef"", ""AREA_03_IMAGES_OUTPUT/monsters/001_m_slime_슬라임/CAST/001_m_slime_s_mon_slime_CAST_F03.png"": ""7cb6d63a2e7a22ff318eb2349445368849f079f6bfbdcc6b4d85faffe8c388a0"", ""AREA_03_IMAGES_OUTPUT/monsters/001_m_slime_슬라임/CAST/001_m_slime_s_mon_slime_CAST_F04.png"": ""142c9cb3c8fa789b4879c1ada3acf47e3da5fd019874363eb394a9d6582f3b4b"", ""AREA_03_IMAGES_OUTPUT/monsters/001_m_slime_슬라임/CAST/001_m_slime_s_mon_slime_CAST_F05.png"": ""21fb25a7fd72d26a6b3957326d232c4282d5c2018072a44907d0516d7bee63ca"", ""AREA_03_IMAGES_OUTPUT/monsters/001_m_slime_슬라임/CAST/001_m_slime_s_mon_slime_CAST_F06.png"": ""d39b9691e36c96e2d79d8d1bff5d2168f4938a571b6f56b6a0ec6aa0bd225db3"", ""AREA_03_IMAGES_OUTPUT/monsters/001_m_slime_슬라임/CAST/001_m_slime_s_mon_slime_CAST_F07.png"": ""3ef9a4d717b38c5f0755081303dab9fee17828fd647429da314c8eccb905f348""}",D:\maplestory_levup\docs\art\images-input-packages-v2_4\AREA_03_IMAGES_INPUT_V2_4.zip,V2.4,AREA_03_IMAGES_INPUT_V2_4/monsters/001_m_slime_슬라임/GENERATION_SPEC.md,탄성 있는 점액 방울과 눌렸다 되튀는 젤리 테두리. ‘슬라임 / 끈적한 몸통’ 전용 소재이며 몬스터 본체는 VFX에 직접 넣지 않음,0.1 / approved existing,SkillEffect applies FlipX for directional attacks; delayed layer samples caster position at SpawnLayer execution; map entity then applies drift,F00–F07 전체를 순서대로 직접 대조,연두 점액방울이 바닥을 미끄러지며 길게 늘고 충돌 튐 뒤 낮은 점액 자국으로 사라짐,D:\maplestory_levup\docs\art\area00-images-output\AREA_00_IMAGES_OUTPUT_ORIGINAL.zip,AREA_00_IMAGES_OUTPUT/monsters/002_m_blue_snail_파란_달팽이/VFX/002_m_blue_snail_s_mon_blue_snail_F04.png,AREA00 실제 승인 원화. 해당 보드의 기준 프레임 + ART_STYLE_STANDARD의 전체 기준. 고유 모양/저레벨 규모를 요구하지 않음,"점액의 곡면, 나무 껍질의 결, 요정의 얇은 금빛/민트 궤적, 인형의 천과 종이 재질을 구분하면서 반사/잔광의 연속성을 유지한다.",동일 몬스터의 실제 ICON 및 모든 VFX 역할 대조. 색·소재·반사광 관계에서 명백한 이탈 없음,"점액의 곡면, 나무 껍질의 결, 요정의 얇은 금빛/민트 궤적, 인형의 천과 종이 재질을 구분하면서 반사/잔광의 연속성을 유지한다.",AREA00 기준 + 전체 Area의 동일 역할 보드 대조; 다수결 기준 사용 안 함. 추가 소재 비교는 CROSS_AREA_MATERIAL_BOARD_INDEX.csv,팔레트·재질·형상·레벨/보스 규모·밀도·역할별 프레임/시간 차이 허용,해당 없음,탄성 있는 점액 방울과 눌렸다 되튀는 젤리 테두리. ‘슬라임 / 끈적한 몸통’ 전용 소재이며 몬스터 본체는 VFX에 직접 넣지 않음 | SkillEffect applies FlipX for directional attacks; delayed layer samples caster position at SpawnLayer execution; map entity then applies drift,원화 유지,NO,NO,D:\maplestory_levup\docs\art\output_audit\runs\20260912_162508_msw_origin_art_review\CROSS_AREA_STYLE_BOARD\area_03_m_slime_CAST_VFX_NATIVE.png,,"PNG 원본을 동일 RGB(32,38,48) 배경에 1:1 합성. 확대는 동일 128px 영역 2배 NEAREST. 큰 보드의 도구 축소 표시 가능; 이탈 상세는 1600px 보드에서 추가 대조",전 프레임 순서상 형성/변화/해체/잔상 대조. 실시간 재생의 체감 리듬 및 엔진 합성은 미검증,NOT_CHECKED: 게임 내 최종 배율/카메라/필터/배경에서의 선명도 미검증. 명세 배율만으로 런타임 표시를 보았다고 하지 않음,NO_OBVIOUS_ISSUE,기존 파일검사 재사용,TARGET_OUTPUT
area_03,m_dark_stump,다크 스텀프,s_mon_dark_stump,단단한 밑동,ICON,CONSISTENT_WITH_REFERENCE,D:\maplestory_levup\docs\art\output_repacked\20260912_153221_v24_repack\AREA_03_IMAGES_OUTPUT.zip,AREA_03_IMAGES_OUTPUT/ICON/002_m_dark_stump_s_mon_dark_stump_ICON.png,"{""AREA_03_IMAGES_OUTPUT/ICON/002_m_dark_stump_s_mon_dark_stump_ICON.png"": ""bbb40ccb5e6a5d162cc261967999daa155f14d30bc6f4ab9ffe711658d15acd7""}",D:\maplestory_levup\docs\art\images-input-packages-v2_4\AREA_03_IMAGES_INPUT_V2_4.zip,V2.4,AREA_03_IMAGES_INPUT_V2_4/monsters/002_m_dark_stump_다크_스텀프/GENERATION_SPEC.md,검게 굳은 나이테 방패와 땅에 박힌 짧은 뿌리. ‘다크 스텀프 / 단단한 밑동’ 전용 소재이며 몬스터 본체는 VFX에 직접 넣지 않음,static / static,none,ICON 原寸 전체,짧은 뿌리가 붙은 갈색 나이테 원판이 닫혀 방패가 되고 중심 반사광 뒤 풀림,D:\maplestory_levup\docs\art\area00-images-output\AREA_00_IMAGES_OUTPUT_ORIGINAL.zip,AREA_00_IMAGES_OUTPUT/monsters/002_m_blue_snail_파란_달팽이/ICON/002_m_blue_snail_s_mon_blue_snail_ICON.png,AREA00 실제 승인 원화. 해당 보드의 기준 프레임 + ART_STYLE_STANDARD의 전체 기준. 고유 모양/저레벨 규모를 요구하지 않음,"점액의 곡면, 나무 껍질의 결, 요정의 얇은 금빛/민트 궤적, 인형의 천과 종이 재질을 구분하면서 반사/잔광의 연속성을 유지한다.",동일 몬스터의 실제 ICON 및 모든 VFX 역할 대조. 색·소재·반사광 관계에서 명백한 이탈 없음,"점액의 곡면, 나무 껍질의 결, 요정의 얇은 금빛/민트 궤적, 인형의 천과 종이 재질을 구분하면서 반사/잔광의 연속성을 유지한다.",AREA00 기준 + 전체 Area의 동일 역할 보드 대조; 다수결 기준 사용 안 함. 추가 소재 비교는 CROSS_AREA_MATERIAL_BOARD_INDEX.csv,팔레트·재질·형상·레벨/보스 규모·밀도·역할별 프레임/시간 차이 허용,해당 없음,검게 굳은 나이테 방패와 땅에 박힌 짧은 뿌리. ‘다크 스텀프 / 단단한 밑동’ 전용 소재이며 몬스터 본체는 VFX에 직접 넣지 않음 | none,원화 유지,NO,NO,D:\maplestory_levup\docs\art\output_audit\runs\20260912_162508_msw_origin_art_review\CROSS_AREA_STYLE_BOARD\area_03_ICON_NATIVE.png,,"PNG 원본을 동일 RGB(32,38,48) 배경에 1:1 합성. 확대는 동일 128px 영역 2배 NEAREST. 큰 보드의 도구 축소 표시 가능; 이탈 상세는 1600px 보드에서 추가 대조",전 프레임 순서상 형성/변화/해체/잔상 대조. 실시간 재생의 체감 리듬 및 엔진 합성은 미검증,NOT_CHECKED: 게임 내 최종 배율/카메라/필터/배경에서의 선명도 미검증. 명세 배율만으로 런타임 표시를 보았다고 하지 않음,NO_OBVIOUS_ISSUE,기존 파일검사 재사용,TARGET_OUTPUT
area_03,m_dark_stump,다크 스텀프,s_mon_dark_stump,단단한 밑동,CAST_VFX,CONSISTENT_WITH_REFERENCE,D:\maplestory_levup\docs\art\output_repacked\20260912_153221_v24_repack\AREA_03_IMAGES_OUTPUT.zip,AREA_03_IMAGES_OUTPUT/CAST/002_m_dark_stump_s_mon_dark_stump_CAST_F00.png|AREA_03_IMAGES_OUTPUT/CAST/002_m_dark_stump_s_mon_dark_stump_CAST_F01.png|AREA_03_IMAGES_OUTPUT/CAST/002_m_dark_stump_s_mon_dark_stump_CAST_F02.png|AREA_03_IMAGES_OUTPUT/CAST/002_m_dark_stump_s_mon_dark_stump_CAST_F03.png|AREA_03_IMAGES_OUTPUT/CAST/002_m_dark_stump_s_mon_dark_stump_CAST_F04.png|AREA_03_IMAGES_OUTPUT/CAST/002_m_dark_stump_s_mon_dark_stump_CAST_F05.png|AREA_03_IMAGES_OUTPUT/CAST/002_m_dark_stump_s_mon_dark_stump_CAST_F06.png|AREA_03_IMAGES_OUTPUT/CAST/002_m_dark_stump_s_mon_dark_stump_CAST_F07.png,"{""AREA_03_IMAGES_OUTPUT/CAST/002_m_dark_stump_s_mon_dark_stump_CAST_F00.png"": ""82103610ea85d52562101ff1fe9ea6540a33290a3e735559c092e82190c62765"", ""AREA_03_IMAGES_OUTPUT/CAST/002_m_dark_stump_s_mon_dark_stump_CAST_F01.png"": ""fcf41c214b497f8a4f82bb398915c45df27488be887d1f403581381b68c86c94"", ""AREA_03_IMAGES_OUTPUT/CAST/002_m_dark_stump_s_mon_dark_stump_CAST_F02.png"": ""69bbde2f5ae7f1c9c69bca421d05e8f93e0739f554a7f545c27658cf1e11f44f"", ""AREA_03_IMAGES_OUTPUT/CAST/002_m_dark_stump_s_mon_dark_stump_CAST_F03.png"": ""8957148a837cf402e69dc212c1b470594602412cbd6bd9f104abaf6980d382fb"", ""AREA_03_IMAGES_OUTPUT/CAST/002_m_dark_stump_s_mon_dark_stump_CAST_F04.png"": ""481372f600a30d68f9ba3c964608a3f1ff4369a4675bd970a4e40d60a944c083"", ""AREA_03_IMAGES_OUTPUT/CAST/002_m_dark_stump_s_mon_dark_stump_CAST_F05.png"": ""278b58a28b0076a99add1876dc3db35b78cbc558c071e2a9f4eff0c11d058e98"", ""AREA_03_IMAGES_OUTPUT/CAST/002_m_dark_stump_s_mon_dark_stump_CAST_F06.png"": ""babe9050d68164e2ab44611e1f5492dbd5a3506bfa7cc217955440b831a365fb"", ""AREA_03_IMAGES_OUTPUT/CAST/002_m_dark_stump_s_mon_dark_stump_CAST_F07.png"": ""fc0ccc5fb28f6f8c188a88048bd795972122c432e6704c2da8c8d14df8dfda84""}",D:\maplestory_levup\docs\art\images-input-packages-v2_4\AREA_03_IMAGES_INPUT_V2_4.zip,V2.4,AREA_03_IMAGES_INPUT_V2_4/monsters/002_m_dark_stump_다크_스텀프/GENERATION_SPEC.md,검게 굳은 나이테 방패와 땅에 박힌 짧은 뿌리. ‘다크 스텀프 / 단단한 밑동’ 전용 소재이며 몬스터 본체는 VFX에 직접 넣지 않음,0.10 / non-loop one-shot,SkillEffect applies FlipX for directional attacks; delayed layer samples caster position at SpawnLayer execution; map entity then applies drift,F00–F07 전체를 순서대로 직접 대조,짧은 뿌리가 붙은 갈색 나이테 원판이 닫혀 방패가 되고 중심 반사광 뒤 풀림,D:\maplestory_levup\docs\art\area00-images-output\AREA_00_IMAGES_OUTPUT_ORIGINAL.zip,AREA_00_IMAGES_OUTPUT/monsters/002_m_blue_snail_파란_달팽이/VFX/002_m_blue_snail_s_mon_blue_snail_F04.png,AREA00 실제 승인 원화. 해당 보드의 기준 프레임 + ART_STYLE_STANDARD의 전체 기준. 고유 모양/저레벨 규모를 요구하지 않음,"점액의 곡면, 나무 껍질의 결, 요정의 얇은 금빛/민트 궤적, 인형의 천과 종이 재질을 구분하면서 반사/잔광의 연속성을 유지한다.",동일 몬스터의 실제 ICON 및 모든 VFX 역할 대조. 색·소재·반사광 관계에서 명백한 이탈 없음,"점액의 곡면, 나무 껍질의 결, 요정의 얇은 금빛/민트 궤적, 인형의 천과 종이 재질을 구분하면서 반사/잔광의 연속성을 유지한다.",AREA00 기준 + 전체 Area의 동일 역할 보드 대조; 다수결 기준 사용 안 함. 추가 소재 비교는 CROSS_AREA_MATERIAL_BOARD_INDEX.csv,팔레트·재질·형상·레벨/보스 규모·밀도·역할별 프레임/시간 차이 허용,해당 없음,검게 굳은 나이테 방패와 땅에 박힌 짧은 뿌리. ‘다크 스텀프 / 단단한 밑동’ 전용 소재이며 몬스터 본체는 VFX에 직접 넣지 않음 | SkillEffect applies FlipX for directional attacks; delayed layer samples caster position at SpawnLayer execution; map entity then applies drift,원화 유지,NO,NO,D:\maplestory_levup\docs\art\output_audit\runs\20260912_162508_msw_origin_art_review\CROSS_AREA_STYLE_BOARD\area_03_m_dark_stump_CAST_VFX_NATIVE.png,,"PNG 원본을 동일 RGB(32,38,48) 배경에 1:1 합성. 확대는 동일 128px 영역 2배 NEAREST. 큰 보드의 도구 축소 표시 가능; 이탈 상세는 1600px 보드에서 추가 대조",전 프레임 순서상 형성/변화/해체/잔상 대조. 실시간 재생의 체감 리듬 및 엔진 합성은 미검증,NOT_CHECKED: 게임 내 최종 배율/카메라/필터/배경에서의 선명도 미검증. 명세 배율만으로 런타임 표시를 보았다고 하지 않음,NO_OBVIOUS_ISSUE,기존 파일검사 재사용,TARGET_OUTPUT
area_03,m_bubbling,버블링,s_mon_bubbling,물방울 마력,ICON,CONSISTENT_WITH_REFERENCE,D:\maplestory_levup\docs\art\output_repacked\20260912_153221_v24_repack\AREA_03_IMAGES_OUTPUT.zip,AREA_03_IMAGES_OUTPUT/ICON/003_m_bubbling_s_mon_bubbling_ICON.png,"{""AREA_03_IMAGES_OUTPUT/ICON/003_m_bubbling_s_mon_bubbling_ICON.png"": ""2157f3bd56a919121d9baafce8c3fb49a7ec15c79164ec011101c4947825235e""}",D:\maplestory_levup\docs\art\images-input-packages-v2_4\AREA_03_IMAGES_INPUT_V2_4.zip,V2.4,AREA_03_IMAGES_INPUT_V2_4/monsters/003_m_bubbling_버블링/GENERATION_SPEC.md,마력빛 큰 기포 하나와 주변을 도는 작은 거품 고리. ‘버블링 / 물방울 마력’ 전용 소재이며 몬스터 본체는 VFX에 직접 넣지 않음,static / static,none,ICON 原寸 전체,푸른 물방울들이 투명 구체를 감싸며 부풀고 밝은 막을 만든 뒤 작은 거품으로 감소,D:\maplestory_levup\docs\art\area00-images-output\AREA_00_IMAGES_OUTPUT_ORIGINAL.zip,AREA_00_IMAGES_OUTPUT/monsters/002_m_blue_snail_파란_달팽이/ICON/002_m_blue_snail_s_mon_blue_snail_ICON.png,AREA00 실제 승인 원화. 해당 보드의 기준 프레임 + ART_STYLE_STANDARD의 전체 기준. 고유 모양/저레벨 규모를 요구하지 않음,"점액의 곡면, 나무 껍질의 결, 요정의 얇은 금빛/민트 궤적, 인형의 천과 종이 재질을 구분하면서 반사/잔광의 연속성을 유지한다.",동일 몬스터의 실제 ICON 및 모든 VFX 역할 대조. 색·소재·반사광 관계에서 명백한 이탈 없음,"점액의 곡면, 나무 껍질의 결, 요정의 얇은 금빛/민트 궤적, 인형의 천과 종이 재질을 구분하면서 반사/잔광의 연속성을 유지한다.",AREA00 기준 + 전체 Area의 동일 역할 보드 대조; 다수결 기준 사용 안 함. 추가 소재 비교는 CROSS_AREA_MATERIAL_BOARD_INDEX.csv,팔레트·재질·형상·레벨/보스 규모·밀도·역할별 프레임/시간 차이 허용,해당 없음,마력빛 큰 기포 하나와 주변을 도는 작은 거품 고리. ‘버블링 / 물방울 마력’ 전용 소재이며 몬스터 본체는 VFX에 직접 넣지 않음 | none,원화 유지,NO,NO,D:\maplestory_levup\docs\art\output_audit\runs\20260912_162508_msw_origin_art_review\CROSS_AREA_STYLE_BOARD\area_03_ICON_NATIVE.png,,"PNG 원본을 동일 RGB(32,38,48) 배경에 1:1 합성. 확대는 동일 128px 영역 2배 NEAREST. 큰 보드의 도구 축소 표시 가능; 이탈 상세는 1600px 보드에서 추가 대조",전 프레임 순서상 형성/변화/해체/잔상 대조. 실시간 재생의 체감 리듬 및 엔진 합성은 미검증,NOT_CHECKED: 게임 내 최종 배율/카메라/필터/배경에서의 선명도 미검증. 명세 배율만으로 런타임 표시를 보았다고 하지 않음,NO_OBVIOUS_ISSUE,기존 파일검사 재사용,TARGET_OUTPUT
area_03,m_bubbling,버블링,s_mon_bubbling,물방울 마력,REFERENCE_VFX,CONSISTENT_WITH_REFERENCE,D:\maplestory_levup\docs\art\output_repacked\20260912_153221_v24_repack\AREA_03_IMAGES_OUTPUT.zip,AREA_03_IMAGES_OUTPUT/REFERENCE/003_m_bubbling_s_mon_bubbling_REFERENCE_F00.png|AREA_03_IMAGES_OUTPUT/REFERENCE/003_m_bubbling_s_mon_bubbling_REFERENCE_F01.png|AREA_03_IMAGES_OUTPUT/REFERENCE/003_m_bubbling_s_mon_bubbling_REFERENCE_F02.png|AREA_03_IMAGES_OUTPUT/REFERENCE/003_m_bubbling_s_mon_bubbling_REFERENCE_F03.png|AREA_03_IMAGES_OUTPUT/REFERENCE/003_m_bubbling_s_mon_bubbling_REFERENCE_F04.png|AREA_03_IMAGES_OUTPUT/REFERENCE/003_m_bubbling_s_mon_bubbling_REFERENCE_F05.png,"{""AREA_03_IMAGES_OUTPUT/REFERENCE/003_m_bubbling_s_mon_bubbling_REFERENCE_F00.png"": ""bc4d0b6f7faa6b5e50e3673a19b08cf2f7c051398947a30044e0e493bb3a0635"", ""AREA_03_IMAGES_OUTPUT/REFERENCE/003_m_bubbling_s_mon_bubbling_REFERENCE_F01.png"": ""747f072c406d833561a8bc694c9c0bc737197ae862cc398d1b7a2565db0c4613"", ""AREA_03_IMAGES_OUTPUT/REFERENCE/003_m_bubbling_s_mon_bubbling_REFERENCE_F02.png"": ""745e7d42f49546d6bf9db78c777816b2b4a6c252e1ee4aacb79f06664d43584e"", ""AREA_03_IMAGES_OUTPUT/REFERENCE/003_m_bubbling_s_mon_bubbling_REFERENCE_F03.png"": ""e8bdfa995f8ef660392f99f552c074580d37e80c612650d5670d7c842f825567"", ""AREA_03_IMAGES_OUTPUT/REFERENCE/003_m_bubbling_s_mon_bubbling_REFERENCE_F04.png"": ""0ff9972b3f35eeceb39b6ef1069f323562c667c2b511efc270e72ffd8c5c46db"", ""AREA_03_IMAGES_OUTPUT/REFERENCE/003_m_bubbling_s_mon_bubbling_REFERENCE_F05.png"": ""65698f0114910dbd84ae0644cda3604144d10f6b6eb956a600e105162ad86a46""}",D:\maplestory_levup\docs\art\images-input-packages-v2_4\AREA_03_IMAGES_INPUT_V2_4.zip,V2.4,AREA_03_IMAGES_INPUT_V2_4/monsters/003_m_bubbling_버블링/GENERATION_SPEC.md,마력빛 큰 기포 하나와 주변을 도는 작은 거품 고리. ‘버블링 / 물방울 마력’ 전용 소재이며 몬스터 본체는 VFX에 직접 넣지 않음,0.10 / preview-only non-loop,preview only; no engine motion/FlipX contract,F00–F05 전체를 순서대로 직접 대조,푸른 물방울들이 투명 구체를 감싸며 부풀고 밝은 막을 만든 뒤 작은 거품으로 감소,D:\maplestory_levup\docs\art\area00-images-output\AREA_00_IMAGES_OUTPUT_ORIGINAL.zip,AREA_00_IMAGES_OUTPUT/monsters/002_m_blue_snail_파란_달팽이/VFX/002_m_blue_snail_s_mon_blue_snail_F04.png,AREA00 실제 승인 원화. 해당 보드의 기준 프레임 + ART_STYLE_STANDARD의 전체 기준. 고유 모양/저레벨 규모를 요구하지 않음,"점액의 곡면, 나무 껍질의 결, 요정의 얇은 금빛/민트 궤적, 인형의 천과 종이 재질을 구분하면서 반사/잔광의 연속성을 유지한다.",동일 몬스터의 실제 ICON 및 모든 VFX 역할 대조. 색·소재·반사광 관계에서 명백한 이탈 없음,"점액의 곡면, 나무 껍질의 결, 요정의 얇은 금빛/민트 궤적, 인형의 천과 종이 재질을 구분하면서 반사/잔광의 연속성을 유지한다.",AREA00 기준 + 전체 Area의 동일 역할 보드 대조; 다수결 기준 사용 안 함. 추가 소재 비교는 CROSS_AREA_MATERIAL_BOARD_INDEX.csv,팔레트·재질·형상·레벨/보스 규모·밀도·역할별 프레임/시간 차이 허용,해당 없음,마력빛 큰 기포 하나와 주변을 도는 작은 거품 고리. ‘버블링 / 물방울 마력’ 전용 소재이며 몬스터 본체는 VFX에 직접 넣지 않음 | preview only; no engine motion/FlipX contract,원화 유지,NO,NO,D:\maplestory_levup\docs\art\output_audit\runs\20260912_162508_msw_origin_art_review\CROSS_AREA_STYLE_BOARD\area_03_m_bubbling_REFERENCE_VFX_NATIVE.png,,"PNG 원본을 동일 RGB(32,38,48) 배경에 1:1 합성. 확대는 동일 128px 영역 2배 NEAREST. 큰 보드의 도구 축소 표시 가능; 이탈 상세는 1600px 보드에서 추가 대조",전 프레임 순서상 형성/변화/해체/잔상 대조. 실시간 재생의 체감 리듬 및 엔진 합성은 미검증,NOT_CHECKED: 게임 내 최종 배율/카메라/필터/배경에서의 선명도 미검증. 명세 배율만으로 런타임 표시를 보았다고 하지 않음,NO_OBVIOUS_ISSUE,기존 파일검사 재사용,TARGET_OUTPUT
area_03,m_fairy,페어리,s_mon_fairy,요정의 마법가루,ICON,CONSISTENT_WITH_REFERENCE,D:\maplestory_levup\docs\art\output_repacked\20260912_153221_v24_repack\AREA_03_IMAGES_OUTPUT.zip,AREA_03_IMAGES_OUTPUT/ICON/004_m_fairy_s_mon_fairy_ICON.png,"{""AREA_03_IMAGES_OUTPUT/ICON/004_m_fairy_s_mon_fairy_ICON.png"": ""ea4f73461d0ad3d76c3cfe6b5e53bc23dd7f873765bf1da9313fbea1b9f24d9f""}",D:\maplestory_levup\docs\art\images-input-packages-v2_4\AREA_03_IMAGES_INPUT_V2_4.zip,V2.4,AREA_03_IMAGES_INPUT_V2_4/monsters/004_m_fairy_페어리/GENERATION_SPEC.md,별가루 같은 요정 분말이 나선으로 모였다 퍼지는 빛무리. ‘페어리 / 요정의 마법가루’ 전용 소재이며 몬스터 본체는 VFX에 직접 넣지 않음,static / static,none,ICON 原寸 전체,금빛 잎과 별 입자가 연녹색 마력 소용돌이를 만들고 중심광 뒤 가볍게 흩어짐,D:\maplestory_levup\docs\art\area00-images-output\AREA_00_IMAGES_OUTPUT_ORIGINAL.zip,AREA_00_IMAGES_OUTPUT/monsters/002_m_blue_snail_파란_달팽이/ICON/002_m_blue_snail_s_mon_blue_snail_ICON.png,AREA00 실제 승인 원화. 해당 보드의 기준 프레임 + ART_STYLE_STANDARD의 전체 기준. 고유 모양/저레벨 규모를 요구하지 않음,"점액의 곡면, 나무 껍질의 결, 요정의 얇은 금빛/민트 궤적, 인형의 천과 종이 재질을 구분하면서 반사/잔광의 연속성을 유지한다.",동일 몬스터의 실제 ICON 및 모든 VFX 역할 대조. 색·소재·반사광 관계에서 명백한 이탈 없음,"점액의 곡면, 나무 껍질의 결, 요정의 얇은 금빛/민트 궤적, 인형의 천과 종이 재질을 구분하면서 반사/잔광의 연속성을 유지한다.",AREA00 기준 + 전체 Area의 동일 역할 보드 대조; 다수결 기준 사용 안 함. 추가 소재 비교는 CROSS_AREA_MATERIAL_BOARD_INDEX.csv,팔레트·재질·형상·레벨/보스 규모·밀도·역할별 프레임/시간 차이 허용,해당 없음,별가루 같은 요정 분말이 나선으로 모였다 퍼지는 빛무리. ‘페어리 / 요정의 마법가루’ 전용 소재이며 몬스터 본체는 VFX에 직접 넣지 않음 | none,원화 유지,NO,NO,D:\maplestory_levup\docs\art\output_audit\runs\20260912_162508_msw_origin_art_review\CROSS_AREA_STYLE_BOARD\area_03_ICON_NATIVE.png,,"PNG 원본을 동일 RGB(32,38,48) 배경에 1:1 합성. 확대는 동일 128px 영역 2배 NEAREST. 큰 보드의 도구 축소 표시 가능; 이탈 상세는 1600px 보드에서 추가 대조",전 프레임 순서상 형성/변화/해체/잔상 대조. 실시간 재생의 체감 리듬 및 엔진 합성은 미검증,NOT_CHECKED: 게임 내 최종 배율/카메라/필터/배경에서의 선명도 미검증. 명세 배율만으로 런타임 표시를 보았다고 하지 않음,NO_OBVIOUS_ISSUE,기존 파일검사 재사용,TARGET_OUTPUT
area_03,m_fairy,페어리,s_mon_fairy,요정의 마법가루,CAST_VFX,CONSISTENT_WITH_REFERENCE,D:\maplestory_levup\docs\art\output_repacked\20260912_153221_v24_repack\AREA_03_IMAGES_OUTPUT.zip,AREA_03_IMAGES_OUTPUT/CAST/004_m_fairy_s_mon_fairy_CAST_F00.png|AREA_03_IMAGES_OUTPUT/CAST/004_m_fairy_s_mon_fairy_CAST_F01.png|AREA_03_IMAGES_OUTPUT/CAST/004_m_fairy_s_mon_fairy_CAST_F02.png|AREA_03_IMAGES_OUTPUT/CAST/004_m_fairy_s_mon_fairy_CAST_F03.png|AREA_03_IMAGES_OUTPUT/CAST/004_m_fairy_s_mon_fairy_CAST_F04.png|AREA_03_IMAGES_OUTPUT/CAST/004_m_fairy_s_mon_fairy_CAST_F05.png|AREA_03_IMAGES_OUTPUT/CAST/004_m_fairy_s_mon_fairy_CAST_F06.png|AREA_03_IMAGES_OUTPUT/CAST/004_m_fairy_s_mon_fairy_CAST_F07.png,"{""AREA_03_IMAGES_OUTPUT/CAST/004_m_fairy_s_mon_fairy_CAST_F00.png"": ""aa9630926ea55a51173782a2a87660495dca42dfca32812d0d42ea70abd8f1d5"", ""AREA_03_IMAGES_OUTPUT/CAST/004_m_fairy_s_mon_fairy_CAST_F01.png"": ""a6e934a55099875af3a1b6e1e9c2e976b0a1f68b461ae46efcc1a48dc33c72c3"", ""AREA_03_IMAGES_OUTPUT/CAST/004_m_fairy_s_mon_fairy_CAST_F02.png"": ""9516ebd329c698e5fb050daaaf2190ff5600963913da04018c6c3c7e7c2b5f91"", ""AREA_03_IMAGES_OUTPUT/CAST/004_m_fairy_s_mon_fairy_CAST_F03.png"": ""3bf2f933b1eea3dc62e9270e5de2f670a45d27e86d45bd7a0881ff9a549f15bf"", ""AREA_03_IMAGES_OUTPUT/CAST/004_m_fairy_s_mon_fairy_CAST_F04.png"": ""a0627a07d4aeeb6e607c1fd7feae1ee7d9be5f8869374caaac2d8cbb83b25459"", ""AREA_03_IMAGES_OUTPUT/CAST/004_m_fairy_s_mon_fairy_CAST_F05.png"": ""5a067022604a813df6fa4f1d97dedfee24ddd923243804151f2903434b6c86a3"", ""AREA_03_IMAGES_OUTPUT/CAST/004_m_fairy_s_mon_fairy_CAST_F06.png"": ""54eb8ad24de6bba7baf6c40830b1ccac20e6a244b7c6d25517baac102ff0995a"", ""AREA_03_IMAGES_OUTPUT/CAST/004_m_fairy_s_mon_fairy_CAST_F07.png"": ""64a6573309f52513702592da1d798e13d9e107f6ba51e36589a59f235bcc4879""}",D:\maplestory_levup\docs\art\images-input-packages-v2_4\AREA_03_IMAGES_INPUT_V2_4.zip,V2.4,AREA_03_IMAGES_INPUT_V2_4/monsters/004_m_fairy_페어리/GENERATION_SPEC.md,별가루 같은 요정 분말이 나선으로 모였다 퍼지는 빛무리. ‘페어리 / 요정의 마법가루’ 전용 소재이며 몬스터 본체는 VFX에 직접 넣지 않음,0.10 / non-loop one-shot,SkillEffect applies FlipX for directional attacks; delayed layer samples caster position at SpawnLayer execution; map entity then applies drift,F00–F07 전체를 순서대로 직접 대조,금빛 잎과 별 입자가 연녹색 마력 소용돌이를 만들고 중심광 뒤 가볍게 흩어짐,D:\maplestory_levup\docs\art\area00-images-output\AREA_00_IMAGES_OUTPUT_ORIGINAL.zip,AREA_00_IMAGES_OUTPUT/monsters/005_m_slime_슬라임/VFX/005_m_slime_s_mon_slime_F04.png,AREA00 실제 승인 원화. 해당 보드의 기준 프레임 + ART_STYLE_STANDARD의 전체 기준. 고유 모양/저레벨 규모를 요구하지 않음,"점액의 곡면, 나무 껍질의 결, 요정의 얇은 금빛/민트 궤적, 인형의 천과 종이 재질을 구분하면서 반사/잔광의 연속성을 유지한다.",동일 몬스터의 실제 ICON 및 모든 VFX 역할 대조. 색·소재·반사광 관계에서 명백한 이탈 없음,"점액의 곡면, 나무 껍질의 결, 요정의 얇은 금빛/민트 궤적, 인형의 천과 종이 재질을 구분하면서 반사/잔광의 연속성을 유지한다.",AREA00 기준 + 전체 Area의 동일 역할 보드 대조; 다수결 기준 사용 안 함. 추가 소재 비교는 CROSS_AREA_MATERIAL_BOARD_INDEX.csv,팔레트·재질·형상·레벨/보스 규모·밀도·역할별 프레임/시간 차이 허용,해당 없음,별가루 같은 요정 분말이 나선으로 모였다 퍼지는 빛무리. ‘페어리 / 요정의 마법가루’ 전용 소재이며 몬스터 본체는 VFX에 직접 넣지 않음 | SkillEffect applies FlipX for directional attacks; delayed layer samples caster position at SpawnLayer execution; map entity then applies drift,원화 유지,NO,NO,D:\maplestory_levup\docs\art\output_audit\runs\20260912_162508_msw_origin_art_review\CROSS_AREA_STYLE_BOARD\area_03_m_fairy_CAST_VFX_NATIVE.png,,"PNG 원본을 동일 RGB(32,38,48) 배경에 1:1 합성. 확대는 동일 128px 영역 2배 NEAREST. 큰 보드의 도구 축소 표시 가능; 이탈 상세는 1600px 보드에서 추가 대조",전 프레임 순서상 형성/변화/해체/잔상 대조. 실시간 재생의 체감 리듬 및 엔진 합성은 미검증,NOT_CHECKED: 게임 내 최종 배율/카메라/필터/배경에서의 선명도 미검증. 명세 배율만으로 런타임 표시를 보았다고 하지 않음,NO_OBVIOUS_ISSUE,기존 파일검사 재사용,TARGET_OUTPUT
area_03,m_faust,파우스트,s_mon_faust,저주의 인형,ICON,CONSISTENT_WITH_REFERENCE,D:\maplestory_levup\docs\art\output_repacked\20260912_153221_v24_repack\AREA_03_IMAGES_OUTPUT.zip,AREA_03_IMAGES_OUTPUT/ICON/005_m_faust_s_mon_faust_ICON.png,"{""AREA_03_IMAGES_OUTPUT/ICON/005_m_faust_s_mon_faust_ICON.png"": ""063c48823259a1ba7a4b32bba756cb62e15a30f1f4ee25ac3c7fa80eb444eb1f""}",D:\maplestory_levup\docs\art\images-input-packages-v2_4\AREA_03_IMAGES_INPUT_V2_4.zip,V2.4,AREA_03_IMAGES_INPUT_V2_4/monsters/005_m_faust_파우스트/GENERATION_SPEC.md,실로 묶인 인형 표식과 아래로 떨어지는 자주색 저주 침. ‘파우스트 / 저주의 인형’ 전용 소재이며 몬스터 본체는 VFX에 직접 넣지 않음,static / static,none,ICON 原寸 전체,"보라 저주띠와 작은 인형이 마법진 중심에 모여 폭발하고, 투사체는 인형핵 형태로 맥동",D:\maplestory_levup\docs\art\area00-images-output\AREA_00_IMAGES_OUTPUT_ORIGINAL.zip,AREA_00_IMAGES_OUTPUT/monsters/002_m_blue_snail_파란_달팽이/ICON/002_m_blue_snail_s_mon_blue_snail_ICON.png,AREA00 실제 승인 원화. 해당 보드의 기준 프레임 + ART_STYLE_STANDARD의 전체 기준. 고유 모양/저레벨 규모를 요구하지 않음,"점액의 곡면, 나무 껍질의 결, 요정의 얇은 금빛/민트 궤적, 인형의 천과 종이 재질을 구분하면서 반사/잔광의 연속성을 유지한다.",동일 몬스터의 실제 ICON 및 모든 VFX 역할 대조. 색·소재·반사광 관계에서 명백한 이탈 없음,"점액의 곡면, 나무 껍질의 결, 요정의 얇은 금빛/민트 궤적, 인형의 천과 종이 재질을 구분하면서 반사/잔광의 연속성을 유지한다.",AREA00 기준 + 전체 Area의 동일 역할 보드 대조; 다수결 기준 사용 안 함. 추가 소재 비교는 CROSS_AREA_MATERIAL_BOARD_INDEX.csv,팔레트·재질·형상·레벨/보스 규모·밀도·역할별 프레임/시간 차이 허용,해당 없음,실로 묶인 인형 표식과 아래로 떨어지는 자주색 저주 침. ‘파우스트 / 저주의 인형’ 전용 소재이며 몬스터 본체는 VFX에 직접 넣지 않음 | none,원화 유지,NO,NO,D:\maplestory_levup\docs\art\output_audit\runs\20260912_162508_msw_origin_art_review\CROSS_AREA_STYLE_BOARD\area_03_ICON_NATIVE.png,,"PNG 원본을 동일 RGB(32,38,48) 배경에 1:1 합성. 확대는 동일 128px 영역 2배 NEAREST. 큰 보드의 도구 축소 표시 가능; 이탈 상세는 1600px 보드에서 추가 대조",전 프레임 순서상 형성/변화/해체/잔상 대조. 실시간 재생의 체감 리듬 및 엔진 합성은 미검증,NOT_CHECKED: 게임 내 최종 배율/카메라/필터/배경에서의 선명도 미검증. 명세 배율만으로 런타임 표시를 보았다고 하지 않음,NO_OBVIOUS_ISSUE,기존 파일검사 재사용,TARGET_OUTPUT
area_03,m_faust,파우스트,s_mon_faust,저주의 인형,CAST_VFX,CONSISTENT_WITH_REFERENCE,D:\maplestory_levup\docs\art\output_repacked\20260912_153221_v24_repack\AREA_03_IMAGES_OUTPUT.zip,AREA_03_IMAGES_OUTPUT/CAST/005_m_faust_s_mon_faust_CAST_F00.png|AREA_03_IMAGES_OUTPUT/CAST/005_m_faust_s_mon_faust_CAST_F01.png|AREA_03_IMAGES_OUTPUT/CAST/005_m_faust_s_mon_faust_CAST_F02.png|AREA_03_IMAGES_OUTPUT/CAST/005_m_faust_s_mon_faust_CAST_F03.png|AREA_03_IMAGES_OUTPUT/CAST/005_m_faust_s_mon_faust_CAST_F04.png|AREA_03_IMAGES_OUTPUT/CAST/005_m_faust_s_mon_faust_CAST_F05.png|AREA_03_IMAGES_OUTPUT/CAST/005_m_faust_s_mon_faust_CAST_F06.png|AREA_03_IMAGES_OUTPUT/CAST/005_m_faust_s_mon_faust_CAST_F07.png|AREA_03_IMAGES_OUTPUT/CAST/005_m_faust_s_mon_faust_CAST_F08.png|AREA_03_IMAGES_OUTPUT/CAST/005_m_faust_s_mon_faust_CAST_F09.png|AREA_03_IMAGES_OUTPUT/CAST/005_m_faust_s_mon_faust_CAST_F10.png|AREA_03_IMAGES_OUTPUT/CAST/005_m_faust_s_mon_faust_CAST_F11.png,"{""AREA_03_IMAGES_OUTPUT/CAST/005_m_faust_s_mon_faust_CAST_F00.png"": ""e3456ecddc44b299beb6e9cfaeed9f5e572326069bda99e7189ac4b39e6951a2"", ""AREA_03_IMAGES_OUTPUT/CAST/005_m_faust_s_mon_faust_CAST_F01.png"": ""5c378add58cfd51603f596cc9eb81ab0cf861d75d752854d217981c2e3d50a2d"", ""AREA_03_IMAGES_OUTPUT/CAST/005_m_faust_s_mon_faust_CAST_F02.png"": ""bd964a72e82b7ec1585a971b14f559443f4a7bd38d48c27b53e529052d29af92"", ""AREA_03_IMAGES_OUTPUT/CAST/005_m_faust_s_mon_faust_CAST_F03.png"": ""bcddf83bb60bc0fbb5f4760e19bc8374999245b4370ab8700d493d1dfece2167"", ""AREA_03_IMAGES_OUTPUT/CAST/005_m_faust_s_mon_faust_CAST_F04.png"": ""308c73f79222eb35e2916a9b298469034b2b433b2ed0761a803c4d3e7224552f"", ""AREA_03_IMAGES_OUTPUT/CAST/005_m_faust_s_mon_faust_CAST_F05.png"": ""142890544b2c10d176fd00471ca431cdf715e4b537668fc2b7c27dd43913df9c"", ""AREA_03_IMAGES_OUTPUT/CAST/005_m_faust_s_mon_faust_CAST_F06.png"": ""02261c0056a2e6c0194107ffd84ffd6a78c9fd56d1fa08fb454811a1f092f0bc"", ""AREA_03_IMAGES_OUTPUT/CAST/005_m_faust_s_mon_faust_CAST_F07.png"": ""9039347d6b8155a2c04d03fa16cb0171137becb51b451de64af74d7204ce394d"", ""AREA_03_IMAGES_OUTPUT/CAST/005_m_faust_s_mon_faust_CAST_F08.png"": ""89d1a6d274696d0a3642f3c01c82395611b38171ea6b696e99c3fb158d1cea3a"", ""AREA_03_IMAGES_OUTPUT/CAST/005_m_faust_s_mon_faust_CAST_F09.png"": ""9aaa892eaed61fb12f0c40faed4e68fe11255e15ce7b7c12fcb0e293d3374f46"", ""AREA_03_IMAGES_OUTPUT/CAST/005_m_faust_s_mon_faust_CAST_F10.png"": ""8c0e9a1e5ce4b6e72c3fbe7609a6dc030b95bd5a9b762ad580e6909b55253e6c"", ""AREA_03_IMAGES_OUTPUT/CAST/005_m_faust_s_mon_faust_CAST_F11.png"": ""cab2f041b58bbf3c9ad9f24cf764e711226c4854b95797d27c8587bdb971f828""}",D:\maplestory_levup\docs\art\images-input-packages-v2_4\AREA_03_IMAGES_INPUT_V2_4.zip,V2.4,AREA_03_IMAGES_INPUT_V2_4/monsters/005_m_faust_파우스트/GENERATION_SPEC.md,실로 묶인 인형 표식과 아래로 떨어지는 자주색 저주 침. ‘파우스트 / 저주의 인형’ 전용 소재이며 몬스터 본체는 VFX에 직접 넣지 않음,0.08 / non-loop one-shot,SkillEffect applies FlipX for directional attacks; delayed layer samples caster position at SpawnLayer execution; map entity then applies drift,F00–F11 전체를 순서대로 직접 대조,"보라 저주띠와 작은 인형이 마법진 중심에 모여 폭발하고, 투사체는 인형핵 형태로 맥동",D:\maplestory_levup\docs\art\area00-images-output\AREA_00_IMAGES_OUTPUT_ORIGINAL.zip,AREA_00_IMAGES_OUTPUT/monsters/004_m_mano_마노/VFX/004_m_mano_s_mon_mano_F06.png,AREA00 실제 승인 원화. 해당 보드의 기준 프레임 + ART_STYLE_STANDARD의 전체 기준. 고유 모양/저레벨 규모를 요구하지 않음,"점액의 곡면, 나무 껍질의 결, 요정의 얇은 금빛/민트 궤적, 인형의 천과 종이 재질을 구분하면서 반사/잔광의 연속성을 유지한다.",동일 몬스터의 실제 ICON 및 모든 VFX 역할 대조. 색·소재·반사광 관계에서 명백한 이탈 없음,"점액의 곡면, 나무 껍질의 결, 요정의 얇은 금빛/민트 궤적, 인형의 천과 종이 재질을 구분하면서 반사/잔광의 연속성을 유지한다.",AREA00 기준 + 전체 Area의 동일 역할 보드 대조; 다수결 기준 사용 안 함. 추가 소재 비교는 CROSS_AREA_MATERIAL_BOARD_INDEX.csv,팔레트·재질·형상·레벨/보스 규모·밀도·역할별 프레임/시간 차이 허용,해당 없음,실로 묶인 인형 표식과 아래로 떨어지는 자주색 저주 침. ‘파우스트 / 저주의 인형’ 전용 소재이며 몬스터 본체는 VFX에 직접 넣지 않음 | SkillEffect applies FlipX for directional attacks; delayed layer samples caster position at SpawnLayer execution; map entity then applies drift,원화 유지,NO,NO,D:\maplestory_levup\docs\art\output_audit\runs\20260912_162508_msw_origin_art_review\CROSS_AREA_STYLE_BOARD\area_03_m_faust_CAST_VFX_NATIVE.png,,"PNG 원본을 동일 RGB(32,38,48) 배경에 1:1 합성. 확대는 동일 128px 영역 2배 NEAREST. 큰 보드의 도구 축소 표시 가능; 이탈 상세는 1600px 보드에서 추가 대조",전 프레임 순서상 형성/변화/해체/잔상 대조. 실시간 재생의 체감 리듬 및 엔진 합성은 미검증,NOT_CHECKED: 게임 내 최종 배율/카메라/필터/배경에서의 선명도 미검증. 명세 배율만으로 런타임 표시를 보았다고 하지 않음,NO_OBVIOUS_ISSUE,기존 파일검사 재사용,TARGET_OUTPUT
area_03,m_faust,파우스트,s_mon_faust,저주의 인형,PROJECTILE,CONSISTENT_WITH_REFERENCE,D:\maplestory_levup\docs\art\output_repacked\20260912_153221_v24_repack\AREA_03_IMAGES_OUTPUT.zip,AREA_03_IMAGES_OUTPUT/PROJECTILE/005_m_faust_s_mon_faust_PROJECTILE_F00.png|AREA_03_IMAGES_OUTPUT/PROJECTILE/005_m_faust_s_mon_faust_PROJECTILE_F01.png|AREA_03_IMAGES_OUTPUT/PROJECTILE/005_m_faust_s_mon_faust_PROJECTILE_F02.png|AREA_03_IMAGES_OUTPUT/PROJECTILE/005_m_faust_s_mon_faust_PROJECTILE_F03.png,"{""AREA_03_IMAGES_OUTPUT/PROJECTILE/005_m_faust_s_mon_faust_PROJECTILE_F00.png"": ""d43769fdfac4284c0a9f416b1b1230d4ed292a8ed5e61bdbb23d0abb1f1a392d"", ""AREA_03_IMAGES_OUTPUT/PROJECTILE/005_m_faust_s_mon_faust_PROJECTILE_F01.png"": ""dead1550c379880003ab12f3970b0f1aff79e262701af786b3a940ddc60d14ca"", ""AREA_03_IMAGES_OUTPUT/PROJECTILE/005_m_faust_s_mon_faust_PROJECTILE_F02.png"": ""2f6094c288a4c4ba480b14f952593b9db41741f5b61e7894d6445236fa3f3ff9"", ""AREA_03_IMAGES_OUTPUT/PROJECTILE/005_m_faust_s_mon_faust_PROJECTILE_F03.png"": ""2fcb4826d38e496b58fd3b3bef97eb2b9401106e33a8cc8bd97ff409deb80deb""}",D:\maplestory_levup\docs\art\images-input-packages-v2_4\AREA_03_IMAGES_INPUT_V2_4.zip,V2.4,AREA_03_IMAGES_INPUT_V2_4/monsters/005_m_faust_파우스트/GENERATION_SPEC.md,실로 묶인 인형 표식과 아래로 떨어지는 자주색 저주 침. ‘파우스트 / 저주의 인형’ 전용 소재이며 몬스터 본체는 VFX에 직접 넣지 않음,0.08 / non-loop complete playback within 0.35s entity lifetime,art direction-neutral/local form only; engine translates caster+h to target+h and applies ZRotation; no PROJECTILE FlipX or travel-direction alignment,F00–F03 전체를 순서대로 직접 대조,"보라 저주띠와 작은 인형이 마법진 중심에 모여 폭발하고, 투사체는 인형핵 형태로 맥동",D:\maplestory_levup\docs\art\area00-images-output\AREA_00_IMAGES_OUTPUT_ORIGINAL.zip,AREA_00_IMAGES_OUTPUT/monsters/004_m_mano_마노/VFX/004_m_mano_s_mon_mano_F06.png,AREA00 실제 승인 원화. 해당 보드의 기준 프레임 + ART_STYLE_STANDARD의 전체 기준. 고유 모양/저레벨 규모를 요구하지 않음,"점액의 곡면, 나무 껍질의 결, 요정의 얇은 금빛/민트 궤적, 인형의 천과 종이 재질을 구분하면서 반사/잔광의 연속성을 유지한다.",동일 몬스터의 실제 ICON 및 모든 VFX 역할 대조. 색·소재·반사광 관계에서 명백한 이탈 없음,"점액의 곡면, 나무 껍질의 결, 요정의 얇은 금빛/민트 궤적, 인형의 천과 종이 재질을 구분하면서 반사/잔광의 연속성을 유지한다.",AREA00 기준 + 전체 Area의 동일 역할 보드 대조; 다수결 기준 사용 안 함. 추가 소재 비교는 CROSS_AREA_MATERIAL_BOARD_INDEX.csv,팔레트·재질·형상·레벨/보스 규모·밀도·역할별 프레임/시간 차이 허용,해당 없음,실로 묶인 인형 표식과 아래로 떨어지는 자주색 저주 침. ‘파우스트 / 저주의 인형’ 전용 소재이며 몬스터 본체는 VFX에 직접 넣지 않음 | art direction-neutral/local form only; engine translates caster+h to target+h and applies ZRotation; no PROJECTILE FlipX or travel-direction alignment,원화 유지,NO,NO,D:\maplestory_levup\docs\art\output_audit\runs\20260912_162508_msw_origin_art_review\CROSS_AREA_STYLE_BOARD\area_03_m_faust_PROJECTILE_NATIVE.png,,"PNG 원본을 동일 RGB(32,38,48) 배경에 1:1 합성. 확대는 동일 128px 영역 2배 NEAREST. 큰 보드의 도구 축소 표시 가능; 이탈 상세는 1600px 보드에서 추가 대조",전 프레임 순서상 형성/변화/해체/잔상 대조. 실시간 재생의 체감 리듬 및 엔진 합성은 미검증,NOT_CHECKED: 게임 내 최종 배율/카메라/필터/배경에서의 선명도 미검증. 명세 배율만으로 런타임 표시를 보았다고 하지 않음,NO_OBVIOUS_ISSUE,기존 파일검사 재사용,TARGET_OUTPUT
area_04,m_octopus,옥토퍼스,s_mon_octopus,먹물 폭발,ICON,CONSISTENT_WITH_REFERENCE,D:\maplestory_levup\docs\art\output_repacked\20260912_153221_v24_repack\AREA_04_IMAGES_OUTPUT.zip,AREA_04_IMAGES_OUTPUT/ICON/001_m_octopus_s_mon_octopus_ICON.png,"{""AREA_04_IMAGES_OUTPUT/ICON/001_m_octopus_s_mon_octopus_ICON.png"": ""731648dd246ed4f18e896c23e43ea0cb7ca7416f9c74d33edaedd3c651a58fed""}",D:\maplestory_levup\docs\art\images-input-packages-v2_4\AREA_04_IMAGES_INPUT_V2_4.zip,V2.4,AREA_04_IMAGES_INPUT_V2_4/monsters/001_m_octopus_옥토퍼스/GENERATION_SPEC.md,검푸른 먹물 방울이 불규칙 꽃잎처럼 터지는 얼룩. ‘옥토퍼스 / 먹물 폭발’ 전용 소재이며 몬스터 본체는 VFX에 직접 넣지 않음,static / static,none,ICON 原寸 전체,짙은 남보라 먹물방울이 중앙에서 넓은 얼룩으로 터지고 작은 방울로 분해,D:\maplestory_levup\docs\art\area00-images-output\AREA_00_IMAGES_OUTPUT_ORIGINAL.zip,AREA_00_IMAGES_OUTPUT/monsters/002_m_blue_snail_파란_달팽이/ICON/002_m_blue_snail_s_mon_blue_snail_ICON.png,AREA00 실제 승인 원화. 해당 보드의 기준 프레임 + ART_STYLE_STANDARD의 전체 기준. 고유 모양/저레벨 규모를 요구하지 않음,"먹물은 광택 있는 액체, 망령 손자국/안개는 차가운 반투명, 셰이드는 가는 보라 경계와 어두운 곡면으로 표현한다. 어두움 자체는 결함이 아니다.",동일 몬스터의 실제 ICON 및 모든 VFX 역할 대조. 색·소재·반사광 관계에서 명백한 이탈 없음,"먹물은 광택 있는 액체, 망령 손자국/안개는 차가운 반투명, 셰이드는 가는 보라 경계와 어두운 곡면으로 표현한다. 어두움 자체는 결함이 아니다.",AREA00 기준 + 전체 Area의 동일 역할 보드 대조; 다수결 기준 사용 안 함. 추가 소재 비교는 CROSS_AREA_MATERIAL_BOARD_INDEX.csv,팔레트·재질·형상·레벨/보스 규모·밀도·역할별 프레임/시간 차이 허용,해당 없음,검푸른 먹물 방울이 불규칙 꽃잎처럼 터지는 얼룩. ‘옥토퍼스 / 먹물 폭발’ 전용 소재이며 몬스터 본체는 VFX에 직접 넣지 않음 | none,원화 유지,NO,NO,D:\maplestory_levup\docs\art\output_audit\runs\20260912_162508_msw_origin_art_review\CROSS_AREA_STYLE_BOARD\area_04_ICON_NATIVE.png,,"PNG 원본을 동일 RGB(32,38,48) 배경에 1:1 합성. 확대는 동일 128px 영역 2배 NEAREST. 큰 보드의 도구 축소 표시 가능; 이탈 상세는 1600px 보드에서 추가 대조",전 프레임 순서상 형성/변화/해체/잔상 대조. 실시간 재생의 체감 리듬 및 엔진 합성은 미검증,NOT_CHECKED: 게임 내 최종 배율/카메라/필터/배경에서의 선명도 미검증. 명세 배율만으로 런타임 표시를 보았다고 하지 않음,NO_OBVIOUS_ISSUE,기존 파일검사 재사용,TARGET_OUTPUT
area_04,m_octopus,옥토퍼스,s_mon_octopus,먹물 폭발,CAST_VFX,CONSISTENT_WITH_REFERENCE,D:\maplestory_levup\docs\art\output_repacked\20260912_153221_v24_repack\AREA_04_IMAGES_OUTPUT.zip,AREA_04_IMAGES_OUTPUT/CAST/001_m_octopus_s_mon_octopus_CAST_F00.png|AREA_04_IMAGES_OUTPUT/CAST/001_m_octopus_s_mon_octopus_CAST_F01.png|AREA_04_IMAGES_OUTPUT/CAST/001_m_octopus_s_mon_octopus_CAST_F02.png|AREA_04_IMAGES_OUTPUT/CAST/001_m_octopus_s_mon_octopus_CAST_F03.png|AREA_04_IMAGES_OUTPUT/CAST/001_m_octopus_s_mon_octopus_CAST_F04.png|AREA_04_IMAGES_OUTPUT/CAST/001_m_octopus_s_mon_octopus_CAST_F05.png|AREA_04_IMAGES_OUTPUT/CAST/001_m_octopus_s_mon_octopus_CAST_F06.png|AREA_04_IMAGES_OUTPUT/CAST/001_m_octopus_s_mon_octopus_CAST_F07.png,"{""AREA_04_IMAGES_OUTPUT/CAST/001_m_octopus_s_mon_octopus_CAST_F00.png"": ""8e143b360ed09f195058a22c0e641ff33188d78dc39234a65851b1731f3e72bd"", ""AREA_04_IMAGES_OUTPUT/CAST/001_m_octopus_s_mon_octopus_CAST_F01.png"": ""f6cf8d5939a130b382065a1bc8884ae344ba3828937cc666e72f772e923a4dc8"", ""AREA_04_IMAGES_OUTPUT/CAST/001_m_octopus_s_mon_octopus_CAST_F02.png"": ""c11b0913552065766a202cd91070f64c00fad3419ce4cf9b3a226203900c8d20"", ""AREA_04_IMAGES_OUTPUT/CAST/001_m_octopus_s_mon_octopus_CAST_F03.png"": ""b47f4e96975de260ad729bdb34d3fb1f8eade75e55515de888081a52705e30e4"", ""AREA_04_IMAGES_OUTPUT/CAST/001_m_octopus_s_mon_octopus_CAST_F04.png"": ""967250226112e7ba279b6395456becf80907e70bfeefac6c1df965cd27021cab"", ""AREA_04_IMAGES_OUTPUT/CAST/001_m_octopus_s_mon_octopus_CAST_F05.png"": ""41e755d9cca0190cec1e3a74c81332612fce145ea3bb912dbda879ced3efd29f"", ""AREA_04_IMAGES_OUTPUT/CAST/001_m_octopus_s_mon_octopus_CAST_F06.png"": ""13427113c3d23d44f4bbdeb8088e167dac8420f0342dc25b2b2db0b717f0920e"", ""AREA_04_IMAGES_OUTPUT/CAST/001_m_octopus_s_mon_octopus_CAST_F07.png"": ""3afed08fbb9d7f4aa1beed91bb84596127be5eedf41d31e99d639b10e8795072""}",D:\maplestory_levup\docs\art\images-input-packages-v2_4\AREA_04_IMAGES_INPUT_V2_4.zip,V2.4,AREA_04_IMAGES_INPUT_V2_4/monsters/001_m_octopus_옥토퍼스/GENERATION_SPEC.md,검푸른 먹물 방울이 불규칙 꽃잎처럼 터지는 얼룩. ‘옥토퍼스 / 먹물 폭발’ 전용 소재이며 몬스터 본체는 VFX에 직접 넣지 않음,0.10 / non-loop one-shot,SkillEffect applies FlipX for directional attacks; delayed layer samples caster position at SpawnLayer execution; map entity then applies drift,F00–F07 전체를 순서대로 직접 대조,짙은 남보라 먹물방울이 중앙에서 넓은 얼룩으로 터지고 작은 방울로 분해,D:\maplestory_levup\docs\art\area00-images-output\AREA_00_IMAGES_OUTPUT_ORIGINAL.zip,AREA_00_IMAGES_OUTPUT/monsters/005_m_slime_슬라임/VFX/005_m_slime_s_mon_slime_F04.png,AREA00 실제 승인 원화. 해당 보드의 기준 프레임 + ART_STYLE_STANDARD의 전체 기준. 고유 모양/저레벨 규모를 요구하지 않음,"먹물은 광택 있는 액체, 망령 손자국/안개는 차가운 반투명, 셰이드는 가는 보라 경계와 어두운 곡면으로 표현한다. 어두움 자체는 결함이 아니다.",동일 몬스터의 실제 ICON 및 모든 VFX 역할 대조. 색·소재·반사광 관계에서 명백한 이탈 없음,"먹물은 광택 있는 액체, 망령 손자국/안개는 차가운 반투명, 셰이드는 가는 보라 경계와 어두운 곡면으로 표현한다. 어두움 자체는 결함이 아니다.",AREA00 기준 + 전체 Area의 동일 역할 보드 대조; 다수결 기준 사용 안 함. 추가 소재 비교는 CROSS_AREA_MATERIAL_BOARD_INDEX.csv,팔레트·재질·형상·레벨/보스 규모·밀도·역할별 프레임/시간 차이 허용,해당 없음,검푸른 먹물 방울이 불규칙 꽃잎처럼 터지는 얼룩. ‘옥토퍼스 / 먹물 폭발’ 전용 소재이며 몬스터 본체는 VFX에 직접 넣지 않음 | SkillEffect applies FlipX for directional attacks; delayed layer samples caster position at SpawnLayer execution; map entity then applies drift,원화 유지,NO,NO,D:\maplestory_levup\docs\art\output_audit\runs\20260912_162508_msw_origin_art_review\CROSS_AREA_STYLE_BOARD\area_04_m_octopus_CAST_VFX_NATIVE.png,,"PNG 원본을 동일 RGB(32,38,48) 배경에 1:1 합성. 확대는 동일 128px 영역 2배 NEAREST. 큰 보드의 도구 축소 표시 가능; 이탈 상세는 1600px 보드에서 추가 대조",전 프레임 순서상 형성/변화/해체/잔상 대조. 실시간 재생의 체감 리듬 및 엔진 합성은 미검증,NOT_CHECKED: 게임 내 최종 배율/카메라/필터/배경에서의 선명도 미검증. 명세 배율만으로 런타임 표시를 보았다고 하지 않음,NO_OBVIOUS_ISSUE,기존 파일검사 재사용,TARGET_OUTPUT
area_04,m_stirge,스티지,s_mon_stirge,밤의 감각,ICON,CONSISTENT_WITH_REFERENCE,D:\maplestory_levup\docs\art\output_repacked\20260912_153221_v24_repack\AREA_04_IMAGES_OUTPUT.zip,AREA_04_IMAGES_OUTPUT/ICON/002_m_stirge_s_mon_stirge_ICON.png,"{""AREA_04_IMAGES_OUTPUT/ICON/002_m_stirge_s_mon_stirge_ICON.png"": ""abd16166cad027da5ad72f692972bca8edfc98c71982326c44a64f332897fcab""}",D:\maplestory_levup\docs\art\images-input-packages-v2_4\AREA_04_IMAGES_INPUT_V2_4.zip,V2.4,AREA_04_IMAGES_INPUT_V2_4/monsters/002_m_stirge_스티지/GENERATION_SPEC.md,박쥐 초음파 같은 얇은 야간 파문과 붉은 감지점. ‘스티지 / 밤의 감각’ 전용 소재이며 몬스터 본체는 VFX에 직접 넣지 않음,static / static,none,ICON 原寸 전체,붉은 감지점 주위에 남보라 동심 파동이 벌어졌다 줄어드는 저밀도 탐지 표현,D:\maplestory_levup\docs\art\area00-images-output\AREA_00_IMAGES_OUTPUT_ORIGINAL.zip,AREA_00_IMAGES_OUTPUT/monsters/002_m_blue_snail_파란_달팽이/ICON/002_m_blue_snail_s_mon_blue_snail_ICON.png,AREA00 실제 승인 원화. 해당 보드의 기준 프레임 + ART_STYLE_STANDARD의 전체 기준. 고유 모양/저레벨 규모를 요구하지 않음,"먹물은 광택 있는 액체, 망령 손자국/안개는 차가운 반투명, 셰이드는 가는 보라 경계와 어두운 곡면으로 표현한다. 어두움 자체는 결함이 아니다.",동일 몬스터의 실제 ICON 및 모든 VFX 역할 대조. 색·소재·반사광 관계에서 명백한 이탈 없음,"먹물은 광택 있는 액체, 망령 손자국/안개는 차가운 반투명, 셰이드는 가는 보라 경계와 어두운 곡면으로 표현한다. 어두움 자체는 결함이 아니다.",AREA00 기준 + 전체 Area의 동일 역할 보드 대조; 다수결 기준 사용 안 함. 추가 소재 비교는 CROSS_AREA_MATERIAL_BOARD_INDEX.csv,팔레트·재질·형상·레벨/보스 규모·밀도·역할별 프레임/시간 차이 허용,해당 없음,박쥐 초음파 같은 얇은 야간 파문과 붉은 감지점. ‘스티지 / 밤의 감각’ 전용 소재이며 몬스터 본체는 VFX에 직접 넣지 않음 | none,원화 유지,NO,NO,D:\maplestory_levup\docs\art\output_audit\runs\20260912_162508_msw_origin_art_review\CROSS_AREA_STYLE_BOARD\area_04_ICON_NATIVE.png,,"PNG 원본을 동일 RGB(32,38,48) 배경에 1:1 합성. 확대는 동일 128px 영역 2배 NEAREST. 큰 보드의 도구 축소 표시 가능; 이탈 상세는 1600px 보드에서 추가 대조",전 프레임 순서상 형성/변화/해체/잔상 대조. 실시간 재생의 체감 리듬 및 엔진 합성은 미검증,NOT_CHECKED: 게임 내 최종 배율/카메라/필터/배경에서의 선명도 미검증. 명세 배율만으로 런타임 표시를 보았다고 하지 않음,NO_OBVIOUS_ISSUE,기존 파일검사 재사용,TARGET_OUTPUT
area_04,m_stirge,스티지,s_mon_stirge,밤의 감각,REFERENCE_VFX,CONSISTENT_WITH_REFERENCE,D:\maplestory_levup\docs\art\output_repacked\20260912_153221_v24_repack\AREA_04_IMAGES_OUTPUT.zip,AREA_04_IMAGES_OUTPUT/REFERENCE/002_m_stirge_s_mon_stirge_REFERENCE_F00.png|AREA_04_IMAGES_OUTPUT/REFERENCE/002_m_stirge_s_mon_stirge_REFERENCE_F01.png|AREA_04_IMAGES_OUTPUT/REFERENCE/002_m_stirge_s_mon_stirge_REFERENCE_F02.png|AREA_04_IMAGES_OUTPUT/REFERENCE/002_m_stirge_s_mon_stirge_REFERENCE_F03.png|AREA_04_IMAGES_OUTPUT/REFERENCE/002_m_stirge_s_mon_stirge_REFERENCE_F04.png|AREA_04_IMAGES_OUTPUT/REFERENCE/002_m_stirge_s_mon_stirge_REFERENCE_F05.png,"{""AREA_04_IMAGES_OUTPUT/REFERENCE/002_m_stirge_s_mon_stirge_REFERENCE_F00.png"": ""52ff12260aad1d05e5f2c25039c26c1f5c055571e209eca0185e1fb698f76150"", ""AREA_04_IMAGES_OUTPUT/REFERENCE/002_m_stirge_s_mon_stirge_REFERENCE_F01.png"": ""2529d6c144289bb373ae196fca05b68f36264c3901350f86b0ed98793780caa8"", ""AREA_04_IMAGES_OUTPUT/REFERENCE/002_m_stirge_s_mon_stirge_REFERENCE_F02.png"": ""da363ae7010558f3dd4d1ccea943f7be2070b4ec9b7c418e8d224973e2d2a777"", ""AREA_04_IMAGES_OUTPUT/REFERENCE/002_m_stirge_s_mon_stirge_REFERENCE_F03.png"": ""97a16413f293d76c892275aee3693640592e7a9ae8a04ac32bd6ac97e5c83ba0"", ""AREA_04_IMAGES_OUTPUT/REFERENCE/002_m_stirge_s_mon_stirge_REFERENCE_F04.png"": ""16fa2d473031301ed02cf6dfc713bb3022d6b45f80dee7946ac5fe5814557c85"", ""AREA_04_IMAGES_OUTPUT/REFERENCE/002_m_stirge_s_mon_stirge_REFERENCE_F05.png"": ""0911bc0d3386b18bab416823d44eac8ac6e14442e05494f71029a07ca0f97fc9""}",D:\maplestory_levup\docs\art\images-input-packages-v2_4\AREA_04_IMAGES_INPUT_V2_4.zip,V2.4,AREA_04_IMAGES_INPUT_V2_4/monsters/002_m_stirge_스티지/GENERATION_SPEC.md,박쥐 초음파 같은 얇은 야간 파문과 붉은 감지점. ‘스티지 / 밤의 감각’ 전용 소재이며 몬스터 본체는 VFX에 직접 넣지 않음,0.10 / preview-only non-loop,preview only; no engine motion/FlipX contract,F00–F05 전체를 순서대로 직접 대조,붉은 감지점 주위에 남보라 동심 파동이 벌어졌다 줄어드는 저밀도 탐지 표현,D:\maplestory_levup\docs\art\area00-images-output\AREA_00_IMAGES_OUTPUT_ORIGINAL.zip,AREA_00_IMAGES_OUTPUT/monsters/002_m_blue_snail_파란_달팽이/VFX/002_m_blue_snail_s_mon_blue_snail_F04.png,AREA00 실제 승인 원화. 해당 보드의 기준 프레임 + ART_STYLE_STANDARD의 전체 기준. 고유 모양/저레벨 규모를 요구하지 않음,"먹물은 광택 있는 액체, 망령 손자국/안개는 차가운 반투명, 셰이드는 가는 보라 경계와 어두운 곡면으로 표현한다. 어두움 자체는 결함이 아니다.",동일 몬스터의 실제 ICON 및 모든 VFX 역할 대조. 색·소재·반사광 관계에서 명백한 이탈 없음,"먹물은 광택 있는 액체, 망령 손자국/안개는 차가운 반투명, 셰이드는 가는 보라 경계와 어두운 곡면으로 표현한다. 어두움 자체는 결함이 아니다.",AREA00 기준 + 전체 Area의 동일 역할 보드 대조; 다수결 기준 사용 안 함. 추가 소재 비교는 CROSS_AREA_MATERIAL_BOARD_INDEX.csv,팔레트·재질·형상·레벨/보스 규모·밀도·역할별 프레임/시간 차이 허용,해당 없음,박쥐 초음파 같은 얇은 야간 파문과 붉은 감지점. ‘스티지 / 밤의 감각’ 전용 소재이며 몬스터 본체는 VFX에 직접 넣지 않음 | preview only; no engine motion/FlipX contract,원화 유지,NO,NO,D:\maplestory_levup\docs\art\output_audit\runs\20260912_162508_msw_origin_art_review\CROSS_AREA_STYLE_BOARD\area_04_m_stirge_REFERENCE_VFX_NATIVE.png,,"PNG 원본을 동일 RGB(32,38,48) 배경에 1:1 합성. 확대는 동일 128px 영역 2배 NEAREST. 큰 보드의 도구 축소 표시 가능; 이탈 상세는 1600px 보드에서 추가 대조",전 프레임 순서상 형성/변화/해체/잔상 대조. 실시간 재생의 체감 리듬 및 엔진 합성은 미검증,NOT_CHECKED: 게임 내 최종 배율/카메라/필터/배경에서의 선명도 미검증. 명세 배율만으로 런타임 표시를 보았다고 하지 않음,NO_OBVIOUS_ISSUE,기존 파일검사 재사용,TARGET_OUTPUT
area_04,m_jr_wraith,주니어 레이스,s_mon_jr_wraith,망령 충격,ICON,CONSISTENT_WITH_REFERENCE,D:\maplestory_levup\docs\art\output_repacked\20260912_153221_v24_repack\AREA_04_IMAGES_OUTPUT.zip,AREA_04_IMAGES_OUTPUT/ICON/003_m_jr_wraith_s_mon_jr_wraith_ICON.png,"{""AREA_04_IMAGES_OUTPUT/ICON/003_m_jr_wraith_s_mon_jr_wraith_ICON.png"": ""19db9bdea0c9b2c09c90121ed0d823e7422cd06c3f9999ad0e67591dd04af184""}",D:\maplestory_levup\docs\art\images-input-packages-v2_4\AREA_04_IMAGES_INPUT_V2_4.zip,V2.4,AREA_04_IMAGES_INPUT_V2_4/monsters/003_m_jr_wraith_주니어_레이스/GENERATION_SPEC.md,반투명 망령 손자국이 순간 겹치며 터지는 냉기 충격. ‘주니어 레이스 / 망령 충격’ 전용 소재이며 몬스터 본체는 VFX에 직접 넣지 않음,static / static,none,ICON 原寸 전체,반투명 푸른 손자국이 냉기 원과 함께 선명해지고 가시형 충격 뒤 흐릿해짐,D:\maplestory_levup\docs\art\area00-images-output\AREA_00_IMAGES_OUTPUT_ORIGINAL.zip,AREA_00_IMAGES_OUTPUT/monsters/002_m_blue_snail_파란_달팽이/ICON/002_m_blue_snail_s_mon_blue_snail_ICON.png,AREA00 실제 승인 원화. 해당 보드의 기준 프레임 + ART_STYLE_STANDARD의 전체 기준. 고유 모양/저레벨 규모를 요구하지 않음,"먹물은 광택 있는 액체, 망령 손자국/안개는 차가운 반투명, 셰이드는 가는 보라 경계와 어두운 곡면으로 표현한다. 어두움 자체는 결함이 아니다.",동일 몬스터의 실제 ICON 및 모든 VFX 역할 대조. 색·소재·반사광 관계에서 명백한 이탈 없음,"먹물은 광택 있는 액체, 망령 손자국/안개는 차가운 반투명, 셰이드는 가는 보라 경계와 어두운 곡면으로 표현한다. 어두움 자체는 결함이 아니다.",AREA00 기준 + 전체 Area의 동일 역할 보드 대조; 다수결 기준 사용 안 함. 추가 소재 비교는 CROSS_AREA_MATERIAL_BOARD_INDEX.csv,팔레트·재질·형상·레벨/보스 규모·밀도·역할별 프레임/시간 차이 허용,해당 없음,반투명 망령 손자국이 순간 겹치며 터지는 냉기 충격. ‘주니어 레이스 / 망령 충격’ 전용 소재이며 몬스터 본체는 VFX에 직접 넣지 않음 | none,원화 유지,NO,NO,D:\maplestory_levup\docs\art\output_audit\runs\20260912_162508_msw_origin_art_review\CROSS_AREA_STYLE_BOARD\area_04_ICON_NATIVE.png,,"PNG 원본을 동일 RGB(32,38,48) 배경에 1:1 합성. 확대는 동일 128px 영역 2배 NEAREST. 큰 보드의 도구 축소 표시 가능; 이탈 상세는 1600px 보드에서 추가 대조",전 프레임 순서상 형성/변화/해체/잔상 대조. 실시간 재생의 체감 리듬 및 엔진 합성은 미검증,NOT_CHECKED: 게임 내 최종 배율/카메라/필터/배경에서의 선명도 미검증. 명세 배율만으로 런타임 표시를 보았다고 하지 않음,NO_OBVIOUS_ISSUE,기존 파일검사 재사용,TARGET_OUTPUT
area_04,m_jr_wraith,주니어 레이스,s_mon_jr_wraith,망령 충격,CAST_VFX,CONSISTENT_WITH_REFERENCE,D:\maplestory_levup\docs\art\output_repacked\20260912_153221_v24_repack\AREA_04_IMAGES_OUTPUT.zip,AREA_04_IMAGES_OUTPUT/CAST/003_m_jr_wraith_s_mon_jr_wraith_CAST_F00.png|AREA_04_IMAGES_OUTPUT/CAST/003_m_jr_wraith_s_mon_jr_wraith_CAST_F01.png|AREA_04_IMAGES_OUTPUT/CAST/003_m_jr_wraith_s_mon_jr_wraith_CAST_F02.png|AREA_04_IMAGES_OUTPUT/CAST/003_m_jr_wraith_s_mon_jr_wraith_CAST_F03.png|AREA_04_IMAGES_OUTPUT/CAST/003_m_jr_wraith_s_mon_jr_wraith_CAST_F04.png|AREA_04_IMAGES_OUTPUT/CAST/003_m_jr_wraith_s_mon_jr_wraith_CAST_F05.png|AREA_04_IMAGES_OUTPUT/CAST/003_m_jr_wraith_s_mon_jr_wraith_CAST_F06.png|AREA_04_IMAGES_OUTPUT/CAST/003_m_jr_wraith_s_mon_jr_wraith_CAST_F07.png,"{""AREA_04_IMAGES_OUTPUT/CAST/003_m_jr_wraith_s_mon_jr_wraith_CAST_F00.png"": ""92f2e1fbcf12ed514f16e6259ef5225fc6bc30f110efbbe98bdcbe0c09cf8192"", ""AREA_04_IMAGES_OUTPUT/CAST/003_m_jr_wraith_s_mon_jr_wraith_CAST_F01.png"": ""14e50eeabf04435920cf6785a3f96d5b02ca0090a5f76060e3d8fa92643e1159"", ""AREA_04_IMAGES_OUTPUT/CAST/003_m_jr_wraith_s_mon_jr_wraith_CAST_F02.png"": ""d203cdda070479f1b02990c60fb4acadec9e1f3397bbb15beb703408fac8a23a"", ""AREA_04_IMAGES_OUTPUT/CAST/003_m_jr_wraith_s_mon_jr_wraith_CAST_F03.png"": ""ac9f58408a5f656e9ce1eadff3f76cc439126fcd0d7f2835d15287c2f7b1358f"", ""AREA_04_IMAGES_OUTPUT/CAST/003_m_jr_wraith_s_mon_jr_wraith_CAST_F04.png"": ""dc82e116d5b54b865347d50e117e5d477b5382dc6fde24eab768399ff283f7a2"", ""AREA_04_IMAGES_OUTPUT/CAST/003_m_jr_wraith_s_mon_jr_wraith_CAST_F05.png"": ""b9a9d38fb24f25cf02ace4207ccdb3014920b2bddf80479b4af4fe3f04d11da9"", ""AREA_04_IMAGES_OUTPUT/CAST/003_m_jr_wraith_s_mon_jr_wraith_CAST_F06.png"": ""6685b20a4a8aff654a25abfe2c580140694f5308327cc384ac09588083c30ddf"", ""AREA_04_IMAGES_OUTPUT/CAST/003_m_jr_wraith_s_mon_jr_wraith_CAST_F07.png"": ""882572e406e190ff4c3246678f1adb143699a7d037973ef9f47d9f02690be02d""}",D:\maplestory_levup\docs\art\images-input-packages-v2_4\AREA_04_IMAGES_INPUT_V2_4.zip,V2.4,AREA_04_IMAGES_INPUT_V2_4/monsters/003_m_jr_wraith_주니어_레이스/GENERATION_SPEC.md,반투명 망령 손자국이 순간 겹치며 터지는 냉기 충격. ‘주니어 레이스 / 망령 충격’ 전용 소재이며 몬스터 본체는 VFX에 직접 넣지 않음,0.10 / non-loop one-shot,SkillEffect applies FlipX for directional attacks; delayed layer samples caster position at SpawnLayer execution; map entity then applies drift,F00–F07 전체를 순서대로 직접 대조,반투명 푸른 손자국이 냉기 원과 함께 선명해지고 가시형 충격 뒤 흐릿해짐,D:\maplestory_levup\docs\art\area00-images-output\AREA_00_IMAGES_OUTPUT_ORIGINAL.zip,AREA_00_IMAGES_OUTPUT/monsters/005_m_slime_슬라임/VFX/005_m_slime_s_mon_slime_F04.png,AREA00 실제 승인 원화. 해당 보드의 기준 프레임 + ART_STYLE_STANDARD의 전체 기준. 고유 모양/저레벨 규모를 요구하지 않음,"먹물은 광택 있는 액체, 망령 손자국/안개는 차가운 반투명, 셰이드는 가는 보라 경계와 어두운 곡면으로 표현한다. 어두움 자체는 결함이 아니다.",동일 몬스터의 실제 ICON 및 모든 VFX 역할 대조. 색·소재·반사광 관계에서 명백한 이탈 없음,"먹물은 광택 있는 액체, 망령 손자국/안개는 차가운 반투명, 셰이드는 가는 보라 경계와 어두운 곡면으로 표현한다. 어두움 자체는 결함이 아니다.",AREA00 기준 + 전체 Area의 동일 역할 보드 대조; 다수결 기준 사용 안 함. 추가 소재 비교는 CROSS_AREA_MATERIAL_BOARD_INDEX.csv,팔레트·재질·형상·레벨/보스 규모·밀도·역할별 프레임/시간 차이 허용,해당 없음,반투명 망령 손자국이 순간 겹치며 터지는 냉기 충격. ‘주니어 레이스 / 망령 충격’ 전용 소재이며 몬스터 본체는 VFX에 직접 넣지 않음 | SkillEffect applies FlipX for directional attacks; delayed layer samples caster position at SpawnLayer execution; map entity then applies drift,원화 유지,NO,NO,D:\maplestory_levup\docs\art\output_audit\runs\20260912_162508_msw_origin_art_review\CROSS_AREA_STYLE_BOARD\area_04_m_jr_wraith_CAST_VFX_NATIVE.png,,"PNG 원본을 동일 RGB(32,38,48) 배경에 1:1 합성. 확대는 동일 128px 영역 2배 NEAREST. 큰 보드의 도구 축소 표시 가능; 이탈 상세는 1600px 보드에서 추가 대조",전 프레임 순서상 형성/변화/해체/잔상 대조. 실시간 재생의 체감 리듬 및 엔진 합성은 미검증,NOT_CHECKED: 게임 내 최종 배율/카메라/필터/배경에서의 선명도 미검증. 명세 배율만으로 런타임 표시를 보았다고 하지 않음,NO_OBVIOUS_ISSUE,기존 파일검사 재사용,TARGET_OUTPUT
area_04,m_wraith,레이스,s_mon_wraith,원혼의 기운,ICON,CONSISTENT_WITH_REFERENCE,D:\maplestory_levup\docs\art\output_repacked\20260912_153221_v24_repack\AREA_04_IMAGES_OUTPUT.zip,AREA_04_IMAGES_OUTPUT/ICON/004_m_wraith_s_mon_wraith_ICON.png,"{""AREA_04_IMAGES_OUTPUT/ICON/004_m_wraith_s_mon_wraith_ICON.png"": ""d6264b1fe76138b602b782e040d4266acc676d64393b1083583cccfb2524a176""}",D:\maplestory_levup\docs\art\images-input-packages-v2_4\AREA_04_IMAGES_INPUT_V2_4.zip,V2.4,AREA_04_IMAGES_INPUT_V2_4/monsters/004_m_wraith_레이스/GENERATION_SPEC.md,휘어진 혼령 띠와 안쪽을 도는 작은 원혼 불씨. ‘레이스 / 원혼의 기운’ 전용 소재이며 몬스터 본체는 VFX에 직접 넣지 않음,static / static,none,ICON 原寸 전체,청록 혼불 꼬리와 작은 불씨가 한 덩어리로 숨 쉬듯 커졌다가 잔불로 줄어듦,D:\maplestory_levup\docs\art\area00-images-output\AREA_00_IMAGES_OUTPUT_ORIGINAL.zip,AREA_00_IMAGES_OUTPUT/monsters/002_m_blue_snail_파란_달팽이/ICON/002_m_blue_snail_s_mon_blue_snail_ICON.png,AREA00 실제 승인 원화. 해당 보드의 기준 프레임 + ART_STYLE_STANDARD의 전체 기준. 고유 모양/저레벨 규모를 요구하지 않음,"먹물은 광택 있는 액체, 망령 손자국/안개는 차가운 반투명, 셰이드는 가는 보라 경계와 어두운 곡면으로 표현한다. 어두움 자체는 결함이 아니다.",동일 몬스터의 실제 ICON 및 모든 VFX 역할 대조. 색·소재·반사광 관계에서 명백한 이탈 없음,"먹물은 광택 있는 액체, 망령 손자국/안개는 차가운 반투명, 셰이드는 가는 보라 경계와 어두운 곡면으로 표현한다. 어두움 자체는 결함이 아니다.",AREA00 기준 + 전체 Area의 동일 역할 보드 대조; 다수결 기준 사용 안 함. 추가 소재 비교는 CROSS_AREA_MATERIAL_BOARD_INDEX.csv,팔레트·재질·형상·레벨/보스 규모·밀도·역할별 프레임/시간 차이 허용,해당 없음,휘어진 혼령 띠와 안쪽을 도는 작은 원혼 불씨. ‘레이스 / 원혼의 기운’ 전용 소재이며 몬스터 본체는 VFX에 직접 넣지 않음 | none,원화 유지,NO,NO,D:\maplestory_levup\docs\art\output_audit\runs\20260912_162508_msw_origin_art_review\CROSS_AREA_STYLE_BOARD\area_04_ICON_NATIVE.png,,"PNG 원본을 동일 RGB(32,38,48) 배경에 1:1 합성. 확대는 동일 128px 영역 2배 NEAREST. 큰 보드의 도구 축소 표시 가능; 이탈 상세는 1600px 보드에서 추가 대조",전 프레임 순서상 형성/변화/해체/잔상 대조. 실시간 재생의 체감 리듬 및 엔진 합성은 미검증,NOT_CHECKED: 게임 내 최종 배율/카메라/필터/배경에서의 선명도 미검증. 명세 배율만으로 런타임 표시를 보았다고 하지 않음,NO_OBVIOUS_ISSUE,기존 파일검사 재사용,TARGET_OUTPUT
area_04,m_wraith,레이스,s_mon_wraith,원혼의 기운,REFERENCE_VFX,CONSISTENT_WITH_REFERENCE,D:\maplestory_levup\docs\art\output_repacked\20260912_153221_v24_repack\AREA_04_IMAGES_OUTPUT.zip,AREA_04_IMAGES_OUTPUT/REFERENCE/004_m_wraith_s_mon_wraith_REFERENCE_F00.png|AREA_04_IMAGES_OUTPUT/REFERENCE/004_m_wraith_s_mon_wraith_REFERENCE_F01.png|AREA_04_IMAGES_OUTPUT/REFERENCE/004_m_wraith_s_mon_wraith_REFERENCE_F02.png|AREA_04_IMAGES_OUTPUT/REFERENCE/004_m_wraith_s_mon_wraith_REFERENCE_F03.png|AREA_04_IMAGES_OUTPUT/REFERENCE/004_m_wraith_s_mon_wraith_REFERENCE_F04.png|AREA_04_IMAGES_OUTPUT/REFERENCE/004_m_wraith_s_mon_wraith_REFERENCE_F05.png,"{""AREA_04_IMAGES_OUTPUT/REFERENCE/004_m_wraith_s_mon_wraith_REFERENCE_F00.png"": ""505d3cd3890e8e922c64c8b0fbc8c24e9bd9d2c30573ec51d77598c81ba60365"", ""AREA_04_IMAGES_OUTPUT/REFERENCE/004_m_wraith_s_mon_wraith_REFERENCE_F01.png"": ""55c8894c7ce987f085ab25d155360b1e2ef4d7140369d6afb9ec2a9ae7c67b05"", ""AREA_04_IMAGES_OUTPUT/REFERENCE/004_m_wraith_s_mon_wraith_REFERENCE_F02.png"": ""07783623989639287f7d6c1c310ed8b3ca3b8cc606bd081feb3db81036c81485"", ""AREA_04_IMAGES_OUTPUT/REFERENCE/004_m_wraith_s_mon_wraith_REFERENCE_F03.png"": ""55373e17532374e4b1d6a2f0bfbf582313c88fc65b770336c5e11567f586234a"", ""AREA_04_IMAGES_OUTPUT/REFERENCE/004_m_wraith_s_mon_wraith_REFERENCE_F04.png"": ""455b3309540a8ae07469f5ff2a0b3d0232053963a2aaac7978b0eb1e9cce61c3"", ""AREA_04_IMAGES_OUTPUT/REFERENCE/004_m_wraith_s_mon_wraith_REFERENCE_F05.png"": ""ad7a0f3b7f891d899801bf249e759fd94f101fee5b741bf1cf7f9491e9e72b70""}",D:\maplestory_levup\docs\art\images-input-packages-v2_4\AREA_04_IMAGES_INPUT_V2_4.zip,V2.4,AREA_04_IMAGES_INPUT_V2_4/monsters/004_m_wraith_레이스/GENERATION_SPEC.md,휘어진 혼령 띠와 안쪽을 도는 작은 원혼 불씨. ‘레이스 / 원혼의 기운’ 전용 소재이며 몬스터 본체는 VFX에 직접 넣지 않음,0.10 / preview-only non-loop,preview only; no engine motion/FlipX contract,F00–F05 전체를 순서대로 직접 대조,청록 혼불 꼬리와 작은 불씨가 한 덩어리로 숨 쉬듯 커졌다가 잔불로 줄어듦,D:\maplestory_levup\docs\art\area00-images-output\AREA_00_IMAGES_OUTPUT_ORIGINAL.zip,AREA_00_IMAGES_OUTPUT/monsters/002_m_blue_snail_파란_달팽이/VFX/002_m_blue_snail_s_mon_blue_snail_F04.png,AREA00 실제 승인 원화. 해당 보드의 기준 프레임 + ART_STYLE_STANDARD의 전체 기준. 고유 모양/저레벨 규모를 요구하지 않음,"먹물은 광택 있는 액체, 망령 손자국/안개는 차가운 반투명, 셰이드는 가는 보라 경계와 어두운 곡면으로 표현한다. 어두움 자체는 결함이 아니다.",동일 몬스터의 실제 ICON 및 모든 VFX 역할 대조. 색·소재·반사광 관계에서 명백한 이탈 없음,"먹물은 광택 있는 액체, 망령 손자국/안개는 차가운 반투명, 셰이드는 가는 보라 경계와 어두운 곡면으로 표현한다. 어두움 자체는 결함이 아니다.",AREA00 기준 + 전체 Area의 동일 역할 보드 대조; 다수결 기준 사용 안 함. 추가 소재 비교는 CROSS_AREA_MATERIAL_BOARD_INDEX.csv,팔레트·재질·형상·레벨/보스 규모·밀도·역할별 프레임/시간 차이 허용,해당 없음,휘어진 혼령 띠와 안쪽을 도는 작은 원혼 불씨. ‘레이스 / 원혼의 기운’ 전용 소재이며 몬스터 본체는 VFX에 직접 넣지 않음 | preview only; no engine motion/FlipX contract,원화 유지,NO,NO,D:\maplestory_levup\docs\art\output_audit\runs\20260912_162508_msw_origin_art_review\CROSS_AREA_STYLE_BOARD\area_04_m_wraith_REFERENCE_VFX_NATIVE.png,,"PNG 원본을 동일 RGB(32,38,48) 배경에 1:1 합성. 확대는 동일 128px 영역 2배 NEAREST. 큰 보드의 도구 축소 표시 가능; 이탈 상세는 1600px 보드에서 추가 대조",전 프레임 순서상 형성/변화/해체/잔상 대조. 실시간 재생의 체감 리듬 및 엔진 합성은 미검증,NOT_CHECKED: 게임 내 최종 배율/카메라/필터/배경에서의 선명도 미검증. 명세 배율만으로 런타임 표시를 보았다고 하지 않음,NO_OBVIOUS_ISSUE,기존 파일검사 재사용,TARGET_OUTPUT
area_04,m_shade,셰이드,s_mon_shade,심연의 장막,ICON,CONSISTENT_WITH_REFERENCE,D:\maplestory_levup\docs\art\output_repacked\20260912_153221_v24_repack\AREA_04_IMAGES_OUTPUT.zip,AREA_04_IMAGES_OUTPUT/ICON/005_m_shade_s_mon_shade_ICON.png,"{""AREA_04_IMAGES_OUTPUT/ICON/005_m_shade_s_mon_shade_ICON.png"": ""e0d4d72c7f912f4c35e79ba8122b9d0c5c90d200ca8b2f87a5291aef6f7659da""}",D:\maplestory_levup\docs\art\images-input-packages-v2_4\AREA_04_IMAGES_INPUT_V2_4.zip,V2.4,AREA_04_IMAGES_INPUT_V2_4/monsters/005_m_shade_셰이드/GENERATION_SPEC.md,빛을 삼키는 반투명 장막과 가장자리의 보랏빛 잔광. ‘셰이드 / 심연의 장막’ 전용 소재이며 몬스터 본체는 VFX에 직접 넣지 않음,static / static,none,ICON 原寸 전체,검보라 장막 원이 층을 이루며 커져 밝은 심연 중심을 만들고 조각·연기로 해체,D:\maplestory_levup\docs\art\area00-images-output\AREA_00_IMAGES_OUTPUT_ORIGINAL.zip,AREA_00_IMAGES_OUTPUT/monsters/002_m_blue_snail_파란_달팽이/ICON/002_m_blue_snail_s_mon_blue_snail_ICON.png,AREA00 실제 승인 원화. 해당 보드의 기준 프레임 + ART_STYLE_STANDARD의 전체 기준. 고유 모양/저레벨 규모를 요구하지 않음,"먹물은 광택 있는 액체, 망령 손자국/안개는 차가운 반투명, 셰이드는 가는 보라 경계와 어두운 곡면으로 표현한다. 어두움 자체는 결함이 아니다.",동일 몬스터의 실제 ICON 및 모든 VFX 역할 대조. 색·소재·반사광 관계에서 명백한 이탈 없음,"먹물은 광택 있는 액체, 망령 손자국/안개는 차가운 반투명, 셰이드는 가는 보라 경계와 어두운 곡면으로 표현한다. 어두움 자체는 결함이 아니다.",AREA00 기준 + 전체 Area의 동일 역할 보드 대조; 다수결 기준 사용 안 함. 추가 소재 비교는 CROSS_AREA_MATERIAL_BOARD_INDEX.csv,팔레트·재질·형상·레벨/보스 규모·밀도·역할별 프레임/시간 차이 허용,해당 없음,빛을 삼키는 반투명 장막과 가장자리의 보랏빛 잔광. ‘셰이드 / 심연의 장막’ 전용 소재이며 몬스터 본체는 VFX에 직접 넣지 않음 | none,원화 유지,NO,NO,D:\maplestory_levup\docs\art\output_audit\runs\20260912_162508_msw_origin_art_review\CROSS_AREA_STYLE_BOARD\area_04_ICON_NATIVE.png,,"PNG 원본을 동일 RGB(32,38,48) 배경에 1:1 합성. 확대는 동일 128px 영역 2배 NEAREST. 큰 보드의 도구 축소 표시 가능; 이탈 상세는 1600px 보드에서 추가 대조",전 프레임 순서상 형성/변화/해체/잔상 대조. 실시간 재생의 체감 리듬 및 엔진 합성은 미검증,NOT_CHECKED: 게임 내 최종 배율/카메라/필터/배경에서의 선명도 미검증. 명세 배율만으로 런타임 표시를 보았다고 하지 않음,NO_OBVIOUS_ISSUE,기존 파일검사 재사용,TARGET_OUTPUT
area_04,m_shade,셰이드,s_mon_shade,심연의 장막,CAST_VFX,CONSISTENT_WITH_REFERENCE,D:\maplestory_levup\docs\art\output_repacked\20260912_153221_v24_repack\AREA_04_IMAGES_OUTPUT.zip,AREA_04_IMAGES_OUTPUT/CAST/005_m_shade_s_mon_shade_CAST_F00.png|AREA_04_IMAGES_OUTPUT/CAST/005_m_shade_s_mon_shade_CAST_F01.png|AREA_04_IMAGES_OUTPUT/CAST/005_m_shade_s_mon_shade_CAST_F02.png|AREA_04_IMAGES_OUTPUT/CAST/005_m_shade_s_mon_shade_CAST_F03.png|AREA_04_IMAGES_OUTPUT/CAST/005_m_shade_s_mon_shade_CAST_F04.png|AREA_04_IMAGES_OUTPUT/CAST/005_m_shade_s_mon_shade_CAST_F05.png|AREA_04_IMAGES_OUTPUT/CAST/005_m_shade_s_mon_shade_CAST_F06.png|AREA_04_IMAGES_OUTPUT/CAST/005_m_shade_s_mon_shade_CAST_F07.png|AREA_04_IMAGES_OUTPUT/CAST/005_m_shade_s_mon_shade_CAST_F08.png|AREA_04_IMAGES_OUTPUT/CAST/005_m_shade_s_mon_shade_CAST_F09.png|AREA_04_IMAGES_OUTPUT/CAST/005_m_shade_s_mon_shade_CAST_F10.png|AREA_04_IMAGES_OUTPUT/CAST/005_m_shade_s_mon_shade_CAST_F11.png,"{""AREA_04_IMAGES_OUTPUT/CAST/005_m_shade_s_mon_shade_CAST_F00.png"": ""781268c9543741895b4ac1b687bfec23fb7eef266a2d3467e7b9b90c17725c39"", ""AREA_04_IMAGES_OUTPUT/CAST/005_m_shade_s_mon_shade_CAST_F01.png"": ""e0f49a52a6ae26160094a2450f12adf6b39e48d0de969f7d83e1378fc70fd11f"", ""AREA_04_IMAGES_OUTPUT/CAST/005_m_shade_s_mon_shade_CAST_F02.png"": ""d0a0b2cc3cba720945008bbc3af581b9a43967380b4fb2668e6ab1e05572b0ae"", ""AREA_04_IMAGES_OUTPUT/CAST/005_m_shade_s_mon_shade_CAST_F03.png"": ""86cb23718edd7f3ba8349175270a0535640b9d0d1574e58bd29f632ca8dec299"", ""AREA_04_IMAGES_OUTPUT/CAST/005_m_shade_s_mon_shade_CAST_F04.png"": ""a11133a65d0c6076244c5adf41bade9f9b5125b4b5a8cab6a474ac9370840942"", ""AREA_04_IMAGES_OUTPUT/CAST/005_m_shade_s_mon_shade_CAST_F05.png"": ""4051d917837e72681b0ebb9f68adda22f26ec741b6e4f96465cea2222b5a8a06"", ""AREA_04_IMAGES_OUTPUT/CAST/005_m_shade_s_mon_shade_CAST_F06.png"": ""51225016e8ec386f3f179688ad2520b2a6966bbc5f96ccc24bc6d4baa09fc117"", ""AREA_04_IMAGES_OUTPUT/CAST/005_m_shade_s_mon_shade_CAST_F07.png"": ""7999775621a360936b2fb836f61daf29c5c2affd1282f4390e56a9966c32e260"", ""AREA_04_IMAGES_OUTPUT/CAST/005_m_shade_s_mon_shade_CAST_F08.png"": ""42bec9371533fa001c10a74a364edc7fdca495572ed53a5dcb468610c74bad80"", ""AREA_04_IMAGES_OUTPUT/CAST/005_m_shade_s_mon_shade_CAST_F09.png"": ""389c14dacb6f70a9acf41002e605435bae05c6cdf393c6a20e72522490144666"", ""AREA_04_IMAGES_OUTPUT/CAST/005_m_shade_s_mon_shade_CAST_F10.png"": ""7449f6c040449adee6aece4f0b48c3817b6837fe5929c9f8665eb2658de4a974"", ""AREA_04_IMAGES_OUTPUT/CAST/005_m_shade_s_mon_shade_CAST_F11.png"": ""874b647e872bd244963678e48b5a0db867e0c469ef7679f3dd0e8486992991ac""}",D:\maplestory_levup\docs\art\images-input-packages-v2_4\AREA_04_IMAGES_INPUT_V2_4.zip,V2.4,AREA_04_IMAGES_INPUT_V2_4/monsters/005_m_shade_셰이드/GENERATION_SPEC.md,빛을 삼키는 반투명 장막과 가장자리의 보랏빛 잔광. ‘셰이드 / 심연의 장막’ 전용 소재이며 몬스터 본체는 VFX에 직접 넣지 않음,0.08 / non-loop one-shot,SkillEffect applies FlipX for directional attacks; delayed layer samples caster position at SpawnLayer execution; map entity then applies drift,F00–F11 전체를 순서대로 직접 대조,검보라 장막 원이 층을 이루며 커져 밝은 심연 중심을 만들고 조각·연기로 해체,D:\maplestory_levup\docs\art\area00-images-output\AREA_00_IMAGES_OUTPUT_ORIGINAL.zip,AREA_00_IMAGES_OUTPUT/monsters/004_m_mano_마노/VFX/004_m_mano_s_mon_mano_F06.png,AREA00 실제 승인 원화. 해당 보드의 기준 프레임 + ART_STYLE_STANDARD의 전체 기준. 고유 모양/저레벨 규모를 요구하지 않음,"먹물은 광택 있는 액체, 망령 손자국/안개는 차가운 반투명, 셰이드는 가는 보라 경계와 어두운 곡면으로 표현한다. 어두움 자체는 결함이 아니다.",동일 몬스터의 실제 ICON 및 모든 VFX 역할 대조. 색·소재·반사광 관계에서 명백한 이탈 없음,"먹물은 광택 있는 액체, 망령 손자국/안개는 차가운 반투명, 셰이드는 가는 보라 경계와 어두운 곡면으로 표현한다. 어두움 자체는 결함이 아니다.",AREA00 기준 + 전체 Area의 동일 역할 보드 대조; 다수결 기준 사용 안 함. 추가 소재 비교는 CROSS_AREA_MATERIAL_BOARD_INDEX.csv,팔레트·재질·형상·레벨/보스 규모·밀도·역할별 프레임/시간 차이 허용,해당 없음,빛을 삼키는 반투명 장막과 가장자리의 보랏빛 잔광. ‘셰이드 / 심연의 장막’ 전용 소재이며 몬스터 본체는 VFX에 직접 넣지 않음 | SkillEffect applies FlipX for directional attacks; delayed layer samples caster position at SpawnLayer execution; map entity then applies drift,원화 유지,NO,NO,D:\maplestory_levup\docs\art\output_audit\runs\20260912_162508_msw_origin_art_review\CROSS_AREA_STYLE_BOARD\area_04_m_shade_CAST_VFX_NATIVE.png,,"PNG 원본을 동일 RGB(32,38,48) 배경에 1:1 합성. 확대는 동일 128px 영역 2배 NEAREST. 큰 보드의 도구 축소 표시 가능; 이탈 상세는 1600px 보드에서 추가 대조",전 프레임 순서상 형성/변화/해체/잔상 대조. 실시간 재생의 체감 리듬 및 엔진 합성은 미검증,NOT_CHECKED: 게임 내 최종 배율/카메라/필터/배경에서의 선명도 미검증. 명세 배율만으로 런타임 표시를 보았다고 하지 않음,NO_OBVIOUS_ISSUE,기존 파일검사 재사용,TARGET_OUTPUT
area_05,m_ribbon_pig,리본 돼지,s_mon_ribbon_pig,리본 돌진,ICON,STYLE_OUTLIER,D:\maplestory_levup\docs\art\output_repacked\20260912_153221_v24_repack\AREA_05_IMAGES_OUTPUT.zip,AREA_05_IMAGES_OUTPUT/ICON/001_m_ribbon_pig_s_mon_ribbon_pig_ICON.png,"{""AREA_05_IMAGES_OUTPUT/ICON/001_m_ribbon_pig_s_mon_ribbon_pig_ICON.png"": ""42416f34713d34bd97894d48fdf27ec752a854d50b640a8f53229241beddebac""}",D:\maplestory_levup\docs\art\images-input-packages-v2_4\AREA_05_IMAGES_INPUT_V2_4.zip,V2.4,AREA_05_IMAGES_INPUT_V2_4/monsters/001_m_ribbon_pig_리본_돼지/GENERATION_SPEC.md,분홍 리본 매듭이 전방으로 길게 풀리는 돌진 궤적. ‘리본 돼지 / 리본 돌진’ 전용 소재이며 몬스터 본체는 VFX에 직접 넣지 않음,static / static,none,ICON 原寸 전체,붉은 리본 매듭에서 분홍 전방 잔상이 터지고 꽃잎형 조각으로 사라짐,D:\maplestory_levup\docs\art\area00-images-output\AREA_00_IMAGES_OUTPUT_ORIGINAL.zip,AREA_00_IMAGES_OUTPUT/monsters/002_m_blue_snail_파란_달팽이/ICON/002_m_blue_snail_s_mon_blue_snail_ICON.png,AREA00 실제 승인 원화. 해당 보드의 기준 프레임 + ART_STYLE_STANDARD의 전체 기준. 고유 모양/저레벨 규모를 요구하지 않음,"256px 원본에서 곡선 외곽과 흰 하이라이트가 굵은 계단형 픽셀 군집으로 끊긴다. AREA00 ICON의 연속적인 곡선·색면 경계와 다르며, 같은 Area의 리본/별가시/집게 CAST는 부드러운 회화적 마감이다.",동일 몬스터의 실제 ICON 및 모든 VFX 역할 대조. 일부 역할의 차이는 아래 별도 후보로 한정,CAST의 리본 곡면·수중 별가시·왕게 집게/파도는 부드러운 명암과 예리한 빛 끝을 유지한다. ICON 및 두 REFERENCE의 픽셀 마감과 분리해서 판정했다.,AREA00 기준 + 전체 Area의 동일 역할 보드 대조; 다수결 기준 사용 안 함. 추가 소재 비교는 CROSS_AREA_MATERIAL_BOARD_INDEX.csv,팔레트·재질·형상·레벨/보스 규모·밀도·역할별 프레임/시간 차이 허용,액체/금속/직물 등 소재 자체보다 픽셀 단위의 외곽·명암·광선 연결 방식이 다른 점을 판정,분홍 리본 매듭이 전방으로 길게 풀리는 돌진 궤적. ‘리본 돼지 / 리본 돌진’ 전용 소재이며 몬스터 본체는 VFX에 직접 넣지 않음 | none,"실루엣·대표색을 유지하고 외곽 계단, 하이라이트의 사각 단위, 명암 경계를 AREA00에 맞춰 정돈",YES,NO,D:\maplestory_levup\docs\art\output_audit\runs\20260912_162508_msw_origin_art_review\CROSS_AREA_STYLE_BOARD\area_05_ICON_NATIVE.png,D:\maplestory_levup\docs\art\output_audit\runs\20260912_162508_msw_origin_art_review\STYLE_OUTLIERS\area_05_m_ribbon_pig_ICON_COMPARE.png,"PNG 원본을 동일 RGB(32,38,48) 배경에 1:1 합성. 확대는 동일 128px 영역 2배 NEAREST. 큰 보드의 도구 축소 표시 가능; 이탈 상세는 1600px 보드에서 추가 대조",전 프레임 순서상 형성/변화/해체/잔상 대조. 실시간 재생의 체감 리듬 및 엔진 합성은 미검증,NOT_CHECKED: 게임 내 최종 배율/카메라/필터/배경에서의 선명도 미검증. 명세 배율만으로 런타임 표시를 보았다고 하지 않음,NO_OBVIOUS_ISSUE,기존 파일검사 재사용,TARGET_OUTPUT
area_05,m_ribbon_pig,리본 돼지,s_mon_ribbon_pig,리본 돌진,CAST_VFX,CONSISTENT_WITH_REFERENCE,D:\maplestory_levup\docs\art\output_repacked\20260912_153221_v24_repack\AREA_05_IMAGES_OUTPUT.zip,AREA_05_IMAGES_OUTPUT/CAST/001_m_ribbon_pig_s_mon_ribbon_pig_CAST_F00.png|AREA_05_IMAGES_OUTPUT/CAST/001_m_ribbon_pig_s_mon_ribbon_pig_CAST_F01.png|AREA_05_IMAGES_OUTPUT/CAST/001_m_ribbon_pig_s_mon_ribbon_pig_CAST_F02.png|AREA_05_IMAGES_OUTPUT/CAST/001_m_ribbon_pig_s_mon_ribbon_pig_CAST_F03.png|AREA_05_IMAGES_OUTPUT/CAST/001_m_ribbon_pig_s_mon_ribbon_pig_CAST_F04.png|AREA_05_IMAGES_OUTPUT/CAST/001_m_ribbon_pig_s_mon_ribbon_pig_CAST_F05.png|AREA_05_IMAGES_OUTPUT/CAST/001_m_ribbon_pig_s_mon_ribbon_pig_CAST_F06.png|AREA_05_IMAGES_OUTPUT/CAST/001_m_ribbon_pig_s_mon_ribbon_pig_CAST_F07.png,"{""AREA_05_IMAGES_OUTPUT/CAST/001_m_ribbon_pig_s_mon_ribbon_pig_CAST_F00.png"": ""82345b475b675428680ed1ccf3bf8fe845b414d2ba3b46fe585ea7c57010b33d"", ""AREA_05_IMAGES_OUTPUT/CAST/001_m_ribbon_pig_s_mon_ribbon_pig_CAST_F01.png"": ""c3f9d8b970ddaeb5f38f52cc0921a2b1b585154c8c896cfc2ebee3cde7c53967"", ""AREA_05_IMAGES_OUTPUT/CAST/001_m_ribbon_pig_s_mon_ribbon_pig_CAST_F02.png"": ""6e2dfbb803ef0c5980658aa5773882e3989a3bdf4330619eb6d2e5f73a3194cf"", ""AREA_05_IMAGES_OUTPUT/CAST/001_m_ribbon_pig_s_mon_ribbon_pig_CAST_F03.png"": ""ef4da3d325988d983da4f8dd83b795a662b55dfb3c70900f7edc6baf442e023d"", ""AREA_05_IMAGES_OUTPUT/CAST/001_m_ribbon_pig_s_mon_ribbon_pig_CAST_F04.png"": ""48f413cacac5c2a994f43538f58398cb9eae92f508d8b14527938acab6fd1b36"", ""AREA_05_IMAGES_OUTPUT/CAST/001_m_ribbon_pig_s_mon_ribbon_pig_CAST_F05.png"": ""2f6c32bbe22250373db6122a4b21073eb373735dcc43d0cb30c2358cb80dbabf"", ""AREA_05_IMAGES_OUTPUT/CAST/001_m_ribbon_pig_s_mon_ribbon_pig_CAST_F06.png"": ""fa7fdbe76dc2faa604ed5bd63922ec44f9584826fa1c9dd4a8570e8cc527dfbe"", ""AREA_05_IMAGES_OUTPUT/CAST/001_m_ribbon_pig_s_mon_ribbon_pig_CAST_F07.png"": ""a2622d1d1a2ffe44bec189927ba1de0aea89d9adaee3657dc0dfbbdfeb45f37b""}",D:\maplestory_levup\docs\art\images-input-packages-v2_4\AREA_05_IMAGES_INPUT_V2_4.zip,V2.4,AREA_05_IMAGES_INPUT_V2_4/monsters/001_m_ribbon_pig_리본_돼지/GENERATION_SPEC.md,분홍 리본 매듭이 전방으로 길게 풀리는 돌진 궤적. ‘리본 돼지 / 리본 돌진’ 전용 소재이며 몬스터 본체는 VFX에 직접 넣지 않음,0.10 / non-loop one-shot,SkillEffect applies FlipX for directional attacks; delayed layer samples caster position at SpawnLayer execution; map entity then applies drift,F00–F07 전체를 순서대로 직접 대조,붉은 리본 매듭에서 분홍 전방 잔상이 터지고 꽃잎형 조각으로 사라짐,D:\maplestory_levup\docs\art\area00-images-output\AREA_00_IMAGES_OUTPUT_ORIGINAL.zip,AREA_00_IMAGES_OUTPUT/monsters/005_m_slime_슬라임/VFX/005_m_slime_s_mon_slime_F04.png,AREA00 실제 승인 원화. 해당 보드의 기준 프레임 + ART_STYLE_STANDARD의 전체 기준. 고유 모양/저레벨 규모를 요구하지 않음,CAST의 리본 곡면·수중 별가시·왕게 집게/파도는 부드러운 명암과 예리한 빛 끝을 유지한다. ICON 및 두 REFERENCE의 픽셀 마감과 분리해서 판정했다.,동일 몬스터의 실제 ICON 및 모든 VFX 역할 대조. 일부 역할의 차이는 아래 별도 후보로 한정,CAST의 리본 곡면·수중 별가시·왕게 집게/파도는 부드러운 명암과 예리한 빛 끝을 유지한다. ICON 및 두 REFERENCE의 픽셀 마감과 분리해서 판정했다.,AREA00 기준 + 전체 Area의 동일 역할 보드 대조; 다수결 기준 사용 안 함. 추가 소재 비교는 CROSS_AREA_MATERIAL_BOARD_INDEX.csv,팔레트·재질·형상·레벨/보스 규모·밀도·역할별 프레임/시간 차이 허용,해당 없음,분홍 리본 매듭이 전방으로 길게 풀리는 돌진 궤적. ‘리본 돼지 / 리본 돌진’ 전용 소재이며 몬스터 본체는 VFX에 직접 넣지 않음 | SkillEffect applies FlipX for directional attacks; delayed layer samples caster position at SpawnLayer execution; map entity then applies drift,원화 유지,NO,NO,D:\maplestory_levup\docs\art\output_audit\runs\20260912_162508_msw_origin_art_review\CROSS_AREA_STYLE_BOARD\area_05_m_ribbon_pig_CAST_VFX_NATIVE.png,,"PNG 원본을 동일 RGB(32,38,48) 배경에 1:1 합성. 확대는 동일 128px 영역 2배 NEAREST. 큰 보드의 도구 축소 표시 가능; 이탈 상세는 1600px 보드에서 추가 대조",전 프레임 순서상 형성/변화/해체/잔상 대조. 실시간 재생의 체감 리듬 및 엔진 합성은 미검증,NOT_CHECKED: 게임 내 최종 배율/카메라/필터/배경에서의 선명도 미검증. 명세 배율만으로 런타임 표시를 보았다고 하지 않음,NO_OBVIOUS_ISSUE,기존 파일검사 재사용,TARGET_OUTPUT
area_05,m_blue_pig,파란 리본돼지,s_mon_blue_pig,푸른 리본 매듭,ICON,STYLE_OUTLIER,D:\maplestory_levup\docs\art\output_repacked\20260912_153221_v24_repack\AREA_05_IMAGES_OUTPUT.zip,AREA_05_IMAGES_OUTPUT/ICON/002_m_blue_pig_s_mon_blue_pig_ICON.png,"{""AREA_05_IMAGES_OUTPUT/ICON/002_m_blue_pig_s_mon_blue_pig_ICON.png"": ""0fc617d733ef56098a6839e15543906e25483d38dbc953ba5a521df02e084858""}",D:\maplestory_levup\docs\art\images-input-packages-v2_4\AREA_05_IMAGES_INPUT_V2_4.zip,V2.4,AREA_05_IMAGES_INPUT_V2_4/monsters/002_m_blue_pig_파란_리본돼지/GENERATION_SPEC.md,푸른 리본 매듭이 겹겹이 조여드는 원형 결속광. ‘파란 리본돼지 / 푸른 리본 매듭’ 전용 소재이며 몬스터 본체는 VFX에 직접 넣지 않음,static / static,none,ICON 原寸 전체,푸른 리본 매듭이 둥근 보호 고리와 반사광을 만들며 짧게 수축·팽창,D:\maplestory_levup\docs\art\area00-images-output\AREA_00_IMAGES_OUTPUT_ORIGINAL.zip,AREA_00_IMAGES_OUTPUT/monsters/002_m_blue_snail_파란_달팽이/ICON/002_m_blue_snail_s_mon_blue_snail_ICON.png,AREA00 실제 승인 원화. 해당 보드의 기준 프레임 + ART_STYLE_STANDARD의 전체 기준. 고유 모양/저레벨 규모를 요구하지 않음,"256px 원본에서 곡선 외곽과 흰 하이라이트가 굵은 계단형 픽셀 군집으로 끊긴다. AREA00 ICON의 연속적인 곡선·색면 경계와 다르며, 같은 Area의 리본/별가시/집게 CAST는 부드러운 회화적 마감이다.",동일 몬스터의 실제 ICON 및 모든 VFX 역할 대조. 일부 역할의 차이는 아래 별도 후보로 한정,CAST의 리본 곡면·수중 별가시·왕게 집게/파도는 부드러운 명암과 예리한 빛 끝을 유지한다. ICON 및 두 REFERENCE의 픽셀 마감과 분리해서 판정했다.,AREA00 기준 + 전체 Area의 동일 역할 보드 대조; 다수결 기준 사용 안 함. 추가 소재 비교는 CROSS_AREA_MATERIAL_BOARD_INDEX.csv,팔레트·재질·형상·레벨/보스 규모·밀도·역할별 프레임/시간 차이 허용,액체/금속/직물 등 소재 자체보다 픽셀 단위의 외곽·명암·광선 연결 방식이 다른 점을 판정,푸른 리본 매듭이 겹겹이 조여드는 원형 결속광. ‘파란 리본돼지 / 푸른 리본 매듭’ 전용 소재이며 몬스터 본체는 VFX에 직접 넣지 않음 | none,"실루엣·대표색을 유지하고 외곽 계단, 하이라이트의 사각 단위, 명암 경계를 AREA00에 맞춰 정돈",YES,NO,D:\maplestory_levup\docs\art\output_audit\runs\20260912_162508_msw_origin_art_review\CROSS_AREA_STYLE_BOARD\area_05_ICON_NATIVE.png,D:\maplestory_levup\docs\art\output_audit\runs\20260912_162508_msw_origin_art_review\STYLE_OUTLIERS\area_05_m_blue_pig_ICON_COMPARE.png,"PNG 원본을 동일 RGB(32,38,48) 배경에 1:1 합성. 확대는 동일 128px 영역 2배 NEAREST. 큰 보드의 도구 축소 표시 가능; 이탈 상세는 1600px 보드에서 추가 대조",전 프레임 순서상 형성/변화/해체/잔상 대조. 실시간 재생의 체감 리듬 및 엔진 합성은 미검증,NOT_CHECKED: 게임 내 최종 배율/카메라/필터/배경에서의 선명도 미검증. 명세 배율만으로 런타임 표시를 보았다고 하지 않음,NO_OBVIOUS_ISSUE,기존 파일검사 재사용,TARGET_OUTPUT
area_05,m_blue_pig,파란 리본돼지,s_mon_blue_pig,푸른 리본 매듭,REFERENCE_VFX,STYLE_OUTLIER,D:\maplestory_levup\docs\art\output_repacked\20260912_153221_v24_repack\AREA_05_IMAGES_OUTPUT.zip,AREA_05_IMAGES_OUTPUT/REFERENCE/002_m_blue_pig_s_mon_blue_pig_REFERENCE_F00.png|AREA_05_IMAGES_OUTPUT/REFERENCE/002_m_blue_pig_s_mon_blue_pig_REFERENCE_F01.png|AREA_05_IMAGES_OUTPUT/REFERENCE/002_m_blue_pig_s_mon_blue_pig_REFERENCE_F02.png|AREA_05_IMAGES_OUTPUT/REFERENCE/002_m_blue_pig_s_mon_blue_pig_REFERENCE_F03.png|AREA_05_IMAGES_OUTPUT/REFERENCE/002_m_blue_pig_s_mon_blue_pig_REFERENCE_F04.png|AREA_05_IMAGES_OUTPUT/REFERENCE/002_m_blue_pig_s_mon_blue_pig_REFERENCE_F05.png,"{""AREA_05_IMAGES_OUTPUT/REFERENCE/002_m_blue_pig_s_mon_blue_pig_REFERENCE_F00.png"": ""09fd03b273cc8ab94c26bdec6f763bb64ba7586411a983fcf29be85663720e1c"", ""AREA_05_IMAGES_OUTPUT/REFERENCE/002_m_blue_pig_s_mon_blue_pig_REFERENCE_F01.png"": ""84735e38b45a7f4952e4c7393b21c905c4e75e0a47ef66941aa2ca1c4649723b"", ""AREA_05_IMAGES_OUTPUT/REFERENCE/002_m_blue_pig_s_mon_blue_pig_REFERENCE_F02.png"": ""fc8941e3520f32add6074b7de8974f26b4fe86216ab88b924b2d9860a87df023"", ""AREA_05_IMAGES_OUTPUT/REFERENCE/002_m_blue_pig_s_mon_blue_pig_REFERENCE_F03.png"": ""f93c4566e9dc04478c8143bfc2fffeb6e3864ebfd843c51e2519973ffd2461b8"", ""AREA_05_IMAGES_OUTPUT/REFERENCE/002_m_blue_pig_s_mon_blue_pig_REFERENCE_F04.png"": ""81c924058863d72b52bea00d24b97e86acd96ebecf5d82abb5cc7377f03f6a52"", ""AREA_05_IMAGES_OUTPUT/REFERENCE/002_m_blue_pig_s_mon_blue_pig_REFERENCE_F05.png"": ""94da854204f49650884cfccae135b6c16b7d36aab5154225c4781cb032b43a4b""}",D:\maplestory_levup\docs\art\images-input-packages-v2_4\AREA_05_IMAGES_INPUT_V2_4.zip,V2.4,AREA_05_IMAGES_INPUT_V2_4/monsters/002_m_blue_pig_파란_리본돼지/GENERATION_SPEC.md,푸른 리본 매듭이 겹겹이 조여드는 원형 결속광. ‘파란 리본돼지 / 푸른 리본 매듭’ 전용 소재이며 몬스터 본체는 VFX에 직접 넣지 않음,0.10 / preview-only non-loop,preview only; no engine motion/FlipX contract,F00–F05 전체를 순서대로 직접 대조,푸른 리본 매듭이 둥근 보호 고리와 반사광을 만들며 짧게 수축·팽창,D:\maplestory_levup\docs\art\area00-images-output\AREA_00_IMAGES_OUTPUT_ORIGINAL.zip,AREA_00_IMAGES_OUTPUT/monsters/002_m_blue_snail_파란_달팽이/VFX/002_m_blue_snail_s_mon_blue_snail_F04.png,AREA00 실제 승인 원화. 해당 보드의 기준 프레임 + ART_STYLE_STANDARD의 전체 기준. 고유 모양/저레벨 규모를 요구하지 않음,F00–F05 리본과 고리의 가장자리가 계단형 픽셀 선이고 명암 띠가 굵게 끊긴다. 같은 소재인 리본돼지 CAST의 곡선 그라데이션과 차이가 있다.,동일 몬스터의 실제 ICON 및 모든 VFX 역할 대조. 일부 역할의 차이는 아래 별도 후보로 한정,CAST의 리본 곡면·수중 별가시·왕게 집게/파도는 부드러운 명암과 예리한 빛 끝을 유지한다. ICON 및 두 REFERENCE의 픽셀 마감과 분리해서 판정했다.,AREA00 기준 + 전체 Area의 동일 역할 보드 대조; 다수결 기준 사용 안 함. 추가 소재 비교는 CROSS_AREA_MATERIAL_BOARD_INDEX.csv,팔레트·재질·형상·레벨/보스 규모·밀도·역할별 프레임/시간 차이 허용,액체/금속/직물 등 소재 자체보다 픽셀 단위의 외곽·명암·광선 연결 방식이 다른 점을 판정,푸른 리본 매듭이 겹겹이 조여드는 원형 결속광. ‘파란 리본돼지 / 푸른 리본 매듭’ 전용 소재이며 몬스터 본체는 VFX에 직접 넣지 않음 | preview only; no engine motion/FlipX contract,푸른 매듭·조임 고리와 짧은 호흡을 유지; 리본 음영과 광륜 가장자리 마감 정돈,YES,NO,D:\maplestory_levup\docs\art\output_audit\runs\20260912_162508_msw_origin_art_review\CROSS_AREA_STYLE_BOARD\area_05_m_blue_pig_REFERENCE_VFX_NATIVE.png,D:\maplestory_levup\docs\art\output_audit\runs\20260912_162508_msw_origin_art_review\STYLE_OUTLIERS\area_05_m_blue_pig_REFERENCE_VFX_COMPARE.png,"PNG 원본을 동일 RGB(32,38,48) 배경에 1:1 합성. 확대는 동일 128px 영역 2배 NEAREST. 큰 보드의 도구 축소 표시 가능; 이탈 상세는 1600px 보드에서 추가 대조",전 프레임 순서상 형성/변화/해체/잔상 대조. 실시간 재생의 체감 리듬 및 엔진 합성은 미검증,NOT_CHECKED: 게임 내 최종 배율/카메라/필터/배경에서의 선명도 미검증. 명세 배율만으로 런타임 표시를 보았다고 하지 않음,NO_OBVIOUS_ISSUE,기존 파일검사 재사용,TARGET_OUTPUT
area_05,m_starfish,불가사리,s_mon_starfish,별가시 회전,ICON,STYLE_OUTLIER,D:\maplestory_levup\docs\art\output_repacked\20260912_153221_v24_repack\AREA_05_IMAGES_OUTPUT.zip,AREA_05_IMAGES_OUTPUT/ICON/003_m_starfish_s_mon_starfish_ICON.png,"{""AREA_05_IMAGES_OUTPUT/ICON/003_m_starfish_s_mon_starfish_ICON.png"": ""a6217cda4069dafe1babac51f20166ba0f2ea46d9c688291b18cc4d74355d3c9""}",D:\maplestory_levup\docs\art\images-input-packages-v2_4\AREA_05_IMAGES_INPUT_V2_4.zip,V2.4,AREA_05_IMAGES_INPUT_V2_4/monsters/003_m_starfish_불가사리/GENERATION_SPEC.md,별 모양 가시가 회전하며 남기는 다섯 갈래 수중 잔상. ‘불가사리 / 별가시 회전’ 전용 소재이며 몬스터 본체는 VFX에 직접 넣지 않음,static / static,none,ICON 原寸 전체,금빛 별이 청록 물고리 속에서 회전·확대되고 별조각과 물방울로 흩어짐,D:\maplestory_levup\docs\art\area00-images-output\AREA_00_IMAGES_OUTPUT_ORIGINAL.zip,AREA_00_IMAGES_OUTPUT/monsters/002_m_blue_snail_파란_달팽이/ICON/002_m_blue_snail_s_mon_blue_snail_ICON.png,AREA00 실제 승인 원화. 해당 보드의 기준 프레임 + ART_STYLE_STANDARD의 전체 기준. 고유 모양/저레벨 규모를 요구하지 않음,"256px 원본에서 곡선 외곽과 흰 하이라이트가 굵은 계단형 픽셀 군집으로 끊긴다. AREA00 ICON의 연속적인 곡선·색면 경계와 다르며, 같은 Area의 리본/별가시/집게 CAST는 부드러운 회화적 마감이다.",동일 몬스터의 실제 ICON 및 모든 VFX 역할 대조. 일부 역할의 차이는 아래 별도 후보로 한정,CAST의 리본 곡면·수중 별가시·왕게 집게/파도는 부드러운 명암과 예리한 빛 끝을 유지한다. ICON 및 두 REFERENCE의 픽셀 마감과 분리해서 판정했다.,AREA00 기준 + 전체 Area의 동일 역할 보드 대조; 다수결 기준 사용 안 함. 추가 소재 비교는 CROSS_AREA_MATERIAL_BOARD_INDEX.csv,팔레트·재질·형상·레벨/보스 규모·밀도·역할별 프레임/시간 차이 허용,액체/금속/직물 등 소재 자체보다 픽셀 단위의 외곽·명암·광선 연결 방식이 다른 점을 판정,별 모양 가시가 회전하며 남기는 다섯 갈래 수중 잔상. ‘불가사리 / 별가시 회전’ 전용 소재이며 몬스터 본체는 VFX에 직접 넣지 않음 | none,"실루엣·대표색을 유지하고 외곽 계단, 하이라이트의 사각 단위, 명암 경계를 AREA00에 맞춰 정돈",YES,NO,D:\maplestory_levup\docs\art\output_audit\runs\20260912_162508_msw_origin_art_review\CROSS_AREA_STYLE_BOARD\area_05_ICON_NATIVE.png,D:\maplestory_levup\docs\art\output_audit\runs\20260912_162508_msw_origin_art_review\STYLE_OUTLIERS\area_05_m_starfish_ICON_COMPARE.png,"PNG 원본을 동일 RGB(32,38,48) 배경에 1:1 합성. 확대는 동일 128px 영역 2배 NEAREST. 큰 보드의 도구 축소 표시 가능; 이탈 상세는 1600px 보드에서 추가 대조",전 프레임 순서상 형성/변화/해체/잔상 대조. 실시간 재생의 체감 리듬 및 엔진 합성은 미검증,NOT_CHECKED: 게임 내 최종 배율/카메라/필터/배경에서의 선명도 미검증. 명세 배율만으로 런타임 표시를 보았다고 하지 않음,NO_OBVIOUS_ISSUE,기존 파일검사 재사용,TARGET_OUTPUT
area_05,m_starfish,불가사리,s_mon_starfish,별가시 회전,CAST_VFX,CONSISTENT_WITH_REFERENCE,D:\maplestory_levup\docs\art\output_repacked\20260912_153221_v24_repack\AREA_05_IMAGES_OUTPUT.zip,AREA_05_IMAGES_OUTPUT/CAST/003_m_starfish_s_mon_starfish_CAST_F00.png|AREA_05_IMAGES_OUTPUT/CAST/003_m_starfish_s_mon_starfish_CAST_F01.png|AREA_05_IMAGES_OUTPUT/CAST/003_m_starfish_s_mon_starfish_CAST_F02.png|AREA_05_IMAGES_OUTPUT/CAST/003_m_starfish_s_mon_starfish_CAST_F03.png|AREA_05_IMAGES_OUTPUT/CAST/003_m_starfish_s_mon_starfish_CAST_F04.png|AREA_05_IMAGES_OUTPUT/CAST/003_m_starfish_s_mon_starfish_CAST_F05.png|AREA_05_IMAGES_OUTPUT/CAST/003_m_starfish_s_mon_starfish_CAST_F06.png|AREA_05_IMAGES_OUTPUT/CAST/003_m_starfish_s_mon_starfish_CAST_F07.png,"{""AREA_05_IMAGES_OUTPUT/CAST/003_m_starfish_s_mon_starfish_CAST_F00.png"": ""243e3faefa5f157375bd8f72c5b2b95dc9aecb63c1b3f5a127316a21a92bf3a7"", ""AREA_05_IMAGES_OUTPUT/CAST/003_m_starfish_s_mon_starfish_CAST_F01.png"": ""ab07670d027199c749cb4de73ae36edcfea9f682814d4ebcd14c9088d84d4e30"", ""AREA_05_IMAGES_OUTPUT/CAST/003_m_starfish_s_mon_starfish_CAST_F02.png"": ""919fc88dd8eb2f0f7c876f2566a4038d49732b38ce771d3198e8f3f3ad0f9b6b"", ""AREA_05_IMAGES_OUTPUT/CAST/003_m_starfish_s_mon_starfish_CAST_F03.png"": ""9c0afb7b4bbf912780e2bdc10aa4caf6c7a1b65105b5107090913e261253c6fe"", ""AREA_05_IMAGES_OUTPUT/CAST/003_m_starfish_s_mon_starfish_CAST_F04.png"": ""74098447eaf8407b492b17a91a1497156cf5b149f87032f374fa671e3eb281da"", ""AREA_05_IMAGES_OUTPUT/CAST/003_m_starfish_s_mon_starfish_CAST_F05.png"": ""52878b514aa2b76995f27054f6882bba3e54ced8d145015c0aafb3f770800717"", ""AREA_05_IMAGES_OUTPUT/CAST/003_m_starfish_s_mon_starfish_CAST_F06.png"": ""9f915b6da45af0c3ed97053379617806ca2a1a1e9bd4f8df693ef93109b8c23c"", ""AREA_05_IMAGES_OUTPUT/CAST/003_m_starfish_s_mon_starfish_CAST_F07.png"": ""405ec3c3ef1ba5c82f4268afa457abb30cde731b20f5008bf7f5097b5ea8eab5""}",D:\maplestory_levup\docs\art\images-input-packages-v2_4\AREA_05_IMAGES_INPUT_V2_4.zip,V2.4,AREA_05_IMAGES_INPUT_V2_4/monsters/003_m_starfish_불가사리/GENERATION_SPEC.md,별 모양 가시가 회전하며 남기는 다섯 갈래 수중 잔상. ‘불가사리 / 별가시 회전’ 전용 소재이며 몬스터 본체는 VFX에 직접 넣지 않음,0.10 / non-loop one-shot,SkillEffect applies FlipX for directional attacks; delayed layer samples caster position at SpawnLayer execution; map entity then applies drift,F00–F07 전체를 순서대로 직접 대조,금빛 별이 청록 물고리 속에서 회전·확대되고 별조각과 물방울로 흩어짐,D:\maplestory_levup\docs\art\area00-images-output\AREA_00_IMAGES_OUTPUT_ORIGINAL.zip,AREA_00_IMAGES_OUTPUT/monsters/005_m_slime_슬라임/VFX/005_m_slime_s_mon_slime_F04.png,AREA00 실제 승인 원화. 해당 보드의 기준 프레임 + ART_STYLE_STANDARD의 전체 기준. 고유 모양/저레벨 규모를 요구하지 않음,CAST의 리본 곡면·수중 별가시·왕게 집게/파도는 부드러운 명암과 예리한 빛 끝을 유지한다. ICON 및 두 REFERENCE의 픽셀 마감과 분리해서 판정했다.,동일 몬스터의 실제 ICON 및 모든 VFX 역할 대조. 일부 역할의 차이는 아래 별도 후보로 한정,CAST의 리본 곡면·수중 별가시·왕게 집게/파도는 부드러운 명암과 예리한 빛 끝을 유지한다. ICON 및 두 REFERENCE의 픽셀 마감과 분리해서 판정했다.,AREA00 기준 + 전체 Area의 동일 역할 보드 대조; 다수결 기준 사용 안 함. 추가 소재 비교는 CROSS_AREA_MATERIAL_BOARD_INDEX.csv,팔레트·재질·형상·레벨/보스 규모·밀도·역할별 프레임/시간 차이 허용,해당 없음,별 모양 가시가 회전하며 남기는 다섯 갈래 수중 잔상. ‘불가사리 / 별가시 회전’ 전용 소재이며 몬스터 본체는 VFX에 직접 넣지 않음 | SkillEffect applies FlipX for directional attacks; delayed layer samples caster position at SpawnLayer execution; map entity then applies drift,원화 유지,NO,NO,D:\maplestory_levup\docs\art\output_audit\runs\20260912_162508_msw_origin_art_review\CROSS_AREA_STYLE_BOARD\area_05_m_starfish_CAST_VFX_NATIVE.png,,"PNG 원본을 동일 RGB(32,38,48) 배경에 1:1 합성. 확대는 동일 128px 영역 2배 NEAREST. 큰 보드의 도구 축소 표시 가능; 이탈 상세는 1600px 보드에서 추가 대조",전 프레임 순서상 형성/변화/해체/잔상 대조. 실시간 재생의 체감 리듬 및 엔진 합성은 미검증,NOT_CHECKED: 게임 내 최종 배율/카메라/필터/배경에서의 선명도 미검증. 명세 배율만으로 런타임 표시를 보았다고 하지 않음,NO_OBVIOUS_ISSUE,기존 파일검사 재사용,TARGET_OUTPUT
area_05,m_jellyfish,쿨 젤리피쉬,s_mon_jellyfish,차가운 젤리,ICON,STYLE_OUTLIER,D:\maplestory_levup\docs\art\output_repacked\20260912_153221_v24_repack\AREA_05_IMAGES_OUTPUT.zip,AREA_05_IMAGES_OUTPUT/ICON/004_m_jellyfish_s_mon_jellyfish_ICON.png,"{""AREA_05_IMAGES_OUTPUT/ICON/004_m_jellyfish_s_mon_jellyfish_ICON.png"": ""1a3c45dcca721bfbb8e1d4180b94ea54a6203a90153c468f6c73b70fa236b4e1""}",D:\maplestory_levup\docs\art\images-input-packages-v2_4\AREA_05_IMAGES_INPUT_V2_4.zip,V2.4,AREA_05_IMAGES_INPUT_V2_4/monsters/004_m_jellyfish_쿨_젤리피쉬/GENERATION_SPEC.md,차가운 젤리 방울이 늘어졌다 튀며 남기는 서리 테두리. ‘쿨 젤리피쉬 / 차가운 젤리’ 전용 소재이며 몬스터 본체는 VFX에 직접 넣지 않음,static / static,none,ICON 原寸 전체,푸른 젤리 돔이 늘어나고 얼음성 물결과 별조각을 만든 뒤 납작하게 복귀,D:\maplestory_levup\docs\art\area00-images-output\AREA_00_IMAGES_OUTPUT_ORIGINAL.zip,AREA_00_IMAGES_OUTPUT/monsters/002_m_blue_snail_파란_달팽이/ICON/002_m_blue_snail_s_mon_blue_snail_ICON.png,AREA00 실제 승인 원화. 해당 보드의 기준 프레임 + ART_STYLE_STANDARD의 전체 기준. 고유 모양/저레벨 규모를 요구하지 않음,"256px 원본에서 곡선 외곽과 흰 하이라이트가 굵은 계단형 픽셀 군집으로 끊긴다. AREA00 ICON의 연속적인 곡선·색면 경계와 다르며, 같은 Area의 리본/별가시/집게 CAST는 부드러운 회화적 마감이다.",동일 몬스터의 실제 ICON 및 모든 VFX 역할 대조. 일부 역할의 차이는 아래 별도 후보로 한정,CAST의 리본 곡면·수중 별가시·왕게 집게/파도는 부드러운 명암과 예리한 빛 끝을 유지한다. ICON 및 두 REFERENCE의 픽셀 마감과 분리해서 판정했다.,AREA00 기준 + 전체 Area의 동일 역할 보드 대조; 다수결 기준 사용 안 함. 추가 소재 비교는 CROSS_AREA_MATERIAL_BOARD_INDEX.csv,팔레트·재질·형상·레벨/보스 규모·밀도·역할별 프레임/시간 차이 허용,액체/금속/직물 등 소재 자체보다 픽셀 단위의 외곽·명암·광선 연결 방식이 다른 점을 판정,차가운 젤리 방울이 늘어졌다 튀며 남기는 서리 테두리. ‘쿨 젤리피쉬 / 차가운 젤리’ 전용 소재이며 몬스터 본체는 VFX에 직접 넣지 않음 | none,"실루엣·대표색을 유지하고 외곽 계단, 하이라이트의 사각 단위, 명암 경계를 AREA00에 맞춰 정돈",YES,NO,D:\maplestory_levup\docs\art\output_audit\runs\20260912_162508_msw_origin_art_review\CROSS_AREA_STYLE_BOARD\area_05_ICON_NATIVE.png,D:\maplestory_levup\docs\art\output_audit\runs\20260912_162508_msw_origin_art_review\STYLE_OUTLIERS\area_05_m_jellyfish_ICON_COMPARE.png,"PNG 원본을 동일 RGB(32,38,48) 배경에 1:1 합성. 확대는 동일 128px 영역 2배 NEAREST. 큰 보드의 도구 축소 표시 가능; 이탈 상세는 1600px 보드에서 추가 대조",전 프레임 순서상 형성/변화/해체/잔상 대조. 실시간 재생의 체감 리듬 및 엔진 합성은 미검증,NOT_CHECKED: 게임 내 최종 배율/카메라/필터/배경에서의 선명도 미검증. 명세 배율만으로 런타임 표시를 보았다고 하지 않음,NO_OBVIOUS_ISSUE,기존 파일검사 재사용,TARGET_OUTPUT
area_05,m_jellyfish,쿨 젤리피쉬,s_mon_jellyfish,차가운 젤리,REFERENCE_VFX,STYLE_OUTLIER,D:\maplestory_levup\docs\art\output_repacked\20260912_153221_v24_repack\AREA_05_IMAGES_OUTPUT.zip,AREA_05_IMAGES_OUTPUT/REFERENCE/004_m_jellyfish_s_mon_jellyfish_REFERENCE_F00.png|AREA_05_IMAGES_OUTPUT/REFERENCE/004_m_jellyfish_s_mon_jellyfish_REFERENCE_F01.png|AREA_05_IMAGES_OUTPUT/REFERENCE/004_m_jellyfish_s_mon_jellyfish_REFERENCE_F02.png|AREA_05_IMAGES_OUTPUT/REFERENCE/004_m_jellyfish_s_mon_jellyfish_REFERENCE_F03.png|AREA_05_IMAGES_OUTPUT/REFERENCE/004_m_jellyfish_s_mon_jellyfish_REFERENCE_F04.png|AREA_05_IMAGES_OUTPUT/REFERENCE/004_m_jellyfish_s_mon_jellyfish_REFERENCE_F05.png,"{""AREA_05_IMAGES_OUTPUT/REFERENCE/004_m_jellyfish_s_mon_jellyfish_REFERENCE_F00.png"": ""c7dfdeb4bcc6cc848c065f08c2a9c3470de73b791bbf4a323cec81ff2e9645a5"", ""AREA_05_IMAGES_OUTPUT/REFERENCE/004_m_jellyfish_s_mon_jellyfish_REFERENCE_F01.png"": ""8e4747df68661f0297dee7d47a098acfbfac1bda3b0516c8857794691b18a76c"", ""AREA_05_IMAGES_OUTPUT/REFERENCE/004_m_jellyfish_s_mon_jellyfish_REFERENCE_F02.png"": ""f7666d73549dc031a905d3c77b24835a0f411d36b034c1a204934d1c80e27e8a"", ""AREA_05_IMAGES_OUTPUT/REFERENCE/004_m_jellyfish_s_mon_jellyfish_REFERENCE_F03.png"": ""d459eb769fa3d0566aba91d0aef0d3e6eef500fbb94e4f60413c28fe8938b410"", ""AREA_05_IMAGES_OUTPUT/REFERENCE/004_m_jellyfish_s_mon_jellyfish_REFERENCE_F04.png"": ""f132875903713dd19f8c7f15ee7a5fc3a40d9b8df13ec5e0926b713a77502ec1"", ""AREA_05_IMAGES_OUTPUT/REFERENCE/004_m_jellyfish_s_mon_jellyfish_REFERENCE_F05.png"": ""23a56b680e7cadfe032ce8cea5db585bbad80a460a3c8756180b37d6fc23735f""}",D:\maplestory_levup\docs\art\images-input-packages-v2_4\AREA_05_IMAGES_INPUT_V2_4.zip,V2.4,AREA_05_IMAGES_INPUT_V2_4/monsters/004_m_jellyfish_쿨_젤리피쉬/GENERATION_SPEC.md,차가운 젤리 방울이 늘어졌다 튀며 남기는 서리 테두리. ‘쿨 젤리피쉬 / 차가운 젤리’ 전용 소재이며 몬스터 본체는 VFX에 직접 넣지 않음,0.10 / preview-only non-loop,preview only; no engine motion/FlipX contract,F00–F05 전체를 순서대로 직접 대조,푸른 젤리 돔이 늘어나고 얼음성 물결과 별조각을 만든 뒤 납작하게 복귀,D:\maplestory_levup\docs\art\area00-images-output\AREA_00_IMAGES_OUTPUT_ORIGINAL.zip,AREA_00_IMAGES_OUTPUT/monsters/002_m_blue_snail_파란_달팽이/VFX/002_m_blue_snail_s_mon_blue_snail_F04.png,AREA00 실제 승인 원화. 해당 보드의 기준 프레임 + ART_STYLE_STANDARD의 전체 기준. 고유 모양/저레벨 규모를 요구하지 않음,"F00–F05 젤리의 곡선, 하이라이트, 십자 입자가 사각 픽셀 군집이다. AREA00 슬라임의 유체 윤곽·곡면 하이라이트와 차이가 있어 서리라는 소재 차이만으로 설명하기 어렵다.",동일 몬스터의 실제 ICON 및 모든 VFX 역할 대조. 일부 역할의 차이는 아래 별도 후보로 한정,CAST의 리본 곡면·수중 별가시·왕게 집게/파도는 부드러운 명암과 예리한 빛 끝을 유지한다. ICON 및 두 REFERENCE의 픽셀 마감과 분리해서 판정했다.,AREA00 기준 + 전체 Area의 동일 역할 보드 대조; 다수결 기준 사용 안 함. 추가 소재 비교는 CROSS_AREA_MATERIAL_BOARD_INDEX.csv,팔레트·재질·형상·레벨/보스 규모·밀도·역할별 프레임/시간 차이 허용,액체/금속/직물 등 소재 자체보다 픽셀 단위의 외곽·명암·광선 연결 방식이 다른 점을 판정,차가운 젤리 방울이 늘어졌다 튀며 남기는 서리 테두리. ‘쿨 젤리피쉬 / 차가운 젤리’ 전용 소재이며 몬스터 본체는 VFX에 직접 넣지 않음 | preview only; no engine motion/FlipX contract,젤리·서리 튐과 호흡을 유지; 액체 윤곽·반사광·입자 마감 정돈,YES,NO,D:\maplestory_levup\docs\art\output_audit\runs\20260912_162508_msw_origin_art_review\CROSS_AREA_STYLE_BOARD\area_05_m_jellyfish_REFERENCE_VFX_NATIVE.png,D:\maplestory_levup\docs\art\output_audit\runs\20260912_162508_msw_origin_art_review\STYLE_OUTLIERS\area_05_m_jellyfish_REFERENCE_VFX_COMPARE.png,"PNG 원본을 동일 RGB(32,38,48) 배경에 1:1 합성. 확대는 동일 128px 영역 2배 NEAREST. 큰 보드의 도구 축소 표시 가능; 이탈 상세는 1600px 보드에서 추가 대조",전 프레임 순서상 형성/변화/해체/잔상 대조. 실시간 재생의 체감 리듬 및 엔진 합성은 미검증,NOT_CHECKED: 게임 내 최종 배율/카메라/필터/배경에서의 선명도 미검증. 명세 배율만으로 런타임 표시를 보았다고 하지 않음,NO_OBVIOUS_ISSUE,기존 파일검사 재사용,TARGET_OUTPUT
area_05,m_king_clang,킹크랑,s_mon_king_clang,왕게의 집게 파도,ICON,STYLE_OUTLIER,D:\maplestory_levup\docs\art\output_repacked\20260912_153221_v24_repack\AREA_05_IMAGES_OUTPUT.zip,AREA_05_IMAGES_OUTPUT/ICON/005_m_king_clang_s_mon_king_clang_ICON.png,"{""AREA_05_IMAGES_OUTPUT/ICON/005_m_king_clang_s_mon_king_clang_ICON.png"": ""ceaf8918a9181f0b026fce689ce264b7653bb85cf24286e1aa26595aa586373b""}",D:\maplestory_levup\docs\art\images-input-packages-v2_4\AREA_05_IMAGES_INPUT_V2_4.zip,V2.4,AREA_05_IMAGES_INPUT_V2_4/monsters/005_m_king_clang_킹크랑/GENERATION_SPEC.md,왕게 집게 두 개가 닫히며 밀어내는 넓은 파도턱. ‘킹크랑 / 왕게의 집게 파도’ 전용 소재이며 몬스터 본체는 VFX에 직접 넣지 않음,static / static,none,ICON 原寸 전체,붉은 집게 형상 둘과 푸른 파도가 왕관형 충격 고리를 만들고 거품으로 소멸,D:\maplestory_levup\docs\art\area00-images-output\AREA_00_IMAGES_OUTPUT_ORIGINAL.zip,AREA_00_IMAGES_OUTPUT/monsters/002_m_blue_snail_파란_달팽이/ICON/002_m_blue_snail_s_mon_blue_snail_ICON.png,AREA00 실제 승인 원화. 해당 보드의 기준 프레임 + ART_STYLE_STANDARD의 전체 기준. 고유 모양/저레벨 규모를 요구하지 않음,"256px 원본에서 곡선 외곽과 흰 하이라이트가 굵은 계단형 픽셀 군집으로 끊긴다. AREA00 ICON의 연속적인 곡선·색면 경계와 다르며, 같은 Area의 리본/별가시/집게 CAST는 부드러운 회화적 마감이다.",동일 몬스터의 실제 ICON 및 모든 VFX 역할 대조. 일부 역할의 차이는 아래 별도 후보로 한정,CAST의 리본 곡면·수중 별가시·왕게 집게/파도는 부드러운 명암과 예리한 빛 끝을 유지한다. ICON 및 두 REFERENCE의 픽셀 마감과 분리해서 판정했다.,AREA00 기준 + 전체 Area의 동일 역할 보드 대조; 다수결 기준 사용 안 함. 추가 소재 비교는 CROSS_AREA_MATERIAL_BOARD_INDEX.csv,팔레트·재질·형상·레벨/보스 규모·밀도·역할별 프레임/시간 차이 허용,액체/금속/직물 등 소재 자체보다 픽셀 단위의 외곽·명암·광선 연결 방식이 다른 점을 판정,왕게 집게 두 개가 닫히며 밀어내는 넓은 파도턱. ‘킹크랑 / 왕게의 집게 파도’ 전용 소재이며 몬스터 본체는 VFX에 직접 넣지 않음 | none,"실루엣·대표색을 유지하고 외곽 계단, 하이라이트의 사각 단위, 명암 경계를 AREA00에 맞춰 정돈",YES,NO,D:\maplestory_levup\docs\art\output_audit\runs\20260912_162508_msw_origin_art_review\CROSS_AREA_STYLE_BOARD\area_05_ICON_NATIVE.png,D:\maplestory_levup\docs\art\output_audit\runs\20260912_162508_msw_origin_art_review\STYLE_OUTLIERS\area_05_m_king_clang_ICON_COMPARE.png,"PNG 원본을 동일 RGB(32,38,48) 배경에 1:1 합성. 확대는 동일 128px 영역 2배 NEAREST. 큰 보드의 도구 축소 표시 가능; 이탈 상세는 1600px 보드에서 추가 대조",전 프레임 순서상 형성/변화/해체/잔상 대조. 실시간 재생의 체감 리듬 및 엔진 합성은 미검증,NOT_CHECKED: 게임 내 최종 배율/카메라/필터/배경에서의 선명도 미검증. 명세 배율만으로 런타임 표시를 보았다고 하지 않음,NO_OBVIOUS_ISSUE,기존 파일검사 재사용,TARGET_OUTPUT
area_05,m_king_clang,킹크랑,s_mon_king_clang,왕게의 집게 파도,CAST_VFX,CONSISTENT_WITH_REFERENCE,D:\maplestory_levup\docs\art\output_repacked\20260912_153221_v24_repack\AREA_05_IMAGES_OUTPUT.zip,AREA_05_IMAGES_OUTPUT/CAST/005_m_king_clang_s_mon_king_clang_CAST_F00.png|AREA_05_IMAGES_OUTPUT/CAST/005_m_king_clang_s_mon_king_clang_CAST_F01.png|AREA_05_IMAGES_OUTPUT/CAST/005_m_king_clang_s_mon_king_clang_CAST_F02.png|AREA_05_IMAGES_OUTPUT/CAST/005_m_king_clang_s_mon_king_clang_CAST_F03.png|AREA_05_IMAGES_OUTPUT/CAST/005_m_king_clang_s_mon_king_clang_CAST_F04.png|AREA_05_IMAGES_OUTPUT/CAST/005_m_king_clang_s_mon_king_clang_CAST_F05.png|AREA_05_IMAGES_OUTPUT/CAST/005_m_king_clang_s_mon_king_clang_CAST_F06.png|AREA_05_IMAGES_OUTPUT/CAST/005_m_king_clang_s_mon_king_clang_CAST_F07.png|AREA_05_IMAGES_OUTPUT/CAST/005_m_king_clang_s_mon_king_clang_CAST_F08.png|AREA_05_IMAGES_OUTPUT/CAST/005_m_king_clang_s_mon_king_clang_CAST_F09.png|AREA_05_IMAGES_OUTPUT/CAST/005_m_king_clang_s_mon_king_clang_CAST_F10.png|AREA_05_IMAGES_OUTPUT/CAST/005_m_king_clang_s_mon_king_clang_CAST_F11.png,"{""AREA_05_IMAGES_OUTPUT/CAST/005_m_king_clang_s_mon_king_clang_CAST_F00.png"": ""b75d4e7cf1a739528f69d2fccc486ba6a764e7e31ee9665a5ef11e8ca0c8e2a7"", ""AREA_05_IMAGES_OUTPUT/CAST/005_m_king_clang_s_mon_king_clang_CAST_F01.png"": ""ac680117116ddc05795565e67bf459e928f14058de909ee54324962b31252cdd"", ""AREA_05_IMAGES_OUTPUT/CAST/005_m_king_clang_s_mon_king_clang_CAST_F02.png"": ""d1a6576c059632dd4d300421cca4a2348c949d7edae25098c7606bac42596efb"", ""AREA_05_IMAGES_OUTPUT/CAST/005_m_king_clang_s_mon_king_clang_CAST_F03.png"": ""19be15a0dfbe80c04270ea8d5f1d3b8de9ffbe5e171d2328f78081de16ff25b7"", ""AREA_05_IMAGES_OUTPUT/CAST/005_m_king_clang_s_mon_king_clang_CAST_F04.png"": ""7b8c28dad4c6ad8d756d2e88eefbfb0389fe8d919e722e637e5802d752773602"", ""AREA_05_IMAGES_OUTPUT/CAST/005_m_king_clang_s_mon_king_clang_CAST_F05.png"": ""1952c97935f7226fda4c72e09dbb37f4cfca951985ec2696c2359030890f8c43"", ""AREA_05_IMAGES_OUTPUT/CAST/005_m_king_clang_s_mon_king_clang_CAST_F06.png"": ""5c4813f5f812017d53b715e509c9589b63b9a1c1d95abbcd41b5bdaf02e8e9e8"", ""AREA_05_IMAGES_OUTPUT/CAST/005_m_king_clang_s_mon_king_clang_CAST_F07.png"": ""257bb413572cc4b654a4463c97fbb15150989ad6c90eea5e3af22425697534c7"", ""AREA_05_IMAGES_OUTPUT/CAST/005_m_king_clang_s_mon_king_clang_CAST_F08.png"": ""a5ba0d4a0a2f287a56ffdeec8b4bc4e7fd85073d2fb780b1d01daa105ef903d1"", ""AREA_05_IMAGES_OUTPUT/CAST/005_m_king_clang_s_mon_king_clang_CAST_F09.png"": ""1b67b7dbd88e89e264ce981db4d421d67bcea0550c7dfe83087e85ee50059359"", ""AREA_05_IMAGES_OUTPUT/CAST/005_m_king_clang_s_mon_king_clang_CAST_F10.png"": ""21da460ef19651a0ae28ebb67525bd839a1629772ddfe78df2262ad37ab1bf2d"", ""AREA_05_IMAGES_OUTPUT/CAST/005_m_king_clang_s_mon_king_clang_CAST_F11.png"": ""4c7124a717725e9646ef9d98abec80e454e5afdb0149833e51635ee3325bd3c4""}",D:\maplestory_levup\docs\art\images-input-packages-v2_4\AREA_05_IMAGES_INPUT_V2_4.zip,V2.4,AREA_05_IMAGES_INPUT_V2_4/monsters/005_m_king_clang_킹크랑/GENERATION_SPEC.md,왕게 집게 두 개가 닫히며 밀어내는 넓은 파도턱. ‘킹크랑 / 왕게의 집게 파도’ 전용 소재이며 몬스터 본체는 VFX에 직접 넣지 않음,0.08 / non-loop one-shot,SkillEffect applies FlipX for directional attacks; delayed layer samples caster position at SpawnLayer execution; map entity then applies drift,F00–F11 전체를 순서대로 직접 대조,붉은 집게 형상 둘과 푸른 파도가 왕관형 충격 고리를 만들고 거품으로 소멸,D:\maplestory_levup\docs\art\area00-images-output\AREA_00_IMAGES_OUTPUT_ORIGINAL.zip,AREA_00_IMAGES_OUTPUT/monsters/004_m_mano_마노/VFX/004_m_mano_s_mon_mano_F06.png,AREA00 실제 승인 원화. 해당 보드의 기준 프레임 + ART_STYLE_STANDARD의 전체 기준. 고유 모양/저레벨 규모를 요구하지 않음,CAST의 리본 곡면·수중 별가시·왕게 집게/파도는 부드러운 명암과 예리한 빛 끝을 유지한다. ICON 및 두 REFERENCE의 픽셀 마감과 분리해서 판정했다.,동일 몬스터의 실제 ICON 및 모든 VFX 역할 대조. 일부 역할의 차이는 아래 별도 후보로 한정,CAST의 리본 곡면·수중 별가시·왕게 집게/파도는 부드러운 명암과 예리한 빛 끝을 유지한다. ICON 및 두 REFERENCE의 픽셀 마감과 분리해서 판정했다.,AREA00 기준 + 전체 Area의 동일 역할 보드 대조; 다수결 기준 사용 안 함. 추가 소재 비교는 CROSS_AREA_MATERIAL_BOARD_INDEX.csv,팔레트·재질·형상·레벨/보스 규모·밀도·역할별 프레임/시간 차이 허용,해당 없음,왕게 집게 두 개가 닫히며 밀어내는 넓은 파도턱. ‘킹크랑 / 왕게의 집게 파도’ 전용 소재이며 몬스터 본체는 VFX에 직접 넣지 않음 | SkillEffect applies FlipX for directional attacks; delayed layer samples caster position at SpawnLayer execution; map entity then applies drift,원화 유지,NO,NO,D:\maplestory_levup\docs\art\output_audit\runs\20260912_162508_msw_origin_art_review\CROSS_AREA_STYLE_BOARD\area_05_m_king_clang_CAST_VFX_NATIVE.png,,"PNG 원본을 동일 RGB(32,38,48) 배경에 1:1 합성. 확대는 동일 128px 영역 2배 NEAREST. 큰 보드의 도구 축소 표시 가능; 이탈 상세는 1600px 보드에서 추가 대조",전 프레임 순서상 형성/변화/해체/잔상 대조. 실시간 재생의 체감 리듬 및 엔진 합성은 미검증,NOT_CHECKED: 게임 내 최종 배율/카메라/필터/배경에서의 선명도 미검증. 명세 배율만으로 런타임 표시를 보았다고 하지 않음,NO_OBVIOUS_ISSUE,기존 파일검사 재사용,TARGET_OUTPUT
area_07,m_zombie_mushroom,좀비버섯,s_mon_zombie_mushroom,죽은 포자의 끈기,ICON,CONSISTENT_WITH_REFERENCE,D:\maplestory_levup\docs\art\output_repacked\20260912_153221_v24_repack\AREA_07_IMAGES_OUTPUT.zip,AREA_07_IMAGES_OUTPUT/ICON/001_m_zombie_mushroom_s_mon_zombie_mushroom_ICON.png,"{""AREA_07_IMAGES_OUTPUT/ICON/001_m_zombie_mushroom_s_mon_zombie_mushroom_ICON.png"": ""2ad649e9b4a5073a7780e53e71f28c6fa1be52549b28b6ea7485ec0f3e1e8291""}",D:\maplestory_levup\docs\art\images-input-packages-v2_4\AREA_07_IMAGES_INPUT_V2_4.zip,V2.4,AREA_07_IMAGES_INPUT_V2_4/monsters/001_m_zombie_mushroom_좀비버섯/GENERATION_SPEC.md,마른 포자 덩이가 꺼지지 않고 다시 붙는 탁한 생기. ‘좀비버섯 / 죽은 포자의 끈기’ 전용 소재이며 몬스터 본체는 VFX에 직접 넣지 않음,static / static,none,ICON 原寸 전체,갈색 죽은 포자핵에서 탁한 연두 연기와 잎조각이 피었다가 다시 말라든 핵으로 수축,D:\maplestory_levup\docs\art\area00-images-output\AREA_00_IMAGES_OUTPUT_ORIGINAL.zip,AREA_00_IMAGES_OUTPUT/monsters/002_m_blue_snail_파란_달팽이/ICON/002_m_blue_snail_s_mon_blue_snail_ICON.png,AREA00 실제 승인 원화. 해당 보드의 기준 프레임 + ART_STYLE_STANDARD의 전체 기준. 고유 모양/저레벨 규모를 요구하지 않음,"부식 구리/뼈/비늘의 표면 결을 유지하면서 화염은 얇은 밝은 중심선, 번개는 예리한 분기, 그림자 발톱은 보라 잔광으로 재질을 구별한다.",동일 몬스터의 실제 ICON 및 모든 VFX 역할 대조. 색·소재·반사광 관계에서 명백한 이탈 없음,"부식 구리/뼈/비늘의 표면 결을 유지하면서 화염은 얇은 밝은 중심선, 번개는 예리한 분기, 그림자 발톱은 보라 잔광으로 재질을 구별한다.",AREA00 기준 + 전체 Area의 동일 역할 보드 대조; 다수결 기준 사용 안 함. 추가 소재 비교는 CROSS_AREA_MATERIAL_BOARD_INDEX.csv,팔레트·재질·형상·레벨/보스 규모·밀도·역할별 프레임/시간 차이 허용,해당 없음,마른 포자 덩이가 꺼지지 않고 다시 붙는 탁한 생기. ‘좀비버섯 / 죽은 포자의 끈기’ 전용 소재이며 몬스터 본체는 VFX에 직접 넣지 않음 | none,원화 유지,NO,NO,D:\maplestory_levup\docs\art\output_audit\runs\20260912_162508_msw_origin_art_review\CROSS_AREA_STYLE_BOARD\area_07_ICON_NATIVE.png,,"PNG 원본을 동일 RGB(32,38,48) 배경에 1:1 합성. 확대는 동일 128px 영역 2배 NEAREST. 큰 보드의 도구 축소 표시 가능; 이탈 상세는 1600px 보드에서 추가 대조",전 프레임 순서상 형성/변화/해체/잔상 대조. 실시간 재생의 체감 리듬 및 엔진 합성은 미검증,NOT_CHECKED: 게임 내 최종 배율/카메라/필터/배경에서의 선명도 미검증. 명세 배율만으로 런타임 표시를 보았다고 하지 않음,NO_OBVIOUS_ISSUE,기존 파일검사 재사용,TARGET_OUTPUT
area_07,m_zombie_mushroom,좀비버섯,s_mon_zombie_mushroom,죽은 포자의 끈기,REFERENCE_VFX,CONSISTENT_WITH_REFERENCE,D:\maplestory_levup\docs\art\output_repacked\20260912_153221_v24_repack\AREA_07_IMAGES_OUTPUT.zip,AREA_07_IMAGES_OUTPUT/REFERENCE/001_m_zombie_mushroom_s_mon_zombie_mushroom_REFERENCE_F00.png|AREA_07_IMAGES_OUTPUT/REFERENCE/001_m_zombie_mushroom_s_mon_zombie_mushroom_REFERENCE_F01.png|AREA_07_IMAGES_OUTPUT/REFERENCE/001_m_zombie_mushroom_s_mon_zombie_mushroom_REFERENCE_F02.png|AREA_07_IMAGES_OUTPUT/REFERENCE/001_m_zombie_mushroom_s_mon_zombie_mushroom_REFERENCE_F03.png|AREA_07_IMAGES_OUTPUT/REFERENCE/001_m_zombie_mushroom_s_mon_zombie_mushroom_REFERENCE_F04.png|AREA_07_IMAGES_OUTPUT/REFERENCE/001_m_zombie_mushroom_s_mon_zombie_mushroom_REFERENCE_F05.png,"{""AREA_07_IMAGES_OUTPUT/REFERENCE/001_m_zombie_mushroom_s_mon_zombie_mushroom_REFERENCE_F00.png"": ""f6f63b730a754a4b4aa0512655e0170bc07e9680b85ab0f14ec9076802cf1275"", ""AREA_07_IMAGES_OUTPUT/REFERENCE/001_m_zombie_mushroom_s_mon_zombie_mushroom_REFERENCE_F01.png"": ""78dcd91e15c38a8cd4810bf73569f31b2ff09e340cddc264102959f362e1c501"", ""AREA_07_IMAGES_OUTPUT/REFERENCE/001_m_zombie_mushroom_s_mon_zombie_mushroom_REFERENCE_F02.png"": ""d26eff431264f3431730bb406ce253aa6888ccec3419870affd485937a7a96bf"", ""AREA_07_IMAGES_OUTPUT/REFERENCE/001_m_zombie_mushroom_s_mon_zombie_mushroom_REFERENCE_F03.png"": ""29bdc426e3a46f60dc918ba35aa6d35dfbe2e095d65433c1820e0bae97195946"", ""AREA_07_IMAGES_OUTPUT/REFERENCE/001_m_zombie_mushroom_s_mon_zombie_mushroom_REFERENCE_F04.png"": ""3cf435b7c00be67f976085d43d00fdd496ee8576ad74c4764b2b84dba0cb63e1"", ""AREA_07_IMAGES_OUTPUT/REFERENCE/001_m_zombie_mushroom_s_mon_zombie_mushroom_REFERENCE_F05.png"": ""525717eaa552264a259df7d216663b41d0ceab2cc73cbace0d19e30008a6a86a""}",D:\maplestory_levup\docs\art\images-input-packages-v2_4\AREA_07_IMAGES_INPUT_V2_4.zip,V2.4,AREA_07_IMAGES_INPUT_V2_4/monsters/001_m_zombie_mushroom_좀비버섯/GENERATION_SPEC.md,마른 포자 덩이가 꺼지지 않고 다시 붙는 탁한 생기. ‘좀비버섯 / 죽은 포자의 끈기’ 전용 소재이며 몬스터 본체는 VFX에 직접 넣지 않음,0.10 / preview-only non-loop,preview only; no engine motion/FlipX contract,F00–F05 전체를 순서대로 직접 대조,갈색 죽은 포자핵에서 탁한 연두 연기와 잎조각이 피었다가 다시 말라든 핵으로 수축,D:\maplestory_levup\docs\art\area00-images-output\AREA_00_IMAGES_OUTPUT_ORIGINAL.zip,AREA_00_IMAGES_OUTPUT/monsters/002_m_blue_snail_파란_달팽이/VFX/002_m_blue_snail_s_mon_blue_snail_F04.png,AREA00 실제 승인 원화. 해당 보드의 기준 프레임 + ART_STYLE_STANDARD의 전체 기준. 고유 모양/저레벨 규모를 요구하지 않음,"부식 구리/뼈/비늘의 표면 결을 유지하면서 화염은 얇은 밝은 중심선, 번개는 예리한 분기, 그림자 발톱은 보라 잔광으로 재질을 구별한다.",동일 몬스터의 실제 ICON 및 모든 VFX 역할 대조. 색·소재·반사광 관계에서 명백한 이탈 없음,"부식 구리/뼈/비늘의 표면 결을 유지하면서 화염은 얇은 밝은 중심선, 번개는 예리한 분기, 그림자 발톱은 보라 잔광으로 재질을 구별한다.",AREA00 기준 + 전체 Area의 동일 역할 보드 대조; 다수결 기준 사용 안 함. 추가 소재 비교는 CROSS_AREA_MATERIAL_BOARD_INDEX.csv,팔레트·재질·형상·레벨/보스 규모·밀도·역할별 프레임/시간 차이 허용,해당 없음,마른 포자 덩이가 꺼지지 않고 다시 붙는 탁한 생기. ‘좀비버섯 / 죽은 포자의 끈기’ 전용 소재이며 몬스터 본체는 VFX에 직접 넣지 않음 | preview only; no engine motion/FlipX contract,원화 유지,NO,NO,D:\maplestory_levup\docs\art\output_audit\runs\20260912_162508_msw_origin_art_review\CROSS_AREA_STYLE_BOARD\area_07_m_zombie_mushroom_REFERENCE_VFX_NATIVE.png,,"PNG 원본을 동일 RGB(32,38,48) 배경에 1:1 합성. 확대는 동일 128px 영역 2배 NEAREST. 큰 보드의 도구 축소 표시 가능; 이탈 상세는 1600px 보드에서 추가 대조",전 프레임 순서상 형성/변화/해체/잔상 대조. 실시간 재생의 체감 리듬 및 엔진 합성은 미검증,NOT_CHECKED: 게임 내 최종 배율/카메라/필터/배경에서의 선명도 미검증. 명세 배율만으로 런타임 표시를 보았다고 하지 않음,NO_OBVIOUS_ISSUE,기존 파일검사 재사용,TARGET_OUTPUT
area_07,m_copper_drake,카파 드레이크,s_mon_copper_drake,청동 비늘,ICON,CONSISTENT_WITH_REFERENCE,D:\maplestory_levup\docs\art\output_repacked\20260912_153221_v24_repack\AREA_07_IMAGES_OUTPUT.zip,AREA_07_IMAGES_OUTPUT/ICON/002_m_copper_drake_s_mon_copper_drake_ICON.png,"{""AREA_07_IMAGES_OUTPUT/ICON/002_m_copper_drake_s_mon_copper_drake_ICON.png"": ""477ff42b7177a48214731b722795a7206246b10352718685fbf974a5ca06855a""}",D:\maplestory_levup\docs\art\images-input-packages-v2_4\AREA_07_IMAGES_INPUT_V2_4.zip,V2.4,AREA_07_IMAGES_INPUT_V2_4/monsters/002_m_copper_drake_카파_드레이크/GENERATION_SPEC.md,청동 비늘 조각이 비스듬히 포개지는 방호판. ‘카파 드레이크 / 청동 비늘’ 전용 소재이며 몬스터 본체는 VFX에 직접 넣지 않음,static / static,none,ICON 原寸 전체,청록 바람선이 청동 비늘 묶음을 감싸고 중심 반사광 뒤 비늘 모티브로 안정,D:\maplestory_levup\docs\art\area00-images-output\AREA_00_IMAGES_OUTPUT_ORIGINAL.zip,AREA_00_IMAGES_OUTPUT/monsters/002_m_blue_snail_파란_달팽이/ICON/002_m_blue_snail_s_mon_blue_snail_ICON.png,AREA00 실제 승인 원화. 해당 보드의 기준 프레임 + ART_STYLE_STANDARD의 전체 기준. 고유 모양/저레벨 규모를 요구하지 않음,"부식 구리/뼈/비늘의 표면 결을 유지하면서 화염은 얇은 밝은 중심선, 번개는 예리한 분기, 그림자 발톱은 보라 잔광으로 재질을 구별한다.",동일 몬스터의 실제 ICON 및 모든 VFX 역할 대조. 색·소재·반사광 관계에서 명백한 이탈 없음,"부식 구리/뼈/비늘의 표면 결을 유지하면서 화염은 얇은 밝은 중심선, 번개는 예리한 분기, 그림자 발톱은 보라 잔광으로 재질을 구별한다.",AREA00 기준 + 전체 Area의 동일 역할 보드 대조; 다수결 기준 사용 안 함. 추가 소재 비교는 CROSS_AREA_MATERIAL_BOARD_INDEX.csv,팔레트·재질·형상·레벨/보스 규모·밀도·역할별 프레임/시간 차이 허용,해당 없음,청동 비늘 조각이 비스듬히 포개지는 방호판. ‘카파 드레이크 / 청동 비늘’ 전용 소재이며 몬스터 본체는 VFX에 직접 넣지 않음 | none,원화 유지,NO,NO,D:\maplestory_levup\docs\art\output_audit\runs\20260912_162508_msw_origin_art_review\CROSS_AREA_STYLE_BOARD\area_07_ICON_NATIVE.png,,"PNG 원본을 동일 RGB(32,38,48) 배경에 1:1 합성. 확대는 동일 128px 영역 2배 NEAREST. 큰 보드의 도구 축소 표시 가능; 이탈 상세는 1600px 보드에서 추가 대조",전 프레임 순서상 형성/변화/해체/잔상 대조. 실시간 재생의 체감 리듬 및 엔진 합성은 미검증,NOT_CHECKED: 게임 내 최종 배율/카메라/필터/배경에서의 선명도 미검증. 명세 배율만으로 런타임 표시를 보았다고 하지 않음,NO_OBVIOUS_ISSUE,기존 파일검사 재사용,TARGET_OUTPUT
area_07,m_copper_drake,카파 드레이크,s_mon_copper_drake,청동 비늘,REFERENCE_VFX,CONSISTENT_WITH_REFERENCE,D:\maplestory_levup\docs\art\output_repacked\20260912_153221_v24_repack\AREA_07_IMAGES_OUTPUT.zip,AREA_07_IMAGES_OUTPUT/REFERENCE/002_m_copper_drake_s_mon_copper_drake_REFERENCE_F00.png|AREA_07_IMAGES_OUTPUT/REFERENCE/002_m_copper_drake_s_mon_copper_drake_REFERENCE_F01.png|AREA_07_IMAGES_OUTPUT/REFERENCE/002_m_copper_drake_s_mon_copper_drake_REFERENCE_F02.png|AREA_07_IMAGES_OUTPUT/REFERENCE/002_m_copper_drake_s_mon_copper_drake_REFERENCE_F03.png|AREA_07_IMAGES_OUTPUT/REFERENCE/002_m_copper_drake_s_mon_copper_drake_REFERENCE_F04.png|AREA_07_IMAGES_OUTPUT/REFERENCE/002_m_copper_drake_s_mon_copper_drake_REFERENCE_F05.png,"{""AREA_07_IMAGES_OUTPUT/REFERENCE/002_m_copper_drake_s_mon_copper_drake_REFERENCE_F00.png"": ""7f5438d19985f604bd2cdb92917065dd09382f2f806a5c56fe76d1c443107382"", ""AREA_07_IMAGES_OUTPUT/REFERENCE/002_m_copper_drake_s_mon_copper_drake_REFERENCE_F01.png"": ""3cbd90a806753a97a7e4e5548b3532c4289b479e2179b5dcc861803f69265908"", ""AREA_07_IMAGES_OUTPUT/REFERENCE/002_m_copper_drake_s_mon_copper_drake_REFERENCE_F02.png"": ""97f1a40e3dbd809052129afde3cf3c601e248b11f01e39a5e27732fee50949ae"", ""AREA_07_IMAGES_OUTPUT/REFERENCE/002_m_copper_drake_s_mon_copper_drake_REFERENCE_F03.png"": ""a74b999da6f8eae72c090f6124010855f20485aab0cfe5b1b3bd706b1f6f2922"", ""AREA_07_IMAGES_OUTPUT/REFERENCE/002_m_copper_drake_s_mon_copper_drake_REFERENCE_F04.png"": ""96b94dae68f9a862b2b40ad568d53ad4dbf223337e0d13b33e00123a57463772"", ""AREA_07_IMAGES_OUTPUT/REFERENCE/002_m_copper_drake_s_mon_copper_drake_REFERENCE_F05.png"": ""eab3434a1c6fa0ea66c648a2360bc8a5398b64b2ae11c0b363a500db58a8f205""}",D:\maplestory_levup\docs\art\images-input-packages-v2_4\AREA_07_IMAGES_INPUT_V2_4.zip,V2.4,AREA_07_IMAGES_INPUT_V2_4/monsters/002_m_copper_drake_카파_드레이크/GENERATION_SPEC.md,청동 비늘 조각이 비스듬히 포개지는 방호판. ‘카파 드레이크 / 청동 비늘’ 전용 소재이며 몬스터 본체는 VFX에 직접 넣지 않음,0.10 / preview-only non-loop,preview only; no engine motion/FlipX contract,F00–F05 전체를 순서대로 직접 대조,청록 바람선이 청동 비늘 묶음을 감싸고 중심 반사광 뒤 비늘 모티브로 안정,D:\maplestory_levup\docs\art\area00-images-output\AREA_00_IMAGES_OUTPUT_ORIGINAL.zip,AREA_00_IMAGES_OUTPUT/monsters/002_m_blue_snail_파란_달팽이/VFX/002_m_blue_snail_s_mon_blue_snail_F04.png,AREA00 실제 승인 원화. 해당 보드의 기준 프레임 + ART_STYLE_STANDARD의 전체 기준. 고유 모양/저레벨 규모를 요구하지 않음,"부식 구리/뼈/비늘의 표면 결을 유지하면서 화염은 얇은 밝은 중심선, 번개는 예리한 분기, 그림자 발톱은 보라 잔광으로 재질을 구별한다.",동일 몬스터의 실제 ICON 및 모든 VFX 역할 대조. 색·소재·반사광 관계에서 명백한 이탈 없음,"부식 구리/뼈/비늘의 표면 결을 유지하면서 화염은 얇은 밝은 중심선, 번개는 예리한 분기, 그림자 발톱은 보라 잔광으로 재질을 구별한다.",AREA00 기준 + 전체 Area의 동일 역할 보드 대조; 다수결 기준 사용 안 함. 추가 소재 비교는 CROSS_AREA_MATERIAL_BOARD_INDEX.csv,팔레트·재질·형상·레벨/보스 규모·밀도·역할별 프레임/시간 차이 허용,해당 없음,청동 비늘 조각이 비스듬히 포개지는 방호판. ‘카파 드레이크 / 청동 비늘’ 전용 소재이며 몬스터 본체는 VFX에 직접 넣지 않음 | preview only; no engine motion/FlipX contract,원화 유지,NO,NO,D:\maplestory_levup\docs\art\output_audit\runs\20260912_162508_msw_origin_art_review\CROSS_AREA_STYLE_BOARD\area_07_m_copper_drake_REFERENCE_VFX_NATIVE.png,,"PNG 원본을 동일 RGB(32,38,48) 배경에 1:1 합성. 확대는 동일 128px 영역 2배 NEAREST. 큰 보드의 도구 축소 표시 가능; 이탈 상세는 1600px 보드에서 추가 대조",전 프레임 순서상 형성/변화/해체/잔상 대조. 실시간 재생의 체감 리듬 및 엔진 합성은 미검증,NOT_CHECKED: 게임 내 최종 배율/카메라/필터/배경에서의 선명도 미검증. 명세 배율만으로 런타임 표시를 보았다고 하지 않음,NO_OBVIOUS_ISSUE,기존 파일검사 재사용,TARGET_OUTPUT
area_07,m_drake,드레이크,s_mon_drake,동굴 용염,ICON,CONSISTENT_WITH_REFERENCE,D:\maplestory_levup\docs\art\output_repacked\20260912_153221_v24_repack\AREA_07_IMAGES_OUTPUT.zip,AREA_07_IMAGES_OUTPUT/ICON/003_m_drake_s_mon_drake_ICON.png,"{""AREA_07_IMAGES_OUTPUT/ICON/003_m_drake_s_mon_drake_ICON.png"": ""4e7c7e206275f6d135013762a4e14a6a287b33811b56cc973091124e2f331f39""}",D:\maplestory_levup\docs\art\images-input-packages-v2_4\AREA_07_IMAGES_INPUT_V2_4.zip,V2.4,AREA_07_IMAGES_INPUT_V2_4/monsters/003_m_drake_드레이크/GENERATION_SPEC.md,동굴 입김처럼 좁게 시작해 넓어지는 붉은 용염. ‘드레이크 / 동굴 용염’ 전용 소재이며 몬스터 본체는 VFX에 직접 넣지 않음,static / static,none,ICON 原寸 전체,주황 불길이 원형 용염 덩어리로 치솟고 검은 연기와 불티를 남기며 가라앉음,D:\maplestory_levup\docs\art\area00-images-output\AREA_00_IMAGES_OUTPUT_ORIGINAL.zip,AREA_00_IMAGES_OUTPUT/monsters/002_m_blue_snail_파란_달팽이/ICON/002_m_blue_snail_s_mon_blue_snail_ICON.png,AREA00 실제 승인 원화. 해당 보드의 기준 프레임 + ART_STYLE_STANDARD의 전체 기준. 고유 모양/저레벨 규모를 요구하지 않음,"부식 구리/뼈/비늘의 표면 결을 유지하면서 화염은 얇은 밝은 중심선, 번개는 예리한 분기, 그림자 발톱은 보라 잔광으로 재질을 구별한다.",동일 몬스터의 실제 ICON 및 모든 VFX 역할 대조. 색·소재·반사광 관계에서 명백한 이탈 없음,"부식 구리/뼈/비늘의 표면 결을 유지하면서 화염은 얇은 밝은 중심선, 번개는 예리한 분기, 그림자 발톱은 보라 잔광으로 재질을 구별한다.",AREA00 기준 + 전체 Area의 동일 역할 보드 대조; 다수결 기준 사용 안 함. 추가 소재 비교는 CROSS_AREA_MATERIAL_BOARD_INDEX.csv,팔레트·재질·형상·레벨/보스 규모·밀도·역할별 프레임/시간 차이 허용,해당 없음,동굴 입김처럼 좁게 시작해 넓어지는 붉은 용염. ‘드레이크 / 동굴 용염’ 전용 소재이며 몬스터 본체는 VFX에 직접 넣지 않음 | none,원화 유지,NO,NO,D:\maplestory_levup\docs\art\output_audit\runs\20260912_162508_msw_origin_art_review\CROSS_AREA_STYLE_BOARD\area_07_ICON_NATIVE.png,,"PNG 원본을 동일 RGB(32,38,48) 배경에 1:1 합성. 확대는 동일 128px 영역 2배 NEAREST. 큰 보드의 도구 축소 표시 가능; 이탈 상세는 1600px 보드에서 추가 대조",전 프레임 순서상 형성/변화/해체/잔상 대조. 실시간 재생의 체감 리듬 및 엔진 합성은 미검증,NOT_CHECKED: 게임 내 최종 배율/카메라/필터/배경에서의 선명도 미검증. 명세 배율만으로 런타임 표시를 보았다고 하지 않음,NO_OBVIOUS_ISSUE,기존 파일검사 재사용,TARGET_OUTPUT
area_07,m_drake,드레이크,s_mon_drake,동굴 용염,CAST_VFX,CONSISTENT_WITH_REFERENCE,D:\maplestory_levup\docs\art\output_repacked\20260912_153221_v24_repack\AREA_07_IMAGES_OUTPUT.zip,AREA_07_IMAGES_OUTPUT/CAST/003_m_drake_s_mon_drake_CAST_F00.png|AREA_07_IMAGES_OUTPUT/CAST/003_m_drake_s_mon_drake_CAST_F01.png|AREA_07_IMAGES_OUTPUT/CAST/003_m_drake_s_mon_drake_CAST_F02.png|AREA_07_IMAGES_OUTPUT/CAST/003_m_drake_s_mon_drake_CAST_F03.png|AREA_07_IMAGES_OUTPUT/CAST/003_m_drake_s_mon_drake_CAST_F04.png|AREA_07_IMAGES_OUTPUT/CAST/003_m_drake_s_mon_drake_CAST_F05.png|AREA_07_IMAGES_OUTPUT/CAST/003_m_drake_s_mon_drake_CAST_F06.png|AREA_07_IMAGES_OUTPUT/CAST/003_m_drake_s_mon_drake_CAST_F07.png,"{""AREA_07_IMAGES_OUTPUT/CAST/003_m_drake_s_mon_drake_CAST_F00.png"": ""df97cdf97d62e601ec2a21ee4b5aeb27ad560d2d191bd7bda128eb4b321e58af"", ""AREA_07_IMAGES_OUTPUT/CAST/003_m_drake_s_mon_drake_CAST_F01.png"": ""107b1efe23c4ef53bbfde9821082322561947ed4df5508645a46afec52a50a92"", ""AREA_07_IMAGES_OUTPUT/CAST/003_m_drake_s_mon_drake_CAST_F02.png"": ""b2ab4d02cc9feefc7b613527ecba98a751b5a8835fadf55f2620b5b55d5234de"", ""AREA_07_IMAGES_OUTPUT/CAST/003_m_drake_s_mon_drake_CAST_F03.png"": ""c68ad76b4fa91e265464afc9a1cac970f7588e9a3a758855a4eed4e0b930e11f"", ""AREA_07_IMAGES_OUTPUT/CAST/003_m_drake_s_mon_drake_CAST_F04.png"": ""a24a9b1c47ede5833737d2c50f3c32bdc8b27a266f828a78db39b7fb5e1b9f84"", ""AREA_07_IMAGES_OUTPUT/CAST/003_m_drake_s_mon_drake_CAST_F05.png"": ""8355ef9e9c8e120dd4a097d9f44113018a9e946788d91d28cc5de8e13fafe4da"", ""AREA_07_IMAGES_OUTPUT/CAST/003_m_drake_s_mon_drake_CAST_F06.png"": ""d92867d90c336d8eb9d277860e16214965fdabb561a27d772db1994552fcbb79"", ""AREA_07_IMAGES_OUTPUT/CAST/003_m_drake_s_mon_drake_CAST_F07.png"": ""b86bbf0991088be0dee8e9adc0ccebbfb07291ea498835e6dbb0124e7ef739c4""}",D:\maplestory_levup\docs\art\images-input-packages-v2_4\AREA_07_IMAGES_INPUT_V2_4.zip,V2.4,AREA_07_IMAGES_INPUT_V2_4/monsters/003_m_drake_드레이크/GENERATION_SPEC.md,동굴 입김처럼 좁게 시작해 넓어지는 붉은 용염. ‘드레이크 / 동굴 용염’ 전용 소재이며 몬스터 본체는 VFX에 직접 넣지 않음,0.10 / non-loop one-shot,SkillEffect applies FlipX for directional attacks; delayed layer samples caster position at SpawnLayer execution; map entity then applies drift,F00–F07 전체를 순서대로 직접 대조,주황 불길이 원형 용염 덩어리로 치솟고 검은 연기와 불티를 남기며 가라앉음,D:\maplestory_levup\docs\art\area00-images-output\AREA_00_IMAGES_OUTPUT_ORIGINAL.zip,AREA_00_IMAGES_OUTPUT/monsters/005_m_slime_슬라임/VFX/005_m_slime_s_mon_slime_F04.png,AREA00 실제 승인 원화. 해당 보드의 기준 프레임 + ART_STYLE_STANDARD의 전체 기준. 고유 모양/저레벨 규모를 요구하지 않음,"부식 구리/뼈/비늘의 표면 결을 유지하면서 화염은 얇은 밝은 중심선, 번개는 예리한 분기, 그림자 발톱은 보라 잔광으로 재질을 구별한다.",동일 몬스터의 실제 ICON 및 모든 VFX 역할 대조. 색·소재·반사광 관계에서 명백한 이탈 없음,"부식 구리/뼈/비늘의 표면 결을 유지하면서 화염은 얇은 밝은 중심선, 번개는 예리한 분기, 그림자 발톱은 보라 잔광으로 재질을 구별한다.",AREA00 기준 + 전체 Area의 동일 역할 보드 대조; 다수결 기준 사용 안 함. 추가 소재 비교는 CROSS_AREA_MATERIAL_BOARD_INDEX.csv,팔레트·재질·형상·레벨/보스 규모·밀도·역할별 프레임/시간 차이 허용,해당 없음,동굴 입김처럼 좁게 시작해 넓어지는 붉은 용염. ‘드레이크 / 동굴 용염’ 전용 소재이며 몬스터 본체는 VFX에 직접 넣지 않음 | SkillEffect applies FlipX for directional attacks; delayed layer samples caster position at SpawnLayer execution; map entity then applies drift,원화 유지,NO,NO,D:\maplestory_levup\docs\art\output_audit\runs\20260912_162508_msw_origin_art_review\CROSS_AREA_STYLE_BOARD\area_07_m_drake_CAST_VFX_NATIVE.png,,"PNG 원본을 동일 RGB(32,38,48) 배경에 1:1 합성. 확대는 동일 128px 영역 2배 NEAREST. 큰 보드의 도구 축소 표시 가능; 이탈 상세는 1600px 보드에서 추가 대조",전 프레임 순서상 형성/변화/해체/잔상 대조. 실시간 재생의 체감 리듬 및 엔진 합성은 미검증,NOT_CHECKED: 게임 내 최종 배율/카메라/필터/배경에서의 선명도 미검증. 명세 배율만으로 런타임 표시를 보았다고 하지 않음,NO_OBVIOUS_ISSUE,기존 파일검사 재사용,TARGET_OUTPUT
area_07,m_wild_kargo,와일드카고,s_mon_wild_kargo,야수의 그림자 돌진,ICON,CONSISTENT_WITH_REFERENCE,D:\maplestory_levup\docs\art\output_repacked\20260912_153221_v24_repack\AREA_07_IMAGES_OUTPUT.zip,AREA_07_IMAGES_OUTPUT/ICON/004_m_wild_kargo_s_mon_wild_kargo_ICON.png,"{""AREA_07_IMAGES_OUTPUT/ICON/004_m_wild_kargo_s_mon_wild_kargo_ICON.png"": ""206dafe09c8dc940409281dfa3133888c7f49ed8a039177a6397238d2d497735""}",D:\maplestory_levup\docs\art\images-input-packages-v2_4\AREA_07_IMAGES_INPUT_V2_4.zip,V2.4,AREA_07_IMAGES_INPUT_V2_4/monsters/004_m_wild_kargo_와일드카고/GENERATION_SPEC.md,검은 야수 발톱 세 줄과 몸을 낮춘 전방 그림자 잔상. ‘와일드카고 / 야수의 그림자 돌진’ 전용 소재이며 몬스터 본체는 VFX에 직접 넣지 않음,static / static,none,ICON 原寸 전체,검보라 그림자 발톱과 가시가 지면에서 전방으로 솟고 먹빛 잔상으로 흐려짐,D:\maplestory_levup\docs\art\area00-images-output\AREA_00_IMAGES_OUTPUT_ORIGINAL.zip,AREA_00_IMAGES_OUTPUT/monsters/002_m_blue_snail_파란_달팽이/ICON/002_m_blue_snail_s_mon_blue_snail_ICON.png,AREA00 실제 승인 원화. 해당 보드의 기준 프레임 + ART_STYLE_STANDARD의 전체 기준. 고유 모양/저레벨 규모를 요구하지 않음,"부식 구리/뼈/비늘의 표면 결을 유지하면서 화염은 얇은 밝은 중심선, 번개는 예리한 분기, 그림자 발톱은 보라 잔광으로 재질을 구별한다.",동일 몬스터의 실제 ICON 및 모든 VFX 역할 대조. 색·소재·반사광 관계에서 명백한 이탈 없음,"부식 구리/뼈/비늘의 표면 결을 유지하면서 화염은 얇은 밝은 중심선, 번개는 예리한 분기, 그림자 발톱은 보라 잔광으로 재질을 구별한다.",AREA00 기준 + 전체 Area의 동일 역할 보드 대조; 다수결 기준 사용 안 함. 추가 소재 비교는 CROSS_AREA_MATERIAL_BOARD_INDEX.csv,팔레트·재질·형상·레벨/보스 규모·밀도·역할별 프레임/시간 차이 허용,해당 없음,검은 야수 발톱 세 줄과 몸을 낮춘 전방 그림자 잔상. ‘와일드카고 / 야수의 그림자 돌진’ 전용 소재이며 몬스터 본체는 VFX에 직접 넣지 않음 | none,원화 유지,NO,NO,D:\maplestory_levup\docs\art\output_audit\runs\20260912_162508_msw_origin_art_review\CROSS_AREA_STYLE_BOARD\area_07_ICON_NATIVE.png,,"PNG 원본을 동일 RGB(32,38,48) 배경에 1:1 합성. 확대는 동일 128px 영역 2배 NEAREST. 큰 보드의 도구 축소 표시 가능; 이탈 상세는 1600px 보드에서 추가 대조",전 프레임 순서상 형성/변화/해체/잔상 대조. 실시간 재생의 체감 리듬 및 엔진 합성은 미검증,NOT_CHECKED: 게임 내 최종 배율/카메라/필터/배경에서의 선명도 미검증. 명세 배율만으로 런타임 표시를 보았다고 하지 않음,NO_OBVIOUS_ISSUE,기존 파일검사 재사용,TARGET_OUTPUT
area_07,m_wild_kargo,와일드카고,s_mon_wild_kargo,야수의 그림자 돌진,CAST_VFX,CONSISTENT_WITH_REFERENCE,D:\maplestory_levup\docs\art\output_repacked\20260912_153221_v24_repack\AREA_07_IMAGES_OUTPUT.zip,AREA_07_IMAGES_OUTPUT/CAST/004_m_wild_kargo_s_mon_wild_kargo_CAST_F00.png|AREA_07_IMAGES_OUTPUT/CAST/004_m_wild_kargo_s_mon_wild_kargo_CAST_F01.png|AREA_07_IMAGES_OUTPUT/CAST/004_m_wild_kargo_s_mon_wild_kargo_CAST_F02.png|AREA_07_IMAGES_OUTPUT/CAST/004_m_wild_kargo_s_mon_wild_kargo_CAST_F03.png|AREA_07_IMAGES_OUTPUT/CAST/004_m_wild_kargo_s_mon_wild_kargo_CAST_F04.png|AREA_07_IMAGES_OUTPUT/CAST/004_m_wild_kargo_s_mon_wild_kargo_CAST_F05.png|AREA_07_IMAGES_OUTPUT/CAST/004_m_wild_kargo_s_mon_wild_kargo_CAST_F06.png|AREA_07_IMAGES_OUTPUT/CAST/004_m_wild_kargo_s_mon_wild_kargo_CAST_F07.png,"{""AREA_07_IMAGES_OUTPUT/CAST/004_m_wild_kargo_s_mon_wild_kargo_CAST_F00.png"": ""7ebfe0f294df5ae31c62917de2827a309f4ad8573915187acc283c5ea83d2c70"", ""AREA_07_IMAGES_OUTPUT/CAST/004_m_wild_kargo_s_mon_wild_kargo_CAST_F01.png"": ""0f440f0a4d3e1b5f7d54a3a838ff4a0769c1faabc890fb0acae566ed667e5c4f"", ""AREA_07_IMAGES_OUTPUT/CAST/004_m_wild_kargo_s_mon_wild_kargo_CAST_F02.png"": ""7da67cffd71ca48191617df6e6efd53f885349cf31c81e9e93774f7c177ee2c1"", ""AREA_07_IMAGES_OUTPUT/CAST/004_m_wild_kargo_s_mon_wild_kargo_CAST_F03.png"": ""66c2213ffce3e995047f1c1352bae33d8b695a6abbdb121034bdab4d8b26314d"", ""AREA_07_IMAGES_OUTPUT/CAST/004_m_wild_kargo_s_mon_wild_kargo_CAST_F04.png"": ""032ab6900536cdf2bcef5c6b95510407715961bed62ee27ade1686550260879e"", ""AREA_07_IMAGES_OUTPUT/CAST/004_m_wild_kargo_s_mon_wild_kargo_CAST_F05.png"": ""364dbc52036203954d3ed846204f04d50ebf1b5983958af15f7d50a788d5512d"", ""AREA_07_IMAGES_OUTPUT/CAST/004_m_wild_kargo_s_mon_wild_kargo_CAST_F06.png"": ""5cfd8f5aa81734c74d033cf0b1f68c4b9e1ba6da11a10afc35816f21a05d1c8f"", ""AREA_07_IMAGES_OUTPUT/CAST/004_m_wild_kargo_s_mon_wild_kargo_CAST_F07.png"": ""b49efcd325402bda7a07301131daec09d85a6b68ebee464fa0792c59d71ceb8b""}",D:\maplestory_levup\docs\art\images-input-packages-v2_4\AREA_07_IMAGES_INPUT_V2_4.zip,V2.4,AREA_07_IMAGES_INPUT_V2_4/monsters/004_m_wild_kargo_와일드카고/GENERATION_SPEC.md,검은 야수 발톱 세 줄과 몸을 낮춘 전방 그림자 잔상. ‘와일드카고 / 야수의 그림자 돌진’ 전용 소재이며 몬스터 본체는 VFX에 직접 넣지 않음,0.10 / non-loop one-shot,SkillEffect applies FlipX for directional attacks; delayed layer samples caster position at SpawnLayer execution; map entity then applies drift,F00–F07 전체를 순서대로 직접 대조,검보라 그림자 발톱과 가시가 지면에서 전방으로 솟고 먹빛 잔상으로 흐려짐,D:\maplestory_levup\docs\art\area00-images-output\AREA_00_IMAGES_OUTPUT_ORIGINAL.zip,AREA_00_IMAGES_OUTPUT/monsters/005_m_slime_슬라임/VFX/005_m_slime_s_mon_slime_F04.png,AREA00 실제 승인 원화. 해당 보드의 기준 프레임 + ART_STYLE_STANDARD의 전체 기준. 고유 모양/저레벨 규모를 요구하지 않음,"부식 구리/뼈/비늘의 표면 결을 유지하면서 화염은 얇은 밝은 중심선, 번개는 예리한 분기, 그림자 발톱은 보라 잔광으로 재질을 구별한다.",동일 몬스터의 실제 ICON 및 모든 VFX 역할 대조. 색·소재·반사광 관계에서 명백한 이탈 없음,"부식 구리/뼈/비늘의 표면 결을 유지하면서 화염은 얇은 밝은 중심선, 번개는 예리한 분기, 그림자 발톱은 보라 잔광으로 재질을 구별한다.",AREA00 기준 + 전체 Area의 동일 역할 보드 대조; 다수결 기준 사용 안 함. 추가 소재 비교는 CROSS_AREA_MATERIAL_BOARD_INDEX.csv,팔레트·재질·형상·레벨/보스 규모·밀도·역할별 프레임/시간 차이 허용,해당 없음,검은 야수 발톱 세 줄과 몸을 낮춘 전방 그림자 잔상. ‘와일드카고 / 야수의 그림자 돌진’ 전용 소재이며 몬스터 본체는 VFX에 직접 넣지 않음 | SkillEffect applies FlipX for directional attacks; delayed layer samples caster position at SpawnLayer execution; map entity then applies drift,원화 유지,NO,NO,D:\maplestory_levup\docs\art\output_audit\runs\20260912_162508_msw_origin_art_review\CROSS_AREA_STYLE_BOARD\area_07_m_wild_kargo_CAST_VFX_NATIVE.png,,"PNG 원본을 동일 RGB(32,38,48) 배경에 1:1 합성. 확대는 동일 128px 영역 2배 NEAREST. 큰 보드의 도구 축소 표시 가능; 이탈 상세는 1600px 보드에서 추가 대조",전 프레임 순서상 형성/변화/해체/잔상 대조. 실시간 재생의 체감 리듬 및 엔진 합성은 미검증,NOT_CHECKED: 게임 내 최종 배율/카메라/필터/배경에서의 선명도 미검증. 명세 배율만으로 런타임 표시를 보았다고 하지 않음,NO_OBVIOUS_ISSUE,기존 파일검사 재사용,TARGET_OUTPUT
area_07,m_jr_balrog,주니어 발록,s_mon_jr_balrog,발록의 화염 파동,ICON,CONSISTENT_WITH_REFERENCE,D:\maplestory_levup\docs\art\output_repacked\20260912_153221_v24_repack\AREA_07_IMAGES_OUTPUT.zip,AREA_07_IMAGES_OUTPUT/ICON/005_m_jr_balrog_s_mon_jr_balrog_ICON.png,"{""AREA_07_IMAGES_OUTPUT/ICON/005_m_jr_balrog_s_mon_jr_balrog_ICON.png"": ""63b0327571de131b6c3849d295e204ab8368b8fc83e47446d2e61eaa4919512b""}",D:\maplestory_levup\docs\art\images-input-packages-v2_4\AREA_07_IMAGES_INPUT_V2_4.zip,V2.4,AREA_07_IMAGES_INPUT_V2_4/monsters/005_m_jr_balrog_주니어_발록/GENERATION_SPEC.md,발록 뿔을 닮은 화염 고리가 전방으로 밀리는 파동. ‘주니어 발록 / 발록의 화염 파동’ 전용 소재이며 몬스터 본체는 VFX에 직접 넣지 않음,static / static,none,ICON 原寸 전체,붉은 뿔형 화염 고리가 커져 중앙 폭발을 만들고 불씨 원으로 갈라져 소멸,D:\maplestory_levup\docs\art\area00-images-output\AREA_00_IMAGES_OUTPUT_ORIGINAL.zip,AREA_00_IMAGES_OUTPUT/monsters/002_m_blue_snail_파란_달팽이/ICON/002_m_blue_snail_s_mon_blue_snail_ICON.png,AREA00 실제 승인 원화. 해당 보드의 기준 프레임 + ART_STYLE_STANDARD의 전체 기준. 고유 모양/저레벨 규모를 요구하지 않음,"부식 구리/뼈/비늘의 표면 결을 유지하면서 화염은 얇은 밝은 중심선, 번개는 예리한 분기, 그림자 발톱은 보라 잔광으로 재질을 구별한다.",동일 몬스터의 실제 ICON 및 모든 VFX 역할 대조. 색·소재·반사광 관계에서 명백한 이탈 없음,"부식 구리/뼈/비늘의 표면 결을 유지하면서 화염은 얇은 밝은 중심선, 번개는 예리한 분기, 그림자 발톱은 보라 잔광으로 재질을 구별한다.",AREA00 기준 + 전체 Area의 동일 역할 보드 대조; 다수결 기준 사용 안 함. 추가 소재 비교는 CROSS_AREA_MATERIAL_BOARD_INDEX.csv,팔레트·재질·형상·레벨/보스 규모·밀도·역할별 프레임/시간 차이 허용,해당 없음,발록 뿔을 닮은 화염 고리가 전방으로 밀리는 파동. ‘주니어 발록 / 발록의 화염 파동’ 전용 소재이며 몬스터 본체는 VFX에 직접 넣지 않음 | none,원화 유지,NO,NO,D:\maplestory_levup\docs\art\output_audit\runs\20260912_162508_msw_origin_art_review\CROSS_AREA_STYLE_BOARD\area_07_ICON_NATIVE.png,,"PNG 원본을 동일 RGB(32,38,48) 배경에 1:1 합성. 확대는 동일 128px 영역 2배 NEAREST. 큰 보드의 도구 축소 표시 가능; 이탈 상세는 1600px 보드에서 추가 대조",전 프레임 순서상 형성/변화/해체/잔상 대조. 실시간 재생의 체감 리듬 및 엔진 합성은 미검증,NOT_CHECKED: 게임 내 최종 배율/카메라/필터/배경에서의 선명도 미검증. 명세 배율만으로 런타임 표시를 보았다고 하지 않음,NO_OBVIOUS_ISSUE,기존 파일검사 재사용,TARGET_OUTPUT
area_07,m_jr_balrog,주니어 발록,s_mon_jr_balrog,발록의 화염 파동,CAST_VFX,CONSISTENT_WITH_REFERENCE,D:\maplestory_levup\docs\art\output_repacked\20260912_153221_v24_repack\AREA_07_IMAGES_OUTPUT.zip,AREA_07_IMAGES_OUTPUT/CAST/005_m_jr_balrog_s_mon_jr_balrog_CAST_F00.png|AREA_07_IMAGES_OUTPUT/CAST/005_m_jr_balrog_s_mon_jr_balrog_CAST_F01.png|AREA_07_IMAGES_OUTPUT/CAST/005_m_jr_balrog_s_mon_jr_balrog_CAST_F02.png|AREA_07_IMAGES_OUTPUT/CAST/005_m_jr_balrog_s_mon_jr_balrog_CAST_F03.png|AREA_07_IMAGES_OUTPUT/CAST/005_m_jr_balrog_s_mon_jr_balrog_CAST_F04.png|AREA_07_IMAGES_OUTPUT/CAST/005_m_jr_balrog_s_mon_jr_balrog_CAST_F05.png|AREA_07_IMAGES_OUTPUT/CAST/005_m_jr_balrog_s_mon_jr_balrog_CAST_F06.png|AREA_07_IMAGES_OUTPUT/CAST/005_m_jr_balrog_s_mon_jr_balrog_CAST_F07.png|AREA_07_IMAGES_OUTPUT/CAST/005_m_jr_balrog_s_mon_jr_balrog_CAST_F08.png|AREA_07_IMAGES_OUTPUT/CAST/005_m_jr_balrog_s_mon_jr_balrog_CAST_F09.png|AREA_07_IMAGES_OUTPUT/CAST/005_m_jr_balrog_s_mon_jr_balrog_CAST_F10.png|AREA_07_IMAGES_OUTPUT/CAST/005_m_jr_balrog_s_mon_jr_balrog_CAST_F11.png,"{""AREA_07_IMAGES_OUTPUT/CAST/005_m_jr_balrog_s_mon_jr_balrog_CAST_F00.png"": ""ce587eaa04645d167df1b03491baa8538cb8f4cc46c156ab1387ca255dd9cc06"", ""AREA_07_IMAGES_OUTPUT/CAST/005_m_jr_balrog_s_mon_jr_balrog_CAST_F01.png"": ""eb4360e231cec17f1bd3fac7f9904443de3c2b7d70644002784c8f0de4d9c95f"", ""AREA_07_IMAGES_OUTPUT/CAST/005_m_jr_balrog_s_mon_jr_balrog_CAST_F02.png"": ""5efa43aae03e7d7694a9a90f457613f3fa9dc487a5e6d96c37374a10d88a589b"", ""AREA_07_IMAGES_OUTPUT/CAST/005_m_jr_balrog_s_mon_jr_balrog_CAST_F03.png"": ""9d317a2808631da3c1bb48ffeefbbae3de1df5224a0bf569aa0e6a529f2f1524"", ""AREA_07_IMAGES_OUTPUT/CAST/005_m_jr_balrog_s_mon_jr_balrog_CAST_F04.png"": ""6904c1fddef9b9f003b56a3099b017a003ed3aa3bffa66890d3ca4fed4ee4f78"", ""AREA_07_IMAGES_OUTPUT/CAST/005_m_jr_balrog_s_mon_jr_balrog_CAST_F05.png"": ""19a12f1d2809e9452c25da0e34c95e3a0f95d052390d9b8fee5567140b9caf97"", ""AREA_07_IMAGES_OUTPUT/CAST/005_m_jr_balrog_s_mon_jr_balrog_CAST_F06.png"": ""412072f74922884bb3f1ed9f8c288c16dd6e84d9d95461e3e6310d4758f7f950"", ""AREA_07_IMAGES_OUTPUT/CAST/005_m_jr_balrog_s_mon_jr_balrog_CAST_F07.png"": ""3dc5dddf9d0ca60a022406d0a0598e03e7527a489e5df7e77daafd1077ec19b5"", ""AREA_07_IMAGES_OUTPUT/CAST/005_m_jr_balrog_s_mon_jr_balrog_CAST_F08.png"": ""909083d123875b9f1b3f32f61f3caceb1d9588f0e3232cb0c82b217b7280f48f"", ""AREA_07_IMAGES_OUTPUT/CAST/005_m_jr_balrog_s_mon_jr_balrog_CAST_F09.png"": ""c00d599be07048b03d1ea73dd1d27d0e58db04ddd1ed355df74c7ae8015cbd18"", ""AREA_07_IMAGES_OUTPUT/CAST/005_m_jr_balrog_s_mon_jr_balrog_CAST_F10.png"": ""607288fb5bcdc70ea74a2564c03beca1f23a051772d22dec9792a0a672de0d83"", ""AREA_07_IMAGES_OUTPUT/CAST/005_m_jr_balrog_s_mon_jr_balrog_CAST_F11.png"": ""75c7c5eda4ffa278fbb952825fd1ea6a9677665411853a78370f96150a90b4d9""}",D:\maplestory_levup\docs\art\images-input-packages-v2_4\AREA_07_IMAGES_INPUT_V2_4.zip,V2.4,AREA_07_IMAGES_INPUT_V2_4/monsters/005_m_jr_balrog_주니어_발록/GENERATION_SPEC.md,발록 뿔을 닮은 화염 고리가 전방으로 밀리는 파동. ‘주니어 발록 / 발록의 화염 파동’ 전용 소재이며 몬스터 본체는 VFX에 직접 넣지 않음,0.08 / non-loop one-shot,SkillEffect applies FlipX for directional attacks; delayed layer samples caster position at SpawnLayer execution; map entity then applies drift,F00–F11 전체를 순서대로 직접 대조,붉은 뿔형 화염 고리가 커져 중앙 폭발을 만들고 불씨 원으로 갈라져 소멸,D:\maplestory_levup\docs\art\area00-images-output\AREA_00_IMAGES_OUTPUT_ORIGINAL.zip,AREA_00_IMAGES_OUTPUT/monsters/004_m_mano_마노/VFX/004_m_mano_s_mon_mano_F06.png,AREA00 실제 승인 원화. 해당 보드의 기준 프레임 + ART_STYLE_STANDARD의 전체 기준. 고유 모양/저레벨 규모를 요구하지 않음,"부식 구리/뼈/비늘의 표면 결을 유지하면서 화염은 얇은 밝은 중심선, 번개는 예리한 분기, 그림자 발톱은 보라 잔광으로 재질을 구별한다.",동일 몬스터의 실제 ICON 및 모든 VFX 역할 대조. 색·소재·반사광 관계에서 명백한 이탈 없음,"부식 구리/뼈/비늘의 표면 결을 유지하면서 화염은 얇은 밝은 중심선, 번개는 예리한 분기, 그림자 발톱은 보라 잔광으로 재질을 구별한다.",AREA00 기준 + 전체 Area의 동일 역할 보드 대조; 다수결 기준 사용 안 함. 추가 소재 비교는 CROSS_AREA_MATERIAL_BOARD_INDEX.csv,팔레트·재질·형상·레벨/보스 규모·밀도·역할별 프레임/시간 차이 허용,해당 없음,발록 뿔을 닮은 화염 고리가 전방으로 밀리는 파동. ‘주니어 발록 / 발록의 화염 파동’ 전용 소재이며 몬스터 본체는 VFX에 직접 넣지 않음 | SkillEffect applies FlipX for directional attacks; delayed layer samples caster position at SpawnLayer execution; map entity then applies drift,원화 유지,NO,NO,D:\maplestory_levup\docs\art\output_audit\runs\20260912_162508_msw_origin_art_review\CROSS_AREA_STYLE_BOARD\area_07_m_jr_balrog_CAST_VFX_NATIVE.png,,"PNG 원본을 동일 RGB(32,38,48) 배경에 1:1 합성. 확대는 동일 128px 영역 2배 NEAREST. 큰 보드의 도구 축소 표시 가능; 이탈 상세는 1600px 보드에서 추가 대조",전 프레임 순서상 형성/변화/해체/잔상 대조. 실시간 재생의 체감 리듬 및 엔진 합성은 미검증,NOT_CHECKED: 게임 내 최종 배율/카메라/필터/배경에서의 선명도 미검증. 명세 배율만으로 런타임 표시를 보았다고 하지 않음,NO_OBVIOUS_ISSUE,기존 파일검사 재사용,TARGET_OUTPUT
area_07,m_tauromacis,타우로마시스,s_mon_tauromacis,수문장의 낙뢰,ICON,CONSISTENT_WITH_REFERENCE,D:\maplestory_levup\docs\art\output_repacked\20260912_153221_v24_repack\AREA_07_IMAGES_OUTPUT.zip,AREA_07_IMAGES_OUTPUT/ICON/006_m_tauromacis_s_mon_tauromacis_ICON.png,"{""AREA_07_IMAGES_OUTPUT/ICON/006_m_tauromacis_s_mon_tauromacis_ICON.png"": ""c1e49853d61fa504fd8137112d5b0384e80adf9761dcecb50889b7938eff2dfc""}",D:\maplestory_levup\docs\art\images-input-packages-v2_4\AREA_07_IMAGES_INPUT_V2_4.zip,V2.4,AREA_07_IMAGES_INPUT_V2_4/monsters/006_m_tauromacis_타우로마시스/GENERATION_SPEC.md,미궁 수문 표식 위로 떨어지는 굵은 청백 낙뢰. ‘타우로마시스 / 수문장의 낙뢰’ 전용 소재이며 몬스터 본체는 VFX에 직접 넣지 않음,static / static,none,ICON 原寸 전체,푸른 번개가 금속성 원형 문양에 내려꽂혀 밝은 낙뢰 절정을 만든 뒤 얇은 고리로 잔류,D:\maplestory_levup\docs\art\area00-images-output\AREA_00_IMAGES_OUTPUT_ORIGINAL.zip,AREA_00_IMAGES_OUTPUT/monsters/002_m_blue_snail_파란_달팽이/ICON/002_m_blue_snail_s_mon_blue_snail_ICON.png,AREA00 실제 승인 원화. 해당 보드의 기준 프레임 + ART_STYLE_STANDARD의 전체 기준. 고유 모양/저레벨 규모를 요구하지 않음,"부식 구리/뼈/비늘의 표면 결을 유지하면서 화염은 얇은 밝은 중심선, 번개는 예리한 분기, 그림자 발톱은 보라 잔광으로 재질을 구별한다.",동일 몬스터의 실제 ICON 및 모든 VFX 역할 대조. 색·소재·반사광 관계에서 명백한 이탈 없음,"부식 구리/뼈/비늘의 표면 결을 유지하면서 화염은 얇은 밝은 중심선, 번개는 예리한 분기, 그림자 발톱은 보라 잔광으로 재질을 구별한다.",AREA00 기준 + 전체 Area의 동일 역할 보드 대조; 다수결 기준 사용 안 함. 추가 소재 비교는 CROSS_AREA_MATERIAL_BOARD_INDEX.csv,팔레트·재질·형상·레벨/보스 규모·밀도·역할별 프레임/시간 차이 허용,해당 없음,미궁 수문 표식 위로 떨어지는 굵은 청백 낙뢰. ‘타우로마시스 / 수문장의 낙뢰’ 전용 소재이며 몬스터 본체는 VFX에 직접 넣지 않음 | none,원화 유지,NO,NO,D:\maplestory_levup\docs\art\output_audit\runs\20260912_162508_msw_origin_art_review\CROSS_AREA_STYLE_BOARD\area_07_ICON_NATIVE.png,,"PNG 원본을 동일 RGB(32,38,48) 배경에 1:1 합성. 확대는 동일 128px 영역 2배 NEAREST. 큰 보드의 도구 축소 표시 가능; 이탈 상세는 1600px 보드에서 추가 대조",전 프레임 순서상 형성/변화/해체/잔상 대조. 실시간 재생의 체감 리듬 및 엔진 합성은 미검증,NOT_CHECKED: 게임 내 최종 배율/카메라/필터/배경에서의 선명도 미검증. 명세 배율만으로 런타임 표시를 보았다고 하지 않음,NO_OBVIOUS_ISSUE,기존 파일검사 재사용,TARGET_OUTPUT
area_07,m_tauromacis,타우로마시스,s_mon_tauromacis,수문장의 낙뢰,CAST_VFX,CONSISTENT_WITH_REFERENCE,D:\maplestory_levup\docs\art\output_repacked\20260912_153221_v24_repack\AREA_07_IMAGES_OUTPUT.zip,AREA_07_IMAGES_OUTPUT/CAST/006_m_tauromacis_s_mon_tauromacis_CAST_F00.png|AREA_07_IMAGES_OUTPUT/CAST/006_m_tauromacis_s_mon_tauromacis_CAST_F01.png|AREA_07_IMAGES_OUTPUT/CAST/006_m_tauromacis_s_mon_tauromacis_CAST_F02.png|AREA_07_IMAGES_OUTPUT/CAST/006_m_tauromacis_s_mon_tauromacis_CAST_F03.png|AREA_07_IMAGES_OUTPUT/CAST/006_m_tauromacis_s_mon_tauromacis_CAST_F04.png|AREA_07_IMAGES_OUTPUT/CAST/006_m_tauromacis_s_mon_tauromacis_CAST_F05.png|AREA_07_IMAGES_OUTPUT/CAST/006_m_tauromacis_s_mon_tauromacis_CAST_F06.png|AREA_07_IMAGES_OUTPUT/CAST/006_m_tauromacis_s_mon_tauromacis_CAST_F07.png,"{""AREA_07_IMAGES_OUTPUT/CAST/006_m_tauromacis_s_mon_tauromacis_CAST_F00.png"": ""7eb463c6f0ce22db2ff1ac58b894ff193efd774f9e49caac5c4e8a7295ffd78b"", ""AREA_07_IMAGES_OUTPUT/CAST/006_m_tauromacis_s_mon_tauromacis_CAST_F01.png"": ""82b9dd8997ed524ea8259a02f240315a673050aeca4a9df9e87a60bf68dd36d4"", ""AREA_07_IMAGES_OUTPUT/CAST/006_m_tauromacis_s_mon_tauromacis_CAST_F02.png"": ""3b9008a5fa5574f61aa8ac49d912288aa2d888b2365fa317ff082d0452c0baf1"", ""AREA_07_IMAGES_OUTPUT/CAST/006_m_tauromacis_s_mon_tauromacis_CAST_F03.png"": ""d2f8d792734c5f49122f9416394d0fe04084510973b00408178b15fbf92b1925"", ""AREA_07_IMAGES_OUTPUT/CAST/006_m_tauromacis_s_mon_tauromacis_CAST_F04.png"": ""ede01431385c8c8b038df580ae4ae51fd201b401cae43e6b53e9c4eb97c28651"", ""AREA_07_IMAGES_OUTPUT/CAST/006_m_tauromacis_s_mon_tauromacis_CAST_F05.png"": ""274051d050f4d26536a3ab4979331f2a2951ac4f98ae919f4ae549f94f4cde36"", ""AREA_07_IMAGES_OUTPUT/CAST/006_m_tauromacis_s_mon_tauromacis_CAST_F06.png"": ""526c9d96969fc543786f74bf9f60a5a039f40d75b224647ee05bf20304b8626f"", ""AREA_07_IMAGES_OUTPUT/CAST/006_m_tauromacis_s_mon_tauromacis_CAST_F07.png"": ""83788319f99d507af36cb9d3b100a24f6c0365e6bdec5b6c743d3ad6e4e6c792""}",D:\maplestory_levup\docs\art\images-input-packages-v2_4\AREA_07_IMAGES_INPUT_V2_4.zip,V2.4,AREA_07_IMAGES_INPUT_V2_4/monsters/006_m_tauromacis_타우로마시스/GENERATION_SPEC.md,미궁 수문 표식 위로 떨어지는 굵은 청백 낙뢰. ‘타우로마시스 / 수문장의 낙뢰’ 전용 소재이며 몬스터 본체는 VFX에 직접 넣지 않음,0.10 / non-loop one-shot,SkillEffect applies FlipX for directional attacks; delayed layer samples caster position at SpawnLayer execution; map entity then applies drift,F00–F07 전체를 순서대로 직접 대조,푸른 번개가 금속성 원형 문양에 내려꽂혀 밝은 낙뢰 절정을 만든 뒤 얇은 고리로 잔류,D:\maplestory_levup\docs\art\area00-images-output\AREA_00_IMAGES_OUTPUT_ORIGINAL.zip,AREA_00_IMAGES_OUTPUT/monsters/005_m_slime_슬라임/VFX/005_m_slime_s_mon_slime_F04.png,AREA00 실제 승인 원화. 해당 보드의 기준 프레임 + ART_STYLE_STANDARD의 전체 기준. 고유 모양/저레벨 규모를 요구하지 않음,"부식 구리/뼈/비늘의 표면 결을 유지하면서 화염은 얇은 밝은 중심선, 번개는 예리한 분기, 그림자 발톱은 보라 잔광으로 재질을 구별한다.",동일 몬스터의 실제 ICON 및 모든 VFX 역할 대조. 색·소재·반사광 관계에서 명백한 이탈 없음,"부식 구리/뼈/비늘의 표면 결을 유지하면서 화염은 얇은 밝은 중심선, 번개는 예리한 분기, 그림자 발톱은 보라 잔광으로 재질을 구별한다.",AREA00 기준 + 전체 Area의 동일 역할 보드 대조; 다수결 기준 사용 안 함. 추가 소재 비교는 CROSS_AREA_MATERIAL_BOARD_INDEX.csv,팔레트·재질·형상·레벨/보스 규모·밀도·역할별 프레임/시간 차이 허용,해당 없음,미궁 수문 표식 위로 떨어지는 굵은 청백 낙뢰. ‘타우로마시스 / 수문장의 낙뢰’ 전용 소재이며 몬스터 본체는 VFX에 직접 넣지 않음 | SkillEffect applies FlipX for directional attacks; delayed layer samples caster position at SpawnLayer execution; map entity then applies drift,원화 유지,NO,NO,D:\maplestory_levup\docs\art\output_audit\runs\20260912_162508_msw_origin_art_review\CROSS_AREA_STYLE_BOARD\area_07_m_tauromacis_CAST_VFX_NATIVE.png,,"PNG 원본을 동일 RGB(32,38,48) 배경에 1:1 합성. 확대는 동일 128px 영역 2배 NEAREST. 큰 보드의 도구 축소 표시 가능; 이탈 상세는 1600px 보드에서 추가 대조",전 프레임 순서상 형성/변화/해체/잔상 대조. 실시간 재생의 체감 리듬 및 엔진 합성은 미검증,NOT_CHECKED: 게임 내 최종 배율/카메라/필터/배경에서의 선명도 미검증. 명세 배율만으로 런타임 표시를 보았다고 하지 않음,NO_OBVIOUS_ISSUE,기존 파일검사 재사용,TARGET_OUTPUT
area_08,m_star_pixie,스타픽시,s_mon_star_pixie,별빛 탄환,ICON,CONSISTENT_WITH_REFERENCE,D:\maplestory_levup\docs\art\output_repacked\20260912_153221_v24_repack\AREA_08_IMAGES_OUTPUT.zip,AREA_08_IMAGES_OUTPUT/ICON/001_m_star_pixie_s_mon_star_pixie_ICON.png,"{""AREA_08_IMAGES_OUTPUT/ICON/001_m_star_pixie_s_mon_star_pixie_ICON.png"": ""05e2aed9d16ef276fcdf919192b5f47ee219885a482780ed04517cbece19999e""}",D:\maplestory_levup\docs\art\images-input-packages-v2_4\AREA_08_IMAGES_INPUT_V2_4.zip,V2.4,AREA_08_IMAGES_INPUT_V2_4/monsters/001_m_star_pixie_스타픽시/GENERATION_SPEC.md,작은 별핵이 꼬리별 잔상을 달고 직선으로 날아가는 탄. ‘스타픽시 / 별빛 탄환’ 전용 소재이며 몬스터 본체는 VFX에 직접 넣지 않음,static / static,none,ICON 原寸 전체,"금빛 별과 짧은 청백 꼬리가 CAST에서 형성되고, 투사체는 별핵의 국소 반짝임만 변화",D:\maplestory_levup\docs\art\area00-images-output\AREA_00_IMAGES_OUTPUT_ORIGINAL.zip,AREA_00_IMAGES_OUTPUT/monsters/002_m_blue_snail_파란_달팽이/ICON/002_m_blue_snail_s_mon_blue_snail_ICON.png,AREA00 실제 승인 원화. 해당 보드의 기준 프레임 + ART_STYLE_STANDARD의 전체 기준. 고유 모양/저레벨 규모를 요구하지 않음,"별/달의 밝은 핵·초승달 유리광, 화염 띠, 잎이 섞인 바람은 서로 다른 소재지만 윤곽과 광선의 연속성을 유지한다. 별탄과 태양 참고의 단순화만 판단 보류.",동일 몬스터의 실제 ICON 및 모든 VFX 역할 대조. 일부 역할의 차이는 아래 별도 후보로 한정,"별/달의 밝은 핵·초승달 유리광, 화염 띠, 잎이 섞인 바람은 서로 다른 소재지만 윤곽과 광선의 연속성을 유지한다. 별탄과 태양 참고의 단순화만 판단 보류.",AREA00 기준 + 전체 Area의 동일 역할 보드 대조; 다수결 기준 사용 안 함. 추가 소재 비교는 CROSS_AREA_MATERIAL_BOARD_INDEX.csv,팔레트·재질·형상·레벨/보스 규모·밀도·역할별 프레임/시간 차이 허용,해당 없음,작은 별핵이 꼬리별 잔상을 달고 직선으로 날아가는 탄. ‘스타픽시 / 별빛 탄환’ 전용 소재이며 몬스터 본체는 VFX에 직접 넣지 않음 | none,원화 유지,NO,NO,D:\maplestory_levup\docs\art\output_audit\runs\20260912_162508_msw_origin_art_review\CROSS_AREA_STYLE_BOARD\area_08_ICON_NATIVE.png,,"PNG 원본을 동일 RGB(32,38,48) 배경에 1:1 합성. 확대는 동일 128px 영역 2배 NEAREST. 큰 보드의 도구 축소 표시 가능; 이탈 상세는 1600px 보드에서 추가 대조",전 프레임 순서상 형성/변화/해체/잔상 대조. 실시간 재생의 체감 리듬 및 엔진 합성은 미검증,NOT_CHECKED: 게임 내 최종 배율/카메라/필터/배경에서의 선명도 미검증. 명세 배율만으로 런타임 표시를 보았다고 하지 않음,NO_OBVIOUS_ISSUE,기존 파일검사 재사용,TARGET_OUTPUT
area_08,m_star_pixie,스타픽시,s_mon_star_pixie,별빛 탄환,CAST_VFX,CONSISTENT_WITH_REFERENCE,D:\maplestory_levup\docs\art\output_repacked\20260912_153221_v24_repack\AREA_08_IMAGES_OUTPUT.zip,AREA_08_IMAGES_OUTPUT/CAST/001_m_star_pixie_s_mon_star_pixie_CAST_F00.png|AREA_08_IMAGES_OUTPUT/CAST/001_m_star_pixie_s_mon_star_pixie_CAST_F01.png|AREA_08_IMAGES_OUTPUT/CAST/001_m_star_pixie_s_mon_star_pixie_CAST_F02.png|AREA_08_IMAGES_OUTPUT/CAST/001_m_star_pixie_s_mon_star_pixie_CAST_F03.png|AREA_08_IMAGES_OUTPUT/CAST/001_m_star_pixie_s_mon_star_pixie_CAST_F04.png|AREA_08_IMAGES_OUTPUT/CAST/001_m_star_pixie_s_mon_star_pixie_CAST_F05.png|AREA_08_IMAGES_OUTPUT/CAST/001_m_star_pixie_s_mon_star_pixie_CAST_F06.png|AREA_08_IMAGES_OUTPUT/CAST/001_m_star_pixie_s_mon_star_pixie_CAST_F07.png,"{""AREA_08_IMAGES_OUTPUT/CAST/001_m_star_pixie_s_mon_star_pixie_CAST_F00.png"": ""ced37c3097321eac9509f1a1cabb7461b01853cb16fd8cf5147635a63fbdfabc"", ""AREA_08_IMAGES_OUTPUT/CAST/001_m_star_pixie_s_mon_star_pixie_CAST_F01.png"": ""1842caa28d60011960a82635791ef1f6beba393da942bc14e6f82b0e062fdb68"", ""AREA_08_IMAGES_OUTPUT/CAST/001_m_star_pixie_s_mon_star_pixie_CAST_F02.png"": ""382780ed757e431533b4bc417f0ce7d4037cb1e0fe4efb4b83ccf10a67f955ca"", ""AREA_08_IMAGES_OUTPUT/CAST/001_m_star_pixie_s_mon_star_pixie_CAST_F03.png"": ""a30297e1483c1bcf94a174b59e68085916f6d3f2495783d9810861ac56f6dcc0"", ""AREA_08_IMAGES_OUTPUT/CAST/001_m_star_pixie_s_mon_star_pixie_CAST_F04.png"": ""43f0cd533909af66779c781795737f8b1d77fc5762e85468955df163f2986578"", ""AREA_08_IMAGES_OUTPUT/CAST/001_m_star_pixie_s_mon_star_pixie_CAST_F05.png"": ""5eef3b8e36a3193bd8be4a415c1155c90895c1b051c8119112d20c124bd13f96"", ""AREA_08_IMAGES_OUTPUT/CAST/001_m_star_pixie_s_mon_star_pixie_CAST_F06.png"": ""4a977f5ee4badff769d2e3f29f1ada5410eb46a7c80ebfe5fa22928a1826f9d1"", ""AREA_08_IMAGES_OUTPUT/CAST/001_m_star_pixie_s_mon_star_pixie_CAST_F07.png"": ""b669a5e3a47219548928fbc93a1ff8bf90cdf27e3455bfd41e92bfd7ca9638c4""}",D:\maplestory_levup\docs\art\images-input-packages-v2_4\AREA_08_IMAGES_INPUT_V2_4.zip,V2.4,AREA_08_IMAGES_INPUT_V2_4/monsters/001_m_star_pixie_스타픽시/GENERATION_SPEC.md,작은 별핵이 꼬리별 잔상을 달고 직선으로 날아가는 탄. ‘스타픽시 / 별빛 탄환’ 전용 소재이며 몬스터 본체는 VFX에 직접 넣지 않음,0.10 / non-loop one-shot,SkillEffect applies FlipX for directional attacks; delayed layer samples caster position at SpawnLayer execution; map entity then applies drift,F00–F07 전체를 순서대로 직접 대조,"금빛 별과 짧은 청백 꼬리가 CAST에서 형성되고, 투사체는 별핵의 국소 반짝임만 변화",D:\maplestory_levup\docs\art\area00-images-output\AREA_00_IMAGES_OUTPUT_ORIGINAL.zip,AREA_00_IMAGES_OUTPUT/monsters/005_m_slime_슬라임/VFX/005_m_slime_s_mon_slime_F04.png,AREA00 실제 승인 원화. 해당 보드의 기준 프레임 + ART_STYLE_STANDARD의 전체 기준. 고유 모양/저레벨 규모를 요구하지 않음,"별/달의 밝은 핵·초승달 유리광, 화염 띠, 잎이 섞인 바람은 서로 다른 소재지만 윤곽과 광선의 연속성을 유지한다. 별탄과 태양 참고의 단순화만 판단 보류.",동일 몬스터의 실제 ICON 및 모든 VFX 역할 대조. 일부 역할의 차이는 아래 별도 후보로 한정,"별/달의 밝은 핵·초승달 유리광, 화염 띠, 잎이 섞인 바람은 서로 다른 소재지만 윤곽과 광선의 연속성을 유지한다. 별탄과 태양 참고의 단순화만 판단 보류.",AREA00 기준 + 전체 Area의 동일 역할 보드 대조; 다수결 기준 사용 안 함. 추가 소재 비교는 CROSS_AREA_MATERIAL_BOARD_INDEX.csv,팔레트·재질·형상·레벨/보스 규모·밀도·역할별 프레임/시간 차이 허용,해당 없음,작은 별핵이 꼬리별 잔상을 달고 직선으로 날아가는 탄. ‘스타픽시 / 별빛 탄환’ 전용 소재이며 몬스터 본체는 VFX에 직접 넣지 않음 | SkillEffect applies FlipX for directional attacks; delayed layer samples caster position at SpawnLayer execution; map entity then applies drift,원화 유지,NO,NO,D:\maplestory_levup\docs\art\output_audit\runs\20260912_162508_msw_origin_art_review\CROSS_AREA_STYLE_BOARD\area_08_m_star_pixie_CAST_VFX_NATIVE.png,,"PNG 원본을 동일 RGB(32,38,48) 배경에 1:1 합성. 확대는 동일 128px 영역 2배 NEAREST. 큰 보드의 도구 축소 표시 가능; 이탈 상세는 1600px 보드에서 추가 대조",전 프레임 순서상 형성/변화/해체/잔상 대조. 실시간 재생의 체감 리듬 및 엔진 합성은 미검증,NOT_CHECKED: 게임 내 최종 배율/카메라/필터/배경에서의 선명도 미검증. 명세 배율만으로 런타임 표시를 보았다고 하지 않음,NO_OBVIOUS_ISSUE,기존 파일검사 재사용,TARGET_OUTPUT
area_08,m_star_pixie,스타픽시,s_mon_star_pixie,별빛 탄환,PROJECTILE,NEEDS_USER_REVIEW,D:\maplestory_levup\docs\art\output_repacked\20260912_153221_v24_repack\AREA_08_IMAGES_OUTPUT.zip,AREA_08_IMAGES_OUTPUT/PROJECTILE/001_m_star_pixie_s_mon_star_pixie_PROJECTILE_F00.png|AREA_08_IMAGES_OUTPUT/PROJECTILE/001_m_star_pixie_s_mon_star_pixie_PROJECTILE_F01.png|AREA_08_IMAGES_OUTPUT/PROJECTILE/001_m_star_pixie_s_mon_star_pixie_PROJECTILE_F02.png|AREA_08_IMAGES_OUTPUT/PROJECTILE/001_m_star_pixie_s_mon_star_pixie_PROJECTILE_F03.png,"{""AREA_08_IMAGES_OUTPUT/PROJECTILE/001_m_star_pixie_s_mon_star_pixie_PROJECTILE_F00.png"": ""ed9682a64fe5e99507ffc6faad835d0aef51136df70897adf873bec59a36e3b1"", ""AREA_08_IMAGES_OUTPUT/PROJECTILE/001_m_star_pixie_s_mon_star_pixie_PROJECTILE_F01.png"": ""5cc8d573c03735891614d8d7ad2fe515643e909ec86417b6690f7a6f6e06b488"", ""AREA_08_IMAGES_OUTPUT/PROJECTILE/001_m_star_pixie_s_mon_star_pixie_PROJECTILE_F02.png"": ""f79a6853c74d1f7b6cbdd2ead3830bf15005900262301ff920d2b667699f2a8e"", ""AREA_08_IMAGES_OUTPUT/PROJECTILE/001_m_star_pixie_s_mon_star_pixie_PROJECTILE_F03.png"": ""ff327d6369a3e1a41e37307cc6bfc5f28d0bc7002da20e6b06520456eb0e3ff6""}",D:\maplestory_levup\docs\art\images-input-packages-v2_4\AREA_08_IMAGES_INPUT_V2_4.zip,V2.4,AREA_08_IMAGES_INPUT_V2_4/monsters/001_m_star_pixie_스타픽시/GENERATION_SPEC.md,작은 별핵이 꼬리별 잔상을 달고 직선으로 날아가는 탄. ‘스타픽시 / 별빛 탄환’ 전용 소재이며 몬스터 본체는 VFX에 직접 넣지 않음,0.08 / non-loop complete playback within 0.35s entity lifetime,art direction-neutral/local form only; engine translates caster+h to target+h and applies ZRotation; no PROJECTILE FlipX or travel-direction alignment,F00–F03 전체를 순서대로 직접 대조,"금빛 별과 짧은 청백 꼬리가 CAST에서 형성되고, 투사체는 별핵의 국소 반짝임만 변화",D:\maplestory_levup\docs\art\area00-images-output\AREA_00_IMAGES_OUTPUT_ORIGINAL.zip,AREA_00_IMAGES_OUTPUT/monsters/005_m_slime_슬라임/VFX/005_m_slime_s_mon_slime_F04.png,AREA00 실제 승인 원화. 해당 보드의 기준 프레임 + ART_STYLE_STANDARD의 전체 기준. 고유 모양/저레벨 규모를 요구하지 않음,F00–F03 둥근 별의 평평한 황색 내부와 두꺼운 테두리가 CAST/ICON의 입체 별핵보다 배지처럼 읽힌다. 발광 핵의 단순화로 볼 여지가 있어 이탈 확정은 보류한다.,동일 몬스터의 실제 ICON 및 모든 VFX 역할 대조. 일부 역할의 차이는 아래 별도 후보로 한정,"별/달의 밝은 핵·초승달 유리광, 화염 띠, 잎이 섞인 바람은 서로 다른 소재지만 윤곽과 광선의 연속성을 유지한다. 별탄과 태양 참고의 단순화만 판단 보류.",AREA00 기준 + 전체 Area의 동일 역할 보드 대조; 다수결 기준 사용 안 함. 추가 소재 비교는 CROSS_AREA_MATERIAL_BOARD_INDEX.csv,팔레트·재질·형상·레벨/보스 규모·밀도·역할별 프레임/시간 차이 허용,허용된 소재/역할 단순화와 마감 차이의 경계 불명확,작은 별핵이 꼬리별 잔상을 달고 직선으로 날아가는 탄. ‘스타픽시 / 별빛 탄환’ 전용 소재이며 몬스터 본체는 VFX에 직접 넣지 않음 | art direction-neutral/local form only; engine translates caster+h to target+h and applies ZRotation; no PROJECTILE FlipX or travel-direction alignment,별핵/짧은 꼬리와 방향 중립 유지. 테두리 및 내부 입체감의 허용 범위 사용자 판단,YES,NO,D:\maplestory_levup\docs\art\output_audit\runs\20260912_162508_msw_origin_art_review\CROSS_AREA_STYLE_BOARD\area_08_m_star_pixie_PROJECTILE_NATIVE.png,D:\maplestory_levup\docs\art\output_audit\runs\20260912_162508_msw_origin_art_review\STYLE_OUTLIERS\area_08_m_star_pixie_PROJECTILE_COMPARE.png,"PNG 원본을 동일 RGB(32,38,48) 배경에 1:1 합성. 확대는 동일 128px 영역 2배 NEAREST. 큰 보드의 도구 축소 표시 가능; 이탈 상세는 1600px 보드에서 추가 대조",전 프레임 순서상 형성/변화/해체/잔상 대조. 실시간 재생의 체감 리듬 및 엔진 합성은 미검증,NOT_CHECKED: 게임 내 최종 배율/카메라/필터/배경에서의 선명도 미검증. 명세 배율만으로 런타임 표시를 보았다고 하지 않음,NO_OBVIOUS_ISSUE,기존 파일검사 재사용,TARGET_OUTPUT
area_08,m_jr_cellion,주니어 샐리온,s_mon_jr_cellion,붉은 뿔의 기백,ICON,CONSISTENT_WITH_REFERENCE,D:\maplestory_levup\docs\art\output_repacked\20260912_153221_v24_repack\AREA_08_IMAGES_OUTPUT.zip,AREA_08_IMAGES_OUTPUT/ICON/002_m_jr_cellion_s_mon_jr_cellion_ICON.png,"{""AREA_08_IMAGES_OUTPUT/ICON/002_m_jr_cellion_s_mon_jr_cellion_ICON.png"": ""4836dbaa93b69a5d8ab9355ea910f26b5648944f855c756f464ce8725ae13d07""}",D:\maplestory_levup\docs\art\images-input-packages-v2_4\AREA_08_IMAGES_INPUT_V2_4.zip,V2.4,AREA_08_IMAGES_INPUT_V2_4/monsters/002_m_jr_cellion_주니어_샐리온/GENERATION_SPEC.md,붉은 뿔 끝에서 솟는 짧은 기백 불꽃과 압력 고리. ‘주니어 샐리온 / 붉은 뿔의 기백’ 전용 소재이며 몬스터 본체는 VFX에 직접 넣지 않음,static / static,none,ICON 原寸 전체,붉은 별불꽃이 둥글게 부풀고 밝은 적색 코어 뒤 작은 불꽃으로 되돌아감,D:\maplestory_levup\docs\art\area00-images-output\AREA_00_IMAGES_OUTPUT_ORIGINAL.zip,AREA_00_IMAGES_OUTPUT/monsters/002_m_blue_snail_파란_달팽이/ICON/002_m_blue_snail_s_mon_blue_snail_ICON.png,AREA00 실제 승인 원화. 해당 보드의 기준 프레임 + ART_STYLE_STANDARD의 전체 기준. 고유 모양/저레벨 규모를 요구하지 않음,"별/달의 밝은 핵·초승달 유리광, 화염 띠, 잎이 섞인 바람은 서로 다른 소재지만 윤곽과 광선의 연속성을 유지한다. 별탄과 태양 참고의 단순화만 판단 보류.",동일 몬스터의 실제 ICON 및 모든 VFX 역할 대조. 색·소재·반사광 관계에서 명백한 이탈 없음,"별/달의 밝은 핵·초승달 유리광, 화염 띠, 잎이 섞인 바람은 서로 다른 소재지만 윤곽과 광선의 연속성을 유지한다. 별탄과 태양 참고의 단순화만 판단 보류.",AREA00 기준 + 전체 Area의 동일 역할 보드 대조; 다수결 기준 사용 안 함. 추가 소재 비교는 CROSS_AREA_MATERIAL_BOARD_INDEX.csv,팔레트·재질·형상·레벨/보스 규모·밀도·역할별 프레임/시간 차이 허용,해당 없음,붉은 뿔 끝에서 솟는 짧은 기백 불꽃과 압력 고리. ‘주니어 샐리온 / 붉은 뿔의 기백’ 전용 소재이며 몬스터 본체는 VFX에 직접 넣지 않음 | none,원화 유지,NO,NO,D:\maplestory_levup\docs\art\output_audit\runs\20260912_162508_msw_origin_art_review\CROSS_AREA_STYLE_BOARD\area_08_ICON_NATIVE.png,,"PNG 원본을 동일 RGB(32,38,48) 배경에 1:1 합성. 확대는 동일 128px 영역 2배 NEAREST. 큰 보드의 도구 축소 표시 가능; 이탈 상세는 1600px 보드에서 추가 대조",전 프레임 순서상 형성/변화/해체/잔상 대조. 실시간 재생의 체감 리듬 및 엔진 합성은 미검증,NOT_CHECKED: 게임 내 최종 배율/카메라/필터/배경에서의 선명도 미검증. 명세 배율만으로 런타임 표시를 보았다고 하지 않음,NO_OBVIOUS_ISSUE,기존 파일검사 재사용,TARGET_OUTPUT
area_08,m_jr_cellion,주니어 샐리온,s_mon_jr_cellion,붉은 뿔의 기백,REFERENCE_VFX,CONSISTENT_WITH_REFERENCE,D:\maplestory_levup\docs\art\output_repacked\20260912_153221_v24_repack\AREA_08_IMAGES_OUTPUT.zip,AREA_08_IMAGES_OUTPUT/REFERENCE/002_m_jr_cellion_s_mon_jr_cellion_REFERENCE_F00.png|AREA_08_IMAGES_OUTPUT/REFERENCE/002_m_jr_cellion_s_mon_jr_cellion_REFERENCE_F01.png|AREA_08_IMAGES_OUTPUT/REFERENCE/002_m_jr_cellion_s_mon_jr_cellion_REFERENCE_F02.png|AREA_08_IMAGES_OUTPUT/REFERENCE/002_m_jr_cellion_s_mon_jr_cellion_REFERENCE_F03.png|AREA_08_IMAGES_OUTPUT/REFERENCE/002_m_jr_cellion_s_mon_jr_cellion_REFERENCE_F04.png|AREA_08_IMAGES_OUTPUT/REFERENCE/002_m_jr_cellion_s_mon_jr_cellion_REFERENCE_F05.png,"{""AREA_08_IMAGES_OUTPUT/REFERENCE/002_m_jr_cellion_s_mon_jr_cellion_REFERENCE_F00.png"": ""b03e84695c9282c6a351cfad85aca21f3c83d1058f32f835e39b7fb9e4b7fcd0"", ""AREA_08_IMAGES_OUTPUT/REFERENCE/002_m_jr_cellion_s_mon_jr_cellion_REFERENCE_F01.png"": ""f6606c6dc19b76f4eec75f522ccb0f56476fe594afb72b05cc1014d933dd0a0d"", ""AREA_08_IMAGES_OUTPUT/REFERENCE/002_m_jr_cellion_s_mon_jr_cellion_REFERENCE_F02.png"": ""3d6feba7f4115363ed25658444e74a8002fdb5142f0477f510f0aae83b7d5f09"", ""AREA_08_IMAGES_OUTPUT/REFERENCE/002_m_jr_cellion_s_mon_jr_cellion_REFERENCE_F03.png"": ""20cebe8606b8e878c5a35506e398b9561c0a5cd32c3bbdb942cda8dd9eaa7ed4"", ""AREA_08_IMAGES_OUTPUT/REFERENCE/002_m_jr_cellion_s_mon_jr_cellion_REFERENCE_F04.png"": ""8a848a2767da1bf0cb83b19263e43b8a2599f262cd3c7541d8adc101d3d82dde"", ""AREA_08_IMAGES_OUTPUT/REFERENCE/002_m_jr_cellion_s_mon_jr_cellion_REFERENCE_F05.png"": ""3acad30c508fa1c35113733dbbcf2d8fe07282b57a78416c3722c0295640b606""}",D:\maplestory_levup\docs\art\images-input-packages-v2_4\AREA_08_IMAGES_INPUT_V2_4.zip,V2.4,AREA_08_IMAGES_INPUT_V2_4/monsters/002_m_jr_cellion_주니어_샐리온/GENERATION_SPEC.md,붉은 뿔 끝에서 솟는 짧은 기백 불꽃과 압력 고리. ‘주니어 샐리온 / 붉은 뿔의 기백’ 전용 소재이며 몬스터 본체는 VFX에 직접 넣지 않음,0.10 / preview-only non-loop,preview only; no engine motion/FlipX contract,F00–F05 전체를 순서대로 직접 대조,붉은 별불꽃이 둥글게 부풀고 밝은 적색 코어 뒤 작은 불꽃으로 되돌아감,D:\maplestory_levup\docs\art\area00-images-output\AREA_00_IMAGES_OUTPUT_ORIGINAL.zip,AREA_00_IMAGES_OUTPUT/monsters/002_m_blue_snail_파란_달팽이/VFX/002_m_blue_snail_s_mon_blue_snail_F04.png,AREA00 실제 승인 원화. 해당 보드의 기준 프레임 + ART_STYLE_STANDARD의 전체 기준. 고유 모양/저레벨 규모를 요구하지 않음,"별/달의 밝은 핵·초승달 유리광, 화염 띠, 잎이 섞인 바람은 서로 다른 소재지만 윤곽과 광선의 연속성을 유지한다. 별탄과 태양 참고의 단순화만 판단 보류.",동일 몬스터의 실제 ICON 및 모든 VFX 역할 대조. 색·소재·반사광 관계에서 명백한 이탈 없음,"별/달의 밝은 핵·초승달 유리광, 화염 띠, 잎이 섞인 바람은 서로 다른 소재지만 윤곽과 광선의 연속성을 유지한다. 별탄과 태양 참고의 단순화만 판단 보류.",AREA00 기준 + 전체 Area의 동일 역할 보드 대조; 다수결 기준 사용 안 함. 추가 소재 비교는 CROSS_AREA_MATERIAL_BOARD_INDEX.csv,팔레트·재질·형상·레벨/보스 규모·밀도·역할별 프레임/시간 차이 허용,해당 없음,붉은 뿔 끝에서 솟는 짧은 기백 불꽃과 압력 고리. ‘주니어 샐리온 / 붉은 뿔의 기백’ 전용 소재이며 몬스터 본체는 VFX에 직접 넣지 않음 | preview only; no engine motion/FlipX contract,원화 유지,NO,NO,D:\maplestory_levup\docs\art\output_audit\runs\20260912_162508_msw_origin_art_review\CROSS_AREA_STYLE_BOARD\area_08_m_jr_cellion_REFERENCE_VFX_NATIVE.png,,"PNG 원본을 동일 RGB(32,38,48) 배경에 1:1 합성. 확대는 동일 128px 영역 2배 NEAREST. 큰 보드의 도구 축소 표시 가능; 이탈 상세는 1600px 보드에서 추가 대조",전 프레임 순서상 형성/변화/해체/잔상 대조. 실시간 재생의 체감 리듬 및 엔진 합성은 미검증,NOT_CHECKED: 게임 내 최종 배율/카메라/필터/배경에서의 선명도 미검증. 명세 배율만으로 런타임 표시를 보았다고 하지 않음,NO_OBVIOUS_ISSUE,기존 파일검사 재사용,TARGET_OUTPUT
area_08,m_lunar_pixie,루나픽시,s_mon_lunar_pixie,월광 구슬,ICON,CONSISTENT_WITH_REFERENCE,D:\maplestory_levup\docs\art\output_repacked\20260912_153221_v24_repack\AREA_08_IMAGES_OUTPUT.zip,AREA_08_IMAGES_OUTPUT/ICON/003_m_lunar_pixie_s_mon_lunar_pixie_ICON.png,"{""AREA_08_IMAGES_OUTPUT/ICON/003_m_lunar_pixie_s_mon_lunar_pixie_ICON.png"": ""497e87cc19846206bed42e2776dc6b7a7c0cbcc839e62f1dfae2a8440ee7f8a0""}",D:\maplestory_levup\docs\art\images-input-packages-v2_4\AREA_08_IMAGES_INPUT_V2_4.zip,V2.4,AREA_08_IMAGES_INPUT_V2_4/monsters/003_m_lunar_pixie_루나픽시/GENERATION_SPEC.md,초승달 안에 맺힌 월광 구슬과 은빛 궤도. ‘루나픽시 / 월광 구슬’ 전용 소재이며 몬스터 본체는 VFX에 직접 넣지 않음,static / static,none,ICON 原寸 전체,"연보라 달조각이 구체를 감싸며 커지고, 투사체는 달구슬 중심의 국소 광택만 맥동",D:\maplestory_levup\docs\art\area00-images-output\AREA_00_IMAGES_OUTPUT_ORIGINAL.zip,AREA_00_IMAGES_OUTPUT/monsters/002_m_blue_snail_파란_달팽이/ICON/002_m_blue_snail_s_mon_blue_snail_ICON.png,AREA00 실제 승인 원화. 해당 보드의 기준 프레임 + ART_STYLE_STANDARD의 전체 기준. 고유 모양/저레벨 규모를 요구하지 않음,"별/달의 밝은 핵·초승달 유리광, 화염 띠, 잎이 섞인 바람은 서로 다른 소재지만 윤곽과 광선의 연속성을 유지한다. 별탄과 태양 참고의 단순화만 판단 보류.",동일 몬스터의 실제 ICON 및 모든 VFX 역할 대조. 색·소재·반사광 관계에서 명백한 이탈 없음,"별/달의 밝은 핵·초승달 유리광, 화염 띠, 잎이 섞인 바람은 서로 다른 소재지만 윤곽과 광선의 연속성을 유지한다. 별탄과 태양 참고의 단순화만 판단 보류.",AREA00 기준 + 전체 Area의 동일 역할 보드 대조; 다수결 기준 사용 안 함. 추가 소재 비교는 CROSS_AREA_MATERIAL_BOARD_INDEX.csv,팔레트·재질·형상·레벨/보스 규모·밀도·역할별 프레임/시간 차이 허용,해당 없음,초승달 안에 맺힌 월광 구슬과 은빛 궤도. ‘루나픽시 / 월광 구슬’ 전용 소재이며 몬스터 본체는 VFX에 직접 넣지 않음 | none,원화 유지,NO,NO,D:\maplestory_levup\docs\art\output_audit\runs\20260912_162508_msw_origin_art_review\CROSS_AREA_STYLE_BOARD\area_08_ICON_NATIVE.png,,"PNG 원본을 동일 RGB(32,38,48) 배경에 1:1 합성. 확대는 동일 128px 영역 2배 NEAREST. 큰 보드의 도구 축소 표시 가능; 이탈 상세는 1600px 보드에서 추가 대조",전 프레임 순서상 형성/변화/해체/잔상 대조. 실시간 재생의 체감 리듬 및 엔진 합성은 미검증,NOT_CHECKED: 게임 내 최종 배율/카메라/필터/배경에서의 선명도 미검증. 명세 배율만으로 런타임 표시를 보았다고 하지 않음,NO_OBVIOUS_ISSUE,기존 파일검사 재사용,TARGET_OUTPUT
area_08,m_lunar_pixie,루나픽시,s_mon_lunar_pixie,월광 구슬,CAST_VFX,CONSISTENT_WITH_REFERENCE,D:\maplestory_levup\docs\art\output_repacked\20260912_153221_v24_repack\AREA_08_IMAGES_OUTPUT.zip,AREA_08_IMAGES_OUTPUT/CAST/003_m_lunar_pixie_s_mon_lunar_pixie_CAST_F00.png|AREA_08_IMAGES_OUTPUT/CAST/003_m_lunar_pixie_s_mon_lunar_pixie_CAST_F01.png|AREA_08_IMAGES_OUTPUT/CAST/003_m_lunar_pixie_s_mon_lunar_pixie_CAST_F02.png|AREA_08_IMAGES_OUTPUT/CAST/003_m_lunar_pixie_s_mon_lunar_pixie_CAST_F03.png|AREA_08_IMAGES_OUTPUT/CAST/003_m_lunar_pixie_s_mon_lunar_pixie_CAST_F04.png|AREA_08_IMAGES_OUTPUT/CAST/003_m_lunar_pixie_s_mon_lunar_pixie_CAST_F05.png|AREA_08_IMAGES_OUTPUT/CAST/003_m_lunar_pixie_s_mon_lunar_pixie_CAST_F06.png|AREA_08_IMAGES_OUTPUT/CAST/003_m_lunar_pixie_s_mon_lunar_pixie_CAST_F07.png,"{""AREA_08_IMAGES_OUTPUT/CAST/003_m_lunar_pixie_s_mon_lunar_pixie_CAST_F00.png"": ""027be1000bc202fa6c224de5764c5276f0a2aec9d33e4b2bbf4384fe5335c407"", ""AREA_08_IMAGES_OUTPUT/CAST/003_m_lunar_pixie_s_mon_lunar_pixie_CAST_F01.png"": ""29486aa153ee3e15ad024f01b7b886b536855ab344477bf6108c98790fe579da"", ""AREA_08_IMAGES_OUTPUT/CAST/003_m_lunar_pixie_s_mon_lunar_pixie_CAST_F02.png"": ""62fe86d53f73a58792d09b831c856c8d779511140f12f11242f517cdc6f8d852"", ""AREA_08_IMAGES_OUTPUT/CAST/003_m_lunar_pixie_s_mon_lunar_pixie_CAST_F03.png"": ""0a6ecd455570abd72d8764b5afbbdadd4f6dd32a921c47881d940267d93ab3e9"", ""AREA_08_IMAGES_OUTPUT/CAST/003_m_lunar_pixie_s_mon_lunar_pixie_CAST_F04.png"": ""61103ff332315fc30b4ef2cb08e0affd5d91c42d27e8228d56c1052ca0acce0b"", ""AREA_08_IMAGES_OUTPUT/CAST/003_m_lunar_pixie_s_mon_lunar_pixie_CAST_F05.png"": ""acea0a4abb5b2b617294c834b5d55ec2293a190b46fbaccb81366e39579716c6"", ""AREA_08_IMAGES_OUTPUT/CAST/003_m_lunar_pixie_s_mon_lunar_pixie_CAST_F06.png"": ""892cb9e6bc08591a47deef5bd17f5661c7da532adb746a871b1f5e71783aac5f"", ""AREA_08_IMAGES_OUTPUT/CAST/003_m_lunar_pixie_s_mon_lunar_pixie_CAST_F07.png"": ""b48cf18f1925926226c20c41f55927eeffce9c722830d65532473d10ceb55212""}",D:\maplestory_levup\docs\art\images-input-packages-v2_4\AREA_08_IMAGES_INPUT_V2_4.zip,V2.4,AREA_08_IMAGES_INPUT_V2_4/monsters/003_m_lunar_pixie_루나픽시/GENERATION_SPEC.md,초승달 안에 맺힌 월광 구슬과 은빛 궤도. ‘루나픽시 / 월광 구슬’ 전용 소재이며 몬스터 본체는 VFX에 직접 넣지 않음,0.10 / non-loop one-shot,SkillEffect applies FlipX for directional attacks; delayed layer samples caster position at SpawnLayer execution; map entity then applies drift,F00–F07 전체를 순서대로 직접 대조,"연보라 달조각이 구체를 감싸며 커지고, 투사체는 달구슬 중심의 국소 광택만 맥동",D:\maplestory_levup\docs\art\area00-images-output\AREA_00_IMAGES_OUTPUT_ORIGINAL.zip,AREA_00_IMAGES_OUTPUT/monsters/005_m_slime_슬라임/VFX/005_m_slime_s_mon_slime_F04.png,AREA00 실제 승인 원화. 해당 보드의 기준 프레임 + ART_STYLE_STANDARD의 전체 기준. 고유 모양/저레벨 규모를 요구하지 않음,"별/달의 밝은 핵·초승달 유리광, 화염 띠, 잎이 섞인 바람은 서로 다른 소재지만 윤곽과 광선의 연속성을 유지한다. 별탄과 태양 참고의 단순화만 판단 보류.",동일 몬스터의 실제 ICON 및 모든 VFX 역할 대조. 색·소재·반사광 관계에서 명백한 이탈 없음,"별/달의 밝은 핵·초승달 유리광, 화염 띠, 잎이 섞인 바람은 서로 다른 소재지만 윤곽과 광선의 연속성을 유지한다. 별탄과 태양 참고의 단순화만 판단 보류.",AREA00 기준 + 전체 Area의 동일 역할 보드 대조; 다수결 기준 사용 안 함. 추가 소재 비교는 CROSS_AREA_MATERIAL_BOARD_INDEX.csv,팔레트·재질·형상·레벨/보스 규모·밀도·역할별 프레임/시간 차이 허용,해당 없음,초승달 안에 맺힌 월광 구슬과 은빛 궤도. ‘루나픽시 / 월광 구슬’ 전용 소재이며 몬스터 본체는 VFX에 직접 넣지 않음 | SkillEffect applies FlipX for directional attacks; delayed layer samples caster position at SpawnLayer execution; map entity then applies drift,원화 유지,NO,NO,D:\maplestory_levup\docs\art\output_audit\runs\20260912_162508_msw_origin_art_review\CROSS_AREA_STYLE_BOARD\area_08_m_lunar_pixie_CAST_VFX_NATIVE.png,,"PNG 원본을 동일 RGB(32,38,48) 배경에 1:1 합성. 확대는 동일 128px 영역 2배 NEAREST. 큰 보드의 도구 축소 표시 가능; 이탈 상세는 1600px 보드에서 추가 대조",전 프레임 순서상 형성/변화/해체/잔상 대조. 실시간 재생의 체감 리듬 및 엔진 합성은 미검증,NOT_CHECKED: 게임 내 최종 배율/카메라/필터/배경에서의 선명도 미검증. 명세 배율만으로 런타임 표시를 보았다고 하지 않음,NO_OBVIOUS_ISSUE,기존 파일검사 재사용,TARGET_OUTPUT
area_08,m_lunar_pixie,루나픽시,s_mon_lunar_pixie,월광 구슬,PROJECTILE,CONSISTENT_WITH_REFERENCE,D:\maplestory_levup\docs\art\output_repacked\20260912_153221_v24_repack\AREA_08_IMAGES_OUTPUT.zip,AREA_08_IMAGES_OUTPUT/PROJECTILE/003_m_lunar_pixie_s_mon_lunar_pixie_PROJECTILE_F00.png|AREA_08_IMAGES_OUTPUT/PROJECTILE/003_m_lunar_pixie_s_mon_lunar_pixie_PROJECTILE_F01.png|AREA_08_IMAGES_OUTPUT/PROJECTILE/003_m_lunar_pixie_s_mon_lunar_pixie_PROJECTILE_F02.png|AREA_08_IMAGES_OUTPUT/PROJECTILE/003_m_lunar_pixie_s_mon_lunar_pixie_PROJECTILE_F03.png,"{""AREA_08_IMAGES_OUTPUT/PROJECTILE/003_m_lunar_pixie_s_mon_lunar_pixie_PROJECTILE_F00.png"": ""c929eb15abb221e5fbed0e5db3df180483b609c507703adde9056c3b6209a12e"", ""AREA_08_IMAGES_OUTPUT/PROJECTILE/003_m_lunar_pixie_s_mon_lunar_pixie_PROJECTILE_F01.png"": ""08eedec16ecd617eca0c619d65ba664d6224fad15386f3bb82622fb08bda22ce"", ""AREA_08_IMAGES_OUTPUT/PROJECTILE/003_m_lunar_pixie_s_mon_lunar_pixie_PROJECTILE_F02.png"": ""882a9595fb65d22ef3864aa22af889cb407b2f7938c35217c5a5442d4a8b08a8"", ""AREA_08_IMAGES_OUTPUT/PROJECTILE/003_m_lunar_pixie_s_mon_lunar_pixie_PROJECTILE_F03.png"": ""6243e94da9503d6ebc22982fc6f4aa3dddedc2585ff63f8930a6207317ff8c5b""}",D:\maplestory_levup\docs\art\images-input-packages-v2_4\AREA_08_IMAGES_INPUT_V2_4.zip,V2.4,AREA_08_IMAGES_INPUT_V2_4/monsters/003_m_lunar_pixie_루나픽시/GENERATION_SPEC.md,초승달 안에 맺힌 월광 구슬과 은빛 궤도. ‘루나픽시 / 월광 구슬’ 전용 소재이며 몬스터 본체는 VFX에 직접 넣지 않음,0.08 / non-loop complete playback within 0.35s entity lifetime,art direction-neutral/local form only; engine translates caster+h to target+h and applies ZRotation; no PROJECTILE FlipX or travel-direction alignment,F00–F03 전체를 순서대로 직접 대조,"연보라 달조각이 구체를 감싸며 커지고, 투사체는 달구슬 중심의 국소 광택만 맥동",D:\maplestory_levup\docs\art\area00-images-output\AREA_00_IMAGES_OUTPUT_ORIGINAL.zip,AREA_00_IMAGES_OUTPUT/monsters/005_m_slime_슬라임/VFX/005_m_slime_s_mon_slime_F04.png,AREA00 실제 승인 원화. 해당 보드의 기준 프레임 + ART_STYLE_STANDARD의 전체 기준. 고유 모양/저레벨 규모를 요구하지 않음,"별/달의 밝은 핵·초승달 유리광, 화염 띠, 잎이 섞인 바람은 서로 다른 소재지만 윤곽과 광선의 연속성을 유지한다. 별탄과 태양 참고의 단순화만 판단 보류.",동일 몬스터의 실제 ICON 및 모든 VFX 역할 대조. 색·소재·반사광 관계에서 명백한 이탈 없음,"별/달의 밝은 핵·초승달 유리광, 화염 띠, 잎이 섞인 바람은 서로 다른 소재지만 윤곽과 광선의 연속성을 유지한다. 별탄과 태양 참고의 단순화만 판단 보류.",AREA00 기준 + 전체 Area의 동일 역할 보드 대조; 다수결 기준 사용 안 함. 추가 소재 비교는 CROSS_AREA_MATERIAL_BOARD_INDEX.csv,팔레트·재질·형상·레벨/보스 규모·밀도·역할별 프레임/시간 차이 허용,해당 없음,초승달 안에 맺힌 월광 구슬과 은빛 궤도. ‘루나픽시 / 월광 구슬’ 전용 소재이며 몬스터 본체는 VFX에 직접 넣지 않음 | art direction-neutral/local form only; engine translates caster+h to target+h and applies ZRotation; no PROJECTILE FlipX or travel-direction alignment,원화 유지,NO,NO,D:\maplestory_levup\docs\art\output_audit\runs\20260912_162508_msw_origin_art_review\CROSS_AREA_STYLE_BOARD\area_08_m_lunar_pixie_PROJECTILE_NATIVE.png,,"PNG 원본을 동일 RGB(32,38,48) 배경에 1:1 합성. 확대는 동일 128px 영역 2배 NEAREST. 큰 보드의 도구 축소 표시 가능; 이탈 상세는 1600px 보드에서 추가 대조",전 프레임 순서상 형성/변화/해체/잔상 대조. 실시간 재생의 체감 리듬 및 엔진 합성은 미검증,NOT_CHECKED: 게임 내 최종 배율/카메라/필터/배경에서의 선명도 미검증. 명세 배율만으로 런타임 표시를 보았다고 하지 않음,NO_OBVIOUS_ISSUE,기존 파일검사 재사용,TARGET_OUTPUT
area_08,m_luster_pixie,러스터픽시,s_mon_luster_pixie,태양빛 잔상,ICON,CONSISTENT_WITH_REFERENCE,D:\maplestory_levup\docs\art\output_repacked\20260912_153221_v24_repack\AREA_08_IMAGES_OUTPUT.zip,AREA_08_IMAGES_OUTPUT/ICON/004_m_luster_pixie_s_mon_luster_pixie_ICON.png,"{""AREA_08_IMAGES_OUTPUT/ICON/004_m_luster_pixie_s_mon_luster_pixie_ICON.png"": ""305b2ae08374efda035111de6fb088581d05eac0bab4fe3fa551ea9c4a815511""}",D:\maplestory_levup\docs\art\images-input-packages-v2_4\AREA_08_IMAGES_INPUT_V2_4.zip,V2.4,AREA_08_IMAGES_INPUT_V2_4/monsters/004_m_luster_pixie_러스터픽시/GENERATION_SPEC.md,작은 태양핵이 날개처럼 갈라지는 황금 잔상. ‘러스터픽시 / 태양빛 잔상’ 전용 소재이며 몬스터 본체는 VFX에 직접 넣지 않음,static / static,none,ICON 原寸 전체,금빛 태양핵과 날개형 광선이 펼쳐졌다 중심으로 수축하는 비전투 잔상,D:\maplestory_levup\docs\art\area00-images-output\AREA_00_IMAGES_OUTPUT_ORIGINAL.zip,AREA_00_IMAGES_OUTPUT/monsters/002_m_blue_snail_파란_달팽이/ICON/002_m_blue_snail_s_mon_blue_snail_ICON.png,AREA00 실제 승인 원화. 해당 보드의 기준 프레임 + ART_STYLE_STANDARD의 전체 기준. 고유 모양/저레벨 규모를 요구하지 않음,"별/달의 밝은 핵·초승달 유리광, 화염 띠, 잎이 섞인 바람은 서로 다른 소재지만 윤곽과 광선의 연속성을 유지한다. 별탄과 태양 참고의 단순화만 판단 보류.",동일 몬스터의 실제 ICON 및 모든 VFX 역할 대조. 일부 역할의 차이는 아래 별도 후보로 한정,"별/달의 밝은 핵·초승달 유리광, 화염 띠, 잎이 섞인 바람은 서로 다른 소재지만 윤곽과 광선의 연속성을 유지한다. 별탄과 태양 참고의 단순화만 판단 보류.",AREA00 기준 + 전체 Area의 동일 역할 보드 대조; 다수결 기준 사용 안 함. 추가 소재 비교는 CROSS_AREA_MATERIAL_BOARD_INDEX.csv,팔레트·재질·형상·레벨/보스 규모·밀도·역할별 프레임/시간 차이 허용,해당 없음,작은 태양핵이 날개처럼 갈라지는 황금 잔상. ‘러스터픽시 / 태양빛 잔상’ 전용 소재이며 몬스터 본체는 VFX에 직접 넣지 않음 | none,원화 유지,NO,NO,D:\maplestory_levup\docs\art\output_audit\runs\20260912_162508_msw_origin_art_review\CROSS_AREA_STYLE_BOARD\area_08_ICON_NATIVE.png,,"PNG 원본을 동일 RGB(32,38,48) 배경에 1:1 합성. 확대는 동일 128px 영역 2배 NEAREST. 큰 보드의 도구 축소 표시 가능; 이탈 상세는 1600px 보드에서 추가 대조",전 프레임 순서상 형성/변화/해체/잔상 대조. 실시간 재생의 체감 리듬 및 엔진 합성은 미검증,NOT_CHECKED: 게임 내 최종 배율/카메라/필터/배경에서의 선명도 미검증. 명세 배율만으로 런타임 표시를 보았다고 하지 않음,NO_OBVIOUS_ISSUE,기존 파일검사 재사용,TARGET_OUTPUT
area_08,m_luster_pixie,러스터픽시,s_mon_luster_pixie,태양빛 잔상,REFERENCE_VFX,NEEDS_USER_REVIEW,D:\maplestory_levup\docs\art\output_repacked\20260912_153221_v24_repack\AREA_08_IMAGES_OUTPUT.zip,AREA_08_IMAGES_OUTPUT/REFERENCE/004_m_luster_pixie_s_mon_luster_pixie_REFERENCE_F00.png|AREA_08_IMAGES_OUTPUT/REFERENCE/004_m_luster_pixie_s_mon_luster_pixie_REFERENCE_F01.png|AREA_08_IMAGES_OUTPUT/REFERENCE/004_m_luster_pixie_s_mon_luster_pixie_REFERENCE_F02.png|AREA_08_IMAGES_OUTPUT/REFERENCE/004_m_luster_pixie_s_mon_luster_pixie_REFERENCE_F03.png|AREA_08_IMAGES_OUTPUT/REFERENCE/004_m_luster_pixie_s_mon_luster_pixie_REFERENCE_F04.png|AREA_08_IMAGES_OUTPUT/REFERENCE/004_m_luster_pixie_s_mon_luster_pixie_REFERENCE_F05.png,"{""AREA_08_IMAGES_OUTPUT/REFERENCE/004_m_luster_pixie_s_mon_luster_pixie_REFERENCE_F00.png"": ""53bdd45155f07a12af477c29083a6426486a15287e403f67930b217996c2c3b6"", ""AREA_08_IMAGES_OUTPUT/REFERENCE/004_m_luster_pixie_s_mon_luster_pixie_REFERENCE_F01.png"": ""a3d18fc7c78f933ac77b0f7ba9f5520855077e0f3cb20f3073c21363f45b65e2"", ""AREA_08_IMAGES_OUTPUT/REFERENCE/004_m_luster_pixie_s_mon_luster_pixie_REFERENCE_F02.png"": ""18838e07953b4e26c046611e873745146275e5ecd5f3f61b2aa4822289a258db"", ""AREA_08_IMAGES_OUTPUT/REFERENCE/004_m_luster_pixie_s_mon_luster_pixie_REFERENCE_F03.png"": ""a7ca7d3edb63f5ae2dece193d8cb3ad9396c514877a5e00c0adb6469890f4004"", ""AREA_08_IMAGES_OUTPUT/REFERENCE/004_m_luster_pixie_s_mon_luster_pixie_REFERENCE_F04.png"": ""522c75e3dbd21a701211bbc7f64508a98c147a6e1f4f5f5507c2e59eae5c49b5"", ""AREA_08_IMAGES_OUTPUT/REFERENCE/004_m_luster_pixie_s_mon_luster_pixie_REFERENCE_F05.png"": ""f3e5da25f8f522e80d1a0327e42b976bd25d814a9161e62b819876b735267bf2""}",D:\maplestory_levup\docs\art\images-input-packages-v2_4\AREA_08_IMAGES_INPUT_V2_4.zip,V2.4,AREA_08_IMAGES_INPUT_V2_4/monsters/004_m_luster_pixie_러스터픽시/GENERATION_SPEC.md,작은 태양핵이 날개처럼 갈라지는 황금 잔상. ‘러스터픽시 / 태양빛 잔상’ 전용 소재이며 몬스터 본체는 VFX에 직접 넣지 않음,0.10 / preview-only non-loop,preview only; no engine motion/FlipX contract,F00–F05 전체를 순서대로 직접 대조,금빛 태양핵과 날개형 광선이 펼쳐졌다 중심으로 수축하는 비전투 잔상,D:\maplestory_levup\docs\art\area00-images-output\AREA_00_IMAGES_OUTPUT_ORIGINAL.zip,AREA_00_IMAGES_OUTPUT/monsters/002_m_blue_snail_파란_달팽이/VFX/002_m_blue_snail_s_mon_blue_snail_F04.png,AREA00 실제 승인 원화. 해당 보드의 기준 프레임 + ART_STYLE_STANDARD의 전체 기준. 고유 모양/저레벨 규모를 요구하지 않음,F00–F05 평평한 원판·삼각 광선과 날개 면이 ICON의 입체 태양핵/깃털보다 기호에 가깝다. 정지 모티브의 짧은 호흡이라는 역할상 단순화는 허용되므로 예외 여부 판단이 필요하다.,동일 몬스터의 실제 ICON 및 모든 VFX 역할 대조. 일부 역할의 차이는 아래 별도 후보로 한정,"별/달의 밝은 핵·초승달 유리광, 화염 띠, 잎이 섞인 바람은 서로 다른 소재지만 윤곽과 광선의 연속성을 유지한다. 별탄과 태양 참고의 단순화만 판단 보류.",AREA00 기준 + 전체 Area의 동일 역할 보드 대조; 다수결 기준 사용 안 함. 추가 소재 비교는 CROSS_AREA_MATERIAL_BOARD_INDEX.csv,팔레트·재질·형상·레벨/보스 규모·밀도·역할별 프레임/시간 차이 허용,허용된 소재/역할 단순화와 마감 차이의 경계 불명확,작은 태양핵이 날개처럼 갈라지는 황금 잔상. ‘러스터픽시 / 태양빛 잔상’ 전용 소재이며 몬스터 본체는 VFX에 직접 넣지 않음 | preview only; no engine motion/FlipX contract,태양핵·날개형 잔상과 비전투 호흡 유지; 원판/날개 명암의 단순화 허용 여부 판단,YES,NO,D:\maplestory_levup\docs\art\output_audit\runs\20260912_162508_msw_origin_art_review\CROSS_AREA_STYLE_BOARD\area_08_m_luster_pixie_REFERENCE_VFX_NATIVE.png,D:\maplestory_levup\docs\art\output_audit\runs\20260912_162508_msw_origin_art_review\STYLE_OUTLIERS\area_08_m_luster_pixie_REFERENCE_VFX_COMPARE.png,"PNG 원본을 동일 RGB(32,38,48) 배경에 1:1 합성. 확대는 동일 128px 영역 2배 NEAREST. 큰 보드의 도구 축소 표시 가능; 이탈 상세는 1600px 보드에서 추가 대조",전 프레임 순서상 형성/변화/해체/잔상 대조. 실시간 재생의 체감 리듬 및 엔진 합성은 미검증,NOT_CHECKED: 게임 내 최종 배율/카메라/필터/배경에서의 선명도 미검증. 명세 배율만으로 런타임 표시를 보았다고 하지 않음,NO_OBVIOUS_ISSUE,기존 파일검사 재사용,TARGET_OUTPUT
area_08,m_eliza,엘리쟈,s_mon_eliza,여신의 정원 폭풍,ICON,CONSISTENT_WITH_REFERENCE,D:\maplestory_levup\docs\art\output_repacked\20260912_153221_v24_repack\AREA_08_IMAGES_OUTPUT.zip,AREA_08_IMAGES_OUTPUT/ICON/005_m_eliza_s_mon_eliza_ICON.png,"{""AREA_08_IMAGES_OUTPUT/ICON/005_m_eliza_s_mon_eliza_ICON.png"": ""3890705ea4546524d4e928e1a61c20612adae1d0282bad5628d8cbfd75110ed3""}",D:\maplestory_levup\docs\art\images-input-packages-v2_4\AREA_08_IMAGES_INPUT_V2_4.zip,V2.4,AREA_08_IMAGES_INPUT_V2_4/monsters/005_m_eliza_엘리쟈/GENERATION_SPEC.md,정원 잎과 꽃잎을 감아 올리는 여신풍 나선 폭풍. ‘엘리쟈 / 여신의 정원 폭풍’ 전용 소재이며 몬스터 본체는 VFX에 직접 넣지 않음,static / static,none,ICON 原寸 전체,초록 잎과 금빛 정원 소용돌이가 넓게 회전해 중심 폭풍광을 만들고 잎조각으로 해체,D:\maplestory_levup\docs\art\area00-images-output\AREA_00_IMAGES_OUTPUT_ORIGINAL.zip,AREA_00_IMAGES_OUTPUT/monsters/002_m_blue_snail_파란_달팽이/ICON/002_m_blue_snail_s_mon_blue_snail_ICON.png,AREA00 실제 승인 원화. 해당 보드의 기준 프레임 + ART_STYLE_STANDARD의 전체 기준. 고유 모양/저레벨 규모를 요구하지 않음,"별/달의 밝은 핵·초승달 유리광, 화염 띠, 잎이 섞인 바람은 서로 다른 소재지만 윤곽과 광선의 연속성을 유지한다. 별탄과 태양 참고의 단순화만 판단 보류.",동일 몬스터의 실제 ICON 및 모든 VFX 역할 대조. 색·소재·반사광 관계에서 명백한 이탈 없음,"별/달의 밝은 핵·초승달 유리광, 화염 띠, 잎이 섞인 바람은 서로 다른 소재지만 윤곽과 광선의 연속성을 유지한다. 별탄과 태양 참고의 단순화만 판단 보류.",AREA00 기준 + 전체 Area의 동일 역할 보드 대조; 다수결 기준 사용 안 함. 추가 소재 비교는 CROSS_AREA_MATERIAL_BOARD_INDEX.csv,팔레트·재질·형상·레벨/보스 규모·밀도·역할별 프레임/시간 차이 허용,해당 없음,정원 잎과 꽃잎을 감아 올리는 여신풍 나선 폭풍. ‘엘리쟈 / 여신의 정원 폭풍’ 전용 소재이며 몬스터 본체는 VFX에 직접 넣지 않음 | none,원화 유지,NO,NO,D:\maplestory_levup\docs\art\output_audit\runs\20260912_162508_msw_origin_art_review\CROSS_AREA_STYLE_BOARD\area_08_ICON_NATIVE.png,,"PNG 원본을 동일 RGB(32,38,48) 배경에 1:1 합성. 확대는 동일 128px 영역 2배 NEAREST. 큰 보드의 도구 축소 표시 가능; 이탈 상세는 1600px 보드에서 추가 대조",전 프레임 순서상 형성/변화/해체/잔상 대조. 실시간 재생의 체감 리듬 및 엔진 합성은 미검증,NOT_CHECKED: 게임 내 최종 배율/카메라/필터/배경에서의 선명도 미검증. 명세 배율만으로 런타임 표시를 보았다고 하지 않음,NO_OBVIOUS_ISSUE,기존 파일검사 재사용,TARGET_OUTPUT
area_08,m_eliza,엘리쟈,s_mon_eliza,여신의 정원 폭풍,CAST_VFX,CONSISTENT_WITH_REFERENCE,D:\maplestory_levup\docs\art\output_repacked\20260912_153221_v24_repack\AREA_08_IMAGES_OUTPUT.zip,AREA_08_IMAGES_OUTPUT/CAST/005_m_eliza_s_mon_eliza_CAST_F00.png|AREA_08_IMAGES_OUTPUT/CAST/005_m_eliza_s_mon_eliza_CAST_F01.png|AREA_08_IMAGES_OUTPUT/CAST/005_m_eliza_s_mon_eliza_CAST_F02.png|AREA_08_IMAGES_OUTPUT/CAST/005_m_eliza_s_mon_eliza_CAST_F03.png|AREA_08_IMAGES_OUTPUT/CAST/005_m_eliza_s_mon_eliza_CAST_F04.png|AREA_08_IMAGES_OUTPUT/CAST/005_m_eliza_s_mon_eliza_CAST_F05.png|AREA_08_IMAGES_OUTPUT/CAST/005_m_eliza_s_mon_eliza_CAST_F06.png|AREA_08_IMAGES_OUTPUT/CAST/005_m_eliza_s_mon_eliza_CAST_F07.png|AREA_08_IMAGES_OUTPUT/CAST/005_m_eliza_s_mon_eliza_CAST_F08.png|AREA_08_IMAGES_OUTPUT/CAST/005_m_eliza_s_mon_eliza_CAST_F09.png|AREA_08_IMAGES_OUTPUT/CAST/005_m_eliza_s_mon_eliza_CAST_F10.png|AREA_08_IMAGES_OUTPUT/CAST/005_m_eliza_s_mon_eliza_CAST_F11.png,"{""AREA_08_IMAGES_OUTPUT/CAST/005_m_eliza_s_mon_eliza_CAST_F00.png"": ""d17aba8284ed5d104c7536ba6ad1296c073db290475e0cd0251bd39dd95ed526"", ""AREA_08_IMAGES_OUTPUT/CAST/005_m_eliza_s_mon_eliza_CAST_F01.png"": ""fe7a3666cf587e1d3ca78f690945cf65680702e51844ba62263d868314773d17"", ""AREA_08_IMAGES_OUTPUT/CAST/005_m_eliza_s_mon_eliza_CAST_F02.png"": ""c4571041a5c9389a488c04c48b18f07080659d61d8aeba2e5f1efd8f81aa9ff4"", ""AREA_08_IMAGES_OUTPUT/CAST/005_m_eliza_s_mon_eliza_CAST_F03.png"": ""84f2fbaba92ab2af65bbd654c0c978a6e9dcee3c119f383080762ed65a631284"", ""AREA_08_IMAGES_OUTPUT/CAST/005_m_eliza_s_mon_eliza_CAST_F04.png"": ""daa9d778fe3a8b60a27a44aa4b22c08062e6f74c0f3ce8dc55423644d24c3f56"", ""AREA_08_IMAGES_OUTPUT/CAST/005_m_eliza_s_mon_eliza_CAST_F05.png"": ""4e0341df56fb424c349ae5bae04bcdfd419cd76a3af22d88e1f9f880f209c72b"", ""AREA_08_IMAGES_OUTPUT/CAST/005_m_eliza_s_mon_eliza_CAST_F06.png"": ""5b91a803ee8e320fc8fe9f05bf3aaf74da0e549c7e6b1c59fea29a2576fb189c"", ""AREA_08_IMAGES_OUTPUT/CAST/005_m_eliza_s_mon_eliza_CAST_F07.png"": ""063a4be3a46489a5afb322d6059a965029f8b60866d9385b2ff0d94543fca471"", ""AREA_08_IMAGES_OUTPUT/CAST/005_m_eliza_s_mon_eliza_CAST_F08.png"": ""2626e801e624f28e7df6ce718a09b77793de54ed9fa829ea01cbe53d9065f29b"", ""AREA_08_IMAGES_OUTPUT/CAST/005_m_eliza_s_mon_eliza_CAST_F09.png"": ""acc1a6083c0621d85ddaec47de613ca85b902b56d0c3f88dd22374c08e944cb3"", ""AREA_08_IMAGES_OUTPUT/CAST/005_m_eliza_s_mon_eliza_CAST_F10.png"": ""b077ce9d83f979f891782baf16aef126fb87f6a6d29e681d088ea860f46553b8"", ""AREA_08_IMAGES_OUTPUT/CAST/005_m_eliza_s_mon_eliza_CAST_F11.png"": ""21426783b2f9e985840499e64287dbbc3675c65f6b43d1a7b1f76eeb62617fb5""}",D:\maplestory_levup\docs\art\images-input-packages-v2_4\AREA_08_IMAGES_INPUT_V2_4.zip,V2.4,AREA_08_IMAGES_INPUT_V2_4/monsters/005_m_eliza_엘리쟈/GENERATION_SPEC.md,정원 잎과 꽃잎을 감아 올리는 여신풍 나선 폭풍. ‘엘리쟈 / 여신의 정원 폭풍’ 전용 소재이며 몬스터 본체는 VFX에 직접 넣지 않음,0.08 / non-loop one-shot,SkillEffect applies FlipX for directional attacks; delayed layer samples caster position at SpawnLayer execution; map entity then applies drift,F00–F11 전체를 순서대로 직접 대조,초록 잎과 금빛 정원 소용돌이가 넓게 회전해 중심 폭풍광을 만들고 잎조각으로 해체,D:\maplestory_levup\docs\art\area00-images-output\AREA_00_IMAGES_OUTPUT_ORIGINAL.zip,AREA_00_IMAGES_OUTPUT/monsters/004_m_mano_마노/VFX/004_m_mano_s_mon_mano_F06.png,AREA00 실제 승인 원화. 해당 보드의 기준 프레임 + ART_STYLE_STANDARD의 전체 기준. 고유 모양/저레벨 규모를 요구하지 않음,"별/달의 밝은 핵·초승달 유리광, 화염 띠, 잎이 섞인 바람은 서로 다른 소재지만 윤곽과 광선의 연속성을 유지한다. 별탄과 태양 참고의 단순화만 판단 보류.",동일 몬스터의 실제 ICON 및 모든 VFX 역할 대조. 색·소재·반사광 관계에서 명백한 이탈 없음,"별/달의 밝은 핵·초승달 유리광, 화염 띠, 잎이 섞인 바람은 서로 다른 소재지만 윤곽과 광선의 연속성을 유지한다. 별탄과 태양 참고의 단순화만 판단 보류.",AREA00 기준 + 전체 Area의 동일 역할 보드 대조; 다수결 기준 사용 안 함. 추가 소재 비교는 CROSS_AREA_MATERIAL_BOARD_INDEX.csv,팔레트·재질·형상·레벨/보스 규모·밀도·역할별 프레임/시간 차이 허용,해당 없음,정원 잎과 꽃잎을 감아 올리는 여신풍 나선 폭풍. ‘엘리쟈 / 여신의 정원 폭풍’ 전용 소재이며 몬스터 본체는 VFX에 직접 넣지 않음 | SkillEffect applies FlipX for directional attacks; delayed layer samples caster position at SpawnLayer execution; map entity then applies drift,원화 유지,NO,NO,D:\maplestory_levup\docs\art\output_audit\runs\20260912_162508_msw_origin_art_review\CROSS_AREA_STYLE_BOARD\area_08_m_eliza_CAST_VFX_NATIVE.png,,"PNG 원본을 동일 RGB(32,38,48) 배경에 1:1 합성. 확대는 동일 128px 영역 2배 NEAREST. 큰 보드의 도구 축소 표시 가능; 이탈 상세는 1600px 보드에서 추가 대조",전 프레임 순서상 형성/변화/해체/잔상 대조. 실시간 재생의 체감 리듬 및 엔진 합성은 미검증,NOT_CHECKED: 게임 내 최종 배율/카메라/필터/배경에서의 선명도 미검증. 명세 배율만으로 런타임 표시를 보았다고 하지 않음,NO_OBVIOUS_ISSUE,기존 파일검사 재사용,TARGET_OUTPUT
area_09,m_jr_yeti,주니어 예티,s_mon_jr_yeti,설인의 체온,ICON,CONSISTENT_WITH_REFERENCE,D:\maplestory_levup\docs\art\output_repacked\20260912_153221_v24_repack\AREA_09_IMAGES_OUTPUT.zip,AREA_09_IMAGES_OUTPUT/ICON/001_m_jr_yeti_s_mon_jr_yeti_ICON.png,"{""AREA_09_IMAGES_OUTPUT/ICON/001_m_jr_yeti_s_mon_jr_yeti_ICON.png"": ""06f00b5a1f976549e497c5e7f1f3904436c60c6063192ed7f74d7d26cbdd0b78""}",D:\maplestory_levup\docs\art\images-input-packages-v2_4\AREA_09_IMAGES_INPUT_V2_4.zip,V2.4,AREA_09_IMAGES_INPUT_V2_4/monsters/001_m_jr_yeti_주니어_예티/GENERATION_SPEC.md,둥근 온기핵 주변에서 녹아내리는 작은 눈송이. ‘주니어 예티 / 설인의 체온’ 전용 소재이며 몬스터 본체는 VFX에 직접 넣지 않음,static / static,none,ICON 原寸 전체,주황 온기핵 주위의 푸른 눈송이가 녹듯 줄어드는 짧은 비전투 호흡,D:\maplestory_levup\docs\art\area00-images-output\AREA_00_IMAGES_OUTPUT_ORIGINAL.zip,AREA_00_IMAGES_OUTPUT/monsters/002_m_blue_snail_파란_달팽이/ICON/002_m_blue_snail_s_mon_blue_snail_ICON.png,AREA00 실제 승인 원화. 해당 보드의 기준 프레임 + ART_STYLE_STANDARD의 전체 기준. 고유 모양/저레벨 규모를 요구하지 않음,"눈 가루의 입상 질감, 얼음의 각진 반사면, 발톱/엄니의 차가운 가는 빛이 ICON과 VFX에서 연결된다. 눈/얼음의 거친 입자를 픽셀 마감과 혼동하지 않았다.",동일 몬스터의 실제 ICON 및 모든 VFX 역할 대조. 색·소재·반사광 관계에서 명백한 이탈 없음,"눈 가루의 입상 질감, 얼음의 각진 반사면, 발톱/엄니의 차가운 가는 빛이 ICON과 VFX에서 연결된다. 눈/얼음의 거친 입자를 픽셀 마감과 혼동하지 않았다.",AREA00 기준 + 전체 Area의 동일 역할 보드 대조; 다수결 기준 사용 안 함. 추가 소재 비교는 CROSS_AREA_MATERIAL_BOARD_INDEX.csv,팔레트·재질·형상·레벨/보스 규모·밀도·역할별 프레임/시간 차이 허용,해당 없음,둥근 온기핵 주변에서 녹아내리는 작은 눈송이. ‘주니어 예티 / 설인의 체온’ 전용 소재이며 몬스터 본체는 VFX에 직접 넣지 않음 | none,원화 유지,NO,NO,D:\maplestory_levup\docs\art\output_audit\runs\20260912_162508_msw_origin_art_review\CROSS_AREA_STYLE_BOARD\area_09_ICON_NATIVE.png,,"PNG 원본을 동일 RGB(32,38,48) 배경에 1:1 합성. 확대는 동일 128px 영역 2배 NEAREST. 큰 보드의 도구 축소 표시 가능; 이탈 상세는 1600px 보드에서 추가 대조",전 프레임 순서상 형성/변화/해체/잔상 대조. 실시간 재생의 체감 리듬 및 엔진 합성은 미검증,NOT_CHECKED: 게임 내 최종 배율/카메라/필터/배경에서의 선명도 미검증. 명세 배율만으로 런타임 표시를 보았다고 하지 않음,NO_OBVIOUS_ISSUE,기존 파일검사 재사용,TARGET_OUTPUT
area_09,m_jr_yeti,주니어 예티,s_mon_jr_yeti,설인의 체온,REFERENCE_VFX,CONSISTENT_WITH_REFERENCE,D:\maplestory_levup\docs\art\output_repacked\20260912_153221_v24_repack\AREA_09_IMAGES_OUTPUT.zip,AREA_09_IMAGES_OUTPUT/REFERENCE/001_m_jr_yeti_s_mon_jr_yeti_REFERENCE_F00.png|AREA_09_IMAGES_OUTPUT/REFERENCE/001_m_jr_yeti_s_mon_jr_yeti_REFERENCE_F01.png|AREA_09_IMAGES_OUTPUT/REFERENCE/001_m_jr_yeti_s_mon_jr_yeti_REFERENCE_F02.png|AREA_09_IMAGES_OUTPUT/REFERENCE/001_m_jr_yeti_s_mon_jr_yeti_REFERENCE_F03.png|AREA_09_IMAGES_OUTPUT/REFERENCE/001_m_jr_yeti_s_mon_jr_yeti_REFERENCE_F04.png|AREA_09_IMAGES_OUTPUT/REFERENCE/001_m_jr_yeti_s_mon_jr_yeti_REFERENCE_F05.png,"{""AREA_09_IMAGES_OUTPUT/REFERENCE/001_m_jr_yeti_s_mon_jr_yeti_REFERENCE_F00.png"": ""aeadfe44cf932db044244e55655d5a061fe51d2e2da23167db909f454a8b60b5"", ""AREA_09_IMAGES_OUTPUT/REFERENCE/001_m_jr_yeti_s_mon_jr_yeti_REFERENCE_F01.png"": ""079b59d2cc97970aeec4fa5ccff52c11caa4cd61513e88e81c37a41ec496eab6"", ""AREA_09_IMAGES_OUTPUT/REFERENCE/001_m_jr_yeti_s_mon_jr_yeti_REFERENCE_F02.png"": ""c5b36fd284f83c7f057ecb6c0b3e5e416f5e6497c9389ac614ac276ee592a300"", ""AREA_09_IMAGES_OUTPUT/REFERENCE/001_m_jr_yeti_s_mon_jr_yeti_REFERENCE_F03.png"": ""9a3698444af1fb4ac7798096f70a9e8c97bee4b8e72a64bb35033e55c0d68069"", ""AREA_09_IMAGES_OUTPUT/REFERENCE/001_m_jr_yeti_s_mon_jr_yeti_REFERENCE_F04.png"": ""d7abd9f845a1c34cf1e3bb03efdc1b320505c59c1c8e34102a114eb906ce668d"", ""AREA_09_IMAGES_OUTPUT/REFERENCE/001_m_jr_yeti_s_mon_jr_yeti_REFERENCE_F05.png"": ""94769ddc77cff8aeb79a1adfda50c6c9448e11bec25971a0c57fe1b4fe2ae2ae""}",D:\maplestory_levup\docs\art\images-input-packages-v2_4\AREA_09_IMAGES_INPUT_V2_4.zip,V2.4,AREA_09_IMAGES_INPUT_V2_4/monsters/001_m_jr_yeti_주니어_예티/GENERATION_SPEC.md,둥근 온기핵 주변에서 녹아내리는 작은 눈송이. ‘주니어 예티 / 설인의 체온’ 전용 소재이며 몬스터 본체는 VFX에 직접 넣지 않음,0.10 / preview-only non-loop,preview only; no engine motion/FlipX contract,F00–F05 전체를 순서대로 직접 대조,주황 온기핵 주위의 푸른 눈송이가 녹듯 줄어드는 짧은 비전투 호흡,D:\maplestory_levup\docs\art\area00-images-output\AREA_00_IMAGES_OUTPUT_ORIGINAL.zip,AREA_00_IMAGES_OUTPUT/monsters/002_m_blue_snail_파란_달팽이/VFX/002_m_blue_snail_s_mon_blue_snail_F04.png,AREA00 실제 승인 원화. 해당 보드의 기준 프레임 + ART_STYLE_STANDARD의 전체 기준. 고유 모양/저레벨 규모를 요구하지 않음,"눈 가루의 입상 질감, 얼음의 각진 반사면, 발톱/엄니의 차가운 가는 빛이 ICON과 VFX에서 연결된다. 눈/얼음의 거친 입자를 픽셀 마감과 혼동하지 않았다.",동일 몬스터의 실제 ICON 및 모든 VFX 역할 대조. 색·소재·반사광 관계에서 명백한 이탈 없음,"눈 가루의 입상 질감, 얼음의 각진 반사면, 발톱/엄니의 차가운 가는 빛이 ICON과 VFX에서 연결된다. 눈/얼음의 거친 입자를 픽셀 마감과 혼동하지 않았다.",AREA00 기준 + 전체 Area의 동일 역할 보드 대조; 다수결 기준 사용 안 함. 추가 소재 비교는 CROSS_AREA_MATERIAL_BOARD_INDEX.csv,팔레트·재질·형상·레벨/보스 규모·밀도·역할별 프레임/시간 차이 허용,해당 없음,둥근 온기핵 주변에서 녹아내리는 작은 눈송이. ‘주니어 예티 / 설인의 체온’ 전용 소재이며 몬스터 본체는 VFX에 직접 넣지 않음 | preview only; no engine motion/FlipX contract,원화 유지,NO,NO,D:\maplestory_levup\docs\art\output_audit\runs\20260912_162508_msw_origin_art_review\CROSS_AREA_STYLE_BOARD\area_09_m_jr_yeti_REFERENCE_VFX_NATIVE.png,,"PNG 원본을 동일 RGB(32,38,48) 배경에 1:1 합성. 확대는 동일 128px 영역 2배 NEAREST. 큰 보드의 도구 축소 표시 가능; 이탈 상세는 1600px 보드에서 추가 대조",전 프레임 순서상 형성/변화/해체/잔상 대조. 실시간 재생의 체감 리듬 및 엔진 합성은 미검증,NOT_CHECKED: 게임 내 최종 배율/카메라/필터/배경에서의 선명도 미검증. 명세 배율만으로 런타임 표시를 보았다고 하지 않음,NO_OBVIOUS_ISSUE,기존 파일검사 재사용,TARGET_OUTPUT
area_09,m_dark_jr_yeti,다크 주니어 예티,s_mon_dark_jr_yeti,검은 설원의 은폐,ICON,CONSISTENT_WITH_REFERENCE,D:\maplestory_levup\docs\art\output_repacked\20260912_153221_v24_repack\AREA_09_IMAGES_OUTPUT.zip,AREA_09_IMAGES_OUTPUT/ICON/002_m_dark_jr_yeti_s_mon_dark_jr_yeti_ICON.png,"{""AREA_09_IMAGES_OUTPUT/ICON/002_m_dark_jr_yeti_s_mon_dark_jr_yeti_ICON.png"": ""dfa727c105f4df4f1f0698d16a77bcde5c5fcfed0c69ea26fda88cc85c2c86be""}",D:\maplestory_levup\docs\art\images-input-packages-v2_4\AREA_09_IMAGES_INPUT_V2_4.zip,V2.4,AREA_09_IMAGES_INPUT_V2_4/monsters/002_m_dark_jr_yeti_다크_주니어_예티/GENERATION_SPEC.md,검은 설분이 몸 둘레를 닫는 낮은 은폐 소용돌이. ‘다크 주니어 예티 / 검은 설원의 은폐’ 전용 소재이며 몬스터 본체는 VFX에 직접 넣지 않음,static / static,none,ICON 原寸 전체,검회색 설분이 낮은 소용돌이로 뭉쳤다가 가는 눈가루 흔적으로 흐려짐,D:\maplestory_levup\docs\art\area00-images-output\AREA_00_IMAGES_OUTPUT_ORIGINAL.zip,AREA_00_IMAGES_OUTPUT/monsters/002_m_blue_snail_파란_달팽이/ICON/002_m_blue_snail_s_mon_blue_snail_ICON.png,AREA00 실제 승인 원화. 해당 보드의 기준 프레임 + ART_STYLE_STANDARD의 전체 기준. 고유 모양/저레벨 규모를 요구하지 않음,"눈 가루의 입상 질감, 얼음의 각진 반사면, 발톱/엄니의 차가운 가는 빛이 ICON과 VFX에서 연결된다. 눈/얼음의 거친 입자를 픽셀 마감과 혼동하지 않았다.",동일 몬스터의 실제 ICON 및 모든 VFX 역할 대조. 색·소재·반사광 관계에서 명백한 이탈 없음,"눈 가루의 입상 질감, 얼음의 각진 반사면, 발톱/엄니의 차가운 가는 빛이 ICON과 VFX에서 연결된다. 눈/얼음의 거친 입자를 픽셀 마감과 혼동하지 않았다.",AREA00 기준 + 전체 Area의 동일 역할 보드 대조; 다수결 기준 사용 안 함. 추가 소재 비교는 CROSS_AREA_MATERIAL_BOARD_INDEX.csv,팔레트·재질·형상·레벨/보스 규모·밀도·역할별 프레임/시간 차이 허용,해당 없음,검은 설분이 몸 둘레를 닫는 낮은 은폐 소용돌이. ‘다크 주니어 예티 / 검은 설원의 은폐’ 전용 소재이며 몬스터 본체는 VFX에 직접 넣지 않음 | none,원화 유지,NO,NO,D:\maplestory_levup\docs\art\output_audit\runs\20260912_162508_msw_origin_art_review\CROSS_AREA_STYLE_BOARD\area_09_ICON_NATIVE.png,,"PNG 원본을 동일 RGB(32,38,48) 배경에 1:1 합성. 확대는 동일 128px 영역 2배 NEAREST. 큰 보드의 도구 축소 표시 가능; 이탈 상세는 1600px 보드에서 추가 대조",전 프레임 순서상 형성/변화/해체/잔상 대조. 실시간 재생의 체감 리듬 및 엔진 합성은 미검증,NOT_CHECKED: 게임 내 최종 배율/카메라/필터/배경에서의 선명도 미검증. 명세 배율만으로 런타임 표시를 보았다고 하지 않음,NO_OBVIOUS_ISSUE,기존 파일검사 재사용,TARGET_OUTPUT
area_09,m_dark_jr_yeti,다크 주니어 예티,s_mon_dark_jr_yeti,검은 설원의 은폐,REFERENCE_VFX,CONSISTENT_WITH_REFERENCE,D:\maplestory_levup\docs\art\output_repacked\20260912_153221_v24_repack\AREA_09_IMAGES_OUTPUT.zip,AREA_09_IMAGES_OUTPUT/REFERENCE/002_m_dark_jr_yeti_s_mon_dark_jr_yeti_REFERENCE_F00.png|AREA_09_IMAGES_OUTPUT/REFERENCE/002_m_dark_jr_yeti_s_mon_dark_jr_yeti_REFERENCE_F01.png|AREA_09_IMAGES_OUTPUT/REFERENCE/002_m_dark_jr_yeti_s_mon_dark_jr_yeti_REFERENCE_F02.png|AREA_09_IMAGES_OUTPUT/REFERENCE/002_m_dark_jr_yeti_s_mon_dark_jr_yeti_REFERENCE_F03.png|AREA_09_IMAGES_OUTPUT/REFERENCE/002_m_dark_jr_yeti_s_mon_dark_jr_yeti_REFERENCE_F04.png|AREA_09_IMAGES_OUTPUT/REFERENCE/002_m_dark_jr_yeti_s_mon_dark_jr_yeti_REFERENCE_F05.png,"{""AREA_09_IMAGES_OUTPUT/REFERENCE/002_m_dark_jr_yeti_s_mon_dark_jr_yeti_REFERENCE_F00.png"": ""565ba9a0b307092d86daa80f769c94e451c680732fd93ab28c07dcec7332fac4"", ""AREA_09_IMAGES_OUTPUT/REFERENCE/002_m_dark_jr_yeti_s_mon_dark_jr_yeti_REFERENCE_F01.png"": ""24736a91e612f940e3285b42053b2b665123c0b11c536321ffb290652f8cc1fa"", ""AREA_09_IMAGES_OUTPUT/REFERENCE/002_m_dark_jr_yeti_s_mon_dark_jr_yeti_REFERENCE_F02.png"": ""b06c7531e47c90abe45a7596f5556df65da35a40ab5b4cfe650110cacc6d791f"", ""AREA_09_IMAGES_OUTPUT/REFERENCE/002_m_dark_jr_yeti_s_mon_dark_jr_yeti_REFERENCE_F03.png"": ""55b2dde924475be7031fa453ea44791511bddcf49319ab164c7a9dbcaecac009"", ""AREA_09_IMAGES_OUTPUT/REFERENCE/002_m_dark_jr_yeti_s_mon_dark_jr_yeti_REFERENCE_F04.png"": ""a42fde85b9abdee238a347e3028db2c59f6e09941703d4ceb95bc58cd3d09269"", ""AREA_09_IMAGES_OUTPUT/REFERENCE/002_m_dark_jr_yeti_s_mon_dark_jr_yeti_REFERENCE_F05.png"": ""ad609e2c9b007ecd698bf0068b2bcff3880199abb8fc462c1fec4d3049ebbdec""}",D:\maplestory_levup\docs\art\images-input-packages-v2_4\AREA_09_IMAGES_INPUT_V2_4.zip,V2.4,AREA_09_IMAGES_INPUT_V2_4/monsters/002_m_dark_jr_yeti_다크_주니어_예티/GENERATION_SPEC.md,검은 설분이 몸 둘레를 닫는 낮은 은폐 소용돌이. ‘다크 주니어 예티 / 검은 설원의 은폐’ 전용 소재이며 몬스터 본체는 VFX에 직접 넣지 않음,0.10 / preview-only non-loop,preview only; no engine motion/FlipX contract,F00–F05 전체를 순서대로 직접 대조,검회색 설분이 낮은 소용돌이로 뭉쳤다가 가는 눈가루 흔적으로 흐려짐,D:\maplestory_levup\docs\art\area00-images-output\AREA_00_IMAGES_OUTPUT_ORIGINAL.zip,AREA_00_IMAGES_OUTPUT/monsters/002_m_blue_snail_파란_달팽이/VFX/002_m_blue_snail_s_mon_blue_snail_F04.png,AREA00 실제 승인 원화. 해당 보드의 기준 프레임 + ART_STYLE_STANDARD의 전체 기준. 고유 모양/저레벨 규모를 요구하지 않음,"눈 가루의 입상 질감, 얼음의 각진 반사면, 발톱/엄니의 차가운 가는 빛이 ICON과 VFX에서 연결된다. 눈/얼음의 거친 입자를 픽셀 마감과 혼동하지 않았다.",동일 몬스터의 실제 ICON 및 모든 VFX 역할 대조. 색·소재·반사광 관계에서 명백한 이탈 없음,"눈 가루의 입상 질감, 얼음의 각진 반사면, 발톱/엄니의 차가운 가는 빛이 ICON과 VFX에서 연결된다. 눈/얼음의 거친 입자를 픽셀 마감과 혼동하지 않았다.",AREA00 기준 + 전체 Area의 동일 역할 보드 대조; 다수결 기준 사용 안 함. 추가 소재 비교는 CROSS_AREA_MATERIAL_BOARD_INDEX.csv,팔레트·재질·형상·레벨/보스 규모·밀도·역할별 프레임/시간 차이 허용,해당 없음,검은 설분이 몸 둘레를 닫는 낮은 은폐 소용돌이. ‘다크 주니어 예티 / 검은 설원의 은폐’ 전용 소재이며 몬스터 본체는 VFX에 직접 넣지 않음 | preview only; no engine motion/FlipX contract,원화 유지,NO,NO,D:\maplestory_levup\docs\art\output_audit\runs\20260912_162508_msw_origin_art_review\CROSS_AREA_STYLE_BOARD\area_09_m_dark_jr_yeti_REFERENCE_VFX_NATIVE.png,,"PNG 원본을 동일 RGB(32,38,48) 배경에 1:1 합성. 확대는 동일 128px 영역 2배 NEAREST. 큰 보드의 도구 축소 표시 가능; 이탈 상세는 1600px 보드에서 추가 대조",전 프레임 순서상 형성/변화/해체/잔상 대조. 실시간 재생의 체감 리듬 및 엔진 합성은 미검증,NOT_CHECKED: 게임 내 최종 배율/카메라/필터/배경에서의 선명도 미검증. 명세 배율만으로 런타임 표시를 보았다고 하지 않음,NO_OBVIOUS_ISSUE,기존 파일검사 재사용,TARGET_OUTPUT
area_09,m_hector,헥터,s_mon_hector,설원 늑대 발톱,ICON,CONSISTENT_WITH_REFERENCE,D:\maplestory_levup\docs\art\output_repacked\20260912_153221_v24_repack\AREA_09_IMAGES_OUTPUT.zip,AREA_09_IMAGES_OUTPUT/ICON/003_m_hector_s_mon_hector_ICON.png,"{""AREA_09_IMAGES_OUTPUT/ICON/003_m_hector_s_mon_hector_ICON.png"": ""cc780d117e6b89a5ca1f53eff9708d706e48d130a32123435d0cf899462204d7""}",D:\maplestory_levup\docs\art\images-input-packages-v2_4\AREA_09_IMAGES_INPUT_V2_4.zip,V2.4,AREA_09_IMAGES_INPUT_V2_4/monsters/003_m_hector_헥터/GENERATION_SPEC.md,늑대 발톱 세 갈래가 눈가루를 베어내는 전방 참격. ‘헥터 / 설원 늑대 발톱’ 전용 소재이며 몬스터 본체는 VFX에 직접 넣지 않음,static / static,none,ICON 原寸 전체,회청색 세 갈래 발톱바람이 전방에서 솟아 굵어지고 짧은 눈가루 궤적으로 소멸,D:\maplestory_levup\docs\art\area00-images-output\AREA_00_IMAGES_OUTPUT_ORIGINAL.zip,AREA_00_IMAGES_OUTPUT/monsters/002_m_blue_snail_파란_달팽이/ICON/002_m_blue_snail_s_mon_blue_snail_ICON.png,AREA00 실제 승인 원화. 해당 보드의 기준 프레임 + ART_STYLE_STANDARD의 전체 기준. 고유 모양/저레벨 규모를 요구하지 않음,"눈 가루의 입상 질감, 얼음의 각진 반사면, 발톱/엄니의 차가운 가는 빛이 ICON과 VFX에서 연결된다. 눈/얼음의 거친 입자를 픽셀 마감과 혼동하지 않았다.",동일 몬스터의 실제 ICON 및 모든 VFX 역할 대조. 색·소재·반사광 관계에서 명백한 이탈 없음,"눈 가루의 입상 질감, 얼음의 각진 반사면, 발톱/엄니의 차가운 가는 빛이 ICON과 VFX에서 연결된다. 눈/얼음의 거친 입자를 픽셀 마감과 혼동하지 않았다.",AREA00 기준 + 전체 Area의 동일 역할 보드 대조; 다수결 기준 사용 안 함. 추가 소재 비교는 CROSS_AREA_MATERIAL_BOARD_INDEX.csv,팔레트·재질·형상·레벨/보스 규모·밀도·역할별 프레임/시간 차이 허용,해당 없음,늑대 발톱 세 갈래가 눈가루를 베어내는 전방 참격. ‘헥터 / 설원 늑대 발톱’ 전용 소재이며 몬스터 본체는 VFX에 직접 넣지 않음 | none,원화 유지,NO,NO,D:\maplestory_levup\docs\art\output_audit\runs\20260912_162508_msw_origin_art_review\CROSS_AREA_STYLE_BOARD\area_09_ICON_NATIVE.png,,"PNG 원본을 동일 RGB(32,38,48) 배경에 1:1 합성. 확대는 동일 128px 영역 2배 NEAREST. 큰 보드의 도구 축소 표시 가능; 이탈 상세는 1600px 보드에서 추가 대조",전 프레임 순서상 형성/변화/해체/잔상 대조. 실시간 재생의 체감 리듬 및 엔진 합성은 미검증,NOT_CHECKED: 게임 내 최종 배율/카메라/필터/배경에서의 선명도 미검증. 명세 배율만으로 런타임 표시를 보았다고 하지 않음,NO_OBVIOUS_ISSUE,기존 파일검사 재사용,TARGET_OUTPUT
area_09,m_hector,헥터,s_mon_hector,설원 늑대 발톱,CAST_VFX,CONSISTENT_WITH_REFERENCE,D:\maplestory_levup\docs\art\output_repacked\20260912_153221_v24_repack\AREA_09_IMAGES_OUTPUT.zip,AREA_09_IMAGES_OUTPUT/CAST/003_m_hector_s_mon_hector_CAST_F00.png|AREA_09_IMAGES_OUTPUT/CAST/003_m_hector_s_mon_hector_CAST_F01.png|AREA_09_IMAGES_OUTPUT/CAST/003_m_hector_s_mon_hector_CAST_F02.png|AREA_09_IMAGES_OUTPUT/CAST/003_m_hector_s_mon_hector_CAST_F03.png|AREA_09_IMAGES_OUTPUT/CAST/003_m_hector_s_mon_hector_CAST_F04.png|AREA_09_IMAGES_OUTPUT/CAST/003_m_hector_s_mon_hector_CAST_F05.png|AREA_09_IMAGES_OUTPUT/CAST/003_m_hector_s_mon_hector_CAST_F06.png|AREA_09_IMAGES_OUTPUT/CAST/003_m_hector_s_mon_hector_CAST_F07.png,"{""AREA_09_IMAGES_OUTPUT/CAST/003_m_hector_s_mon_hector_CAST_F00.png"": ""db68a4fff0b0e5e09ab88bd7ebff42c551181eee139104ac7420a40a55f563c1"", ""AREA_09_IMAGES_OUTPUT/CAST/003_m_hector_s_mon_hector_CAST_F01.png"": ""a7af0aa993924e809162afa30aeb83cf194d14a606bd3c3645aac49867c34983"", ""AREA_09_IMAGES_OUTPUT/CAST/003_m_hector_s_mon_hector_CAST_F02.png"": ""d1e32d50398fc2ed74e2b7561e327d917c126e21e5d7a329ffc1645d49e06080"", ""AREA_09_IMAGES_OUTPUT/CAST/003_m_hector_s_mon_hector_CAST_F03.png"": ""04d51238ee11bd021c0db504d144543432c44d009e8d702f1f7c26e9c0a295c4"", ""AREA_09_IMAGES_OUTPUT/CAST/003_m_hector_s_mon_hector_CAST_F04.png"": ""3f1837dc8408e4869285b467d63fb253a1132241e5fd9185a922a5f6ca98d23b"", ""AREA_09_IMAGES_OUTPUT/CAST/003_m_hector_s_mon_hector_CAST_F05.png"": ""fa4d59538ee7ea4eb7b372d6320d6d439cbe8d292889d28e155ccd243f504d17"", ""AREA_09_IMAGES_OUTPUT/CAST/003_m_hector_s_mon_hector_CAST_F06.png"": ""0260e49d045630d88701420f77999509d3242fa74644511be1cd146c9bcc55e8"", ""AREA_09_IMAGES_OUTPUT/CAST/003_m_hector_s_mon_hector_CAST_F07.png"": ""a44f2706b6c2acc1907a9066a971eefee2aca848656dfe26df1e430e33a2e6c3""}",D:\maplestory_levup\docs\art\images-input-packages-v2_4\AREA_09_IMAGES_INPUT_V2_4.zip,V2.4,AREA_09_IMAGES_INPUT_V2_4/monsters/003_m_hector_헥터/GENERATION_SPEC.md,늑대 발톱 세 갈래가 눈가루를 베어내는 전방 참격. ‘헥터 / 설원 늑대 발톱’ 전용 소재이며 몬스터 본체는 VFX에 직접 넣지 않음,0.10 / non-loop one-shot,SkillEffect applies FlipX for directional attacks; delayed layer samples caster position at SpawnLayer execution; map entity then applies drift,F00–F07 전체를 순서대로 직접 대조,회청색 세 갈래 발톱바람이 전방에서 솟아 굵어지고 짧은 눈가루 궤적으로 소멸,D:\maplestory_levup\docs\art\area00-images-output\AREA_00_IMAGES_OUTPUT_ORIGINAL.zip,AREA_00_IMAGES_OUTPUT/monsters/005_m_slime_슬라임/VFX/005_m_slime_s_mon_slime_F04.png,AREA00 실제 승인 원화. 해당 보드의 기준 프레임 + ART_STYLE_STANDARD의 전체 기준. 고유 모양/저레벨 규모를 요구하지 않음,"눈 가루의 입상 질감, 얼음의 각진 반사면, 발톱/엄니의 차가운 가는 빛이 ICON과 VFX에서 연결된다. 눈/얼음의 거친 입자를 픽셀 마감과 혼동하지 않았다.",동일 몬스터의 실제 ICON 및 모든 VFX 역할 대조. 색·소재·반사광 관계에서 명백한 이탈 없음,"눈 가루의 입상 질감, 얼음의 각진 반사면, 발톱/엄니의 차가운 가는 빛이 ICON과 VFX에서 연결된다. 눈/얼음의 거친 입자를 픽셀 마감과 혼동하지 않았다.",AREA00 기준 + 전체 Area의 동일 역할 보드 대조; 다수결 기준 사용 안 함. 추가 소재 비교는 CROSS_AREA_MATERIAL_BOARD_INDEX.csv,팔레트·재질·형상·레벨/보스 규모·밀도·역할별 프레임/시간 차이 허용,해당 없음,늑대 발톱 세 갈래가 눈가루를 베어내는 전방 참격. ‘헥터 / 설원 늑대 발톱’ 전용 소재이며 몬스터 본체는 VFX에 직접 넣지 않음 | SkillEffect applies FlipX for directional attacks; delayed layer samples caster position at SpawnLayer execution; map entity then applies drift,원화 유지,NO,NO,D:\maplestory_levup\docs\art\output_audit\runs\20260912_162508_msw_origin_art_review\CROSS_AREA_STYLE_BOARD\area_09_m_hector_CAST_VFX_NATIVE.png,,"PNG 원본을 동일 RGB(32,38,48) 배경에 1:1 합성. 확대는 동일 128px 영역 2배 NEAREST. 큰 보드의 도구 축소 표시 가능; 이탈 상세는 1600px 보드에서 추가 대조",전 프레임 순서상 형성/변화/해체/잔상 대조. 실시간 재생의 체감 리듬 및 엔진 합성은 미검증,NOT_CHECKED: 게임 내 최종 배율/카메라/필터/배경에서의 선명도 미검증. 명세 배율만으로 런타임 표시를 보았다고 하지 않음,NO_OBVIOUS_ISSUE,기존 파일검사 재사용,TARGET_OUTPUT
area_09,m_white_fang,화이트팽,s_mon_white_fang,화이트팽의 빙설 송곳니,ICON,CONSISTENT_WITH_REFERENCE,D:\maplestory_levup\docs\art\output_repacked\20260912_153221_v24_repack\AREA_09_IMAGES_OUTPUT.zip,AREA_09_IMAGES_OUTPUT/ICON/004_m_white_fang_s_mon_white_fang_ICON.png,"{""AREA_09_IMAGES_OUTPUT/ICON/004_m_white_fang_s_mon_white_fang_ICON.png"": ""99399b9fa16e056c203a9c0091dc56331122f147cf709a38dde4ae4516a5576e""}",D:\maplestory_levup\docs\art\images-input-packages-v2_4\AREA_09_IMAGES_INPUT_V2_4.zip,V2.4,AREA_09_IMAGES_INPUT_V2_4/monsters/004_m_white_fang_화이트팽/GENERATION_SPEC.md,송곳니 두 개가 얼음 능선처럼 교차하는 빙설 타격. ‘화이트팽 / 화이트팽의 빙설 송곳니’ 전용 소재이며 몬스터 본체는 VFX에 직접 넣지 않음,static / static,none,ICON 原寸 전체,푸른 얼음 송곳니 둘이 교차해 결정형 충격을 만들고 작은 파편으로 분리,D:\maplestory_levup\docs\art\area00-images-output\AREA_00_IMAGES_OUTPUT_ORIGINAL.zip,AREA_00_IMAGES_OUTPUT/monsters/002_m_blue_snail_파란_달팽이/ICON/002_m_blue_snail_s_mon_blue_snail_ICON.png,AREA00 실제 승인 원화. 해당 보드의 기준 프레임 + ART_STYLE_STANDARD의 전체 기준. 고유 모양/저레벨 규모를 요구하지 않음,"눈 가루의 입상 질감, 얼음의 각진 반사면, 발톱/엄니의 차가운 가는 빛이 ICON과 VFX에서 연결된다. 눈/얼음의 거친 입자를 픽셀 마감과 혼동하지 않았다.",동일 몬스터의 실제 ICON 및 모든 VFX 역할 대조. 색·소재·반사광 관계에서 명백한 이탈 없음,"눈 가루의 입상 질감, 얼음의 각진 반사면, 발톱/엄니의 차가운 가는 빛이 ICON과 VFX에서 연결된다. 눈/얼음의 거친 입자를 픽셀 마감과 혼동하지 않았다.",AREA00 기준 + 전체 Area의 동일 역할 보드 대조; 다수결 기준 사용 안 함. 추가 소재 비교는 CROSS_AREA_MATERIAL_BOARD_INDEX.csv,팔레트·재질·형상·레벨/보스 규모·밀도·역할별 프레임/시간 차이 허용,해당 없음,송곳니 두 개가 얼음 능선처럼 교차하는 빙설 타격. ‘화이트팽 / 화이트팽의 빙설 송곳니’ 전용 소재이며 몬스터 본체는 VFX에 직접 넣지 않음 | none,원화 유지,NO,NO,D:\maplestory_levup\docs\art\output_audit\runs\20260912_162508_msw_origin_art_review\CROSS_AREA_STYLE_BOARD\area_09_ICON_NATIVE.png,,"PNG 원본을 동일 RGB(32,38,48) 배경에 1:1 합성. 확대는 동일 128px 영역 2배 NEAREST. 큰 보드의 도구 축소 표시 가능; 이탈 상세는 1600px 보드에서 추가 대조",전 프레임 순서상 형성/변화/해체/잔상 대조. 실시간 재생의 체감 리듬 및 엔진 합성은 미검증,NOT_CHECKED: 게임 내 최종 배율/카메라/필터/배경에서의 선명도 미검증. 명세 배율만으로 런타임 표시를 보았다고 하지 않음,NO_OBVIOUS_ISSUE,기존 파일검사 재사용,TARGET_OUTPUT
area_09,m_white_fang,화이트팽,s_mon_white_fang,화이트팽의 빙설 송곳니,CAST_VFX,CONSISTENT_WITH_REFERENCE,D:\maplestory_levup\docs\art\output_repacked\20260912_153221_v24_repack\AREA_09_IMAGES_OUTPUT.zip,AREA_09_IMAGES_OUTPUT/CAST/004_m_white_fang_s_mon_white_fang_CAST_F00.png|AREA_09_IMAGES_OUTPUT/CAST/004_m_white_fang_s_mon_white_fang_CAST_F01.png|AREA_09_IMAGES_OUTPUT/CAST/004_m_white_fang_s_mon_white_fang_CAST_F02.png|AREA_09_IMAGES_OUTPUT/CAST/004_m_white_fang_s_mon_white_fang_CAST_F03.png|AREA_09_IMAGES_OUTPUT/CAST/004_m_white_fang_s_mon_white_fang_CAST_F04.png|AREA_09_IMAGES_OUTPUT/CAST/004_m_white_fang_s_mon_white_fang_CAST_F05.png|AREA_09_IMAGES_OUTPUT/CAST/004_m_white_fang_s_mon_white_fang_CAST_F06.png|AREA_09_IMAGES_OUTPUT/CAST/004_m_white_fang_s_mon_white_fang_CAST_F07.png,"{""AREA_09_IMAGES_OUTPUT/CAST/004_m_white_fang_s_mon_white_fang_CAST_F00.png"": ""dce8ec99fde592dad12ff2dc879da08b5878a5172e60d0447be33c7d64213aeb"", ""AREA_09_IMAGES_OUTPUT/CAST/004_m_white_fang_s_mon_white_fang_CAST_F01.png"": ""826730f47a048ad82aad16ab357388a2e6069e05909682b0f02e79c55fae2ea6"", ""AREA_09_IMAGES_OUTPUT/CAST/004_m_white_fang_s_mon_white_fang_CAST_F02.png"": ""9a8ba68820f51e456aba49ab6f2dc5922f042d64c614b992826e0d42148e637c"", ""AREA_09_IMAGES_OUTPUT/CAST/004_m_white_fang_s_mon_white_fang_CAST_F03.png"": ""22a255cfe151b1f71d78d01dcbf392a759f858272446762f80d3dc30b48abb26"", ""AREA_09_IMAGES_OUTPUT/CAST/004_m_white_fang_s_mon_white_fang_CAST_F04.png"": ""e4e9a4ce8f0cebf30802f4926215b1f80e8cf3b55bd490610fb2b18d059afde4"", ""AREA_09_IMAGES_OUTPUT/CAST/004_m_white_fang_s_mon_white_fang_CAST_F05.png"": ""1f78e0c2f20875cf6bfb48eaec129d92383587df02b3019523761595c7b34701"", ""AREA_09_IMAGES_OUTPUT/CAST/004_m_white_fang_s_mon_white_fang_CAST_F06.png"": ""e8c35af13a9f3d05dce9800c21a4c4aac5ffd2bb7caeb3adda74bec8416c75d6"", ""AREA_09_IMAGES_OUTPUT/CAST/004_m_white_fang_s_mon_white_fang_CAST_F07.png"": ""0ca535bdebe17c47d6ec7d0721c0bf91f320ebae5e4f292510ae9a96597160de""}",D:\maplestory_levup\docs\art\images-input-packages-v2_4\AREA_09_IMAGES_INPUT_V2_4.zip,V2.4,AREA_09_IMAGES_INPUT_V2_4/monsters/004_m_white_fang_화이트팽/GENERATION_SPEC.md,송곳니 두 개가 얼음 능선처럼 교차하는 빙설 타격. ‘화이트팽 / 화이트팽의 빙설 송곳니’ 전용 소재이며 몬스터 본체는 VFX에 직접 넣지 않음,0.10 / non-loop one-shot,SkillEffect applies FlipX for directional attacks; delayed layer samples caster position at SpawnLayer execution; map entity then applies drift,F00–F07 전체를 순서대로 직접 대조,푸른 얼음 송곳니 둘이 교차해 결정형 충격을 만들고 작은 파편으로 분리,D:\maplestory_levup\docs\art\area00-images-output\AREA_00_IMAGES_OUTPUT_ORIGINAL.zip,AREA_00_IMAGES_OUTPUT/monsters/005_m_slime_슬라임/VFX/005_m_slime_s_mon_slime_F04.png,AREA00 실제 승인 원화. 해당 보드의 기준 프레임 + ART_STYLE_STANDARD의 전체 기준. 고유 모양/저레벨 규모를 요구하지 않음,"눈 가루의 입상 질감, 얼음의 각진 반사면, 발톱/엄니의 차가운 가는 빛이 ICON과 VFX에서 연결된다. 눈/얼음의 거친 입자를 픽셀 마감과 혼동하지 않았다.",동일 몬스터의 실제 ICON 및 모든 VFX 역할 대조. 색·소재·반사광 관계에서 명백한 이탈 없음,"눈 가루의 입상 질감, 얼음의 각진 반사면, 발톱/엄니의 차가운 가는 빛이 ICON과 VFX에서 연결된다. 눈/얼음의 거친 입자를 픽셀 마감과 혼동하지 않았다.",AREA00 기준 + 전체 Area의 동일 역할 보드 대조; 다수결 기준 사용 안 함. 추가 소재 비교는 CROSS_AREA_MATERIAL_BOARD_INDEX.csv,팔레트·재질·형상·레벨/보스 규모·밀도·역할별 프레임/시간 차이 허용,해당 없음,송곳니 두 개가 얼음 능선처럼 교차하는 빙설 타격. ‘화이트팽 / 화이트팽의 빙설 송곳니’ 전용 소재이며 몬스터 본체는 VFX에 직접 넣지 않음 | SkillEffect applies FlipX for directional attacks; delayed layer samples caster position at SpawnLayer execution; map entity then applies drift,원화 유지,NO,NO,D:\maplestory_levup\docs\art\output_audit\runs\20260912_162508_msw_origin_art_review\CROSS_AREA_STYLE_BOARD\area_09_m_white_fang_CAST_VFX_NATIVE.png,,"PNG 원본을 동일 RGB(32,38,48) 배경에 1:1 합성. 확대는 동일 128px 영역 2배 NEAREST. 큰 보드의 도구 축소 표시 가능; 이탈 상세는 1600px 보드에서 추가 대조",전 프레임 순서상 형성/변화/해체/잔상 대조. 실시간 재생의 체감 리듬 및 엔진 합성은 미검증,NOT_CHECKED: 게임 내 최종 배율/카메라/필터/배경에서의 선명도 미검증. 명세 배율만으로 런타임 표시를 보았다고 하지 않음,NO_OBVIOUS_ISSUE,기존 파일검사 재사용,TARGET_OUTPUT
area_09,m_snow_witch,설산의 마녀,s_mon_snow_witch,추방자의 눈보라,ICON,CONSISTENT_WITH_REFERENCE,D:\maplestory_levup\docs\art\output_repacked\20260912_153221_v24_repack\AREA_09_IMAGES_OUTPUT.zip,AREA_09_IMAGES_OUTPUT/ICON/005_m_snow_witch_s_mon_snow_witch_ICON.png,"{""AREA_09_IMAGES_OUTPUT/ICON/005_m_snow_witch_s_mon_snow_witch_ICON.png"": ""e131fe9bcf97eb82b9209efcd94c1372c418505d7443fc2f0ed4784960e5be99""}",D:\maplestory_levup\docs\art\images-input-packages-v2_4\AREA_09_IMAGES_INPUT_V2_4.zip,V2.4,AREA_09_IMAGES_INPUT_V2_4/monsters/005_m_snow_witch_설산의_마녀/GENERATION_SPEC.md,마녀의 굽은 설풍 고리가 눈결정을 끌어당기는 폭풍. ‘설산의 마녀 / 추방자의 눈보라’ 전용 소재이며 몬스터 본체는 VFX에 직접 넣지 않음,static / static,none,ICON 原寸 전체,청백색 굽은 설풍 고리가 여러 층의 눈보라 원통으로 커졌다 눈결정과 함께 꺼짐,D:\maplestory_levup\docs\art\area00-images-output\AREA_00_IMAGES_OUTPUT_ORIGINAL.zip,AREA_00_IMAGES_OUTPUT/monsters/002_m_blue_snail_파란_달팽이/ICON/002_m_blue_snail_s_mon_blue_snail_ICON.png,AREA00 실제 승인 원화. 해당 보드의 기준 프레임 + ART_STYLE_STANDARD의 전체 기준. 고유 모양/저레벨 규모를 요구하지 않음,"눈 가루의 입상 질감, 얼음의 각진 반사면, 발톱/엄니의 차가운 가는 빛이 ICON과 VFX에서 연결된다. 눈/얼음의 거친 입자를 픽셀 마감과 혼동하지 않았다.",동일 몬스터의 실제 ICON 및 모든 VFX 역할 대조. 색·소재·반사광 관계에서 명백한 이탈 없음,"눈 가루의 입상 질감, 얼음의 각진 반사면, 발톱/엄니의 차가운 가는 빛이 ICON과 VFX에서 연결된다. 눈/얼음의 거친 입자를 픽셀 마감과 혼동하지 않았다.",AREA00 기준 + 전체 Area의 동일 역할 보드 대조; 다수결 기준 사용 안 함. 추가 소재 비교는 CROSS_AREA_MATERIAL_BOARD_INDEX.csv,팔레트·재질·형상·레벨/보스 규모·밀도·역할별 프레임/시간 차이 허용,해당 없음,마녀의 굽은 설풍 고리가 눈결정을 끌어당기는 폭풍. ‘설산의 마녀 / 추방자의 눈보라’ 전용 소재이며 몬스터 본체는 VFX에 직접 넣지 않음 | none,원화 유지,NO,NO,D:\maplestory_levup\docs\art\output_audit\runs\20260912_162508_msw_origin_art_review\CROSS_AREA_STYLE_BOARD\area_09_ICON_NATIVE.png,,"PNG 원본을 동일 RGB(32,38,48) 배경에 1:1 합성. 확대는 동일 128px 영역 2배 NEAREST. 큰 보드의 도구 축소 표시 가능; 이탈 상세는 1600px 보드에서 추가 대조",전 프레임 순서상 형성/변화/해체/잔상 대조. 실시간 재생의 체감 리듬 및 엔진 합성은 미검증,NOT_CHECKED: 게임 내 최종 배율/카메라/필터/배경에서의 선명도 미검증. 명세 배율만으로 런타임 표시를 보았다고 하지 않음,NO_OBVIOUS_ISSUE,기존 파일검사 재사용,TARGET_OUTPUT
area_09,m_snow_witch,설산의 마녀,s_mon_snow_witch,추방자의 눈보라,CAST_VFX,CONSISTENT_WITH_REFERENCE,D:\maplestory_levup\docs\art\output_repacked\20260912_153221_v24_repack\AREA_09_IMAGES_OUTPUT.zip,AREA_09_IMAGES_OUTPUT/CAST/005_m_snow_witch_s_mon_snow_witch_CAST_F00.png|AREA_09_IMAGES_OUTPUT/CAST/005_m_snow_witch_s_mon_snow_witch_CAST_F01.png|AREA_09_IMAGES_OUTPUT/CAST/005_m_snow_witch_s_mon_snow_witch_CAST_F02.png|AREA_09_IMAGES_OUTPUT/CAST/005_m_snow_witch_s_mon_snow_witch_CAST_F03.png|AREA_09_IMAGES_OUTPUT/CAST/005_m_snow_witch_s_mon_snow_witch_CAST_F04.png|AREA_09_IMAGES_OUTPUT/CAST/005_m_snow_witch_s_mon_snow_witch_CAST_F05.png|AREA_09_IMAGES_OUTPUT/CAST/005_m_snow_witch_s_mon_snow_witch_CAST_F06.png|AREA_09_IMAGES_OUTPUT/CAST/005_m_snow_witch_s_mon_snow_witch_CAST_F07.png|AREA_09_IMAGES_OUTPUT/CAST/005_m_snow_witch_s_mon_snow_witch_CAST_F08.png|AREA_09_IMAGES_OUTPUT/CAST/005_m_snow_witch_s_mon_snow_witch_CAST_F09.png|AREA_09_IMAGES_OUTPUT/CAST/005_m_snow_witch_s_mon_snow_witch_CAST_F10.png|AREA_09_IMAGES_OUTPUT/CAST/005_m_snow_witch_s_mon_snow_witch_CAST_F11.png,"{""AREA_09_IMAGES_OUTPUT/CAST/005_m_snow_witch_s_mon_snow_witch_CAST_F00.png"": ""dd680dd018aa8efe91d811c98928fbc4312834f565e40305a9ff10dd9f0a4602"", ""AREA_09_IMAGES_OUTPUT/CAST/005_m_snow_witch_s_mon_snow_witch_CAST_F01.png"": ""519d102b3cf70e453e198fc2d610fdb8909c21cf13036f5d8b943e9121dd438f"", ""AREA_09_IMAGES_OUTPUT/CAST/005_m_snow_witch_s_mon_snow_witch_CAST_F02.png"": ""eb4bdec8724e60e0538b5bc09b5c2818016bbe7a8aaa37544589a269ce46fe20"", ""AREA_09_IMAGES_OUTPUT/CAST/005_m_snow_witch_s_mon_snow_witch_CAST_F03.png"": ""bb156d2bf782f50bf75ff04bd41b76e1923df7154b411c71a1702237244bff5f"", ""AREA_09_IMAGES_OUTPUT/CAST/005_m_snow_witch_s_mon_snow_witch_CAST_F04.png"": ""d23d4ecd823a75f9621c4d5fd005b985cd26b938f5b18f4fd939db6ce0e52857"", ""AREA_09_IMAGES_OUTPUT/CAST/005_m_snow_witch_s_mon_snow_witch_CAST_F05.png"": ""f5524bad6755bb285372d1904340ef7373617e78694c015ddaab8c5c6f60fb28"", ""AREA_09_IMAGES_OUTPUT/CAST/005_m_snow_witch_s_mon_snow_witch_CAST_F06.png"": ""ec7c2d45af3c690d3a4d9f80e271186641e281ac153d6d073f3b5e829c357964"", ""AREA_09_IMAGES_OUTPUT/CAST/005_m_snow_witch_s_mon_snow_witch_CAST_F07.png"": ""c6e680499eb26cd0ab3ae881621e38aae50e3c1e1dea224d6c3b11b999b6693b"", ""AREA_09_IMAGES_OUTPUT/CAST/005_m_snow_witch_s_mon_snow_witch_CAST_F08.png"": ""877595af44474499c4ca723ead9ccc22591d5637a17f4b1c4e4d2994cb53ef5d"", ""AREA_09_IMAGES_OUTPUT/CAST/005_m_snow_witch_s_mon_snow_witch_CAST_F09.png"": ""0c280f0c4fe428a4411acde2c23faeb9da935759ce33cdd03168ed554a5a201f"", ""AREA_09_IMAGES_OUTPUT/CAST/005_m_snow_witch_s_mon_snow_witch_CAST_F10.png"": ""1f217529a44e700489e6008c50b6453f7e014267de35f89d5b0951c1735550ba"", ""AREA_09_IMAGES_OUTPUT/CAST/005_m_snow_witch_s_mon_snow_witch_CAST_F11.png"": ""7261b95d9b46f64542fe19c8046da3a9bdd53047e10d095b6eaf7b8cbdecb28a""}",D:\maplestory_levup\docs\art\images-input-packages-v2_4\AREA_09_IMAGES_INPUT_V2_4.zip,V2.4,AREA_09_IMAGES_INPUT_V2_4/monsters/005_m_snow_witch_설산의_마녀/GENERATION_SPEC.md,마녀의 굽은 설풍 고리가 눈결정을 끌어당기는 폭풍. ‘설산의 마녀 / 추방자의 눈보라’ 전용 소재이며 몬스터 본체는 VFX에 직접 넣지 않음,0.08 / non-loop one-shot,SkillEffect applies FlipX for directional attacks; delayed layer samples caster position at SpawnLayer execution; map entity then applies drift,F00–F11 전체를 순서대로 직접 대조,청백색 굽은 설풍 고리가 여러 층의 눈보라 원통으로 커졌다 눈결정과 함께 꺼짐,D:\maplestory_levup\docs\art\area00-images-output\AREA_00_IMAGES_OUTPUT_ORIGINAL.zip,AREA_00_IMAGES_OUTPUT/monsters/004_m_mano_마노/VFX/004_m_mano_s_mon_mano_F06.png,AREA00 실제 승인 원화. 해당 보드의 기준 프레임 + ART_STYLE_STANDARD의 전체 기준. 고유 모양/저레벨 규모를 요구하지 않음,"눈 가루의 입상 질감, 얼음의 각진 반사면, 발톱/엄니의 차가운 가는 빛이 ICON과 VFX에서 연결된다. 눈/얼음의 거친 입자를 픽셀 마감과 혼동하지 않았다.",동일 몬스터의 실제 ICON 및 모든 VFX 역할 대조. 색·소재·반사광 관계에서 명백한 이탈 없음,"눈 가루의 입상 질감, 얼음의 각진 반사면, 발톱/엄니의 차가운 가는 빛이 ICON과 VFX에서 연결된다. 눈/얼음의 거친 입자를 픽셀 마감과 혼동하지 않았다.",AREA00 기준 + 전체 Area의 동일 역할 보드 대조; 다수결 기준 사용 안 함. 추가 소재 비교는 CROSS_AREA_MATERIAL_BOARD_INDEX.csv,팔레트·재질·형상·레벨/보스 규모·밀도·역할별 프레임/시간 차이 허용,해당 없음,마녀의 굽은 설풍 고리가 눈결정을 끌어당기는 폭풍. ‘설산의 마녀 / 추방자의 눈보라’ 전용 소재이며 몬스터 본체는 VFX에 직접 넣지 않음 | SkillEffect applies FlipX for directional attacks; delayed layer samples caster position at SpawnLayer execution; map entity then applies drift,원화 유지,NO,NO,D:\maplestory_levup\docs\art\output_audit\runs\20260912_162508_msw_origin_art_review\CROSS_AREA_STYLE_BOARD\area_09_m_snow_witch_CAST_VFX_NATIVE.png,,"PNG 원본을 동일 RGB(32,38,48) 배경에 1:1 합성. 확대는 동일 128px 영역 2배 NEAREST. 큰 보드의 도구 축소 표시 가능; 이탈 상세는 1600px 보드에서 추가 대조",전 프레임 순서상 형성/변화/해체/잔상 대조. 실시간 재생의 체감 리듬 및 엔진 합성은 미검증,NOT_CHECKED: 게임 내 최종 배율/카메라/필터/배경에서의 선명도 미검증. 명세 배율만으로 런타임 표시를 보았다고 하지 않음,NO_OBVIOUS_ISSUE,기존 파일검사 재사용,TARGET_OUTPUT
area_10,m_bubble_fish,버블피쉬,s_mon_bubble_fish,기포막,ICON,CONSISTENT_WITH_REFERENCE,D:\maplestory_levup\docs\art\output_repacked\20260912_153221_v24_repack\AREA_10_IMAGES_OUTPUT.zip,AREA_10_IMAGES_OUTPUT/ICON/001_m_bubble_fish_s_mon_bubble_fish_ICON.png,"{""AREA_10_IMAGES_OUTPUT/ICON/001_m_bubble_fish_s_mon_bubble_fish_ICON.png"": ""62ef8c156feec57ac50b91bda9cc47e94331e1190de8d3c7e470340412534a47""}",D:\maplestory_levup\docs\art\images-input-packages-v2_4\AREA_10_IMAGES_INPUT_V2_4.zip,V2.4,AREA_10_IMAGES_INPUT_V2_4/monsters/001_m_bubble_fish_버블피쉬/GENERATION_SPEC.md,물고기 비늘광이 비치는 둥근 기포 보호막. ‘버블피쉬 / 기포막’ 전용 소재이며 몬스터 본체는 VFX에 직접 넣지 않음,static / static,none,ICON 原寸 전체,청록 물막이 둥근 거품막으로 닫히고 내부 물방울이 밝아졌다 얇은 막으로 복귀,D:\maplestory_levup\docs\art\area00-images-output\AREA_00_IMAGES_OUTPUT_ORIGINAL.zip,AREA_00_IMAGES_OUTPUT/monsters/002_m_blue_snail_파란_달팽이/ICON/002_m_blue_snail_s_mon_blue_snail_ICON.png,AREA00 실제 승인 원화. 해당 보드의 기준 프레임 + ART_STYLE_STANDARD의 전체 기준. 고유 모양/저레벨 규모를 요구하지 않음,물방울·가면·잉크 안개·상어의 물/금속·피아누스 광선이 각각 곡면광과 얇은 가장자리/부드러운 외곽으로 연결된다. 가면의 평평함은 얇은 물체의 소재 특성이다.,동일 몬스터의 실제 ICON 및 모든 VFX 역할 대조. 색·소재·반사광 관계에서 명백한 이탈 없음,물방울·가면·잉크 안개·상어의 물/금속·피아누스 광선이 각각 곡면광과 얇은 가장자리/부드러운 외곽으로 연결된다. 가면의 평평함은 얇은 물체의 소재 특성이다.,AREA00 기준 + 전체 Area의 동일 역할 보드 대조; 다수결 기준 사용 안 함. 추가 소재 비교는 CROSS_AREA_MATERIAL_BOARD_INDEX.csv,팔레트·재질·형상·레벨/보스 규모·밀도·역할별 프레임/시간 차이 허용,해당 없음,물고기 비늘광이 비치는 둥근 기포 보호막. ‘버블피쉬 / 기포막’ 전용 소재이며 몬스터 본체는 VFX에 직접 넣지 않음 | none,원화 유지,NO,NO,D:\maplestory_levup\docs\art\output_audit\runs\20260912_162508_msw_origin_art_review\CROSS_AREA_STYLE_BOARD\area_10_ICON_NATIVE.png,,"PNG 원본을 동일 RGB(32,38,48) 배경에 1:1 합성. 확대는 동일 128px 영역 2배 NEAREST. 큰 보드의 도구 축소 표시 가능; 이탈 상세는 1600px 보드에서 추가 대조",전 프레임 순서상 형성/변화/해체/잔상 대조. 실시간 재생의 체감 리듬 및 엔진 합성은 미검증,NOT_CHECKED: 게임 내 최종 배율/카메라/필터/배경에서의 선명도 미검증. 명세 배율만으로 런타임 표시를 보았다고 하지 않음,NO_OBVIOUS_ISSUE,기존 파일검사 재사용,TARGET_OUTPUT
area_10,m_bubble_fish,버블피쉬,s_mon_bubble_fish,기포막,REFERENCE_VFX,CONSISTENT_WITH_REFERENCE,D:\maplestory_levup\docs\art\output_repacked\20260912_153221_v24_repack\AREA_10_IMAGES_OUTPUT.zip,AREA_10_IMAGES_OUTPUT/REFERENCE/001_m_bubble_fish_s_mon_bubble_fish_REFERENCE_F00.png|AREA_10_IMAGES_OUTPUT/REFERENCE/001_m_bubble_fish_s_mon_bubble_fish_REFERENCE_F01.png|AREA_10_IMAGES_OUTPUT/REFERENCE/001_m_bubble_fish_s_mon_bubble_fish_REFERENCE_F02.png|AREA_10_IMAGES_OUTPUT/REFERENCE/001_m_bubble_fish_s_mon_bubble_fish_REFERENCE_F03.png|AREA_10_IMAGES_OUTPUT/REFERENCE/001_m_bubble_fish_s_mon_bubble_fish_REFERENCE_F04.png|AREA_10_IMAGES_OUTPUT/REFERENCE/001_m_bubble_fish_s_mon_bubble_fish_REFERENCE_F05.png,"{""AREA_10_IMAGES_OUTPUT/REFERENCE/001_m_bubble_fish_s_mon_bubble_fish_REFERENCE_F00.png"": ""5efa647a6547895b5d5ad286ca2c540f61257b0ee5bc5f1d835323e80b8d1810"", ""AREA_10_IMAGES_OUTPUT/REFERENCE/001_m_bubble_fish_s_mon_bubble_fish_REFERENCE_F01.png"": ""f0897f56ac7150e4bf924593d0d41779fc978ad59dad35db215e9c468aea2792"", ""AREA_10_IMAGES_OUTPUT/REFERENCE/001_m_bubble_fish_s_mon_bubble_fish_REFERENCE_F02.png"": ""3b781f60890c4b3f73816ce2afc9dd59229eb307c6e8c5d511e4251da4b9c86c"", ""AREA_10_IMAGES_OUTPUT/REFERENCE/001_m_bubble_fish_s_mon_bubble_fish_REFERENCE_F03.png"": ""edbd5b346a1d0a958c3cb3c0fea3d21ad7a56d6dc68e96a8a398a533d25ab7fc"", ""AREA_10_IMAGES_OUTPUT/REFERENCE/001_m_bubble_fish_s_mon_bubble_fish_REFERENCE_F04.png"": ""2fbee6a59dbd90c8863e343eefd7a04b446b91985a38ec3835fd38c3dc1d12f0"", ""AREA_10_IMAGES_OUTPUT/REFERENCE/001_m_bubble_fish_s_mon_bubble_fish_REFERENCE_F05.png"": ""4229a8751c9ee93138d105f6667c5b80fa941c572a829149f24e057dee623c4a""}",D:\maplestory_levup\docs\art\images-input-packages-v2_4\AREA_10_IMAGES_INPUT_V2_4.zip,V2.4,AREA_10_IMAGES_INPUT_V2_4/monsters/001_m_bubble_fish_버블피쉬/GENERATION_SPEC.md,물고기 비늘광이 비치는 둥근 기포 보호막. ‘버블피쉬 / 기포막’ 전용 소재이며 몬스터 본체는 VFX에 직접 넣지 않음,0.10 / preview-only non-loop,preview only; no engine motion/FlipX contract,F00–F05 전체를 순서대로 직접 대조,청록 물막이 둥근 거품막으로 닫히고 내부 물방울이 밝아졌다 얇은 막으로 복귀,D:\maplestory_levup\docs\art\area00-images-output\AREA_00_IMAGES_OUTPUT_ORIGINAL.zip,AREA_00_IMAGES_OUTPUT/monsters/002_m_blue_snail_파란_달팽이/VFX/002_m_blue_snail_s_mon_blue_snail_F04.png,AREA00 실제 승인 원화. 해당 보드의 기준 프레임 + ART_STYLE_STANDARD의 전체 기준. 고유 모양/저레벨 규모를 요구하지 않음,물방울·가면·잉크 안개·상어의 물/금속·피아누스 광선이 각각 곡면광과 얇은 가장자리/부드러운 외곽으로 연결된다. 가면의 평평함은 얇은 물체의 소재 특성이다.,동일 몬스터의 실제 ICON 및 모든 VFX 역할 대조. 색·소재·반사광 관계에서 명백한 이탈 없음,물방울·가면·잉크 안개·상어의 물/금속·피아누스 광선이 각각 곡면광과 얇은 가장자리/부드러운 외곽으로 연결된다. 가면의 평평함은 얇은 물체의 소재 특성이다.,AREA00 기준 + 전체 Area의 동일 역할 보드 대조; 다수결 기준 사용 안 함. 추가 소재 비교는 CROSS_AREA_MATERIAL_BOARD_INDEX.csv,팔레트·재질·형상·레벨/보스 규모·밀도·역할별 프레임/시간 차이 허용,해당 없음,물고기 비늘광이 비치는 둥근 기포 보호막. ‘버블피쉬 / 기포막’ 전용 소재이며 몬스터 본체는 VFX에 직접 넣지 않음 | preview only; no engine motion/FlipX contract,원화 유지,NO,NO,D:\maplestory_levup\docs\art\output_audit\runs\20260912_162508_msw_origin_art_review\CROSS_AREA_STYLE_BOARD\area_10_m_bubble_fish_REFERENCE_VFX_NATIVE.png,,"PNG 원본을 동일 RGB(32,38,48) 배경에 1:1 합성. 확대는 동일 128px 영역 2배 NEAREST. 큰 보드의 도구 축소 표시 가능; 이탈 상세는 1600px 보드에서 추가 대조",전 프레임 순서상 형성/변화/해체/잔상 대조. 실시간 재생의 체감 리듬 및 엔진 합성은 미검증,NOT_CHECKED: 게임 내 최종 배율/카메라/필터/배경에서의 선명도 미검증. 명세 배율만으로 런타임 표시를 보았다고 하지 않음,NO_OBVIOUS_ISSUE,기존 파일검사 재사용,TARGET_OUTPUT
area_10,m_mask_fish,마스크피쉬,s_mon_mask_fish,가면 아래의 감각,ICON,CONSISTENT_WITH_REFERENCE,D:\maplestory_levup\docs\art\output_repacked\20260912_153221_v24_repack\AREA_10_IMAGES_OUTPUT.zip,AREA_10_IMAGES_OUTPUT/ICON/002_m_mask_fish_s_mon_mask_fish_ICON.png,"{""AREA_10_IMAGES_OUTPUT/ICON/002_m_mask_fish_s_mon_mask_fish_ICON.png"": ""66650b73b9443a66b1fead6ce3f59b9ba33782677c809819b42aa807326b6a45""}",D:\maplestory_levup\docs\art\images-input-packages-v2_4\AREA_10_IMAGES_INPUT_V2_4.zip,V2.4,AREA_10_IMAGES_INPUT_V2_4/monsters/002_m_mask_fish_마스크피쉬/GENERATION_SPEC.md,가면 눈구멍 모양의 감지광과 동심 수중 파문. ‘마스크피쉬 / 가면 아래의 감각’ 전용 소재이며 몬스터 본체는 VFX에 직접 넣지 않음,static / static,none,ICON 原寸 전체,푸른 가면 눈매와 수면 파문이 나타났다 감지점만 남기고 투명하게 사라짐,D:\maplestory_levup\docs\art\area00-images-output\AREA_00_IMAGES_OUTPUT_ORIGINAL.zip,AREA_00_IMAGES_OUTPUT/monsters/002_m_blue_snail_파란_달팽이/ICON/002_m_blue_snail_s_mon_blue_snail_ICON.png,AREA00 실제 승인 원화. 해당 보드의 기준 프레임 + ART_STYLE_STANDARD의 전체 기준. 고유 모양/저레벨 규모를 요구하지 않음,물방울·가면·잉크 안개·상어의 물/금속·피아누스 광선이 각각 곡면광과 얇은 가장자리/부드러운 외곽으로 연결된다. 가면의 평평함은 얇은 물체의 소재 특성이다.,동일 몬스터의 실제 ICON 및 모든 VFX 역할 대조. 색·소재·반사광 관계에서 명백한 이탈 없음,물방울·가면·잉크 안개·상어의 물/금속·피아누스 광선이 각각 곡면광과 얇은 가장자리/부드러운 외곽으로 연결된다. 가면의 평평함은 얇은 물체의 소재 특성이다.,AREA00 기준 + 전체 Area의 동일 역할 보드 대조; 다수결 기준 사용 안 함. 추가 소재 비교는 CROSS_AREA_MATERIAL_BOARD_INDEX.csv,팔레트·재질·형상·레벨/보스 규모·밀도·역할별 프레임/시간 차이 허용,해당 없음,가면 눈구멍 모양의 감지광과 동심 수중 파문. ‘마스크피쉬 / 가면 아래의 감각’ 전용 소재이며 몬스터 본체는 VFX에 직접 넣지 않음 | none,원화 유지,NO,NO,D:\maplestory_levup\docs\art\output_audit\runs\20260912_162508_msw_origin_art_review\CROSS_AREA_STYLE_BOARD\area_10_ICON_NATIVE.png,,"PNG 원본을 동일 RGB(32,38,48) 배경에 1:1 합성. 확대는 동일 128px 영역 2배 NEAREST. 큰 보드의 도구 축소 표시 가능; 이탈 상세는 1600px 보드에서 추가 대조",전 프레임 순서상 형성/변화/해체/잔상 대조. 실시간 재생의 체감 리듬 및 엔진 합성은 미검증,NOT_CHECKED: 게임 내 최종 배율/카메라/필터/배경에서의 선명도 미검증. 명세 배율만으로 런타임 표시를 보았다고 하지 않음,NO_OBVIOUS_ISSUE,기존 파일검사 재사용,TARGET_OUTPUT
area_10,m_mask_fish,마스크피쉬,s_mon_mask_fish,가면 아래의 감각,REFERENCE_VFX,CONSISTENT_WITH_REFERENCE,D:\maplestory_levup\docs\art\output_repacked\20260912_153221_v24_repack\AREA_10_IMAGES_OUTPUT.zip,AREA_10_IMAGES_OUTPUT/REFERENCE/002_m_mask_fish_s_mon_mask_fish_REFERENCE_F00.png|AREA_10_IMAGES_OUTPUT/REFERENCE/002_m_mask_fish_s_mon_mask_fish_REFERENCE_F01.png|AREA_10_IMAGES_OUTPUT/REFERENCE/002_m_mask_fish_s_mon_mask_fish_REFERENCE_F02.png|AREA_10_IMAGES_OUTPUT/REFERENCE/002_m_mask_fish_s_mon_mask_fish_REFERENCE_F03.png|AREA_10_IMAGES_OUTPUT/REFERENCE/002_m_mask_fish_s_mon_mask_fish_REFERENCE_F04.png|AREA_10_IMAGES_OUTPUT/REFERENCE/002_m_mask_fish_s_mon_mask_fish_REFERENCE_F05.png,"{""AREA_10_IMAGES_OUTPUT/REFERENCE/002_m_mask_fish_s_mon_mask_fish_REFERENCE_F00.png"": ""518118f70295022332ce411a96e239e99b373fcc4dc97db6024d853e188b8082"", ""AREA_10_IMAGES_OUTPUT/REFERENCE/002_m_mask_fish_s_mon_mask_fish_REFERENCE_F01.png"": ""c8d06d03cf10b88da16419418b35b6fd4a55f715a652a0b99514b79f24d0ae01"", ""AREA_10_IMAGES_OUTPUT/REFERENCE/002_m_mask_fish_s_mon_mask_fish_REFERENCE_F02.png"": ""1387d1e6cddd4fd79f8b28d864bb4617df18043aafa0f9d19c88127899e45fa6"", ""AREA_10_IMAGES_OUTPUT/REFERENCE/002_m_mask_fish_s_mon_mask_fish_REFERENCE_F03.png"": ""a10360a361492ef0c933aaddc1f21efd747db3620da9c0e3d6e4dc0a17c3bcb8"", ""AREA_10_IMAGES_OUTPUT/REFERENCE/002_m_mask_fish_s_mon_mask_fish_REFERENCE_F04.png"": ""a1ac70f9554a8407c3ebb2467f1445e94da3c708d83fb58bc0f7725087ceef0d"", ""AREA_10_IMAGES_OUTPUT/REFERENCE/002_m_mask_fish_s_mon_mask_fish_REFERENCE_F05.png"": ""0518bac89d68460ae588889386f5752037bacdbb82fe09284c09071449dfecd1""}",D:\maplestory_levup\docs\art\images-input-packages-v2_4\AREA_10_IMAGES_INPUT_V2_4.zip,V2.4,AREA_10_IMAGES_INPUT_V2_4/monsters/002_m_mask_fish_마스크피쉬/GENERATION_SPEC.md,가면 눈구멍 모양의 감지광과 동심 수중 파문. ‘마스크피쉬 / 가면 아래의 감각’ 전용 소재이며 몬스터 본체는 VFX에 직접 넣지 않음,0.10 / preview-only non-loop,preview only; no engine motion/FlipX contract,F00–F05 전체를 순서대로 직접 대조,푸른 가면 눈매와 수면 파문이 나타났다 감지점만 남기고 투명하게 사라짐,D:\maplestory_levup\docs\art\area00-images-output\AREA_00_IMAGES_OUTPUT_ORIGINAL.zip,AREA_00_IMAGES_OUTPUT/monsters/002_m_blue_snail_파란_달팽이/VFX/002_m_blue_snail_s_mon_blue_snail_F04.png,AREA00 실제 승인 원화. 해당 보드의 기준 프레임 + ART_STYLE_STANDARD의 전체 기준. 고유 모양/저레벨 규모를 요구하지 않음,물방울·가면·잉크 안개·상어의 물/금속·피아누스 광선이 각각 곡면광과 얇은 가장자리/부드러운 외곽으로 연결된다. 가면의 평평함은 얇은 물체의 소재 특성이다.,동일 몬스터의 실제 ICON 및 모든 VFX 역할 대조. 색·소재·반사광 관계에서 명백한 이탈 없음,물방울·가면·잉크 안개·상어의 물/금속·피아누스 광선이 각각 곡면광과 얇은 가장자리/부드러운 외곽으로 연결된다. 가면의 평평함은 얇은 물체의 소재 특성이다.,AREA00 기준 + 전체 Area의 동일 역할 보드 대조; 다수결 기준 사용 안 함. 추가 소재 비교는 CROSS_AREA_MATERIAL_BOARD_INDEX.csv,팔레트·재질·형상·레벨/보스 규모·밀도·역할별 프레임/시간 차이 허용,해당 없음,가면 눈구멍 모양의 감지광과 동심 수중 파문. ‘마스크피쉬 / 가면 아래의 감각’ 전용 소재이며 몬스터 본체는 VFX에 직접 넣지 않음 | preview only; no engine motion/FlipX contract,원화 유지,NO,NO,D:\maplestory_levup\docs\art\output_audit\runs\20260912_162508_msw_origin_art_review\CROSS_AREA_STYLE_BOARD\area_10_m_mask_fish_REFERENCE_VFX_NATIVE.png,,"PNG 원본을 동일 RGB(32,38,48) 배경에 1:1 합성. 확대는 동일 128px 영역 2배 NEAREST. 큰 보드의 도구 축소 표시 가능; 이탈 상세는 1600px 보드에서 추가 대조",전 프레임 순서상 형성/변화/해체/잔상 대조. 실시간 재생의 체감 리듬 및 엔진 합성은 미검증,NOT_CHECKED: 게임 내 최종 배율/카메라/필터/배경에서의 선명도 미검증. 명세 배율만으로 런타임 표시를 보았다고 하지 않음,NO_OBVIOUS_ISSUE,기존 파일검사 재사용,TARGET_OUTPUT
area_10,m_squid,스퀴드,s_mon_squid,심해 먹물 폭발,ICON,CONSISTENT_WITH_REFERENCE,D:\maplestory_levup\docs\art\output_repacked\20260912_153221_v24_repack\AREA_10_IMAGES_OUTPUT.zip,AREA_10_IMAGES_OUTPUT/ICON/003_m_squid_s_mon_squid_ICON.png,"{""AREA_10_IMAGES_OUTPUT/ICON/003_m_squid_s_mon_squid_ICON.png"": ""888ebc48e4f491752106fe62ad895343790d45d7f56e4c509723e4197f9b0cbb""}",D:\maplestory_levup\docs\art\images-input-packages-v2_4\AREA_10_IMAGES_INPUT_V2_4.zip,V2.4,AREA_10_IMAGES_INPUT_V2_4/monsters/003_m_squid_스퀴드/GENERATION_SPEC.md,농도 높은 먹물핵이 물속에서 둥글게 폭발하는 검은 구름. ‘스퀴드 / 심해 먹물 폭발’ 전용 소재이며 몬스터 본체는 VFX에 직접 넣지 않음,static / static,none,ICON 原寸 전체,검남색 먹물 구름이 여러 방울로 부풀어 중앙을 덮고 회색 먹방울로 분산,D:\maplestory_levup\docs\art\area00-images-output\AREA_00_IMAGES_OUTPUT_ORIGINAL.zip,AREA_00_IMAGES_OUTPUT/monsters/002_m_blue_snail_파란_달팽이/ICON/002_m_blue_snail_s_mon_blue_snail_ICON.png,AREA00 실제 승인 원화. 해당 보드의 기준 프레임 + ART_STYLE_STANDARD의 전체 기준. 고유 모양/저레벨 규모를 요구하지 않음,물방울·가면·잉크 안개·상어의 물/금속·피아누스 광선이 각각 곡면광과 얇은 가장자리/부드러운 외곽으로 연결된다. 가면의 평평함은 얇은 물체의 소재 특성이다.,동일 몬스터의 실제 ICON 및 모든 VFX 역할 대조. 색·소재·반사광 관계에서 명백한 이탈 없음,물방울·가면·잉크 안개·상어의 물/금속·피아누스 광선이 각각 곡면광과 얇은 가장자리/부드러운 외곽으로 연결된다. 가면의 평평함은 얇은 물체의 소재 특성이다.,AREA00 기준 + 전체 Area의 동일 역할 보드 대조; 다수결 기준 사용 안 함. 추가 소재 비교는 CROSS_AREA_MATERIAL_BOARD_INDEX.csv,팔레트·재질·형상·레벨/보스 규모·밀도·역할별 프레임/시간 차이 허용,해당 없음,농도 높은 먹물핵이 물속에서 둥글게 폭발하는 검은 구름. ‘스퀴드 / 심해 먹물 폭발’ 전용 소재이며 몬스터 본체는 VFX에 직접 넣지 않음 | none,원화 유지,NO,NO,D:\maplestory_levup\docs\art\output_audit\runs\20260912_162508_msw_origin_art_review\CROSS_AREA_STYLE_BOARD\area_10_ICON_NATIVE.png,,"PNG 원본을 동일 RGB(32,38,48) 배경에 1:1 합성. 확대는 동일 128px 영역 2배 NEAREST. 큰 보드의 도구 축소 표시 가능; 이탈 상세는 1600px 보드에서 추가 대조",전 프레임 순서상 형성/변화/해체/잔상 대조. 실시간 재생의 체감 리듬 및 엔진 합성은 미검증,NOT_CHECKED: 게임 내 최종 배율/카메라/필터/배경에서의 선명도 미검증. 명세 배율만으로 런타임 표시를 보았다고 하지 않음,NO_OBVIOUS_ISSUE,기존 파일검사 재사용,TARGET_OUTPUT
area_10,m_squid,스퀴드,s_mon_squid,심해 먹물 폭발,CAST_VFX,CONSISTENT_WITH_REFERENCE,D:\maplestory_levup\docs\art\output_repacked\20260912_153221_v24_repack\AREA_10_IMAGES_OUTPUT.zip,AREA_10_IMAGES_OUTPUT/CAST/003_m_squid_s_mon_squid_CAST_F00.png|AREA_10_IMAGES_OUTPUT/CAST/003_m_squid_s_mon_squid_CAST_F01.png|AREA_10_IMAGES_OUTPUT/CAST/003_m_squid_s_mon_squid_CAST_F02.png|AREA_10_IMAGES_OUTPUT/CAST/003_m_squid_s_mon_squid_CAST_F03.png|AREA_10_IMAGES_OUTPUT/CAST/003_m_squid_s_mon_squid_CAST_F04.png|AREA_10_IMAGES_OUTPUT/CAST/003_m_squid_s_mon_squid_CAST_F05.png|AREA_10_IMAGES_OUTPUT/CAST/003_m_squid_s_mon_squid_CAST_F06.png|AREA_10_IMAGES_OUTPUT/CAST/003_m_squid_s_mon_squid_CAST_F07.png,"{""AREA_10_IMAGES_OUTPUT/CAST/003_m_squid_s_mon_squid_CAST_F00.png"": ""bfbfd6bce1f6392fc3c473a9471e41939c9502b1163379283d0ef30e692e3beb"", ""AREA_10_IMAGES_OUTPUT/CAST/003_m_squid_s_mon_squid_CAST_F01.png"": ""9308a41569a0609413ac85d31fef4dedbece6a1c2abff317ed11eef6b1ca1132"", ""AREA_10_IMAGES_OUTPUT/CAST/003_m_squid_s_mon_squid_CAST_F02.png"": ""54cf803f6250529d5c7008995b780f4fc844a6b4471458c072b127720482249b"", ""AREA_10_IMAGES_OUTPUT/CAST/003_m_squid_s_mon_squid_CAST_F03.png"": ""6b795ea54dfce07fa6ab53b62a76f76e885165ad550e237e14749e8ef13f262c"", ""AREA_10_IMAGES_OUTPUT/CAST/003_m_squid_s_mon_squid_CAST_F04.png"": ""384b44f6181b18c007e7388b95b359a7725d07d44f35272d564b220831707cb2"", ""AREA_10_IMAGES_OUTPUT/CAST/003_m_squid_s_mon_squid_CAST_F05.png"": ""63dfda46cef82d9e39549cc0fc5db4d17f0e631ef836cff0f871f62aa5e4ca68"", ""AREA_10_IMAGES_OUTPUT/CAST/003_m_squid_s_mon_squid_CAST_F06.png"": ""251dfdb229be361c9f4645cb75f3045f2923f521777f5f8fbc76a738dea77b55"", ""AREA_10_IMAGES_OUTPUT/CAST/003_m_squid_s_mon_squid_CAST_F07.png"": ""cdb4c9a7f79c55686fc5fea43fa1cca4d8cdb8184e5de17defeebd1c0254e644""}",D:\maplestory_levup\docs\art\images-input-packages-v2_4\AREA_10_IMAGES_INPUT_V2_4.zip,V2.4,AREA_10_IMAGES_INPUT_V2_4/monsters/003_m_squid_스퀴드/GENERATION_SPEC.md,농도 높은 먹물핵이 물속에서 둥글게 폭발하는 검은 구름. ‘스퀴드 / 심해 먹물 폭발’ 전용 소재이며 몬스터 본체는 VFX에 직접 넣지 않음,0.10 / non-loop one-shot,SkillEffect applies FlipX for directional attacks; delayed layer samples caster position at SpawnLayer execution; map entity then applies drift,F00–F07 전체를 순서대로 직접 대조,검남색 먹물 구름이 여러 방울로 부풀어 중앙을 덮고 회색 먹방울로 분산,D:\maplestory_levup\docs\art\area00-images-output\AREA_00_IMAGES_OUTPUT_ORIGINAL.zip,AREA_00_IMAGES_OUTPUT/monsters/005_m_slime_슬라임/VFX/005_m_slime_s_mon_slime_F04.png,AREA00 실제 승인 원화. 해당 보드의 기준 프레임 + ART_STYLE_STANDARD의 전체 기준. 고유 모양/저레벨 규모를 요구하지 않음,물방울·가면·잉크 안개·상어의 물/금속·피아누스 광선이 각각 곡면광과 얇은 가장자리/부드러운 외곽으로 연결된다. 가면의 평평함은 얇은 물체의 소재 특성이다.,동일 몬스터의 실제 ICON 및 모든 VFX 역할 대조. 색·소재·반사광 관계에서 명백한 이탈 없음,물방울·가면·잉크 안개·상어의 물/금속·피아누스 광선이 각각 곡면광과 얇은 가장자리/부드러운 외곽으로 연결된다. 가면의 평평함은 얇은 물체의 소재 특성이다.,AREA00 기준 + 전체 Area의 동일 역할 보드 대조; 다수결 기준 사용 안 함. 추가 소재 비교는 CROSS_AREA_MATERIAL_BOARD_INDEX.csv,팔레트·재질·형상·레벨/보스 규모·밀도·역할별 프레임/시간 차이 허용,해당 없음,농도 높은 먹물핵이 물속에서 둥글게 폭발하는 검은 구름. ‘스퀴드 / 심해 먹물 폭발’ 전용 소재이며 몬스터 본체는 VFX에 직접 넣지 않음 | SkillEffect applies FlipX for directional attacks; delayed layer samples caster position at SpawnLayer execution; map entity then applies drift,원화 유지,NO,NO,D:\maplestory_levup\docs\art\output_audit\runs\20260912_162508_msw_origin_art_review\CROSS_AREA_STYLE_BOARD\area_10_m_squid_CAST_VFX_NATIVE.png,,"PNG 원본을 동일 RGB(32,38,48) 배경에 1:1 합성. 확대는 동일 128px 영역 2배 NEAREST. 큰 보드의 도구 축소 표시 가능; 이탈 상세는 1600px 보드에서 추가 대조",전 프레임 순서상 형성/변화/해체/잔상 대조. 실시간 재생의 체감 리듬 및 엔진 합성은 미검증,NOT_CHECKED: 게임 내 최종 배율/카메라/필터/배경에서의 선명도 미검증. 명세 배율만으로 런타임 표시를 보았다고 하지 않음,NO_OBVIOUS_ISSUE,기존 파일검사 재사용,TARGET_OUTPUT
area_10,m_shark,샤크,s_mon_shark,포식자의 수류탄,ICON,CONSISTENT_WITH_REFERENCE,D:\maplestory_levup\docs\art\output_repacked\20260912_153221_v24_repack\AREA_10_IMAGES_OUTPUT.zip,AREA_10_IMAGES_OUTPUT/ICON/004_m_shark_s_mon_shark_ICON.png,"{""AREA_10_IMAGES_OUTPUT/ICON/004_m_shark_s_mon_shark_ICON.png"": ""6ab8fde323c8de91701fd2c19ee8f8732663d0efa02db6e678fde4398ecd81bf""}",D:\maplestory_levup\docs\art\images-input-packages-v2_4\AREA_10_IMAGES_INPUT_V2_4.zip,V2.4,AREA_10_IMAGES_INPUT_V2_4/monsters/004_m_shark_샤크/GENERATION_SPEC.md,이빨 톱니가 둘린 압축 수류탄과 기포 꼬리. ‘샤크 / 포식자의 수류탄’ 전용 소재이며 몬스터 본체는 VFX에 직접 넣지 않음,static / static,none,ICON 原寸 전체,"물회오리가 이빨 달린 푸른 수류탄을 형성해 튀기며, 투사체는 물방울 광택만 변화",D:\maplestory_levup\docs\art\area00-images-output\AREA_00_IMAGES_OUTPUT_ORIGINAL.zip,AREA_00_IMAGES_OUTPUT/monsters/002_m_blue_snail_파란_달팽이/ICON/002_m_blue_snail_s_mon_blue_snail_ICON.png,AREA00 실제 승인 원화. 해당 보드의 기준 프레임 + ART_STYLE_STANDARD의 전체 기준. 고유 모양/저레벨 규모를 요구하지 않음,물방울·가면·잉크 안개·상어의 물/금속·피아누스 광선이 각각 곡면광과 얇은 가장자리/부드러운 외곽으로 연결된다. 가면의 평평함은 얇은 물체의 소재 특성이다.,동일 몬스터의 실제 ICON 및 모든 VFX 역할 대조. 색·소재·반사광 관계에서 명백한 이탈 없음,물방울·가면·잉크 안개·상어의 물/금속·피아누스 광선이 각각 곡면광과 얇은 가장자리/부드러운 외곽으로 연결된다. 가면의 평평함은 얇은 물체의 소재 특성이다.,AREA00 기준 + 전체 Area의 동일 역할 보드 대조; 다수결 기준 사용 안 함. 추가 소재 비교는 CROSS_AREA_MATERIAL_BOARD_INDEX.csv,팔레트·재질·형상·레벨/보스 규모·밀도·역할별 프레임/시간 차이 허용,해당 없음,이빨 톱니가 둘린 압축 수류탄과 기포 꼬리. ‘샤크 / 포식자의 수류탄’ 전용 소재이며 몬스터 본체는 VFX에 직접 넣지 않음 | none,원화 유지,NO,NO,D:\maplestory_levup\docs\art\output_audit\runs\20260912_162508_msw_origin_art_review\CROSS_AREA_STYLE_BOARD\area_10_ICON_NATIVE.png,,"PNG 원본을 동일 RGB(32,38,48) 배경에 1:1 합성. 확대는 동일 128px 영역 2배 NEAREST. 큰 보드의 도구 축소 표시 가능; 이탈 상세는 1600px 보드에서 추가 대조",전 프레임 순서상 형성/변화/해체/잔상 대조. 실시간 재생의 체감 리듬 및 엔진 합성은 미검증,NOT_CHECKED: 게임 내 최종 배율/카메라/필터/배경에서의 선명도 미검증. 명세 배율만으로 런타임 표시를 보았다고 하지 않음,NO_OBVIOUS_ISSUE,기존 파일검사 재사용,TARGET_OUTPUT
area_10,m_shark,샤크,s_mon_shark,포식자의 수류탄,CAST_VFX,CONSISTENT_WITH_REFERENCE,D:\maplestory_levup\docs\art\output_repacked\20260912_153221_v24_repack\AREA_10_IMAGES_OUTPUT.zip,AREA_10_IMAGES_OUTPUT/CAST/004_m_shark_s_mon_shark_CAST_F00.png|AREA_10_IMAGES_OUTPUT/CAST/004_m_shark_s_mon_shark_CAST_F01.png|AREA_10_IMAGES_OUTPUT/CAST/004_m_shark_s_mon_shark_CAST_F02.png|AREA_10_IMAGES_OUTPUT/CAST/004_m_shark_s_mon_shark_CAST_F03.png|AREA_10_IMAGES_OUTPUT/CAST/004_m_shark_s_mon_shark_CAST_F04.png|AREA_10_IMAGES_OUTPUT/CAST/004_m_shark_s_mon_shark_CAST_F05.png|AREA_10_IMAGES_OUTPUT/CAST/004_m_shark_s_mon_shark_CAST_F06.png|AREA_10_IMAGES_OUTPUT/CAST/004_m_shark_s_mon_shark_CAST_F07.png,"{""AREA_10_IMAGES_OUTPUT/CAST/004_m_shark_s_mon_shark_CAST_F00.png"": ""a0e7695c24c549d2043765a4daaabc145b3ccf9c75467e7c4877ce6b7a07aa0d"", ""AREA_10_IMAGES_OUTPUT/CAST/004_m_shark_s_mon_shark_CAST_F01.png"": ""0ca97ab351d8177eec80724fa54d5e50d9b83b77082f03f893493e8cec2504af"", ""AREA_10_IMAGES_OUTPUT/CAST/004_m_shark_s_mon_shark_CAST_F02.png"": ""49e994c7e787cededc34818fba5f943bd84b101996dc5089343cdbb62e0588f9"", ""AREA_10_IMAGES_OUTPUT/CAST/004_m_shark_s_mon_shark_CAST_F03.png"": ""26f9c3c7b8c447dbfd2036a05937426bd2b43b4365af980d4d9741443dd103f6"", ""AREA_10_IMAGES_OUTPUT/CAST/004_m_shark_s_mon_shark_CAST_F04.png"": ""b6d6703c5d802eee275e5d1751d80623cb239f8fe1f415d1c11386bf1b13e2e5"", ""AREA_10_IMAGES_OUTPUT/CAST/004_m_shark_s_mon_shark_CAST_F05.png"": ""0967e99b77fa5666583b051ed276340fb1d758ffd95de64548d5cb577a4008d3"", ""AREA_10_IMAGES_OUTPUT/CAST/004_m_shark_s_mon_shark_CAST_F06.png"": ""ad120a6308044b31d07e6f5d00a7c64d1ef2a149f9b2bb942f1e0bf82ebc5c36"", ""AREA_10_IMAGES_OUTPUT/CAST/004_m_shark_s_mon_shark_CAST_F07.png"": ""02db566fec779ffd1f9e5561595a533dcecd9bf4c227149da0a9291969ea2ce1""}",D:\maplestory_levup\docs\art\images-input-packages-v2_4\AREA_10_IMAGES_INPUT_V2_4.zip,V2.4,AREA_10_IMAGES_INPUT_V2_4/monsters/004_m_shark_샤크/GENERATION_SPEC.md,이빨 톱니가 둘린 압축 수류탄과 기포 꼬리. ‘샤크 / 포식자의 수류탄’ 전용 소재이며 몬스터 본체는 VFX에 직접 넣지 않음,0.10 / non-loop one-shot,SkillEffect applies FlipX for directional attacks; delayed layer samples caster position at SpawnLayer execution; map entity then applies drift,F00–F07 전체를 순서대로 직접 대조,"물회오리가 이빨 달린 푸른 수류탄을 형성해 튀기며, 투사체는 물방울 광택만 변화",D:\maplestory_levup\docs\art\area00-images-output\AREA_00_IMAGES_OUTPUT_ORIGINAL.zip,AREA_00_IMAGES_OUTPUT/monsters/005_m_slime_슬라임/VFX/005_m_slime_s_mon_slime_F04.png,AREA00 실제 승인 원화. 해당 보드의 기준 프레임 + ART_STYLE_STANDARD의 전체 기준. 고유 모양/저레벨 규모를 요구하지 않음,물방울·가면·잉크 안개·상어의 물/금속·피아누스 광선이 각각 곡면광과 얇은 가장자리/부드러운 외곽으로 연결된다. 가면의 평평함은 얇은 물체의 소재 특성이다.,동일 몬스터의 실제 ICON 및 모든 VFX 역할 대조. 색·소재·반사광 관계에서 명백한 이탈 없음,물방울·가면·잉크 안개·상어의 물/금속·피아누스 광선이 각각 곡면광과 얇은 가장자리/부드러운 외곽으로 연결된다. 가면의 평평함은 얇은 물체의 소재 특성이다.,AREA00 기준 + 전체 Area의 동일 역할 보드 대조; 다수결 기준 사용 안 함. 추가 소재 비교는 CROSS_AREA_MATERIAL_BOARD_INDEX.csv,팔레트·재질·형상·레벨/보스 규모·밀도·역할별 프레임/시간 차이 허용,해당 없음,이빨 톱니가 둘린 압축 수류탄과 기포 꼬리. ‘샤크 / 포식자의 수류탄’ 전용 소재이며 몬스터 본체는 VFX에 직접 넣지 않음 | SkillEffect applies FlipX for directional attacks; delayed layer samples caster position at SpawnLayer execution; map entity then applies drift,원화 유지,NO,NO,D:\maplestory_levup\docs\art\output_audit\runs\20260912_162508_msw_origin_art_review\CROSS_AREA_STYLE_BOARD\area_10_m_shark_CAST_VFX_NATIVE.png,,"PNG 원본을 동일 RGB(32,38,48) 배경에 1:1 합성. 확대는 동일 128px 영역 2배 NEAREST. 큰 보드의 도구 축소 표시 가능; 이탈 상세는 1600px 보드에서 추가 대조",전 프레임 순서상 형성/변화/해체/잔상 대조. 실시간 재생의 체감 리듬 및 엔진 합성은 미검증,NOT_CHECKED: 게임 내 최종 배율/카메라/필터/배경에서의 선명도 미검증. 명세 배율만으로 런타임 표시를 보았다고 하지 않음,NO_OBVIOUS_ISSUE,기존 파일검사 재사용,TARGET_OUTPUT
area_10,m_shark,샤크,s_mon_shark,포식자의 수류탄,PROJECTILE,CONSISTENT_WITH_REFERENCE,D:\maplestory_levup\docs\art\output_repacked\20260912_153221_v24_repack\AREA_10_IMAGES_OUTPUT.zip,AREA_10_IMAGES_OUTPUT/PROJECTILE/004_m_shark_s_mon_shark_PROJECTILE_F00.png|AREA_10_IMAGES_OUTPUT/PROJECTILE/004_m_shark_s_mon_shark_PROJECTILE_F01.png|AREA_10_IMAGES_OUTPUT/PROJECTILE/004_m_shark_s_mon_shark_PROJECTILE_F02.png|AREA_10_IMAGES_OUTPUT/PROJECTILE/004_m_shark_s_mon_shark_PROJECTILE_F03.png,"{""AREA_10_IMAGES_OUTPUT/PROJECTILE/004_m_shark_s_mon_shark_PROJECTILE_F00.png"": ""69c4c9db95f86bac055e61c285bb1043b164c1617d0c958defd28340e7ce8707"", ""AREA_10_IMAGES_OUTPUT/PROJECTILE/004_m_shark_s_mon_shark_PROJECTILE_F01.png"": ""069dff4cc8dcd93ede26994000f2c292197074043ba92049912a84fe11a8497b"", ""AREA_10_IMAGES_OUTPUT/PROJECTILE/004_m_shark_s_mon_shark_PROJECTILE_F02.png"": ""d8200b617d9967fd2dc2c8bc8a2fe97997814e0033c68fa71789c3132948d4e5"", ""AREA_10_IMAGES_OUTPUT/PROJECTILE/004_m_shark_s_mon_shark_PROJECTILE_F03.png"": ""7f15e52e47ec3a712c4b1f88af588ce4a3217967282059882bdc041f2ddc70c6""}",D:\maplestory_levup\docs\art\images-input-packages-v2_4\AREA_10_IMAGES_INPUT_V2_4.zip,V2.4,AREA_10_IMAGES_INPUT_V2_4/monsters/004_m_shark_샤크/GENERATION_SPEC.md,이빨 톱니가 둘린 압축 수류탄과 기포 꼬리. ‘샤크 / 포식자의 수류탄’ 전용 소재이며 몬스터 본체는 VFX에 직접 넣지 않음,0.08 / non-loop complete playback within 0.35s entity lifetime,art direction-neutral/local form only; engine translates caster+h to target+h and applies ZRotation; no PROJECTILE FlipX or travel-direction alignment,F00–F03 전체를 순서대로 직접 대조,"물회오리가 이빨 달린 푸른 수류탄을 형성해 튀기며, 투사체는 물방울 광택만 변화",D:\maplestory_levup\docs\art\area00-images-output\AREA_00_IMAGES_OUTPUT_ORIGINAL.zip,AREA_00_IMAGES_OUTPUT/monsters/005_m_slime_슬라임/VFX/005_m_slime_s_mon_slime_F04.png,AREA00 실제 승인 원화. 해당 보드의 기준 프레임 + ART_STYLE_STANDARD의 전체 기준. 고유 모양/저레벨 규모를 요구하지 않음,물방울·가면·잉크 안개·상어의 물/금속·피아누스 광선이 각각 곡면광과 얇은 가장자리/부드러운 외곽으로 연결된다. 가면의 평평함은 얇은 물체의 소재 특성이다.,동일 몬스터의 실제 ICON 및 모든 VFX 역할 대조. 색·소재·반사광 관계에서 명백한 이탈 없음,물방울·가면·잉크 안개·상어의 물/금속·피아누스 광선이 각각 곡면광과 얇은 가장자리/부드러운 외곽으로 연결된다. 가면의 평평함은 얇은 물체의 소재 특성이다.,AREA00 기준 + 전체 Area의 동일 역할 보드 대조; 다수결 기준 사용 안 함. 추가 소재 비교는 CROSS_AREA_MATERIAL_BOARD_INDEX.csv,팔레트·재질·형상·레벨/보스 규모·밀도·역할별 프레임/시간 차이 허용,해당 없음,이빨 톱니가 둘린 압축 수류탄과 기포 꼬리. ‘샤크 / 포식자의 수류탄’ 전용 소재이며 몬스터 본체는 VFX에 직접 넣지 않음 | art direction-neutral/local form only; engine translates caster+h to target+h and applies ZRotation; no PROJECTILE FlipX or travel-direction alignment,원화 유지,NO,NO,D:\maplestory_levup\docs\art\output_audit\runs\20260912_162508_msw_origin_art_review\CROSS_AREA_STYLE_BOARD\area_10_m_shark_PROJECTILE_NATIVE.png,,"PNG 원본을 동일 RGB(32,38,48) 배경에 1:1 합성. 확대는 동일 128px 영역 2배 NEAREST. 큰 보드의 도구 축소 표시 가능; 이탈 상세는 1600px 보드에서 추가 대조",전 프레임 순서상 형성/변화/해체/잔상 대조. 실시간 재생의 체감 리듬 및 엔진 합성은 미검증,NOT_CHECKED: 게임 내 최종 배율/카메라/필터/배경에서의 선명도 미검증. 명세 배율만으로 런타임 표시를 보았다고 하지 않음,NO_OBVIOUS_ISSUE,기존 파일검사 재사용,TARGET_OUTPUT
area_10,m_pianus,피아누스,s_mon_pianus,심해왕의 광선,ICON,CONSISTENT_WITH_REFERENCE,D:\maplestory_levup\docs\art\output_repacked\20260912_153221_v24_repack\AREA_10_IMAGES_OUTPUT.zip,AREA_10_IMAGES_OUTPUT/ICON/005_m_pianus_s_mon_pianus_ICON.png,"{""AREA_10_IMAGES_OUTPUT/ICON/005_m_pianus_s_mon_pianus_ICON.png"": ""99bc484fbe92828c7c774b2e12099aba72d650f5be7c6f6ef92ff405173f195c""}",D:\maplestory_levup\docs\art\images-input-packages-v2_4\AREA_10_IMAGES_INPUT_V2_4.zip,V2.4,AREA_10_IMAGES_INPUT_V2_4/monsters/005_m_pianus_피아누스/GENERATION_SPEC.md,심해 왕관형 발광기관에서 뻗는 굵은 수평 광선. ‘피아누스 / 심해왕의 광선’ 전용 소재이며 몬스터 본체는 VFX에 직접 넣지 않음,static / static,none,ICON 原寸 전체,청록 심해 광선핵이 수면 왕관처럼 솟아 가로 집중광 절정을 만들고 물방울로 감소,D:\maplestory_levup\docs\art\area00-images-output\AREA_00_IMAGES_OUTPUT_ORIGINAL.zip,AREA_00_IMAGES_OUTPUT/monsters/002_m_blue_snail_파란_달팽이/ICON/002_m_blue_snail_s_mon_blue_snail_ICON.png,AREA00 실제 승인 원화. 해당 보드의 기준 프레임 + ART_STYLE_STANDARD의 전체 기준. 고유 모양/저레벨 규모를 요구하지 않음,물방울·가면·잉크 안개·상어의 물/금속·피아누스 광선이 각각 곡면광과 얇은 가장자리/부드러운 외곽으로 연결된다. 가면의 평평함은 얇은 물체의 소재 특성이다.,동일 몬스터의 실제 ICON 및 모든 VFX 역할 대조. 색·소재·반사광 관계에서 명백한 이탈 없음,물방울·가면·잉크 안개·상어의 물/금속·피아누스 광선이 각각 곡면광과 얇은 가장자리/부드러운 외곽으로 연결된다. 가면의 평평함은 얇은 물체의 소재 특성이다.,AREA00 기준 + 전체 Area의 동일 역할 보드 대조; 다수결 기준 사용 안 함. 추가 소재 비교는 CROSS_AREA_MATERIAL_BOARD_INDEX.csv,팔레트·재질·형상·레벨/보스 규모·밀도·역할별 프레임/시간 차이 허용,해당 없음,심해 왕관형 발광기관에서 뻗는 굵은 수평 광선. ‘피아누스 / 심해왕의 광선’ 전용 소재이며 몬스터 본체는 VFX에 직접 넣지 않음 | none,원화 유지,NO,NO,D:\maplestory_levup\docs\art\output_audit\runs\20260912_162508_msw_origin_art_review\CROSS_AREA_STYLE_BOARD\area_10_ICON_NATIVE.png,,"PNG 원본을 동일 RGB(32,38,48) 배경에 1:1 합성. 확대는 동일 128px 영역 2배 NEAREST. 큰 보드의 도구 축소 표시 가능; 이탈 상세는 1600px 보드에서 추가 대조",전 프레임 순서상 형성/변화/해체/잔상 대조. 실시간 재생의 체감 리듬 및 엔진 합성은 미검증,NOT_CHECKED: 게임 내 최종 배율/카메라/필터/배경에서의 선명도 미검증. 명세 배율만으로 런타임 표시를 보았다고 하지 않음,NO_OBVIOUS_ISSUE,기존 파일검사 재사용,TARGET_OUTPUT
area_10,m_pianus,피아누스,s_mon_pianus,심해왕의 광선,CAST_VFX,CONSISTENT_WITH_REFERENCE,D:\maplestory_levup\docs\art\output_repacked\20260912_153221_v24_repack\AREA_10_IMAGES_OUTPUT.zip,AREA_10_IMAGES_OUTPUT/CAST/005_m_pianus_s_mon_pianus_CAST_F00.png|AREA_10_IMAGES_OUTPUT/CAST/005_m_pianus_s_mon_pianus_CAST_F01.png|AREA_10_IMAGES_OUTPUT/CAST/005_m_pianus_s_mon_pianus_CAST_F02.png|AREA_10_IMAGES_OUTPUT/CAST/005_m_pianus_s_mon_pianus_CAST_F03.png|AREA_10_IMAGES_OUTPUT/CAST/005_m_pianus_s_mon_pianus_CAST_F04.png|AREA_10_IMAGES_OUTPUT/CAST/005_m_pianus_s_mon_pianus_CAST_F05.png|AREA_10_IMAGES_OUTPUT/CAST/005_m_pianus_s_mon_pianus_CAST_F06.png|AREA_10_IMAGES_OUTPUT/CAST/005_m_pianus_s_mon_pianus_CAST_F07.png|AREA_10_IMAGES_OUTPUT/CAST/005_m_pianus_s_mon_pianus_CAST_F08.png|AREA_10_IMAGES_OUTPUT/CAST/005_m_pianus_s_mon_pianus_CAST_F09.png|AREA_10_IMAGES_OUTPUT/CAST/005_m_pianus_s_mon_pianus_CAST_F10.png|AREA_10_IMAGES_OUTPUT/CAST/005_m_pianus_s_mon_pianus_CAST_F11.png,"{""AREA_10_IMAGES_OUTPUT/CAST/005_m_pianus_s_mon_pianus_CAST_F00.png"": ""2476c771728d2328ec0ffbfa00d9c1936fa8a122a494f145d8f3efc6dbf74095"", ""AREA_10_IMAGES_OUTPUT/CAST/005_m_pianus_s_mon_pianus_CAST_F01.png"": ""ec252be194664aa7ee4971d3562723a6c9910221a32b45f3831580277bdc7021"", ""AREA_10_IMAGES_OUTPUT/CAST/005_m_pianus_s_mon_pianus_CAST_F02.png"": ""7bb73ffc2212a7383fd6f27bbfc4e974edad76773e967b016170342733ab9321"", ""AREA_10_IMAGES_OUTPUT/CAST/005_m_pianus_s_mon_pianus_CAST_F03.png"": ""c4641ce62a5c392daae54a93ed14c4eca7a952fa1cb9603ef7a6b34a2c240e45"", ""AREA_10_IMAGES_OUTPUT/CAST/005_m_pianus_s_mon_pianus_CAST_F04.png"": ""34abae9bbfeeed31890d59f80f9bac1799e729bfa043515bafc9454db3c9eb99"", ""AREA_10_IMAGES_OUTPUT/CAST/005_m_pianus_s_mon_pianus_CAST_F05.png"": ""c70fee7f2c73f1cca2301a8b45aa2054de22214d681bf6176ef739a53ffd304d"", ""AREA_10_IMAGES_OUTPUT/CAST/005_m_pianus_s_mon_pianus_CAST_F06.png"": ""203f6c702f5c7951abe033707ec97fbaadee737b2c638157e864bcdea2537fb5"", ""AREA_10_IMAGES_OUTPUT/CAST/005_m_pianus_s_mon_pianus_CAST_F07.png"": ""72023eafcf41eb14e9cc08632abe1893e7d1781d37fe3c0fbdda076e2392b6c8"", ""AREA_10_IMAGES_OUTPUT/CAST/005_m_pianus_s_mon_pianus_CAST_F08.png"": ""f8d3b9db33269fb01c6151125b6f4bef7a98f3b8e4f43076b8224b01d1dc2f00"", ""AREA_10_IMAGES_OUTPUT/CAST/005_m_pianus_s_mon_pianus_CAST_F09.png"": ""908a1f0c985ca643980d0e8314670b0aa807bd3fff1d0fef311fd74273315903"", ""AREA_10_IMAGES_OUTPUT/CAST/005_m_pianus_s_mon_pianus_CAST_F10.png"": ""17419649151179432f38b92d4bee4671909f4b841399dc6df917934839d60218"", ""AREA_10_IMAGES_OUTPUT/CAST/005_m_pianus_s_mon_pianus_CAST_F11.png"": ""a0034577132977465f65e68d63d2b39d7644bb4291070d51c91e2d2668383977""}",D:\maplestory_levup\docs\art\images-input-packages-v2_4\AREA_10_IMAGES_INPUT_V2_4.zip,V2.4,AREA_10_IMAGES_INPUT_V2_4/monsters/005_m_pianus_피아누스/GENERATION_SPEC.md,심해 왕관형 발광기관에서 뻗는 굵은 수평 광선. ‘피아누스 / 심해왕의 광선’ 전용 소재이며 몬스터 본체는 VFX에 직접 넣지 않음,0.08 / non-loop one-shot,SkillEffect applies FlipX for directional attacks; delayed layer samples caster position at SpawnLayer execution; map entity then applies drift,F00–F11 전체를 순서대로 직접 대조,청록 심해 광선핵이 수면 왕관처럼 솟아 가로 집중광 절정을 만들고 물방울로 감소,D:\maplestory_levup\docs\art\area00-images-output\AREA_00_IMAGES_OUTPUT_ORIGINAL.zip,AREA_00_IMAGES_OUTPUT/monsters/004_m_mano_마노/VFX/004_m_mano_s_mon_mano_F06.png,AREA00 실제 승인 원화. 해당 보드의 기준 프레임 + ART_STYLE_STANDARD의 전체 기준. 고유 모양/저레벨 규모를 요구하지 않음,물방울·가면·잉크 안개·상어의 물/금속·피아누스 광선이 각각 곡면광과 얇은 가장자리/부드러운 외곽으로 연결된다. 가면의 평평함은 얇은 물체의 소재 특성이다.,동일 몬스터의 실제 ICON 및 모든 VFX 역할 대조. 색·소재·반사광 관계에서 명백한 이탈 없음,물방울·가면·잉크 안개·상어의 물/금속·피아누스 광선이 각각 곡면광과 얇은 가장자리/부드러운 외곽으로 연결된다. 가면의 평평함은 얇은 물체의 소재 특성이다.,AREA00 기준 + 전체 Area의 동일 역할 보드 대조; 다수결 기준 사용 안 함. 추가 소재 비교는 CROSS_AREA_MATERIAL_BOARD_INDEX.csv,팔레트·재질·형상·레벨/보스 규모·밀도·역할별 프레임/시간 차이 허용,해당 없음,심해 왕관형 발광기관에서 뻗는 굵은 수평 광선. ‘피아누스 / 심해왕의 광선’ 전용 소재이며 몬스터 본체는 VFX에 직접 넣지 않음 | SkillEffect applies FlipX for directional attacks; delayed layer samples caster position at SpawnLayer execution; map entity then applies drift,원화 유지,NO,NO,D:\maplestory_levup\docs\art\output_audit\runs\20260912_162508_msw_origin_art_review\CROSS_AREA_STYLE_BOARD\area_10_m_pianus_CAST_VFX_NATIVE.png,,"PNG 원본을 동일 RGB(32,38,48) 배경에 1:1 합성. 확대는 동일 128px 영역 2배 NEAREST. 큰 보드의 도구 축소 표시 가능; 이탈 상세는 1600px 보드에서 추가 대조",전 프레임 순서상 형성/변화/해체/잔상 대조. 실시간 재생의 체감 리듬 및 엔진 합성은 미검증,NOT_CHECKED: 게임 내 최종 배율/카메라/필터/배경에서의 선명도 미검증. 명세 배율만으로 런타임 표시를 보았다고 하지 않음,NO_OBVIOUS_ISSUE,기존 파일검사 재사용,TARGET_OUTPUT
area_11,m_ratz,라츠,s_mon_ratz,태엽쥐의 민첩,ICON,CONSISTENT_WITH_REFERENCE,D:\maplestory_levup\docs\art\output\AREA_11_IMAGES_OUTPUT.zip,AREA_11_IMAGES_OUTPUT/ICON/001_m_ratz_s_mon_ratz_ICON.png,"{""AREA_11_IMAGES_OUTPUT/ICON/001_m_ratz_s_mon_ratz_ICON.png"": ""89c2f80bbd4d825473d6eba45043687a918bf772f9807c47de6e0cea5960ac15""}",D:\maplestory_levup\docs\art\images-input-packages-v2_4\AREA_11_IMAGES_INPUT_V2_4.zip,V2.4,AREA_11_IMAGES_INPUT_V2_4/monsters/001_m_ratz_라츠/GENERATION_SPEC.md,작은 태엽 톱니가 빠르게 맞물리는 민첩 잔상. ‘라츠 / 태엽쥐의 민첩’ 전용 소재이며 몬스터 본체는 VFX에 직접 넣지 않음,static / static,none,ICON 原寸 전체,황동 태엽과 은색 끝날이 회전하며 짧은 전방 속도선과 먼지를 남김,D:\maplestory_levup\docs\art\area00-images-output\AREA_00_IMAGES_OUTPUT_ORIGINAL.zip,AREA_00_IMAGES_OUTPUT/monsters/002_m_blue_snail_파란_달팽이/ICON/002_m_blue_snail_s_mon_blue_snail_ICON.png,AREA00 실제 승인 원화. 해당 보드의 기준 프레임 + ART_STYLE_STANDARD의 전체 기준. 고유 모양/저레벨 규모를 요구하지 않음,"북면/진동륜, CAST 왕관 블록과 롬바드 금속 고리는 면 음영·가는 반사와 연속 잔광을 유지한다. 라츠/블록퍼스 REFERENCE 및 왕관 PROJECTILE만 마감 이탈.",동일 몬스터의 실제 ICON 및 모든 VFX 역할 대조. 일부 역할의 차이는 아래 별도 후보로 한정,"북면/진동륜, CAST 왕관 블록과 롬바드 금속 고리는 면 음영·가는 반사와 연속 잔광을 유지한다. 라츠/블록퍼스 REFERENCE 및 왕관 PROJECTILE만 마감 이탈.",AREA00 기준 + 전체 Area의 동일 역할 보드 대조; 다수결 기준 사용 안 함. 추가 소재 비교는 CROSS_AREA_MATERIAL_BOARD_INDEX.csv,팔레트·재질·형상·레벨/보스 규모·밀도·역할별 프레임/시간 차이 허용,해당 없음,작은 태엽 톱니가 빠르게 맞물리는 민첩 잔상. ‘라츠 / 태엽쥐의 민첩’ 전용 소재이며 몬스터 본체는 VFX에 직접 넣지 않음 | none,원화 유지,NO,NO,D:\maplestory_levup\docs\art\output_audit\runs\20260912_162508_msw_origin_art_review\CROSS_AREA_STYLE_BOARD\area_11_ICON_NATIVE.png,,"PNG 원본을 동일 RGB(32,38,48) 배경에 1:1 합성. 확대는 동일 128px 영역 2배 NEAREST. 큰 보드의 도구 축소 표시 가능; 이탈 상세는 1600px 보드에서 추가 대조",전 프레임 순서상 형성/변화/해체/잔상 대조. 실시간 재생의 체감 리듬 및 엔진 합성은 미검증,NOT_CHECKED: 게임 내 최종 배율/카메라/필터/배경에서의 선명도 미검증. 명세 배율만으로 런타임 표시를 보았다고 하지 않음,NO_OBVIOUS_ISSUE,AREA11 수정 후보의 실제 투명도 미해결 및 패키징/Preview 보류 유지,TARGET_OUTPUT
area_11,m_ratz,라츠,s_mon_ratz,태엽쥐의 민첩,REFERENCE_VFX,STYLE_OUTLIER,D:\maplestory_levup\docs\art\output\AREA_11_IMAGES_OUTPUT.zip,AREA_11_IMAGES_OUTPUT/REFERENCE/001_m_ratz_s_mon_ratz_REFERENCE_F00.png|AREA_11_IMAGES_OUTPUT/REFERENCE/001_m_ratz_s_mon_ratz_REFERENCE_F01.png|AREA_11_IMAGES_OUTPUT/REFERENCE/001_m_ratz_s_mon_ratz_REFERENCE_F02.png|AREA_11_IMAGES_OUTPUT/REFERENCE/001_m_ratz_s_mon_ratz_REFERENCE_F03.png|AREA_11_IMAGES_OUTPUT/REFERENCE/001_m_ratz_s_mon_ratz_REFERENCE_F04.png|AREA_11_IMAGES_OUTPUT/REFERENCE/001_m_ratz_s_mon_ratz_REFERENCE_F05.png,"{""AREA_11_IMAGES_OUTPUT/REFERENCE/001_m_ratz_s_mon_ratz_REFERENCE_F00.png"": ""6c1f7aab1dbac79121089be19f00dbb97b444dcc1f3bd9f93c920c3df9207d67"", ""AREA_11_IMAGES_OUTPUT/REFERENCE/001_m_ratz_s_mon_ratz_REFERENCE_F01.png"": ""25fbb4ffbe09fcf7569947f1ae80be21dcb326c8565a793203bf4f281b79feba"", ""AREA_11_IMAGES_OUTPUT/REFERENCE/001_m_ratz_s_mon_ratz_REFERENCE_F02.png"": ""c11ef49b4a4877338674c4caf59f6a43a404d7ae41dcdfa302c8550b251ac189"", ""AREA_11_IMAGES_OUTPUT/REFERENCE/001_m_ratz_s_mon_ratz_REFERENCE_F03.png"": ""4feb309af54d508aad75edb8f89d0e1033aa98e6b0cdaa7cdaa164dd2e8463bf"", ""AREA_11_IMAGES_OUTPUT/REFERENCE/001_m_ratz_s_mon_ratz_REFERENCE_F04.png"": ""df219c44eca6875a52a287eae2e2f725b1bee5e605fd6ccc42f8fc9b0907df72"", ""AREA_11_IMAGES_OUTPUT/REFERENCE/001_m_ratz_s_mon_ratz_REFERENCE_F05.png"": ""dbe2b18a5094965bd868cb5aefdb9dd13a401bee33bb715ae887b9de5150270d""}",D:\maplestory_levup\docs\art\images-input-packages-v2_4\AREA_11_IMAGES_INPUT_V2_4.zip,V2.4,AREA_11_IMAGES_INPUT_V2_4/monsters/001_m_ratz_라츠/GENERATION_SPEC.md,작은 태엽 톱니가 빠르게 맞물리는 민첩 잔상. ‘라츠 / 태엽쥐의 민첩’ 전용 소재이며 몬스터 본체는 VFX에 직접 넣지 않음,0.10 / preview-only non-loop,preview only; no engine motion/FlipX contract,F00–F05 전체를 순서대로 직접 대조,황동 태엽과 은색 끝날이 회전하며 짧은 전방 속도선과 먼지를 남김,D:\maplestory_levup\docs\art\area00-images-output\AREA_00_IMAGES_OUTPUT_ORIGINAL.zip,AREA_00_IMAGES_OUTPUT/monsters/002_m_blue_snail_파란_달팽이/VFX/002_m_blue_snail_s_mon_blue_snail_F04.png,AREA00 실제 승인 원화. 해당 보드의 기준 프레임 + ART_STYLE_STANDARD의 전체 기준. 고유 모양/저레벨 규모를 요구하지 않음,F00–F05 톱니에 굵은 계단형 검은 윤곽과 단순한 고리 음영이 반복된다. 같은 스킬 ICON의 부드러운 금속 반사 및 AREA12 타이머의 세밀한 금속 모서리와 다르다.,동일 몬스터의 실제 ICON 및 모든 VFX 역할 대조. 일부 역할의 차이는 아래 별도 후보로 한정,"북면/진동륜, CAST 왕관 블록과 롬바드 금속 고리는 면 음영·가는 반사와 연속 잔광을 유지한다. 라츠/블록퍼스 REFERENCE 및 왕관 PROJECTILE만 마감 이탈.",AREA00 기준 + 전체 Area의 동일 역할 보드 대조; 다수결 기준 사용 안 함. 추가 소재 비교는 CROSS_AREA_MATERIAL_BOARD_INDEX.csv,팔레트·재질·형상·레벨/보스 규모·밀도·역할별 프레임/시간 차이 허용,액체/금속/직물 등 소재 자체보다 픽셀 단위의 외곽·명암·광선 연결 방식이 다른 점을 판정,작은 태엽 톱니가 빠르게 맞물리는 민첩 잔상. ‘라츠 / 태엽쥐의 민첩’ 전용 소재이며 몬스터 본체는 VFX에 직접 넣지 않음 | preview only; no engine motion/FlipX contract,톱니 맞물림/민첩 잔상은 유지; 금속 경사면·윤곽·반사광 정돈,YES,NO,D:\maplestory_levup\docs\art\output_audit\runs\20260912_162508_msw_origin_art_review\CROSS_AREA_STYLE_BOARD\area_11_m_ratz_REFERENCE_VFX_NATIVE.png,D:\maplestory_levup\docs\art\output_audit\runs\20260912_162508_msw_origin_art_review\STYLE_OUTLIERS\area_11_m_ratz_REFERENCE_VFX_COMPARE.png,"PNG 원본을 동일 RGB(32,38,48) 배경에 1:1 합성. 확대는 동일 128px 영역 2배 NEAREST. 큰 보드의 도구 축소 표시 가능; 이탈 상세는 1600px 보드에서 추가 대조",전 프레임 순서상 형성/변화/해체/잔상 대조. 실시간 재생의 체감 리듬 및 엔진 합성은 미검증,NOT_CHECKED: 게임 내 최종 배율/카메라/필터/배경에서의 선명도 미검증. 명세 배율만으로 런타임 표시를 보았다고 하지 않음,NO_OBVIOUS_ISSUE,AREA11 수정 후보의 실제 투명도 미해결 및 패키징/Preview 보류 유지,TARGET_OUTPUT
area_11,m_drumming_bunny,북치는 토끼,s_mon_drumming_bunny,태엽 북진동,ICON,CONSISTENT_WITH_REFERENCE,D:\maplestory_levup\docs\art\output\AREA_11_IMAGES_OUTPUT.zip,AREA_11_IMAGES_OUTPUT/ICON/002_m_drumming_bunny_s_mon_drumming_bunny_ICON.png,"{""AREA_11_IMAGES_OUTPUT/ICON/002_m_drumming_bunny_s_mon_drumming_bunny_ICON.png"": ""84c963955d1d9dd0f6e30c5338ee8900f3f414428dea49673a91a5534033f7ac""}",D:\maplestory_levup\docs\art\images-input-packages-v2_4\AREA_11_IMAGES_INPUT_V2_4.zip,V2.4,AREA_11_IMAGES_INPUT_V2_4/monsters/002_m_drumming_bunny_북치는_토끼/GENERATION_SPEC.md,장난감 북면에서 퍼지는 둥근 진동륜과 태엽 별조각. ‘북치는 토끼 / 태엽 북진동’ 전용 소재이며 몬스터 본체는 VFX에 직접 넣지 않음,static / static,none,ICON 原寸 전체,붉은 북심을 중심으로 금빛 동심 충격륜이 확대됐다 작은 박자점으로 소멸,D:\maplestory_levup\docs\art\area00-images-output\AREA_00_IMAGES_OUTPUT_ORIGINAL.zip,AREA_00_IMAGES_OUTPUT/monsters/002_m_blue_snail_파란_달팽이/ICON/002_m_blue_snail_s_mon_blue_snail_ICON.png,AREA00 실제 승인 원화. 해당 보드의 기준 프레임 + ART_STYLE_STANDARD의 전체 기준. 고유 모양/저레벨 규모를 요구하지 않음,"북면/진동륜, CAST 왕관 블록과 롬바드 금속 고리는 면 음영·가는 반사와 연속 잔광을 유지한다. 라츠/블록퍼스 REFERENCE 및 왕관 PROJECTILE만 마감 이탈.",동일 몬스터의 실제 ICON 및 모든 VFX 역할 대조. 색·소재·반사광 관계에서 명백한 이탈 없음,"북면/진동륜, CAST 왕관 블록과 롬바드 금속 고리는 면 음영·가는 반사와 연속 잔광을 유지한다. 라츠/블록퍼스 REFERENCE 및 왕관 PROJECTILE만 마감 이탈.",AREA00 기준 + 전체 Area의 동일 역할 보드 대조; 다수결 기준 사용 안 함. 추가 소재 비교는 CROSS_AREA_MATERIAL_BOARD_INDEX.csv,팔레트·재질·형상·레벨/보스 규모·밀도·역할별 프레임/시간 차이 허용,해당 없음,장난감 북면에서 퍼지는 둥근 진동륜과 태엽 별조각. ‘북치는 토끼 / 태엽 북진동’ 전용 소재이며 몬스터 본체는 VFX에 직접 넣지 않음 | none,원화 유지,NO,NO,D:\maplestory_levup\docs\art\output_audit\runs\20260912_162508_msw_origin_art_review\CROSS_AREA_STYLE_BOARD\area_11_ICON_NATIVE.png,,"PNG 원본을 동일 RGB(32,38,48) 배경에 1:1 합성. 확대는 동일 128px 영역 2배 NEAREST. 큰 보드의 도구 축소 표시 가능; 이탈 상세는 1600px 보드에서 추가 대조",전 프레임 순서상 형성/변화/해체/잔상 대조. 실시간 재생의 체감 리듬 및 엔진 합성은 미검증,NOT_CHECKED: 게임 내 최종 배율/카메라/필터/배경에서의 선명도 미검증. 명세 배율만으로 런타임 표시를 보았다고 하지 않음,NO_OBVIOUS_ISSUE,AREA11 수정 후보의 실제 투명도 미해결 및 패키징/Preview 보류 유지,TARGET_OUTPUT
area_11,m_drumming_bunny,북치는 토끼,s_mon_drumming_bunny,태엽 북진동,CAST_VFX,CONSISTENT_WITH_REFERENCE,D:\maplestory_levup\docs\art\output\AREA_11_IMAGES_OUTPUT.zip,AREA_11_IMAGES_OUTPUT/CAST/002_m_drumming_bunny_s_mon_drumming_bunny_CAST_F00.png|AREA_11_IMAGES_OUTPUT/CAST/002_m_drumming_bunny_s_mon_drumming_bunny_CAST_F01.png|AREA_11_IMAGES_OUTPUT/CAST/002_m_drumming_bunny_s_mon_drumming_bunny_CAST_F02.png|AREA_11_IMAGES_OUTPUT/CAST/002_m_drumming_bunny_s_mon_drumming_bunny_CAST_F03.png|AREA_11_IMAGES_OUTPUT/CAST/002_m_drumming_bunny_s_mon_drumming_bunny_CAST_F04.png|AREA_11_IMAGES_OUTPUT/CAST/002_m_drumming_bunny_s_mon_drumming_bunny_CAST_F05.png|AREA_11_IMAGES_OUTPUT/CAST/002_m_drumming_bunny_s_mon_drumming_bunny_CAST_F06.png|AREA_11_IMAGES_OUTPUT/CAST/002_m_drumming_bunny_s_mon_drumming_bunny_CAST_F07.png,"{""AREA_11_IMAGES_OUTPUT/CAST/002_m_drumming_bunny_s_mon_drumming_bunny_CAST_F00.png"": ""1efde7eff3ca809f82dda5b75f6f10c22f2a08ba6ca015fcb4fd0634a5a1c32c"", ""AREA_11_IMAGES_OUTPUT/CAST/002_m_drumming_bunny_s_mon_drumming_bunny_CAST_F01.png"": ""812e3aa7e9317c7525e1846477cf4e6f017f595ef94224c1d131b6ff7c4586b3"", ""AREA_11_IMAGES_OUTPUT/CAST/002_m_drumming_bunny_s_mon_drumming_bunny_CAST_F02.png"": ""9ba205fd4431be57c43306df14865d74f4069e234947ff597aa1fc539760dfed"", ""AREA_11_IMAGES_OUTPUT/CAST/002_m_drumming_bunny_s_mon_drumming_bunny_CAST_F03.png"": ""3e60440b8a594d76cfa57b5b733371cefd650bf27e7db1eb0aa45b95a166de1d"", ""AREA_11_IMAGES_OUTPUT/CAST/002_m_drumming_bunny_s_mon_drumming_bunny_CAST_F04.png"": ""58afc33fa51903ce7c6eedd877cd813d8b643a691eefa1446f42cd0adb10161d"", ""AREA_11_IMAGES_OUTPUT/CAST/002_m_drumming_bunny_s_mon_drumming_bunny_CAST_F05.png"": ""79bd99278f055507e6889ef256fea5267b729c86599aa44b5dd1abbb9c71656a"", ""AREA_11_IMAGES_OUTPUT/CAST/002_m_drumming_bunny_s_mon_drumming_bunny_CAST_F06.png"": ""9689c8eefcc0ff13282061b7bbac861c6a0627746273e44e1f9c0731da4f1146"", ""AREA_11_IMAGES_OUTPUT/CAST/002_m_drumming_bunny_s_mon_drumming_bunny_CAST_F07.png"": ""aad790a04913102126149edc7d536c2c5ac2306341873fe144c56addf3a4f843""}",D:\maplestory_levup\docs\art\images-input-packages-v2_4\AREA_11_IMAGES_INPUT_V2_4.zip,V2.4,AREA_11_IMAGES_INPUT_V2_4/monsters/002_m_drumming_bunny_북치는_토끼/GENERATION_SPEC.md,장난감 북면에서 퍼지는 둥근 진동륜과 태엽 별조각. ‘북치는 토끼 / 태엽 북진동’ 전용 소재이며 몬스터 본체는 VFX에 직접 넣지 않음,0.10 / non-loop one-shot,SkillEffect applies FlipX for directional attacks; delayed layer samples caster position at SpawnLayer execution; map entity then applies drift,F00–F07 전체를 순서대로 직접 대조,붉은 북심을 중심으로 금빛 동심 충격륜이 확대됐다 작은 박자점으로 소멸,D:\maplestory_levup\docs\art\area00-images-output\AREA_00_IMAGES_OUTPUT_ORIGINAL.zip,AREA_00_IMAGES_OUTPUT/monsters/005_m_slime_슬라임/VFX/005_m_slime_s_mon_slime_F04.png,AREA00 실제 승인 원화. 해당 보드의 기준 프레임 + ART_STYLE_STANDARD의 전체 기준. 고유 모양/저레벨 규모를 요구하지 않음,"북면/진동륜, CAST 왕관 블록과 롬바드 금속 고리는 면 음영·가는 반사와 연속 잔광을 유지한다. 라츠/블록퍼스 REFERENCE 및 왕관 PROJECTILE만 마감 이탈.",동일 몬스터의 실제 ICON 및 모든 VFX 역할 대조. 색·소재·반사광 관계에서 명백한 이탈 없음,"북면/진동륜, CAST 왕관 블록과 롬바드 금속 고리는 면 음영·가는 반사와 연속 잔광을 유지한다. 라츠/블록퍼스 REFERENCE 및 왕관 PROJECTILE만 마감 이탈.",AREA00 기준 + 전체 Area의 동일 역할 보드 대조; 다수결 기준 사용 안 함. 추가 소재 비교는 CROSS_AREA_MATERIAL_BOARD_INDEX.csv,팔레트·재질·형상·레벨/보스 규모·밀도·역할별 프레임/시간 차이 허용,해당 없음,장난감 북면에서 퍼지는 둥근 진동륜과 태엽 별조각. ‘북치는 토끼 / 태엽 북진동’ 전용 소재이며 몬스터 본체는 VFX에 직접 넣지 않음 | SkillEffect applies FlipX for directional attacks; delayed layer samples caster position at SpawnLayer execution; map entity then applies drift,원화 유지,NO,NO,D:\maplestory_levup\docs\art\output_audit\runs\20260912_162508_msw_origin_art_review\CROSS_AREA_STYLE_BOARD\area_11_m_drumming_bunny_CAST_VFX_NATIVE.png,,"PNG 원본을 동일 RGB(32,38,48) 배경에 1:1 합성. 확대는 동일 128px 영역 2배 NEAREST. 큰 보드의 도구 축소 표시 가능; 이탈 상세는 1600px 보드에서 추가 대조",전 프레임 순서상 형성/변화/해체/잔상 대조. 실시간 재생의 체감 리듬 및 엔진 합성은 미검증,NOT_CHECKED: 게임 내 최종 배율/카메라/필터/배경에서의 선명도 미검증. 명세 배율만으로 런타임 표시를 보았다고 하지 않음,NO_OBVIOUS_ISSUE,AREA11 수정 후보의 실제 투명도 미해결 및 패키징/Preview 보류 유지,TARGET_OUTPUT
area_11,m_bloctopus,블록퍼스,s_mon_bloctopus,블록 위장,ICON,CONSISTENT_WITH_REFERENCE,D:\maplestory_levup\docs\art\output\AREA_11_IMAGES_OUTPUT.zip,AREA_11_IMAGES_OUTPUT/ICON/003_m_bloctopus_s_mon_bloctopus_ICON.png,"{""AREA_11_IMAGES_OUTPUT/ICON/003_m_bloctopus_s_mon_bloctopus_ICON.png"": ""36d02d26e9e54c44b2dc2debdc4be8158d6e564d6990cccc4cb816c72961b034""}",D:\maplestory_levup\docs\art\images-input-packages-v2_4\AREA_11_IMAGES_INPUT_V2_4.zip,V2.4,AREA_11_IMAGES_INPUT_V2_4/monsters/003_m_bloctopus_블록퍼스/GENERATION_SPEC.md,사각 블록 표면이 주변 색으로 바뀌며 흐려지는 위장막. ‘블록퍼스 / 블록 위장’ 전용 소재이며 몬스터 본체는 VFX에 직접 넣지 않음,static / static,none,ICON 原寸 전체,보라 블록이 청록 격자막 속에서 선명해졌다 반투명 큐브 잔상으로 흐려짐,D:\maplestory_levup\docs\art\area00-images-output\AREA_00_IMAGES_OUTPUT_ORIGINAL.zip,AREA_00_IMAGES_OUTPUT/monsters/002_m_blue_snail_파란_달팽이/ICON/002_m_blue_snail_s_mon_blue_snail_ICON.png,AREA00 실제 승인 원화. 해당 보드의 기준 프레임 + ART_STYLE_STANDARD의 전체 기준. 고유 모양/저레벨 규모를 요구하지 않음,"북면/진동륜, CAST 왕관 블록과 롬바드 금속 고리는 면 음영·가는 반사와 연속 잔광을 유지한다. 라츠/블록퍼스 REFERENCE 및 왕관 PROJECTILE만 마감 이탈.",동일 몬스터의 실제 ICON 및 모든 VFX 역할 대조. 일부 역할의 차이는 아래 별도 후보로 한정,"북면/진동륜, CAST 왕관 블록과 롬바드 금속 고리는 면 음영·가는 반사와 연속 잔광을 유지한다. 라츠/블록퍼스 REFERENCE 및 왕관 PROJECTILE만 마감 이탈.",AREA00 기준 + 전체 Area의 동일 역할 보드 대조; 다수결 기준 사용 안 함. 추가 소재 비교는 CROSS_AREA_MATERIAL_BOARD_INDEX.csv,팔레트·재질·형상·레벨/보스 규모·밀도·역할별 프레임/시간 차이 허용,해당 없음,사각 블록 표면이 주변 색으로 바뀌며 흐려지는 위장막. ‘블록퍼스 / 블록 위장’ 전용 소재이며 몬스터 본체는 VFX에 직접 넣지 않음 | none,원화 유지,NO,NO,D:\maplestory_levup\docs\art\output_audit\runs\20260912_162508_msw_origin_art_review\CROSS_AREA_STYLE_BOARD\area_11_ICON_NATIVE.png,,"PNG 원본을 동일 RGB(32,38,48) 배경에 1:1 합성. 확대는 동일 128px 영역 2배 NEAREST. 큰 보드의 도구 축소 표시 가능; 이탈 상세는 1600px 보드에서 추가 대조",전 프레임 순서상 형성/변화/해체/잔상 대조. 실시간 재생의 체감 리듬 및 엔진 합성은 미검증,NOT_CHECKED: 게임 내 최종 배율/카메라/필터/배경에서의 선명도 미검증. 명세 배율만으로 런타임 표시를 보았다고 하지 않음,NO_OBVIOUS_ISSUE,AREA11 수정 후보의 실제 투명도 미해결 및 패키징/Preview 보류 유지,TARGET_OUTPUT
area_11,m_bloctopus,블록퍼스,s_mon_bloctopus,블록 위장,REFERENCE_VFX,STYLE_OUTLIER,D:\maplestory_levup\docs\art\output\AREA_11_IMAGES_OUTPUT.zip,AREA_11_IMAGES_OUTPUT/REFERENCE/003_m_bloctopus_s_mon_bloctopus_REFERENCE_F00.png|AREA_11_IMAGES_OUTPUT/REFERENCE/003_m_bloctopus_s_mon_bloctopus_REFERENCE_F01.png|AREA_11_IMAGES_OUTPUT/REFERENCE/003_m_bloctopus_s_mon_bloctopus_REFERENCE_F02.png|AREA_11_IMAGES_OUTPUT/REFERENCE/003_m_bloctopus_s_mon_bloctopus_REFERENCE_F03.png|AREA_11_IMAGES_OUTPUT/REFERENCE/003_m_bloctopus_s_mon_bloctopus_REFERENCE_F04.png|AREA_11_IMAGES_OUTPUT/REFERENCE/003_m_bloctopus_s_mon_bloctopus_REFERENCE_F05.png,"{""AREA_11_IMAGES_OUTPUT/REFERENCE/003_m_bloctopus_s_mon_bloctopus_REFERENCE_F00.png"": ""b98f6b2d399ff77e4884d08c39b6a1cb576b52ff2718bf1adb3bc0817244bad2"", ""AREA_11_IMAGES_OUTPUT/REFERENCE/003_m_bloctopus_s_mon_bloctopus_REFERENCE_F01.png"": ""71602f8a1749d7856c44fbb296db62962913942c757426d02fce15979d94314c"", ""AREA_11_IMAGES_OUTPUT/REFERENCE/003_m_bloctopus_s_mon_bloctopus_REFERENCE_F02.png"": ""fad097140c7bf56a64a9cdd3e6b6e19c48649862e3d1a762b063ca2cec6a9975"", ""AREA_11_IMAGES_OUTPUT/REFERENCE/003_m_bloctopus_s_mon_bloctopus_REFERENCE_F03.png"": ""d39ec7fc8da9b3fb35aaa6515717fa6ce2d321e78e530ad0c1d96466b406ee40"", ""AREA_11_IMAGES_OUTPUT/REFERENCE/003_m_bloctopus_s_mon_bloctopus_REFERENCE_F04.png"": ""e6e466f1058846d3d54bdb804e93df97800b0a92dfbd5987525785248179e4b7"", ""AREA_11_IMAGES_OUTPUT/REFERENCE/003_m_bloctopus_s_mon_bloctopus_REFERENCE_F05.png"": ""590e3cdd9bf38966b0e67a93df809169bf526e298398a3be6b0469514af23de1""}",D:\maplestory_levup\docs\art\images-input-packages-v2_4\AREA_11_IMAGES_INPUT_V2_4.zip,V2.4,AREA_11_IMAGES_INPUT_V2_4/monsters/003_m_bloctopus_블록퍼스/GENERATION_SPEC.md,사각 블록 표면이 주변 색으로 바뀌며 흐려지는 위장막. ‘블록퍼스 / 블록 위장’ 전용 소재이며 몬스터 본체는 VFX에 직접 넣지 않음,0.10 / preview-only non-loop,preview only; no engine motion/FlipX contract,F00–F05 전체를 순서대로 직접 대조,보라 블록이 청록 격자막 속에서 선명해졌다 반투명 큐브 잔상으로 흐려짐,D:\maplestory_levup\docs\art\area00-images-output\AREA_00_IMAGES_OUTPUT_ORIGINAL.zip,AREA_00_IMAGES_OUTPUT/monsters/002_m_blue_snail_파란_달팽이/VFX/002_m_blue_snail_s_mon_blue_snail_F04.png,AREA00 실제 승인 원화. 해당 보드의 기준 프레임 + ART_STYLE_STANDARD의 전체 기준. 고유 모양/저레벨 규모를 요구하지 않음,F00–F05 블록의 윤곽과 명암이 굵은 픽셀 띠로 끊긴다. 사각 형상 자체가 문제가 아니라 같은 ICON의 매끄러운 반투명 면과 외곽 마감이 다른 점이다.,동일 몬스터의 실제 ICON 및 모든 VFX 역할 대조. 일부 역할의 차이는 아래 별도 후보로 한정,"북면/진동륜, CAST 왕관 블록과 롬바드 금속 고리는 면 음영·가는 반사와 연속 잔광을 유지한다. 라츠/블록퍼스 REFERENCE 및 왕관 PROJECTILE만 마감 이탈.",AREA00 기준 + 전체 Area의 동일 역할 보드 대조; 다수결 기준 사용 안 함. 추가 소재 비교는 CROSS_AREA_MATERIAL_BOARD_INDEX.csv,팔레트·재질·형상·레벨/보스 규모·밀도·역할별 프레임/시간 차이 허용,액체/금속/직물 등 소재 자체보다 픽셀 단위의 외곽·명암·광선 연결 방식이 다른 점을 판정,사각 블록 표면이 주변 색으로 바뀌며 흐려지는 위장막. ‘블록퍼스 / 블록 위장’ 전용 소재이며 몬스터 본체는 VFX에 직접 넣지 않음 | preview only; no engine motion/FlipX contract,사각 블록·위장막·흐림 격자 유지; 면 그라데이션과 투명 가장자리 마감 정돈,YES,NO,D:\maplestory_levup\docs\art\output_audit\runs\20260912_162508_msw_origin_art_review\CROSS_AREA_STYLE_BOARD\area_11_m_bloctopus_REFERENCE_VFX_NATIVE.png,D:\maplestory_levup\docs\art\output_audit\runs\20260912_162508_msw_origin_art_review\STYLE_OUTLIERS\area_11_m_bloctopus_REFERENCE_VFX_COMPARE.png,"PNG 원본을 동일 RGB(32,38,48) 배경에 1:1 합성. 확대는 동일 128px 영역 2배 NEAREST. 큰 보드의 도구 축소 표시 가능; 이탈 상세는 1600px 보드에서 추가 대조",전 프레임 순서상 형성/변화/해체/잔상 대조. 실시간 재생의 체감 리듬 및 엔진 합성은 미검증,NOT_CHECKED: 게임 내 최종 배율/카메라/필터/배경에서의 선명도 미검증. 명세 배율만으로 런타임 표시를 보았다고 하지 않음,NO_OBVIOUS_ISSUE,AREA11 수정 후보의 실제 투명도 미해결 및 패키징/Preview 보류 유지,TARGET_OUTPUT
area_11,m_king_bloctopus,킹 블록퍼스,s_mon_king_bloctopus,왕관 블록탄,ICON,CONSISTENT_WITH_REFERENCE,D:\maplestory_levup\docs\art\output\AREA_11_IMAGES_OUTPUT.zip,AREA_11_IMAGES_OUTPUT/ICON/004_m_king_bloctopus_s_mon_king_bloctopus_ICON.png,"{""AREA_11_IMAGES_OUTPUT/ICON/004_m_king_bloctopus_s_mon_king_bloctopus_ICON.png"": ""39c4b115597721a57315df99235856378f0f1ee989670466887c161fa12224b5""}",D:\maplestory_levup\docs\art\images-input-packages-v2_4\AREA_11_IMAGES_INPUT_V2_4.zip,V2.4,AREA_11_IMAGES_INPUT_V2_4/monsters/004_m_king_bloctopus_킹_블록퍼스/GENERATION_SPEC.md,왕관 블록이 회전하며 각진 에너지 조각을 발사하는 탄. ‘킹 블록퍼스 / 왕관 블록탄’ 전용 소재이며 몬스터 본체는 VFX에 직접 넣지 않음,static / static,none,ICON 原寸 전체,왕관을 얹은 보라 블록과 각진 뒤쪽 궤적. 눈이 없는 추상 블록/포구 모티브로 UI 식별이 됨.,D:\maplestory_levup\docs\art\area00-images-output\AREA_00_IMAGES_OUTPUT_ORIGINAL.zip,AREA_00_IMAGES_OUTPUT/monsters/002_m_blue_snail_파란_달팽이/ICON/002_m_blue_snail_s_mon_blue_snail_ICON.png,AREA00 실제 승인 원화. 해당 보드의 기준 프레임 + ART_STYLE_STANDARD의 전체 기준. 고유 모양/저레벨 규모를 요구하지 않음,"북면/진동륜, CAST 왕관 블록과 롬바드 금속 고리는 면 음영·가는 반사와 연속 잔광을 유지한다. 라츠/블록퍼스 REFERENCE 및 왕관 PROJECTILE만 마감 이탈.",동일 몬스터의 실제 ICON 및 모든 VFX 역할 대조. 일부 역할의 차이는 아래 별도 후보로 한정,"북면/진동륜, CAST 왕관 블록과 롬바드 금속 고리는 면 음영·가는 반사와 연속 잔광을 유지한다. 라츠/블록퍼스 REFERENCE 및 왕관 PROJECTILE만 마감 이탈.",AREA00 기준 + 전체 Area의 동일 역할 보드 대조; 다수결 기준 사용 안 함. 추가 소재 비교는 CROSS_AREA_MATERIAL_BOARD_INDEX.csv,팔레트·재질·형상·레벨/보스 규모·밀도·역할별 프레임/시간 차이 허용,해당 없음,왕관 블록이 회전하며 각진 에너지 조각을 발사하는 탄. ‘킹 블록퍼스 / 왕관 블록탄’ 전용 소재이며 몬스터 본체는 VFX에 직접 넣지 않음 | none,원화 유지,NO,NO,D:\maplestory_levup\docs\art\output_audit\runs\20260912_162508_msw_origin_art_review\CROSS_AREA_STYLE_BOARD\area_11_ICON_NATIVE.png,,"PNG 원본을 동일 RGB(32,38,48) 배경에 1:1 합성. 확대는 동일 128px 영역 2배 NEAREST. 큰 보드의 도구 축소 표시 가능; 이탈 상세는 1600px 보드에서 추가 대조",전 프레임 순서상 형성/변화/해체/잔상 대조. 실시간 재생의 체감 리듬 및 엔진 합성은 미검증,NOT_CHECKED: 게임 내 최종 배율/카메라/필터/배경에서의 선명도 미검증. 명세 배율만으로 런타임 표시를 보았다고 하지 않음,NO_OBVIOUS_ISSUE,AREA11 수정 후보의 실제 투명도 미해결 및 패키징/Preview 보류 유지,TARGET_OUTPUT
area_11,m_king_bloctopus,킹 블록퍼스,s_mon_king_bloctopus,왕관 블록탄,CAST_VFX,CONSISTENT_WITH_REFERENCE,D:\maplestory_levup\docs\art\output\AREA_11_IMAGES_OUTPUT.zip,AREA_11_IMAGES_OUTPUT/CAST/004_m_king_bloctopus_s_mon_king_bloctopus_CAST_F00.png|AREA_11_IMAGES_OUTPUT/CAST/004_m_king_bloctopus_s_mon_king_bloctopus_CAST_F01.png|AREA_11_IMAGES_OUTPUT/CAST/004_m_king_bloctopus_s_mon_king_bloctopus_CAST_F02.png|AREA_11_IMAGES_OUTPUT/CAST/004_m_king_bloctopus_s_mon_king_bloctopus_CAST_F03.png|AREA_11_IMAGES_OUTPUT/CAST/004_m_king_bloctopus_s_mon_king_bloctopus_CAST_F04.png|AREA_11_IMAGES_OUTPUT/CAST/004_m_king_bloctopus_s_mon_king_bloctopus_CAST_F05.png|AREA_11_IMAGES_OUTPUT/CAST/004_m_king_bloctopus_s_mon_king_bloctopus_CAST_F06.png|AREA_11_IMAGES_OUTPUT/CAST/004_m_king_bloctopus_s_mon_king_bloctopus_CAST_F07.png,"{""AREA_11_IMAGES_OUTPUT/CAST/004_m_king_bloctopus_s_mon_king_bloctopus_CAST_F00.png"": ""37ff4ce0531f3c684bae44cf42e3b2bb13c61d9e4edd41c3daa8495b26c43df9"", ""AREA_11_IMAGES_OUTPUT/CAST/004_m_king_bloctopus_s_mon_king_bloctopus_CAST_F01.png"": ""af26144f1bf403b20f20967c503d23ef11191465ad062afdd35804721e585e2e"", ""AREA_11_IMAGES_OUTPUT/CAST/004_m_king_bloctopus_s_mon_king_bloctopus_CAST_F02.png"": ""1675edbf47d837d38244c4b5b4528bb49c9b5ef3958ff94e22ef85bcd8f2f378"", ""AREA_11_IMAGES_OUTPUT/CAST/004_m_king_bloctopus_s_mon_king_bloctopus_CAST_F03.png"": ""4da3f90bd75997c59ad60bab827708e005916f86bae6c0690fe11705a06a68d7"", ""AREA_11_IMAGES_OUTPUT/CAST/004_m_king_bloctopus_s_mon_king_bloctopus_CAST_F04.png"": ""48cc4df41326775b70a806b9344fb4baca406a41262fb92a4b83241e7b11dcc1"", ""AREA_11_IMAGES_OUTPUT/CAST/004_m_king_bloctopus_s_mon_king_bloctopus_CAST_F05.png"": ""c7225f22c4299ec40304ad60f42cc4ebc202fb42167c1c9371ed2f220b9d709c"", ""AREA_11_IMAGES_OUTPUT/CAST/004_m_king_bloctopus_s_mon_king_bloctopus_CAST_F06.png"": ""ce2519f5c3fa9af6f9dcaf1c90853c62a62f660df49616121589c32932efeca4"", ""AREA_11_IMAGES_OUTPUT/CAST/004_m_king_bloctopus_s_mon_king_bloctopus_CAST_F07.png"": ""08e98ac69b1758069222aa465212a140f225c4e32da34e78d271516a55c82957""}",D:\maplestory_levup\docs\art\images-input-packages-v2_4\AREA_11_IMAGES_INPUT_V2_4.zip,V2.4,AREA_11_IMAGES_INPUT_V2_4/monsters/004_m_king_bloctopus_킹_블록퍼스/GENERATION_SPEC.md,왕관 블록이 회전하며 각진 에너지 조각을 발사하는 탄. ‘킹 블록퍼스 / 왕관 블록탄’ 전용 소재이며 몬스터 본체는 VFX에 직접 넣지 않음,0.10 / non-loop one-shot,SkillEffect applies FlipX for directional attacks; delayed layer samples caster position at SpawnLayer execution; map entity then applies drift,F00–F07 전체를 순서대로 직접 대조,F00 파편 집결 → F01~F03 눈·포구 없는 왕관/입방체 조립 → F04 섬광 → F05 오른쪽 발사 → F06~F07 잔광. 원본의 얼굴/촉수 본체는 확인되지 않음.,D:\maplestory_levup\docs\art\area00-images-output\AREA_00_IMAGES_OUTPUT_ORIGINAL.zip,AREA_00_IMAGES_OUTPUT/monsters/005_m_slime_슬라임/VFX/005_m_slime_s_mon_slime_F04.png,AREA00 실제 승인 원화. 해당 보드의 기준 프레임 + ART_STYLE_STANDARD의 전체 기준. 고유 모양/저레벨 규모를 요구하지 않음,"북면/진동륜, CAST 왕관 블록과 롬바드 금속 고리는 면 음영·가는 반사와 연속 잔광을 유지한다. 라츠/블록퍼스 REFERENCE 및 왕관 PROJECTILE만 마감 이탈.",동일 몬스터의 실제 ICON 및 모든 VFX 역할 대조. 일부 역할의 차이는 아래 별도 후보로 한정,"북면/진동륜, CAST 왕관 블록과 롬바드 금속 고리는 면 음영·가는 반사와 연속 잔광을 유지한다. 라츠/블록퍼스 REFERENCE 및 왕관 PROJECTILE만 마감 이탈.",AREA00 기준 + 전체 Area의 동일 역할 보드 대조; 다수결 기준 사용 안 함. 추가 소재 비교는 CROSS_AREA_MATERIAL_BOARD_INDEX.csv,팔레트·재질·형상·레벨/보스 규모·밀도·역할별 프레임/시간 차이 허용,해당 없음,왕관 블록이 회전하며 각진 에너지 조각을 발사하는 탄. ‘킹 블록퍼스 / 왕관 블록탄’ 전용 소재이며 몬스터 본체는 VFX에 직접 넣지 않음 | SkillEffect applies FlipX for directional attacks; delayed layer samples caster position at SpawnLayer execution; map entity then applies drift,원화 유지,NO,NO,D:\maplestory_levup\docs\art\output_audit\runs\20260912_162508_msw_origin_art_review\CROSS_AREA_STYLE_BOARD\area_11_m_king_bloctopus_CAST_VFX_NATIVE.png,,"PNG 원본을 동일 RGB(32,38,48) 배경에 1:1 합성. 확대는 동일 128px 영역 2배 NEAREST. 큰 보드의 도구 축소 표시 가능; 이탈 상세는 1600px 보드에서 추가 대조",전 프레임 순서상 형성/변화/해체/잔상 대조. 실시간 재생의 체감 리듬 및 엔진 합성은 미검증,NOT_CHECKED: 게임 내 최종 배율/카메라/필터/배경에서의 선명도 미검증. 명세 배율만으로 런타임 표시를 보았다고 하지 않음,NO_OBVIOUS_ISSUE,AREA11 수정 후보의 실제 투명도 미해결 및 패키징/Preview 보류 유지,TARGET_OUTPUT
area_11,m_king_bloctopus,킹 블록퍼스,s_mon_king_bloctopus,왕관 블록탄,PROJECTILE,STYLE_OUTLIER,D:\maplestory_levup\docs\art\output\AREA_11_IMAGES_OUTPUT.zip,AREA_11_IMAGES_OUTPUT/PROJECTILE/004_m_king_bloctopus_s_mon_king_bloctopus_PROJECTILE_F00.png|AREA_11_IMAGES_OUTPUT/PROJECTILE/004_m_king_bloctopus_s_mon_king_bloctopus_PROJECTILE_F01.png|AREA_11_IMAGES_OUTPUT/PROJECTILE/004_m_king_bloctopus_s_mon_king_bloctopus_PROJECTILE_F02.png|AREA_11_IMAGES_OUTPUT/PROJECTILE/004_m_king_bloctopus_s_mon_king_bloctopus_PROJECTILE_F03.png,"{""AREA_11_IMAGES_OUTPUT/PROJECTILE/004_m_king_bloctopus_s_mon_king_bloctopus_PROJECTILE_F00.png"": ""3e0e37756c29866e75d5d35f1e52d48dee9ca249cfadd258acc86bbfb5f4152d"", ""AREA_11_IMAGES_OUTPUT/PROJECTILE/004_m_king_bloctopus_s_mon_king_bloctopus_PROJECTILE_F01.png"": ""69c2d0667a845d1db75e845d0dd00ae2daae527f8cc3085ec684aa5a8f30566f"", ""AREA_11_IMAGES_OUTPUT/PROJECTILE/004_m_king_bloctopus_s_mon_king_bloctopus_PROJECTILE_F02.png"": ""9e6b82182e9e96e7ecad5e67136d1fd955f166424d34f61d627068f9d04087a2"", ""AREA_11_IMAGES_OUTPUT/PROJECTILE/004_m_king_bloctopus_s_mon_king_bloctopus_PROJECTILE_F03.png"": ""fb16852ad9a723590dfa7dcff2a12978fc102b07822fa00213256f7e181b674c""}",D:\maplestory_levup\docs\art\images-input-packages-v2_4\AREA_11_IMAGES_INPUT_V2_4.zip,V2.4,AREA_11_IMAGES_INPUT_V2_4/monsters/004_m_king_bloctopus_킹_블록퍼스/GENERATION_SPEC.md,왕관 블록이 회전하며 각진 에너지 조각을 발사하는 탄. ‘킹 블록퍼스 / 왕관 블록탄’ 전용 소재이며 몬스터 본체는 VFX에 직접 넣지 않음,0.08 / non-loop complete playback within 0.35s entity lifetime,art direction-neutral/local form only; engine translates caster+h to target+h and applies ZRotation; no PROJECTILE FlipX or travel-direction alignment,F00–F03 전체를 순서대로 직접 대조,"F00~F03에 원본과 같은 분홍 사각 몸통, 검은 눈, 원형 포구, 왕관 조합이 반복됨. 촉수가 없어도 얼굴/몸통을 포함한 축소 개체로 읽힘. 각진 조각과 맥동만 변하고 중심 위치는 유지됨.",D:\maplestory_levup\docs\art\area00-images-output\AREA_00_IMAGES_OUTPUT_ORIGINAL.zip,AREA_00_IMAGES_OUTPUT/monsters/005_m_slime_슬라임/VFX/005_m_slime_s_mon_slime_F04.png,AREA00 실제 승인 원화. 해당 보드의 기준 프레임 + ART_STYLE_STANDARD의 전체 기준. 고유 모양/저레벨 규모를 요구하지 않음,F00–F03 왕관과 분홍 코어/포구의 두꺼운 계단 윤곽·픽셀 명암이 CAST의 부드러운 블록 면과 다르다. 축소 본체처럼 읽히는 조합은 별도의 기존 SPEC_MISMATCH다.,동일 몬스터의 실제 ICON 및 모든 VFX 역할 대조. 일부 역할의 차이는 아래 별도 후보로 한정,"북면/진동륜, CAST 왕관 블록과 롬바드 금속 고리는 면 음영·가는 반사와 연속 잔광을 유지한다. 라츠/블록퍼스 REFERENCE 및 왕관 PROJECTILE만 마감 이탈.",AREA00 기준 + 전체 Area의 동일 역할 보드 대조; 다수결 기준 사용 안 함. 추가 소재 비교는 CROSS_AREA_MATERIAL_BOARD_INDEX.csv,팔레트·재질·형상·레벨/보스 규모·밀도·역할별 프레임/시간 차이 허용,액체/금속/직물 등 소재 자체보다 픽셀 단위의 외곽·명암·광선 연결 방식이 다른 점을 판정,왕관 블록이 회전하며 각진 에너지 조각을 발사하는 탄. ‘킹 블록퍼스 / 왕관 블록탄’ 전용 소재이며 몬스터 본체는 VFX에 직접 넣지 않음 | art direction-neutral/local form only; engine translates caster+h to target+h and applies ZRotation; no PROJECTILE FlipX or travel-direction alignment,왕관 블록 핵·각진 조각 유지. 기존 명세 위반 해결 후보와 함께 CAST/ICON의 면·외곽 마감에 맞춤; 투명도 보류 별도,YES,NO,D:\maplestory_levup\docs\art\output_audit\runs\20260912_162508_msw_origin_art_review\CROSS_AREA_STYLE_BOARD\area_11_m_king_bloctopus_PROJECTILE_NATIVE.png,D:\maplestory_levup\docs\art\output_audit\runs\20260912_162508_msw_origin_art_review\STYLE_OUTLIERS\area_11_m_king_bloctopus_PROJECTILE_COMPARE.png,"PNG 원본을 동일 RGB(32,38,48) 배경에 1:1 합성. 확대는 동일 128px 영역 2배 NEAREST. 큰 보드의 도구 축소 표시 가능; 이탈 상세는 1600px 보드에서 추가 대조",전 프레임 순서상 형성/변화/해체/잔상 대조. 실시간 재생의 체감 리듬 및 엔진 합성은 미검증,NOT_CHECKED: 게임 내 최종 배율/카메라/필터/배경에서의 선명도 미검증. 명세 배율만으로 런타임 표시를 보았다고 하지 않음,SPEC_MISMATCH,AREA11 수정 후보의 실제 투명도 미해결 및 패키징/Preview 보류 유지,TARGET_OUTPUT
area_11,m_rombot,롬바드,s_mon_rombot,에오스 중력파,ICON,CONSISTENT_WITH_REFERENCE,D:\maplestory_levup\docs\art\output\AREA_11_IMAGES_OUTPUT.zip,AREA_11_IMAGES_OUTPUT/ICON/005_m_rombot_s_mon_rombot_ICON.png,"{""AREA_11_IMAGES_OUTPUT/ICON/005_m_rombot_s_mon_rombot_ICON.png"": ""d3d8f6302cdee66b0e7132948f3b4f5a462887f9bbe295213bf5878f91c582ed""}",D:\maplestory_levup\docs\art\images-input-packages-v2_4\AREA_11_IMAGES_INPUT_V2_4.zip,V2.4,AREA_11_IMAGES_INPUT_V2_4/monsters/005_m_rombot_롬바드/GENERATION_SPEC.md,에오스 톱니 코어가 공간을 아래로 휘게 하는 중력 고리. ‘롬바드 / 에오스 중력파’ 전용 소재이며 몬스터 본체는 VFX에 직접 넣지 않음,static / static,none,ICON 原寸 전체,보라 기계핵 주위로 혼돈 고리와 수직 충격선이 겹쳐 커졌다 파편·얇은 원으로 감소,D:\maplestory_levup\docs\art\area00-images-output\AREA_00_IMAGES_OUTPUT_ORIGINAL.zip,AREA_00_IMAGES_OUTPUT/monsters/002_m_blue_snail_파란_달팽이/ICON/002_m_blue_snail_s_mon_blue_snail_ICON.png,AREA00 실제 승인 원화. 해당 보드의 기준 프레임 + ART_STYLE_STANDARD의 전체 기준. 고유 모양/저레벨 규모를 요구하지 않음,"북면/진동륜, CAST 왕관 블록과 롬바드 금속 고리는 면 음영·가는 반사와 연속 잔광을 유지한다. 라츠/블록퍼스 REFERENCE 및 왕관 PROJECTILE만 마감 이탈.",동일 몬스터의 실제 ICON 및 모든 VFX 역할 대조. 색·소재·반사광 관계에서 명백한 이탈 없음,"북면/진동륜, CAST 왕관 블록과 롬바드 금속 고리는 면 음영·가는 반사와 연속 잔광을 유지한다. 라츠/블록퍼스 REFERENCE 및 왕관 PROJECTILE만 마감 이탈.",AREA00 기준 + 전체 Area의 동일 역할 보드 대조; 다수결 기준 사용 안 함. 추가 소재 비교는 CROSS_AREA_MATERIAL_BOARD_INDEX.csv,팔레트·재질·형상·레벨/보스 규모·밀도·역할별 프레임/시간 차이 허용,해당 없음,에오스 톱니 코어가 공간을 아래로 휘게 하는 중력 고리. ‘롬바드 / 에오스 중력파’ 전용 소재이며 몬스터 본체는 VFX에 직접 넣지 않음 | none,원화 유지,NO,NO,D:\maplestory_levup\docs\art\output_audit\runs\20260912_162508_msw_origin_art_review\CROSS_AREA_STYLE_BOARD\area_11_ICON_NATIVE.png,,"PNG 원본을 동일 RGB(32,38,48) 배경에 1:1 합성. 확대는 동일 128px 영역 2배 NEAREST. 큰 보드의 도구 축소 표시 가능; 이탈 상세는 1600px 보드에서 추가 대조",전 프레임 순서상 형성/변화/해체/잔상 대조. 실시간 재생의 체감 리듬 및 엔진 합성은 미검증,NOT_CHECKED: 게임 내 최종 배율/카메라/필터/배경에서의 선명도 미검증. 명세 배율만으로 런타임 표시를 보았다고 하지 않음,NO_OBVIOUS_ISSUE,AREA11 수정 후보의 실제 투명도 미해결 및 패키징/Preview 보류 유지,TARGET_OUTPUT
area_11,m_rombot,롬바드,s_mon_rombot,에오스 중력파,CAST_VFX,CONSISTENT_WITH_REFERENCE,D:\maplestory_levup\docs\art\output\AREA_11_IMAGES_OUTPUT.zip,AREA_11_IMAGES_OUTPUT/CAST/005_m_rombot_s_mon_rombot_CAST_F00.png|AREA_11_IMAGES_OUTPUT/CAST/005_m_rombot_s_mon_rombot_CAST_F01.png|AREA_11_IMAGES_OUTPUT/CAST/005_m_rombot_s_mon_rombot_CAST_F02.png|AREA_11_IMAGES_OUTPUT/CAST/005_m_rombot_s_mon_rombot_CAST_F03.png|AREA_11_IMAGES_OUTPUT/CAST/005_m_rombot_s_mon_rombot_CAST_F04.png|AREA_11_IMAGES_OUTPUT/CAST/005_m_rombot_s_mon_rombot_CAST_F05.png|AREA_11_IMAGES_OUTPUT/CAST/005_m_rombot_s_mon_rombot_CAST_F06.png|AREA_11_IMAGES_OUTPUT/CAST/005_m_rombot_s_mon_rombot_CAST_F07.png|AREA_11_IMAGES_OUTPUT/CAST/005_m_rombot_s_mon_rombot_CAST_F08.png|AREA_11_IMAGES_OUTPUT/CAST/005_m_rombot_s_mon_rombot_CAST_F09.png|AREA_11_IMAGES_OUTPUT/CAST/005_m_rombot_s_mon_rombot_CAST_F10.png|AREA_11_IMAGES_OUTPUT/CAST/005_m_rombot_s_mon_rombot_CAST_F11.png,"{""AREA_11_IMAGES_OUTPUT/CAST/005_m_rombot_s_mon_rombot_CAST_F00.png"": ""57a4d0a484b5cf1cf6c4dbf81725bcd0825fd9e22751ab262d547fe5d9b2529c"", ""AREA_11_IMAGES_OUTPUT/CAST/005_m_rombot_s_mon_rombot_CAST_F01.png"": ""bef30f5d79d666025e5148df844d070ba1437d4b9909965965ba4e20b1748e52"", ""AREA_11_IMAGES_OUTPUT/CAST/005_m_rombot_s_mon_rombot_CAST_F02.png"": ""04d6bb82ab508e3cebc744b86143da48dc03f215093cf5c74d2eb4185de8e796"", ""AREA_11_IMAGES_OUTPUT/CAST/005_m_rombot_s_mon_rombot_CAST_F03.png"": ""14140154c99fb4873af64105782d15e1f5b26af0a6ca1165e20db492176ebe6f"", ""AREA_11_IMAGES_OUTPUT/CAST/005_m_rombot_s_mon_rombot_CAST_F04.png"": ""6ce5601b1483e6cecdcae53ee2c7e6311d8c3ecc89325bfe90a1f801fdd65f81"", ""AREA_11_IMAGES_OUTPUT/CAST/005_m_rombot_s_mon_rombot_CAST_F05.png"": ""d99078581d7249b152981d2a08631e563e1f5cf0d714fdab729a62acc3efbca0"", ""AREA_11_IMAGES_OUTPUT/CAST/005_m_rombot_s_mon_rombot_CAST_F06.png"": ""c352ef095319abc7e6cac45efe94008ceda8dfac14130243b2a7011dc5f27955"", ""AREA_11_IMAGES_OUTPUT/CAST/005_m_rombot_s_mon_rombot_CAST_F07.png"": ""aa2ba63d0fbe0b35c5b04b920b2f090a363283cec8b8a477a09350fc3631a4ff"", ""AREA_11_IMAGES_OUTPUT/CAST/005_m_rombot_s_mon_rombot_CAST_F08.png"": ""2c562700492eb635a92530767c86282e58791bb3263aa75ba6e8603a6b8543eb"", ""AREA_11_IMAGES_OUTPUT/CAST/005_m_rombot_s_mon_rombot_CAST_F09.png"": ""c534cdc712585b35b0ed26a58bfe1a9f58516967aacba49f9bd4b1e8cedeff99"", ""AREA_11_IMAGES_OUTPUT/CAST/005_m_rombot_s_mon_rombot_CAST_F10.png"": ""d77c78eece9f4c116531b1cf8d969d1e2473c4a6f1c9cc640f481d90123ba4c0"", ""AREA_11_IMAGES_OUTPUT/CAST/005_m_rombot_s_mon_rombot_CAST_F11.png"": ""68109b6e31c2d239db9da120fef59e05015daf3c27d18cc0a9b0285eb41801b7""}",D:\maplestory_levup\docs\art\images-input-packages-v2_4\AREA_11_IMAGES_INPUT_V2_4.zip,V2.4,AREA_11_IMAGES_INPUT_V2_4/monsters/005_m_rombot_롬바드/GENERATION_SPEC.md,에오스 톱니 코어가 공간을 아래로 휘게 하는 중력 고리. ‘롬바드 / 에오스 중력파’ 전용 소재이며 몬스터 본체는 VFX에 직접 넣지 않음,0.08 / non-loop one-shot,SkillEffect applies FlipX for directional attacks; delayed layer samples caster position at SpawnLayer execution; map entity then applies drift,F00–F11 전체를 순서대로 직접 대조,보라 기계핵 주위로 혼돈 고리와 수직 충격선이 겹쳐 커졌다 파편·얇은 원으로 감소,D:\maplestory_levup\docs\art\area00-images-output\AREA_00_IMAGES_OUTPUT_ORIGINAL.zip,AREA_00_IMAGES_OUTPUT/monsters/004_m_mano_마노/VFX/004_m_mano_s_mon_mano_F06.png,AREA00 실제 승인 원화. 해당 보드의 기준 프레임 + ART_STYLE_STANDARD의 전체 기준. 고유 모양/저레벨 규모를 요구하지 않음,"북면/진동륜, CAST 왕관 블록과 롬바드 금속 고리는 면 음영·가는 반사와 연속 잔광을 유지한다. 라츠/블록퍼스 REFERENCE 및 왕관 PROJECTILE만 마감 이탈.",동일 몬스터의 실제 ICON 및 모든 VFX 역할 대조. 색·소재·반사광 관계에서 명백한 이탈 없음,"북면/진동륜, CAST 왕관 블록과 롬바드 금속 고리는 면 음영·가는 반사와 연속 잔광을 유지한다. 라츠/블록퍼스 REFERENCE 및 왕관 PROJECTILE만 마감 이탈.",AREA00 기준 + 전체 Area의 동일 역할 보드 대조; 다수결 기준 사용 안 함. 추가 소재 비교는 CROSS_AREA_MATERIAL_BOARD_INDEX.csv,팔레트·재질·형상·레벨/보스 규모·밀도·역할별 프레임/시간 차이 허용,해당 없음,에오스 톱니 코어가 공간을 아래로 휘게 하는 중력 고리. ‘롬바드 / 에오스 중력파’ 전용 소재이며 몬스터 본체는 VFX에 직접 넣지 않음 | SkillEffect applies FlipX for directional attacks; delayed layer samples caster position at SpawnLayer execution; map entity then applies drift,원화 유지,NO,NO,D:\maplestory_levup\docs\art\output_audit\runs\20260912_162508_msw_origin_art_review\CROSS_AREA_STYLE_BOARD\area_11_m_rombot_CAST_VFX_NATIVE.png,,"PNG 원본을 동일 RGB(32,38,48) 배경에 1:1 합성. 확대는 동일 128px 영역 2배 NEAREST. 큰 보드의 도구 축소 표시 가능; 이탈 상세는 1600px 보드에서 추가 대조",전 프레임 순서상 형성/변화/해체/잔상 대조. 실시간 재생의 체감 리듬 및 엔진 합성은 미검증,NOT_CHECKED: 게임 내 최종 배율/카메라/필터/배경에서의 선명도 미검증. 명세 배율만으로 런타임 표시를 보았다고 하지 않음,NO_OBVIOUS_ISSUE,AREA11 수정 후보의 실제 투명도 미해결 및 패키징/Preview 보류 유지,TARGET_OUTPUT
area_12,m_brown_teddy,브라운테니,s_mon_brown_teddy,솜인형 완충,ICON,CONSISTENT_WITH_REFERENCE,D:\maplestory_levup\docs\art\output_repacked\20260912_165951_area11_12_final\AREA_12_IMAGES_OUTPUT_V2_4_FINAL_CANDIDATE.zip,AREA_12_IMAGES_OUTPUT/monsters/001_m_brown_teddy_브라운테니/ICON/001_m_brown_teddy_s_mon_brown_teddy_ICON.png,"{""AREA_12_IMAGES_OUTPUT/monsters/001_m_brown_teddy_브라운테니/ICON/001_m_brown_teddy_s_mon_brown_teddy_ICON.png"": ""41ddd211f3f31f214d45362d6569086f1f35eb741a1a1a109bb2b03c0b1648c4""}",D:\maplestory_levup\docs\art\images-input-packages-v2_4\AREA_12_IMAGES_INPUT_V2_4.zip,V2.4,AREA_12_IMAGES_INPUT_V2_4/monsters/001_m_brown_teddy_브라운테니/GENERATION_SPEC.md,갈색 솜뭉치가 눌렸다 부푸는 쿠션형 완충막. ‘브라운테니 / 솜인형 완충’ 전용 소재이며 몬스터 본체는 VFX에 직접 넣지 않음,static / static,none,ICON 原寸 전체,갈색 봉제 쿠션이 눌려 납작해졌다 탄성 화살표와 솜먼지를 내며 복원,D:\maplestory_levup\docs\art\area00-images-output\AREA_00_IMAGES_OUTPUT_ORIGINAL.zip,AREA_00_IMAGES_OUTPUT/monsters/002_m_blue_snail_파란_달팽이/ICON/002_m_blue_snail_s_mon_blue_snail_ICON.png,AREA00 실제 승인 원화. 해당 보드의 기준 프레임 + ART_STYLE_STANDARD의 전체 기준. 고유 모양/저레벨 규모를 요구하지 않음,"CAST 목마의 바퀴·태엽·목재 파편, 크로노스 유리/시계, 타이머 금속/결정의 마감은 유지 가능. 목마 ICON 및 두 REFERENCE의 픽셀 외곽과 구별했다.",동일 몬스터의 실제 ICON 및 모든 VFX 역할 대조. 일부 역할의 차이는 아래 별도 후보로 한정,"CAST 목마의 바퀴·태엽·목재 파편, 크로노스 유리/시계, 타이머 금속/결정의 마감은 유지 가능. 목마 ICON 및 두 REFERENCE의 픽셀 외곽과 구별했다.",AREA00 기준 + 전체 Area의 동일 역할 보드 대조; 다수결 기준 사용 안 함. 추가 소재 비교는 CROSS_AREA_MATERIAL_BOARD_INDEX.csv,팔레트·재질·형상·레벨/보스 규모·밀도·역할별 프레임/시간 차이 허용,해당 없음,갈색 솜뭉치가 눌렸다 부푸는 쿠션형 완충막. ‘브라운테니 / 솜인형 완충’ 전용 소재이며 몬스터 본체는 VFX에 직접 넣지 않음 | none,원화 유지,NO,NO,D:\maplestory_levup\docs\art\output_audit\runs\20260912_162508_msw_origin_art_review\CROSS_AREA_STYLE_BOARD\area_12_ICON_NATIVE.png,,"PNG 원본을 동일 RGB(32,38,48) 배경에 1:1 합성. 확대는 동일 128px 영역 2배 NEAREST. 큰 보드의 도구 축소 표시 가능; 이탈 상세는 1600px 보드에서 추가 대조",전 프레임 순서상 형성/변화/해체/잔상 대조. 실시간 재생의 체감 리듬 및 엔진 합성은 미검증,NOT_CHECKED: 게임 내 최종 배율/카메라/필터/배경에서의 선명도 미검증. 명세 배율만으로 런타임 표시를 보았다고 하지 않음,NO_OBVIOUS_ISSUE,AREA12 신규 패키지 구조검증 별도 기록,TARGET_OUTPUT
area_12,m_brown_teddy,브라운테니,s_mon_brown_teddy,솜인형 완충,REFERENCE_VFX,STYLE_OUTLIER,D:\maplestory_levup\docs\art\output_repacked\20260912_165951_area11_12_final\AREA_12_IMAGES_OUTPUT_V2_4_FINAL_CANDIDATE.zip,AREA_12_IMAGES_OUTPUT/monsters/001_m_brown_teddy_브라운테니/REFERENCE/001_m_brown_teddy_s_mon_brown_teddy_REFERENCE_F00.png|AREA_12_IMAGES_OUTPUT/monsters/001_m_brown_teddy_브라운테니/REFERENCE/001_m_brown_teddy_s_mon_brown_teddy_REFERENCE_F01.png|AREA_12_IMAGES_OUTPUT/monsters/001_m_brown_teddy_브라운테니/REFERENCE/001_m_brown_teddy_s_mon_brown_teddy_REFERENCE_F02.png|AREA_12_IMAGES_OUTPUT/monsters/001_m_brown_teddy_브라운테니/REFERENCE/001_m_brown_teddy_s_mon_brown_teddy_REFERENCE_F03.png|AREA_12_IMAGES_OUTPUT/monsters/001_m_brown_teddy_브라운테니/REFERENCE/001_m_brown_teddy_s_mon_brown_teddy_REFERENCE_F04.png|AREA_12_IMAGES_OUTPUT/monsters/001_m_brown_teddy_브라운테니/REFERENCE/001_m_brown_teddy_s_mon_brown_teddy_REFERENCE_F05.png,"{""AREA_12_IMAGES_OUTPUT/monsters/001_m_brown_teddy_브라운테니/REFERENCE/001_m_brown_teddy_s_mon_brown_teddy_REFERENCE_F00.png"": ""0d6a113ed2de7d858312b2e2e53b24a4129695b730c3f9fc33bcc5d63cb561b3"", ""AREA_12_IMAGES_OUTPUT/monsters/001_m_brown_teddy_브라운테니/REFERENCE/001_m_brown_teddy_s_mon_brown_teddy_REFERENCE_F01.png"": ""7b310a0c47430cd16bfd40d7a1eecb88bce28c6487b52f18d45a5dd6129c14fa"", ""AREA_12_IMAGES_OUTPUT/monsters/001_m_brown_teddy_브라운테니/REFERENCE/001_m_brown_teddy_s_mon_brown_teddy_REFERENCE_F02.png"": ""4e5f85f417d2647b618a8b8a4028ad8e1e9f7fd33ba44b1e2bdabd27e6ce1d19"", ""AREA_12_IMAGES_OUTPUT/monsters/001_m_brown_teddy_브라운테니/REFERENCE/001_m_brown_teddy_s_mon_brown_teddy_REFERENCE_F03.png"": ""7e018c11e5d3f8879be75891f065588cfa32ba1e10870096dc566159a2ee0c1c"", ""AREA_12_IMAGES_OUTPUT/monsters/001_m_brown_teddy_브라운테니/REFERENCE/001_m_brown_teddy_s_mon_brown_teddy_REFERENCE_F04.png"": ""a7f88060c6d170956810d12bc26478a9301f89fb55a7d95ee905747130f18a6e"", ""AREA_12_IMAGES_OUTPUT/monsters/001_m_brown_teddy_브라운테니/REFERENCE/001_m_brown_teddy_s_mon_brown_teddy_REFERENCE_F05.png"": ""043cf9157cba6b82b46a4dbdedebd12a50a379e223bc788cc55d0697a7f4b9ee""}",D:\maplestory_levup\docs\art\images-input-packages-v2_4\AREA_12_IMAGES_INPUT_V2_4.zip,V2.4,AREA_12_IMAGES_INPUT_V2_4/monsters/001_m_brown_teddy_브라운테니/GENERATION_SPEC.md,갈색 솜뭉치가 눌렸다 부푸는 쿠션형 완충막. ‘브라운테니 / 솜인형 완충’ 전용 소재이며 몬스터 본체는 VFX에 직접 넣지 않음,0.10 / preview-only non-loop,preview only; no engine motion/FlipX contract,F00–F05 전체를 순서대로 직접 대조,갈색 봉제 쿠션이 눌려 납작해졌다 탄성 화살표와 솜먼지를 내며 복원,D:\maplestory_levup\docs\art\area00-images-output\AREA_00_IMAGES_OUTPUT_ORIGINAL.zip,AREA_00_IMAGES_OUTPUT/monsters/002_m_blue_snail_파란_달팽이/VFX/002_m_blue_snail_s_mon_blue_snail_F04.png,AREA00 실제 승인 원화. 해당 보드의 기준 프레임 + ART_STYLE_STANDARD의 전체 기준. 고유 모양/저레벨 규모를 요구하지 않음,F00–F05 쿠션 외곽과 솜 덩어리에 계단형 윤곽 및 굵은 픽셀 명암 띠가 보인다. ICON의 미세한 섬유/부드러운 솜 층과 차이가 있다.,동일 몬스터의 실제 ICON 및 모든 VFX 역할 대조. 일부 역할의 차이는 아래 별도 후보로 한정,"CAST 목마의 바퀴·태엽·목재 파편, 크로노스 유리/시계, 타이머 금속/결정의 마감은 유지 가능. 목마 ICON 및 두 REFERENCE의 픽셀 외곽과 구별했다.",AREA00 기준 + 전체 Area의 동일 역할 보드 대조; 다수결 기준 사용 안 함. 추가 소재 비교는 CROSS_AREA_MATERIAL_BOARD_INDEX.csv,팔레트·재질·형상·레벨/보스 규모·밀도·역할별 프레임/시간 차이 허용,액체/금속/직물 등 소재 자체보다 픽셀 단위의 외곽·명암·광선 연결 방식이 다른 점을 판정,갈색 솜뭉치가 눌렸다 부푸는 쿠션형 완충막. ‘브라운테니 / 솜인형 완충’ 전용 소재이며 몬스터 본체는 VFX에 직접 넣지 않음 | preview only; no engine motion/FlipX contract,쿠션·솜·비전투 호흡을 유지하고 솜/패딩 경계와 명암 마감 정돈,YES,NO,D:\maplestory_levup\docs\art\output_audit\runs\20260912_162508_msw_origin_art_review\CROSS_AREA_STYLE_BOARD\area_12_m_brown_teddy_REFERENCE_VFX_NATIVE.png,D:\maplestory_levup\docs\art\output_audit\runs\20260912_162508_msw_origin_art_review\STYLE_OUTLIERS\area_12_m_brown_teddy_REFERENCE_VFX_COMPARE.png,"PNG 원본을 동일 RGB(32,38,48) 배경에 1:1 합성. 확대는 동일 128px 영역 2배 NEAREST. 큰 보드의 도구 축소 표시 가능; 이탈 상세는 1600px 보드에서 추가 대조",전 프레임 순서상 형성/변화/해체/잔상 대조. 실시간 재생의 체감 리듬 및 엔진 합성은 미검증,NOT_CHECKED: 게임 내 최종 배율/카메라/필터/배경에서의 선명도 미검증. 명세 배율만으로 런타임 표시를 보았다고 하지 않음,NO_OBVIOUS_ISSUE,AREA12 신규 패키지 구조검증 별도 기록,TARGET_OUTPUT
area_12,m_toy_trojan,장난감 목마,s_mon_toy_trojan,태엽 목마 돌진,ICON,STYLE_OUTLIER,D:\maplestory_levup\docs\art\output_repacked\20260912_165951_area11_12_final\AREA_12_IMAGES_OUTPUT_V2_4_FINAL_CANDIDATE.zip,AREA_12_IMAGES_OUTPUT/monsters/002_m_toy_trojan_장난감_목마/ICON/002_m_toy_trojan_s_mon_toy_trojan_ICON.png,"{""AREA_12_IMAGES_OUTPUT/monsters/002_m_toy_trojan_장난감_목마/ICON/002_m_toy_trojan_s_mon_toy_trojan_ICON.png"": ""9fb9bc83b18c3b6e516405d08902761bdd5d63b698519b270812b13c13692661""}",D:\maplestory_levup\docs\art\images-input-packages-v2_4\AREA_12_IMAGES_INPUT_V2_4.zip,V2.4,AREA_12_IMAGES_INPUT_V2_4/monsters/002_m_toy_trojan_장난감_목마/GENERATION_SPEC.md,목마 바퀴와 태엽이 전방으로 겹치는 장난감 돌진선. ‘장난감 목마 / 태엽 목마 돌진’ 전용 소재이며 몬스터 본체는 VFX에 직접 넣지 않음,static / static,none,ICON 原寸 전체,"ICON에는 눈 달린 목마 머리, 태엽, 바퀴와 짧은 속도선이 있음. 명시적 ICON 모티브.",D:\maplestory_levup\docs\art\area00-images-output\AREA_00_IMAGES_OUTPUT_ORIGINAL.zip,AREA_00_IMAGES_OUTPUT/monsters/002_m_blue_snail_파란_달팽이/ICON/002_m_blue_snail_s_mon_blue_snail_ICON.png,AREA00 실제 승인 원화. 해당 보드의 기준 프레임 + ART_STYLE_STANDARD의 전체 기준. 고유 모양/저레벨 규모를 요구하지 않음,목마 머리의 외곽·갈기·명암 띠가 굵은 픽셀 계단으로 읽혀 CAST의 매끈한 목재/태엽 및 AREA00 ICON의 곡선 처리와 다르다. 눈 있는 머리는 ICON에서 허용되므로 본체 금지 위반으로 판단하지 않는다.,동일 몬스터의 실제 ICON 및 모든 VFX 역할 대조. 일부 역할의 차이는 아래 별도 후보로 한정,"CAST 목마의 바퀴·태엽·목재 파편, 크로노스 유리/시계, 타이머 금속/결정의 마감은 유지 가능. 목마 ICON 및 두 REFERENCE의 픽셀 외곽과 구별했다.",AREA00 기준 + 전체 Area의 동일 역할 보드 대조; 다수결 기준 사용 안 함. 추가 소재 비교는 CROSS_AREA_MATERIAL_BOARD_INDEX.csv,팔레트·재질·형상·레벨/보스 규모·밀도·역할별 프레임/시간 차이 허용,액체/금속/직물 등 소재 자체보다 픽셀 단위의 외곽·명암·광선 연결 방식이 다른 점을 판정,목마 바퀴와 태엽이 전방으로 겹치는 장난감 돌진선. ‘장난감 목마 / 태엽 목마 돌진’ 전용 소재이며 몬스터 본체는 VFX에 직접 넣지 않음 | none,허용된 목마 머리·태엽 모티브 유지; ICON 외곽·목재 명암 마감만 후보. CAST 유지,YES,NO,D:\maplestory_levup\docs\art\output_audit\runs\20260912_162508_msw_origin_art_review\CROSS_AREA_STYLE_BOARD\area_12_ICON_NATIVE.png,D:\maplestory_levup\docs\art\output_audit\runs\20260912_162508_msw_origin_art_review\STYLE_OUTLIERS\area_12_m_toy_trojan_ICON_COMPARE.png,"PNG 원본을 동일 RGB(32,38,48) 배경에 1:1 합성. 확대는 동일 128px 영역 2배 NEAREST. 큰 보드의 도구 축소 표시 가능; 이탈 상세는 1600px 보드에서 추가 대조",전 프레임 순서상 형성/변화/해체/잔상 대조. 실시간 재생의 체감 리듬 및 엔진 합성은 미검증,NOT_CHECKED: 게임 내 최종 배율/카메라/필터/배경에서의 선명도 미검증. 명세 배율만으로 런타임 표시를 보았다고 하지 않음,NO_OBVIOUS_ISSUE,AREA12 신규 패키지 구조검증 별도 기록,TARGET_OUTPUT
area_12,m_toy_trojan,장난감 목마,s_mon_toy_trojan,태엽 목마 돌진,CAST_VFX,CONSISTENT_WITH_REFERENCE,D:\maplestory_levup\docs\art\output_repacked\20260912_165951_area11_12_final\AREA_12_IMAGES_OUTPUT_V2_4_FINAL_CANDIDATE.zip,AREA_12_IMAGES_OUTPUT/monsters/002_m_toy_trojan_장난감_목마/CAST/002_m_toy_trojan_s_mon_toy_trojan_CAST_F00.png|AREA_12_IMAGES_OUTPUT/monsters/002_m_toy_trojan_장난감_목마/CAST/002_m_toy_trojan_s_mon_toy_trojan_CAST_F01.png|AREA_12_IMAGES_OUTPUT/monsters/002_m_toy_trojan_장난감_목마/CAST/002_m_toy_trojan_s_mon_toy_trojan_CAST_F02.png|AREA_12_IMAGES_OUTPUT/monsters/002_m_toy_trojan_장난감_목마/CAST/002_m_toy_trojan_s_mon_toy_trojan_CAST_F03.png|AREA_12_IMAGES_OUTPUT/monsters/002_m_toy_trojan_장난감_목마/CAST/002_m_toy_trojan_s_mon_toy_trojan_CAST_F04.png|AREA_12_IMAGES_OUTPUT/monsters/002_m_toy_trojan_장난감_목마/CAST/002_m_toy_trojan_s_mon_toy_trojan_CAST_F05.png|AREA_12_IMAGES_OUTPUT/monsters/002_m_toy_trojan_장난감_목마/CAST/002_m_toy_trojan_s_mon_toy_trojan_CAST_F06.png|AREA_12_IMAGES_OUTPUT/monsters/002_m_toy_trojan_장난감_목마/CAST/002_m_toy_trojan_s_mon_toy_trojan_CAST_F07.png,"{""AREA_12_IMAGES_OUTPUT/monsters/002_m_toy_trojan_장난감_목마/CAST/002_m_toy_trojan_s_mon_toy_trojan_CAST_F00.png"": ""467c9aa3f5f7043275590fcfc0827faf091d2f9191e2d980ff25c9e7f89cb95d"", ""AREA_12_IMAGES_OUTPUT/monsters/002_m_toy_trojan_장난감_목마/CAST/002_m_toy_trojan_s_mon_toy_trojan_CAST_F01.png"": ""e41e60f8373dce47c6634476c8a3e793f17ebf9d083d64d61068de9fd346449f"", ""AREA_12_IMAGES_OUTPUT/monsters/002_m_toy_trojan_장난감_목마/CAST/002_m_toy_trojan_s_mon_toy_trojan_CAST_F02.png"": ""7eb4f915f098fd99d5010a47f29d55af4f784dfb548f410c683b89a70b352ae5"", ""AREA_12_IMAGES_OUTPUT/monsters/002_m_toy_trojan_장난감_목마/CAST/002_m_toy_trojan_s_mon_toy_trojan_CAST_F03.png"": ""4480d571e73acaec4f9cb7bb7cde59392e2074315be4068f8418d9e82067f766"", ""AREA_12_IMAGES_OUTPUT/monsters/002_m_toy_trojan_장난감_목마/CAST/002_m_toy_trojan_s_mon_toy_trojan_CAST_F04.png"": ""cfc60379205fd1025bcb1fa643b19f3b5734d76d94f445082dbe224608a720cc"", ""AREA_12_IMAGES_OUTPUT/monsters/002_m_toy_trojan_장난감_목마/CAST/002_m_toy_trojan_s_mon_toy_trojan_CAST_F05.png"": ""b48114f1dc9aee8b87d5793803b5b1ca7384682df759b390fe9ff047cf15058c"", ""AREA_12_IMAGES_OUTPUT/monsters/002_m_toy_trojan_장난감_목마/CAST/002_m_toy_trojan_s_mon_toy_trojan_CAST_F06.png"": ""258f2cc983b54b7e020b22d92fa1770fa87240307e06ae0c32d0e7324609d8b7"", ""AREA_12_IMAGES_OUTPUT/monsters/002_m_toy_trojan_장난감_목마/CAST/002_m_toy_trojan_s_mon_toy_trojan_CAST_F07.png"": ""33a4406c94938715328a7f9ea45584e788e811f25f3dbcc5c22fc1bbdbadd921""}",D:\maplestory_levup\docs\art\images-input-packages-v2_4\AREA_12_IMAGES_INPUT_V2_4.zip,V2.4,AREA_12_IMAGES_INPUT_V2_4/monsters/002_m_toy_trojan_장난감_목마/GENERATION_SPEC.md,목마 바퀴와 태엽이 전방으로 겹치는 장난감 돌진선. ‘장난감 목마 / 태엽 목마 돌진’ 전용 소재이며 몬스터 본체는 VFX에 직접 넣지 않음,0.10 / non-loop one-shot,SkillEffect applies FlipX for directional attacks; delayed layer samples caster position at SpawnLayer execution; map entity then applies drift,F00–F07 전체를 순서대로 직접 대조,"F00~F03의 금색 이중 고리는 태엽 구멍, 갈색 동심원은 바퀴/축이다. 곡선 나무편과 충돌광 뒤 F04~F07 속도선·파편이 소멸한다. 384px 원본 확대에서 눈·귀·주둥이를 갖춘 머리나 상체를 확인하지 못함. 전신 돌진의 반복이 아닌 도착점 충돌 연출.",D:\maplestory_levup\docs\art\area00-images-output\AREA_00_IMAGES_OUTPUT_ORIGINAL.zip,AREA_00_IMAGES_OUTPUT/monsters/005_m_slime_슬라임/VFX/005_m_slime_s_mon_slime_F04.png,AREA00 실제 승인 원화. 해당 보드의 기준 프레임 + ART_STYLE_STANDARD의 전체 기준. 고유 모양/저레벨 규모를 요구하지 않음,"CAST 목마의 바퀴·태엽·목재 파편, 크로노스 유리/시계, 타이머 금속/결정의 마감은 유지 가능. 목마 ICON 및 두 REFERENCE의 픽셀 외곽과 구별했다.",동일 몬스터의 실제 ICON 및 모든 VFX 역할 대조. 일부 역할의 차이는 아래 별도 후보로 한정,"CAST 목마의 바퀴·태엽·목재 파편, 크로노스 유리/시계, 타이머 금속/결정의 마감은 유지 가능. 목마 ICON 및 두 REFERENCE의 픽셀 외곽과 구별했다.",AREA00 기준 + 전체 Area의 동일 역할 보드 대조; 다수결 기준 사용 안 함. 추가 소재 비교는 CROSS_AREA_MATERIAL_BOARD_INDEX.csv,팔레트·재질·형상·레벨/보스 규모·밀도·역할별 프레임/시간 차이 허용,해당 없음,목마 바퀴와 태엽이 전방으로 겹치는 장난감 돌진선. ‘장난감 목마 / 태엽 목마 돌진’ 전용 소재이며 몬스터 본체는 VFX에 직접 넣지 않음 | SkillEffect applies FlipX for directional attacks; delayed layer samples caster position at SpawnLayer execution; map entity then applies drift,원화 유지,NO,NO,D:\maplestory_levup\docs\art\output_audit\runs\20260912_162508_msw_origin_art_review\CROSS_AREA_STYLE_BOARD\area_12_m_toy_trojan_CAST_VFX_NATIVE.png,,"PNG 원본을 동일 RGB(32,38,48) 배경에 1:1 합성. 확대는 동일 128px 영역 2배 NEAREST. 큰 보드의 도구 축소 표시 가능; 이탈 상세는 1600px 보드에서 추가 대조",전 프레임 순서상 형성/변화/해체/잔상 대조. 실시간 재생의 체감 리듬 및 엔진 합성은 미검증,NOT_CHECKED: 게임 내 최종 배율/카메라/필터/배경에서의 선명도 미검증. 명세 배율만으로 런타임 표시를 보았다고 하지 않음,NO_OBVIOUS_ISSUE,AREA12 신규 패키지 구조검증 별도 기록,TARGET_OUTPUT
area_12,m_master_robo,마스터 로보,s_mon_master_robo,정밀 태엽회로,ICON,CONSISTENT_WITH_REFERENCE,D:\maplestory_levup\docs\art\output_repacked\20260912_165951_area11_12_final\AREA_12_IMAGES_OUTPUT_V2_4_FINAL_CANDIDATE.zip,AREA_12_IMAGES_OUTPUT/monsters/003_m_master_robo_마스터_로보/ICON/003_m_master_robo_s_mon_master_robo_ICON.png,"{""AREA_12_IMAGES_OUTPUT/monsters/003_m_master_robo_마스터_로보/ICON/003_m_master_robo_s_mon_master_robo_ICON.png"": ""b8ee2b0d6bcc00b388c33f0ab4a94e03adfb53d69c2fbc0e3f8f2353ede20153""}",D:\maplestory_levup\docs\art\images-input-packages-v2_4\AREA_12_IMAGES_INPUT_V2_4.zip,V2.4,AREA_12_IMAGES_INPUT_V2_4/monsters/003_m_master_robo_마스터_로보/GENERATION_SPEC.md,정밀 톱니 세 개와 회로선이 동심으로 맞물리는 코어. ‘마스터 로보 / 정밀 태엽회로’ 전용 소재이며 몬스터 본체는 VFX에 직접 넣지 않음,static / static,none,ICON 原寸 전체,회색 기어 여러 개가 청록 회로광과 함께 맞물려 돌고 원형 기계핵으로 안정,D:\maplestory_levup\docs\art\area00-images-output\AREA_00_IMAGES_OUTPUT_ORIGINAL.zip,AREA_00_IMAGES_OUTPUT/monsters/002_m_blue_snail_파란_달팽이/ICON/002_m_blue_snail_s_mon_blue_snail_ICON.png,AREA00 실제 승인 원화. 해당 보드의 기준 프레임 + ART_STYLE_STANDARD의 전체 기준. 고유 모양/저레벨 규모를 요구하지 않음,"CAST 목마의 바퀴·태엽·목재 파편, 크로노스 유리/시계, 타이머 금속/결정의 마감은 유지 가능. 목마 ICON 및 두 REFERENCE의 픽셀 외곽과 구별했다.",동일 몬스터의 실제 ICON 및 모든 VFX 역할 대조. 일부 역할의 차이는 아래 별도 후보로 한정,"CAST 목마의 바퀴·태엽·목재 파편, 크로노스 유리/시계, 타이머 금속/결정의 마감은 유지 가능. 목마 ICON 및 두 REFERENCE의 픽셀 외곽과 구별했다.",AREA00 기준 + 전체 Area의 동일 역할 보드 대조; 다수결 기준 사용 안 함. 추가 소재 비교는 CROSS_AREA_MATERIAL_BOARD_INDEX.csv,팔레트·재질·형상·레벨/보스 규모·밀도·역할별 프레임/시간 차이 허용,해당 없음,정밀 톱니 세 개와 회로선이 동심으로 맞물리는 코어. ‘마스터 로보 / 정밀 태엽회로’ 전용 소재이며 몬스터 본체는 VFX에 직접 넣지 않음 | none,원화 유지,NO,NO,D:\maplestory_levup\docs\art\output_audit\runs\20260912_162508_msw_origin_art_review\CROSS_AREA_STYLE_BOARD\area_12_ICON_NATIVE.png,,"PNG 원본을 동일 RGB(32,38,48) 배경에 1:1 합성. 확대는 동일 128px 영역 2배 NEAREST. 큰 보드의 도구 축소 표시 가능; 이탈 상세는 1600px 보드에서 추가 대조",전 프레임 순서상 형성/변화/해체/잔상 대조. 실시간 재생의 체감 리듬 및 엔진 합성은 미검증,NOT_CHECKED: 게임 내 최종 배율/카메라/필터/배경에서의 선명도 미검증. 명세 배율만으로 런타임 표시를 보았다고 하지 않음,NO_OBVIOUS_ISSUE,AREA12 신규 패키지 구조검증 별도 기록,TARGET_OUTPUT
area_12,m_master_robo,마스터 로보,s_mon_master_robo,정밀 태엽회로,REFERENCE_VFX,STYLE_OUTLIER,D:\maplestory_levup\docs\art\output_repacked\20260912_165951_area11_12_final\AREA_12_IMAGES_OUTPUT_V2_4_FINAL_CANDIDATE.zip,AREA_12_IMAGES_OUTPUT/monsters/003_m_master_robo_마스터_로보/REFERENCE/003_m_master_robo_s_mon_master_robo_REFERENCE_F00.png|AREA_12_IMAGES_OUTPUT/monsters/003_m_master_robo_마스터_로보/REFERENCE/003_m_master_robo_s_mon_master_robo_REFERENCE_F01.png|AREA_12_IMAGES_OUTPUT/monsters/003_m_master_robo_마스터_로보/REFERENCE/003_m_master_robo_s_mon_master_robo_REFERENCE_F02.png|AREA_12_IMAGES_OUTPUT/monsters/003_m_master_robo_마스터_로보/REFERENCE/003_m_master_robo_s_mon_master_robo_REFERENCE_F03.png|AREA_12_IMAGES_OUTPUT/monsters/003_m_master_robo_마스터_로보/REFERENCE/003_m_master_robo_s_mon_master_robo_REFERENCE_F04.png|AREA_12_IMAGES_OUTPUT/monsters/003_m_master_robo_마스터_로보/REFERENCE/003_m_master_robo_s_mon_master_robo_REFERENCE_F05.png,"{""AREA_12_IMAGES_OUTPUT/monsters/003_m_master_robo_마스터_로보/REFERENCE/003_m_master_robo_s_mon_master_robo_REFERENCE_F00.png"": ""77fa39d3cff7e98d9b73dcd1ef6bf279b438b2fc2828468a9594362f9662699c"", ""AREA_12_IMAGES_OUTPUT/monsters/003_m_master_robo_마스터_로보/REFERENCE/003_m_master_robo_s_mon_master_robo_REFERENCE_F01.png"": ""2532e417e487f1bd5483f403c9109f9b62d346e183c96cf526d75c02819be330"", ""AREA_12_IMAGES_OUTPUT/monsters/003_m_master_robo_마스터_로보/REFERENCE/003_m_master_robo_s_mon_master_robo_REFERENCE_F02.png"": ""10fc26c57559d6b6110df98386dac153cb0ca16710c74706fae5d6455cb31e00"", ""AREA_12_IMAGES_OUTPUT/monsters/003_m_master_robo_마스터_로보/REFERENCE/003_m_master_robo_s_mon_master_robo_REFERENCE_F03.png"": ""b4bb94108fa01ff1e51dffaeca74ad31ca9716684b0b6aaff46b7a1349987b5d"", ""AREA_12_IMAGES_OUTPUT/monsters/003_m_master_robo_마스터_로보/REFERENCE/003_m_master_robo_s_mon_master_robo_REFERENCE_F04.png"": ""3645eb08604c9e3a752b83019a037b752410ddb26a84b99d36b1eef3014ab871"", ""AREA_12_IMAGES_OUTPUT/monsters/003_m_master_robo_마스터_로보/REFERENCE/003_m_master_robo_s_mon_master_robo_REFERENCE_F05.png"": ""503c1e3dc30f22c5bfab2e01232465c12033250cb97bbfb09c5676c83bac73d0""}",D:\maplestory_levup\docs\art\images-input-packages-v2_4\AREA_12_IMAGES_INPUT_V2_4.zip,V2.4,AREA_12_IMAGES_INPUT_V2_4/monsters/003_m_master_robo_마스터_로보/GENERATION_SPEC.md,정밀 톱니 세 개와 회로선이 동심으로 맞물리는 코어. ‘마스터 로보 / 정밀 태엽회로’ 전용 소재이며 몬스터 본체는 VFX에 직접 넣지 않음,0.10 / preview-only non-loop,preview only; no engine motion/FlipX contract,F00–F05 전체를 순서대로 직접 대조,회색 기어 여러 개가 청록 회로광과 함께 맞물려 돌고 원형 기계핵으로 안정,D:\maplestory_levup\docs\art\area00-images-output\AREA_00_IMAGES_OUTPUT_ORIGINAL.zip,AREA_00_IMAGES_OUTPUT/monsters/002_m_blue_snail_파란_달팽이/VFX/002_m_blue_snail_s_mon_blue_snail_F04.png,AREA00 실제 승인 원화. 해당 보드의 기준 프레임 + ART_STYLE_STANDARD의 전체 기준. 고유 모양/저레벨 규모를 요구하지 않음,F00–F05 톱니/장갑의 검은 계단형 선과 평평한 회색 띠가 반복된다. 같은 ICON의 경사진 금속 반사면과 다른 마감이다.,동일 몬스터의 실제 ICON 및 모든 VFX 역할 대조. 일부 역할의 차이는 아래 별도 후보로 한정,"CAST 목마의 바퀴·태엽·목재 파편, 크로노스 유리/시계, 타이머 금속/결정의 마감은 유지 가능. 목마 ICON 및 두 REFERENCE의 픽셀 외곽과 구별했다.",AREA00 기준 + 전체 Area의 동일 역할 보드 대조; 다수결 기준 사용 안 함. 추가 소재 비교는 CROSS_AREA_MATERIAL_BOARD_INDEX.csv,팔레트·재질·형상·레벨/보스 규모·밀도·역할별 프레임/시간 차이 허용,액체/금속/직물 등 소재 자체보다 픽셀 단위의 외곽·명암·광선 연결 방식이 다른 점을 판정,정밀 톱니 세 개와 회로선이 동심으로 맞물리는 코어. ‘마스터 로보 / 정밀 태엽회로’ 전용 소재이며 몬스터 본체는 VFX에 직접 넣지 않음 | preview only; no engine motion/FlipX contract,톱니 장갑 유지; 외곽·금속 경사면과 발광선 정돈. ICON 수정 대상으로 확대하지 않음,YES,NO,D:\maplestory_levup\docs\art\output_audit\runs\20260912_162508_msw_origin_art_review\CROSS_AREA_STYLE_BOARD\area_12_m_master_robo_REFERENCE_VFX_NATIVE.png,D:\maplestory_levup\docs\art\output_audit\runs\20260912_162508_msw_origin_art_review\STYLE_OUTLIERS\area_12_m_master_robo_REFERENCE_VFX_COMPARE.png,"PNG 원본을 동일 RGB(32,38,48) 배경에 1:1 합성. 확대는 동일 128px 영역 2배 NEAREST. 큰 보드의 도구 축소 표시 가능; 이탈 상세는 1600px 보드에서 추가 대조",전 프레임 순서상 형성/변화/해체/잔상 대조. 실시간 재생의 체감 리듬 및 엔진 합성은 미검증,NOT_CHECKED: 게임 내 최종 배율/카메라/필터/배경에서의 선명도 미검증. 명세 배율만으로 런타임 표시를 보았다고 하지 않음,NO_OBVIOUS_ISSUE,AREA12 신규 패키지 구조검증 별도 기록,TARGET_OUTPUT
area_12,m_chronos,크로노스,s_mon_chronos,크로노스의 시간편린,ICON,CONSISTENT_WITH_REFERENCE,D:\maplestory_levup\docs\art\output_repacked\20260912_165951_area11_12_final\AREA_12_IMAGES_OUTPUT_V2_4_FINAL_CANDIDATE.zip,AREA_12_IMAGES_OUTPUT/monsters/004_m_chronos_크로노스/ICON/004_m_chronos_s_mon_chronos_ICON.png,"{""AREA_12_IMAGES_OUTPUT/monsters/004_m_chronos_크로노스/ICON/004_m_chronos_s_mon_chronos_ICON.png"": ""d194ef0ef199273632d6174bd4dc72a6aa0883ec38b7eebad7cbeabf7829b62f""}",D:\maplestory_levup\docs\art\images-input-packages-v2_4\AREA_12_IMAGES_INPUT_V2_4.zip,V2.4,AREA_12_IMAGES_INPUT_V2_4/monsters/004_m_chronos_크로노스/GENERATION_SPEC.md,깨진 시계판 조각과 역회전하는 짧은 시간 궤도. ‘크로노스 / 크로노스의 시간편린’ 전용 소재이며 몬스터 본체는 VFX에 직접 넣지 않음,static / static,none,ICON 原寸 전체,검푸른 시간 구체와 시계 파편이 충돌광으로 벌어졌다 작은 파편 궤도로 줄어듦,D:\maplestory_levup\docs\art\area00-images-output\AREA_00_IMAGES_OUTPUT_ORIGINAL.zip,AREA_00_IMAGES_OUTPUT/monsters/002_m_blue_snail_파란_달팽이/ICON/002_m_blue_snail_s_mon_blue_snail_ICON.png,AREA00 실제 승인 원화. 해당 보드의 기준 프레임 + ART_STYLE_STANDARD의 전체 기준. 고유 모양/저레벨 규모를 요구하지 않음,"CAST 목마의 바퀴·태엽·목재 파편, 크로노스 유리/시계, 타이머 금속/결정의 마감은 유지 가능. 목마 ICON 및 두 REFERENCE의 픽셀 외곽과 구별했다.",동일 몬스터의 실제 ICON 및 모든 VFX 역할 대조. 색·소재·반사광 관계에서 명백한 이탈 없음,"CAST 목마의 바퀴·태엽·목재 파편, 크로노스 유리/시계, 타이머 금속/결정의 마감은 유지 가능. 목마 ICON 및 두 REFERENCE의 픽셀 외곽과 구별했다.",AREA00 기준 + 전체 Area의 동일 역할 보드 대조; 다수결 기준 사용 안 함. 추가 소재 비교는 CROSS_AREA_MATERIAL_BOARD_INDEX.csv,팔레트·재질·형상·레벨/보스 규모·밀도·역할별 프레임/시간 차이 허용,해당 없음,깨진 시계판 조각과 역회전하는 짧은 시간 궤도. ‘크로노스 / 크로노스의 시간편린’ 전용 소재이며 몬스터 본체는 VFX에 직접 넣지 않음 | none,원화 유지,NO,NO,D:\maplestory_levup\docs\art\output_audit\runs\20260912_162508_msw_origin_art_review\CROSS_AREA_STYLE_BOARD\area_12_ICON_NATIVE.png,,"PNG 원본을 동일 RGB(32,38,48) 배경에 1:1 합성. 확대는 동일 128px 영역 2배 NEAREST. 큰 보드의 도구 축소 표시 가능; 이탈 상세는 1600px 보드에서 추가 대조",전 프레임 순서상 형성/변화/해체/잔상 대조. 실시간 재생의 체감 리듬 및 엔진 합성은 미검증,NOT_CHECKED: 게임 내 최종 배율/카메라/필터/배경에서의 선명도 미검증. 명세 배율만으로 런타임 표시를 보았다고 하지 않음,NO_OBVIOUS_ISSUE,AREA12 신규 패키지 구조검증 별도 기록,TARGET_OUTPUT
area_12,m_chronos,크로노스,s_mon_chronos,크로노스의 시간편린,CAST_VFX,CONSISTENT_WITH_REFERENCE,D:\maplestory_levup\docs\art\output_repacked\20260912_165951_area11_12_final\AREA_12_IMAGES_OUTPUT_V2_4_FINAL_CANDIDATE.zip,AREA_12_IMAGES_OUTPUT/monsters/004_m_chronos_크로노스/CAST/004_m_chronos_s_mon_chronos_CAST_F00.png|AREA_12_IMAGES_OUTPUT/monsters/004_m_chronos_크로노스/CAST/004_m_chronos_s_mon_chronos_CAST_F01.png|AREA_12_IMAGES_OUTPUT/monsters/004_m_chronos_크로노스/CAST/004_m_chronos_s_mon_chronos_CAST_F02.png|AREA_12_IMAGES_OUTPUT/monsters/004_m_chronos_크로노스/CAST/004_m_chronos_s_mon_chronos_CAST_F03.png|AREA_12_IMAGES_OUTPUT/monsters/004_m_chronos_크로노스/CAST/004_m_chronos_s_mon_chronos_CAST_F04.png|AREA_12_IMAGES_OUTPUT/monsters/004_m_chronos_크로노스/CAST/004_m_chronos_s_mon_chronos_CAST_F05.png|AREA_12_IMAGES_OUTPUT/monsters/004_m_chronos_크로노스/CAST/004_m_chronos_s_mon_chronos_CAST_F06.png|AREA_12_IMAGES_OUTPUT/monsters/004_m_chronos_크로노스/CAST/004_m_chronos_s_mon_chronos_CAST_F07.png,"{""AREA_12_IMAGES_OUTPUT/monsters/004_m_chronos_크로노스/CAST/004_m_chronos_s_mon_chronos_CAST_F00.png"": ""bef69bedac74bf051c4f000ac838b5393968c6d646eb627c80180de07a1c77bf"", ""AREA_12_IMAGES_OUTPUT/monsters/004_m_chronos_크로노스/CAST/004_m_chronos_s_mon_chronos_CAST_F01.png"": ""2cd7c9eca8bcb0fa208068dbdc2bf10e4f570b8afb69df0e6b671c6a6cb00e9b"", ""AREA_12_IMAGES_OUTPUT/monsters/004_m_chronos_크로노스/CAST/004_m_chronos_s_mon_chronos_CAST_F02.png"": ""7463f4d17e52f071c818414a8f47ae78a8f1fe703cac6f3e3d3469fe1b174604"", ""AREA_12_IMAGES_OUTPUT/monsters/004_m_chronos_크로노스/CAST/004_m_chronos_s_mon_chronos_CAST_F03.png"": ""1317c3af41f7bc9344657b927f396ae20a4cf36efc4a1d83a548304bcd7d987b"", ""AREA_12_IMAGES_OUTPUT/monsters/004_m_chronos_크로노스/CAST/004_m_chronos_s_mon_chronos_CAST_F04.png"": ""3d5da1b65cac8bc70dffd52d8e9e9f04bf3328eca02af7b136ee913d4770a6d6"", ""AREA_12_IMAGES_OUTPUT/monsters/004_m_chronos_크로노스/CAST/004_m_chronos_s_mon_chronos_CAST_F05.png"": ""552fd4094c28d1c3f26b5c77f0f0aa8502fb01575979a253ebb27a1c810bcceb"", ""AREA_12_IMAGES_OUTPUT/monsters/004_m_chronos_크로노스/CAST/004_m_chronos_s_mon_chronos_CAST_F06.png"": ""b37d2a3f1157861be2e3970984869bb3fb2fe616bea31a5942cefcdc730acd71"", ""AREA_12_IMAGES_OUTPUT/monsters/004_m_chronos_크로노스/CAST/004_m_chronos_s_mon_chronos_CAST_F07.png"": ""816ce05d227ac9f21ba146d2df7f3334a43e2234f4b9a39bb46fe1671a072ffc""}",D:\maplestory_levup\docs\art\images-input-packages-v2_4\AREA_12_IMAGES_INPUT_V2_4.zip,V2.4,AREA_12_IMAGES_INPUT_V2_4/monsters/004_m_chronos_크로노스/GENERATION_SPEC.md,깨진 시계판 조각과 역회전하는 짧은 시간 궤도. ‘크로노스 / 크로노스의 시간편린’ 전용 소재이며 몬스터 본체는 VFX에 직접 넣지 않음,0.10 / non-loop one-shot,SkillEffect applies FlipX for directional attacks; delayed layer samples caster position at SpawnLayer execution; map entity then applies drift,F00–F07 전체를 순서대로 직접 대조,검푸른 시간 구체와 시계 파편이 충돌광으로 벌어졌다 작은 파편 궤도로 줄어듦,D:\maplestory_levup\docs\art\area00-images-output\AREA_00_IMAGES_OUTPUT_ORIGINAL.zip,AREA_00_IMAGES_OUTPUT/monsters/005_m_slime_슬라임/VFX/005_m_slime_s_mon_slime_F04.png,AREA00 실제 승인 원화. 해당 보드의 기준 프레임 + ART_STYLE_STANDARD의 전체 기준. 고유 모양/저레벨 규모를 요구하지 않음,"CAST 목마의 바퀴·태엽·목재 파편, 크로노스 유리/시계, 타이머 금속/결정의 마감은 유지 가능. 목마 ICON 및 두 REFERENCE의 픽셀 외곽과 구별했다.",동일 몬스터의 실제 ICON 및 모든 VFX 역할 대조. 색·소재·반사광 관계에서 명백한 이탈 없음,"CAST 목마의 바퀴·태엽·목재 파편, 크로노스 유리/시계, 타이머 금속/결정의 마감은 유지 가능. 목마 ICON 및 두 REFERENCE의 픽셀 외곽과 구별했다.",AREA00 기준 + 전체 Area의 동일 역할 보드 대조; 다수결 기준 사용 안 함. 추가 소재 비교는 CROSS_AREA_MATERIAL_BOARD_INDEX.csv,팔레트·재질·형상·레벨/보스 규모·밀도·역할별 프레임/시간 차이 허용,해당 없음,깨진 시계판 조각과 역회전하는 짧은 시간 궤도. ‘크로노스 / 크로노스의 시간편린’ 전용 소재이며 몬스터 본체는 VFX에 직접 넣지 않음 | SkillEffect applies FlipX for directional attacks; delayed layer samples caster position at SpawnLayer execution; map entity then applies drift,원화 유지,NO,NO,D:\maplestory_levup\docs\art\output_audit\runs\20260912_162508_msw_origin_art_review\CROSS_AREA_STYLE_BOARD\area_12_m_chronos_CAST_VFX_NATIVE.png,,"PNG 원본을 동일 RGB(32,38,48) 배경에 1:1 합성. 확대는 동일 128px 영역 2배 NEAREST. 큰 보드의 도구 축소 표시 가능; 이탈 상세는 1600px 보드에서 추가 대조",전 프레임 순서상 형성/변화/해체/잔상 대조. 실시간 재생의 체감 리듬 및 엔진 합성은 미검증,NOT_CHECKED: 게임 내 최종 배율/카메라/필터/배경에서의 선명도 미검증. 명세 배율만으로 런타임 표시를 보았다고 하지 않음,NO_OBVIOUS_ISSUE,AREA12 신규 패키지 구조검증 별도 기록,TARGET_OUTPUT
area_12,m_timer,타이머,s_mon_timer,시간 정지 충격,ICON,CONSISTENT_WITH_REFERENCE,D:\maplestory_levup\docs\art\output_repacked\20260912_165951_area11_12_final\AREA_12_IMAGES_OUTPUT_V2_4_FINAL_CANDIDATE.zip,AREA_12_IMAGES_OUTPUT/monsters/005_m_timer_타이머/ICON/005_m_timer_s_mon_timer_ICON.png,"{""AREA_12_IMAGES_OUTPUT/monsters/005_m_timer_타이머/ICON/005_m_timer_s_mon_timer_ICON.png"": ""4b22d046780677f6437fa8b0989eb365f85e4bfaa158f2a1e819c43eab9cfdb9""}",D:\maplestory_levup\docs\art\images-input-packages-v2_4\AREA_12_IMAGES_INPUT_V2_4.zip,V2.4,AREA_12_IMAGES_INPUT_V2_4/monsters/005_m_timer_타이머/GENERATION_SPEC.md,정지한 시곗바늘에서 각진 시간 충격륜이 터지는 순간. ‘타이머 / 시간 정지 충격’ 전용 소재이며 몬스터 본체는 VFX에 직접 넣지 않음,static / static,none,ICON 原寸 전체,금빛 시계핵과 청백 시간살이 방사형으로 펼쳐졌다 고리·작은 시계점으로 수축,D:\maplestory_levup\docs\art\area00-images-output\AREA_00_IMAGES_OUTPUT_ORIGINAL.zip,AREA_00_IMAGES_OUTPUT/monsters/002_m_blue_snail_파란_달팽이/ICON/002_m_blue_snail_s_mon_blue_snail_ICON.png,AREA00 실제 승인 원화. 해당 보드의 기준 프레임 + ART_STYLE_STANDARD의 전체 기준. 고유 모양/저레벨 규모를 요구하지 않음,"CAST 목마의 바퀴·태엽·목재 파편, 크로노스 유리/시계, 타이머 금속/결정의 마감은 유지 가능. 목마 ICON 및 두 REFERENCE의 픽셀 외곽과 구별했다.",동일 몬스터의 실제 ICON 및 모든 VFX 역할 대조. 색·소재·반사광 관계에서 명백한 이탈 없음,"CAST 목마의 바퀴·태엽·목재 파편, 크로노스 유리/시계, 타이머 금속/결정의 마감은 유지 가능. 목마 ICON 및 두 REFERENCE의 픽셀 외곽과 구별했다.",AREA00 기준 + 전체 Area의 동일 역할 보드 대조; 다수결 기준 사용 안 함. 추가 소재 비교는 CROSS_AREA_MATERIAL_BOARD_INDEX.csv,팔레트·재질·형상·레벨/보스 규모·밀도·역할별 프레임/시간 차이 허용,해당 없음,정지한 시곗바늘에서 각진 시간 충격륜이 터지는 순간. ‘타이머 / 시간 정지 충격’ 전용 소재이며 몬스터 본체는 VFX에 직접 넣지 않음 | none,원화 유지,NO,NO,D:\maplestory_levup\docs\art\output_audit\runs\20260912_162508_msw_origin_art_review\CROSS_AREA_STYLE_BOARD\area_12_ICON_NATIVE.png,,"PNG 원본을 동일 RGB(32,38,48) 배경에 1:1 합성. 확대는 동일 128px 영역 2배 NEAREST. 큰 보드의 도구 축소 표시 가능; 이탈 상세는 1600px 보드에서 추가 대조",전 프레임 순서상 형성/변화/해체/잔상 대조. 실시간 재생의 체감 리듬 및 엔진 합성은 미검증,NOT_CHECKED: 게임 내 최종 배율/카메라/필터/배경에서의 선명도 미검증. 명세 배율만으로 런타임 표시를 보았다고 하지 않음,NO_OBVIOUS_ISSUE,AREA12 신규 패키지 구조검증 별도 기록,TARGET_OUTPUT
area_12,m_timer,타이머,s_mon_timer,시간 정지 충격,CAST_VFX,CONSISTENT_WITH_REFERENCE,D:\maplestory_levup\docs\art\output_repacked\20260912_165951_area11_12_final\AREA_12_IMAGES_OUTPUT_V2_4_FINAL_CANDIDATE.zip,AREA_12_IMAGES_OUTPUT/monsters/005_m_timer_타이머/CAST/005_m_timer_s_mon_timer_CAST_F00.png|AREA_12_IMAGES_OUTPUT/monsters/005_m_timer_타이머/CAST/005_m_timer_s_mon_timer_CAST_F01.png|AREA_12_IMAGES_OUTPUT/monsters/005_m_timer_타이머/CAST/005_m_timer_s_mon_timer_CAST_F02.png|AREA_12_IMAGES_OUTPUT/monsters/005_m_timer_타이머/CAST/005_m_timer_s_mon_timer_CAST_F03.png|AREA_12_IMAGES_OUTPUT/monsters/005_m_timer_타이머/CAST/005_m_timer_s_mon_timer_CAST_F04.png|AREA_12_IMAGES_OUTPUT/monsters/005_m_timer_타이머/CAST/005_m_timer_s_mon_timer_CAST_F05.png|AREA_12_IMAGES_OUTPUT/monsters/005_m_timer_타이머/CAST/005_m_timer_s_mon_timer_CAST_F06.png|AREA_12_IMAGES_OUTPUT/monsters/005_m_timer_타이머/CAST/005_m_timer_s_mon_timer_CAST_F07.png|AREA_12_IMAGES_OUTPUT/monsters/005_m_timer_타이머/CAST/005_m_timer_s_mon_timer_CAST_F08.png|AREA_12_IMAGES_OUTPUT/monsters/005_m_timer_타이머/CAST/005_m_timer_s_mon_timer_CAST_F09.png|AREA_12_IMAGES_OUTPUT/monsters/005_m_timer_타이머/CAST/005_m_timer_s_mon_timer_CAST_F10.png|AREA_12_IMAGES_OUTPUT/monsters/005_m_timer_타이머/CAST/005_m_timer_s_mon_timer_CAST_F11.png,"{""AREA_12_IMAGES_OUTPUT/monsters/005_m_timer_타이머/CAST/005_m_timer_s_mon_timer_CAST_F00.png"": ""4338daa0657c962da3e18a1aedb0d29bfafa12bcafe78495644f8d4dbce10303"", ""AREA_12_IMAGES_OUTPUT/monsters/005_m_timer_타이머/CAST/005_m_timer_s_mon_timer_CAST_F01.png"": ""1668923efac2117c4ce0664fe0f8252ca97b35e21a0789400b4e8de6776e304c"", ""AREA_12_IMAGES_OUTPUT/monsters/005_m_timer_타이머/CAST/005_m_timer_s_mon_timer_CAST_F02.png"": ""e835fa818800e06dcd03d2f2f05394a0998c5b53ca6d01a98a7ed42627366b3f"", ""AREA_12_IMAGES_OUTPUT/monsters/005_m_timer_타이머/CAST/005_m_timer_s_mon_timer_CAST_F03.png"": ""f1bbf537955dc6c42926d358b3947586774b3eb69659b347eb9598d0ba0e9739"", ""AREA_12_IMAGES_OUTPUT/monsters/005_m_timer_타이머/CAST/005_m_timer_s_mon_timer_CAST_F04.png"": ""e12ecaf217df4fb9e26552308d37695c8d514eb68f8f3b8ba083f95888f7344c"", ""AREA_12_IMAGES_OUTPUT/monsters/005_m_timer_타이머/CAST/005_m_timer_s_mon_timer_CAST_F05.png"": ""bf3e6ad292b8cd8bd6c32148bdfa182ec013004069785848d210fa4766cb8b5c"", ""AREA_12_IMAGES_OUTPUT/monsters/005_m_timer_타이머/CAST/005_m_timer_s_mon_timer_CAST_F06.png"": ""54612af2d8523e350062f3d40b3e33bb8f8e4410910b960139be2a9ab9952674"", ""AREA_12_IMAGES_OUTPUT/monsters/005_m_timer_타이머/CAST/005_m_timer_s_mon_timer_CAST_F07.png"": ""815e685f82ca21e59035576bb31102b90627f1931ac7e223e83f8a28a4b35d5a"", ""AREA_12_IMAGES_OUTPUT/monsters/005_m_timer_타이머/CAST/005_m_timer_s_mon_timer_CAST_F08.png"": ""818c9ca247b94dcf11cde147a37ce4a7294ab227183f3d0e9b0586c0039ca06e"", ""AREA_12_IMAGES_OUTPUT/monsters/005_m_timer_타이머/CAST/005_m_timer_s_mon_timer_CAST_F09.png"": ""d3cdeb6f81870503d82b40ad5dd4277f56bf4173db20a92cc8094075ed12b719"", ""AREA_12_IMAGES_OUTPUT/monsters/005_m_timer_타이머/CAST/005_m_timer_s_mon_timer_CAST_F10.png"": ""430a2f9e2f430f34e561a465d373eae7e5a83a8613d449319a88e23691297bae"", ""AREA_12_IMAGES_OUTPUT/monsters/005_m_timer_타이머/CAST/005_m_timer_s_mon_timer_CAST_F11.png"": ""938882c46b6d862e174bcb8f8c4677fba4c6027713f18300925117004ad0d66b""}",D:\maplestory_levup\docs\art\images-input-packages-v2_4\AREA_12_IMAGES_INPUT_V2_4.zip,V2.4,AREA_12_IMAGES_INPUT_V2_4/monsters/005_m_timer_타이머/GENERATION_SPEC.md,정지한 시곗바늘에서 각진 시간 충격륜이 터지는 순간. ‘타이머 / 시간 정지 충격’ 전용 소재이며 몬스터 본체는 VFX에 직접 넣지 않음,0.08 / non-loop one-shot,SkillEffect applies FlipX for directional attacks; delayed layer samples caster position at SpawnLayer execution; map entity then applies drift,F00–F11 전체를 순서대로 직접 대조,금빛 시계핵과 청백 시간살이 방사형으로 펼쳐졌다 고리·작은 시계점으로 수축,D:\maplestory_levup\docs\art\area00-images-output\AREA_00_IMAGES_OUTPUT_ORIGINAL.zip,AREA_00_IMAGES_OUTPUT/monsters/004_m_mano_마노/VFX/004_m_mano_s_mon_mano_F06.png,AREA00 실제 승인 원화. 해당 보드의 기준 프레임 + ART_STYLE_STANDARD의 전체 기준. 고유 모양/저레벨 규모를 요구하지 않음,"CAST 목마의 바퀴·태엽·목재 파편, 크로노스 유리/시계, 타이머 금속/결정의 마감은 유지 가능. 목마 ICON 및 두 REFERENCE의 픽셀 외곽과 구별했다.",동일 몬스터의 실제 ICON 및 모든 VFX 역할 대조. 색·소재·반사광 관계에서 명백한 이탈 없음,"CAST 목마의 바퀴·태엽·목재 파편, 크로노스 유리/시계, 타이머 금속/결정의 마감은 유지 가능. 목마 ICON 및 두 REFERENCE의 픽셀 외곽과 구별했다.",AREA00 기준 + 전체 Area의 동일 역할 보드 대조; 다수결 기준 사용 안 함. 추가 소재 비교는 CROSS_AREA_MATERIAL_BOARD_INDEX.csv,팔레트·재질·형상·레벨/보스 규모·밀도·역할별 프레임/시간 차이 허용,해당 없음,정지한 시곗바늘에서 각진 시간 충격륜이 터지는 순간. ‘타이머 / 시간 정지 충격’ 전용 소재이며 몬스터 본체는 VFX에 직접 넣지 않음 | SkillEffect applies FlipX for directional attacks; delayed layer samples caster position at SpawnLayer execution; map entity then applies drift,원화 유지,NO,NO,D:\maplestory_levup\docs\art\output_audit\runs\20260912_162508_msw_origin_art_review\CROSS_AREA_STYLE_BOARD\area_12_m_timer_CAST_VFX_NATIVE.png,,"PNG 원본을 동일 RGB(32,38,48) 배경에 1:1 합성. 확대는 동일 128px 영역 2배 NEAREST. 큰 보드의 도구 축소 표시 가능; 이탈 상세는 1600px 보드에서 추가 대조",전 프레임 순서상 형성/변화/해체/잔상 대조. 실시간 재생의 체감 리듬 및 엔진 합성은 미검증,NOT_CHECKED: 게임 내 최종 배율/카메라/필터/배경에서의 선명도 미검증. 명세 배율만으로 런타임 표시를 보았다고 하지 않음,NO_OBVIOUS_ISSUE,AREA12 신규 패키지 구조검증 별도 기록,TARGET_OUTPUT
area_13,m_white_sand_rabbit,흰 모래토끼,s_mon_white_sand_rabbit,사막 굴착탄,ICON,CONSISTENT_WITH_REFERENCE,D:\maplestory_levup\docs\art\output_repacked\20260912_153221_v24_repack\AREA_13_IMAGES_OUTPUT.zip,AREA_13_IMAGES_OUTPUT/ICON/001_m_white_sand_rabbit_s_mon_white_sand_rabbit_ICON.png,"{""AREA_13_IMAGES_OUTPUT/ICON/001_m_white_sand_rabbit_s_mon_white_sand_rabbit_ICON.png"": ""bff0a3ae4d2ede022cd61ecd93cfe2c431777d4b5070660d619430016743e58a""}",D:\maplestory_levup\docs\art\images-input-packages-v2_4\AREA_13_IMAGES_INPUT_V2_4.zip,V2.4,AREA_13_IMAGES_INPUT_V2_4/monsters/001_m_white_sand_rabbit_흰_모래토끼/GENERATION_SPEC.md,모래를 파고 솟는 원뿔형 굴착탄과 작은 모래알. ‘흰 모래토끼 / 사막 굴착탄’ 전용 소재이며 몬스터 본체는 VFX에 직접 넣지 않음,static / static,none,ICON 原寸 전체,밝은 모래 고리가 지면에서 원뿔 송곳으로 솟고 갈색 알갱이와 함께 무너짐,D:\maplestory_levup\docs\art\area00-images-output\AREA_00_IMAGES_OUTPUT_ORIGINAL.zip,AREA_00_IMAGES_OUTPUT/monsters/002_m_blue_snail_파란_달팽이/ICON/002_m_blue_snail_s_mon_blue_snail_ICON.png,AREA00 실제 승인 원화. 해당 보드의 기준 프레임 + ART_STYLE_STANDARD의 전체 기준. 고유 모양/저레벨 규모를 요구하지 않음,"모래는 부드러운 먼지 덩어리와 개별 입자, 데우의 선인장/가시는 입체 면과 날카로운 조각으로 마무리된다. 목도리 REFERENCE만 작은 픽셀 외곽 차이가 두드러진다.",동일 몬스터의 실제 ICON 및 모든 VFX 역할 대조. 색·소재·반사광 관계에서 명백한 이탈 없음,"모래는 부드러운 먼지 덩어리와 개별 입자, 데우의 선인장/가시는 입체 면과 날카로운 조각으로 마무리된다. 목도리 REFERENCE만 작은 픽셀 외곽 차이가 두드러진다.",AREA00 기준 + 전체 Area의 동일 역할 보드 대조; 다수결 기준 사용 안 함. 추가 소재 비교는 CROSS_AREA_MATERIAL_BOARD_INDEX.csv,팔레트·재질·형상·레벨/보스 규모·밀도·역할별 프레임/시간 차이 허용,해당 없음,모래를 파고 솟는 원뿔형 굴착탄과 작은 모래알. ‘흰 모래토끼 / 사막 굴착탄’ 전용 소재이며 몬스터 본체는 VFX에 직접 넣지 않음 | none,원화 유지,NO,NO,D:\maplestory_levup\docs\art\output_audit\runs\20260912_162508_msw_origin_art_review\CROSS_AREA_STYLE_BOARD\area_13_ICON_NATIVE.png,,"PNG 원본을 동일 RGB(32,38,48) 배경에 1:1 합성. 확대는 동일 128px 영역 2배 NEAREST. 큰 보드의 도구 축소 표시 가능; 이탈 상세는 1600px 보드에서 추가 대조",전 프레임 순서상 형성/변화/해체/잔상 대조. 실시간 재생의 체감 리듬 및 엔진 합성은 미검증,NOT_CHECKED: 게임 내 최종 배율/카메라/필터/배경에서의 선명도 미검증. 명세 배율만으로 런타임 표시를 보았다고 하지 않음,NO_OBVIOUS_ISSUE,기존 파일검사 재사용,TARGET_OUTPUT
area_13,m_white_sand_rabbit,흰 모래토끼,s_mon_white_sand_rabbit,사막 굴착탄,CAST_VFX,CONSISTENT_WITH_REFERENCE,D:\maplestory_levup\docs\art\output_repacked\20260912_153221_v24_repack\AREA_13_IMAGES_OUTPUT.zip,AREA_13_IMAGES_OUTPUT/CAST/001_m_white_sand_rabbit_s_mon_white_sand_rabbit_CAST_F00.png|AREA_13_IMAGES_OUTPUT/CAST/001_m_white_sand_rabbit_s_mon_white_sand_rabbit_CAST_F01.png|AREA_13_IMAGES_OUTPUT/CAST/001_m_white_sand_rabbit_s_mon_white_sand_rabbit_CAST_F02.png|AREA_13_IMAGES_OUTPUT/CAST/001_m_white_sand_rabbit_s_mon_white_sand_rabbit_CAST_F03.png|AREA_13_IMAGES_OUTPUT/CAST/001_m_white_sand_rabbit_s_mon_white_sand_rabbit_CAST_F04.png|AREA_13_IMAGES_OUTPUT/CAST/001_m_white_sand_rabbit_s_mon_white_sand_rabbit_CAST_F05.png|AREA_13_IMAGES_OUTPUT/CAST/001_m_white_sand_rabbit_s_mon_white_sand_rabbit_CAST_F06.png|AREA_13_IMAGES_OUTPUT/CAST/001_m_white_sand_rabbit_s_mon_white_sand_rabbit_CAST_F07.png,"{""AREA_13_IMAGES_OUTPUT/CAST/001_m_white_sand_rabbit_s_mon_white_sand_rabbit_CAST_F00.png"": ""4993b2a24667320b4efa530ac4040025f061b69c2ccba606a20d8a0fe302bdbd"", ""AREA_13_IMAGES_OUTPUT/CAST/001_m_white_sand_rabbit_s_mon_white_sand_rabbit_CAST_F01.png"": ""7117138f393f370602540dff6f957a323e99d1f22d75bd1389e3a0cf25a5759d"", ""AREA_13_IMAGES_OUTPUT/CAST/001_m_white_sand_rabbit_s_mon_white_sand_rabbit_CAST_F02.png"": ""7c10f73df93b4bdc8aaa50c8aac39aac9737ba239e0e7b3528c3fafdfbcd8b44"", ""AREA_13_IMAGES_OUTPUT/CAST/001_m_white_sand_rabbit_s_mon_white_sand_rabbit_CAST_F03.png"": ""6297bc41f30db580c5ff8de3edcf3adf24ae6a4345aeaa30a1dd39b1c19fedd9"", ""AREA_13_IMAGES_OUTPUT/CAST/001_m_white_sand_rabbit_s_mon_white_sand_rabbit_CAST_F04.png"": ""24fc688e6fa99778c76ba552de69b294f7bbc893d79459fe668005f918d626be"", ""AREA_13_IMAGES_OUTPUT/CAST/001_m_white_sand_rabbit_s_mon_white_sand_rabbit_CAST_F05.png"": ""8f40098ac6eccbe48ffe8566efa58e4d55ea3073ec59ce214a6265ace613fc2a"", ""AREA_13_IMAGES_OUTPUT/CAST/001_m_white_sand_rabbit_s_mon_white_sand_rabbit_CAST_F06.png"": ""799e5e95301cab99972bd53bc5e4ae55d22199dd396e2d598d9515e72deca827"", ""AREA_13_IMAGES_OUTPUT/CAST/001_m_white_sand_rabbit_s_mon_white_sand_rabbit_CAST_F07.png"": ""21b7f8778e07eb69510f2f8b5034c128e4d65a8e8375b882474aa320619e7c29""}",D:\maplestory_levup\docs\art\images-input-packages-v2_4\AREA_13_IMAGES_INPUT_V2_4.zip,V2.4,AREA_13_IMAGES_INPUT_V2_4/monsters/001_m_white_sand_rabbit_흰_모래토끼/GENERATION_SPEC.md,모래를 파고 솟는 원뿔형 굴착탄과 작은 모래알. ‘흰 모래토끼 / 사막 굴착탄’ 전용 소재이며 몬스터 본체는 VFX에 직접 넣지 않음,0.10 / non-loop one-shot,SkillEffect applies FlipX for directional attacks; delayed layer samples caster position at SpawnLayer execution; map entity then applies drift,F00–F07 전체를 순서대로 직접 대조,밝은 모래 고리가 지면에서 원뿔 송곳으로 솟고 갈색 알갱이와 함께 무너짐,D:\maplestory_levup\docs\art\area00-images-output\AREA_00_IMAGES_OUTPUT_ORIGINAL.zip,AREA_00_IMAGES_OUTPUT/monsters/005_m_slime_슬라임/VFX/005_m_slime_s_mon_slime_F04.png,AREA00 실제 승인 원화. 해당 보드의 기준 프레임 + ART_STYLE_STANDARD의 전체 기준. 고유 모양/저레벨 규모를 요구하지 않음,"모래는 부드러운 먼지 덩어리와 개별 입자, 데우의 선인장/가시는 입체 면과 날카로운 조각으로 마무리된다. 목도리 REFERENCE만 작은 픽셀 외곽 차이가 두드러진다.",동일 몬스터의 실제 ICON 및 모든 VFX 역할 대조. 색·소재·반사광 관계에서 명백한 이탈 없음,"모래는 부드러운 먼지 덩어리와 개별 입자, 데우의 선인장/가시는 입체 면과 날카로운 조각으로 마무리된다. 목도리 REFERENCE만 작은 픽셀 외곽 차이가 두드러진다.",AREA00 기준 + 전체 Area의 동일 역할 보드 대조; 다수결 기준 사용 안 함. 추가 소재 비교는 CROSS_AREA_MATERIAL_BOARD_INDEX.csv,팔레트·재질·형상·레벨/보스 규모·밀도·역할별 프레임/시간 차이 허용,해당 없음,모래를 파고 솟는 원뿔형 굴착탄과 작은 모래알. ‘흰 모래토끼 / 사막 굴착탄’ 전용 소재이며 몬스터 본체는 VFX에 직접 넣지 않음 | SkillEffect applies FlipX for directional attacks; delayed layer samples caster position at SpawnLayer execution; map entity then applies drift,원화 유지,NO,NO,D:\maplestory_levup\docs\art\output_audit\runs\20260912_162508_msw_origin_art_review\CROSS_AREA_STYLE_BOARD\area_13_m_white_sand_rabbit_CAST_VFX_NATIVE.png,,"PNG 원본을 동일 RGB(32,38,48) 배경에 1:1 합성. 확대는 동일 128px 영역 2배 NEAREST. 큰 보드의 도구 축소 표시 가능; 이탈 상세는 1600px 보드에서 추가 대조",전 프레임 순서상 형성/변화/해체/잔상 대조. 실시간 재생의 체감 리듬 및 엔진 합성은 미검증,NOT_CHECKED: 게임 내 최종 배율/카메라/필터/배경에서의 선명도 미검증. 명세 배율만으로 런타임 표시를 보았다고 하지 않음,NO_OBVIOUS_ISSUE,기존 파일검사 재사용,TARGET_OUTPUT
area_13,m_scarf_plead,목도리 프릴드,s_mon_scarf_plead,목도리의 사막감각,ICON,CONSISTENT_WITH_REFERENCE,D:\maplestory_levup\docs\art\output_repacked\20260912_153221_v24_repack\AREA_13_IMAGES_OUTPUT.zip,AREA_13_IMAGES_OUTPUT/ICON/002_m_scarf_plead_s_mon_scarf_plead_ICON.png,"{""AREA_13_IMAGES_OUTPUT/ICON/002_m_scarf_plead_s_mon_scarf_plead_ICON.png"": ""1e4366512d6dffa9c4c78581093586da9b2c0b7cbbfa95f52cc0abe40b407260""}",D:\maplestory_levup\docs\art\images-input-packages-v2_4\AREA_13_IMAGES_INPUT_V2_4.zip,V2.4,AREA_13_IMAGES_INPUT_V2_4/monsters/002_m_scarf_plead_목도리_프릴드/GENERATION_SPEC.md,목도리 끝이 바람결을 읽듯 휘는 얇은 사막 감지선. ‘목도리 프릴드 / 목도리의 사막감각’ 전용 소재이며 몬스터 본체는 VFX에 직접 넣지 않음,static / static,none,ICON 原寸 전체,주황·적갈 목도리 조각이 바람 초승달을 따라 흔들렸다 원래 곡선으로 복귀,D:\maplestory_levup\docs\art\area00-images-output\AREA_00_IMAGES_OUTPUT_ORIGINAL.zip,AREA_00_IMAGES_OUTPUT/monsters/002_m_blue_snail_파란_달팽이/ICON/002_m_blue_snail_s_mon_blue_snail_ICON.png,AREA00 실제 승인 원화. 해당 보드의 기준 프레임 + ART_STYLE_STANDARD의 전체 기준. 고유 모양/저레벨 규모를 요구하지 않음,"모래는 부드러운 먼지 덩어리와 개별 입자, 데우의 선인장/가시는 입체 면과 날카로운 조각으로 마무리된다. 목도리 REFERENCE만 작은 픽셀 외곽 차이가 두드러진다.",동일 몬스터의 실제 ICON 및 모든 VFX 역할 대조. 일부 역할의 차이는 아래 별도 후보로 한정,"모래는 부드러운 먼지 덩어리와 개별 입자, 데우의 선인장/가시는 입체 면과 날카로운 조각으로 마무리된다. 목도리 REFERENCE만 작은 픽셀 외곽 차이가 두드러진다.",AREA00 기준 + 전체 Area의 동일 역할 보드 대조; 다수결 기준 사용 안 함. 추가 소재 비교는 CROSS_AREA_MATERIAL_BOARD_INDEX.csv,팔레트·재질·형상·레벨/보스 규모·밀도·역할별 프레임/시간 차이 허용,해당 없음,목도리 끝이 바람결을 읽듯 휘는 얇은 사막 감지선. ‘목도리 프릴드 / 목도리의 사막감각’ 전용 소재이며 몬스터 본체는 VFX에 직접 넣지 않음 | none,원화 유지,NO,NO,D:\maplestory_levup\docs\art\output_audit\runs\20260912_162508_msw_origin_art_review\CROSS_AREA_STYLE_BOARD\area_13_ICON_NATIVE.png,,"PNG 원본을 동일 RGB(32,38,48) 배경에 1:1 합성. 확대는 동일 128px 영역 2배 NEAREST. 큰 보드의 도구 축소 표시 가능; 이탈 상세는 1600px 보드에서 추가 대조",전 프레임 순서상 형성/변화/해체/잔상 대조. 실시간 재생의 체감 리듬 및 엔진 합성은 미검증,NOT_CHECKED: 게임 내 최종 배율/카메라/필터/배경에서의 선명도 미검증. 명세 배율만으로 런타임 표시를 보았다고 하지 않음,NO_OBVIOUS_ISSUE,기존 파일검사 재사용,TARGET_OUTPUT
area_13,m_scarf_plead,목도리 프릴드,s_mon_scarf_plead,목도리의 사막감각,REFERENCE_VFX,STYLE_OUTLIER,D:\maplestory_levup\docs\art\output_repacked\20260912_153221_v24_repack\AREA_13_IMAGES_OUTPUT.zip,AREA_13_IMAGES_OUTPUT/REFERENCE/002_m_scarf_plead_s_mon_scarf_plead_REFERENCE_F00.png|AREA_13_IMAGES_OUTPUT/REFERENCE/002_m_scarf_plead_s_mon_scarf_plead_REFERENCE_F01.png|AREA_13_IMAGES_OUTPUT/REFERENCE/002_m_scarf_plead_s_mon_scarf_plead_REFERENCE_F02.png|AREA_13_IMAGES_OUTPUT/REFERENCE/002_m_scarf_plead_s_mon_scarf_plead_REFERENCE_F03.png|AREA_13_IMAGES_OUTPUT/REFERENCE/002_m_scarf_plead_s_mon_scarf_plead_REFERENCE_F04.png|AREA_13_IMAGES_OUTPUT/REFERENCE/002_m_scarf_plead_s_mon_scarf_plead_REFERENCE_F05.png,"{""AREA_13_IMAGES_OUTPUT/REFERENCE/002_m_scarf_plead_s_mon_scarf_plead_REFERENCE_F00.png"": ""f89a237a9aac9e12ae1555331938a860ab479b0f428daa816f5e1d295cb2345f"", ""AREA_13_IMAGES_OUTPUT/REFERENCE/002_m_scarf_plead_s_mon_scarf_plead_REFERENCE_F01.png"": ""7ec7607b277f1bba605c1b6d7e6af8389da9f87d8ad3840c5eff97931309b0ed"", ""AREA_13_IMAGES_OUTPUT/REFERENCE/002_m_scarf_plead_s_mon_scarf_plead_REFERENCE_F02.png"": ""530b87b69e756c26ba06214e3893847dc33b1e0c68915fe451cfe7e3dcc6ae81"", ""AREA_13_IMAGES_OUTPUT/REFERENCE/002_m_scarf_plead_s_mon_scarf_plead_REFERENCE_F03.png"": ""69132c2ed317be5d54882ada36362d2edd376508faf70db713d62a44a8b5d407"", ""AREA_13_IMAGES_OUTPUT/REFERENCE/002_m_scarf_plead_s_mon_scarf_plead_REFERENCE_F04.png"": ""985b2185fb86368ea96d1829ef9b97e90e4e2e3bccf4e72cf5acf3d9f4f5974e"", ""AREA_13_IMAGES_OUTPUT/REFERENCE/002_m_scarf_plead_s_mon_scarf_plead_REFERENCE_F05.png"": ""5d5c51da8d8693114f9c5e62637b48f84a23990e04215f6222c21616f1b0f596""}",D:\maplestory_levup\docs\art\images-input-packages-v2_4\AREA_13_IMAGES_INPUT_V2_4.zip,V2.4,AREA_13_IMAGES_INPUT_V2_4/monsters/002_m_scarf_plead_목도리_프릴드/GENERATION_SPEC.md,목도리 끝이 바람결을 읽듯 휘는 얇은 사막 감지선. ‘목도리 프릴드 / 목도리의 사막감각’ 전용 소재이며 몬스터 본체는 VFX에 직접 넣지 않음,0.10 / preview-only non-loop,preview only; no engine motion/FlipX contract,F00–F05 전체를 순서대로 직접 대조,주황·적갈 목도리 조각이 바람 초승달을 따라 흔들렸다 원래 곡선으로 복귀,D:\maplestory_levup\docs\art\area00-images-output\AREA_00_IMAGES_OUTPUT_ORIGINAL.zip,AREA_00_IMAGES_OUTPUT/monsters/002_m_blue_snail_파란_달팽이/VFX/002_m_blue_snail_s_mon_blue_snail_F04.png,AREA00 실제 승인 원화. 해당 보드의 기준 프레임 + ART_STYLE_STANDARD의 전체 기준. 고유 모양/저레벨 규모를 요구하지 않음,F00–F05 목도리에 계단형 외곽과 줄무늬처럼 분리된 명암이 보인다. 같은 ICON 및 리본돼지 CAST의 직물 곡면/부드러운 광선과 다르다.,동일 몬스터의 실제 ICON 및 모든 VFX 역할 대조. 일부 역할의 차이는 아래 별도 후보로 한정,"모래는 부드러운 먼지 덩어리와 개별 입자, 데우의 선인장/가시는 입체 면과 날카로운 조각으로 마무리된다. 목도리 REFERENCE만 작은 픽셀 외곽 차이가 두드러진다.",AREA00 기준 + 전체 Area의 동일 역할 보드 대조; 다수결 기준 사용 안 함. 추가 소재 비교는 CROSS_AREA_MATERIAL_BOARD_INDEX.csv,팔레트·재질·형상·레벨/보스 규모·밀도·역할별 프레임/시간 차이 허용,액체/금속/직물 등 소재 자체보다 픽셀 단위의 외곽·명암·광선 연결 방식이 다른 점을 판정,목도리 끝이 바람결을 읽듯 휘는 얇은 사막 감지선. ‘목도리 프릴드 / 목도리의 사막감각’ 전용 소재이며 몬스터 본체는 VFX에 직접 넣지 않음 | preview only; no engine motion/FlipX contract,목도리·속도 잔상·호흡 유지; 직물 주름 음영 및 끝단 마감 정돈,YES,NO,D:\maplestory_levup\docs\art\output_audit\runs\20260912_162508_msw_origin_art_review\CROSS_AREA_STYLE_BOARD\area_13_m_scarf_plead_REFERENCE_VFX_NATIVE.png,D:\maplestory_levup\docs\art\output_audit\runs\20260912_162508_msw_origin_art_review\STYLE_OUTLIERS\area_13_m_scarf_plead_REFERENCE_VFX_COMPARE.png,"PNG 원본을 동일 RGB(32,38,48) 배경에 1:1 합성. 확대는 동일 128px 영역 2배 NEAREST. 큰 보드의 도구 축소 표시 가능; 이탈 상세는 1600px 보드에서 추가 대조",전 프레임 순서상 형성/변화/해체/잔상 대조. 실시간 재생의 체감 리듬 및 엔진 합성은 미검증,NOT_CHECKED: 게임 내 최종 배율/카메라/필터/배경에서의 선명도 미검증. 명세 배율만으로 런타임 표시를 보았다고 하지 않음,NO_OBVIOUS_ISSUE,기존 파일검사 재사용,TARGET_OUTPUT
area_13,m_meercat,미요캐츠,s_mon_meercat,미요캐츠의 모래매복,ICON,CONSISTENT_WITH_REFERENCE,D:\maplestory_levup\docs\art\output_repacked\20260912_153221_v24_repack\AREA_13_IMAGES_OUTPUT.zip,AREA_13_IMAGES_OUTPUT/ICON/003_m_meercat_s_mon_meercat_ICON.png,"{""AREA_13_IMAGES_OUTPUT/ICON/003_m_meercat_s_mon_meercat_ICON.png"": ""7d0b6075edfaf5faa6744e5d3ca4a4d1e7a2fecc9ecc7febea23923cbed6d9a4""}",D:\maplestory_levup\docs\art\images-input-packages-v2_4\AREA_13_IMAGES_INPUT_V2_4.zip,V2.4,AREA_13_IMAGES_INPUT_V2_4/monsters/003_m_meercat_미요캐츠/GENERATION_SPEC.md,모래언덕 아래 숨었다 솟는 두 갈래 매복 흔적. ‘미요캐츠 / 미요캐츠의 모래매복’ 전용 소재이며 몬스터 본체는 VFX에 직접 넣지 않음,static / static,none,ICON 原寸 전체,낮은 모래 둔덕이 전방 원뿔로 솟고 큰 모래 파편 뒤 얕은 고리로 가라앉음,D:\maplestory_levup\docs\art\area00-images-output\AREA_00_IMAGES_OUTPUT_ORIGINAL.zip,AREA_00_IMAGES_OUTPUT/monsters/002_m_blue_snail_파란_달팽이/ICON/002_m_blue_snail_s_mon_blue_snail_ICON.png,AREA00 실제 승인 원화. 해당 보드의 기준 프레임 + ART_STYLE_STANDARD의 전체 기준. 고유 모양/저레벨 규모를 요구하지 않음,"모래는 부드러운 먼지 덩어리와 개별 입자, 데우의 선인장/가시는 입체 면과 날카로운 조각으로 마무리된다. 목도리 REFERENCE만 작은 픽셀 외곽 차이가 두드러진다.",동일 몬스터의 실제 ICON 및 모든 VFX 역할 대조. 색·소재·반사광 관계에서 명백한 이탈 없음,"모래는 부드러운 먼지 덩어리와 개별 입자, 데우의 선인장/가시는 입체 면과 날카로운 조각으로 마무리된다. 목도리 REFERENCE만 작은 픽셀 외곽 차이가 두드러진다.",AREA00 기준 + 전체 Area의 동일 역할 보드 대조; 다수결 기준 사용 안 함. 추가 소재 비교는 CROSS_AREA_MATERIAL_BOARD_INDEX.csv,팔레트·재질·형상·레벨/보스 규모·밀도·역할별 프레임/시간 차이 허용,해당 없음,모래언덕 아래 숨었다 솟는 두 갈래 매복 흔적. ‘미요캐츠 / 미요캐츠의 모래매복’ 전용 소재이며 몬스터 본체는 VFX에 직접 넣지 않음 | none,원화 유지,NO,NO,D:\maplestory_levup\docs\art\output_audit\runs\20260912_162508_msw_origin_art_review\CROSS_AREA_STYLE_BOARD\area_13_ICON_NATIVE.png,,"PNG 원본을 동일 RGB(32,38,48) 배경에 1:1 합성. 확대는 동일 128px 영역 2배 NEAREST. 큰 보드의 도구 축소 표시 가능; 이탈 상세는 1600px 보드에서 추가 대조",전 프레임 순서상 형성/변화/해체/잔상 대조. 실시간 재생의 체감 리듬 및 엔진 합성은 미검증,NOT_CHECKED: 게임 내 최종 배율/카메라/필터/배경에서의 선명도 미검증. 명세 배율만으로 런타임 표시를 보았다고 하지 않음,NO_OBVIOUS_ISSUE,기존 파일검사 재사용,TARGET_OUTPUT
area_13,m_meercat,미요캐츠,s_mon_meercat,미요캐츠의 모래매복,CAST_VFX,CONSISTENT_WITH_REFERENCE,D:\maplestory_levup\docs\art\output_repacked\20260912_153221_v24_repack\AREA_13_IMAGES_OUTPUT.zip,AREA_13_IMAGES_OUTPUT/CAST/003_m_meercat_s_mon_meercat_CAST_F00.png|AREA_13_IMAGES_OUTPUT/CAST/003_m_meercat_s_mon_meercat_CAST_F01.png|AREA_13_IMAGES_OUTPUT/CAST/003_m_meercat_s_mon_meercat_CAST_F02.png|AREA_13_IMAGES_OUTPUT/CAST/003_m_meercat_s_mon_meercat_CAST_F03.png|AREA_13_IMAGES_OUTPUT/CAST/003_m_meercat_s_mon_meercat_CAST_F04.png|AREA_13_IMAGES_OUTPUT/CAST/003_m_meercat_s_mon_meercat_CAST_F05.png|AREA_13_IMAGES_OUTPUT/CAST/003_m_meercat_s_mon_meercat_CAST_F06.png|AREA_13_IMAGES_OUTPUT/CAST/003_m_meercat_s_mon_meercat_CAST_F07.png,"{""AREA_13_IMAGES_OUTPUT/CAST/003_m_meercat_s_mon_meercat_CAST_F00.png"": ""b395b2f2d86cee9b3c0a4e4214a5c163111e7b4876600a80dacd9f736984a870"", ""AREA_13_IMAGES_OUTPUT/CAST/003_m_meercat_s_mon_meercat_CAST_F01.png"": ""d3c84315726ecace2c0240de1043af097f498bfa0fcc2901324fe5b6718f094f"", ""AREA_13_IMAGES_OUTPUT/CAST/003_m_meercat_s_mon_meercat_CAST_F02.png"": ""bdacd8831083df4df8a272d97f840857b66665b83aa0206def099980052ba3ba"", ""AREA_13_IMAGES_OUTPUT/CAST/003_m_meercat_s_mon_meercat_CAST_F03.png"": ""d8c4b4511f840be708c4710022d90658880dfdb801bccdbbf87a5ccb07729ddf"", ""AREA_13_IMAGES_OUTPUT/CAST/003_m_meercat_s_mon_meercat_CAST_F04.png"": ""87774fa1058b0166548bec7b892132d0a2c52b0ccb36b6be051ebd3a123f3958"", ""AREA_13_IMAGES_OUTPUT/CAST/003_m_meercat_s_mon_meercat_CAST_F05.png"": ""cd1c21653cf05e67dc2fec388e5a974298157a31c4513ebef379a0afb1f892c1"", ""AREA_13_IMAGES_OUTPUT/CAST/003_m_meercat_s_mon_meercat_CAST_F06.png"": ""c862337bb77e024db659614840dc4798123c652e007829c72f63d990f6990a63"", ""AREA_13_IMAGES_OUTPUT/CAST/003_m_meercat_s_mon_meercat_CAST_F07.png"": ""47ce94477585975d4eba19c67f1605372ac274e7a5faba2a916bed23e8742733""}",D:\maplestory_levup\docs\art\images-input-packages-v2_4\AREA_13_IMAGES_INPUT_V2_4.zip,V2.4,AREA_13_IMAGES_INPUT_V2_4/monsters/003_m_meercat_미요캐츠/GENERATION_SPEC.md,모래언덕 아래 숨었다 솟는 두 갈래 매복 흔적. ‘미요캐츠 / 미요캐츠의 모래매복’ 전용 소재이며 몬스터 본체는 VFX에 직접 넣지 않음,0.10 / non-loop one-shot,SkillEffect applies FlipX for directional attacks; delayed layer samples caster position at SpawnLayer execution; map entity then applies drift,F00–F07 전체를 순서대로 직접 대조,낮은 모래 둔덕이 전방 원뿔로 솟고 큰 모래 파편 뒤 얕은 고리로 가라앉음,D:\maplestory_levup\docs\art\area00-images-output\AREA_00_IMAGES_OUTPUT_ORIGINAL.zip,AREA_00_IMAGES_OUTPUT/monsters/005_m_slime_슬라임/VFX/005_m_slime_s_mon_slime_F04.png,AREA00 실제 승인 원화. 해당 보드의 기준 프레임 + ART_STYLE_STANDARD의 전체 기준. 고유 모양/저레벨 규모를 요구하지 않음,"모래는 부드러운 먼지 덩어리와 개별 입자, 데우의 선인장/가시는 입체 면과 날카로운 조각으로 마무리된다. 목도리 REFERENCE만 작은 픽셀 외곽 차이가 두드러진다.",동일 몬스터의 실제 ICON 및 모든 VFX 역할 대조. 색·소재·반사광 관계에서 명백한 이탈 없음,"모래는 부드러운 먼지 덩어리와 개별 입자, 데우의 선인장/가시는 입체 면과 날카로운 조각으로 마무리된다. 목도리 REFERENCE만 작은 픽셀 외곽 차이가 두드러진다.",AREA00 기준 + 전체 Area의 동일 역할 보드 대조; 다수결 기준 사용 안 함. 추가 소재 비교는 CROSS_AREA_MATERIAL_BOARD_INDEX.csv,팔레트·재질·형상·레벨/보스 규모·밀도·역할별 프레임/시간 차이 허용,해당 없음,모래언덕 아래 숨었다 솟는 두 갈래 매복 흔적. ‘미요캐츠 / 미요캐츠의 모래매복’ 전용 소재이며 몬스터 본체는 VFX에 직접 넣지 않음 | SkillEffect applies FlipX for directional attacks; delayed layer samples caster position at SpawnLayer execution; map entity then applies drift,원화 유지,NO,NO,D:\maplestory_levup\docs\art\output_audit\runs\20260912_162508_msw_origin_art_review\CROSS_AREA_STYLE_BOARD\area_13_m_meercat_CAST_VFX_NATIVE.png,,"PNG 원본을 동일 RGB(32,38,48) 배경에 1:1 합성. 확대는 동일 128px 영역 2배 NEAREST. 큰 보드의 도구 축소 표시 가능; 이탈 상세는 1600px 보드에서 추가 대조",전 프레임 순서상 형성/변화/해체/잔상 대조. 실시간 재생의 체감 리듬 및 엔진 합성은 미검증,NOT_CHECKED: 게임 내 최종 배율/카메라/필터/배경에서의 선명도 미검증. 명세 배율만으로 런타임 표시를 보았다고 하지 않음,NO_OBVIOUS_ISSUE,기존 파일검사 재사용,TARGET_OUTPUT
area_13,m_sand_dwarf,모래난쟁이,s_mon_sand_dwarf,사막 대장장이의 체력,ICON,CONSISTENT_WITH_REFERENCE,D:\maplestory_levup\docs\art\output_repacked\20260912_153221_v24_repack\AREA_13_IMAGES_OUTPUT.zip,AREA_13_IMAGES_OUTPUT/ICON/004_m_sand_dwarf_s_mon_sand_dwarf_ICON.png,"{""AREA_13_IMAGES_OUTPUT/ICON/004_m_sand_dwarf_s_mon_sand_dwarf_ICON.png"": ""a2a252a98b6b252ebc9654f823dca69f546a148446a7308a2c5db4f370c9c7ed""}",D:\maplestory_levup\docs\art\images-input-packages-v2_4\AREA_13_IMAGES_INPUT_V2_4.zip,V2.4,AREA_13_IMAGES_INPUT_V2_4/monsters/004_m_sand_dwarf_모래난쟁이/GENERATION_SPEC.md,대장장이 망치 문양과 단단히 맺힌 붉은 체력 불씨. ‘모래난쟁이 / 사막 대장장이의 체력’ 전용 소재이며 몬스터 본체는 VFX에 직접 넣지 않음,static / static,none,ICON 原寸 전체,주황 망치 머리와 붉은 체력광이 짧게 밝아졌다 모래 궤적 속에서 안정,D:\maplestory_levup\docs\art\area00-images-output\AREA_00_IMAGES_OUTPUT_ORIGINAL.zip,AREA_00_IMAGES_OUTPUT/monsters/002_m_blue_snail_파란_달팽이/ICON/002_m_blue_snail_s_mon_blue_snail_ICON.png,AREA00 실제 승인 원화. 해당 보드의 기준 프레임 + ART_STYLE_STANDARD의 전체 기준. 고유 모양/저레벨 규모를 요구하지 않음,"모래는 부드러운 먼지 덩어리와 개별 입자, 데우의 선인장/가시는 입체 면과 날카로운 조각으로 마무리된다. 목도리 REFERENCE만 작은 픽셀 외곽 차이가 두드러진다.",동일 몬스터의 실제 ICON 및 모든 VFX 역할 대조. 색·소재·반사광 관계에서 명백한 이탈 없음,"모래는 부드러운 먼지 덩어리와 개별 입자, 데우의 선인장/가시는 입체 면과 날카로운 조각으로 마무리된다. 목도리 REFERENCE만 작은 픽셀 외곽 차이가 두드러진다.",AREA00 기준 + 전체 Area의 동일 역할 보드 대조; 다수결 기준 사용 안 함. 추가 소재 비교는 CROSS_AREA_MATERIAL_BOARD_INDEX.csv,팔레트·재질·형상·레벨/보스 규모·밀도·역할별 프레임/시간 차이 허용,해당 없음,대장장이 망치 문양과 단단히 맺힌 붉은 체력 불씨. ‘모래난쟁이 / 사막 대장장이의 체력’ 전용 소재이며 몬스터 본체는 VFX에 직접 넣지 않음 | none,원화 유지,NO,NO,D:\maplestory_levup\docs\art\output_audit\runs\20260912_162508_msw_origin_art_review\CROSS_AREA_STYLE_BOARD\area_13_ICON_NATIVE.png,,"PNG 원본을 동일 RGB(32,38,48) 배경에 1:1 합성. 확대는 동일 128px 영역 2배 NEAREST. 큰 보드의 도구 축소 표시 가능; 이탈 상세는 1600px 보드에서 추가 대조",전 프레임 순서상 형성/변화/해체/잔상 대조. 실시간 재생의 체감 리듬 및 엔진 합성은 미검증,NOT_CHECKED: 게임 내 최종 배율/카메라/필터/배경에서의 선명도 미검증. 명세 배율만으로 런타임 표시를 보았다고 하지 않음,NO_OBVIOUS_ISSUE,기존 파일검사 재사용,TARGET_OUTPUT
area_13,m_sand_dwarf,모래난쟁이,s_mon_sand_dwarf,사막 대장장이의 체력,REFERENCE_VFX,CONSISTENT_WITH_REFERENCE,D:\maplestory_levup\docs\art\output_repacked\20260912_153221_v24_repack\AREA_13_IMAGES_OUTPUT.zip,AREA_13_IMAGES_OUTPUT/REFERENCE/004_m_sand_dwarf_s_mon_sand_dwarf_REFERENCE_F00.png|AREA_13_IMAGES_OUTPUT/REFERENCE/004_m_sand_dwarf_s_mon_sand_dwarf_REFERENCE_F01.png|AREA_13_IMAGES_OUTPUT/REFERENCE/004_m_sand_dwarf_s_mon_sand_dwarf_REFERENCE_F02.png|AREA_13_IMAGES_OUTPUT/REFERENCE/004_m_sand_dwarf_s_mon_sand_dwarf_REFERENCE_F03.png|AREA_13_IMAGES_OUTPUT/REFERENCE/004_m_sand_dwarf_s_mon_sand_dwarf_REFERENCE_F04.png|AREA_13_IMAGES_OUTPUT/REFERENCE/004_m_sand_dwarf_s_mon_sand_dwarf_REFERENCE_F05.png,"{""AREA_13_IMAGES_OUTPUT/REFERENCE/004_m_sand_dwarf_s_mon_sand_dwarf_REFERENCE_F00.png"": ""150fe7d8a088ca2645c0c8fd3430b73dddb6b5cf07fca8d40ec227505045bca5"", ""AREA_13_IMAGES_OUTPUT/REFERENCE/004_m_sand_dwarf_s_mon_sand_dwarf_REFERENCE_F01.png"": ""19bf5470685554e6c33f1b63df3956a0e8e69049d220d01833044b5e930d65dd"", ""AREA_13_IMAGES_OUTPUT/REFERENCE/004_m_sand_dwarf_s_mon_sand_dwarf_REFERENCE_F02.png"": ""030bb951b0757a65e221dd80866c55d4cc37c7bd6ac22cf98424ccded248cb6f"", ""AREA_13_IMAGES_OUTPUT/REFERENCE/004_m_sand_dwarf_s_mon_sand_dwarf_REFERENCE_F03.png"": ""897b6588be7b9d6ff5a1e0a75e70738126dea6e51f9eee973770a866558b49b5"", ""AREA_13_IMAGES_OUTPUT/REFERENCE/004_m_sand_dwarf_s_mon_sand_dwarf_REFERENCE_F04.png"": ""b83aaf2bd6f16bb43718387cae5409eaeefb728197ae8a3c883d6a4e863a89b5"", ""AREA_13_IMAGES_OUTPUT/REFERENCE/004_m_sand_dwarf_s_mon_sand_dwarf_REFERENCE_F05.png"": ""36b09b4710e937ceb5fe14318c4fe26947b0223c29459174690bcdc9fa11dd7f""}",D:\maplestory_levup\docs\art\images-input-packages-v2_4\AREA_13_IMAGES_INPUT_V2_4.zip,V2.4,AREA_13_IMAGES_INPUT_V2_4/monsters/004_m_sand_dwarf_모래난쟁이/GENERATION_SPEC.md,대장장이 망치 문양과 단단히 맺힌 붉은 체력 불씨. ‘모래난쟁이 / 사막 대장장이의 체력’ 전용 소재이며 몬스터 본체는 VFX에 직접 넣지 않음,0.10 / preview-only non-loop,preview only; no engine motion/FlipX contract,F00–F05 전체를 순서대로 직접 대조,주황 망치 머리와 붉은 체력광이 짧게 밝아졌다 모래 궤적 속에서 안정,D:\maplestory_levup\docs\art\area00-images-output\AREA_00_IMAGES_OUTPUT_ORIGINAL.zip,AREA_00_IMAGES_OUTPUT/monsters/002_m_blue_snail_파란_달팽이/VFX/002_m_blue_snail_s_mon_blue_snail_F04.png,AREA00 실제 승인 원화. 해당 보드의 기준 프레임 + ART_STYLE_STANDARD의 전체 기준. 고유 모양/저레벨 규모를 요구하지 않음,"모래는 부드러운 먼지 덩어리와 개별 입자, 데우의 선인장/가시는 입체 면과 날카로운 조각으로 마무리된다. 목도리 REFERENCE만 작은 픽셀 외곽 차이가 두드러진다.",동일 몬스터의 실제 ICON 및 모든 VFX 역할 대조. 색·소재·반사광 관계에서 명백한 이탈 없음,"모래는 부드러운 먼지 덩어리와 개별 입자, 데우의 선인장/가시는 입체 면과 날카로운 조각으로 마무리된다. 목도리 REFERENCE만 작은 픽셀 외곽 차이가 두드러진다.",AREA00 기준 + 전체 Area의 동일 역할 보드 대조; 다수결 기준 사용 안 함. 추가 소재 비교는 CROSS_AREA_MATERIAL_BOARD_INDEX.csv,팔레트·재질·형상·레벨/보스 규모·밀도·역할별 프레임/시간 차이 허용,해당 없음,대장장이 망치 문양과 단단히 맺힌 붉은 체력 불씨. ‘모래난쟁이 / 사막 대장장이의 체력’ 전용 소재이며 몬스터 본체는 VFX에 직접 넣지 않음 | preview only; no engine motion/FlipX contract,원화 유지,NO,NO,D:\maplestory_levup\docs\art\output_audit\runs\20260912_162508_msw_origin_art_review\CROSS_AREA_STYLE_BOARD\area_13_m_sand_dwarf_REFERENCE_VFX_NATIVE.png,,"PNG 원본을 동일 RGB(32,38,48) 배경에 1:1 합성. 확대는 동일 128px 영역 2배 NEAREST. 큰 보드의 도구 축소 표시 가능; 이탈 상세는 1600px 보드에서 추가 대조",전 프레임 순서상 형성/변화/해체/잔상 대조. 실시간 재생의 체감 리듬 및 엔진 합성은 미검증,NOT_CHECKED: 게임 내 최종 배율/카메라/필터/배경에서의 선명도 미검증. 명세 배율만으로 런타임 표시를 보았다고 하지 않음,NO_OBVIOUS_ISSUE,기존 파일검사 재사용,TARGET_OUTPUT
area_13,m_deo,데우,s_mon_deo,잠든 선인장의 폭발,ICON,CONSISTENT_WITH_REFERENCE,D:\maplestory_levup\docs\art\output_repacked\20260912_153221_v24_repack\AREA_13_IMAGES_OUTPUT.zip,AREA_13_IMAGES_OUTPUT/ICON/005_m_deo_s_mon_deo_ICON.png,"{""AREA_13_IMAGES_OUTPUT/ICON/005_m_deo_s_mon_deo_ICON.png"": ""be4fc8d85b5b2b905a95aa83c3a1af83afed93ae25beac73497b5a7768599c06""}",D:\maplestory_levup\docs\art\images-input-packages-v2_4\AREA_13_IMAGES_INPUT_V2_4.zip,V2.4,AREA_13_IMAGES_INPUT_V2_4/monsters/005_m_deo_데우/GENERATION_SPEC.md,선인장 가시가 원형으로 벌어지며 모래와 함께 폭발. ‘데우 / 잠든 선인장의 폭발’ 전용 소재이며 몬스터 본체는 VFX에 직접 넣지 않음,static / static,none,ICON 原寸 전체,초록 선인장 방패가 모래가시 폭발 중심에서 솟고 금빛 파편 고리로 해체,D:\maplestory_levup\docs\art\area00-images-output\AREA_00_IMAGES_OUTPUT_ORIGINAL.zip,AREA_00_IMAGES_OUTPUT/monsters/002_m_blue_snail_파란_달팽이/ICON/002_m_blue_snail_s_mon_blue_snail_ICON.png,AREA00 실제 승인 원화. 해당 보드의 기준 프레임 + ART_STYLE_STANDARD의 전체 기준. 고유 모양/저레벨 규모를 요구하지 않음,"모래는 부드러운 먼지 덩어리와 개별 입자, 데우의 선인장/가시는 입체 면과 날카로운 조각으로 마무리된다. 목도리 REFERENCE만 작은 픽셀 외곽 차이가 두드러진다.",동일 몬스터의 실제 ICON 및 모든 VFX 역할 대조. 색·소재·반사광 관계에서 명백한 이탈 없음,"모래는 부드러운 먼지 덩어리와 개별 입자, 데우의 선인장/가시는 입체 면과 날카로운 조각으로 마무리된다. 목도리 REFERENCE만 작은 픽셀 외곽 차이가 두드러진다.",AREA00 기준 + 전체 Area의 동일 역할 보드 대조; 다수결 기준 사용 안 함. 추가 소재 비교는 CROSS_AREA_MATERIAL_BOARD_INDEX.csv,팔레트·재질·형상·레벨/보스 규모·밀도·역할별 프레임/시간 차이 허용,해당 없음,선인장 가시가 원형으로 벌어지며 모래와 함께 폭발. ‘데우 / 잠든 선인장의 폭발’ 전용 소재이며 몬스터 본체는 VFX에 직접 넣지 않음 | none,원화 유지,NO,NO,D:\maplestory_levup\docs\art\output_audit\runs\20260912_162508_msw_origin_art_review\CROSS_AREA_STYLE_BOARD\area_13_ICON_NATIVE.png,,"PNG 원본을 동일 RGB(32,38,48) 배경에 1:1 합성. 확대는 동일 128px 영역 2배 NEAREST. 큰 보드의 도구 축소 표시 가능; 이탈 상세는 1600px 보드에서 추가 대조",전 프레임 순서상 형성/변화/해체/잔상 대조. 실시간 재생의 체감 리듬 및 엔진 합성은 미검증,NOT_CHECKED: 게임 내 최종 배율/카메라/필터/배경에서의 선명도 미검증. 명세 배율만으로 런타임 표시를 보았다고 하지 않음,NO_OBVIOUS_ISSUE,기존 파일검사 재사용,TARGET_OUTPUT
area_13,m_deo,데우,s_mon_deo,잠든 선인장의 폭발,CAST_VFX,CONSISTENT_WITH_REFERENCE,D:\maplestory_levup\docs\art\output_repacked\20260912_153221_v24_repack\AREA_13_IMAGES_OUTPUT.zip,AREA_13_IMAGES_OUTPUT/CAST/005_m_deo_s_mon_deo_CAST_F00.png|AREA_13_IMAGES_OUTPUT/CAST/005_m_deo_s_mon_deo_CAST_F01.png|AREA_13_IMAGES_OUTPUT/CAST/005_m_deo_s_mon_deo_CAST_F02.png|AREA_13_IMAGES_OUTPUT/CAST/005_m_deo_s_mon_deo_CAST_F03.png|AREA_13_IMAGES_OUTPUT/CAST/005_m_deo_s_mon_deo_CAST_F04.png|AREA_13_IMAGES_OUTPUT/CAST/005_m_deo_s_mon_deo_CAST_F05.png|AREA_13_IMAGES_OUTPUT/CAST/005_m_deo_s_mon_deo_CAST_F06.png|AREA_13_IMAGES_OUTPUT/CAST/005_m_deo_s_mon_deo_CAST_F07.png|AREA_13_IMAGES_OUTPUT/CAST/005_m_deo_s_mon_deo_CAST_F08.png|AREA_13_IMAGES_OUTPUT/CAST/005_m_deo_s_mon_deo_CAST_F09.png|AREA_13_IMAGES_OUTPUT/CAST/005_m_deo_s_mon_deo_CAST_F10.png|AREA_13_IMAGES_OUTPUT/CAST/005_m_deo_s_mon_deo_CAST_F11.png,"{""AREA_13_IMAGES_OUTPUT/CAST/005_m_deo_s_mon_deo_CAST_F00.png"": ""043e4ed5acc4848c27684a4d6c750fa387596324d2e7ae493430e22351443e28"", ""AREA_13_IMAGES_OUTPUT/CAST/005_m_deo_s_mon_deo_CAST_F01.png"": ""1bbe81d91f6bcce68682a2e59725d2e62077d7f9245e6deb39a45cb0732d4fcf"", ""AREA_13_IMAGES_OUTPUT/CAST/005_m_deo_s_mon_deo_CAST_F02.png"": ""d7a411ef4ae3f36753bc1095f20263c08c337a5c10c170b7566289acbc24ea2a"", ""AREA_13_IMAGES_OUTPUT/CAST/005_m_deo_s_mon_deo_CAST_F03.png"": ""d7ffef81441596fd31f194b9ce0c65fec1c39e113a01d664e20dc2c8c37714b4"", ""AREA_13_IMAGES_OUTPUT/CAST/005_m_deo_s_mon_deo_CAST_F04.png"": ""7b787df1d1d9ad4da1be007599323523984b1c11291b7c32ee36c17264637017"", ""AREA_13_IMAGES_OUTPUT/CAST/005_m_deo_s_mon_deo_CAST_F05.png"": ""5d49ed3a7ae03062092c01f5633750b083c44cd595391ed54aa4f4f81c96cbc5"", ""AREA_13_IMAGES_OUTPUT/CAST/005_m_deo_s_mon_deo_CAST_F06.png"": ""494661e1778f52300616a0b273bbd103c27ea860451b48d7e011bb79cbf5b9b1"", ""AREA_13_IMAGES_OUTPUT/CAST/005_m_deo_s_mon_deo_CAST_F07.png"": ""167a95c89cb44bea541ef312e532f4a5dece890337420f1f634db53abf895c47"", ""AREA_13_IMAGES_OUTPUT/CAST/005_m_deo_s_mon_deo_CAST_F08.png"": ""8d2947d2ef7302ba9875c54cca561dae54eaa90b0586e0dc039b6c1d37a63e01"", ""AREA_13_IMAGES_OUTPUT/CAST/005_m_deo_s_mon_deo_CAST_F09.png"": ""94c767681313bc53d8a092ecb424f5041508a27a908afe826da9cfa5ab20e3d4"", ""AREA_13_IMAGES_OUTPUT/CAST/005_m_deo_s_mon_deo_CAST_F10.png"": ""7eab8662e7f0def73514371cb9fa98d77b912d87e69400c7cc7229dc4507407a"", ""AREA_13_IMAGES_OUTPUT/CAST/005_m_deo_s_mon_deo_CAST_F11.png"": ""7ee916b83424d1f3fd2b63e76fad66b7fd8712e387b12f50cede1b99daca4f34""}",D:\maplestory_levup\docs\art\images-input-packages-v2_4\AREA_13_IMAGES_INPUT_V2_4.zip,V2.4,AREA_13_IMAGES_INPUT_V2_4/monsters/005_m_deo_데우/GENERATION_SPEC.md,선인장 가시가 원형으로 벌어지며 모래와 함께 폭발. ‘데우 / 잠든 선인장의 폭발’ 전용 소재이며 몬스터 본체는 VFX에 직접 넣지 않음,0.08 / non-loop one-shot,SkillEffect applies FlipX for directional attacks; delayed layer samples caster position at SpawnLayer execution; map entity then applies drift,F00–F11 전체를 순서대로 직접 대조,초록 선인장 방패가 모래가시 폭발 중심에서 솟고 금빛 파편 고리로 해체,D:\maplestory_levup\docs\art\area00-images-output\AREA_00_IMAGES_OUTPUT_ORIGINAL.zip,AREA_00_IMAGES_OUTPUT/monsters/004_m_mano_마노/VFX/004_m_mano_s_mon_mano_F06.png,AREA00 실제 승인 원화. 해당 보드의 기준 프레임 + ART_STYLE_STANDARD의 전체 기준. 고유 모양/저레벨 규모를 요구하지 않음,"모래는 부드러운 먼지 덩어리와 개별 입자, 데우의 선인장/가시는 입체 면과 날카로운 조각으로 마무리된다. 목도리 REFERENCE만 작은 픽셀 외곽 차이가 두드러진다.",동일 몬스터의 실제 ICON 및 모든 VFX 역할 대조. 색·소재·반사광 관계에서 명백한 이탈 없음,"모래는 부드러운 먼지 덩어리와 개별 입자, 데우의 선인장/가시는 입체 면과 날카로운 조각으로 마무리된다. 목도리 REFERENCE만 작은 픽셀 외곽 차이가 두드러진다.",AREA00 기준 + 전체 Area의 동일 역할 보드 대조; 다수결 기준 사용 안 함. 추가 소재 비교는 CROSS_AREA_MATERIAL_BOARD_INDEX.csv,팔레트·재질·형상·레벨/보스 규모·밀도·역할별 프레임/시간 차이 허용,해당 없음,선인장 가시가 원형으로 벌어지며 모래와 함께 폭발. ‘데우 / 잠든 선인장의 폭발’ 전용 소재이며 몬스터 본체는 VFX에 직접 넣지 않음 | SkillEffect applies FlipX for directional attacks; delayed layer samples caster position at SpawnLayer execution; map entity then applies drift,원화 유지,NO,NO,D:\maplestory_levup\docs\art\output_audit\runs\20260912_162508_msw_origin_art_review\CROSS_AREA_STYLE_BOARD\area_13_m_deo_CAST_VFX_NATIVE.png,,"PNG 원본을 동일 RGB(32,38,48) 배경에 1:1 합성. 확대는 동일 128px 영역 2배 NEAREST. 큰 보드의 도구 축소 표시 가능; 이탈 상세는 1600px 보드에서 추가 대조",전 프레임 순서상 형성/변화/해체/잔상 대조. 실시간 재생의 체감 리듬 및 엔진 합성은 미검증,NOT_CHECKED: 게임 내 최종 배율/카메라/필터/배경에서의 선명도 미검증. 명세 배율만으로 런타임 표시를 보았다고 하지 않음,NO_OBVIOUS_ISSUE,기존 파일검사 재사용,TARGET_OUTPUT
area_14,m_cube_slime,큐브슬라임,s_mon_cube_slime,연금 큐브막,ICON,STYLE_OUTLIER,D:\maplestory_levup\docs\art\output_repacked\20260912_153221_v24_repack\AREA_14_IMAGES_OUTPUT.zip,AREA_14_IMAGES_OUTPUT/ICON/001_m_cube_slime_s_mon_cube_slime_ICON.png,"{""AREA_14_IMAGES_OUTPUT/ICON/001_m_cube_slime_s_mon_cube_slime_ICON.png"": ""b719210d1042848d93538d23c89828def9fbe5ad940410f6fee7690eed900a11""}",D:\maplestory_levup\docs\art\images-input-packages-v2_4\AREA_14_IMAGES_INPUT_V2_4.zip,V2.4,AREA_14_IMAGES_INPUT_V2_4/monsters/001_m_cube_slime_큐브슬라임/GENERATION_SPEC.md,투명 연금 큐브가 점액처럼 휘며 겹치는 사각 보호막. ‘큐브슬라임 / 연금 큐브막’ 전용 소재이며 몬스터 본체는 VFX에 직접 넣지 않음,static / static,none,ICON 原寸 전체,청록 큐브핵 둘레에 각진 방벽과 작은 큐브 입자가 닫히고 반사광 뒤 유지,D:\maplestory_levup\docs\art\area00-images-output\AREA_00_IMAGES_OUTPUT_ORIGINAL.zip,AREA_00_IMAGES_OUTPUT/monsters/002_m_blue_snail_파란_달팽이/ICON/002_m_blue_snail_s_mon_blue_snail_ICON.png,AREA00 실제 승인 원화. 해당 보드의 기준 프레임 + ART_STYLE_STANDARD의 전체 기준. 고유 모양/저레벨 규모를 요구하지 않음,외곽·광륜·명암 경계가 반복되는 픽셀 계단과 덩어리 색면으로 구성된다. AREA00의 연속 곡선/얇은 광선/부분적인 부드러운 반투명 마감과 차이가 있다. 같은 Area 내부에는 이어지지만 액체·금속·빛 등 여러 소재에 공통인 제작 마감 차이다.,동일 몬스터의 실제 ICON 및 모든 VFX 역할 대조. 일부 역할의 차이는 아래 별도 후보로 한정,액체·유리·금속·독무에서 반복되는 픽셀 계단형 마감이 전체 역할에서 관찰된다. 지역 내부 일치만으로 AREA00 기준 적합으로 승격하지 않는다.,AREA00 기준 + 전체 Area의 동일 역할 보드 대조; 다수결 기준 사용 안 함. 추가 소재 비교는 CROSS_AREA_MATERIAL_BOARD_INDEX.csv,팔레트·재질·형상·레벨/보스 규모·밀도·역할별 프레임/시간 차이 허용,액체/금속/직물 등 소재 자체보다 픽셀 단위의 외곽·명암·광선 연결 방식이 다른 점을 판정,투명 연금 큐브가 점액처럼 휘며 겹치는 사각 보호막. ‘큐브슬라임 / 연금 큐브막’ 전용 소재이며 몬스터 본체는 VFX에 직접 넣지 않음 | none,"소재·형상·팔레트·역할·프레임 수를 보존하고 외곽 및 명암 연결, 광선 끝, 입자 가장자리의 마감만 통일 후보",YES,NO,D:\maplestory_levup\docs\art\output_audit\runs\20260912_162508_msw_origin_art_review\CROSS_AREA_STYLE_BOARD\area_14_ICON_NATIVE.png,D:\maplestory_levup\docs\art\output_audit\runs\20260912_162508_msw_origin_art_review\STYLE_OUTLIERS\area_14_m_cube_slime_ICON_COMPARE.png,"PNG 원본을 동일 RGB(32,38,48) 배경에 1:1 합성. 확대는 동일 128px 영역 2배 NEAREST. 큰 보드의 도구 축소 표시 가능; 이탈 상세는 1600px 보드에서 추가 대조",전 프레임 순서상 형성/변화/해체/잔상 대조. 실시간 재생의 체감 리듬 및 엔진 합성은 미검증,NOT_CHECKED: 게임 내 최종 배율/카메라/필터/배경에서의 선명도 미검증. 명세 배율만으로 런타임 표시를 보았다고 하지 않음,NO_OBVIOUS_ISSUE,기존 파일검사 재사용,TARGET_OUTPUT
area_14,m_cube_slime,큐브슬라임,s_mon_cube_slime,연금 큐브막,REFERENCE_VFX,STYLE_OUTLIER,D:\maplestory_levup\docs\art\output_repacked\20260912_153221_v24_repack\AREA_14_IMAGES_OUTPUT.zip,AREA_14_IMAGES_OUTPUT/REFERENCE/001_m_cube_slime_s_mon_cube_slime_REFERENCE_F00.png|AREA_14_IMAGES_OUTPUT/REFERENCE/001_m_cube_slime_s_mon_cube_slime_REFERENCE_F01.png|AREA_14_IMAGES_OUTPUT/REFERENCE/001_m_cube_slime_s_mon_cube_slime_REFERENCE_F02.png|AREA_14_IMAGES_OUTPUT/REFERENCE/001_m_cube_slime_s_mon_cube_slime_REFERENCE_F03.png|AREA_14_IMAGES_OUTPUT/REFERENCE/001_m_cube_slime_s_mon_cube_slime_REFERENCE_F04.png|AREA_14_IMAGES_OUTPUT/REFERENCE/001_m_cube_slime_s_mon_cube_slime_REFERENCE_F05.png,"{""AREA_14_IMAGES_OUTPUT/REFERENCE/001_m_cube_slime_s_mon_cube_slime_REFERENCE_F00.png"": ""48b2e6435c84f832910dea45cfa1e74bc9d2e0634cefa8712c3537cd8535c074"", ""AREA_14_IMAGES_OUTPUT/REFERENCE/001_m_cube_slime_s_mon_cube_slime_REFERENCE_F01.png"": ""0206dcf22a7ee4acb575bb305d345834ffd6e029f14ba34bd255573df1bca0c3"", ""AREA_14_IMAGES_OUTPUT/REFERENCE/001_m_cube_slime_s_mon_cube_slime_REFERENCE_F02.png"": ""2cdb05c50864d561ec334e996ce874888076663af4da3a0c59b780ee3ce60d54"", ""AREA_14_IMAGES_OUTPUT/REFERENCE/001_m_cube_slime_s_mon_cube_slime_REFERENCE_F03.png"": ""b5426392b956a9f44207635f178c65380c2edf590505a26371f942cf8fb6ef59"", ""AREA_14_IMAGES_OUTPUT/REFERENCE/001_m_cube_slime_s_mon_cube_slime_REFERENCE_F04.png"": ""68dd2301fc24fbe1ca6f2d1393216e6f6a407cf1e3343c5f23be25daca47e03c"", ""AREA_14_IMAGES_OUTPUT/REFERENCE/001_m_cube_slime_s_mon_cube_slime_REFERENCE_F05.png"": ""b24b79d3b1367434027488d3b2c3f1bd679c12b7b9e3730f4f08feafeb6bf90d""}",D:\maplestory_levup\docs\art\images-input-packages-v2_4\AREA_14_IMAGES_INPUT_V2_4.zip,V2.4,AREA_14_IMAGES_INPUT_V2_4/monsters/001_m_cube_slime_큐브슬라임/GENERATION_SPEC.md,투명 연금 큐브가 점액처럼 휘며 겹치는 사각 보호막. ‘큐브슬라임 / 연금 큐브막’ 전용 소재이며 몬스터 본체는 VFX에 직접 넣지 않음,0.10 / preview-only non-loop,preview only; no engine motion/FlipX contract,F00–F05 전체를 순서대로 직접 대조,청록 큐브핵 둘레에 각진 방벽과 작은 큐브 입자가 닫히고 반사광 뒤 유지,D:\maplestory_levup\docs\art\area00-images-output\AREA_00_IMAGES_OUTPUT_ORIGINAL.zip,AREA_00_IMAGES_OUTPUT/monsters/002_m_blue_snail_파란_달팽이/VFX/002_m_blue_snail_s_mon_blue_snail_F04.png,AREA00 실제 승인 원화. 해당 보드의 기준 프레임 + ART_STYLE_STANDARD의 전체 기준. 고유 모양/저레벨 규모를 요구하지 않음,외곽·광륜·명암 경계가 반복되는 픽셀 계단과 덩어리 색면으로 구성된다. AREA00의 연속 곡선/얇은 광선/부분적인 부드러운 반투명 마감과 차이가 있다. 같은 Area 내부에는 이어지지만 액체·금속·빛 등 여러 소재에 공통인 제작 마감 차이다.,동일 몬스터의 실제 ICON 및 모든 VFX 역할 대조. 일부 역할의 차이는 아래 별도 후보로 한정,액체·유리·금속·독무에서 반복되는 픽셀 계단형 마감이 전체 역할에서 관찰된다. 지역 내부 일치만으로 AREA00 기준 적합으로 승격하지 않는다.,AREA00 기준 + 전체 Area의 동일 역할 보드 대조; 다수결 기준 사용 안 함. 추가 소재 비교는 CROSS_AREA_MATERIAL_BOARD_INDEX.csv,팔레트·재질·형상·레벨/보스 규모·밀도·역할별 프레임/시간 차이 허용,액체/금속/직물 등 소재 자체보다 픽셀 단위의 외곽·명암·광선 연결 방식이 다른 점을 판정,투명 연금 큐브가 점액처럼 휘며 겹치는 사각 보호막. ‘큐브슬라임 / 연금 큐브막’ 전용 소재이며 몬스터 본체는 VFX에 직접 넣지 않음 | preview only; no engine motion/FlipX contract,"소재·형상·팔레트·역할·프레임 수를 보존하고 외곽 및 명암 연결, 광선 끝, 입자 가장자리의 마감만 통일 후보",YES,NO,D:\maplestory_levup\docs\art\output_audit\runs\20260912_162508_msw_origin_art_review\CROSS_AREA_STYLE_BOARD\area_14_m_cube_slime_REFERENCE_VFX_NATIVE.png,D:\maplestory_levup\docs\art\output_audit\runs\20260912_162508_msw_origin_art_review\STYLE_OUTLIERS\area_14_m_cube_slime_REFERENCE_VFX_COMPARE.png,"PNG 원본을 동일 RGB(32,38,48) 배경에 1:1 합성. 확대는 동일 128px 영역 2배 NEAREST. 큰 보드의 도구 축소 표시 가능; 이탈 상세는 1600px 보드에서 추가 대조",전 프레임 순서상 형성/변화/해체/잔상 대조. 실시간 재생의 체감 리듬 및 엔진 합성은 미검증,NOT_CHECKED: 게임 내 최종 배율/카메라/필터/배경에서의 선명도 미검증. 명세 배율만으로 런타임 표시를 보았다고 하지 않음,NO_OBVIOUS_ISSUE,기존 파일검사 재사용,TARGET_OUTPUT
area_14,m_mithril_mutae,미스릴 뮤테,s_mon_mithril_mutae,미스릴 외피,ICON,STYLE_OUTLIER,D:\maplestory_levup\docs\art\output_repacked\20260912_153221_v24_repack\AREA_14_IMAGES_OUTPUT.zip,AREA_14_IMAGES_OUTPUT/ICON/002_m_mithril_mutae_s_mon_mithril_mutae_ICON.png,"{""AREA_14_IMAGES_OUTPUT/ICON/002_m_mithril_mutae_s_mon_mithril_mutae_ICON.png"": ""ed4f13405d055b8bf88b5598ccb6824999104d9da231dad7c96381f826115cc5""}",D:\maplestory_levup\docs\art\images-input-packages-v2_4\AREA_14_IMAGES_INPUT_V2_4.zip,V2.4,AREA_14_IMAGES_INPUT_V2_4/monsters/002_m_mithril_mutae_미스릴_뮤테/GENERATION_SPEC.md,미스릴 판이 육각으로 포개지고 표면에 차가운 반사광. ‘미스릴 뮤테 / 미스릴 외피’ 전용 소재이며 몬스터 본체는 VFX에 직접 넣지 않음,static / static,none,ICON 原寸 전체,청회색 미스릴 육각판이 구형 껍질로 맞물리고 청록 코어가 밝아졌다 안정,D:\maplestory_levup\docs\art\area00-images-output\AREA_00_IMAGES_OUTPUT_ORIGINAL.zip,AREA_00_IMAGES_OUTPUT/monsters/002_m_blue_snail_파란_달팽이/ICON/002_m_blue_snail_s_mon_blue_snail_ICON.png,AREA00 실제 승인 원화. 해당 보드의 기준 프레임 + ART_STYLE_STANDARD의 전체 기준. 고유 모양/저레벨 규모를 요구하지 않음,외곽·광륜·명암 경계가 반복되는 픽셀 계단과 덩어리 색면으로 구성된다. AREA00의 연속 곡선/얇은 광선/부분적인 부드러운 반투명 마감과 차이가 있다. 같은 Area 내부에는 이어지지만 액체·금속·빛 등 여러 소재에 공통인 제작 마감 차이다.,동일 몬스터의 실제 ICON 및 모든 VFX 역할 대조. 일부 역할의 차이는 아래 별도 후보로 한정,액체·유리·금속·독무에서 반복되는 픽셀 계단형 마감이 전체 역할에서 관찰된다. 지역 내부 일치만으로 AREA00 기준 적합으로 승격하지 않는다.,AREA00 기준 + 전체 Area의 동일 역할 보드 대조; 다수결 기준 사용 안 함. 추가 소재 비교는 CROSS_AREA_MATERIAL_BOARD_INDEX.csv,팔레트·재질·형상·레벨/보스 규모·밀도·역할별 프레임/시간 차이 허용,액체/금속/직물 등 소재 자체보다 픽셀 단위의 외곽·명암·광선 연결 방식이 다른 점을 판정,미스릴 판이 육각으로 포개지고 표면에 차가운 반사광. ‘미스릴 뮤테 / 미스릴 외피’ 전용 소재이며 몬스터 본체는 VFX에 직접 넣지 않음 | none,"소재·형상·팔레트·역할·프레임 수를 보존하고 외곽 및 명암 연결, 광선 끝, 입자 가장자리의 마감만 통일 후보",YES,NO,D:\maplestory_levup\docs\art\output_audit\runs\20260912_162508_msw_origin_art_review\CROSS_AREA_STYLE_BOARD\area_14_ICON_NATIVE.png,D:\maplestory_levup\docs\art\output_audit\runs\20260912_162508_msw_origin_art_review\STYLE_OUTLIERS\area_14_m_mithril_mutae_ICON_COMPARE.png,"PNG 원본을 동일 RGB(32,38,48) 배경에 1:1 합성. 확대는 동일 128px 영역 2배 NEAREST. 큰 보드의 도구 축소 표시 가능; 이탈 상세는 1600px 보드에서 추가 대조",전 프레임 순서상 형성/변화/해체/잔상 대조. 실시간 재생의 체감 리듬 및 엔진 합성은 미검증,NOT_CHECKED: 게임 내 최종 배율/카메라/필터/배경에서의 선명도 미검증. 명세 배율만으로 런타임 표시를 보았다고 하지 않음,NO_OBVIOUS_ISSUE,기존 파일검사 재사용,TARGET_OUTPUT
area_14,m_mithril_mutae,미스릴 뮤테,s_mon_mithril_mutae,미스릴 외피,REFERENCE_VFX,STYLE_OUTLIER,D:\maplestory_levup\docs\art\output_repacked\20260912_153221_v24_repack\AREA_14_IMAGES_OUTPUT.zip,AREA_14_IMAGES_OUTPUT/REFERENCE/002_m_mithril_mutae_s_mon_mithril_mutae_REFERENCE_F00.png|AREA_14_IMAGES_OUTPUT/REFERENCE/002_m_mithril_mutae_s_mon_mithril_mutae_REFERENCE_F01.png|AREA_14_IMAGES_OUTPUT/REFERENCE/002_m_mithril_mutae_s_mon_mithril_mutae_REFERENCE_F02.png|AREA_14_IMAGES_OUTPUT/REFERENCE/002_m_mithril_mutae_s_mon_mithril_mutae_REFERENCE_F03.png|AREA_14_IMAGES_OUTPUT/REFERENCE/002_m_mithril_mutae_s_mon_mithril_mutae_REFERENCE_F04.png|AREA_14_IMAGES_OUTPUT/REFERENCE/002_m_mithril_mutae_s_mon_mithril_mutae_REFERENCE_F05.png,"{""AREA_14_IMAGES_OUTPUT/REFERENCE/002_m_mithril_mutae_s_mon_mithril_mutae_REFERENCE_F00.png"": ""25945736858db7e1f2b7d60af472ebc5e8311bb388e14015f73287a8eb04fd3a"", ""AREA_14_IMAGES_OUTPUT/REFERENCE/002_m_mithril_mutae_s_mon_mithril_mutae_REFERENCE_F01.png"": ""5b87dcd27ece220c96ebed780eebcf1fcde5318d50c0f385bffcd315e0122277"", ""AREA_14_IMAGES_OUTPUT/REFERENCE/002_m_mithril_mutae_s_mon_mithril_mutae_REFERENCE_F02.png"": ""185cb1b2e65d1e8919a520926b87f86b963a73a9636581ab3bcc8c7127bdf265"", ""AREA_14_IMAGES_OUTPUT/REFERENCE/002_m_mithril_mutae_s_mon_mithril_mutae_REFERENCE_F03.png"": ""396e98e25375b7a52e1b4d8769427ed96983def1d961f68f89a488538fc2c4ee"", ""AREA_14_IMAGES_OUTPUT/REFERENCE/002_m_mithril_mutae_s_mon_mithril_mutae_REFERENCE_F04.png"": ""e321d7391d51feb961ebb54611c518182ab8407e3eefd58ee26e27ee6718d637"", ""AREA_14_IMAGES_OUTPUT/REFERENCE/002_m_mithril_mutae_s_mon_mithril_mutae_REFERENCE_F05.png"": ""df8998ee08e822ec97660fb1a1eb4a2344502218ee1b16610ad3f24a07d616b5""}",D:\maplestory_levup\docs\art\images-input-packages-v2_4\AREA_14_IMAGES_INPUT_V2_4.zip,V2.4,AREA_14_IMAGES_INPUT_V2_4/monsters/002_m_mithril_mutae_미스릴_뮤테/GENERATION_SPEC.md,미스릴 판이 육각으로 포개지고 표면에 차가운 반사광. ‘미스릴 뮤테 / 미스릴 외피’ 전용 소재이며 몬스터 본체는 VFX에 직접 넣지 않음,0.10 / preview-only non-loop,preview only; no engine motion/FlipX contract,F00–F05 전체를 순서대로 직접 대조,청회색 미스릴 육각판이 구형 껍질로 맞물리고 청록 코어가 밝아졌다 안정,D:\maplestory_levup\docs\art\area00-images-output\AREA_00_IMAGES_OUTPUT_ORIGINAL.zip,AREA_00_IMAGES_OUTPUT/monsters/002_m_blue_snail_파란_달팽이/VFX/002_m_blue_snail_s_mon_blue_snail_F04.png,AREA00 실제 승인 원화. 해당 보드의 기준 프레임 + ART_STYLE_STANDARD의 전체 기준. 고유 모양/저레벨 규모를 요구하지 않음,외곽·광륜·명암 경계가 반복되는 픽셀 계단과 덩어리 색면으로 구성된다. AREA00의 연속 곡선/얇은 광선/부분적인 부드러운 반투명 마감과 차이가 있다. 같은 Area 내부에는 이어지지만 액체·금속·빛 등 여러 소재에 공통인 제작 마감 차이다.,동일 몬스터의 실제 ICON 및 모든 VFX 역할 대조. 일부 역할의 차이는 아래 별도 후보로 한정,액체·유리·금속·독무에서 반복되는 픽셀 계단형 마감이 전체 역할에서 관찰된다. 지역 내부 일치만으로 AREA00 기준 적합으로 승격하지 않는다.,AREA00 기준 + 전체 Area의 동일 역할 보드 대조; 다수결 기준 사용 안 함. 추가 소재 비교는 CROSS_AREA_MATERIAL_BOARD_INDEX.csv,팔레트·재질·형상·레벨/보스 규모·밀도·역할별 프레임/시간 차이 허용,액체/금속/직물 등 소재 자체보다 픽셀 단위의 외곽·명암·광선 연결 방식이 다른 점을 판정,미스릴 판이 육각으로 포개지고 표면에 차가운 반사광. ‘미스릴 뮤테 / 미스릴 외피’ 전용 소재이며 몬스터 본체는 VFX에 직접 넣지 않음 | preview only; no engine motion/FlipX contract,"소재·형상·팔레트·역할·프레임 수를 보존하고 외곽 및 명암 연결, 광선 끝, 입자 가장자리의 마감만 통일 후보",YES,NO,D:\maplestory_levup\docs\art\output_audit\runs\20260912_162508_msw_origin_art_review\CROSS_AREA_STYLE_BOARD\area_14_m_mithril_mutae_REFERENCE_VFX_NATIVE.png,D:\maplestory_levup\docs\art\output_audit\runs\20260912_162508_msw_origin_art_review\STYLE_OUTLIERS\area_14_m_mithril_mutae_REFERENCE_VFX_COMPARE.png,"PNG 원본을 동일 RGB(32,38,48) 배경에 1:1 합성. 확대는 동일 128px 영역 2배 NEAREST. 큰 보드의 도구 축소 표시 가능; 이탈 상세는 1600px 보드에서 추가 대조",전 프레임 순서상 형성/변화/해체/잔상 대조. 실시간 재생의 체감 리듬 및 엔진 합성은 미검증,NOT_CHECKED: 게임 내 최종 배율/카메라/필터/배경에서의 선명도 미검증. 명세 배율만으로 런타임 표시를 보았다고 하지 않음,NO_OBVIOUS_ISSUE,기존 파일검사 재사용,TARGET_OUTPUT
area_14,m_homun,호문,s_mon_homun,플라스크 독무,ICON,STYLE_OUTLIER,D:\maplestory_levup\docs\art\output_repacked\20260912_153221_v24_repack\AREA_14_IMAGES_OUTPUT.zip,AREA_14_IMAGES_OUTPUT/ICON/003_m_homun_s_mon_homun_ICON.png,"{""AREA_14_IMAGES_OUTPUT/ICON/003_m_homun_s_mon_homun_ICON.png"": ""1138c653423471411c3221e863f845ba4f3945001c8b38d608a5b9c41e53c49b""}",D:\maplestory_levup\docs\art\images-input-packages-v2_4\AREA_14_IMAGES_INPUT_V2_4.zip,V2.4,AREA_14_IMAGES_INPUT_V2_4/monsters/003_m_homun_호문/GENERATION_SPEC.md,금 간 플라스크에서 새는 자주빛 독무와 액체 방울. ‘호문 / 플라스크 독무’ 전용 소재이며 몬스터 본체는 VFX에 직접 넣지 않음,static / static,none,ICON 原寸 전체,금속 플라스크가 보라 독무와 거품에 잠겼다가 탁한 연기·방울로 분해,D:\maplestory_levup\docs\art\area00-images-output\AREA_00_IMAGES_OUTPUT_ORIGINAL.zip,AREA_00_IMAGES_OUTPUT/monsters/002_m_blue_snail_파란_달팽이/ICON/002_m_blue_snail_s_mon_blue_snail_ICON.png,AREA00 실제 승인 원화. 해당 보드의 기준 프레임 + ART_STYLE_STANDARD의 전체 기준. 고유 모양/저레벨 규모를 요구하지 않음,외곽·광륜·명암 경계가 반복되는 픽셀 계단과 덩어리 색면으로 구성된다. AREA00의 연속 곡선/얇은 광선/부분적인 부드러운 반투명 마감과 차이가 있다. 같은 Area 내부에는 이어지지만 액체·금속·빛 등 여러 소재에 공통인 제작 마감 차이다.,동일 몬스터의 실제 ICON 및 모든 VFX 역할 대조. 일부 역할의 차이는 아래 별도 후보로 한정,액체·유리·금속·독무에서 반복되는 픽셀 계단형 마감이 전체 역할에서 관찰된다. 지역 내부 일치만으로 AREA00 기준 적합으로 승격하지 않는다.,AREA00 기준 + 전체 Area의 동일 역할 보드 대조; 다수결 기준 사용 안 함. 추가 소재 비교는 CROSS_AREA_MATERIAL_BOARD_INDEX.csv,팔레트·재질·형상·레벨/보스 규모·밀도·역할별 프레임/시간 차이 허용,액체/금속/직물 등 소재 자체보다 픽셀 단위의 외곽·명암·광선 연결 방식이 다른 점을 판정,금 간 플라스크에서 새는 자주빛 독무와 액체 방울. ‘호문 / 플라스크 독무’ 전용 소재이며 몬스터 본체는 VFX에 직접 넣지 않음 | none,"소재·형상·팔레트·역할·프레임 수를 보존하고 외곽 및 명암 연결, 광선 끝, 입자 가장자리의 마감만 통일 후보",YES,NO,D:\maplestory_levup\docs\art\output_audit\runs\20260912_162508_msw_origin_art_review\CROSS_AREA_STYLE_BOARD\area_14_ICON_NATIVE.png,D:\maplestory_levup\docs\art\output_audit\runs\20260912_162508_msw_origin_art_review\STYLE_OUTLIERS\area_14_m_homun_ICON_COMPARE.png,"PNG 원본을 동일 RGB(32,38,48) 배경에 1:1 합성. 확대는 동일 128px 영역 2배 NEAREST. 큰 보드의 도구 축소 표시 가능; 이탈 상세는 1600px 보드에서 추가 대조",전 프레임 순서상 형성/변화/해체/잔상 대조. 실시간 재생의 체감 리듬 및 엔진 합성은 미검증,NOT_CHECKED: 게임 내 최종 배율/카메라/필터/배경에서의 선명도 미검증. 명세 배율만으로 런타임 표시를 보았다고 하지 않음,NO_OBVIOUS_ISSUE,기존 파일검사 재사용,TARGET_OUTPUT
area_14,m_homun,호문,s_mon_homun,플라스크 독무,CAST_VFX,STYLE_OUTLIER,D:\maplestory_levup\docs\art\output_repacked\20260912_153221_v24_repack\AREA_14_IMAGES_OUTPUT.zip,AREA_14_IMAGES_OUTPUT/CAST/003_m_homun_s_mon_homun_CAST_F00.png|AREA_14_IMAGES_OUTPUT/CAST/003_m_homun_s_mon_homun_CAST_F01.png|AREA_14_IMAGES_OUTPUT/CAST/003_m_homun_s_mon_homun_CAST_F02.png|AREA_14_IMAGES_OUTPUT/CAST/003_m_homun_s_mon_homun_CAST_F03.png|AREA_14_IMAGES_OUTPUT/CAST/003_m_homun_s_mon_homun_CAST_F04.png|AREA_14_IMAGES_OUTPUT/CAST/003_m_homun_s_mon_homun_CAST_F05.png|AREA_14_IMAGES_OUTPUT/CAST/003_m_homun_s_mon_homun_CAST_F06.png|AREA_14_IMAGES_OUTPUT/CAST/003_m_homun_s_mon_homun_CAST_F07.png,"{""AREA_14_IMAGES_OUTPUT/CAST/003_m_homun_s_mon_homun_CAST_F00.png"": ""c83fcdbf1465cf2b414325ed3e19b9ae81cf11ce67c85c062eb3be9fc072ce63"", ""AREA_14_IMAGES_OUTPUT/CAST/003_m_homun_s_mon_homun_CAST_F01.png"": ""9514f65415a6bde9c41aace096aceb371fea77d4fa36392e5732cbee3ef52c96"", ""AREA_14_IMAGES_OUTPUT/CAST/003_m_homun_s_mon_homun_CAST_F02.png"": ""7366971992f2ba6977aa8cabe674c33d04af89342327d885a3386de156b3765a"", ""AREA_14_IMAGES_OUTPUT/CAST/003_m_homun_s_mon_homun_CAST_F03.png"": ""e91684c21aaa4b40a3a79c37b9ff4e95c8ba38921964fb138183c7ae2e9ac6e0"", ""AREA_14_IMAGES_OUTPUT/CAST/003_m_homun_s_mon_homun_CAST_F04.png"": ""d419d84a94152bc8a7eced5b76025557b91e9bd89a599f85c52c862438460b64"", ""AREA_14_IMAGES_OUTPUT/CAST/003_m_homun_s_mon_homun_CAST_F05.png"": ""8fb7a797f5adacc18b43265a50056d11174b0b5e2acb8e07a494c65c6c4ab1fd"", ""AREA_14_IMAGES_OUTPUT/CAST/003_m_homun_s_mon_homun_CAST_F06.png"": ""9fd504b5df1856f78567d9aa4867201e2d62428121f89dfed321eec5d60a832a"", ""AREA_14_IMAGES_OUTPUT/CAST/003_m_homun_s_mon_homun_CAST_F07.png"": ""b2608624a3018e2963c17a9d88227d67c8ca9948aa15485f1bdadc581d972594""}",D:\maplestory_levup\docs\art\images-input-packages-v2_4\AREA_14_IMAGES_INPUT_V2_4.zip,V2.4,AREA_14_IMAGES_INPUT_V2_4/monsters/003_m_homun_호문/GENERATION_SPEC.md,금 간 플라스크에서 새는 자주빛 독무와 액체 방울. ‘호문 / 플라스크 독무’ 전용 소재이며 몬스터 본체는 VFX에 직접 넣지 않음,0.10 / non-loop one-shot,SkillEffect applies FlipX for directional attacks; delayed layer samples caster position at SpawnLayer execution; map entity then applies drift,F00–F07 전체를 순서대로 직접 대조,금속 플라스크가 보라 독무와 거품에 잠겼다가 탁한 연기·방울로 분해,D:\maplestory_levup\docs\art\area00-images-output\AREA_00_IMAGES_OUTPUT_ORIGINAL.zip,AREA_00_IMAGES_OUTPUT/monsters/005_m_slime_슬라임/VFX/005_m_slime_s_mon_slime_F04.png,AREA00 실제 승인 원화. 해당 보드의 기준 프레임 + ART_STYLE_STANDARD의 전체 기준. 고유 모양/저레벨 규모를 요구하지 않음,외곽·광륜·명암 경계가 반복되는 픽셀 계단과 덩어리 색면으로 구성된다. AREA00의 연속 곡선/얇은 광선/부분적인 부드러운 반투명 마감과 차이가 있다. 같은 Area 내부에는 이어지지만 액체·금속·빛 등 여러 소재에 공통인 제작 마감 차이다.,동일 몬스터의 실제 ICON 및 모든 VFX 역할 대조. 일부 역할의 차이는 아래 별도 후보로 한정,액체·유리·금속·독무에서 반복되는 픽셀 계단형 마감이 전체 역할에서 관찰된다. 지역 내부 일치만으로 AREA00 기준 적합으로 승격하지 않는다.,AREA00 기준 + 전체 Area의 동일 역할 보드 대조; 다수결 기준 사용 안 함. 추가 소재 비교는 CROSS_AREA_MATERIAL_BOARD_INDEX.csv,팔레트·재질·형상·레벨/보스 규모·밀도·역할별 프레임/시간 차이 허용,액체/금속/직물 등 소재 자체보다 픽셀 단위의 외곽·명암·광선 연결 방식이 다른 점을 판정,금 간 플라스크에서 새는 자주빛 독무와 액체 방울. ‘호문 / 플라스크 독무’ 전용 소재이며 몬스터 본체는 VFX에 직접 넣지 않음 | SkillEffect applies FlipX for directional attacks; delayed layer samples caster position at SpawnLayer execution; map entity then applies drift,"소재·형상·팔레트·역할·프레임 수를 보존하고 외곽 및 명암 연결, 광선 끝, 입자 가장자리의 마감만 통일 후보",YES,NO,D:\maplestory_levup\docs\art\output_audit\runs\20260912_162508_msw_origin_art_review\CROSS_AREA_STYLE_BOARD\area_14_m_homun_CAST_VFX_NATIVE.png,D:\maplestory_levup\docs\art\output_audit\runs\20260912_162508_msw_origin_art_review\STYLE_OUTLIERS\area_14_m_homun_CAST_VFX_COMPARE.png,"PNG 원본을 동일 RGB(32,38,48) 배경에 1:1 합성. 확대는 동일 128px 영역 2배 NEAREST. 큰 보드의 도구 축소 표시 가능; 이탈 상세는 1600px 보드에서 추가 대조",전 프레임 순서상 형성/변화/해체/잔상 대조. 실시간 재생의 체감 리듬 및 엔진 합성은 미검증,NOT_CHECKED: 게임 내 최종 배율/카메라/필터/배경에서의 선명도 미검증. 명세 배율만으로 런타임 표시를 보았다고 하지 않음,NO_OBVIOUS_ISSUE,기존 파일검사 재사용,TARGET_OUTPUT
area_14,m_roid,로이드,s_mon_roid,알카드노 에너지탄,ICON,STYLE_OUTLIER,D:\maplestory_levup\docs\art\output_repacked\20260912_153221_v24_repack\AREA_14_IMAGES_OUTPUT.zip,AREA_14_IMAGES_OUTPUT/ICON/004_m_roid_s_mon_roid_ICON.png,"{""AREA_14_IMAGES_OUTPUT/ICON/004_m_roid_s_mon_roid_ICON.png"": ""c4f05e0d1eb724d82296b466e69346e1a40881daefba35c8d926a4692c5eccad""}",D:\maplestory_levup\docs\art\images-input-packages-v2_4\AREA_14_IMAGES_INPUT_V2_4.zip,V2.4,AREA_14_IMAGES_INPUT_V2_4/monsters/004_m_roid_로이드/GENERATION_SPEC.md,알카드노 금속 코어가 압축한 직선 에너지탄. ‘로이드 / 알카드노 에너지탄’ 전용 소재이며 몬스터 본체는 VFX에 직접 넣지 않음,static / static,none,ICON 原寸 전체,"청록 기계 코어가 포신형 광선을 형성하고, 투사체는 금속 탄체의 내부광만 변화",D:\maplestory_levup\docs\art\area00-images-output\AREA_00_IMAGES_OUTPUT_ORIGINAL.zip,AREA_00_IMAGES_OUTPUT/monsters/002_m_blue_snail_파란_달팽이/ICON/002_m_blue_snail_s_mon_blue_snail_ICON.png,AREA00 실제 승인 원화. 해당 보드의 기준 프레임 + ART_STYLE_STANDARD의 전체 기준. 고유 모양/저레벨 규모를 요구하지 않음,외곽·광륜·명암 경계가 반복되는 픽셀 계단과 덩어리 색면으로 구성된다. AREA00의 연속 곡선/얇은 광선/부분적인 부드러운 반투명 마감과 차이가 있다. 같은 Area 내부에는 이어지지만 액체·금속·빛 등 여러 소재에 공통인 제작 마감 차이다.,동일 몬스터의 실제 ICON 및 모든 VFX 역할 대조. 일부 역할의 차이는 아래 별도 후보로 한정,액체·유리·금속·독무에서 반복되는 픽셀 계단형 마감이 전체 역할에서 관찰된다. 지역 내부 일치만으로 AREA00 기준 적합으로 승격하지 않는다.,AREA00 기준 + 전체 Area의 동일 역할 보드 대조; 다수결 기준 사용 안 함. 추가 소재 비교는 CROSS_AREA_MATERIAL_BOARD_INDEX.csv,팔레트·재질·형상·레벨/보스 규모·밀도·역할별 프레임/시간 차이 허용,액체/금속/직물 등 소재 자체보다 픽셀 단위의 외곽·명암·광선 연결 방식이 다른 점을 판정,알카드노 금속 코어가 압축한 직선 에너지탄. ‘로이드 / 알카드노 에너지탄’ 전용 소재이며 몬스터 본체는 VFX에 직접 넣지 않음 | none,"소재·형상·팔레트·역할·프레임 수를 보존하고 외곽 및 명암 연결, 광선 끝, 입자 가장자리의 마감만 통일 후보",YES,NO,D:\maplestory_levup\docs\art\output_audit\runs\20260912_162508_msw_origin_art_review\CROSS_AREA_STYLE_BOARD\area_14_ICON_NATIVE.png,D:\maplestory_levup\docs\art\output_audit\runs\20260912_162508_msw_origin_art_review\STYLE_OUTLIERS\area_14_m_roid_ICON_COMPARE.png,"PNG 원본을 동일 RGB(32,38,48) 배경에 1:1 합성. 확대는 동일 128px 영역 2배 NEAREST. 큰 보드의 도구 축소 표시 가능; 이탈 상세는 1600px 보드에서 추가 대조",전 프레임 순서상 형성/변화/해체/잔상 대조. 실시간 재생의 체감 리듬 및 엔진 합성은 미검증,NOT_CHECKED: 게임 내 최종 배율/카메라/필터/배경에서의 선명도 미검증. 명세 배율만으로 런타임 표시를 보았다고 하지 않음,NO_OBVIOUS_ISSUE,기존 파일검사 재사용,TARGET_OUTPUT
area_14,m_roid,로이드,s_mon_roid,알카드노 에너지탄,CAST_VFX,STYLE_OUTLIER,D:\maplestory_levup\docs\art\output_repacked\20260912_153221_v24_repack\AREA_14_IMAGES_OUTPUT.zip,AREA_14_IMAGES_OUTPUT/CAST/004_m_roid_s_mon_roid_CAST_F00.png|AREA_14_IMAGES_OUTPUT/CAST/004_m_roid_s_mon_roid_CAST_F01.png|AREA_14_IMAGES_OUTPUT/CAST/004_m_roid_s_mon_roid_CAST_F02.png|AREA_14_IMAGES_OUTPUT/CAST/004_m_roid_s_mon_roid_CAST_F03.png|AREA_14_IMAGES_OUTPUT/CAST/004_m_roid_s_mon_roid_CAST_F04.png|AREA_14_IMAGES_OUTPUT/CAST/004_m_roid_s_mon_roid_CAST_F05.png|AREA_14_IMAGES_OUTPUT/CAST/004_m_roid_s_mon_roid_CAST_F06.png|AREA_14_IMAGES_OUTPUT/CAST/004_m_roid_s_mon_roid_CAST_F07.png,"{""AREA_14_IMAGES_OUTPUT/CAST/004_m_roid_s_mon_roid_CAST_F00.png"": ""492096f0a0979eda0df2fccbac6880688d70da0879a737489fe54d6e44b0121d"", ""AREA_14_IMAGES_OUTPUT/CAST/004_m_roid_s_mon_roid_CAST_F01.png"": ""36099ba43405a30a04f0e2d949bbe1c3dc4df537ee2343828b615c94a39c6cf0"", ""AREA_14_IMAGES_OUTPUT/CAST/004_m_roid_s_mon_roid_CAST_F02.png"": ""b09d354faaf4fc7894a4e36225ee9823d0ba73c5c6a3e38e9ddf63f4110dcbf9"", ""AREA_14_IMAGES_OUTPUT/CAST/004_m_roid_s_mon_roid_CAST_F03.png"": ""050ef124b2832577acd42d3bb3bd71e15b94dfca47e562d174513d7b92894740"", ""AREA_14_IMAGES_OUTPUT/CAST/004_m_roid_s_mon_roid_CAST_F04.png"": ""9f2e3a496dc8e837ce4683b6910b79e8e565bb783e763da902c993ef004048f2"", ""AREA_14_IMAGES_OUTPUT/CAST/004_m_roid_s_mon_roid_CAST_F05.png"": ""f384288fdce6c5b5154c55d95f2f7de6a1fe94bed61387ce2ee5036f7dec3b1c"", ""AREA_14_IMAGES_OUTPUT/CAST/004_m_roid_s_mon_roid_CAST_F06.png"": ""093acdc7670460dfe51ab65c64eb9119c74bfbc96ede74522103b754e6b44dc0"", ""AREA_14_IMAGES_OUTPUT/CAST/004_m_roid_s_mon_roid_CAST_F07.png"": ""673e0b09a68bde880c798bf735cc277e83edebcfacef08aecdc50b02e85ef56e""}",D:\maplestory_levup\docs\art\images-input-packages-v2_4\AREA_14_IMAGES_INPUT_V2_4.zip,V2.4,AREA_14_IMAGES_INPUT_V2_4/monsters/004_m_roid_로이드/GENERATION_SPEC.md,알카드노 금속 코어가 압축한 직선 에너지탄. ‘로이드 / 알카드노 에너지탄’ 전용 소재이며 몬스터 본체는 VFX에 직접 넣지 않음,0.10 / non-loop one-shot,SkillEffect applies FlipX for directional attacks; delayed layer samples caster position at SpawnLayer execution; map entity then applies drift,F00–F07 전체를 순서대로 직접 대조,"청록 기계 코어가 포신형 광선을 형성하고, 투사체는 금속 탄체의 내부광만 변화",D:\maplestory_levup\docs\art\area00-images-output\AREA_00_IMAGES_OUTPUT_ORIGINAL.zip,AREA_00_IMAGES_OUTPUT/monsters/005_m_slime_슬라임/VFX/005_m_slime_s_mon_slime_F04.png,AREA00 실제 승인 원화. 해당 보드의 기준 프레임 + ART_STYLE_STANDARD의 전체 기준. 고유 모양/저레벨 규모를 요구하지 않음,외곽·광륜·명암 경계가 반복되는 픽셀 계단과 덩어리 색면으로 구성된다. AREA00의 연속 곡선/얇은 광선/부분적인 부드러운 반투명 마감과 차이가 있다. 같은 Area 내부에는 이어지지만 액체·금속·빛 등 여러 소재에 공통인 제작 마감 차이다.,동일 몬스터의 실제 ICON 및 모든 VFX 역할 대조. 일부 역할의 차이는 아래 별도 후보로 한정,액체·유리·금속·독무에서 반복되는 픽셀 계단형 마감이 전체 역할에서 관찰된다. 지역 내부 일치만으로 AREA00 기준 적합으로 승격하지 않는다.,AREA00 기준 + 전체 Area의 동일 역할 보드 대조; 다수결 기준 사용 안 함. 추가 소재 비교는 CROSS_AREA_MATERIAL_BOARD_INDEX.csv,팔레트·재질·형상·레벨/보스 규모·밀도·역할별 프레임/시간 차이 허용,액체/금속/직물 등 소재 자체보다 픽셀 단위의 외곽·명암·광선 연결 방식이 다른 점을 판정,알카드노 금속 코어가 압축한 직선 에너지탄. ‘로이드 / 알카드노 에너지탄’ 전용 소재이며 몬스터 본체는 VFX에 직접 넣지 않음 | SkillEffect applies FlipX for directional attacks; delayed layer samples caster position at SpawnLayer execution; map entity then applies drift,"소재·형상·팔레트·역할·프레임 수를 보존하고 외곽 및 명암 연결, 광선 끝, 입자 가장자리의 마감만 통일 후보",YES,NO,D:\maplestory_levup\docs\art\output_audit\runs\20260912_162508_msw_origin_art_review\CROSS_AREA_STYLE_BOARD\area_14_m_roid_CAST_VFX_NATIVE.png,D:\maplestory_levup\docs\art\output_audit\runs\20260912_162508_msw_origin_art_review\STYLE_OUTLIERS\area_14_m_roid_CAST_VFX_COMPARE.png,"PNG 원본을 동일 RGB(32,38,48) 배경에 1:1 합성. 확대는 동일 128px 영역 2배 NEAREST. 큰 보드의 도구 축소 표시 가능; 이탈 상세는 1600px 보드에서 추가 대조",전 프레임 순서상 형성/변화/해체/잔상 대조. 실시간 재생의 체감 리듬 및 엔진 합성은 미검증,NOT_CHECKED: 게임 내 최종 배율/카메라/필터/배경에서의 선명도 미검증. 명세 배율만으로 런타임 표시를 보았다고 하지 않음,NO_OBVIOUS_ISSUE,기존 파일검사 재사용,TARGET_OUTPUT
area_14,m_roid,로이드,s_mon_roid,알카드노 에너지탄,PROJECTILE,STYLE_OUTLIER,D:\maplestory_levup\docs\art\output_repacked\20260912_153221_v24_repack\AREA_14_IMAGES_OUTPUT.zip,AREA_14_IMAGES_OUTPUT/PROJECTILE/004_m_roid_s_mon_roid_PROJECTILE_F00.png|AREA_14_IMAGES_OUTPUT/PROJECTILE/004_m_roid_s_mon_roid_PROJECTILE_F01.png|AREA_14_IMAGES_OUTPUT/PROJECTILE/004_m_roid_s_mon_roid_PROJECTILE_F02.png|AREA_14_IMAGES_OUTPUT/PROJECTILE/004_m_roid_s_mon_roid_PROJECTILE_F03.png,"{""AREA_14_IMAGES_OUTPUT/PROJECTILE/004_m_roid_s_mon_roid_PROJECTILE_F00.png"": ""34e1012be537b47c15090523532dc9ed1df68ecf3db564726c93968b56537d65"", ""AREA_14_IMAGES_OUTPUT/PROJECTILE/004_m_roid_s_mon_roid_PROJECTILE_F01.png"": ""d57a8b4fcf152d51dabf45599c7e302b8cfe4ce33c112509c83a5fd20985524f"", ""AREA_14_IMAGES_OUTPUT/PROJECTILE/004_m_roid_s_mon_roid_PROJECTILE_F02.png"": ""6e69094146c012fea0fdcb6916271601a16b4db17492be37c449cb2d8d0d1f4e"", ""AREA_14_IMAGES_OUTPUT/PROJECTILE/004_m_roid_s_mon_roid_PROJECTILE_F03.png"": ""b5a17791d99fe2542eec49fbf0ab2ecfc3743e866fd1e1c1bd175f366f3ce7b2""}",D:\maplestory_levup\docs\art\images-input-packages-v2_4\AREA_14_IMAGES_INPUT_V2_4.zip,V2.4,AREA_14_IMAGES_INPUT_V2_4/monsters/004_m_roid_로이드/GENERATION_SPEC.md,알카드노 금속 코어가 압축한 직선 에너지탄. ‘로이드 / 알카드노 에너지탄’ 전용 소재이며 몬스터 본체는 VFX에 직접 넣지 않음,0.08 / non-loop complete playback within 0.35s entity lifetime,art direction-neutral/local form only; engine translates caster+h to target+h and applies ZRotation; no PROJECTILE FlipX or travel-direction alignment,F00–F03 전체를 순서대로 직접 대조,"청록 기계 코어가 포신형 광선을 형성하고, 투사체는 금속 탄체의 내부광만 변화",D:\maplestory_levup\docs\art\area00-images-output\AREA_00_IMAGES_OUTPUT_ORIGINAL.zip,AREA_00_IMAGES_OUTPUT/monsters/005_m_slime_슬라임/VFX/005_m_slime_s_mon_slime_F04.png,AREA00 실제 승인 원화. 해당 보드의 기준 프레임 + ART_STYLE_STANDARD의 전체 기준. 고유 모양/저레벨 규모를 요구하지 않음,외곽·광륜·명암 경계가 반복되는 픽셀 계단과 덩어리 색면으로 구성된다. AREA00의 연속 곡선/얇은 광선/부분적인 부드러운 반투명 마감과 차이가 있다. 같은 Area 내부에는 이어지지만 액체·금속·빛 등 여러 소재에 공통인 제작 마감 차이다.,동일 몬스터의 실제 ICON 및 모든 VFX 역할 대조. 일부 역할의 차이는 아래 별도 후보로 한정,액체·유리·금속·독무에서 반복되는 픽셀 계단형 마감이 전체 역할에서 관찰된다. 지역 내부 일치만으로 AREA00 기준 적합으로 승격하지 않는다.,AREA00 기준 + 전체 Area의 동일 역할 보드 대조; 다수결 기준 사용 안 함. 추가 소재 비교는 CROSS_AREA_MATERIAL_BOARD_INDEX.csv,팔레트·재질·형상·레벨/보스 규모·밀도·역할별 프레임/시간 차이 허용,액체/금속/직물 등 소재 자체보다 픽셀 단위의 외곽·명암·광선 연결 방식이 다른 점을 판정,알카드노 금속 코어가 압축한 직선 에너지탄. ‘로이드 / 알카드노 에너지탄’ 전용 소재이며 몬스터 본체는 VFX에 직접 넣지 않음 | art direction-neutral/local form only; engine translates caster+h to target+h and applies ZRotation; no PROJECTILE FlipX or travel-direction alignment,"소재·형상·팔레트·역할·프레임 수를 보존하고 외곽 및 명암 연결, 광선 끝, 입자 가장자리의 마감만 통일 후보",YES,NO,D:\maplestory_levup\docs\art\output_audit\runs\20260912_162508_msw_origin_art_review\CROSS_AREA_STYLE_BOARD\area_14_m_roid_PROJECTILE_NATIVE.png,D:\maplestory_levup\docs\art\output_audit\runs\20260912_162508_msw_origin_art_review\STYLE_OUTLIERS\area_14_m_roid_PROJECTILE_COMPARE.png,"PNG 원본을 동일 RGB(32,38,48) 배경에 1:1 합성. 확대는 동일 128px 영역 2배 NEAREST. 큰 보드의 도구 축소 표시 가능; 이탈 상세는 1600px 보드에서 추가 대조",전 프레임 순서상 형성/변화/해체/잔상 대조. 실시간 재생의 체감 리듬 및 엔진 합성은 미검증,NOT_CHECKED: 게임 내 최종 배율/카메라/필터/배경에서의 선명도 미검증. 명세 배율만으로 런타임 표시를 보았다고 하지 않음,NO_OBVIOUS_ISSUE,기존 파일검사 재사용,TARGET_OUTPUT
area_14,m_chimera,키메라,s_mon_chimera,융합체의 산성 포격,ICON,STYLE_OUTLIER,D:\maplestory_levup\docs\art\output_repacked\20260912_153221_v24_repack\AREA_14_IMAGES_OUTPUT.zip,AREA_14_IMAGES_OUTPUT/ICON/005_m_chimera_s_mon_chimera_ICON.png,"{""AREA_14_IMAGES_OUTPUT/ICON/005_m_chimera_s_mon_chimera_ICON.png"": ""43e386005595a6d24272fd6aee4489482f6034532a146556a4c17057c368c17b""}",D:\maplestory_levup\docs\art\images-input-packages-v2_4\AREA_14_IMAGES_INPUT_V2_4.zip,V2.4,AREA_14_IMAGES_INPUT_V2_4/monsters/005_m_chimera_키메라/GENERATION_SPEC.md,서로 다른 산성액 두 줄기가 합쳐져 터지는 포격탄. ‘키메라 / 융합체의 산성 포격’ 전용 소재이며 몬스터 본체는 VFX에 직접 넣지 않음,static / static,none,ICON 原寸 전체,"연두 산성 소용돌이가 밝은 독성 충격으로 터지고, 투사체는 점액 구체의 국소 회전만 변화",D:\maplestory_levup\docs\art\area00-images-output\AREA_00_IMAGES_OUTPUT_ORIGINAL.zip,AREA_00_IMAGES_OUTPUT/monsters/002_m_blue_snail_파란_달팽이/ICON/002_m_blue_snail_s_mon_blue_snail_ICON.png,AREA00 실제 승인 원화. 해당 보드의 기준 프레임 + ART_STYLE_STANDARD의 전체 기준. 고유 모양/저레벨 규모를 요구하지 않음,외곽·광륜·명암 경계가 반복되는 픽셀 계단과 덩어리 색면으로 구성된다. AREA00의 연속 곡선/얇은 광선/부분적인 부드러운 반투명 마감과 차이가 있다. 같은 Area 내부에는 이어지지만 액체·금속·빛 등 여러 소재에 공통인 제작 마감 차이다.,동일 몬스터의 실제 ICON 및 모든 VFX 역할 대조. 일부 역할의 차이는 아래 별도 후보로 한정,액체·유리·금속·독무에서 반복되는 픽셀 계단형 마감이 전체 역할에서 관찰된다. 지역 내부 일치만으로 AREA00 기준 적합으로 승격하지 않는다.,AREA00 기준 + 전체 Area의 동일 역할 보드 대조; 다수결 기준 사용 안 함. 추가 소재 비교는 CROSS_AREA_MATERIAL_BOARD_INDEX.csv,팔레트·재질·형상·레벨/보스 규모·밀도·역할별 프레임/시간 차이 허용,액체/금속/직물 등 소재 자체보다 픽셀 단위의 외곽·명암·광선 연결 방식이 다른 점을 판정,서로 다른 산성액 두 줄기가 합쳐져 터지는 포격탄. ‘키메라 / 융합체의 산성 포격’ 전용 소재이며 몬스터 본체는 VFX에 직접 넣지 않음 | none,"소재·형상·팔레트·역할·프레임 수를 보존하고 외곽 및 명암 연결, 광선 끝, 입자 가장자리의 마감만 통일 후보",YES,NO,D:\maplestory_levup\docs\art\output_audit\runs\20260912_162508_msw_origin_art_review\CROSS_AREA_STYLE_BOARD\area_14_ICON_NATIVE.png,D:\maplestory_levup\docs\art\output_audit\runs\20260912_162508_msw_origin_art_review\STYLE_OUTLIERS\area_14_m_chimera_ICON_COMPARE.png,"PNG 원본을 동일 RGB(32,38,48) 배경에 1:1 합성. 확대는 동일 128px 영역 2배 NEAREST. 큰 보드의 도구 축소 표시 가능; 이탈 상세는 1600px 보드에서 추가 대조",전 프레임 순서상 형성/변화/해체/잔상 대조. 실시간 재생의 체감 리듬 및 엔진 합성은 미검증,NOT_CHECKED: 게임 내 최종 배율/카메라/필터/배경에서의 선명도 미검증. 명세 배율만으로 런타임 표시를 보았다고 하지 않음,NO_OBVIOUS_ISSUE,기존 파일검사 재사용,TARGET_OUTPUT
area_14,m_chimera,키메라,s_mon_chimera,융합체의 산성 포격,CAST_VFX,STYLE_OUTLIER,D:\maplestory_levup\docs\art\output_repacked\20260912_153221_v24_repack\AREA_14_IMAGES_OUTPUT.zip,AREA_14_IMAGES_OUTPUT/CAST/005_m_chimera_s_mon_chimera_CAST_F00.png|AREA_14_IMAGES_OUTPUT/CAST/005_m_chimera_s_mon_chimera_CAST_F01.png|AREA_14_IMAGES_OUTPUT/CAST/005_m_chimera_s_mon_chimera_CAST_F02.png|AREA_14_IMAGES_OUTPUT/CAST/005_m_chimera_s_mon_chimera_CAST_F03.png|AREA_14_IMAGES_OUTPUT/CAST/005_m_chimera_s_mon_chimera_CAST_F04.png|AREA_14_IMAGES_OUTPUT/CAST/005_m_chimera_s_mon_chimera_CAST_F05.png|AREA_14_IMAGES_OUTPUT/CAST/005_m_chimera_s_mon_chimera_CAST_F06.png|AREA_14_IMAGES_OUTPUT/CAST/005_m_chimera_s_mon_chimera_CAST_F07.png|AREA_14_IMAGES_OUTPUT/CAST/005_m_chimera_s_mon_chimera_CAST_F08.png|AREA_14_IMAGES_OUTPUT/CAST/005_m_chimera_s_mon_chimera_CAST_F09.png|AREA_14_IMAGES_OUTPUT/CAST/005_m_chimera_s_mon_chimera_CAST_F10.png|AREA_14_IMAGES_OUTPUT/CAST/005_m_chimera_s_mon_chimera_CAST_F11.png,"{""AREA_14_IMAGES_OUTPUT/CAST/005_m_chimera_s_mon_chimera_CAST_F00.png"": ""f120736984e9a35c4faa64765738df6b92273c2b63c279b06ca816075c7dff6d"", ""AREA_14_IMAGES_OUTPUT/CAST/005_m_chimera_s_mon_chimera_CAST_F01.png"": ""1a719a4bee35497533cd43e3049f0a8c1c7bcddd4fbb77a0aa25f6a5ba763441"", ""AREA_14_IMAGES_OUTPUT/CAST/005_m_chimera_s_mon_chimera_CAST_F02.png"": ""b3a664fa9ece404fa89001d0335576d80888289d3109b58cb3349524c82ed65d"", ""AREA_14_IMAGES_OUTPUT/CAST/005_m_chimera_s_mon_chimera_CAST_F03.png"": ""20145dfda92103437b9694a0ef30ace610f994745c3cec6b03e6957cf9055bb4"", ""AREA_14_IMAGES_OUTPUT/CAST/005_m_chimera_s_mon_chimera_CAST_F04.png"": ""d77d6dec29deac706ef3cc0a5f7fc91c8bdf195ceedb1876e355a9da64f64f1e"", ""AREA_14_IMAGES_OUTPUT/CAST/005_m_chimera_s_mon_chimera_CAST_F05.png"": ""d9ca4adab2c0fe41be033635f881ddb8e6a8129b93c23ec2d40e9b686e1ec2d3"", ""AREA_14_IMAGES_OUTPUT/CAST/005_m_chimera_s_mon_chimera_CAST_F06.png"": ""6521ccba4c099b6b2d5bd4e8bd08315eeb39932bda0cc716a99f28f8d51aa224"", ""AREA_14_IMAGES_OUTPUT/CAST/005_m_chimera_s_mon_chimera_CAST_F07.png"": ""59c9eaee6c4db6cb4c01de815aa72fa1a08761fb479fb095d5c6b6980da97299"", ""AREA_14_IMAGES_OUTPUT/CAST/005_m_chimera_s_mon_chimera_CAST_F08.png"": ""efc3b3db11c58675f727248d8e2778e7443f2ea832b2c9c85c799f18e90b71c1"", ""AREA_14_IMAGES_OUTPUT/CAST/005_m_chimera_s_mon_chimera_CAST_F09.png"": ""22811f3ca42a171da8c3396bfa1d77a50d2f7d1bd9da5200f17e95598b5c2cdd"", ""AREA_14_IMAGES_OUTPUT/CAST/005_m_chimera_s_mon_chimera_CAST_F10.png"": ""85d64e04a373993ed120dd85148ab1dcf0f452722cd9442b6c7b5a079daee71a"", ""AREA_14_IMAGES_OUTPUT/CAST/005_m_chimera_s_mon_chimera_CAST_F11.png"": ""744e84630a6490a13dd151ec2e0efc1be88714509a3b7fcbb67fab971939e00b""}",D:\maplestory_levup\docs\art\images-input-packages-v2_4\AREA_14_IMAGES_INPUT_V2_4.zip,V2.4,AREA_14_IMAGES_INPUT_V2_4/monsters/005_m_chimera_키메라/GENERATION_SPEC.md,서로 다른 산성액 두 줄기가 합쳐져 터지는 포격탄. ‘키메라 / 융합체의 산성 포격’ 전용 소재이며 몬스터 본체는 VFX에 직접 넣지 않음,0.08 / non-loop one-shot,SkillEffect applies FlipX for directional attacks; delayed layer samples caster position at SpawnLayer execution; map entity then applies drift,F00–F11 전체를 순서대로 직접 대조,"연두 산성 소용돌이가 밝은 독성 충격으로 터지고, 투사체는 점액 구체의 국소 회전만 변화",D:\maplestory_levup\docs\art\area00-images-output\AREA_00_IMAGES_OUTPUT_ORIGINAL.zip,AREA_00_IMAGES_OUTPUT/monsters/004_m_mano_마노/VFX/004_m_mano_s_mon_mano_F06.png,AREA00 실제 승인 원화. 해당 보드의 기준 프레임 + ART_STYLE_STANDARD의 전체 기준. 고유 모양/저레벨 규모를 요구하지 않음,외곽·광륜·명암 경계가 반복되는 픽셀 계단과 덩어리 색면으로 구성된다. AREA00의 연속 곡선/얇은 광선/부분적인 부드러운 반투명 마감과 차이가 있다. 같은 Area 내부에는 이어지지만 액체·금속·빛 등 여러 소재에 공통인 제작 마감 차이다.,동일 몬스터의 실제 ICON 및 모든 VFX 역할 대조. 일부 역할의 차이는 아래 별도 후보로 한정,액체·유리·금속·독무에서 반복되는 픽셀 계단형 마감이 전체 역할에서 관찰된다. 지역 내부 일치만으로 AREA00 기준 적합으로 승격하지 않는다.,AREA00 기준 + 전체 Area의 동일 역할 보드 대조; 다수결 기준 사용 안 함. 추가 소재 비교는 CROSS_AREA_MATERIAL_BOARD_INDEX.csv,팔레트·재질·형상·레벨/보스 규모·밀도·역할별 프레임/시간 차이 허용,액체/금속/직물 등 소재 자체보다 픽셀 단위의 외곽·명암·광선 연결 방식이 다른 점을 판정,서로 다른 산성액 두 줄기가 합쳐져 터지는 포격탄. ‘키메라 / 융합체의 산성 포격’ 전용 소재이며 몬스터 본체는 VFX에 직접 넣지 않음 | SkillEffect applies FlipX for directional attacks; delayed layer samples caster position at SpawnLayer execution; map entity then applies drift,"소재·형상·팔레트·역할·프레임 수를 보존하고 외곽 및 명암 연결, 광선 끝, 입자 가장자리의 마감만 통일 후보",YES,NO,D:\maplestory_levup\docs\art\output_audit\runs\20260912_162508_msw_origin_art_review\CROSS_AREA_STYLE_BOARD\area_14_m_chimera_CAST_VFX_NATIVE.png,D:\maplestory_levup\docs\art\output_audit\runs\20260912_162508_msw_origin_art_review\STYLE_OUTLIERS\area_14_m_chimera_CAST_VFX_COMPARE.png,"PNG 원본을 동일 RGB(32,38,48) 배경에 1:1 합성. 확대는 동일 128px 영역 2배 NEAREST. 큰 보드의 도구 축소 표시 가능; 이탈 상세는 1600px 보드에서 추가 대조",전 프레임 순서상 형성/변화/해체/잔상 대조. 실시간 재생의 체감 리듬 및 엔진 합성은 미검증,NOT_CHECKED: 게임 내 최종 배율/카메라/필터/배경에서의 선명도 미검증. 명세 배율만으로 런타임 표시를 보았다고 하지 않음,NO_OBVIOUS_ISSUE,기존 파일검사 재사용,TARGET_OUTPUT
area_14,m_chimera,키메라,s_mon_chimera,융합체의 산성 포격,PROJECTILE,STYLE_OUTLIER,D:\maplestory_levup\docs\art\output_repacked\20260912_153221_v24_repack\AREA_14_IMAGES_OUTPUT.zip,AREA_14_IMAGES_OUTPUT/PROJECTILE/005_m_chimera_s_mon_chimera_PROJECTILE_F00.png|AREA_14_IMAGES_OUTPUT/PROJECTILE/005_m_chimera_s_mon_chimera_PROJECTILE_F01.png|AREA_14_IMAGES_OUTPUT/PROJECTILE/005_m_chimera_s_mon_chimera_PROJECTILE_F02.png|AREA_14_IMAGES_OUTPUT/PROJECTILE/005_m_chimera_s_mon_chimera_PROJECTILE_F03.png,"{""AREA_14_IMAGES_OUTPUT/PROJECTILE/005_m_chimera_s_mon_chimera_PROJECTILE_F00.png"": ""3b2f897e979565b869be6bceea67365a43da4c610246e76187eb6d2a66988889"", ""AREA_14_IMAGES_OUTPUT/PROJECTILE/005_m_chimera_s_mon_chimera_PROJECTILE_F01.png"": ""495bbf7c5c6c95d5db51151e1db8228ec3e4fd7577ac8941daa1023254b6afa1"", ""AREA_14_IMAGES_OUTPUT/PROJECTILE/005_m_chimera_s_mon_chimera_PROJECTILE_F02.png"": ""e14f2cfbd4b1d20ff9b50802ae84eb43d8b3c24f5e2641ffca7b9a3e3f732dcd"", ""AREA_14_IMAGES_OUTPUT/PROJECTILE/005_m_chimera_s_mon_chimera_PROJECTILE_F03.png"": ""017af30faa3a1820aeb7814fbdd46a36ead72a35ad67d1a1e1bb57c62e254dad""}",D:\maplestory_levup\docs\art\images-input-packages-v2_4\AREA_14_IMAGES_INPUT_V2_4.zip,V2.4,AREA_14_IMAGES_INPUT_V2_4/monsters/005_m_chimera_키메라/GENERATION_SPEC.md,서로 다른 산성액 두 줄기가 합쳐져 터지는 포격탄. ‘키메라 / 융합체의 산성 포격’ 전용 소재이며 몬스터 본체는 VFX에 직접 넣지 않음,0.08 / non-loop complete playback within 0.35s entity lifetime,art direction-neutral/local form only; engine translates caster+h to target+h and applies ZRotation; no PROJECTILE FlipX or travel-direction alignment,F00–F03 전체를 순서대로 직접 대조,"연두 산성 소용돌이가 밝은 독성 충격으로 터지고, 투사체는 점액 구체의 국소 회전만 변화",D:\maplestory_levup\docs\art\area00-images-output\AREA_00_IMAGES_OUTPUT_ORIGINAL.zip,AREA_00_IMAGES_OUTPUT/monsters/004_m_mano_마노/VFX/004_m_mano_s_mon_mano_F06.png,AREA00 실제 승인 원화. 해당 보드의 기준 프레임 + ART_STYLE_STANDARD의 전체 기준. 고유 모양/저레벨 규모를 요구하지 않음,외곽·광륜·명암 경계가 반복되는 픽셀 계단과 덩어리 색면으로 구성된다. AREA00의 연속 곡선/얇은 광선/부분적인 부드러운 반투명 마감과 차이가 있다. 같은 Area 내부에는 이어지지만 액체·금속·빛 등 여러 소재에 공통인 제작 마감 차이다.,동일 몬스터의 실제 ICON 및 모든 VFX 역할 대조. 일부 역할의 차이는 아래 별도 후보로 한정,액체·유리·금속·독무에서 반복되는 픽셀 계단형 마감이 전체 역할에서 관찰된다. 지역 내부 일치만으로 AREA00 기준 적합으로 승격하지 않는다.,AREA00 기준 + 전체 Area의 동일 역할 보드 대조; 다수결 기준 사용 안 함. 추가 소재 비교는 CROSS_AREA_MATERIAL_BOARD_INDEX.csv,팔레트·재질·형상·레벨/보스 규모·밀도·역할별 프레임/시간 차이 허용,액체/금속/직물 등 소재 자체보다 픽셀 단위의 외곽·명암·광선 연결 방식이 다른 점을 판정,서로 다른 산성액 두 줄기가 합쳐져 터지는 포격탄. ‘키메라 / 융합체의 산성 포격’ 전용 소재이며 몬스터 본체는 VFX에 직접 넣지 않음 | art direction-neutral/local form only; engine translates caster+h to target+h and applies ZRotation; no PROJECTILE FlipX or travel-direction alignment,"소재·형상·팔레트·역할·프레임 수를 보존하고 외곽 및 명암 연결, 광선 끝, 입자 가장자리의 마감만 통일 후보",YES,NO,D:\maplestory_levup\docs\art\output_audit\runs\20260912_162508_msw_origin_art_review\CROSS_AREA_STYLE_BOARD\area_14_m_chimera_PROJECTILE_NATIVE.png,D:\maplestory_levup\docs\art\output_audit\runs\20260912_162508_msw_origin_art_review\STYLE_OUTLIERS\area_14_m_chimera_PROJECTILE_COMPARE.png,"PNG 원본을 동일 RGB(32,38,48) 배경에 1:1 합성. 확대는 동일 128px 영역 2배 NEAREST. 큰 보드의 도구 축소 표시 가능; 이탈 상세는 1600px 보드에서 추가 대조",전 프레임 순서상 형성/변화/해체/잔상 대조. 실시간 재생의 체감 리듬 및 엔진 합성은 미검증,NOT_CHECKED: 게임 내 최종 배율/카메라/필터/배경에서의 선명도 미검증. 명세 배율만으로 런타임 표시를 보았다고 하지 않음,NO_OBVIOUS_ISSUE,기존 파일검사 재사용,TARGET_OUTPUT
area_15,m_straw_dummy,수련용 짚인형,s_mon_straw_dummy,짚단 균형감각,ICON,CONSISTENT_WITH_REFERENCE,D:\maplestory_levup\docs\art\output_repacked\20260912_153221_v24_repack\AREA_15_IMAGES_OUTPUT.zip,AREA_15_IMAGES_OUTPUT/ICON/001_m_straw_dummy_s_mon_straw_dummy_ICON.png,"{""AREA_15_IMAGES_OUTPUT/ICON/001_m_straw_dummy_s_mon_straw_dummy_ICON.png"": ""bbb91e93dd6b4fc6f78cdd58a17645a12bbfe99435d9fe2d660681e6760ed6ed""}",D:\maplestory_levup\docs\art\images-input-packages-v2_4\AREA_15_IMAGES_INPUT_V2_4.zip,V2.4,AREA_15_IMAGES_INPUT_V2_4/monsters/001_m_straw_dummy_수련용_짚인형/GENERATION_SPEC.md,짚 매듭이 흔들려도 중심을 되찾는 균형 고리. ‘수련용 짚인형 / 짚단 균형감각’ 전용 소재이며 몬스터 본체는 VFX에 직접 넣지 않음,static / static,none,ICON 原寸 전체,묶인 볏짚 매듭이 금빛 균형 고리 안에서 작게 회전·맥동하는 비전투 표현,D:\maplestory_levup\docs\art\area00-images-output\AREA_00_IMAGES_OUTPUT_ORIGINAL.zip,AREA_00_IMAGES_OUTPUT/monsters/002_m_blue_snail_파란_달팽이/ICON/002_m_blue_snail_s_mon_blue_snail_ICON.png,AREA00 실제 승인 원화. 해당 보드의 기준 프레임 + ART_STYLE_STANDARD의 전체 기준. 고유 모양/저레벨 규모를 요구하지 않음,짚의 세선·목재 결·꽃잎의 얇은 윤곽·태륜의 청백 타격 잔상은 소재별 차이를 유지하면서 입체감/반사광과 소멸을 연결한다. 원공 PROJECTILE 외곽은 별도 판단.,동일 몬스터의 실제 ICON 및 모든 VFX 역할 대조. 색·소재·반사광 관계에서 명백한 이탈 없음,짚의 세선·목재 결·꽃잎의 얇은 윤곽·태륜의 청백 타격 잔상은 소재별 차이를 유지하면서 입체감/반사광과 소멸을 연결한다. 원공 PROJECTILE 외곽은 별도 판단.,AREA00 기준 + 전체 Area의 동일 역할 보드 대조; 다수결 기준 사용 안 함. 추가 소재 비교는 CROSS_AREA_MATERIAL_BOARD_INDEX.csv,팔레트·재질·형상·레벨/보스 규모·밀도·역할별 프레임/시간 차이 허용,해당 없음,짚 매듭이 흔들려도 중심을 되찾는 균형 고리. ‘수련용 짚인형 / 짚단 균형감각’ 전용 소재이며 몬스터 본체는 VFX에 직접 넣지 않음 | none,원화 유지,NO,NO,D:\maplestory_levup\docs\art\output_audit\runs\20260912_162508_msw_origin_art_review\CROSS_AREA_STYLE_BOARD\area_15_ICON_NATIVE.png,,"PNG 원본을 동일 RGB(32,38,48) 배경에 1:1 합성. 확대는 동일 128px 영역 2배 NEAREST. 큰 보드의 도구 축소 표시 가능; 이탈 상세는 1600px 보드에서 추가 대조",전 프레임 순서상 형성/변화/해체/잔상 대조. 실시간 재생의 체감 리듬 및 엔진 합성은 미검증,NOT_CHECKED: 게임 내 최종 배율/카메라/필터/배경에서의 선명도 미검증. 명세 배율만으로 런타임 표시를 보았다고 하지 않음,NO_OBVIOUS_ISSUE,기존 파일검사 재사용,TARGET_OUTPUT
area_15,m_straw_dummy,수련용 짚인형,s_mon_straw_dummy,짚단 균형감각,REFERENCE_VFX,CONSISTENT_WITH_REFERENCE,D:\maplestory_levup\docs\art\output_repacked\20260912_153221_v24_repack\AREA_15_IMAGES_OUTPUT.zip,AREA_15_IMAGES_OUTPUT/REFERENCE/001_m_straw_dummy_s_mon_straw_dummy_REFERENCE_F00.png|AREA_15_IMAGES_OUTPUT/REFERENCE/001_m_straw_dummy_s_mon_straw_dummy_REFERENCE_F01.png|AREA_15_IMAGES_OUTPUT/REFERENCE/001_m_straw_dummy_s_mon_straw_dummy_REFERENCE_F02.png|AREA_15_IMAGES_OUTPUT/REFERENCE/001_m_straw_dummy_s_mon_straw_dummy_REFERENCE_F03.png|AREA_15_IMAGES_OUTPUT/REFERENCE/001_m_straw_dummy_s_mon_straw_dummy_REFERENCE_F04.png|AREA_15_IMAGES_OUTPUT/REFERENCE/001_m_straw_dummy_s_mon_straw_dummy_REFERENCE_F05.png,"{""AREA_15_IMAGES_OUTPUT/REFERENCE/001_m_straw_dummy_s_mon_straw_dummy_REFERENCE_F00.png"": ""92c6a8ac9c4b48a6115025d8b813cdc4b3f02a03f46737da8f0b2dfc52b4d27e"", ""AREA_15_IMAGES_OUTPUT/REFERENCE/001_m_straw_dummy_s_mon_straw_dummy_REFERENCE_F01.png"": ""1d518ea5cbc107387e9a61658a8a454b555a6479fd76feb58449a150f3e539bb"", ""AREA_15_IMAGES_OUTPUT/REFERENCE/001_m_straw_dummy_s_mon_straw_dummy_REFERENCE_F02.png"": ""a09039718ae6801c17704902e48ab3b4ed6acc98f08856d750242c92e9aa8fde"", ""AREA_15_IMAGES_OUTPUT/REFERENCE/001_m_straw_dummy_s_mon_straw_dummy_REFERENCE_F03.png"": ""8a9ab27c38e8e21bc0e02ef221f4d42d19ef0af1f791362bfe010e546475e9ab"", ""AREA_15_IMAGES_OUTPUT/REFERENCE/001_m_straw_dummy_s_mon_straw_dummy_REFERENCE_F04.png"": ""661a0a8dd7175e98fc62d065abd25bb828e18b5ec1e610883b0d69788714a574"", ""AREA_15_IMAGES_OUTPUT/REFERENCE/001_m_straw_dummy_s_mon_straw_dummy_REFERENCE_F05.png"": ""46add7f337df4b608c5596f08dfd07b3ff9235988fd612702b2dee70ee1c2559""}",D:\maplestory_levup\docs\art\images-input-packages-v2_4\AREA_15_IMAGES_INPUT_V2_4.zip,V2.4,AREA_15_IMAGES_INPUT_V2_4/monsters/001_m_straw_dummy_수련용_짚인형/GENERATION_SPEC.md,짚 매듭이 흔들려도 중심을 되찾는 균형 고리. ‘수련용 짚인형 / 짚단 균형감각’ 전용 소재이며 몬스터 본체는 VFX에 직접 넣지 않음,0.10 / preview-only non-loop,preview only; no engine motion/FlipX contract,F00–F05 전체를 순서대로 직접 대조,묶인 볏짚 매듭이 금빛 균형 고리 안에서 작게 회전·맥동하는 비전투 표현,D:\maplestory_levup\docs\art\area00-images-output\AREA_00_IMAGES_OUTPUT_ORIGINAL.zip,AREA_00_IMAGES_OUTPUT/monsters/002_m_blue_snail_파란_달팽이/VFX/002_m_blue_snail_s_mon_blue_snail_F04.png,AREA00 실제 승인 원화. 해당 보드의 기준 프레임 + ART_STYLE_STANDARD의 전체 기준. 고유 모양/저레벨 규모를 요구하지 않음,짚의 세선·목재 결·꽃잎의 얇은 윤곽·태륜의 청백 타격 잔상은 소재별 차이를 유지하면서 입체감/반사광과 소멸을 연결한다. 원공 PROJECTILE 외곽은 별도 판단.,동일 몬스터의 실제 ICON 및 모든 VFX 역할 대조. 색·소재·반사광 관계에서 명백한 이탈 없음,짚의 세선·목재 결·꽃잎의 얇은 윤곽·태륜의 청백 타격 잔상은 소재별 차이를 유지하면서 입체감/반사광과 소멸을 연결한다. 원공 PROJECTILE 외곽은 별도 판단.,AREA00 기준 + 전체 Area의 동일 역할 보드 대조; 다수결 기준 사용 안 함. 추가 소재 비교는 CROSS_AREA_MATERIAL_BOARD_INDEX.csv,팔레트·재질·형상·레벨/보스 규모·밀도·역할별 프레임/시간 차이 허용,해당 없음,짚 매듭이 흔들려도 중심을 되찾는 균형 고리. ‘수련용 짚인형 / 짚단 균형감각’ 전용 소재이며 몬스터 본체는 VFX에 직접 넣지 않음 | preview only; no engine motion/FlipX contract,원화 유지,NO,NO,D:\maplestory_levup\docs\art\output_audit\runs\20260912_162508_msw_origin_art_review\CROSS_AREA_STYLE_BOARD\area_15_m_straw_dummy_REFERENCE_VFX_NATIVE.png,,"PNG 원본을 동일 RGB(32,38,48) 배경에 1:1 합성. 확대는 동일 128px 영역 2배 NEAREST. 큰 보드의 도구 축소 표시 가능; 이탈 상세는 1600px 보드에서 추가 대조",전 프레임 순서상 형성/변화/해체/잔상 대조. 실시간 재생의 체감 리듬 및 엔진 합성은 미검증,NOT_CHECKED: 게임 내 최종 배율/카메라/필터/배경에서의 선명도 미검증. 명세 배율만으로 런타임 표시를 보았다고 하지 않음,NO_OBVIOUS_ISSUE,기존 파일검사 재사용,TARGET_OUTPUT
area_15,m_wooden_dummy,수련용 나무인형,s_mon_wooden_dummy,목인 회전타,ICON,CONSISTENT_WITH_REFERENCE,D:\maplestory_levup\docs\art\output_repacked\20260912_153221_v24_repack\AREA_15_IMAGES_OUTPUT.zip,AREA_15_IMAGES_OUTPUT/ICON/002_m_wooden_dummy_s_mon_wooden_dummy_ICON.png,"{""AREA_15_IMAGES_OUTPUT/ICON/002_m_wooden_dummy_s_mon_wooden_dummy_ICON.png"": ""64feb8790f7f3b6f0a3bf708b779b858f1bf45ad39f09422133ba20e31df65a4""}",D:\maplestory_levup\docs\art\images-input-packages-v2_4\AREA_15_IMAGES_INPUT_V2_4.zip,V2.4,AREA_15_IMAGES_INPUT_V2_4/monsters/002_m_wooden_dummy_수련용_나무인형/GENERATION_SPEC.md,나무 팔축이 원형으로 휘두르는 회전 궤적과 톱밥. ‘수련용 나무인형 / 목인 회전타’ 전용 소재이며 몬스터 본체는 VFX에 직접 넣지 않음,static / static,none,ICON 原寸 전체,나무 원통 둘이 갈색 회전 궤적을 만들고 금빛 충격륜 뒤 파편으로 풀림,D:\maplestory_levup\docs\art\area00-images-output\AREA_00_IMAGES_OUTPUT_ORIGINAL.zip,AREA_00_IMAGES_OUTPUT/monsters/002_m_blue_snail_파란_달팽이/ICON/002_m_blue_snail_s_mon_blue_snail_ICON.png,AREA00 실제 승인 원화. 해당 보드의 기준 프레임 + ART_STYLE_STANDARD의 전체 기준. 고유 모양/저레벨 규모를 요구하지 않음,짚의 세선·목재 결·꽃잎의 얇은 윤곽·태륜의 청백 타격 잔상은 소재별 차이를 유지하면서 입체감/반사광과 소멸을 연결한다. 원공 PROJECTILE 외곽은 별도 판단.,동일 몬스터의 실제 ICON 및 모든 VFX 역할 대조. 색·소재·반사광 관계에서 명백한 이탈 없음,짚의 세선·목재 결·꽃잎의 얇은 윤곽·태륜의 청백 타격 잔상은 소재별 차이를 유지하면서 입체감/반사광과 소멸을 연결한다. 원공 PROJECTILE 외곽은 별도 판단.,AREA00 기준 + 전체 Area의 동일 역할 보드 대조; 다수결 기준 사용 안 함. 추가 소재 비교는 CROSS_AREA_MATERIAL_BOARD_INDEX.csv,팔레트·재질·형상·레벨/보스 규모·밀도·역할별 프레임/시간 차이 허용,해당 없음,나무 팔축이 원형으로 휘두르는 회전 궤적과 톱밥. ‘수련용 나무인형 / 목인 회전타’ 전용 소재이며 몬스터 본체는 VFX에 직접 넣지 않음 | none,원화 유지,NO,NO,D:\maplestory_levup\docs\art\output_audit\runs\20260912_162508_msw_origin_art_review\CROSS_AREA_STYLE_BOARD\area_15_ICON_NATIVE.png,,"PNG 원본을 동일 RGB(32,38,48) 배경에 1:1 합성. 확대는 동일 128px 영역 2배 NEAREST. 큰 보드의 도구 축소 표시 가능; 이탈 상세는 1600px 보드에서 추가 대조",전 프레임 순서상 형성/변화/해체/잔상 대조. 실시간 재생의 체감 리듬 및 엔진 합성은 미검증,NOT_CHECKED: 게임 내 최종 배율/카메라/필터/배경에서의 선명도 미검증. 명세 배율만으로 런타임 표시를 보았다고 하지 않음,NO_OBVIOUS_ISSUE,기존 파일검사 재사용,TARGET_OUTPUT
area_15,m_wooden_dummy,수련용 나무인형,s_mon_wooden_dummy,목인 회전타,CAST_VFX,CONSISTENT_WITH_REFERENCE,D:\maplestory_levup\docs\art\output_repacked\20260912_153221_v24_repack\AREA_15_IMAGES_OUTPUT.zip,AREA_15_IMAGES_OUTPUT/CAST/002_m_wooden_dummy_s_mon_wooden_dummy_CAST_F00.png|AREA_15_IMAGES_OUTPUT/CAST/002_m_wooden_dummy_s_mon_wooden_dummy_CAST_F01.png|AREA_15_IMAGES_OUTPUT/CAST/002_m_wooden_dummy_s_mon_wooden_dummy_CAST_F02.png|AREA_15_IMAGES_OUTPUT/CAST/002_m_wooden_dummy_s_mon_wooden_dummy_CAST_F03.png|AREA_15_IMAGES_OUTPUT/CAST/002_m_wooden_dummy_s_mon_wooden_dummy_CAST_F04.png|AREA_15_IMAGES_OUTPUT/CAST/002_m_wooden_dummy_s_mon_wooden_dummy_CAST_F05.png|AREA_15_IMAGES_OUTPUT/CAST/002_m_wooden_dummy_s_mon_wooden_dummy_CAST_F06.png|AREA_15_IMAGES_OUTPUT/CAST/002_m_wooden_dummy_s_mon_wooden_dummy_CAST_F07.png,"{""AREA_15_IMAGES_OUTPUT/CAST/002_m_wooden_dummy_s_mon_wooden_dummy_CAST_F00.png"": ""5445ba276500ac2d5a32ff11db505d4005c831219497b18e2b2e4412ed13cc49"", ""AREA_15_IMAGES_OUTPUT/CAST/002_m_wooden_dummy_s_mon_wooden_dummy_CAST_F01.png"": ""cefd55a18384799371f9a18d54c82c8a8b6b348e2b480c127e53c8115ace490c"", ""AREA_15_IMAGES_OUTPUT/CAST/002_m_wooden_dummy_s_mon_wooden_dummy_CAST_F02.png"": ""037622f3aa91454b165c9ac94eec31419939c598ed13846a033c2744cfc2b688"", ""AREA_15_IMAGES_OUTPUT/CAST/002_m_wooden_dummy_s_mon_wooden_dummy_CAST_F03.png"": ""6cb7626f3f6516fb8cf258ecbf448abd10b8212a71a61d61a3c18286f87bd971"", ""AREA_15_IMAGES_OUTPUT/CAST/002_m_wooden_dummy_s_mon_wooden_dummy_CAST_F04.png"": ""e04d74c5173dee37d9e1d3a7c78f60a4ea7e5eb82b084f13a2f4bf8c53bf9250"", ""AREA_15_IMAGES_OUTPUT/CAST/002_m_wooden_dummy_s_mon_wooden_dummy_CAST_F05.png"": ""be0e9da5ee234fac1027f36785e1922a7b5299ae1cd87536ac453e9bd04303b5"", ""AREA_15_IMAGES_OUTPUT/CAST/002_m_wooden_dummy_s_mon_wooden_dummy_CAST_F06.png"": ""887ab6a5be82bb22a15258bd38085398afb79b6fc644372e58f3179318e005cf"", ""AREA_15_IMAGES_OUTPUT/CAST/002_m_wooden_dummy_s_mon_wooden_dummy_CAST_F07.png"": ""7de235b3ad85e35ef8513349437fb7bdd2b53c94ff759ca87460016a2fe01344""}",D:\maplestory_levup\docs\art\images-input-packages-v2_4\AREA_15_IMAGES_INPUT_V2_4.zip,V2.4,AREA_15_IMAGES_INPUT_V2_4/monsters/002_m_wooden_dummy_수련용_나무인형/GENERATION_SPEC.md,나무 팔축이 원형으로 휘두르는 회전 궤적과 톱밥. ‘수련용 나무인형 / 목인 회전타’ 전용 소재이며 몬스터 본체는 VFX에 직접 넣지 않음,0.10 / non-loop one-shot,SkillEffect applies FlipX for directional attacks; delayed layer samples caster position at SpawnLayer execution; map entity then applies drift,F00–F07 전체를 순서대로 직접 대조,나무 원통 둘이 갈색 회전 궤적을 만들고 금빛 충격륜 뒤 파편으로 풀림,D:\maplestory_levup\docs\art\area00-images-output\AREA_00_IMAGES_OUTPUT_ORIGINAL.zip,AREA_00_IMAGES_OUTPUT/monsters/005_m_slime_슬라임/VFX/005_m_slime_s_mon_slime_F04.png,AREA00 실제 승인 원화. 해당 보드의 기준 프레임 + ART_STYLE_STANDARD의 전체 기준. 고유 모양/저레벨 규모를 요구하지 않음,짚의 세선·목재 결·꽃잎의 얇은 윤곽·태륜의 청백 타격 잔상은 소재별 차이를 유지하면서 입체감/반사광과 소멸을 연결한다. 원공 PROJECTILE 외곽은 별도 판단.,동일 몬스터의 실제 ICON 및 모든 VFX 역할 대조. 색·소재·반사광 관계에서 명백한 이탈 없음,짚의 세선·목재 결·꽃잎의 얇은 윤곽·태륜의 청백 타격 잔상은 소재별 차이를 유지하면서 입체감/반사광과 소멸을 연결한다. 원공 PROJECTILE 외곽은 별도 판단.,AREA00 기준 + 전체 Area의 동일 역할 보드 대조; 다수결 기준 사용 안 함. 추가 소재 비교는 CROSS_AREA_MATERIAL_BOARD_INDEX.csv,팔레트·재질·형상·레벨/보스 규모·밀도·역할별 프레임/시간 차이 허용,해당 없음,나무 팔축이 원형으로 휘두르는 회전 궤적과 톱밥. ‘수련용 나무인형 / 목인 회전타’ 전용 소재이며 몬스터 본체는 VFX에 직접 넣지 않음 | SkillEffect applies FlipX for directional attacks; delayed layer samples caster position at SpawnLayer execution; map entity then applies drift,원화 유지,NO,NO,D:\maplestory_levup\docs\art\output_audit\runs\20260912_162508_msw_origin_art_review\CROSS_AREA_STYLE_BOARD\area_15_m_wooden_dummy_CAST_VFX_NATIVE.png,,"PNG 원본을 동일 RGB(32,38,48) 배경에 1:1 합성. 확대는 동일 128px 영역 2배 NEAREST. 큰 보드의 도구 축소 표시 가능; 이탈 상세는 1600px 보드에서 추가 대조",전 프레임 순서상 형성/변화/해체/잔상 대조. 실시간 재생의 체감 리듬 및 엔진 합성은 미검증,NOT_CHECKED: 게임 내 최종 배율/카메라/필터/배경에서의 선명도 미검증. 명세 배율만으로 런타임 표시를 보았다고 하지 않음,NO_OBVIOUS_ISSUE,기존 파일검사 재사용,TARGET_OUTPUT
area_15,m_peach_monkey,원공,s_mon_peach_monkey,천도 투척,ICON,CONSISTENT_WITH_REFERENCE,D:\maplestory_levup\docs\art\output_repacked\20260912_153221_v24_repack\AREA_15_IMAGES_OUTPUT.zip,AREA_15_IMAGES_OUTPUT/ICON/003_m_peach_monkey_s_mon_peach_monkey_ICON.png,"{""AREA_15_IMAGES_OUTPUT/ICON/003_m_peach_monkey_s_mon_peach_monkey_ICON.png"": ""f398270239585c96556eb068e5ebcee2b403e907bfe559e965ecfad5bbc367df""}",D:\maplestory_levup\docs\art\images-input-packages-v2_4\AREA_15_IMAGES_INPUT_V2_4.zip,V2.4,AREA_15_IMAGES_INPUT_V2_4/monsters/003_m_peach_monkey_원공/GENERATION_SPEC.md,천도 복숭아가 잎사귀 꼬리를 달고 포물선으로 날아가는 탄. ‘원공 / 천도 투척’ 전용 소재이며 몬스터 본체는 VFX에 직접 넣지 않음,static / static,none,ICON 原寸 전체,"분홍 복숭아핵이 잎과 꽃빛 속에서 터지고, 투사체는 복숭아 구체의 국소 광택만 변화",D:\maplestory_levup\docs\art\area00-images-output\AREA_00_IMAGES_OUTPUT_ORIGINAL.zip,AREA_00_IMAGES_OUTPUT/monsters/002_m_blue_snail_파란_달팽이/ICON/002_m_blue_snail_s_mon_blue_snail_ICON.png,AREA00 실제 승인 원화. 해당 보드의 기준 프레임 + ART_STYLE_STANDARD의 전체 기준. 고유 모양/저레벨 규모를 요구하지 않음,짚의 세선·목재 결·꽃잎의 얇은 윤곽·태륜의 청백 타격 잔상은 소재별 차이를 유지하면서 입체감/반사광과 소멸을 연결한다. 원공 PROJECTILE 외곽은 별도 판단.,동일 몬스터의 실제 ICON 및 모든 VFX 역할 대조. 일부 역할의 차이는 아래 별도 후보로 한정,짚의 세선·목재 결·꽃잎의 얇은 윤곽·태륜의 청백 타격 잔상은 소재별 차이를 유지하면서 입체감/반사광과 소멸을 연결한다. 원공 PROJECTILE 외곽은 별도 판단.,AREA00 기준 + 전체 Area의 동일 역할 보드 대조; 다수결 기준 사용 안 함. 추가 소재 비교는 CROSS_AREA_MATERIAL_BOARD_INDEX.csv,팔레트·재질·형상·레벨/보스 규모·밀도·역할별 프레임/시간 차이 허용,해당 없음,천도 복숭아가 잎사귀 꼬리를 달고 포물선으로 날아가는 탄. ‘원공 / 천도 투척’ 전용 소재이며 몬스터 본체는 VFX에 직접 넣지 않음 | none,원화 유지,NO,NO,D:\maplestory_levup\docs\art\output_audit\runs\20260912_162508_msw_origin_art_review\CROSS_AREA_STYLE_BOARD\area_15_ICON_NATIVE.png,,"PNG 원본을 동일 RGB(32,38,48) 배경에 1:1 합성. 확대는 동일 128px 영역 2배 NEAREST. 큰 보드의 도구 축소 표시 가능; 이탈 상세는 1600px 보드에서 추가 대조",전 프레임 순서상 형성/변화/해체/잔상 대조. 실시간 재생의 체감 리듬 및 엔진 합성은 미검증,NOT_CHECKED: 게임 내 최종 배율/카메라/필터/배경에서의 선명도 미검증. 명세 배율만으로 런타임 표시를 보았다고 하지 않음,NO_OBVIOUS_ISSUE,기존 파일검사 재사용,TARGET_OUTPUT
area_15,m_peach_monkey,원공,s_mon_peach_monkey,천도 투척,CAST_VFX,CONSISTENT_WITH_REFERENCE,D:\maplestory_levup\docs\art\output_repacked\20260912_153221_v24_repack\AREA_15_IMAGES_OUTPUT.zip,AREA_15_IMAGES_OUTPUT/CAST/003_m_peach_monkey_s_mon_peach_monkey_CAST_F00.png|AREA_15_IMAGES_OUTPUT/CAST/003_m_peach_monkey_s_mon_peach_monkey_CAST_F01.png|AREA_15_IMAGES_OUTPUT/CAST/003_m_peach_monkey_s_mon_peach_monkey_CAST_F02.png|AREA_15_IMAGES_OUTPUT/CAST/003_m_peach_monkey_s_mon_peach_monkey_CAST_F03.png|AREA_15_IMAGES_OUTPUT/CAST/003_m_peach_monkey_s_mon_peach_monkey_CAST_F04.png|AREA_15_IMAGES_OUTPUT/CAST/003_m_peach_monkey_s_mon_peach_monkey_CAST_F05.png|AREA_15_IMAGES_OUTPUT/CAST/003_m_peach_monkey_s_mon_peach_monkey_CAST_F06.png|AREA_15_IMAGES_OUTPUT/CAST/003_m_peach_monkey_s_mon_peach_monkey_CAST_F07.png,"{""AREA_15_IMAGES_OUTPUT/CAST/003_m_peach_monkey_s_mon_peach_monkey_CAST_F00.png"": ""2bcf6bcfb1e012f87c7971d3e6c82568e9da9860bcbecc39f064210dbea1036a"", ""AREA_15_IMAGES_OUTPUT/CAST/003_m_peach_monkey_s_mon_peach_monkey_CAST_F01.png"": ""2c26b135347f1a317a49df0dd3a758a6229332afb7671132530203e814459f45"", ""AREA_15_IMAGES_OUTPUT/CAST/003_m_peach_monkey_s_mon_peach_monkey_CAST_F02.png"": ""84db68a7c54dfcfaa685b6b940dcf2d848fb85af63afa7b975f944efe680d181"", ""AREA_15_IMAGES_OUTPUT/CAST/003_m_peach_monkey_s_mon_peach_monkey_CAST_F03.png"": ""22bdca8cceff7e0ee89adead825e0587e0c09b6331013c40bb2e4d70e115a0a0"", ""AREA_15_IMAGES_OUTPUT/CAST/003_m_peach_monkey_s_mon_peach_monkey_CAST_F04.png"": ""c449b8568e8f45c891a43cda2360f9a5d9981af2e7c9de5acde047037a7a8f0d"", ""AREA_15_IMAGES_OUTPUT/CAST/003_m_peach_monkey_s_mon_peach_monkey_CAST_F05.png"": ""943d30488bb4f54db43added60fd6c8e098c3a1bca447720bb59ae12b9fca2cb"", ""AREA_15_IMAGES_OUTPUT/CAST/003_m_peach_monkey_s_mon_peach_monkey_CAST_F06.png"": ""0d43967cc528e4220bcff615573173c4e66787cfa0e9ab333f967abc2588b033"", ""AREA_15_IMAGES_OUTPUT/CAST/003_m_peach_monkey_s_mon_peach_monkey_CAST_F07.png"": ""240198cdd2ade7dcb30059cba6d1bd6288c2be87b044c0d20bf79a3ca3bfcd53""}",D:\maplestory_levup\docs\art\images-input-packages-v2_4\AREA_15_IMAGES_INPUT_V2_4.zip,V2.4,AREA_15_IMAGES_INPUT_V2_4/monsters/003_m_peach_monkey_원공/GENERATION_SPEC.md,천도 복숭아가 잎사귀 꼬리를 달고 포물선으로 날아가는 탄. ‘원공 / 천도 투척’ 전용 소재이며 몬스터 본체는 VFX에 직접 넣지 않음,0.10 / non-loop one-shot,SkillEffect applies FlipX for directional attacks; delayed layer samples caster position at SpawnLayer execution; map entity then applies drift,F00–F07 전체를 순서대로 직접 대조,"분홍 복숭아핵이 잎과 꽃빛 속에서 터지고, 투사체는 복숭아 구체의 국소 광택만 변화",D:\maplestory_levup\docs\art\area00-images-output\AREA_00_IMAGES_OUTPUT_ORIGINAL.zip,AREA_00_IMAGES_OUTPUT/monsters/005_m_slime_슬라임/VFX/005_m_slime_s_mon_slime_F04.png,AREA00 실제 승인 원화. 해당 보드의 기준 프레임 + ART_STYLE_STANDARD의 전체 기준. 고유 모양/저레벨 규모를 요구하지 않음,짚의 세선·목재 결·꽃잎의 얇은 윤곽·태륜의 청백 타격 잔상은 소재별 차이를 유지하면서 입체감/반사광과 소멸을 연결한다. 원공 PROJECTILE 외곽은 별도 판단.,동일 몬스터의 실제 ICON 및 모든 VFX 역할 대조. 일부 역할의 차이는 아래 별도 후보로 한정,짚의 세선·목재 결·꽃잎의 얇은 윤곽·태륜의 청백 타격 잔상은 소재별 차이를 유지하면서 입체감/반사광과 소멸을 연결한다. 원공 PROJECTILE 외곽은 별도 판단.,AREA00 기준 + 전체 Area의 동일 역할 보드 대조; 다수결 기준 사용 안 함. 추가 소재 비교는 CROSS_AREA_MATERIAL_BOARD_INDEX.csv,팔레트·재질·형상·레벨/보스 규모·밀도·역할별 프레임/시간 차이 허용,해당 없음,천도 복숭아가 잎사귀 꼬리를 달고 포물선으로 날아가는 탄. ‘원공 / 천도 투척’ 전용 소재이며 몬스터 본체는 VFX에 직접 넣지 않음 | SkillEffect applies FlipX for directional attacks; delayed layer samples caster position at SpawnLayer execution; map entity then applies drift,원화 유지,NO,NO,D:\maplestory_levup\docs\art\output_audit\runs\20260912_162508_msw_origin_art_review\CROSS_AREA_STYLE_BOARD\area_15_m_peach_monkey_CAST_VFX_NATIVE.png,,"PNG 원본을 동일 RGB(32,38,48) 배경에 1:1 합성. 확대는 동일 128px 영역 2배 NEAREST. 큰 보드의 도구 축소 표시 가능; 이탈 상세는 1600px 보드에서 추가 대조",전 프레임 순서상 형성/변화/해체/잔상 대조. 실시간 재생의 체감 리듬 및 엔진 합성은 미검증,NOT_CHECKED: 게임 내 최종 배율/카메라/필터/배경에서의 선명도 미검증. 명세 배율만으로 런타임 표시를 보았다고 하지 않음,NO_OBVIOUS_ISSUE,기존 파일검사 재사용,TARGET_OUTPUT
area_15,m_peach_monkey,원공,s_mon_peach_monkey,천도 투척,PROJECTILE,NEEDS_USER_REVIEW,D:\maplestory_levup\docs\art\output_repacked\20260912_153221_v24_repack\AREA_15_IMAGES_OUTPUT.zip,AREA_15_IMAGES_OUTPUT/PROJECTILE/003_m_peach_monkey_s_mon_peach_monkey_PROJECTILE_F00.png|AREA_15_IMAGES_OUTPUT/PROJECTILE/003_m_peach_monkey_s_mon_peach_monkey_PROJECTILE_F01.png|AREA_15_IMAGES_OUTPUT/PROJECTILE/003_m_peach_monkey_s_mon_peach_monkey_PROJECTILE_F02.png|AREA_15_IMAGES_OUTPUT/PROJECTILE/003_m_peach_monkey_s_mon_peach_monkey_PROJECTILE_F03.png,"{""AREA_15_IMAGES_OUTPUT/PROJECTILE/003_m_peach_monkey_s_mon_peach_monkey_PROJECTILE_F00.png"": ""a7ca48b15037d1c9f0f771b64843925318be672bdb4ebecaf92f76fa897869c4"", ""AREA_15_IMAGES_OUTPUT/PROJECTILE/003_m_peach_monkey_s_mon_peach_monkey_PROJECTILE_F01.png"": ""5b97e652bc81dc5e81e9739d454e39bd59f8c8cbe4d649eb6105dd13a46f9e5c"", ""AREA_15_IMAGES_OUTPUT/PROJECTILE/003_m_peach_monkey_s_mon_peach_monkey_PROJECTILE_F02.png"": ""041782c7dae9b46a8d53e0278a6f20312fa3b7f764f73a6682d9bd7ce3b6065a"", ""AREA_15_IMAGES_OUTPUT/PROJECTILE/003_m_peach_monkey_s_mon_peach_monkey_PROJECTILE_F03.png"": ""7c28a7990c61fb008e6b8c5a139b5ffd3280855617eb446f8b236786befddbdc""}",D:\maplestory_levup\docs\art\images-input-packages-v2_4\AREA_15_IMAGES_INPUT_V2_4.zip,V2.4,AREA_15_IMAGES_INPUT_V2_4/monsters/003_m_peach_monkey_원공/GENERATION_SPEC.md,천도 복숭아가 잎사귀 꼬리를 달고 포물선으로 날아가는 탄. ‘원공 / 천도 투척’ 전용 소재이며 몬스터 본체는 VFX에 직접 넣지 않음,0.08 / non-loop complete playback within 0.35s entity lifetime,art direction-neutral/local form only; engine translates caster+h to target+h and applies ZRotation; no PROJECTILE FlipX or travel-direction alignment,F00–F03 전체를 순서대로 직접 대조,"분홍 복숭아핵이 잎과 꽃빛 속에서 터지고, 투사체는 복숭아 구체의 국소 광택만 변화",D:\maplestory_levup\docs\art\area00-images-output\AREA_00_IMAGES_OUTPUT_ORIGINAL.zip,AREA_00_IMAGES_OUTPUT/monsters/005_m_slime_슬라임/VFX/005_m_slime_s_mon_slime_F04.png,AREA00 실제 승인 원화. 해당 보드의 기준 프레임 + ART_STYLE_STANDARD의 전체 기준. 고유 모양/저레벨 규모를 요구하지 않음,F00–F03 복숭아의 어두운 계단형 외곽과 분리된 명암이 같은 ICON/CAST보다 강조된다. 작은 비행체의 가독성 목적일 가능성이 있어 확정 이탈과 분리한다.,동일 몬스터의 실제 ICON 및 모든 VFX 역할 대조. 일부 역할의 차이는 아래 별도 후보로 한정,짚의 세선·목재 결·꽃잎의 얇은 윤곽·태륜의 청백 타격 잔상은 소재별 차이를 유지하면서 입체감/반사광과 소멸을 연결한다. 원공 PROJECTILE 외곽은 별도 판단.,AREA00 기준 + 전체 Area의 동일 역할 보드 대조; 다수결 기준 사용 안 함. 추가 소재 비교는 CROSS_AREA_MATERIAL_BOARD_INDEX.csv,팔레트·재질·형상·레벨/보스 규모·밀도·역할별 프레임/시간 차이 허용,허용된 소재/역할 단순화와 마감 차이의 경계 불명확,천도 복숭아가 잎사귀 꼬리를 달고 포물선으로 날아가는 탄. ‘원공 / 천도 투척’ 전용 소재이며 몬스터 본체는 VFX에 직접 넣지 않음 | art direction-neutral/local form only; engine translates caster+h to target+h and applies ZRotation; no PROJECTILE FlipX or travel-direction alignment,복숭아·직선 잔상·로컬 중심 유지; 외곽과 음영 단순화 허용 여부 판단,YES,NO,D:\maplestory_levup\docs\art\output_audit\runs\20260912_162508_msw_origin_art_review\CROSS_AREA_STYLE_BOARD\area_15_m_peach_monkey_PROJECTILE_NATIVE.png,D:\maplestory_levup\docs\art\output_audit\runs\20260912_162508_msw_origin_art_review\STYLE_OUTLIERS\area_15_m_peach_monkey_PROJECTILE_COMPARE.png,"PNG 원본을 동일 RGB(32,38,48) 배경에 1:1 합성. 확대는 동일 128px 영역 2배 NEAREST. 큰 보드의 도구 축소 표시 가능; 이탈 상세는 1600px 보드에서 추가 대조",전 프레임 순서상 형성/변화/해체/잔상 대조. 실시간 재생의 체감 리듬 및 엔진 합성은 미검증,NOT_CHECKED: 게임 내 최종 배율/카메라/필터/배경에서의 선명도 미검증. 명세 배율만으로 런타임 표시를 보았다고 하지 않음,NO_OBVIOUS_ISSUE,기존 파일검사 재사용,TARGET_OUTPUT
area_15,m_blue_flower_serpent,청화사,s_mon_blue_flower_serpent,청화 비늘,ICON,CONSISTENT_WITH_REFERENCE,D:\maplestory_levup\docs\art\output_repacked\20260912_153221_v24_repack\AREA_15_IMAGES_OUTPUT.zip,AREA_15_IMAGES_OUTPUT/ICON/004_m_blue_flower_serpent_s_mon_blue_flower_serpent_ICON.png,"{""AREA_15_IMAGES_OUTPUT/ICON/004_m_blue_flower_serpent_s_mon_blue_flower_serpent_ICON.png"": ""a2a504d30ba760660592e66582f4adca7157710d78e25ceb4d8f50d49aa397ab""}",D:\maplestory_levup\docs\art\images-input-packages-v2_4\AREA_15_IMAGES_INPUT_V2_4.zip,V2.4,AREA_15_IMAGES_INPUT_V2_4/monsters/004_m_blue_flower_serpent_청화사/GENERATION_SPEC.md,푸른 꽃잎 비늘이 뱀의 S자 곡선으로 포개지는 방호결. ‘청화사 / 청화 비늘’ 전용 소재이며 몬스터 본체는 VFX에 직접 넣지 않음,static / static,none,ICON 原寸 전체,푸른 꽃비늘 묶음이 물방울과 함께 감겨 커졌다 원래 비늘 코일로 줄어듦,D:\maplestory_levup\docs\art\area00-images-output\AREA_00_IMAGES_OUTPUT_ORIGINAL.zip,AREA_00_IMAGES_OUTPUT/monsters/002_m_blue_snail_파란_달팽이/ICON/002_m_blue_snail_s_mon_blue_snail_ICON.png,AREA00 실제 승인 원화. 해당 보드의 기준 프레임 + ART_STYLE_STANDARD의 전체 기준. 고유 모양/저레벨 규모를 요구하지 않음,짚의 세선·목재 결·꽃잎의 얇은 윤곽·태륜의 청백 타격 잔상은 소재별 차이를 유지하면서 입체감/반사광과 소멸을 연결한다. 원공 PROJECTILE 외곽은 별도 판단.,동일 몬스터의 실제 ICON 및 모든 VFX 역할 대조. 색·소재·반사광 관계에서 명백한 이탈 없음,짚의 세선·목재 결·꽃잎의 얇은 윤곽·태륜의 청백 타격 잔상은 소재별 차이를 유지하면서 입체감/반사광과 소멸을 연결한다. 원공 PROJECTILE 외곽은 별도 판단.,AREA00 기준 + 전체 Area의 동일 역할 보드 대조; 다수결 기준 사용 안 함. 추가 소재 비교는 CROSS_AREA_MATERIAL_BOARD_INDEX.csv,팔레트·재질·형상·레벨/보스 규모·밀도·역할별 프레임/시간 차이 허용,해당 없음,푸른 꽃잎 비늘이 뱀의 S자 곡선으로 포개지는 방호결. ‘청화사 / 청화 비늘’ 전용 소재이며 몬스터 본체는 VFX에 직접 넣지 않음 | none,원화 유지,NO,NO,D:\maplestory_levup\docs\art\output_audit\runs\20260912_162508_msw_origin_art_review\CROSS_AREA_STYLE_BOARD\area_15_ICON_NATIVE.png,,"PNG 원본을 동일 RGB(32,38,48) 배경에 1:1 합성. 확대는 동일 128px 영역 2배 NEAREST. 큰 보드의 도구 축소 표시 가능; 이탈 상세는 1600px 보드에서 추가 대조",전 프레임 순서상 형성/변화/해체/잔상 대조. 실시간 재생의 체감 리듬 및 엔진 합성은 미검증,NOT_CHECKED: 게임 내 최종 배율/카메라/필터/배경에서의 선명도 미검증. 명세 배율만으로 런타임 표시를 보았다고 하지 않음,NO_OBVIOUS_ISSUE,기존 파일검사 재사용,TARGET_OUTPUT
area_15,m_blue_flower_serpent,청화사,s_mon_blue_flower_serpent,청화 비늘,REFERENCE_VFX,CONSISTENT_WITH_REFERENCE,D:\maplestory_levup\docs\art\output_repacked\20260912_153221_v24_repack\AREA_15_IMAGES_OUTPUT.zip,AREA_15_IMAGES_OUTPUT/REFERENCE/004_m_blue_flower_serpent_s_mon_blue_flower_serpent_REFERENCE_F00.png|AREA_15_IMAGES_OUTPUT/REFERENCE/004_m_blue_flower_serpent_s_mon_blue_flower_serpent_REFERENCE_F01.png|AREA_15_IMAGES_OUTPUT/REFERENCE/004_m_blue_flower_serpent_s_mon_blue_flower_serpent_REFERENCE_F02.png|AREA_15_IMAGES_OUTPUT/REFERENCE/004_m_blue_flower_serpent_s_mon_blue_flower_serpent_REFERENCE_F03.png|AREA_15_IMAGES_OUTPUT/REFERENCE/004_m_blue_flower_serpent_s_mon_blue_flower_serpent_REFERENCE_F04.png|AREA_15_IMAGES_OUTPUT/REFERENCE/004_m_blue_flower_serpent_s_mon_blue_flower_serpent_REFERENCE_F05.png,"{""AREA_15_IMAGES_OUTPUT/REFERENCE/004_m_blue_flower_serpent_s_mon_blue_flower_serpent_REFERENCE_F00.png"": ""684ff315e7254c22d86b92d442a34f2799934a4da324c9aee53afd68edbad3d6"", ""AREA_15_IMAGES_OUTPUT/REFERENCE/004_m_blue_flower_serpent_s_mon_blue_flower_serpent_REFERENCE_F01.png"": ""371f6b9e1d36c295123a97aed08b2eda8554faca0ef1542995093b8eae1a40ac"", ""AREA_15_IMAGES_OUTPUT/REFERENCE/004_m_blue_flower_serpent_s_mon_blue_flower_serpent_REFERENCE_F02.png"": ""56396e17497cc2dc881fa264f50eb1908eec8272cfda04a46157e1ff40cb15bb"", ""AREA_15_IMAGES_OUTPUT/REFERENCE/004_m_blue_flower_serpent_s_mon_blue_flower_serpent_REFERENCE_F03.png"": ""0190393a5bad93bba6ea4899cc54da9a0dd8be0b29ab3b69ba8ca9402bd1bbd2"", ""AREA_15_IMAGES_OUTPUT/REFERENCE/004_m_blue_flower_serpent_s_mon_blue_flower_serpent_REFERENCE_F04.png"": ""acc2b7363fec59a00328b9fc87c8ff6f2d922f59a994a5966f309bd5ebac15aa"", ""AREA_15_IMAGES_OUTPUT/REFERENCE/004_m_blue_flower_serpent_s_mon_blue_flower_serpent_REFERENCE_F05.png"": ""ff6ad2707c694db3a65216f4f64cda7b4e3d12b438a9651d415c0f08eb4289de""}",D:\maplestory_levup\docs\art\images-input-packages-v2_4\AREA_15_IMAGES_INPUT_V2_4.zip,V2.4,AREA_15_IMAGES_INPUT_V2_4/monsters/004_m_blue_flower_serpent_청화사/GENERATION_SPEC.md,푸른 꽃잎 비늘이 뱀의 S자 곡선으로 포개지는 방호결. ‘청화사 / 청화 비늘’ 전용 소재이며 몬스터 본체는 VFX에 직접 넣지 않음,0.10 / preview-only non-loop,preview only; no engine motion/FlipX contract,F00–F05 전체를 순서대로 직접 대조,푸른 꽃비늘 묶음이 물방울과 함께 감겨 커졌다 원래 비늘 코일로 줄어듦,D:\maplestory_levup\docs\art\area00-images-output\AREA_00_IMAGES_OUTPUT_ORIGINAL.zip,AREA_00_IMAGES_OUTPUT/monsters/002_m_blue_snail_파란_달팽이/VFX/002_m_blue_snail_s_mon_blue_snail_F04.png,AREA00 실제 승인 원화. 해당 보드의 기준 프레임 + ART_STYLE_STANDARD의 전체 기준. 고유 모양/저레벨 규모를 요구하지 않음,짚의 세선·목재 결·꽃잎의 얇은 윤곽·태륜의 청백 타격 잔상은 소재별 차이를 유지하면서 입체감/반사광과 소멸을 연결한다. 원공 PROJECTILE 외곽은 별도 판단.,동일 몬스터의 실제 ICON 및 모든 VFX 역할 대조. 색·소재·반사광 관계에서 명백한 이탈 없음,짚의 세선·목재 결·꽃잎의 얇은 윤곽·태륜의 청백 타격 잔상은 소재별 차이를 유지하면서 입체감/반사광과 소멸을 연결한다. 원공 PROJECTILE 외곽은 별도 판단.,AREA00 기준 + 전체 Area의 동일 역할 보드 대조; 다수결 기준 사용 안 함. 추가 소재 비교는 CROSS_AREA_MATERIAL_BOARD_INDEX.csv,팔레트·재질·형상·레벨/보스 규모·밀도·역할별 프레임/시간 차이 허용,해당 없음,푸른 꽃잎 비늘이 뱀의 S자 곡선으로 포개지는 방호결. ‘청화사 / 청화 비늘’ 전용 소재이며 몬스터 본체는 VFX에 직접 넣지 않음 | preview only; no engine motion/FlipX contract,원화 유지,NO,NO,D:\maplestory_levup\docs\art\output_audit\runs\20260912_162508_msw_origin_art_review\CROSS_AREA_STYLE_BOARD\area_15_m_blue_flower_serpent_REFERENCE_VFX_NATIVE.png,,"PNG 원본을 동일 RGB(32,38,48) 배경에 1:1 합성. 확대는 동일 128px 영역 2배 NEAREST. 큰 보드의 도구 축소 표시 가능; 이탈 상세는 1600px 보드에서 추가 대조",전 프레임 순서상 형성/변화/해체/잔상 대조. 실시간 재생의 체감 리듬 및 엔진 합성은 미검증,NOT_CHECKED: 게임 내 최종 배율/카메라/필터/배경에서의 선명도 미검증. 명세 배율만으로 런타임 표시를 보았다고 하지 않음,NO_OBVIOUS_ISSUE,기존 파일검사 재사용,TARGET_OUTPUT
area_15,m_tae_roon,태륜,s_mon_tae_roon,태륜의 쌍권풍,ICON,CONSISTENT_WITH_REFERENCE,D:\maplestory_levup\docs\art\output_repacked\20260912_153221_v24_repack\AREA_15_IMAGES_OUTPUT.zip,AREA_15_IMAGES_OUTPUT/ICON/005_m_tae_roon_s_mon_tae_roon_ICON.png,"{""AREA_15_IMAGES_OUTPUT/ICON/005_m_tae_roon_s_mon_tae_roon_ICON.png"": ""dc8f600f123795ed53a46f040eea3dca9567fd4021a8434a40047a5227f95c72""}",D:\maplestory_levup\docs\art\images-input-packages-v2_4\AREA_15_IMAGES_INPUT_V2_4.zip,V2.4,AREA_15_IMAGES_INPUT_V2_4/monsters/005_m_tae_roon_태륜/GENERATION_SPEC.md,두 권격이 마주 회전해 만드는 쌍둥이 바람 소용돌이. ‘태륜 / 태륜의 쌍권풍’ 전용 소재이며 몬스터 본체는 VFX에 직접 넣지 않음,static / static,none,ICON 原寸 전체,"청록 쌍권풍이 서로 감겨 밝은 충돌광을 만들고, 투사체는 두 바람핵의 국소 맥동만 변화",D:\maplestory_levup\docs\art\area00-images-output\AREA_00_IMAGES_OUTPUT_ORIGINAL.zip,AREA_00_IMAGES_OUTPUT/monsters/002_m_blue_snail_파란_달팽이/ICON/002_m_blue_snail_s_mon_blue_snail_ICON.png,AREA00 실제 승인 원화. 해당 보드의 기준 프레임 + ART_STYLE_STANDARD의 전체 기준. 고유 모양/저레벨 규모를 요구하지 않음,짚의 세선·목재 결·꽃잎의 얇은 윤곽·태륜의 청백 타격 잔상은 소재별 차이를 유지하면서 입체감/반사광과 소멸을 연결한다. 원공 PROJECTILE 외곽은 별도 판단.,동일 몬스터의 실제 ICON 및 모든 VFX 역할 대조. 색·소재·반사광 관계에서 명백한 이탈 없음,짚의 세선·목재 결·꽃잎의 얇은 윤곽·태륜의 청백 타격 잔상은 소재별 차이를 유지하면서 입체감/반사광과 소멸을 연결한다. 원공 PROJECTILE 외곽은 별도 판단.,AREA00 기준 + 전체 Area의 동일 역할 보드 대조; 다수결 기준 사용 안 함. 추가 소재 비교는 CROSS_AREA_MATERIAL_BOARD_INDEX.csv,팔레트·재질·형상·레벨/보스 규모·밀도·역할별 프레임/시간 차이 허용,해당 없음,두 권격이 마주 회전해 만드는 쌍둥이 바람 소용돌이. ‘태륜 / 태륜의 쌍권풍’ 전용 소재이며 몬스터 본체는 VFX에 직접 넣지 않음 | none,원화 유지,NO,NO,D:\maplestory_levup\docs\art\output_audit\runs\20260912_162508_msw_origin_art_review\CROSS_AREA_STYLE_BOARD\area_15_ICON_NATIVE.png,,"PNG 원본을 동일 RGB(32,38,48) 배경에 1:1 합성. 확대는 동일 128px 영역 2배 NEAREST. 큰 보드의 도구 축소 표시 가능; 이탈 상세는 1600px 보드에서 추가 대조",전 프레임 순서상 형성/변화/해체/잔상 대조. 실시간 재생의 체감 리듬 및 엔진 합성은 미검증,NOT_CHECKED: 게임 내 최종 배율/카메라/필터/배경에서의 선명도 미검증. 명세 배율만으로 런타임 표시를 보았다고 하지 않음,NO_OBVIOUS_ISSUE,기존 파일검사 재사용,TARGET_OUTPUT
area_15,m_tae_roon,태륜,s_mon_tae_roon,태륜의 쌍권풍,CAST_VFX,CONSISTENT_WITH_REFERENCE,D:\maplestory_levup\docs\art\output_repacked\20260912_153221_v24_repack\AREA_15_IMAGES_OUTPUT.zip,AREA_15_IMAGES_OUTPUT/CAST/005_m_tae_roon_s_mon_tae_roon_CAST_F00.png|AREA_15_IMAGES_OUTPUT/CAST/005_m_tae_roon_s_mon_tae_roon_CAST_F01.png|AREA_15_IMAGES_OUTPUT/CAST/005_m_tae_roon_s_mon_tae_roon_CAST_F02.png|AREA_15_IMAGES_OUTPUT/CAST/005_m_tae_roon_s_mon_tae_roon_CAST_F03.png|AREA_15_IMAGES_OUTPUT/CAST/005_m_tae_roon_s_mon_tae_roon_CAST_F04.png|AREA_15_IMAGES_OUTPUT/CAST/005_m_tae_roon_s_mon_tae_roon_CAST_F05.png|AREA_15_IMAGES_OUTPUT/CAST/005_m_tae_roon_s_mon_tae_roon_CAST_F06.png|AREA_15_IMAGES_OUTPUT/CAST/005_m_tae_roon_s_mon_tae_roon_CAST_F07.png|AREA_15_IMAGES_OUTPUT/CAST/005_m_tae_roon_s_mon_tae_roon_CAST_F08.png|AREA_15_IMAGES_OUTPUT/CAST/005_m_tae_roon_s_mon_tae_roon_CAST_F09.png|AREA_15_IMAGES_OUTPUT/CAST/005_m_tae_roon_s_mon_tae_roon_CAST_F10.png|AREA_15_IMAGES_OUTPUT/CAST/005_m_tae_roon_s_mon_tae_roon_CAST_F11.png,"{""AREA_15_IMAGES_OUTPUT/CAST/005_m_tae_roon_s_mon_tae_roon_CAST_F00.png"": ""2e0f706fa8aac567d4fd03e931e0c6ae66e1e986751b9a6549d6c875a15ffeee"", ""AREA_15_IMAGES_OUTPUT/CAST/005_m_tae_roon_s_mon_tae_roon_CAST_F01.png"": ""39a3e996da6113a10c51611325408d718f6b68971d0d9e02ca3097010afef159"", ""AREA_15_IMAGES_OUTPUT/CAST/005_m_tae_roon_s_mon_tae_roon_CAST_F02.png"": ""fb22ff2f6a0a810055d64fae534a43f975caa5a4cd935beebe2579d5bb1ec81b"", ""AREA_15_IMAGES_OUTPUT/CAST/005_m_tae_roon_s_mon_tae_roon_CAST_F03.png"": ""99f72e8fa7d38d432d5d1a9031152a32cc94462c2e0d8cf55599f056f071640f"", ""AREA_15_IMAGES_OUTPUT/CAST/005_m_tae_roon_s_mon_tae_roon_CAST_F04.png"": ""f6dac5d6b5555230c4853eb6cef5e65b1e25b4c497c55177ba3dcabb1a789219"", ""AREA_15_IMAGES_OUTPUT/CAST/005_m_tae_roon_s_mon_tae_roon_CAST_F05.png"": ""cb83ea524ad9267c28156896182027920644f3c572c2fef5db01732e8f24c5fa"", ""AREA_15_IMAGES_OUTPUT/CAST/005_m_tae_roon_s_mon_tae_roon_CAST_F06.png"": ""1bbc2d5b89f66d036534e9d4d005c3f0a73c8368d46acee4a867c7862d49d826"", ""AREA_15_IMAGES_OUTPUT/CAST/005_m_tae_roon_s_mon_tae_roon_CAST_F07.png"": ""a724034d35aa5b9a0c70cbb80e3b25fca50d42b71603693f16cce1162df88339"", ""AREA_15_IMAGES_OUTPUT/CAST/005_m_tae_roon_s_mon_tae_roon_CAST_F08.png"": ""6c36b5740c4af7aed72e79e65db4e7842e84e063f354ad1a163a0a146abc5faf"", ""AREA_15_IMAGES_OUTPUT/CAST/005_m_tae_roon_s_mon_tae_roon_CAST_F09.png"": ""47f28838cda2dba44e854c28bf3113b63ebe99d803a471de4395404b8ec37bd5"", ""AREA_15_IMAGES_OUTPUT/CAST/005_m_tae_roon_s_mon_tae_roon_CAST_F10.png"": ""d6479e20924fd98d6f491c9d0e929a49a2eef35ef584123ae0626d02310743d9"", ""AREA_15_IMAGES_OUTPUT/CAST/005_m_tae_roon_s_mon_tae_roon_CAST_F11.png"": ""2348cd1748de38ad01f46f2b12640132fa3d1b4ec2b352ee11113a75eb5b61e9""}",D:\maplestory_levup\docs\art\images-input-packages-v2_4\AREA_15_IMAGES_INPUT_V2_4.zip,V2.4,AREA_15_IMAGES_INPUT_V2_4/monsters/005_m_tae_roon_태륜/GENERATION_SPEC.md,두 권격이 마주 회전해 만드는 쌍둥이 바람 소용돌이. ‘태륜 / 태륜의 쌍권풍’ 전용 소재이며 몬스터 본체는 VFX에 직접 넣지 않음,0.08 / non-loop one-shot,SkillEffect applies FlipX for directional attacks; delayed layer samples caster position at SpawnLayer execution; map entity then applies drift,F00–F11 전체를 순서대로 직접 대조,"청록 쌍권풍이 서로 감겨 밝은 충돌광을 만들고, 투사체는 두 바람핵의 국소 맥동만 변화",D:\maplestory_levup\docs\art\area00-images-output\AREA_00_IMAGES_OUTPUT_ORIGINAL.zip,AREA_00_IMAGES_OUTPUT/monsters/004_m_mano_마노/VFX/004_m_mano_s_mon_mano_F06.png,AREA00 실제 승인 원화. 해당 보드의 기준 프레임 + ART_STYLE_STANDARD의 전체 기준. 고유 모양/저레벨 규모를 요구하지 않음,짚의 세선·목재 결·꽃잎의 얇은 윤곽·태륜의 청백 타격 잔상은 소재별 차이를 유지하면서 입체감/반사광과 소멸을 연결한다. 원공 PROJECTILE 외곽은 별도 판단.,동일 몬스터의 실제 ICON 및 모든 VFX 역할 대조. 색·소재·반사광 관계에서 명백한 이탈 없음,짚의 세선·목재 결·꽃잎의 얇은 윤곽·태륜의 청백 타격 잔상은 소재별 차이를 유지하면서 입체감/반사광과 소멸을 연결한다. 원공 PROJECTILE 외곽은 별도 판단.,AREA00 기준 + 전체 Area의 동일 역할 보드 대조; 다수결 기준 사용 안 함. 추가 소재 비교는 CROSS_AREA_MATERIAL_BOARD_INDEX.csv,팔레트·재질·형상·레벨/보스 규모·밀도·역할별 프레임/시간 차이 허용,해당 없음,두 권격이 마주 회전해 만드는 쌍둥이 바람 소용돌이. ‘태륜 / 태륜의 쌍권풍’ 전용 소재이며 몬스터 본체는 VFX에 직접 넣지 않음 | SkillEffect applies FlipX for directional attacks; delayed layer samples caster position at SpawnLayer execution; map entity then applies drift,원화 유지,NO,NO,D:\maplestory_levup\docs\art\output_audit\runs\20260912_162508_msw_origin_art_review\CROSS_AREA_STYLE_BOARD\area_15_m_tae_roon_CAST_VFX_NATIVE.png,,"PNG 원본을 동일 RGB(32,38,48) 배경에 1:1 합성. 확대는 동일 128px 영역 2배 NEAREST. 큰 보드의 도구 축소 표시 가능; 이탈 상세는 1600px 보드에서 추가 대조",전 프레임 순서상 형성/변화/해체/잔상 대조. 실시간 재생의 체감 리듬 및 엔진 합성은 미검증,NOT_CHECKED: 게임 내 최종 배율/카메라/필터/배경에서의 선명도 미검증. 명세 배율만으로 런타임 표시를 보았다고 하지 않음,NO_OBVIOUS_ISSUE,기존 파일검사 재사용,TARGET_OUTPUT
area_15,m_tae_roon,태륜,s_mon_tae_roon,태륜의 쌍권풍,PROJECTILE,CONSISTENT_WITH_REFERENCE,D:\maplestory_levup\docs\art\output_repacked\20260912_153221_v24_repack\AREA_15_IMAGES_OUTPUT.zip,AREA_15_IMAGES_OUTPUT/PROJECTILE/005_m_tae_roon_s_mon_tae_roon_PROJECTILE_F00.png|AREA_15_IMAGES_OUTPUT/PROJECTILE/005_m_tae_roon_s_mon_tae_roon_PROJECTILE_F01.png|AREA_15_IMAGES_OUTPUT/PROJECTILE/005_m_tae_roon_s_mon_tae_roon_PROJECTILE_F02.png|AREA_15_IMAGES_OUTPUT/PROJECTILE/005_m_tae_roon_s_mon_tae_roon_PROJECTILE_F03.png,"{""AREA_15_IMAGES_OUTPUT/PROJECTILE/005_m_tae_roon_s_mon_tae_roon_PROJECTILE_F00.png"": ""9dda2b97999da90c866969db0a54f76d8de692f489589c4b84cdefe6a102b9c9"", ""AREA_15_IMAGES_OUTPUT/PROJECTILE/005_m_tae_roon_s_mon_tae_roon_PROJECTILE_F01.png"": ""37eebb3164a38cb43a6404051ab9628db08ba290af973a9a95fd27847088bd26"", ""AREA_15_IMAGES_OUTPUT/PROJECTILE/005_m_tae_roon_s_mon_tae_roon_PROJECTILE_F02.png"": ""ef939bf9283841c4f7a18b6bedbadafb80b852eaed9826053e505e8f03d903fd"", ""AREA_15_IMAGES_OUTPUT/PROJECTILE/005_m_tae_roon_s_mon_tae_roon_PROJECTILE_F03.png"": ""51b3782d1e43b133e0630804c948458c973df65a240f912eccf46a9de8840ea1""}",D:\maplestory_levup\docs\art\images-input-packages-v2_4\AREA_15_IMAGES_INPUT_V2_4.zip,V2.4,AREA_15_IMAGES_INPUT_V2_4/monsters/005_m_tae_roon_태륜/GENERATION_SPEC.md,두 권격이 마주 회전해 만드는 쌍둥이 바람 소용돌이. ‘태륜 / 태륜의 쌍권풍’ 전용 소재이며 몬스터 본체는 VFX에 직접 넣지 않음,0.08 / non-loop complete playback within 0.35s entity lifetime,art direction-neutral/local form only; engine translates caster+h to target+h and applies ZRotation; no PROJECTILE FlipX or travel-direction alignment,F00–F03 전체를 순서대로 직접 대조,"청록 쌍권풍이 서로 감겨 밝은 충돌광을 만들고, 투사체는 두 바람핵의 국소 맥동만 변화",D:\maplestory_levup\docs\art\area00-images-output\AREA_00_IMAGES_OUTPUT_ORIGINAL.zip,AREA_00_IMAGES_OUTPUT/monsters/004_m_mano_마노/VFX/004_m_mano_s_mon_mano_F06.png,AREA00 실제 승인 원화. 해당 보드의 기준 프레임 + ART_STYLE_STANDARD의 전체 기준. 고유 모양/저레벨 규모를 요구하지 않음,짚의 세선·목재 결·꽃잎의 얇은 윤곽·태륜의 청백 타격 잔상은 소재별 차이를 유지하면서 입체감/반사광과 소멸을 연결한다. 원공 PROJECTILE 외곽은 별도 판단.,동일 몬스터의 실제 ICON 및 모든 VFX 역할 대조. 색·소재·반사광 관계에서 명백한 이탈 없음,짚의 세선·목재 결·꽃잎의 얇은 윤곽·태륜의 청백 타격 잔상은 소재별 차이를 유지하면서 입체감/반사광과 소멸을 연결한다. 원공 PROJECTILE 외곽은 별도 판단.,AREA00 기준 + 전체 Area의 동일 역할 보드 대조; 다수결 기준 사용 안 함. 추가 소재 비교는 CROSS_AREA_MATERIAL_BOARD_INDEX.csv,팔레트·재질·형상·레벨/보스 규모·밀도·역할별 프레임/시간 차이 허용,해당 없음,두 권격이 마주 회전해 만드는 쌍둥이 바람 소용돌이. ‘태륜 / 태륜의 쌍권풍’ 전용 소재이며 몬스터 본체는 VFX에 직접 넣지 않음 | art direction-neutral/local form only; engine translates caster+h to target+h and applies ZRotation; no PROJECTILE FlipX or travel-direction alignment,원화 유지,NO,NO,D:\maplestory_levup\docs\art\output_audit\runs\20260912_162508_msw_origin_art_review\CROSS_AREA_STYLE_BOARD\area_15_m_tae_roon_PROJECTILE_NATIVE.png,,"PNG 원본을 동일 RGB(32,38,48) 배경에 1:1 합성. 확대는 동일 128px 영역 2배 NEAREST. 큰 보드의 도구 축소 표시 가능; 이탈 상세는 1600px 보드에서 추가 대조",전 프레임 순서상 형성/변화/해체/잔상 대조. 실시간 재생의 체감 리듬 및 엔진 합성은 미검증,NOT_CHECKED: 게임 내 최종 배율/카메라/필터/배경에서의 선명도 미검증. 명세 배율만으로 런타임 표시를 보았다고 하지 않음,NO_OBVIOUS_ISSUE,기존 파일검사 재사용,TARGET_OUTPUT
area_16,m_harp,하프,s_mon_harp,하늘 둥지의 날갯결,ICON,CONSISTENT_WITH_REFERENCE,D:\maplestory_levup\docs\art\output_repacked\20260912_153221_v24_repack\AREA_16_IMAGES_OUTPUT.zip,AREA_16_IMAGES_OUTPUT/ICON/001_m_harp_s_mon_harp_ICON.png,"{""AREA_16_IMAGES_OUTPUT/ICON/001_m_harp_s_mon_harp_ICON.png"": ""7b20fbc2b41b839d6c2a73da318f3ece4c6a72d917c04d04858f005399dae89b""}",D:\maplestory_levup\docs\art\images-input-packages-v2_4\AREA_16_IMAGES_INPUT_V2_4.zip,V2.4,AREA_16_IMAGES_INPUT_V2_4/monsters/001_m_harp_하프/GENERATION_SPEC.md,하프 깃털이 부드러운 공기결을 타고 펼쳐지는 날개 잔상. ‘하프 / 하늘 둥지의 날갯결’ 전용 소재이며 몬스터 본체는 VFX에 직접 넣지 않음,static / static,none,ICON 原寸 전체,푸른 깃털 한 장과 청백 바람 꼬리가 짧게 부풀었다 가는 깃결로 복귀,D:\maplestory_levup\docs\art\area00-images-output\AREA_00_IMAGES_OUTPUT_ORIGINAL.zip,AREA_00_IMAGES_OUTPUT/monsters/002_m_blue_snail_파란_달팽이/ICON/002_m_blue_snail_s_mon_blue_snail_ICON.png,AREA00 실제 승인 원화. 해당 보드의 기준 프레임 + ART_STYLE_STANDARD의 전체 기준. 고유 모양/저레벨 규모를 요구하지 않음,"깃털의 결, 비늘 면과 붉은 균열, 얼음의 날카로운 결정, 화염의 밝은 선과 어두운 중간층이 역할 사이에 이어진다. 재질/보스 밀도 차이를 허용한다.",동일 몬스터의 실제 ICON 및 모든 VFX 역할 대조. 색·소재·반사광 관계에서 명백한 이탈 없음,"깃털의 결, 비늘 면과 붉은 균열, 얼음의 날카로운 결정, 화염의 밝은 선과 어두운 중간층이 역할 사이에 이어진다. 재질/보스 밀도 차이를 허용한다.",AREA00 기준 + 전체 Area의 동일 역할 보드 대조; 다수결 기준 사용 안 함. 추가 소재 비교는 CROSS_AREA_MATERIAL_BOARD_INDEX.csv,팔레트·재질·형상·레벨/보스 규모·밀도·역할별 프레임/시간 차이 허용,해당 없음,하프 깃털이 부드러운 공기결을 타고 펼쳐지는 날개 잔상. ‘하프 / 하늘 둥지의 날갯결’ 전용 소재이며 몬스터 본체는 VFX에 직접 넣지 않음 | none,원화 유지,NO,NO,D:\maplestory_levup\docs\art\output_audit\runs\20260912_162508_msw_origin_art_review\CROSS_AREA_STYLE_BOARD\area_16_ICON_NATIVE.png,,"PNG 원본을 동일 RGB(32,38,48) 배경에 1:1 합성. 확대는 동일 128px 영역 2배 NEAREST. 큰 보드의 도구 축소 표시 가능; 이탈 상세는 1600px 보드에서 추가 대조",전 프레임 순서상 형성/변화/해체/잔상 대조. 실시간 재생의 체감 리듬 및 엔진 합성은 미검증,NOT_CHECKED: 게임 내 최종 배율/카메라/필터/배경에서의 선명도 미검증. 명세 배율만으로 런타임 표시를 보았다고 하지 않음,NO_OBVIOUS_ISSUE,기존 파일검사 재사용,TARGET_OUTPUT
area_16,m_harp,하프,s_mon_harp,하늘 둥지의 날갯결,REFERENCE_VFX,CONSISTENT_WITH_REFERENCE,D:\maplestory_levup\docs\art\output_repacked\20260912_153221_v24_repack\AREA_16_IMAGES_OUTPUT.zip,AREA_16_IMAGES_OUTPUT/REFERENCE/001_m_harp_s_mon_harp_REFERENCE_F00.png|AREA_16_IMAGES_OUTPUT/REFERENCE/001_m_harp_s_mon_harp_REFERENCE_F01.png|AREA_16_IMAGES_OUTPUT/REFERENCE/001_m_harp_s_mon_harp_REFERENCE_F02.png|AREA_16_IMAGES_OUTPUT/REFERENCE/001_m_harp_s_mon_harp_REFERENCE_F03.png|AREA_16_IMAGES_OUTPUT/REFERENCE/001_m_harp_s_mon_harp_REFERENCE_F04.png|AREA_16_IMAGES_OUTPUT/REFERENCE/001_m_harp_s_mon_harp_REFERENCE_F05.png,"{""AREA_16_IMAGES_OUTPUT/REFERENCE/001_m_harp_s_mon_harp_REFERENCE_F00.png"": ""a4b74ad36d59edd739027c8eb79333a734634c7700d9961c5fdd3e8870ff9fd5"", ""AREA_16_IMAGES_OUTPUT/REFERENCE/001_m_harp_s_mon_harp_REFERENCE_F01.png"": ""f0a5c22b0c616af2be0278ca50024ec8336ed01645ed73a4e927fde0fe9c38ad"", ""AREA_16_IMAGES_OUTPUT/REFERENCE/001_m_harp_s_mon_harp_REFERENCE_F02.png"": ""50db79c0f37a927f80503be37b49c0cd47e37b2fb857d32162dac235933aaf99"", ""AREA_16_IMAGES_OUTPUT/REFERENCE/001_m_harp_s_mon_harp_REFERENCE_F03.png"": ""f0cf2cb244a12d87954296555edeabef7c8073bbcac811e8fddb06f5017ebcfd"", ""AREA_16_IMAGES_OUTPUT/REFERENCE/001_m_harp_s_mon_harp_REFERENCE_F04.png"": ""e59732adc1080f75ae53ba6ce0363ad462eda727d7d8963a5ae44957effcd079"", ""AREA_16_IMAGES_OUTPUT/REFERENCE/001_m_harp_s_mon_harp_REFERENCE_F05.png"": ""7cd6dbb381c4170880529af745efaf7e5558a895c23a09d316ba511f0ad89072""}",D:\maplestory_levup\docs\art\images-input-packages-v2_4\AREA_16_IMAGES_INPUT_V2_4.zip,V2.4,AREA_16_IMAGES_INPUT_V2_4/monsters/001_m_harp_하프/GENERATION_SPEC.md,하프 깃털이 부드러운 공기결을 타고 펼쳐지는 날개 잔상. ‘하프 / 하늘 둥지의 날갯결’ 전용 소재이며 몬스터 본체는 VFX에 직접 넣지 않음,0.10 / preview-only non-loop,preview only; no engine motion/FlipX contract,F00–F05 전체를 순서대로 직접 대조,푸른 깃털 한 장과 청백 바람 꼬리가 짧게 부풀었다 가는 깃결로 복귀,D:\maplestory_levup\docs\art\area00-images-output\AREA_00_IMAGES_OUTPUT_ORIGINAL.zip,AREA_00_IMAGES_OUTPUT/monsters/002_m_blue_snail_파란_달팽이/VFX/002_m_blue_snail_s_mon_blue_snail_F04.png,AREA00 실제 승인 원화. 해당 보드의 기준 프레임 + ART_STYLE_STANDARD의 전체 기준. 고유 모양/저레벨 규모를 요구하지 않음,"깃털의 결, 비늘 면과 붉은 균열, 얼음의 날카로운 결정, 화염의 밝은 선과 어두운 중간층이 역할 사이에 이어진다. 재질/보스 밀도 차이를 허용한다.",동일 몬스터의 실제 ICON 및 모든 VFX 역할 대조. 색·소재·반사광 관계에서 명백한 이탈 없음,"깃털의 결, 비늘 면과 붉은 균열, 얼음의 날카로운 결정, 화염의 밝은 선과 어두운 중간층이 역할 사이에 이어진다. 재질/보스 밀도 차이를 허용한다.",AREA00 기준 + 전체 Area의 동일 역할 보드 대조; 다수결 기준 사용 안 함. 추가 소재 비교는 CROSS_AREA_MATERIAL_BOARD_INDEX.csv,팔레트·재질·형상·레벨/보스 규모·밀도·역할별 프레임/시간 차이 허용,해당 없음,하프 깃털이 부드러운 공기결을 타고 펼쳐지는 날개 잔상. ‘하프 / 하늘 둥지의 날갯결’ 전용 소재이며 몬스터 본체는 VFX에 직접 넣지 않음 | preview only; no engine motion/FlipX contract,원화 유지,NO,NO,D:\maplestory_levup\docs\art\output_audit\runs\20260912_162508_msw_origin_art_review\CROSS_AREA_STYLE_BOARD\area_16_m_harp_REFERENCE_VFX_NATIVE.png,,"PNG 원본을 동일 RGB(32,38,48) 배경에 1:1 합성. 확대는 동일 128px 영역 2배 NEAREST. 큰 보드의 도구 축소 표시 가능; 이탈 상세는 1600px 보드에서 추가 대조",전 프레임 순서상 형성/변화/해체/잔상 대조. 실시간 재생의 체감 리듬 및 엔진 합성은 미검증,NOT_CHECKED: 게임 내 최종 배율/카메라/필터/배경에서의 선명도 미검증. 명세 배율만으로 런타임 표시를 보았다고 하지 않음,NO_OBVIOUS_ISSUE,기존 파일검사 재사용,TARGET_OUTPUT
area_16,m_blood_harp,블러드 하프,s_mon_blood_harp,핏빛 깃울림,ICON,CONSISTENT_WITH_REFERENCE,D:\maplestory_levup\docs\art\output_repacked\20260912_153221_v24_repack\AREA_16_IMAGES_OUTPUT.zip,AREA_16_IMAGES_OUTPUT/ICON/002_m_blood_harp_s_mon_blood_harp_ICON.png,"{""AREA_16_IMAGES_OUTPUT/ICON/002_m_blood_harp_s_mon_blood_harp_ICON.png"": ""f65f6a57d2f99ad5f36df111e619c567dfcc9cf008f28f229ccefaf47b4a76fa""}",D:\maplestory_levup\docs\art\images-input-packages-v2_4\AREA_16_IMAGES_INPUT_V2_4.zip,V2.4,AREA_16_IMAGES_INPUT_V2_4/monsters/002_m_blood_harp_블러드_하프/GENERATION_SPEC.md,핏빛 깃털이 음파 고리와 함께 떨리는 날카로운 울림. ‘블러드 하프 / 핏빛 깃울림’ 전용 소재이며 몬스터 본체는 VFX에 직접 넣지 않음,static / static,none,ICON 原寸 전체,붉은 깃털과 원형 문양이 겹쳐 진홍 폭발핵을 만들고 작은 깃조각으로 소멸,D:\maplestory_levup\docs\art\area00-images-output\AREA_00_IMAGES_OUTPUT_ORIGINAL.zip,AREA_00_IMAGES_OUTPUT/monsters/002_m_blue_snail_파란_달팽이/ICON/002_m_blue_snail_s_mon_blue_snail_ICON.png,AREA00 실제 승인 원화. 해당 보드의 기준 프레임 + ART_STYLE_STANDARD의 전체 기준. 고유 모양/저레벨 규모를 요구하지 않음,"깃털의 결, 비늘 면과 붉은 균열, 얼음의 날카로운 결정, 화염의 밝은 선과 어두운 중간층이 역할 사이에 이어진다. 재질/보스 밀도 차이를 허용한다.",동일 몬스터의 실제 ICON 및 모든 VFX 역할 대조. 색·소재·반사광 관계에서 명백한 이탈 없음,"깃털의 결, 비늘 면과 붉은 균열, 얼음의 날카로운 결정, 화염의 밝은 선과 어두운 중간층이 역할 사이에 이어진다. 재질/보스 밀도 차이를 허용한다.",AREA00 기준 + 전체 Area의 동일 역할 보드 대조; 다수결 기준 사용 안 함. 추가 소재 비교는 CROSS_AREA_MATERIAL_BOARD_INDEX.csv,팔레트·재질·형상·레벨/보스 규모·밀도·역할별 프레임/시간 차이 허용,해당 없음,핏빛 깃털이 음파 고리와 함께 떨리는 날카로운 울림. ‘블러드 하프 / 핏빛 깃울림’ 전용 소재이며 몬스터 본체는 VFX에 직접 넣지 않음 | none,원화 유지,NO,NO,D:\maplestory_levup\docs\art\output_audit\runs\20260912_162508_msw_origin_art_review\CROSS_AREA_STYLE_BOARD\area_16_ICON_NATIVE.png,,"PNG 원본을 동일 RGB(32,38,48) 배경에 1:1 합성. 확대는 동일 128px 영역 2배 NEAREST. 큰 보드의 도구 축소 표시 가능; 이탈 상세는 1600px 보드에서 추가 대조",전 프레임 순서상 형성/변화/해체/잔상 대조. 실시간 재생의 체감 리듬 및 엔진 합성은 미검증,NOT_CHECKED: 게임 내 최종 배율/카메라/필터/배경에서의 선명도 미검증. 명세 배율만으로 런타임 표시를 보았다고 하지 않음,NO_OBVIOUS_ISSUE,기존 파일검사 재사용,TARGET_OUTPUT
area_16,m_blood_harp,블러드 하프,s_mon_blood_harp,핏빛 깃울림,CAST_VFX,CONSISTENT_WITH_REFERENCE,D:\maplestory_levup\docs\art\output_repacked\20260912_153221_v24_repack\AREA_16_IMAGES_OUTPUT.zip,AREA_16_IMAGES_OUTPUT/CAST/002_m_blood_harp_s_mon_blood_harp_CAST_F00.png|AREA_16_IMAGES_OUTPUT/CAST/002_m_blood_harp_s_mon_blood_harp_CAST_F01.png|AREA_16_IMAGES_OUTPUT/CAST/002_m_blood_harp_s_mon_blood_harp_CAST_F02.png|AREA_16_IMAGES_OUTPUT/CAST/002_m_blood_harp_s_mon_blood_harp_CAST_F03.png|AREA_16_IMAGES_OUTPUT/CAST/002_m_blood_harp_s_mon_blood_harp_CAST_F04.png|AREA_16_IMAGES_OUTPUT/CAST/002_m_blood_harp_s_mon_blood_harp_CAST_F05.png|AREA_16_IMAGES_OUTPUT/CAST/002_m_blood_harp_s_mon_blood_harp_CAST_F06.png|AREA_16_IMAGES_OUTPUT/CAST/002_m_blood_harp_s_mon_blood_harp_CAST_F07.png,"{""AREA_16_IMAGES_OUTPUT/CAST/002_m_blood_harp_s_mon_blood_harp_CAST_F00.png"": ""563d8f7ebb971ef2c84c3e50e04673aebb352905ddbc9962edf9e2404938e729"", ""AREA_16_IMAGES_OUTPUT/CAST/002_m_blood_harp_s_mon_blood_harp_CAST_F01.png"": ""4f9b142aff8ab46b22d5b209625233e8da8821351720d77e4915241b4f92d82f"", ""AREA_16_IMAGES_OUTPUT/CAST/002_m_blood_harp_s_mon_blood_harp_CAST_F02.png"": ""60353851b5a8184d00a573d3eb2eeb51c2039b43887221597e8a4a2c4da8accc"", ""AREA_16_IMAGES_OUTPUT/CAST/002_m_blood_harp_s_mon_blood_harp_CAST_F03.png"": ""dfad8711001336b8d884d18dde892b1e8cdca5c11c289b4ef1694dba0e9c9353"", ""AREA_16_IMAGES_OUTPUT/CAST/002_m_blood_harp_s_mon_blood_harp_CAST_F04.png"": ""eedd087cebd262913834e0d41064d55c1b90f27126a4d2172663b6dd596ee05a"", ""AREA_16_IMAGES_OUTPUT/CAST/002_m_blood_harp_s_mon_blood_harp_CAST_F05.png"": ""27ed10ecd935828c51a88df016bbc86852fa5bc0994749db434a9b5f2fe1016a"", ""AREA_16_IMAGES_OUTPUT/CAST/002_m_blood_harp_s_mon_blood_harp_CAST_F06.png"": ""7f9c0801b92c7775b9455f02829d9c56bb0e63568b5cf2175529192c5df6e0e5"", ""AREA_16_IMAGES_OUTPUT/CAST/002_m_blood_harp_s_mon_blood_harp_CAST_F07.png"": ""ab4ea37523fc0ab2fb0ffd2900a80079a4ce4e020a9d662bbab62a2754c73023""}",D:\maplestory_levup\docs\art\images-input-packages-v2_4\AREA_16_IMAGES_INPUT_V2_4.zip,V2.4,AREA_16_IMAGES_INPUT_V2_4/monsters/002_m_blood_harp_블러드_하프/GENERATION_SPEC.md,핏빛 깃털이 음파 고리와 함께 떨리는 날카로운 울림. ‘블러드 하프 / 핏빛 깃울림’ 전용 소재이며 몬스터 본체는 VFX에 직접 넣지 않음,0.10 / non-loop one-shot,SkillEffect applies FlipX for directional attacks; delayed layer samples caster position at SpawnLayer execution; map entity then applies drift,F00–F07 전체를 순서대로 직접 대조,붉은 깃털과 원형 문양이 겹쳐 진홍 폭발핵을 만들고 작은 깃조각으로 소멸,D:\maplestory_levup\docs\art\area00-images-output\AREA_00_IMAGES_OUTPUT_ORIGINAL.zip,AREA_00_IMAGES_OUTPUT/monsters/005_m_slime_슬라임/VFX/005_m_slime_s_mon_slime_F04.png,AREA00 실제 승인 원화. 해당 보드의 기준 프레임 + ART_STYLE_STANDARD의 전체 기준. 고유 모양/저레벨 규모를 요구하지 않음,"깃털의 결, 비늘 면과 붉은 균열, 얼음의 날카로운 결정, 화염의 밝은 선과 어두운 중간층이 역할 사이에 이어진다. 재질/보스 밀도 차이를 허용한다.",동일 몬스터의 실제 ICON 및 모든 VFX 역할 대조. 색·소재·반사광 관계에서 명백한 이탈 없음,"깃털의 결, 비늘 면과 붉은 균열, 얼음의 날카로운 결정, 화염의 밝은 선과 어두운 중간층이 역할 사이에 이어진다. 재질/보스 밀도 차이를 허용한다.",AREA00 기준 + 전체 Area의 동일 역할 보드 대조; 다수결 기준 사용 안 함. 추가 소재 비교는 CROSS_AREA_MATERIAL_BOARD_INDEX.csv,팔레트·재질·형상·레벨/보스 규모·밀도·역할별 프레임/시간 차이 허용,해당 없음,핏빛 깃털이 음파 고리와 함께 떨리는 날카로운 울림. ‘블러드 하프 / 핏빛 깃울림’ 전용 소재이며 몬스터 본체는 VFX에 직접 넣지 않음 | SkillEffect applies FlipX for directional attacks; delayed layer samples caster position at SpawnLayer execution; map entity then applies drift,원화 유지,NO,NO,D:\maplestory_levup\docs\art\output_audit\runs\20260912_162508_msw_origin_art_review\CROSS_AREA_STYLE_BOARD\area_16_m_blood_harp_CAST_VFX_NATIVE.png,,"PNG 원본을 동일 RGB(32,38,48) 배경에 1:1 합성. 확대는 동일 128px 영역 2배 NEAREST. 큰 보드의 도구 축소 표시 가능; 이탈 상세는 1600px 보드에서 추가 대조",전 프레임 순서상 형성/변화/해체/잔상 대조. 실시간 재생의 체감 리듬 및 엔진 합성은 미검증,NOT_CHECKED: 게임 내 최종 배율/카메라/필터/배경에서의 선명도 미검증. 명세 배율만으로 런타임 표시를 보았다고 하지 않음,NO_OBVIOUS_ISSUE,기존 파일검사 재사용,TARGET_OUTPUT
area_16,m_blue_wyvern,블루 와이번,s_mon_blue_wyvern,빙룡 숨결,ICON,CONSISTENT_WITH_REFERENCE,D:\maplestory_levup\docs\art\output_repacked\20260912_153221_v24_repack\AREA_16_IMAGES_OUTPUT.zip,AREA_16_IMAGES_OUTPUT/ICON/003_m_blue_wyvern_s_mon_blue_wyvern_ICON.png,"{""AREA_16_IMAGES_OUTPUT/ICON/003_m_blue_wyvern_s_mon_blue_wyvern_ICON.png"": ""021f6b4b500ac3e886370546180235e14ba6727ffcd52e46193f5c7f1c348730""}",D:\maplestory_levup\docs\art\images-input-packages-v2_4\AREA_16_IMAGES_INPUT_V2_4.zip,V2.4,AREA_16_IMAGES_INPUT_V2_4/monsters/003_m_blue_wyvern_블루_와이번/GENERATION_SPEC.md,용의 입김처럼 길게 뻗는 빙결 숨결과 쐐기 얼음. ‘블루 와이번 / 빙룡 숨결’ 전용 소재이며 몬스터 본체는 VFX에 직접 넣지 않음,static / static,none,ICON 原寸 전체,청백 얼음 숨결과 뾰족한 빙편이 전방에서 폭발하고 눈가루로 감소,D:\maplestory_levup\docs\art\area00-images-output\AREA_00_IMAGES_OUTPUT_ORIGINAL.zip,AREA_00_IMAGES_OUTPUT/monsters/002_m_blue_snail_파란_달팽이/ICON/002_m_blue_snail_s_mon_blue_snail_ICON.png,AREA00 실제 승인 원화. 해당 보드의 기준 프레임 + ART_STYLE_STANDARD의 전체 기준. 고유 모양/저레벨 규모를 요구하지 않음,"깃털의 결, 비늘 면과 붉은 균열, 얼음의 날카로운 결정, 화염의 밝은 선과 어두운 중간층이 역할 사이에 이어진다. 재질/보스 밀도 차이를 허용한다.",동일 몬스터의 실제 ICON 및 모든 VFX 역할 대조. 색·소재·반사광 관계에서 명백한 이탈 없음,"깃털의 결, 비늘 면과 붉은 균열, 얼음의 날카로운 결정, 화염의 밝은 선과 어두운 중간층이 역할 사이에 이어진다. 재질/보스 밀도 차이를 허용한다.",AREA00 기준 + 전체 Area의 동일 역할 보드 대조; 다수결 기준 사용 안 함. 추가 소재 비교는 CROSS_AREA_MATERIAL_BOARD_INDEX.csv,팔레트·재질·형상·레벨/보스 규모·밀도·역할별 프레임/시간 차이 허용,해당 없음,용의 입김처럼 길게 뻗는 빙결 숨결과 쐐기 얼음. ‘블루 와이번 / 빙룡 숨결’ 전용 소재이며 몬스터 본체는 VFX에 직접 넣지 않음 | none,원화 유지,NO,NO,D:\maplestory_levup\docs\art\output_audit\runs\20260912_162508_msw_origin_art_review\CROSS_AREA_STYLE_BOARD\area_16_ICON_NATIVE.png,,"PNG 원본을 동일 RGB(32,38,48) 배경에 1:1 합성. 확대는 동일 128px 영역 2배 NEAREST. 큰 보드의 도구 축소 표시 가능; 이탈 상세는 1600px 보드에서 추가 대조",전 프레임 순서상 형성/변화/해체/잔상 대조. 실시간 재생의 체감 리듬 및 엔진 합성은 미검증,NOT_CHECKED: 게임 내 최종 배율/카메라/필터/배경에서의 선명도 미검증. 명세 배율만으로 런타임 표시를 보았다고 하지 않음,NO_OBVIOUS_ISSUE,기존 파일검사 재사용,TARGET_OUTPUT
area_16,m_blue_wyvern,블루 와이번,s_mon_blue_wyvern,빙룡 숨결,CAST_VFX,CONSISTENT_WITH_REFERENCE,D:\maplestory_levup\docs\art\output_repacked\20260912_153221_v24_repack\AREA_16_IMAGES_OUTPUT.zip,AREA_16_IMAGES_OUTPUT/CAST/003_m_blue_wyvern_s_mon_blue_wyvern_CAST_F00.png|AREA_16_IMAGES_OUTPUT/CAST/003_m_blue_wyvern_s_mon_blue_wyvern_CAST_F01.png|AREA_16_IMAGES_OUTPUT/CAST/003_m_blue_wyvern_s_mon_blue_wyvern_CAST_F02.png|AREA_16_IMAGES_OUTPUT/CAST/003_m_blue_wyvern_s_mon_blue_wyvern_CAST_F03.png|AREA_16_IMAGES_OUTPUT/CAST/003_m_blue_wyvern_s_mon_blue_wyvern_CAST_F04.png|AREA_16_IMAGES_OUTPUT/CAST/003_m_blue_wyvern_s_mon_blue_wyvern_CAST_F05.png|AREA_16_IMAGES_OUTPUT/CAST/003_m_blue_wyvern_s_mon_blue_wyvern_CAST_F06.png|AREA_16_IMAGES_OUTPUT/CAST/003_m_blue_wyvern_s_mon_blue_wyvern_CAST_F07.png,"{""AREA_16_IMAGES_OUTPUT/CAST/003_m_blue_wyvern_s_mon_blue_wyvern_CAST_F00.png"": ""fee1c2272f74e7a7188f182a10793b9d1f42e48281d1e15427c1dd1e2477788b"", ""AREA_16_IMAGES_OUTPUT/CAST/003_m_blue_wyvern_s_mon_blue_wyvern_CAST_F01.png"": ""b4548788abf4547280d6c2038b8bbb0c27d4cad2a662d429ae0460dc186c3c83"", ""AREA_16_IMAGES_OUTPUT/CAST/003_m_blue_wyvern_s_mon_blue_wyvern_CAST_F02.png"": ""a80067c70e579ff3dd7cc313b928d9fa212616ba35c832729825702342dea4a9"", ""AREA_16_IMAGES_OUTPUT/CAST/003_m_blue_wyvern_s_mon_blue_wyvern_CAST_F03.png"": ""8de09e2594db71c3afd657c2354b0f8b3ebe7e0089def40d7f916f02160e8970"", ""AREA_16_IMAGES_OUTPUT/CAST/003_m_blue_wyvern_s_mon_blue_wyvern_CAST_F04.png"": ""a241ab35013190a69098001fd5ff22428522dd1b214839d5b4614dcd8e72135b"", ""AREA_16_IMAGES_OUTPUT/CAST/003_m_blue_wyvern_s_mon_blue_wyvern_CAST_F05.png"": ""8a7949ce75b9f7bd144d78593584bffa9473443c5e067a0d5772d697053e129d"", ""AREA_16_IMAGES_OUTPUT/CAST/003_m_blue_wyvern_s_mon_blue_wyvern_CAST_F06.png"": ""f3b6f5ab3578a26ca9285da840441301156acfbb897698b94c22056c2d4e8260"", ""AREA_16_IMAGES_OUTPUT/CAST/003_m_blue_wyvern_s_mon_blue_wyvern_CAST_F07.png"": ""bf35326f94c3a18eaf3b715f857f52e37d1780adf2d6c0420787ca71a7906f0e""}",D:\maplestory_levup\docs\art\images-input-packages-v2_4\AREA_16_IMAGES_INPUT_V2_4.zip,V2.4,AREA_16_IMAGES_INPUT_V2_4/monsters/003_m_blue_wyvern_블루_와이번/GENERATION_SPEC.md,용의 입김처럼 길게 뻗는 빙결 숨결과 쐐기 얼음. ‘블루 와이번 / 빙룡 숨결’ 전용 소재이며 몬스터 본체는 VFX에 직접 넣지 않음,0.10 / non-loop one-shot,SkillEffect applies FlipX for directional attacks; delayed layer samples caster position at SpawnLayer execution; map entity then applies drift,F00–F07 전체를 순서대로 직접 대조,청백 얼음 숨결과 뾰족한 빙편이 전방에서 폭발하고 눈가루로 감소,D:\maplestory_levup\docs\art\area00-images-output\AREA_00_IMAGES_OUTPUT_ORIGINAL.zip,AREA_00_IMAGES_OUTPUT/monsters/005_m_slime_슬라임/VFX/005_m_slime_s_mon_slime_F04.png,AREA00 실제 승인 원화. 해당 보드의 기준 프레임 + ART_STYLE_STANDARD의 전체 기준. 고유 모양/저레벨 규모를 요구하지 않음,"깃털의 결, 비늘 면과 붉은 균열, 얼음의 날카로운 결정, 화염의 밝은 선과 어두운 중간층이 역할 사이에 이어진다. 재질/보스 밀도 차이를 허용한다.",동일 몬스터의 실제 ICON 및 모든 VFX 역할 대조. 색·소재·반사광 관계에서 명백한 이탈 없음,"깃털의 결, 비늘 면과 붉은 균열, 얼음의 날카로운 결정, 화염의 밝은 선과 어두운 중간층이 역할 사이에 이어진다. 재질/보스 밀도 차이를 허용한다.",AREA00 기준 + 전체 Area의 동일 역할 보드 대조; 다수결 기준 사용 안 함. 추가 소재 비교는 CROSS_AREA_MATERIAL_BOARD_INDEX.csv,팔레트·재질·형상·레벨/보스 규모·밀도·역할별 프레임/시간 차이 허용,해당 없음,용의 입김처럼 길게 뻗는 빙결 숨결과 쐐기 얼음. ‘블루 와이번 / 빙룡 숨결’ 전용 소재이며 몬스터 본체는 VFX에 직접 넣지 않음 | SkillEffect applies FlipX for directional attacks; delayed layer samples caster position at SpawnLayer execution; map entity then applies drift,원화 유지,NO,NO,D:\maplestory_levup\docs\art\output_audit\runs\20260912_162508_msw_origin_art_review\CROSS_AREA_STYLE_BOARD\area_16_m_blue_wyvern_CAST_VFX_NATIVE.png,,"PNG 원본을 동일 RGB(32,38,48) 배경에 1:1 합성. 확대는 동일 128px 영역 2배 NEAREST. 큰 보드의 도구 축소 표시 가능; 이탈 상세는 1600px 보드에서 추가 대조",전 프레임 순서상 형성/변화/해체/잔상 대조. 실시간 재생의 체감 리듬 및 엔진 합성은 미검증,NOT_CHECKED: 게임 내 최종 배율/카메라/필터/배경에서의 선명도 미검증. 명세 배율만으로 런타임 표시를 보았다고 하지 않음,NO_OBVIOUS_ISSUE,기존 파일검사 재사용,TARGET_OUTPUT
area_16,m_dark_wyvern,다크 와이번,s_mon_dark_wyvern,검은 비늘의 근력,ICON,CONSISTENT_WITH_REFERENCE,D:\maplestory_levup\docs\art\output_repacked\20260912_153221_v24_repack\AREA_16_IMAGES_OUTPUT.zip,AREA_16_IMAGES_OUTPUT/ICON/004_m_dark_wyvern_s_mon_dark_wyvern_ICON.png,"{""AREA_16_IMAGES_OUTPUT/ICON/004_m_dark_wyvern_s_mon_dark_wyvern_ICON.png"": ""f24e5b091b998e63d2ab8c436e02c12d86023e02cf11fedaed5843086707a7f0""}",D:\maplestory_levup\docs\art\images-input-packages-v2_4\AREA_16_IMAGES_INPUT_V2_4.zip,V2.4,AREA_16_IMAGES_INPUT_V2_4/monsters/004_m_dark_wyvern_다크_와이번/GENERATION_SPEC.md,검은 비늘판 사이에서 붉은 근력맥이 점등되는 강화. ‘다크 와이번 / 검은 비늘의 근력’ 전용 소재이며 몬스터 본체는 VFX에 직접 넣지 않음,static / static,none,ICON 原寸 전체,검은 비늘 조각에 붉은 근맥광이 번졌다 원래 비늘 덩어리로 수축,D:\maplestory_levup\docs\art\area00-images-output\AREA_00_IMAGES_OUTPUT_ORIGINAL.zip,AREA_00_IMAGES_OUTPUT/monsters/002_m_blue_snail_파란_달팽이/ICON/002_m_blue_snail_s_mon_blue_snail_ICON.png,AREA00 실제 승인 원화. 해당 보드의 기준 프레임 + ART_STYLE_STANDARD의 전체 기준. 고유 모양/저레벨 규모를 요구하지 않음,"깃털의 결, 비늘 면과 붉은 균열, 얼음의 날카로운 결정, 화염의 밝은 선과 어두운 중간층이 역할 사이에 이어진다. 재질/보스 밀도 차이를 허용한다.",동일 몬스터의 실제 ICON 및 모든 VFX 역할 대조. 색·소재·반사광 관계에서 명백한 이탈 없음,"깃털의 결, 비늘 면과 붉은 균열, 얼음의 날카로운 결정, 화염의 밝은 선과 어두운 중간층이 역할 사이에 이어진다. 재질/보스 밀도 차이를 허용한다.",AREA00 기준 + 전체 Area의 동일 역할 보드 대조; 다수결 기준 사용 안 함. 추가 소재 비교는 CROSS_AREA_MATERIAL_BOARD_INDEX.csv,팔레트·재질·형상·레벨/보스 규모·밀도·역할별 프레임/시간 차이 허용,해당 없음,검은 비늘판 사이에서 붉은 근력맥이 점등되는 강화. ‘다크 와이번 / 검은 비늘의 근력’ 전용 소재이며 몬스터 본체는 VFX에 직접 넣지 않음 | none,원화 유지,NO,NO,D:\maplestory_levup\docs\art\output_audit\runs\20260912_162508_msw_origin_art_review\CROSS_AREA_STYLE_BOARD\area_16_ICON_NATIVE.png,,"PNG 원본을 동일 RGB(32,38,48) 배경에 1:1 합성. 확대는 동일 128px 영역 2배 NEAREST. 큰 보드의 도구 축소 표시 가능; 이탈 상세는 1600px 보드에서 추가 대조",전 프레임 순서상 형성/변화/해체/잔상 대조. 실시간 재생의 체감 리듬 및 엔진 합성은 미검증,NOT_CHECKED: 게임 내 최종 배율/카메라/필터/배경에서의 선명도 미검증. 명세 배율만으로 런타임 표시를 보았다고 하지 않음,NO_OBVIOUS_ISSUE,기존 파일검사 재사용,TARGET_OUTPUT
area_16,m_dark_wyvern,다크 와이번,s_mon_dark_wyvern,검은 비늘의 근력,REFERENCE_VFX,CONSISTENT_WITH_REFERENCE,D:\maplestory_levup\docs\art\output_repacked\20260912_153221_v24_repack\AREA_16_IMAGES_OUTPUT.zip,AREA_16_IMAGES_OUTPUT/REFERENCE/004_m_dark_wyvern_s_mon_dark_wyvern_REFERENCE_F00.png|AREA_16_IMAGES_OUTPUT/REFERENCE/004_m_dark_wyvern_s_mon_dark_wyvern_REFERENCE_F01.png|AREA_16_IMAGES_OUTPUT/REFERENCE/004_m_dark_wyvern_s_mon_dark_wyvern_REFERENCE_F02.png|AREA_16_IMAGES_OUTPUT/REFERENCE/004_m_dark_wyvern_s_mon_dark_wyvern_REFERENCE_F03.png|AREA_16_IMAGES_OUTPUT/REFERENCE/004_m_dark_wyvern_s_mon_dark_wyvern_REFERENCE_F04.png|AREA_16_IMAGES_OUTPUT/REFERENCE/004_m_dark_wyvern_s_mon_dark_wyvern_REFERENCE_F05.png,"{""AREA_16_IMAGES_OUTPUT/REFERENCE/004_m_dark_wyvern_s_mon_dark_wyvern_REFERENCE_F00.png"": ""4ceba203b5b64577447c433d0319ae3256115f268416c5e1b852c596d9fbf82b"", ""AREA_16_IMAGES_OUTPUT/REFERENCE/004_m_dark_wyvern_s_mon_dark_wyvern_REFERENCE_F01.png"": ""e1e734db5bc7546bb67d652efe511e905f18314caf021a275d7a5325ac8e7d5b"", ""AREA_16_IMAGES_OUTPUT/REFERENCE/004_m_dark_wyvern_s_mon_dark_wyvern_REFERENCE_F02.png"": ""6b2e15e6391364c3e6702d6fb089f39d48f49b150c8356b3e36a6481f28c81a9"", ""AREA_16_IMAGES_OUTPUT/REFERENCE/004_m_dark_wyvern_s_mon_dark_wyvern_REFERENCE_F03.png"": ""c0488e68c26bc32f976813338dc7844688d2b6505e70821513fd9438ef83d39c"", ""AREA_16_IMAGES_OUTPUT/REFERENCE/004_m_dark_wyvern_s_mon_dark_wyvern_REFERENCE_F04.png"": ""12d4ed7fe046c873d92743e47cc9c1d5b20ef08fb690e0a7b65d4e5dba69963f"", ""AREA_16_IMAGES_OUTPUT/REFERENCE/004_m_dark_wyvern_s_mon_dark_wyvern_REFERENCE_F05.png"": ""b7226d16d85398a6a73d9df6dda3691222ec567bc95679a10525fec175cdb973""}",D:\maplestory_levup\docs\art\images-input-packages-v2_4\AREA_16_IMAGES_INPUT_V2_4.zip,V2.4,AREA_16_IMAGES_INPUT_V2_4/monsters/004_m_dark_wyvern_다크_와이번/GENERATION_SPEC.md,검은 비늘판 사이에서 붉은 근력맥이 점등되는 강화. ‘다크 와이번 / 검은 비늘의 근력’ 전용 소재이며 몬스터 본체는 VFX에 직접 넣지 않음,0.10 / preview-only non-loop,preview only; no engine motion/FlipX contract,F00–F05 전체를 순서대로 직접 대조,검은 비늘 조각에 붉은 근맥광이 번졌다 원래 비늘 덩어리로 수축,D:\maplestory_levup\docs\art\area00-images-output\AREA_00_IMAGES_OUTPUT_ORIGINAL.zip,AREA_00_IMAGES_OUTPUT/monsters/002_m_blue_snail_파란_달팽이/VFX/002_m_blue_snail_s_mon_blue_snail_F04.png,AREA00 실제 승인 원화. 해당 보드의 기준 프레임 + ART_STYLE_STANDARD의 전체 기준. 고유 모양/저레벨 규모를 요구하지 않음,"깃털의 결, 비늘 면과 붉은 균열, 얼음의 날카로운 결정, 화염의 밝은 선과 어두운 중간층이 역할 사이에 이어진다. 재질/보스 밀도 차이를 허용한다.",동일 몬스터의 실제 ICON 및 모든 VFX 역할 대조. 색·소재·반사광 관계에서 명백한 이탈 없음,"깃털의 결, 비늘 면과 붉은 균열, 얼음의 날카로운 결정, 화염의 밝은 선과 어두운 중간층이 역할 사이에 이어진다. 재질/보스 밀도 차이를 허용한다.",AREA00 기준 + 전체 Area의 동일 역할 보드 대조; 다수결 기준 사용 안 함. 추가 소재 비교는 CROSS_AREA_MATERIAL_BOARD_INDEX.csv,팔레트·재질·형상·레벨/보스 규모·밀도·역할별 프레임/시간 차이 허용,해당 없음,검은 비늘판 사이에서 붉은 근력맥이 점등되는 강화. ‘다크 와이번 / 검은 비늘의 근력’ 전용 소재이며 몬스터 본체는 VFX에 직접 넣지 않음 | preview only; no engine motion/FlipX contract,원화 유지,NO,NO,D:\maplestory_levup\docs\art\output_audit\runs\20260912_162508_msw_origin_art_review\CROSS_AREA_STYLE_BOARD\area_16_m_dark_wyvern_REFERENCE_VFX_NATIVE.png,,"PNG 원본을 동일 RGB(32,38,48) 배경에 1:1 합성. 확대는 동일 128px 영역 2배 NEAREST. 큰 보드의 도구 축소 표시 가능; 이탈 상세는 1600px 보드에서 추가 대조",전 프레임 순서상 형성/변화/해체/잔상 대조. 실시간 재생의 체감 리듬 및 엔진 합성은 미검증,NOT_CHECKED: 게임 내 최종 배율/카메라/필터/배경에서의 선명도 미검증. 명세 배율만으로 런타임 표시를 보았다고 하지 않음,NO_OBVIOUS_ISSUE,기존 파일검사 재사용,TARGET_OUTPUT
area_16,m_manon,마뇽,s_mon_manon,마뇽의 용화염,ICON,CONSISTENT_WITH_REFERENCE,D:\maplestory_levup\docs\art\output_repacked\20260912_153221_v24_repack\AREA_16_IMAGES_OUTPUT.zip,AREA_16_IMAGES_OUTPUT/ICON/005_m_manon_s_mon_manon_ICON.png,"{""AREA_16_IMAGES_OUTPUT/ICON/005_m_manon_s_mon_manon_ICON.png"": ""41818f520a6a255ecefe84653ae84c4ab1fa25ba48afb120ae3c44b2273c72f6""}",D:\maplestory_levup\docs\art\images-input-packages-v2_4\AREA_16_IMAGES_INPUT_V2_4.zip,V2.4,AREA_16_IMAGES_INPUT_V2_4/monsters/005_m_manon_마뇽/GENERATION_SPEC.md,거대한 용뿔형 불꽃이 겹쳐지는 고열 용화염. ‘마뇽 / 마뇽의 용화염’ 전용 소재이며 몬스터 본체는 VFX에 직접 넣지 않음,static / static,none,ICON 原寸 전체,주황 용화염이 뿔처럼 솟아 큰 불꽃 덩어리를 만들고 불씨·연기로 사라짐,D:\maplestory_levup\docs\art\area00-images-output\AREA_00_IMAGES_OUTPUT_ORIGINAL.zip,AREA_00_IMAGES_OUTPUT/monsters/002_m_blue_snail_파란_달팽이/ICON/002_m_blue_snail_s_mon_blue_snail_ICON.png,AREA00 실제 승인 원화. 해당 보드의 기준 프레임 + ART_STYLE_STANDARD의 전체 기준. 고유 모양/저레벨 규모를 요구하지 않음,"깃털의 결, 비늘 면과 붉은 균열, 얼음의 날카로운 결정, 화염의 밝은 선과 어두운 중간층이 역할 사이에 이어진다. 재질/보스 밀도 차이를 허용한다.",동일 몬스터의 실제 ICON 및 모든 VFX 역할 대조. 색·소재·반사광 관계에서 명백한 이탈 없음,"깃털의 결, 비늘 면과 붉은 균열, 얼음의 날카로운 결정, 화염의 밝은 선과 어두운 중간층이 역할 사이에 이어진다. 재질/보스 밀도 차이를 허용한다.",AREA00 기준 + 전체 Area의 동일 역할 보드 대조; 다수결 기준 사용 안 함. 추가 소재 비교는 CROSS_AREA_MATERIAL_BOARD_INDEX.csv,팔레트·재질·형상·레벨/보스 규모·밀도·역할별 프레임/시간 차이 허용,해당 없음,거대한 용뿔형 불꽃이 겹쳐지는 고열 용화염. ‘마뇽 / 마뇽의 용화염’ 전용 소재이며 몬스터 본체는 VFX에 직접 넣지 않음 | none,원화 유지,NO,NO,D:\maplestory_levup\docs\art\output_audit\runs\20260912_162508_msw_origin_art_review\CROSS_AREA_STYLE_BOARD\area_16_ICON_NATIVE.png,,"PNG 원본을 동일 RGB(32,38,48) 배경에 1:1 합성. 확대는 동일 128px 영역 2배 NEAREST. 큰 보드의 도구 축소 표시 가능; 이탈 상세는 1600px 보드에서 추가 대조",전 프레임 순서상 형성/변화/해체/잔상 대조. 실시간 재생의 체감 리듬 및 엔진 합성은 미검증,NOT_CHECKED: 게임 내 최종 배율/카메라/필터/배경에서의 선명도 미검증. 명세 배율만으로 런타임 표시를 보았다고 하지 않음,NO_OBVIOUS_ISSUE,기존 파일검사 재사용,TARGET_OUTPUT
area_16,m_manon,마뇽,s_mon_manon,마뇽의 용화염,CAST_VFX,CONSISTENT_WITH_REFERENCE,D:\maplestory_levup\docs\art\output_repacked\20260912_153221_v24_repack\AREA_16_IMAGES_OUTPUT.zip,AREA_16_IMAGES_OUTPUT/CAST/005_m_manon_s_mon_manon_CAST_F00.png|AREA_16_IMAGES_OUTPUT/CAST/005_m_manon_s_mon_manon_CAST_F01.png|AREA_16_IMAGES_OUTPUT/CAST/005_m_manon_s_mon_manon_CAST_F02.png|AREA_16_IMAGES_OUTPUT/CAST/005_m_manon_s_mon_manon_CAST_F03.png|AREA_16_IMAGES_OUTPUT/CAST/005_m_manon_s_mon_manon_CAST_F04.png|AREA_16_IMAGES_OUTPUT/CAST/005_m_manon_s_mon_manon_CAST_F05.png|AREA_16_IMAGES_OUTPUT/CAST/005_m_manon_s_mon_manon_CAST_F06.png|AREA_16_IMAGES_OUTPUT/CAST/005_m_manon_s_mon_manon_CAST_F07.png|AREA_16_IMAGES_OUTPUT/CAST/005_m_manon_s_mon_manon_CAST_F08.png|AREA_16_IMAGES_OUTPUT/CAST/005_m_manon_s_mon_manon_CAST_F09.png|AREA_16_IMAGES_OUTPUT/CAST/005_m_manon_s_mon_manon_CAST_F10.png|AREA_16_IMAGES_OUTPUT/CAST/005_m_manon_s_mon_manon_CAST_F11.png,"{""AREA_16_IMAGES_OUTPUT/CAST/005_m_manon_s_mon_manon_CAST_F00.png"": ""e9ed15e1a61555aa8ad5c5e2ffdc95be2c2ea1f03ca9ab3bf17b38a2aceace5f"", ""AREA_16_IMAGES_OUTPUT/CAST/005_m_manon_s_mon_manon_CAST_F01.png"": ""def3d48519dd6b7cae4706082183d02f71f0c1c3092ef728d8f6de8c0fe31064"", ""AREA_16_IMAGES_OUTPUT/CAST/005_m_manon_s_mon_manon_CAST_F02.png"": ""3f9453a1cb9f2c5554c04a2a2fa2742588bc9246ff3ede3652c686334c4527f5"", ""AREA_16_IMAGES_OUTPUT/CAST/005_m_manon_s_mon_manon_CAST_F03.png"": ""cc2017c1946dda83da3ca4a913fe8301aed996e5f99cf54e99e4bb58e95ef34b"", ""AREA_16_IMAGES_OUTPUT/CAST/005_m_manon_s_mon_manon_CAST_F04.png"": ""cc8e60b74f8fb1d9cd35a9af15327e3f7210ce5251ab658d857fbff203386347"", ""AREA_16_IMAGES_OUTPUT/CAST/005_m_manon_s_mon_manon_CAST_F05.png"": ""d4fc7f808ff6b09c49fe8c5727e4dc4a3decaf313ad3515a3c71a2218069666d"", ""AREA_16_IMAGES_OUTPUT/CAST/005_m_manon_s_mon_manon_CAST_F06.png"": ""224b2ae56f68db552ec5345ff74d5de20bce08748cb7bd64bf2be5e13ea45550"", ""AREA_16_IMAGES_OUTPUT/CAST/005_m_manon_s_mon_manon_CAST_F07.png"": ""a23ab204a414e6b8a73d9ba6237d8094ad0126056788160a657283295d0c8aee"", ""AREA_16_IMAGES_OUTPUT/CAST/005_m_manon_s_mon_manon_CAST_F08.png"": ""e7c88d1047e0cfe779bede533f485c951d187cde4fc7f459d4daa97b7c6c6229"", ""AREA_16_IMAGES_OUTPUT/CAST/005_m_manon_s_mon_manon_CAST_F09.png"": ""e0924678c2a86934636abb02327e7a62e80de736ca6a21a39bf1566d54bf26a0"", ""AREA_16_IMAGES_OUTPUT/CAST/005_m_manon_s_mon_manon_CAST_F10.png"": ""39ecbc1a94f5811792ac6a3488ee02a4c20d440a0bf3b44bcaa3c63926298a2a"", ""AREA_16_IMAGES_OUTPUT/CAST/005_m_manon_s_mon_manon_CAST_F11.png"": ""f851aa50ab20558a6fb6f9375da587696ca7e09f6f36358324eb493f1d143433""}",D:\maplestory_levup\docs\art\images-input-packages-v2_4\AREA_16_IMAGES_INPUT_V2_4.zip,V2.4,AREA_16_IMAGES_INPUT_V2_4/monsters/005_m_manon_마뇽/GENERATION_SPEC.md,거대한 용뿔형 불꽃이 겹쳐지는 고열 용화염. ‘마뇽 / 마뇽의 용화염’ 전용 소재이며 몬스터 본체는 VFX에 직접 넣지 않음,0.08 / non-loop one-shot,SkillEffect applies FlipX for directional attacks; delayed layer samples caster position at SpawnLayer execution; map entity then applies drift,F00–F11 전체를 순서대로 직접 대조,주황 용화염이 뿔처럼 솟아 큰 불꽃 덩어리를 만들고 불씨·연기로 사라짐,D:\maplestory_levup\docs\art\area00-images-output\AREA_00_IMAGES_OUTPUT_ORIGINAL.zip,AREA_00_IMAGES_OUTPUT/monsters/004_m_mano_마노/VFX/004_m_mano_s_mon_mano_F06.png,AREA00 실제 승인 원화. 해당 보드의 기준 프레임 + ART_STYLE_STANDARD의 전체 기준. 고유 모양/저레벨 규모를 요구하지 않음,"깃털의 결, 비늘 면과 붉은 균열, 얼음의 날카로운 결정, 화염의 밝은 선과 어두운 중간층이 역할 사이에 이어진다. 재질/보스 밀도 차이를 허용한다.",동일 몬스터의 실제 ICON 및 모든 VFX 역할 대조. 색·소재·반사광 관계에서 명백한 이탈 없음,"깃털의 결, 비늘 면과 붉은 균열, 얼음의 날카로운 결정, 화염의 밝은 선과 어두운 중간층이 역할 사이에 이어진다. 재질/보스 밀도 차이를 허용한다.",AREA00 기준 + 전체 Area의 동일 역할 보드 대조; 다수결 기준 사용 안 함. 추가 소재 비교는 CROSS_AREA_MATERIAL_BOARD_INDEX.csv,팔레트·재질·형상·레벨/보스 규모·밀도·역할별 프레임/시간 차이 허용,해당 없음,거대한 용뿔형 불꽃이 겹쳐지는 고열 용화염. ‘마뇽 / 마뇽의 용화염’ 전용 소재이며 몬스터 본체는 VFX에 직접 넣지 않음 | SkillEffect applies FlipX for directional attacks; delayed layer samples caster position at SpawnLayer execution; map entity then applies drift,원화 유지,NO,NO,D:\maplestory_levup\docs\art\output_audit\runs\20260912_162508_msw_origin_art_review\CROSS_AREA_STYLE_BOARD\area_16_m_manon_CAST_VFX_NATIVE.png,,"PNG 원본을 동일 RGB(32,38,48) 배경에 1:1 합성. 확대는 동일 128px 영역 2배 NEAREST. 큰 보드의 도구 축소 표시 가능; 이탈 상세는 1600px 보드에서 추가 대조",전 프레임 순서상 형성/변화/해체/잔상 대조. 실시간 재생의 체감 리듬 및 엔진 합성은 미검증,NOT_CHECKED: 게임 내 최종 배율/카메라/필터/배경에서의 선명도 미검증. 명세 배율만으로 런타임 표시를 보았다고 하지 않음,NO_OBVIOUS_ISSUE,기존 파일검사 재사용,TARGET_OUTPUT
area_17,m_memory_monk,추억의 사제,s_mon_memory_monk,추억의 묵상,ICON,CONSISTENT_WITH_REFERENCE,D:\maplestory_levup\docs\art\output_repacked\20260912_153221_v24_repack\AREA_17_IMAGES_OUTPUT.zip,AREA_17_IMAGES_OUTPUT/ICON/001_m_memory_monk_s_mon_memory_monk_ICON.png,"{""AREA_17_IMAGES_OUTPUT/ICON/001_m_memory_monk_s_mon_memory_monk_ICON.png"": ""149c76309a9c070b7a67e2c5d250409ff69e6c138f0b4c7d87e885c7bc844e4a""}",D:\maplestory_levup\docs\art\images-input-packages-v2_4\AREA_17_IMAGES_INPUT_V2_4.zip,V2.4,AREA_17_IMAGES_INPUT_V2_4/monsters/001_m_memory_monk_추억의_사제/GENERATION_SPEC.md,빛바랜 기억 조각이 염주처럼 천천히 도는 묵상륜. ‘추억의 사제 / 추억의 묵상’ 전용 소재이며 몬스터 본체는 VFX에 직접 넣지 않음,static / static,none,ICON 原寸 전체,베이지 염주알이 원형 묵상 고리로 모였다 빛알을 남기며 다시 풀림,D:\maplestory_levup\docs\art\area00-images-output\AREA_00_IMAGES_OUTPUT_ORIGINAL.zip,AREA_00_IMAGES_OUTPUT/monsters/002_m_blue_snail_파란_달팽이/ICON/002_m_blue_snail_s_mon_blue_snail_ICON.png,AREA00 실제 승인 원화. 해당 보드의 기준 프레임 + ART_STYLE_STANDARD의 전체 기준. 고유 모양/저레벨 규모를 요구하지 않음,"구슬 염주의 곡면 반사, 유리 기도핵, 경사진 석판 금장, 도도의 종이와 어두운 소용돌이가 ICON/VFX에서 연결된다. 문양의 평면성과 재질의 입체성을 구별한다.",동일 몬스터의 실제 ICON 및 모든 VFX 역할 대조. 색·소재·반사광 관계에서 명백한 이탈 없음,"구슬 염주의 곡면 반사, 유리 기도핵, 경사진 석판 금장, 도도의 종이와 어두운 소용돌이가 ICON/VFX에서 연결된다. 문양의 평면성과 재질의 입체성을 구별한다.",AREA00 기준 + 전체 Area의 동일 역할 보드 대조; 다수결 기준 사용 안 함. 추가 소재 비교는 CROSS_AREA_MATERIAL_BOARD_INDEX.csv,팔레트·재질·형상·레벨/보스 규모·밀도·역할별 프레임/시간 차이 허용,해당 없음,빛바랜 기억 조각이 염주처럼 천천히 도는 묵상륜. ‘추억의 사제 / 추억의 묵상’ 전용 소재이며 몬스터 본체는 VFX에 직접 넣지 않음 | none,원화 유지,NO,NO,D:\maplestory_levup\docs\art\output_audit\runs\20260912_162508_msw_origin_art_review\CROSS_AREA_STYLE_BOARD\area_17_ICON_NATIVE.png,,"PNG 원본을 동일 RGB(32,38,48) 배경에 1:1 합성. 확대는 동일 128px 영역 2배 NEAREST. 큰 보드의 도구 축소 표시 가능; 이탈 상세는 1600px 보드에서 추가 대조",전 프레임 순서상 형성/변화/해체/잔상 대조. 실시간 재생의 체감 리듬 및 엔진 합성은 미검증,NOT_CHECKED: 게임 내 최종 배율/카메라/필터/배경에서의 선명도 미검증. 명세 배율만으로 런타임 표시를 보았다고 하지 않음,NO_OBVIOUS_ISSUE,기존 파일검사 재사용,TARGET_OUTPUT
area_17,m_memory_monk,추억의 사제,s_mon_memory_monk,추억의 묵상,REFERENCE_VFX,CONSISTENT_WITH_REFERENCE,D:\maplestory_levup\docs\art\output_repacked\20260912_153221_v24_repack\AREA_17_IMAGES_OUTPUT.zip,AREA_17_IMAGES_OUTPUT/REFERENCE/001_m_memory_monk_s_mon_memory_monk_REFERENCE_F00.png|AREA_17_IMAGES_OUTPUT/REFERENCE/001_m_memory_monk_s_mon_memory_monk_REFERENCE_F01.png|AREA_17_IMAGES_OUTPUT/REFERENCE/001_m_memory_monk_s_mon_memory_monk_REFERENCE_F02.png|AREA_17_IMAGES_OUTPUT/REFERENCE/001_m_memory_monk_s_mon_memory_monk_REFERENCE_F03.png|AREA_17_IMAGES_OUTPUT/REFERENCE/001_m_memory_monk_s_mon_memory_monk_REFERENCE_F04.png|AREA_17_IMAGES_OUTPUT/REFERENCE/001_m_memory_monk_s_mon_memory_monk_REFERENCE_F05.png,"{""AREA_17_IMAGES_OUTPUT/REFERENCE/001_m_memory_monk_s_mon_memory_monk_REFERENCE_F00.png"": ""3f260916eba8a3aa54fa0c2897863b3bbde61f6b36c1ee96640e9821a2b2a791"", ""AREA_17_IMAGES_OUTPUT/REFERENCE/001_m_memory_monk_s_mon_memory_monk_REFERENCE_F01.png"": ""38403032b680614667b66bbafad826bb1b0ef53afa0455adc3596fc45d221e9c"", ""AREA_17_IMAGES_OUTPUT/REFERENCE/001_m_memory_monk_s_mon_memory_monk_REFERENCE_F02.png"": ""00cac77aa4526b5517e18737767704d16b514e03d487d29e1190710bcfc75db1"", ""AREA_17_IMAGES_OUTPUT/REFERENCE/001_m_memory_monk_s_mon_memory_monk_REFERENCE_F03.png"": ""41d0074b0c9c7636a8c0bd07b8bac729806f3b2569225eb554b7dd82428d92ce"", ""AREA_17_IMAGES_OUTPUT/REFERENCE/001_m_memory_monk_s_mon_memory_monk_REFERENCE_F04.png"": ""6328f3d7767cb2c73f77fe9d1232b9df1ce9d67620e092bbd43bcba748fd1691"", ""AREA_17_IMAGES_OUTPUT/REFERENCE/001_m_memory_monk_s_mon_memory_monk_REFERENCE_F05.png"": ""a651df54d06cd5d57765f69614b3b21e9a3017df44b154f8870a0eaa60e24dde""}",D:\maplestory_levup\docs\art\images-input-packages-v2_4\AREA_17_IMAGES_INPUT_V2_4.zip,V2.4,AREA_17_IMAGES_INPUT_V2_4/monsters/001_m_memory_monk_추억의_사제/GENERATION_SPEC.md,빛바랜 기억 조각이 염주처럼 천천히 도는 묵상륜. ‘추억의 사제 / 추억의 묵상’ 전용 소재이며 몬스터 본체는 VFX에 직접 넣지 않음,0.10 / preview-only non-loop,preview only; no engine motion/FlipX contract,F00–F05 전체를 순서대로 직접 대조,베이지 염주알이 원형 묵상 고리로 모였다 빛알을 남기며 다시 풀림,D:\maplestory_levup\docs\art\area00-images-output\AREA_00_IMAGES_OUTPUT_ORIGINAL.zip,AREA_00_IMAGES_OUTPUT/monsters/002_m_blue_snail_파란_달팽이/VFX/002_m_blue_snail_s_mon_blue_snail_F04.png,AREA00 실제 승인 원화. 해당 보드의 기준 프레임 + ART_STYLE_STANDARD의 전체 기준. 고유 모양/저레벨 규모를 요구하지 않음,"구슬 염주의 곡면 반사, 유리 기도핵, 경사진 석판 금장, 도도의 종이와 어두운 소용돌이가 ICON/VFX에서 연결된다. 문양의 평면성과 재질의 입체성을 구별한다.",동일 몬스터의 실제 ICON 및 모든 VFX 역할 대조. 색·소재·반사광 관계에서 명백한 이탈 없음,"구슬 염주의 곡면 반사, 유리 기도핵, 경사진 석판 금장, 도도의 종이와 어두운 소용돌이가 ICON/VFX에서 연결된다. 문양의 평면성과 재질의 입체성을 구별한다.",AREA00 기준 + 전체 Area의 동일 역할 보드 대조; 다수결 기준 사용 안 함. 추가 소재 비교는 CROSS_AREA_MATERIAL_BOARD_INDEX.csv,팔레트·재질·형상·레벨/보스 규모·밀도·역할별 프레임/시간 차이 허용,해당 없음,빛바랜 기억 조각이 염주처럼 천천히 도는 묵상륜. ‘추억의 사제 / 추억의 묵상’ 전용 소재이며 몬스터 본체는 VFX에 직접 넣지 않음 | preview only; no engine motion/FlipX contract,원화 유지,NO,NO,D:\maplestory_levup\docs\art\output_audit\runs\20260912_162508_msw_origin_art_review\CROSS_AREA_STYLE_BOARD\area_17_m_memory_monk_REFERENCE_VFX_NATIVE.png,,"PNG 원본을 동일 RGB(32,38,48) 배경에 1:1 합성. 확대는 동일 128px 영역 2배 NEAREST. 큰 보드의 도구 축소 표시 가능; 이탈 상세는 1600px 보드에서 추가 대조",전 프레임 순서상 형성/변화/해체/잔상 대조. 실시간 재생의 체감 리듬 및 엔진 합성은 미검증,NOT_CHECKED: 게임 내 최종 배율/카메라/필터/배경에서의 선명도 미검증. 명세 배율만으로 런타임 표시를 보았다고 하지 않음,NO_OBVIOUS_ISSUE,기존 파일검사 재사용,TARGET_OUTPUT
area_17,m_memory_monk_trainee,추억의 신관,s_mon_memory_monk_trainee,추억의 기도파,ICON,CONSISTENT_WITH_REFERENCE,D:\maplestory_levup\docs\art\output_repacked\20260912_153221_v24_repack\AREA_17_IMAGES_OUTPUT.zip,AREA_17_IMAGES_OUTPUT/ICON/002_m_memory_monk_trainee_s_mon_memory_monk_trainee_ICON.png,"{""AREA_17_IMAGES_OUTPUT/ICON/002_m_memory_monk_trainee_s_mon_memory_monk_trainee_ICON.png"": ""a8b47fa27f7a2b62d63ae47ae686704e5703e23979f26483049c877c6e237f20""}",D:\maplestory_levup\docs\art\images-input-packages-v2_4\AREA_17_IMAGES_INPUT_V2_4.zip,V2.4,AREA_17_IMAGES_INPUT_V2_4/monsters/002_m_memory_monk_trainee_추억의_신관/GENERATION_SPEC.md,작은 기도 구슬이 모여 앞으로 번지는 파동. ‘추억의 신관 / 추억의 기도파’ 전용 소재이며 몬스터 본체는 VFX에 직접 넣지 않음,static / static,none,ICON 原寸 전체,금청 기도문양과 날개형 광선이 방사형으로 펼쳐졌다 작은 빛점으로 소멸,D:\maplestory_levup\docs\art\area00-images-output\AREA_00_IMAGES_OUTPUT_ORIGINAL.zip,AREA_00_IMAGES_OUTPUT/monsters/002_m_blue_snail_파란_달팽이/ICON/002_m_blue_snail_s_mon_blue_snail_ICON.png,AREA00 실제 승인 원화. 해당 보드의 기준 프레임 + ART_STYLE_STANDARD의 전체 기준. 고유 모양/저레벨 규모를 요구하지 않음,"구슬 염주의 곡면 반사, 유리 기도핵, 경사진 석판 금장, 도도의 종이와 어두운 소용돌이가 ICON/VFX에서 연결된다. 문양의 평면성과 재질의 입체성을 구별한다.",동일 몬스터의 실제 ICON 및 모든 VFX 역할 대조. 색·소재·반사광 관계에서 명백한 이탈 없음,"구슬 염주의 곡면 반사, 유리 기도핵, 경사진 석판 금장, 도도의 종이와 어두운 소용돌이가 ICON/VFX에서 연결된다. 문양의 평면성과 재질의 입체성을 구별한다.",AREA00 기준 + 전체 Area의 동일 역할 보드 대조; 다수결 기준 사용 안 함. 추가 소재 비교는 CROSS_AREA_MATERIAL_BOARD_INDEX.csv,팔레트·재질·형상·레벨/보스 규모·밀도·역할별 프레임/시간 차이 허용,해당 없음,작은 기도 구슬이 모여 앞으로 번지는 파동. ‘추억의 신관 / 추억의 기도파’ 전용 소재이며 몬스터 본체는 VFX에 직접 넣지 않음 | none,원화 유지,NO,NO,D:\maplestory_levup\docs\art\output_audit\runs\20260912_162508_msw_origin_art_review\CROSS_AREA_STYLE_BOARD\area_17_ICON_NATIVE.png,,"PNG 원본을 동일 RGB(32,38,48) 배경에 1:1 합성. 확대는 동일 128px 영역 2배 NEAREST. 큰 보드의 도구 축소 표시 가능; 이탈 상세는 1600px 보드에서 추가 대조",전 프레임 순서상 형성/변화/해체/잔상 대조. 실시간 재생의 체감 리듬 및 엔진 합성은 미검증,NOT_CHECKED: 게임 내 최종 배율/카메라/필터/배경에서의 선명도 미검증. 명세 배율만으로 런타임 표시를 보았다고 하지 않음,NO_OBVIOUS_ISSUE,기존 파일검사 재사용,TARGET_OUTPUT
area_17,m_memory_monk_trainee,추억의 신관,s_mon_memory_monk_trainee,추억의 기도파,CAST_VFX,CONSISTENT_WITH_REFERENCE,D:\maplestory_levup\docs\art\output_repacked\20260912_153221_v24_repack\AREA_17_IMAGES_OUTPUT.zip,AREA_17_IMAGES_OUTPUT/CAST/002_m_memory_monk_trainee_s_mon_memory_monk_trainee_CAST_F00.png|AREA_17_IMAGES_OUTPUT/CAST/002_m_memory_monk_trainee_s_mon_memory_monk_trainee_CAST_F01.png|AREA_17_IMAGES_OUTPUT/CAST/002_m_memory_monk_trainee_s_mon_memory_monk_trainee_CAST_F02.png|AREA_17_IMAGES_OUTPUT/CAST/002_m_memory_monk_trainee_s_mon_memory_monk_trainee_CAST_F03.png|AREA_17_IMAGES_OUTPUT/CAST/002_m_memory_monk_trainee_s_mon_memory_monk_trainee_CAST_F04.png|AREA_17_IMAGES_OUTPUT/CAST/002_m_memory_monk_trainee_s_mon_memory_monk_trainee_CAST_F05.png|AREA_17_IMAGES_OUTPUT/CAST/002_m_memory_monk_trainee_s_mon_memory_monk_trainee_CAST_F06.png|AREA_17_IMAGES_OUTPUT/CAST/002_m_memory_monk_trainee_s_mon_memory_monk_trainee_CAST_F07.png,"{""AREA_17_IMAGES_OUTPUT/CAST/002_m_memory_monk_trainee_s_mon_memory_monk_trainee_CAST_F00.png"": ""617fff73005a4e08223aa395d384af3835606010459e13bd65022c7ad443ccc5"", ""AREA_17_IMAGES_OUTPUT/CAST/002_m_memory_monk_trainee_s_mon_memory_monk_trainee_CAST_F01.png"": ""52b948867225c7cd3abbd3796861f3d288b66275518f48c2d1b097dd43c594fd"", ""AREA_17_IMAGES_OUTPUT/CAST/002_m_memory_monk_trainee_s_mon_memory_monk_trainee_CAST_F02.png"": ""eee044a6a7c7c32b4e6a151aa3acd86d1bf8f655460b48fb7c32970cdbd4a384"", ""AREA_17_IMAGES_OUTPUT/CAST/002_m_memory_monk_trainee_s_mon_memory_monk_trainee_CAST_F03.png"": ""59c263235ebb0212f24c60436347149ec5a7dca2ae3732a7a8d7561465a870fb"", ""AREA_17_IMAGES_OUTPUT/CAST/002_m_memory_monk_trainee_s_mon_memory_monk_trainee_CAST_F04.png"": ""b0a9f85f4cb7fec2c26c80d9fc6383c8f13df3f872f8c7dd99ea0daf86e6ddbb"", ""AREA_17_IMAGES_OUTPUT/CAST/002_m_memory_monk_trainee_s_mon_memory_monk_trainee_CAST_F05.png"": ""254d0c16c157f70cea47f7d84104fbe6579974d5d87b7260261938a2afcf7087"", ""AREA_17_IMAGES_OUTPUT/CAST/002_m_memory_monk_trainee_s_mon_memory_monk_trainee_CAST_F06.png"": ""4827f0041a8c7ded64d80ae7c08379ed5ee279b4676e513044589f6e4bb82ec3"", ""AREA_17_IMAGES_OUTPUT/CAST/002_m_memory_monk_trainee_s_mon_memory_monk_trainee_CAST_F07.png"": ""5bc39be25a7ed0eb73baea125e5ed6b7e48419f0565060664c1e8f7cb26738ca""}",D:\maplestory_levup\docs\art\images-input-packages-v2_4\AREA_17_IMAGES_INPUT_V2_4.zip,V2.4,AREA_17_IMAGES_INPUT_V2_4/monsters/002_m_memory_monk_trainee_추억의_신관/GENERATION_SPEC.md,작은 기도 구슬이 모여 앞으로 번지는 파동. ‘추억의 신관 / 추억의 기도파’ 전용 소재이며 몬스터 본체는 VFX에 직접 넣지 않음,0.10 / non-loop one-shot,SkillEffect applies FlipX for directional attacks; delayed layer samples caster position at SpawnLayer execution; map entity then applies drift,F00–F07 전체를 순서대로 직접 대조,금청 기도문양과 날개형 광선이 방사형으로 펼쳐졌다 작은 빛점으로 소멸,D:\maplestory_levup\docs\art\area00-images-output\AREA_00_IMAGES_OUTPUT_ORIGINAL.zip,AREA_00_IMAGES_OUTPUT/monsters/005_m_slime_슬라임/VFX/005_m_slime_s_mon_slime_F04.png,AREA00 실제 승인 원화. 해당 보드의 기준 프레임 + ART_STYLE_STANDARD의 전체 기준. 고유 모양/저레벨 규모를 요구하지 않음,"구슬 염주의 곡면 반사, 유리 기도핵, 경사진 석판 금장, 도도의 종이와 어두운 소용돌이가 ICON/VFX에서 연결된다. 문양의 평면성과 재질의 입체성을 구별한다.",동일 몬스터의 실제 ICON 및 모든 VFX 역할 대조. 색·소재·반사광 관계에서 명백한 이탈 없음,"구슬 염주의 곡면 반사, 유리 기도핵, 경사진 석판 금장, 도도의 종이와 어두운 소용돌이가 ICON/VFX에서 연결된다. 문양의 평면성과 재질의 입체성을 구별한다.",AREA00 기준 + 전체 Area의 동일 역할 보드 대조; 다수결 기준 사용 안 함. 추가 소재 비교는 CROSS_AREA_MATERIAL_BOARD_INDEX.csv,팔레트·재질·형상·레벨/보스 규모·밀도·역할별 프레임/시간 차이 허용,해당 없음,작은 기도 구슬이 모여 앞으로 번지는 파동. ‘추억의 신관 / 추억의 기도파’ 전용 소재이며 몬스터 본체는 VFX에 직접 넣지 않음 | SkillEffect applies FlipX for directional attacks; delayed layer samples caster position at SpawnLayer execution; map entity then applies drift,원화 유지,NO,NO,D:\maplestory_levup\docs\art\output_audit\runs\20260912_162508_msw_origin_art_review\CROSS_AREA_STYLE_BOARD\area_17_m_memory_monk_trainee_CAST_VFX_NATIVE.png,,"PNG 원본을 동일 RGB(32,38,48) 배경에 1:1 합성. 확대는 동일 128px 영역 2배 NEAREST. 큰 보드의 도구 축소 표시 가능; 이탈 상세는 1600px 보드에서 추가 대조",전 프레임 순서상 형성/변화/해체/잔상 대조. 실시간 재생의 체감 리듬 및 엔진 합성은 미검증,NOT_CHECKED: 게임 내 최종 배율/카메라/필터/배경에서의 선명도 미검증. 명세 배율만으로 런타임 표시를 보았다고 하지 않음,NO_OBVIOUS_ISSUE,기존 파일검사 재사용,TARGET_OUTPUT
area_17,m_memory_guardian,추억의 수호병,s_mon_memory_guardian,수호병의 기억갑주,ICON,CONSISTENT_WITH_REFERENCE,D:\maplestory_levup\docs\art\output_repacked\20260912_153221_v24_repack\AREA_17_IMAGES_OUTPUT.zip,AREA_17_IMAGES_OUTPUT/ICON/003_m_memory_guardian_s_mon_memory_guardian_ICON.png,"{""AREA_17_IMAGES_OUTPUT/ICON/003_m_memory_guardian_s_mon_memory_guardian_ICON.png"": ""b7dac4099329451f2ab4c9a38aa479180037eb5b0c39a8d92972b8a6d2bb5bb0""}",D:\maplestory_levup\docs\art\images-input-packages-v2_4\AREA_17_IMAGES_INPUT_V2_4.zip,V2.4,AREA_17_IMAGES_INPUT_V2_4/monsters/003_m_memory_guardian_추억의_수호병/GENERATION_SPEC.md,기억 석판 조각이 방패처럼 겹치는 갑주. ‘추억의 수호병 / 수호병의 기억갑주’ 전용 소재이며 몬스터 본체는 VFX에 직접 넣지 않음,static / static,none,ICON 原寸 전체,금청 방패 조각이 중앙 문장에 맞물려 닫히고 반사광 뒤 분리,D:\maplestory_levup\docs\art\area00-images-output\AREA_00_IMAGES_OUTPUT_ORIGINAL.zip,AREA_00_IMAGES_OUTPUT/monsters/002_m_blue_snail_파란_달팽이/ICON/002_m_blue_snail_s_mon_blue_snail_ICON.png,AREA00 실제 승인 원화. 해당 보드의 기준 프레임 + ART_STYLE_STANDARD의 전체 기준. 고유 모양/저레벨 규모를 요구하지 않음,"구슬 염주의 곡면 반사, 유리 기도핵, 경사진 석판 금장, 도도의 종이와 어두운 소용돌이가 ICON/VFX에서 연결된다. 문양의 평면성과 재질의 입체성을 구별한다.",동일 몬스터의 실제 ICON 및 모든 VFX 역할 대조. 색·소재·반사광 관계에서 명백한 이탈 없음,"구슬 염주의 곡면 반사, 유리 기도핵, 경사진 석판 금장, 도도의 종이와 어두운 소용돌이가 ICON/VFX에서 연결된다. 문양의 평면성과 재질의 입체성을 구별한다.",AREA00 기준 + 전체 Area의 동일 역할 보드 대조; 다수결 기준 사용 안 함. 추가 소재 비교는 CROSS_AREA_MATERIAL_BOARD_INDEX.csv,팔레트·재질·형상·레벨/보스 규모·밀도·역할별 프레임/시간 차이 허용,해당 없음,기억 석판 조각이 방패처럼 겹치는 갑주. ‘추억의 수호병 / 수호병의 기억갑주’ 전용 소재이며 몬스터 본체는 VFX에 직접 넣지 않음 | none,원화 유지,NO,NO,D:\maplestory_levup\docs\art\output_audit\runs\20260912_162508_msw_origin_art_review\CROSS_AREA_STYLE_BOARD\area_17_ICON_NATIVE.png,,"PNG 원본을 동일 RGB(32,38,48) 배경에 1:1 합성. 확대는 동일 128px 영역 2배 NEAREST. 큰 보드의 도구 축소 표시 가능; 이탈 상세는 1600px 보드에서 추가 대조",전 프레임 순서상 형성/변화/해체/잔상 대조. 실시간 재생의 체감 리듬 및 엔진 합성은 미검증,NOT_CHECKED: 게임 내 최종 배율/카메라/필터/배경에서의 선명도 미검증. 명세 배율만으로 런타임 표시를 보았다고 하지 않음,NO_OBVIOUS_ISSUE,기존 파일검사 재사용,TARGET_OUTPUT
area_17,m_memory_guardian,추억의 수호병,s_mon_memory_guardian,수호병의 기억갑주,REFERENCE_VFX,CONSISTENT_WITH_REFERENCE,D:\maplestory_levup\docs\art\output_repacked\20260912_153221_v24_repack\AREA_17_IMAGES_OUTPUT.zip,AREA_17_IMAGES_OUTPUT/REFERENCE/003_m_memory_guardian_s_mon_memory_guardian_REFERENCE_F00.png|AREA_17_IMAGES_OUTPUT/REFERENCE/003_m_memory_guardian_s_mon_memory_guardian_REFERENCE_F01.png|AREA_17_IMAGES_OUTPUT/REFERENCE/003_m_memory_guardian_s_mon_memory_guardian_REFERENCE_F02.png|AREA_17_IMAGES_OUTPUT/REFERENCE/003_m_memory_guardian_s_mon_memory_guardian_REFERENCE_F03.png|AREA_17_IMAGES_OUTPUT/REFERENCE/003_m_memory_guardian_s_mon_memory_guardian_REFERENCE_F04.png|AREA_17_IMAGES_OUTPUT/REFERENCE/003_m_memory_guardian_s_mon_memory_guardian_REFERENCE_F05.png,"{""AREA_17_IMAGES_OUTPUT/REFERENCE/003_m_memory_guardian_s_mon_memory_guardian_REFERENCE_F00.png"": ""869d08fc0993b428acb870c293c27b5b06aafe9b30f151949bb0b14f0b18017f"", ""AREA_17_IMAGES_OUTPUT/REFERENCE/003_m_memory_guardian_s_mon_memory_guardian_REFERENCE_F01.png"": ""ab20a48c3a01b9d7b153ac204c21e487e7fd3b0f670e07bbc51d0c650c5ff0d7"", ""AREA_17_IMAGES_OUTPUT/REFERENCE/003_m_memory_guardian_s_mon_memory_guardian_REFERENCE_F02.png"": ""f645745935651657fff5c7021642064551da8aa7f2fd4c80b00dae1d1877e4a5"", ""AREA_17_IMAGES_OUTPUT/REFERENCE/003_m_memory_guardian_s_mon_memory_guardian_REFERENCE_F03.png"": ""8644c5fe48b15cba9df6ceacf856f86757f9180d72b41b223f78297909b85ae0"", ""AREA_17_IMAGES_OUTPUT/REFERENCE/003_m_memory_guardian_s_mon_memory_guardian_REFERENCE_F04.png"": ""c2fa5dbbb90d2be28f6916daf7126ff802ce8fe727b450faeb15e18a921ae562"", ""AREA_17_IMAGES_OUTPUT/REFERENCE/003_m_memory_guardian_s_mon_memory_guardian_REFERENCE_F05.png"": ""a0614f3c494f7a0b8477060c208516f58a852822b6fc1cda177640edb0ae510c""}",D:\maplestory_levup\docs\art\images-input-packages-v2_4\AREA_17_IMAGES_INPUT_V2_4.zip,V2.4,AREA_17_IMAGES_INPUT_V2_4/monsters/003_m_memory_guardian_추억의_수호병/GENERATION_SPEC.md,기억 석판 조각이 방패처럼 겹치는 갑주. ‘추억의 수호병 / 수호병의 기억갑주’ 전용 소재이며 몬스터 본체는 VFX에 직접 넣지 않음,0.10 / preview-only non-loop,preview only; no engine motion/FlipX contract,F00–F05 전체를 순서대로 직접 대조,금청 방패 조각이 중앙 문장에 맞물려 닫히고 반사광 뒤 분리,D:\maplestory_levup\docs\art\area00-images-output\AREA_00_IMAGES_OUTPUT_ORIGINAL.zip,AREA_00_IMAGES_OUTPUT/monsters/002_m_blue_snail_파란_달팽이/VFX/002_m_blue_snail_s_mon_blue_snail_F04.png,AREA00 실제 승인 원화. 해당 보드의 기준 프레임 + ART_STYLE_STANDARD의 전체 기준. 고유 모양/저레벨 규모를 요구하지 않음,"구슬 염주의 곡면 반사, 유리 기도핵, 경사진 석판 금장, 도도의 종이와 어두운 소용돌이가 ICON/VFX에서 연결된다. 문양의 평면성과 재질의 입체성을 구별한다.",동일 몬스터의 실제 ICON 및 모든 VFX 역할 대조. 색·소재·반사광 관계에서 명백한 이탈 없음,"구슬 염주의 곡면 반사, 유리 기도핵, 경사진 석판 금장, 도도의 종이와 어두운 소용돌이가 ICON/VFX에서 연결된다. 문양의 평면성과 재질의 입체성을 구별한다.",AREA00 기준 + 전체 Area의 동일 역할 보드 대조; 다수결 기준 사용 안 함. 추가 소재 비교는 CROSS_AREA_MATERIAL_BOARD_INDEX.csv,팔레트·재질·형상·레벨/보스 규모·밀도·역할별 프레임/시간 차이 허용,해당 없음,기억 석판 조각이 방패처럼 겹치는 갑주. ‘추억의 수호병 / 수호병의 기억갑주’ 전용 소재이며 몬스터 본체는 VFX에 직접 넣지 않음 | preview only; no engine motion/FlipX contract,원화 유지,NO,NO,D:\maplestory_levup\docs\art\output_audit\runs\20260912_162508_msw_origin_art_review\CROSS_AREA_STYLE_BOARD\area_17_m_memory_guardian_REFERENCE_VFX_NATIVE.png,,"PNG 원본을 동일 RGB(32,38,48) 배경에 1:1 합성. 확대는 동일 128px 영역 2배 NEAREST. 큰 보드의 도구 축소 표시 가능; 이탈 상세는 1600px 보드에서 추가 대조",전 프레임 순서상 형성/변화/해체/잔상 대조. 실시간 재생의 체감 리듬 및 엔진 합성은 미검증,NOT_CHECKED: 게임 내 최종 배율/카메라/필터/배경에서의 선명도 미검증. 명세 배율만으로 런타임 표시를 보았다고 하지 않음,NO_OBVIOUS_ISSUE,기존 파일검사 재사용,TARGET_OUTPUT
area_17,m_chief_memory_guardian,추억의 수호대장,s_mon_chief_memory_guardian,시간 수호진,ICON,CONSISTENT_WITH_REFERENCE,D:\maplestory_levup\docs\art\output_repacked\20260912_153221_v24_repack\AREA_17_IMAGES_OUTPUT.zip,AREA_17_IMAGES_OUTPUT/ICON/004_m_chief_memory_guardian_s_mon_chief_memory_guardian_ICON.png,"{""AREA_17_IMAGES_OUTPUT/ICON/004_m_chief_memory_guardian_s_mon_chief_memory_guardian_ICON.png"": ""899d93bbdc735f49bfbbb1baaae00447644b24c5e0bbe7f02d34926dd8be8018""}",D:\maplestory_levup\docs\art\images-input-packages-v2_4\AREA_17_IMAGES_INPUT_V2_4.zip,V2.4,AREA_17_IMAGES_INPUT_V2_4/monsters/004_m_chief_memory_guardian_추억의_수호대장/GENERATION_SPEC.md,네 방향 석판이 맞물려 완성되는 시간 수호진. ‘추억의 수호대장 / 시간 수호진’ 전용 소재이며 몬스터 본체는 VFX에 직접 넣지 않음,static / static,none,ICON 原寸 전체,금청 시간 수호 문양이 네 방향으로 회전·확대됐다 얇은 시간 고리로 사라짐,D:\maplestory_levup\docs\art\area00-images-output\AREA_00_IMAGES_OUTPUT_ORIGINAL.zip,AREA_00_IMAGES_OUTPUT/monsters/002_m_blue_snail_파란_달팽이/ICON/002_m_blue_snail_s_mon_blue_snail_ICON.png,AREA00 실제 승인 원화. 해당 보드의 기준 프레임 + ART_STYLE_STANDARD의 전체 기준. 고유 모양/저레벨 규모를 요구하지 않음,"구슬 염주의 곡면 반사, 유리 기도핵, 경사진 석판 금장, 도도의 종이와 어두운 소용돌이가 ICON/VFX에서 연결된다. 문양의 평면성과 재질의 입체성을 구별한다.",동일 몬스터의 실제 ICON 및 모든 VFX 역할 대조. 색·소재·반사광 관계에서 명백한 이탈 없음,"구슬 염주의 곡면 반사, 유리 기도핵, 경사진 석판 금장, 도도의 종이와 어두운 소용돌이가 ICON/VFX에서 연결된다. 문양의 평면성과 재질의 입체성을 구별한다.",AREA00 기준 + 전체 Area의 동일 역할 보드 대조; 다수결 기준 사용 안 함. 추가 소재 비교는 CROSS_AREA_MATERIAL_BOARD_INDEX.csv,팔레트·재질·형상·레벨/보스 규모·밀도·역할별 프레임/시간 차이 허용,해당 없음,네 방향 석판이 맞물려 완성되는 시간 수호진. ‘추억의 수호대장 / 시간 수호진’ 전용 소재이며 몬스터 본체는 VFX에 직접 넣지 않음 | none,원화 유지,NO,NO,D:\maplestory_levup\docs\art\output_audit\runs\20260912_162508_msw_origin_art_review\CROSS_AREA_STYLE_BOARD\area_17_ICON_NATIVE.png,,"PNG 원본을 동일 RGB(32,38,48) 배경에 1:1 합성. 확대는 동일 128px 영역 2배 NEAREST. 큰 보드의 도구 축소 표시 가능; 이탈 상세는 1600px 보드에서 추가 대조",전 프레임 순서상 형성/변화/해체/잔상 대조. 실시간 재생의 체감 리듬 및 엔진 합성은 미검증,NOT_CHECKED: 게임 내 최종 배율/카메라/필터/배경에서의 선명도 미검증. 명세 배율만으로 런타임 표시를 보았다고 하지 않음,NO_OBVIOUS_ISSUE,기존 파일검사 재사용,TARGET_OUTPUT
area_17,m_chief_memory_guardian,추억의 수호대장,s_mon_chief_memory_guardian,시간 수호진,CAST_VFX,CONSISTENT_WITH_REFERENCE,D:\maplestory_levup\docs\art\output_repacked\20260912_153221_v24_repack\AREA_17_IMAGES_OUTPUT.zip,AREA_17_IMAGES_OUTPUT/CAST/004_m_chief_memory_guardian_s_mon_chief_memory_guardian_CAST_F00.png|AREA_17_IMAGES_OUTPUT/CAST/004_m_chief_memory_guardian_s_mon_chief_memory_guardian_CAST_F01.png|AREA_17_IMAGES_OUTPUT/CAST/004_m_chief_memory_guardian_s_mon_chief_memory_guardian_CAST_F02.png|AREA_17_IMAGES_OUTPUT/CAST/004_m_chief_memory_guardian_s_mon_chief_memory_guardian_CAST_F03.png|AREA_17_IMAGES_OUTPUT/CAST/004_m_chief_memory_guardian_s_mon_chief_memory_guardian_CAST_F04.png|AREA_17_IMAGES_OUTPUT/CAST/004_m_chief_memory_guardian_s_mon_chief_memory_guardian_CAST_F05.png|AREA_17_IMAGES_OUTPUT/CAST/004_m_chief_memory_guardian_s_mon_chief_memory_guardian_CAST_F06.png|AREA_17_IMAGES_OUTPUT/CAST/004_m_chief_memory_guardian_s_mon_chief_memory_guardian_CAST_F07.png,"{""AREA_17_IMAGES_OUTPUT/CAST/004_m_chief_memory_guardian_s_mon_chief_memory_guardian_CAST_F00.png"": ""5f93f325a6f751ebf0c3763fc08ea88d9e9594978dd7fd76591b63ae482515c3"", ""AREA_17_IMAGES_OUTPUT/CAST/004_m_chief_memory_guardian_s_mon_chief_memory_guardian_CAST_F01.png"": ""5dcfe977001b121de5e8f4421e21ac7908386c0cbf39c866206adb4a909b97cb"", ""AREA_17_IMAGES_OUTPUT/CAST/004_m_chief_memory_guardian_s_mon_chief_memory_guardian_CAST_F02.png"": ""1fbb3653e26c6e80387ce8a61cb25b09201043f2286cba17b31b815e796db3e2"", ""AREA_17_IMAGES_OUTPUT/CAST/004_m_chief_memory_guardian_s_mon_chief_memory_guardian_CAST_F03.png"": ""7b78f1d296af7ec5473d034b0e8942b902183bbe49ca755d2bfcd3fd50e6b0f9"", ""AREA_17_IMAGES_OUTPUT/CAST/004_m_chief_memory_guardian_s_mon_chief_memory_guardian_CAST_F04.png"": ""e3fc254f9c4fa898395cf4c7ba9b38f141e5bd8b18f058e1ed634b79c2207156"", ""AREA_17_IMAGES_OUTPUT/CAST/004_m_chief_memory_guardian_s_mon_chief_memory_guardian_CAST_F05.png"": ""7a01113d559ae7cb9e3e8292a330f7f1e9ec9e6475f90444b8eb6493d1d7e4f6"", ""AREA_17_IMAGES_OUTPUT/CAST/004_m_chief_memory_guardian_s_mon_chief_memory_guardian_CAST_F06.png"": ""d73d7a5b5526d684eccc6f80f3f2ce65344776c509189be2c3bfc8dcea30caa8"", ""AREA_17_IMAGES_OUTPUT/CAST/004_m_chief_memory_guardian_s_mon_chief_memory_guardian_CAST_F07.png"": ""cd2ed2add4fc5bd502431b1bd23a746dbcbafc5b24a88abebd2c99fda4466e5e""}",D:\maplestory_levup\docs\art\images-input-packages-v2_4\AREA_17_IMAGES_INPUT_V2_4.zip,V2.4,AREA_17_IMAGES_INPUT_V2_4/monsters/004_m_chief_memory_guardian_추억의_수호대장/GENERATION_SPEC.md,네 방향 석판이 맞물려 완성되는 시간 수호진. ‘추억의 수호대장 / 시간 수호진’ 전용 소재이며 몬스터 본체는 VFX에 직접 넣지 않음,0.10 / non-loop one-shot,SkillEffect applies FlipX for directional attacks; delayed layer samples caster position at SpawnLayer execution; map entity then applies drift,F00–F07 전체를 순서대로 직접 대조,금청 시간 수호 문양이 네 방향으로 회전·확대됐다 얇은 시간 고리로 사라짐,D:\maplestory_levup\docs\art\area00-images-output\AREA_00_IMAGES_OUTPUT_ORIGINAL.zip,AREA_00_IMAGES_OUTPUT/monsters/005_m_slime_슬라임/VFX/005_m_slime_s_mon_slime_F04.png,AREA00 실제 승인 원화. 해당 보드의 기준 프레임 + ART_STYLE_STANDARD의 전체 기준. 고유 모양/저레벨 규모를 요구하지 않음,"구슬 염주의 곡면 반사, 유리 기도핵, 경사진 석판 금장, 도도의 종이와 어두운 소용돌이가 ICON/VFX에서 연결된다. 문양의 평면성과 재질의 입체성을 구별한다.",동일 몬스터의 실제 ICON 및 모든 VFX 역할 대조. 색·소재·반사광 관계에서 명백한 이탈 없음,"구슬 염주의 곡면 반사, 유리 기도핵, 경사진 석판 금장, 도도의 종이와 어두운 소용돌이가 ICON/VFX에서 연결된다. 문양의 평면성과 재질의 입체성을 구별한다.",AREA00 기준 + 전체 Area의 동일 역할 보드 대조; 다수결 기준 사용 안 함. 추가 소재 비교는 CROSS_AREA_MATERIAL_BOARD_INDEX.csv,팔레트·재질·형상·레벨/보스 규모·밀도·역할별 프레임/시간 차이 허용,해당 없음,네 방향 석판이 맞물려 완성되는 시간 수호진. ‘추억의 수호대장 / 시간 수호진’ 전용 소재이며 몬스터 본체는 VFX에 직접 넣지 않음 | SkillEffect applies FlipX for directional attacks; delayed layer samples caster position at SpawnLayer execution; map entity then applies drift,원화 유지,NO,NO,D:\maplestory_levup\docs\art\output_audit\runs\20260912_162508_msw_origin_art_review\CROSS_AREA_STYLE_BOARD\area_17_m_chief_memory_guardian_CAST_VFX_NATIVE.png,,"PNG 원본을 동일 RGB(32,38,48) 배경에 1:1 합성. 확대는 동일 128px 영역 2배 NEAREST. 큰 보드의 도구 축소 표시 가능; 이탈 상세는 1600px 보드에서 추가 대조",전 프레임 순서상 형성/변화/해체/잔상 대조. 실시간 재생의 체감 리듬 및 엔진 합성은 미검증,NOT_CHECKED: 게임 내 최종 배율/카메라/필터/배경에서의 선명도 미검증. 명세 배율만으로 런타임 표시를 보았다고 하지 않음,NO_OBVIOUS_ISSUE,기존 파일검사 재사용,TARGET_OUTPUT
area_17,m_dodo,도도,s_mon_dodo,기억 포식,ICON,CONSISTENT_WITH_REFERENCE,D:\maplestory_levup\docs\art\output_repacked\20260912_153221_v24_repack\AREA_17_IMAGES_OUTPUT.zip,AREA_17_IMAGES_OUTPUT/ICON/005_m_dodo_s_mon_dodo_ICON.png,"{""AREA_17_IMAGES_OUTPUT/ICON/005_m_dodo_s_mon_dodo_ICON.png"": ""d0c05655dca782d26199553ef0e387e90aef6ca971beb6e208e3c3590bd27771""}",D:\maplestory_levup\docs\art\images-input-packages-v2_4\AREA_17_IMAGES_INPUT_V2_4.zip,V2.4,AREA_17_IMAGES_INPUT_V2_4/monsters/005_m_dodo_도도/GENERATION_SPEC.md,빛바랜 기억 조각을 안쪽으로 빨아들이는 검은 포식구. ‘도도 / 기억 포식’ 전용 소재이며 몬스터 본체는 VFX에 직접 넣지 않음,static / static,none,ICON 原寸 전체,"검정·금빛 기억 조각이 큰 소용돌이로 합쳐 폭발하고, 투사체는 기억핵의 국소 회전만 변화",D:\maplestory_levup\docs\art\area00-images-output\AREA_00_IMAGES_OUTPUT_ORIGINAL.zip,AREA_00_IMAGES_OUTPUT/monsters/002_m_blue_snail_파란_달팽이/ICON/002_m_blue_snail_s_mon_blue_snail_ICON.png,AREA00 실제 승인 원화. 해당 보드의 기준 프레임 + ART_STYLE_STANDARD의 전체 기준. 고유 모양/저레벨 규모를 요구하지 않음,"구슬 염주의 곡면 반사, 유리 기도핵, 경사진 석판 금장, 도도의 종이와 어두운 소용돌이가 ICON/VFX에서 연결된다. 문양의 평면성과 재질의 입체성을 구별한다.",동일 몬스터의 실제 ICON 및 모든 VFX 역할 대조. 색·소재·반사광 관계에서 명백한 이탈 없음,"구슬 염주의 곡면 반사, 유리 기도핵, 경사진 석판 금장, 도도의 종이와 어두운 소용돌이가 ICON/VFX에서 연결된다. 문양의 평면성과 재질의 입체성을 구별한다.",AREA00 기준 + 전체 Area의 동일 역할 보드 대조; 다수결 기준 사용 안 함. 추가 소재 비교는 CROSS_AREA_MATERIAL_BOARD_INDEX.csv,팔레트·재질·형상·레벨/보스 규모·밀도·역할별 프레임/시간 차이 허용,해당 없음,빛바랜 기억 조각을 안쪽으로 빨아들이는 검은 포식구. ‘도도 / 기억 포식’ 전용 소재이며 몬스터 본체는 VFX에 직접 넣지 않음 | none,원화 유지,NO,NO,D:\maplestory_levup\docs\art\output_audit\runs\20260912_162508_msw_origin_art_review\CROSS_AREA_STYLE_BOARD\area_17_ICON_NATIVE.png,,"PNG 원본을 동일 RGB(32,38,48) 배경에 1:1 합성. 확대는 동일 128px 영역 2배 NEAREST. 큰 보드의 도구 축소 표시 가능; 이탈 상세는 1600px 보드에서 추가 대조",전 프레임 순서상 형성/변화/해체/잔상 대조. 실시간 재생의 체감 리듬 및 엔진 합성은 미검증,NOT_CHECKED: 게임 내 최종 배율/카메라/필터/배경에서의 선명도 미검증. 명세 배율만으로 런타임 표시를 보았다고 하지 않음,NO_OBVIOUS_ISSUE,기존 파일검사 재사용,TARGET_OUTPUT
area_17,m_dodo,도도,s_mon_dodo,기억 포식,CAST_VFX,CONSISTENT_WITH_REFERENCE,D:\maplestory_levup\docs\art\output_repacked\20260912_153221_v24_repack\AREA_17_IMAGES_OUTPUT.zip,AREA_17_IMAGES_OUTPUT/CAST/005_m_dodo_s_mon_dodo_CAST_F00.png|AREA_17_IMAGES_OUTPUT/CAST/005_m_dodo_s_mon_dodo_CAST_F01.png|AREA_17_IMAGES_OUTPUT/CAST/005_m_dodo_s_mon_dodo_CAST_F02.png|AREA_17_IMAGES_OUTPUT/CAST/005_m_dodo_s_mon_dodo_CAST_F03.png|AREA_17_IMAGES_OUTPUT/CAST/005_m_dodo_s_mon_dodo_CAST_F04.png|AREA_17_IMAGES_OUTPUT/CAST/005_m_dodo_s_mon_dodo_CAST_F05.png|AREA_17_IMAGES_OUTPUT/CAST/005_m_dodo_s_mon_dodo_CAST_F06.png|AREA_17_IMAGES_OUTPUT/CAST/005_m_dodo_s_mon_dodo_CAST_F07.png|AREA_17_IMAGES_OUTPUT/CAST/005_m_dodo_s_mon_dodo_CAST_F08.png|AREA_17_IMAGES_OUTPUT/CAST/005_m_dodo_s_mon_dodo_CAST_F09.png|AREA_17_IMAGES_OUTPUT/CAST/005_m_dodo_s_mon_dodo_CAST_F10.png|AREA_17_IMAGES_OUTPUT/CAST/005_m_dodo_s_mon_dodo_CAST_F11.png,"{""AREA_17_IMAGES_OUTPUT/CAST/005_m_dodo_s_mon_dodo_CAST_F00.png"": ""88848cbc260c2b6c8ef8bd23a5d42212678e7254c0af9ade68b95356dd9817a1"", ""AREA_17_IMAGES_OUTPUT/CAST/005_m_dodo_s_mon_dodo_CAST_F01.png"": ""138af48a4db629e757d811a7b10c60e8b29268f3b1383ba11b97814c8ce823b4"", ""AREA_17_IMAGES_OUTPUT/CAST/005_m_dodo_s_mon_dodo_CAST_F02.png"": ""398d6ab267bec307e3d3f8cb0a7a5ad0ffa086d0f53c8c022733791dd3ed970f"", ""AREA_17_IMAGES_OUTPUT/CAST/005_m_dodo_s_mon_dodo_CAST_F03.png"": ""455d3018824c3d78dc4c89a7829cf3bad3488f322c51f83bdaba3aaeedd50031"", ""AREA_17_IMAGES_OUTPUT/CAST/005_m_dodo_s_mon_dodo_CAST_F04.png"": ""133abab4ecec92cbaa671da26a6b78e66476037ea518e977743c84edf007ce66"", ""AREA_17_IMAGES_OUTPUT/CAST/005_m_dodo_s_mon_dodo_CAST_F05.png"": ""03eb9de79062adf6162667aa87daf7b62fe3cde5437ffc81f6d1c644942303f7"", ""AREA_17_IMAGES_OUTPUT/CAST/005_m_dodo_s_mon_dodo_CAST_F06.png"": ""1bf8dbc79b6efa700d6ac9b9ff3318e02b731fb2d2fc72a2abd35410fe45bb1b"", ""AREA_17_IMAGES_OUTPUT/CAST/005_m_dodo_s_mon_dodo_CAST_F07.png"": ""895f671a9cdb54c2c0156041377ba9a2bdcf9256a8f2f9b29d7ac9ade37ae7c5"", ""AREA_17_IMAGES_OUTPUT/CAST/005_m_dodo_s_mon_dodo_CAST_F08.png"": ""0712312476d74b48478dc9b44950b773bbeb62bcf84a92ded953181ecca810a8"", ""AREA_17_IMAGES_OUTPUT/CAST/005_m_dodo_s_mon_dodo_CAST_F09.png"": ""03e66fc8c9b7f2634037220e56231dd9cb36ec0cb1a89f28356be76be29aa575"", ""AREA_17_IMAGES_OUTPUT/CAST/005_m_dodo_s_mon_dodo_CAST_F10.png"": ""440cad42578bc38efe32009d237e2f6645b3c4f5a3ee158850a56636f94722ab"", ""AREA_17_IMAGES_OUTPUT/CAST/005_m_dodo_s_mon_dodo_CAST_F11.png"": ""5f39a876c874e14724be9374341f232adb244c770272800841e3bb274e9285d7""}",D:\maplestory_levup\docs\art\images-input-packages-v2_4\AREA_17_IMAGES_INPUT_V2_4.zip,V2.4,AREA_17_IMAGES_INPUT_V2_4/monsters/005_m_dodo_도도/GENERATION_SPEC.md,빛바랜 기억 조각을 안쪽으로 빨아들이는 검은 포식구. ‘도도 / 기억 포식’ 전용 소재이며 몬스터 본체는 VFX에 직접 넣지 않음,0.08 / non-loop one-shot,SkillEffect applies FlipX for directional attacks; delayed layer samples caster position at SpawnLayer execution; map entity then applies drift,F00–F11 전체를 순서대로 직접 대조,"검정·금빛 기억 조각이 큰 소용돌이로 합쳐 폭발하고, 투사체는 기억핵의 국소 회전만 변화",D:\maplestory_levup\docs\art\area00-images-output\AREA_00_IMAGES_OUTPUT_ORIGINAL.zip,AREA_00_IMAGES_OUTPUT/monsters/004_m_mano_마노/VFX/004_m_mano_s_mon_mano_F06.png,AREA00 실제 승인 원화. 해당 보드의 기준 프레임 + ART_STYLE_STANDARD의 전체 기준. 고유 모양/저레벨 규모를 요구하지 않음,"구슬 염주의 곡면 반사, 유리 기도핵, 경사진 석판 금장, 도도의 종이와 어두운 소용돌이가 ICON/VFX에서 연결된다. 문양의 평면성과 재질의 입체성을 구별한다.",동일 몬스터의 실제 ICON 및 모든 VFX 역할 대조. 색·소재·반사광 관계에서 명백한 이탈 없음,"구슬 염주의 곡면 반사, 유리 기도핵, 경사진 석판 금장, 도도의 종이와 어두운 소용돌이가 ICON/VFX에서 연결된다. 문양의 평면성과 재질의 입체성을 구별한다.",AREA00 기준 + 전체 Area의 동일 역할 보드 대조; 다수결 기준 사용 안 함. 추가 소재 비교는 CROSS_AREA_MATERIAL_BOARD_INDEX.csv,팔레트·재질·형상·레벨/보스 규모·밀도·역할별 프레임/시간 차이 허용,해당 없음,빛바랜 기억 조각을 안쪽으로 빨아들이는 검은 포식구. ‘도도 / 기억 포식’ 전용 소재이며 몬스터 본체는 VFX에 직접 넣지 않음 | SkillEffect applies FlipX for directional attacks; delayed layer samples caster position at SpawnLayer execution; map entity then applies drift,원화 유지,NO,NO,D:\maplestory_levup\docs\art\output_audit\runs\20260912_162508_msw_origin_art_review\CROSS_AREA_STYLE_BOARD\area_17_m_dodo_CAST_VFX_NATIVE.png,,"PNG 원본을 동일 RGB(32,38,48) 배경에 1:1 합성. 확대는 동일 128px 영역 2배 NEAREST. 큰 보드의 도구 축소 표시 가능; 이탈 상세는 1600px 보드에서 추가 대조",전 프레임 순서상 형성/변화/해체/잔상 대조. 실시간 재생의 체감 리듬 및 엔진 합성은 미검증,NOT_CHECKED: 게임 내 최종 배율/카메라/필터/배경에서의 선명도 미검증. 명세 배율만으로 런타임 표시를 보았다고 하지 않음,NO_OBVIOUS_ISSUE,기존 파일검사 재사용,TARGET_OUTPUT
area_17,m_dodo,도도,s_mon_dodo,기억 포식,PROJECTILE,CONSISTENT_WITH_REFERENCE,D:\maplestory_levup\docs\art\output_repacked\20260912_153221_v24_repack\AREA_17_IMAGES_OUTPUT.zip,AREA_17_IMAGES_OUTPUT/PROJECTILE/005_m_dodo_s_mon_dodo_PROJECTILE_F00.png|AREA_17_IMAGES_OUTPUT/PROJECTILE/005_m_dodo_s_mon_dodo_PROJECTILE_F01.png|AREA_17_IMAGES_OUTPUT/PROJECTILE/005_m_dodo_s_mon_dodo_PROJECTILE_F02.png|AREA_17_IMAGES_OUTPUT/PROJECTILE/005_m_dodo_s_mon_dodo_PROJECTILE_F03.png,"{""AREA_17_IMAGES_OUTPUT/PROJECTILE/005_m_dodo_s_mon_dodo_PROJECTILE_F00.png"": ""d3cf218cd6e5bc2ee5cb23f214b6b2a78b5d9bb6c52c3a68d0de6fa02748319c"", ""AREA_17_IMAGES_OUTPUT/PROJECTILE/005_m_dodo_s_mon_dodo_PROJECTILE_F01.png"": ""8e6738f9444dcf78771731f2fe97fe968ce6596d7272a740e60ab5f6f9e1f9d9"", ""AREA_17_IMAGES_OUTPUT/PROJECTILE/005_m_dodo_s_mon_dodo_PROJECTILE_F02.png"": ""bc730d5f710de9e4e1e0293ffa0710e3302f8a5a2ab652a2573cf8fc536a06fa"", ""AREA_17_IMAGES_OUTPUT/PROJECTILE/005_m_dodo_s_mon_dodo_PROJECTILE_F03.png"": ""13cd3ee2e1fa94ddfc502a28ee919a2b087ff2c1be5ef3ef3e503e4020269269""}",D:\maplestory_levup\docs\art\images-input-packages-v2_4\AREA_17_IMAGES_INPUT_V2_4.zip,V2.4,AREA_17_IMAGES_INPUT_V2_4/monsters/005_m_dodo_도도/GENERATION_SPEC.md,빛바랜 기억 조각을 안쪽으로 빨아들이는 검은 포식구. ‘도도 / 기억 포식’ 전용 소재이며 몬스터 본체는 VFX에 직접 넣지 않음,0.08 / non-loop complete playback within 0.35s entity lifetime,art direction-neutral/local form only; engine translates caster+h to target+h and applies ZRotation; no PROJECTILE FlipX or travel-direction alignment,F00–F03 전체를 순서대로 직접 대조,"검정·금빛 기억 조각이 큰 소용돌이로 합쳐 폭발하고, 투사체는 기억핵의 국소 회전만 변화",D:\maplestory_levup\docs\art\area00-images-output\AREA_00_IMAGES_OUTPUT_ORIGINAL.zip,AREA_00_IMAGES_OUTPUT/monsters/004_m_mano_마노/VFX/004_m_mano_s_mon_mano_F06.png,AREA00 실제 승인 원화. 해당 보드의 기준 프레임 + ART_STYLE_STANDARD의 전체 기준. 고유 모양/저레벨 규모를 요구하지 않음,"구슬 염주의 곡면 반사, 유리 기도핵, 경사진 석판 금장, 도도의 종이와 어두운 소용돌이가 ICON/VFX에서 연결된다. 문양의 평면성과 재질의 입체성을 구별한다.",동일 몬스터의 실제 ICON 및 모든 VFX 역할 대조. 색·소재·반사광 관계에서 명백한 이탈 없음,"구슬 염주의 곡면 반사, 유리 기도핵, 경사진 석판 금장, 도도의 종이와 어두운 소용돌이가 ICON/VFX에서 연결된다. 문양의 평면성과 재질의 입체성을 구별한다.",AREA00 기준 + 전체 Area의 동일 역할 보드 대조; 다수결 기준 사용 안 함. 추가 소재 비교는 CROSS_AREA_MATERIAL_BOARD_INDEX.csv,팔레트·재질·형상·레벨/보스 규모·밀도·역할별 프레임/시간 차이 허용,해당 없음,빛바랜 기억 조각을 안쪽으로 빨아들이는 검은 포식구. ‘도도 / 기억 포식’ 전용 소재이며 몬스터 본체는 VFX에 직접 넣지 않음 | art direction-neutral/local form only; engine translates caster+h to target+h and applies ZRotation; no PROJECTILE FlipX or travel-direction alignment,원화 유지,NO,NO,D:\maplestory_levup\docs\art\output_audit\runs\20260912_162508_msw_origin_art_review\CROSS_AREA_STYLE_BOARD\area_17_m_dodo_PROJECTILE_NATIVE.png,,"PNG 원본을 동일 RGB(32,38,48) 배경에 1:1 합성. 확대는 동일 128px 영역 2배 NEAREST. 큰 보드의 도구 축소 표시 가능; 이탈 상세는 1600px 보드에서 추가 대조",전 프레임 순서상 형성/변화/해체/잔상 대조. 실시간 재생의 체감 리듬 및 엔진 합성은 미검증,NOT_CHECKED: 게임 내 최종 배율/카메라/필터/배경에서의 선명도 미검증. 명세 배율만으로 런타임 표시를 보았다고 하지 않음,NO_OBVIOUS_ISSUE,기존 파일검사 재사용,TARGET_OUTPUT
area_18,m_mateon,마티안,s_mon_mateon,마티안 광선탄,ICON,STYLE_OUTLIER,D:\maplestory_levup\docs\art\output_repacked\20260912_153221_v24_repack\AREA_18_IMAGES_OUTPUT.zip,AREA_18_IMAGES_OUTPUT/ICON/001_m_mateon_s_mon_mateon_ICON.png,"{""AREA_18_IMAGES_OUTPUT/ICON/001_m_mateon_s_mon_mateon_ICON.png"": ""0749e36dac21a6b2e15ce9bfbeb26ea7195d2b97cc30070a7f0fdb79b696ee3d""}",D:\maplestory_levup\docs\art\images-input-packages-v2_4\AREA_18_IMAGES_INPUT_V2_4.zip,V2.4,AREA_18_IMAGES_INPUT_V2_4/monsters/001_m_mateon_마티안/GENERATION_SPEC.md,외계 수정핵에서 발사되는 둥근 황록 광선탄. ‘마티안 / 마티안 광선탄’ 전용 소재이며 몬스터 본체는 VFX에 직접 넣지 않음,static / static,none,ICON 原寸 전체,"연두 외계 광선핵이 고리와 함께 압축·발광하고, 투사체는 중심 광택과 고리만 맥동",D:\maplestory_levup\docs\art\area00-images-output\AREA_00_IMAGES_OUTPUT_ORIGINAL.zip,AREA_00_IMAGES_OUTPUT/monsters/002_m_blue_snail_파란_달팽이/ICON/002_m_blue_snail_s_mon_blue_snail_ICON.png,AREA00 실제 승인 원화. 해당 보드의 기준 프레임 + ART_STYLE_STANDARD의 전체 기준. 고유 모양/저레벨 규모를 요구하지 않음,외곽·광륜·명암 경계가 반복되는 픽셀 계단과 덩어리 색면으로 구성된다. AREA00의 연속 곡선/얇은 광선/부분적인 부드러운 반투명 마감과 차이가 있다. 같은 Area 내부에는 이어지지만 액체·금속·빛 등 여러 소재에 공통인 제작 마감 차이다.,동일 몬스터의 실제 ICON 및 모든 VFX 역할 대조. 일부 역할의 차이는 아래 별도 후보로 한정,금속·수정·레이저·정신망·중력륜 모두에 픽셀 계단형 테두리와 발광선이 반복된다. 외계/회로 소재가 다르다는 사실만으로 AREA00와 다른 마감을 허용하지 않는다.,AREA00 기준 + 전체 Area의 동일 역할 보드 대조; 다수결 기준 사용 안 함. 추가 소재 비교는 CROSS_AREA_MATERIAL_BOARD_INDEX.csv,팔레트·재질·형상·레벨/보스 규모·밀도·역할별 프레임/시간 차이 허용,액체/금속/직물 등 소재 자체보다 픽셀 단위의 외곽·명암·광선 연결 방식이 다른 점을 판정,외계 수정핵에서 발사되는 둥근 황록 광선탄. ‘마티안 / 마티안 광선탄’ 전용 소재이며 몬스터 본체는 VFX에 직접 넣지 않음 | none,"소재·형상·팔레트·역할·프레임 수를 보존하고 외곽 및 명암 연결, 광선 끝, 입자 가장자리의 마감만 통일 후보",YES,NO,D:\maplestory_levup\docs\art\output_audit\runs\20260912_162508_msw_origin_art_review\CROSS_AREA_STYLE_BOARD\area_18_ICON_NATIVE.png,D:\maplestory_levup\docs\art\output_audit\runs\20260912_162508_msw_origin_art_review\STYLE_OUTLIERS\area_18_m_mateon_ICON_COMPARE.png,"PNG 원본을 동일 RGB(32,38,48) 배경에 1:1 합성. 확대는 동일 128px 영역 2배 NEAREST. 큰 보드의 도구 축소 표시 가능; 이탈 상세는 1600px 보드에서 추가 대조",전 프레임 순서상 형성/변화/해체/잔상 대조. 실시간 재생의 체감 리듬 및 엔진 합성은 미검증,NOT_CHECKED: 게임 내 최종 배율/카메라/필터/배경에서의 선명도 미검증. 명세 배율만으로 런타임 표시를 보았다고 하지 않음,NO_OBVIOUS_ISSUE,기존 파일검사 재사용,TARGET_OUTPUT
area_18,m_mateon,마티안,s_mon_mateon,마티안 광선탄,CAST_VFX,STYLE_OUTLIER,D:\maplestory_levup\docs\art\output_repacked\20260912_153221_v24_repack\AREA_18_IMAGES_OUTPUT.zip,AREA_18_IMAGES_OUTPUT/CAST/001_m_mateon_s_mon_mateon_CAST_F00.png|AREA_18_IMAGES_OUTPUT/CAST/001_m_mateon_s_mon_mateon_CAST_F01.png|AREA_18_IMAGES_OUTPUT/CAST/001_m_mateon_s_mon_mateon_CAST_F02.png|AREA_18_IMAGES_OUTPUT/CAST/001_m_mateon_s_mon_mateon_CAST_F03.png|AREA_18_IMAGES_OUTPUT/CAST/001_m_mateon_s_mon_mateon_CAST_F04.png|AREA_18_IMAGES_OUTPUT/CAST/001_m_mateon_s_mon_mateon_CAST_F05.png|AREA_18_IMAGES_OUTPUT/CAST/001_m_mateon_s_mon_mateon_CAST_F06.png|AREA_18_IMAGES_OUTPUT/CAST/001_m_mateon_s_mon_mateon_CAST_F07.png,"{""AREA_18_IMAGES_OUTPUT/CAST/001_m_mateon_s_mon_mateon_CAST_F00.png"": ""0e41061a2c33ed94fad1b0a5a61e48050dec09f5ceb0cfc46541e187474874ad"", ""AREA_18_IMAGES_OUTPUT/CAST/001_m_mateon_s_mon_mateon_CAST_F01.png"": ""104ff751305ee7db7d019ee6157ee07eeb4bb74d74f5fabb777a74af56d19e1e"", ""AREA_18_IMAGES_OUTPUT/CAST/001_m_mateon_s_mon_mateon_CAST_F02.png"": ""f9643847e1928f3f1d7c911b432d860b84d0a01344d4bbdc02469bf60e80475b"", ""AREA_18_IMAGES_OUTPUT/CAST/001_m_mateon_s_mon_mateon_CAST_F03.png"": ""60b52511ed86b631087dc1e2b3205978d1923de3971a88ef783431e3629bb537"", ""AREA_18_IMAGES_OUTPUT/CAST/001_m_mateon_s_mon_mateon_CAST_F04.png"": ""2e1349f9ca69927b364c2f7428b0a1d6deb5e55b8f64aa297786a8006f1f3a30"", ""AREA_18_IMAGES_OUTPUT/CAST/001_m_mateon_s_mon_mateon_CAST_F05.png"": ""1cbc16b468e009694af2e086c61734f59990a9343e2fc03cb8ef3d02249e77b1"", ""AREA_18_IMAGES_OUTPUT/CAST/001_m_mateon_s_mon_mateon_CAST_F06.png"": ""6cf1efc0f858d7a3962cc804b14d4b691b62fa7c1442cc5c4e0b0b00638f317f"", ""AREA_18_IMAGES_OUTPUT/CAST/001_m_mateon_s_mon_mateon_CAST_F07.png"": ""5a288ce2c7bd478cba6280aa42b959b10375053b9fae8f5b2dbff82514b3f3d1""}",D:\maplestory_levup\docs\art\images-input-packages-v2_4\AREA_18_IMAGES_INPUT_V2_4.zip,V2.4,AREA_18_IMAGES_INPUT_V2_4/monsters/001_m_mateon_마티안/GENERATION_SPEC.md,외계 수정핵에서 발사되는 둥근 황록 광선탄. ‘마티안 / 마티안 광선탄’ 전용 소재이며 몬스터 본체는 VFX에 직접 넣지 않음,0.10 / non-loop one-shot,SkillEffect applies FlipX for directional attacks; delayed layer samples caster position at SpawnLayer execution; map entity then applies drift,F00–F07 전체를 순서대로 직접 대조,"연두 외계 광선핵이 고리와 함께 압축·발광하고, 투사체는 중심 광택과 고리만 맥동",D:\maplestory_levup\docs\art\area00-images-output\AREA_00_IMAGES_OUTPUT_ORIGINAL.zip,AREA_00_IMAGES_OUTPUT/monsters/005_m_slime_슬라임/VFX/005_m_slime_s_mon_slime_F04.png,AREA00 실제 승인 원화. 해당 보드의 기준 프레임 + ART_STYLE_STANDARD의 전체 기준. 고유 모양/저레벨 규모를 요구하지 않음,외곽·광륜·명암 경계가 반복되는 픽셀 계단과 덩어리 색면으로 구성된다. AREA00의 연속 곡선/얇은 광선/부분적인 부드러운 반투명 마감과 차이가 있다. 같은 Area 내부에는 이어지지만 액체·금속·빛 등 여러 소재에 공통인 제작 마감 차이다.,동일 몬스터의 실제 ICON 및 모든 VFX 역할 대조. 일부 역할의 차이는 아래 별도 후보로 한정,금속·수정·레이저·정신망·중력륜 모두에 픽셀 계단형 테두리와 발광선이 반복된다. 외계/회로 소재가 다르다는 사실만으로 AREA00와 다른 마감을 허용하지 않는다.,AREA00 기준 + 전체 Area의 동일 역할 보드 대조; 다수결 기준 사용 안 함. 추가 소재 비교는 CROSS_AREA_MATERIAL_BOARD_INDEX.csv,팔레트·재질·형상·레벨/보스 규모·밀도·역할별 프레임/시간 차이 허용,액체/금속/직물 등 소재 자체보다 픽셀 단위의 외곽·명암·광선 연결 방식이 다른 점을 판정,외계 수정핵에서 발사되는 둥근 황록 광선탄. ‘마티안 / 마티안 광선탄’ 전용 소재이며 몬스터 본체는 VFX에 직접 넣지 않음 | SkillEffect applies FlipX for directional attacks; delayed layer samples caster position at SpawnLayer execution; map entity then applies drift,"소재·형상·팔레트·역할·프레임 수를 보존하고 외곽 및 명암 연결, 광선 끝, 입자 가장자리의 마감만 통일 후보",YES,NO,D:\maplestory_levup\docs\art\output_audit\runs\20260912_162508_msw_origin_art_review\CROSS_AREA_STYLE_BOARD\area_18_m_mateon_CAST_VFX_NATIVE.png,D:\maplestory_levup\docs\art\output_audit\runs\20260912_162508_msw_origin_art_review\STYLE_OUTLIERS\area_18_m_mateon_CAST_VFX_COMPARE.png,"PNG 원본을 동일 RGB(32,38,48) 배경에 1:1 합성. 확대는 동일 128px 영역 2배 NEAREST. 큰 보드의 도구 축소 표시 가능; 이탈 상세는 1600px 보드에서 추가 대조",전 프레임 순서상 형성/변화/해체/잔상 대조. 실시간 재생의 체감 리듬 및 엔진 합성은 미검증,NOT_CHECKED: 게임 내 최종 배율/카메라/필터/배경에서의 선명도 미검증. 명세 배율만으로 런타임 표시를 보았다고 하지 않음,NO_OBVIOUS_ISSUE,기존 파일검사 재사용,TARGET_OUTPUT
area_18,m_mateon,마티안,s_mon_mateon,마티안 광선탄,PROJECTILE,STYLE_OUTLIER,D:\maplestory_levup\docs\art\output_repacked\20260912_153221_v24_repack\AREA_18_IMAGES_OUTPUT.zip,AREA_18_IMAGES_OUTPUT/PROJECTILE/001_m_mateon_s_mon_mateon_PROJECTILE_F00.png|AREA_18_IMAGES_OUTPUT/PROJECTILE/001_m_mateon_s_mon_mateon_PROJECTILE_F01.png|AREA_18_IMAGES_OUTPUT/PROJECTILE/001_m_mateon_s_mon_mateon_PROJECTILE_F02.png|AREA_18_IMAGES_OUTPUT/PROJECTILE/001_m_mateon_s_mon_mateon_PROJECTILE_F03.png,"{""AREA_18_IMAGES_OUTPUT/PROJECTILE/001_m_mateon_s_mon_mateon_PROJECTILE_F00.png"": ""22c1ca6aa6d4eb551d9ef5b9d8cdd319e205de5365c42879242d1f7c1545873b"", ""AREA_18_IMAGES_OUTPUT/PROJECTILE/001_m_mateon_s_mon_mateon_PROJECTILE_F01.png"": ""2103014cf20b32abcda2249d9449c961fe117cf1f742bb0f559504f4bb8d3d77"", ""AREA_18_IMAGES_OUTPUT/PROJECTILE/001_m_mateon_s_mon_mateon_PROJECTILE_F02.png"": ""283da393b6b559982d7b1d5e5a3cb6fbe4d7ed4ff02e08a671c131438a7de3c8"", ""AREA_18_IMAGES_OUTPUT/PROJECTILE/001_m_mateon_s_mon_mateon_PROJECTILE_F03.png"": ""4bbae97398289ceec11a7c948c7ca086d7b977b134dd49c2ed667b09dc5db500""}",D:\maplestory_levup\docs\art\images-input-packages-v2_4\AREA_18_IMAGES_INPUT_V2_4.zip,V2.4,AREA_18_IMAGES_INPUT_V2_4/monsters/001_m_mateon_마티안/GENERATION_SPEC.md,외계 수정핵에서 발사되는 둥근 황록 광선탄. ‘마티안 / 마티안 광선탄’ 전용 소재이며 몬스터 본체는 VFX에 직접 넣지 않음,0.08 / non-loop complete playback within 0.35s entity lifetime,art direction-neutral/local form only; engine translates caster+h to target+h and applies ZRotation; no PROJECTILE FlipX or travel-direction alignment,F00–F03 전체를 순서대로 직접 대조,"연두 외계 광선핵이 고리와 함께 압축·발광하고, 투사체는 중심 광택과 고리만 맥동",D:\maplestory_levup\docs\art\area00-images-output\AREA_00_IMAGES_OUTPUT_ORIGINAL.zip,AREA_00_IMAGES_OUTPUT/monsters/005_m_slime_슬라임/VFX/005_m_slime_s_mon_slime_F04.png,AREA00 실제 승인 원화. 해당 보드의 기준 프레임 + ART_STYLE_STANDARD의 전체 기준. 고유 모양/저레벨 규모를 요구하지 않음,외곽·광륜·명암 경계가 반복되는 픽셀 계단과 덩어리 색면으로 구성된다. AREA00의 연속 곡선/얇은 광선/부분적인 부드러운 반투명 마감과 차이가 있다. 같은 Area 내부에는 이어지지만 액체·금속·빛 등 여러 소재에 공통인 제작 마감 차이다.,동일 몬스터의 실제 ICON 및 모든 VFX 역할 대조. 일부 역할의 차이는 아래 별도 후보로 한정,금속·수정·레이저·정신망·중력륜 모두에 픽셀 계단형 테두리와 발광선이 반복된다. 외계/회로 소재가 다르다는 사실만으로 AREA00와 다른 마감을 허용하지 않는다.,AREA00 기준 + 전체 Area의 동일 역할 보드 대조; 다수결 기준 사용 안 함. 추가 소재 비교는 CROSS_AREA_MATERIAL_BOARD_INDEX.csv,팔레트·재질·형상·레벨/보스 규모·밀도·역할별 프레임/시간 차이 허용,액체/금속/직물 등 소재 자체보다 픽셀 단위의 외곽·명암·광선 연결 방식이 다른 점을 판정,외계 수정핵에서 발사되는 둥근 황록 광선탄. ‘마티안 / 마티안 광선탄’ 전용 소재이며 몬스터 본체는 VFX에 직접 넣지 않음 | art direction-neutral/local form only; engine translates caster+h to target+h and applies ZRotation; no PROJECTILE FlipX or travel-direction alignment,"소재·형상·팔레트·역할·프레임 수를 보존하고 외곽 및 명암 연결, 광선 끝, 입자 가장자리의 마감만 통일 후보",YES,NO,D:\maplestory_levup\docs\art\output_audit\runs\20260912_162508_msw_origin_art_review\CROSS_AREA_STYLE_BOARD\area_18_m_mateon_PROJECTILE_NATIVE.png,D:\maplestory_levup\docs\art\output_audit\runs\20260912_162508_msw_origin_art_review\STYLE_OUTLIERS\area_18_m_mateon_PROJECTILE_COMPARE.png,"PNG 원본을 동일 RGB(32,38,48) 배경에 1:1 합성. 확대는 동일 128px 영역 2배 NEAREST. 큰 보드의 도구 축소 표시 가능; 이탈 상세는 1600px 보드에서 추가 대조",전 프레임 순서상 형성/변화/해체/잔상 대조. 실시간 재생의 체감 리듬 및 엔진 합성은 미검증,NOT_CHECKED: 게임 내 최종 배율/카메라/필터/배경에서의 선명도 미검증. 명세 배율만으로 런타임 표시를 보았다고 하지 않음,NO_OBVIOUS_ISSUE,기존 파일검사 재사용,TARGET_OUTPUT
area_18,m_plateon,플라티안,s_mon_plateon,외계 장갑 조종,ICON,STYLE_OUTLIER,D:\maplestory_levup\docs\art\output_repacked\20260912_153221_v24_repack\AREA_18_IMAGES_OUTPUT.zip,AREA_18_IMAGES_OUTPUT/ICON/002_m_plateon_s_mon_plateon_ICON.png,"{""AREA_18_IMAGES_OUTPUT/ICON/002_m_plateon_s_mon_plateon_ICON.png"": ""d3c3384e1a096451b41c30f027b237fdc752fe9ccf61a63a1e19114001746452""}",D:\maplestory_levup\docs\art\images-input-packages-v2_4\AREA_18_IMAGES_INPUT_V2_4.zip,V2.4,AREA_18_IMAGES_INPUT_V2_4/monsters/002_m_plateon_플라티안/GENERATION_SPEC.md,겹친 외계 장갑판과 조종 회로가 켜지는 방호 구조. ‘플라티안 / 외계 장갑 조종’ 전용 소재이며 몬스터 본체는 VFX에 직접 넣지 않음,static / static,none,ICON 原寸 전체,회색 외계 장갑판이 연두 코어 주위에 구형으로 닫히고 짧게 회전·안정,D:\maplestory_levup\docs\art\area00-images-output\AREA_00_IMAGES_OUTPUT_ORIGINAL.zip,AREA_00_IMAGES_OUTPUT/monsters/002_m_blue_snail_파란_달팽이/ICON/002_m_blue_snail_s_mon_blue_snail_ICON.png,AREA00 실제 승인 원화. 해당 보드의 기준 프레임 + ART_STYLE_STANDARD의 전체 기준. 고유 모양/저레벨 규모를 요구하지 않음,외곽·광륜·명암 경계가 반복되는 픽셀 계단과 덩어리 색면으로 구성된다. AREA00의 연속 곡선/얇은 광선/부분적인 부드러운 반투명 마감과 차이가 있다. 같은 Area 내부에는 이어지지만 액체·금속·빛 등 여러 소재에 공통인 제작 마감 차이다.,동일 몬스터의 실제 ICON 및 모든 VFX 역할 대조. 일부 역할의 차이는 아래 별도 후보로 한정,금속·수정·레이저·정신망·중력륜 모두에 픽셀 계단형 테두리와 발광선이 반복된다. 외계/회로 소재가 다르다는 사실만으로 AREA00와 다른 마감을 허용하지 않는다.,AREA00 기준 + 전체 Area의 동일 역할 보드 대조; 다수결 기준 사용 안 함. 추가 소재 비교는 CROSS_AREA_MATERIAL_BOARD_INDEX.csv,팔레트·재질·형상·레벨/보스 규모·밀도·역할별 프레임/시간 차이 허용,액체/금속/직물 등 소재 자체보다 픽셀 단위의 외곽·명암·광선 연결 방식이 다른 점을 판정,겹친 외계 장갑판과 조종 회로가 켜지는 방호 구조. ‘플라티안 / 외계 장갑 조종’ 전용 소재이며 몬스터 본체는 VFX에 직접 넣지 않음 | none,"소재·형상·팔레트·역할·프레임 수를 보존하고 외곽 및 명암 연결, 광선 끝, 입자 가장자리의 마감만 통일 후보",YES,NO,D:\maplestory_levup\docs\art\output_audit\runs\20260912_162508_msw_origin_art_review\CROSS_AREA_STYLE_BOARD\area_18_ICON_NATIVE.png,D:\maplestory_levup\docs\art\output_audit\runs\20260912_162508_msw_origin_art_review\STYLE_OUTLIERS\area_18_m_plateon_ICON_COMPARE.png,"PNG 원본을 동일 RGB(32,38,48) 배경에 1:1 합성. 확대는 동일 128px 영역 2배 NEAREST. 큰 보드의 도구 축소 표시 가능; 이탈 상세는 1600px 보드에서 추가 대조",전 프레임 순서상 형성/변화/해체/잔상 대조. 실시간 재생의 체감 리듬 및 엔진 합성은 미검증,NOT_CHECKED: 게임 내 최종 배율/카메라/필터/배경에서의 선명도 미검증. 명세 배율만으로 런타임 표시를 보았다고 하지 않음,NO_OBVIOUS_ISSUE,기존 파일검사 재사용,TARGET_OUTPUT
area_18,m_plateon,플라티안,s_mon_plateon,외계 장갑 조종,REFERENCE_VFX,STYLE_OUTLIER,D:\maplestory_levup\docs\art\output_repacked\20260912_153221_v24_repack\AREA_18_IMAGES_OUTPUT.zip,AREA_18_IMAGES_OUTPUT/REFERENCE/002_m_plateon_s_mon_plateon_REFERENCE_F00.png|AREA_18_IMAGES_OUTPUT/REFERENCE/002_m_plateon_s_mon_plateon_REFERENCE_F01.png|AREA_18_IMAGES_OUTPUT/REFERENCE/002_m_plateon_s_mon_plateon_REFERENCE_F02.png|AREA_18_IMAGES_OUTPUT/REFERENCE/002_m_plateon_s_mon_plateon_REFERENCE_F03.png|AREA_18_IMAGES_OUTPUT/REFERENCE/002_m_plateon_s_mon_plateon_REFERENCE_F04.png|AREA_18_IMAGES_OUTPUT/REFERENCE/002_m_plateon_s_mon_plateon_REFERENCE_F05.png,"{""AREA_18_IMAGES_OUTPUT/REFERENCE/002_m_plateon_s_mon_plateon_REFERENCE_F00.png"": ""68efd27cae758d931e5862beea4341bc7f39531ff44223af6def435e6a434271"", ""AREA_18_IMAGES_OUTPUT/REFERENCE/002_m_plateon_s_mon_plateon_REFERENCE_F01.png"": ""ddbd8c8a195f9e32ade0bfe69fb611667c949883e57b119ab32fd3234b30e096"", ""AREA_18_IMAGES_OUTPUT/REFERENCE/002_m_plateon_s_mon_plateon_REFERENCE_F02.png"": ""7925148ed5e0709b8ba65f43658f13d6fbb10e727237e144c60b5d3c83368bc1"", ""AREA_18_IMAGES_OUTPUT/REFERENCE/002_m_plateon_s_mon_plateon_REFERENCE_F03.png"": ""e2f7404cdd4f05b481efdecde6bfac73ea2e677c92e81cfc410e27c1d08583c6"", ""AREA_18_IMAGES_OUTPUT/REFERENCE/002_m_plateon_s_mon_plateon_REFERENCE_F04.png"": ""abf01285d14fea03f51ed57a686eb1e70eec0f595a55ee2f8c33a172fd053a27"", ""AREA_18_IMAGES_OUTPUT/REFERENCE/002_m_plateon_s_mon_plateon_REFERENCE_F05.png"": ""6e3cc91cd0037c0f93d21ef08525423c957c9b9a130c29580a6b5d293b25ca10""}",D:\maplestory_levup\docs\art\images-input-packages-v2_4\AREA_18_IMAGES_INPUT_V2_4.zip,V2.4,AREA_18_IMAGES_INPUT_V2_4/monsters/002_m_plateon_플라티안/GENERATION_SPEC.md,겹친 외계 장갑판과 조종 회로가 켜지는 방호 구조. ‘플라티안 / 외계 장갑 조종’ 전용 소재이며 몬스터 본체는 VFX에 직접 넣지 않음,0.10 / preview-only non-loop,preview only; no engine motion/FlipX contract,F00–F05 전체를 순서대로 직접 대조,회색 외계 장갑판이 연두 코어 주위에 구형으로 닫히고 짧게 회전·안정,D:\maplestory_levup\docs\art\area00-images-output\AREA_00_IMAGES_OUTPUT_ORIGINAL.zip,AREA_00_IMAGES_OUTPUT/monsters/002_m_blue_snail_파란_달팽이/VFX/002_m_blue_snail_s_mon_blue_snail_F04.png,AREA00 실제 승인 원화. 해당 보드의 기준 프레임 + ART_STYLE_STANDARD의 전체 기준. 고유 모양/저레벨 규모를 요구하지 않음,외곽·광륜·명암 경계가 반복되는 픽셀 계단과 덩어리 색면으로 구성된다. AREA00의 연속 곡선/얇은 광선/부분적인 부드러운 반투명 마감과 차이가 있다. 같은 Area 내부에는 이어지지만 액체·금속·빛 등 여러 소재에 공통인 제작 마감 차이다.,동일 몬스터의 실제 ICON 및 모든 VFX 역할 대조. 일부 역할의 차이는 아래 별도 후보로 한정,금속·수정·레이저·정신망·중력륜 모두에 픽셀 계단형 테두리와 발광선이 반복된다. 외계/회로 소재가 다르다는 사실만으로 AREA00와 다른 마감을 허용하지 않는다.,AREA00 기준 + 전체 Area의 동일 역할 보드 대조; 다수결 기준 사용 안 함. 추가 소재 비교는 CROSS_AREA_MATERIAL_BOARD_INDEX.csv,팔레트·재질·형상·레벨/보스 규모·밀도·역할별 프레임/시간 차이 허용,액체/금속/직물 등 소재 자체보다 픽셀 단위의 외곽·명암·광선 연결 방식이 다른 점을 판정,겹친 외계 장갑판과 조종 회로가 켜지는 방호 구조. ‘플라티안 / 외계 장갑 조종’ 전용 소재이며 몬스터 본체는 VFX에 직접 넣지 않음 | preview only; no engine motion/FlipX contract,"소재·형상·팔레트·역할·프레임 수를 보존하고 외곽 및 명암 연결, 광선 끝, 입자 가장자리의 마감만 통일 후보",YES,NO,D:\maplestory_levup\docs\art\output_audit\runs\20260912_162508_msw_origin_art_review\CROSS_AREA_STYLE_BOARD\area_18_m_plateon_REFERENCE_VFX_NATIVE.png,D:\maplestory_levup\docs\art\output_audit\runs\20260912_162508_msw_origin_art_review\STYLE_OUTLIERS\area_18_m_plateon_REFERENCE_VFX_COMPARE.png,"PNG 원본을 동일 RGB(32,38,48) 배경에 1:1 합성. 확대는 동일 128px 영역 2배 NEAREST. 큰 보드의 도구 축소 표시 가능; 이탈 상세는 1600px 보드에서 추가 대조",전 프레임 순서상 형성/변화/해체/잔상 대조. 실시간 재생의 체감 리듬 및 엔진 합성은 미검증,NOT_CHECKED: 게임 내 최종 배율/카메라/필터/배경에서의 선명도 미검증. 명세 배율만으로 런타임 표시를 보았다고 하지 않음,NO_OBVIOUS_ISSUE,기존 파일검사 재사용,TARGET_OUTPUT
area_18,m_mecateon,메카티안,s_mon_mecateon,기계화 레이저,ICON,STYLE_OUTLIER,D:\maplestory_levup\docs\art\output_repacked\20260912_153221_v24_repack\AREA_18_IMAGES_OUTPUT.zip,AREA_18_IMAGES_OUTPUT/ICON/003_m_mecateon_s_mon_mecateon_ICON.png,"{""AREA_18_IMAGES_OUTPUT/ICON/003_m_mecateon_s_mon_mecateon_ICON.png"": ""707a95f0186ed719b37bd9935d2fa8617d1fd97e8d18e899931358d3f09528a3""}",D:\maplestory_levup\docs\art\images-input-packages-v2_4\AREA_18_IMAGES_INPUT_V2_4.zip,V2.4,AREA_18_IMAGES_INPUT_V2_4/monsters/003_m_mecateon_메카티안/GENERATION_SPEC.md,기계 렌즈가 수평으로 조준해 뻗는 분홍 레이저. ‘메카티안 / 기계화 레이저’ 전용 소재이며 몬스터 본체는 VFX에 직접 넣지 않음,static / static,none,ICON 原寸 전체,분홍 기계 렌즈가 가로 레이저를 충전·발사하고 작은 금속 조각으로 해체,D:\maplestory_levup\docs\art\area00-images-output\AREA_00_IMAGES_OUTPUT_ORIGINAL.zip,AREA_00_IMAGES_OUTPUT/monsters/002_m_blue_snail_파란_달팽이/ICON/002_m_blue_snail_s_mon_blue_snail_ICON.png,AREA00 실제 승인 원화. 해당 보드의 기준 프레임 + ART_STYLE_STANDARD의 전체 기준. 고유 모양/저레벨 규모를 요구하지 않음,외곽·광륜·명암 경계가 반복되는 픽셀 계단과 덩어리 색면으로 구성된다. AREA00의 연속 곡선/얇은 광선/부분적인 부드러운 반투명 마감과 차이가 있다. 같은 Area 내부에는 이어지지만 액체·금속·빛 등 여러 소재에 공통인 제작 마감 차이다.,동일 몬스터의 실제 ICON 및 모든 VFX 역할 대조. 일부 역할의 차이는 아래 별도 후보로 한정,금속·수정·레이저·정신망·중력륜 모두에 픽셀 계단형 테두리와 발광선이 반복된다. 외계/회로 소재가 다르다는 사실만으로 AREA00와 다른 마감을 허용하지 않는다.,AREA00 기준 + 전체 Area의 동일 역할 보드 대조; 다수결 기준 사용 안 함. 추가 소재 비교는 CROSS_AREA_MATERIAL_BOARD_INDEX.csv,팔레트·재질·형상·레벨/보스 규모·밀도·역할별 프레임/시간 차이 허용,액체/금속/직물 등 소재 자체보다 픽셀 단위의 외곽·명암·광선 연결 방식이 다른 점을 판정,기계 렌즈가 수평으로 조준해 뻗는 분홍 레이저. ‘메카티안 / 기계화 레이저’ 전용 소재이며 몬스터 본체는 VFX에 직접 넣지 않음 | none,"소재·형상·팔레트·역할·프레임 수를 보존하고 외곽 및 명암 연결, 광선 끝, 입자 가장자리의 마감만 통일 후보",YES,NO,D:\maplestory_levup\docs\art\output_audit\runs\20260912_162508_msw_origin_art_review\CROSS_AREA_STYLE_BOARD\area_18_ICON_NATIVE.png,D:\maplestory_levup\docs\art\output_audit\runs\20260912_162508_msw_origin_art_review\STYLE_OUTLIERS\area_18_m_mecateon_ICON_COMPARE.png,"PNG 원본을 동일 RGB(32,38,48) 배경에 1:1 합성. 확대는 동일 128px 영역 2배 NEAREST. 큰 보드의 도구 축소 표시 가능; 이탈 상세는 1600px 보드에서 추가 대조",전 프레임 순서상 형성/변화/해체/잔상 대조. 실시간 재생의 체감 리듬 및 엔진 합성은 미검증,NOT_CHECKED: 게임 내 최종 배율/카메라/필터/배경에서의 선명도 미검증. 명세 배율만으로 런타임 표시를 보았다고 하지 않음,NO_OBVIOUS_ISSUE,기존 파일검사 재사용,TARGET_OUTPUT
area_18,m_mecateon,메카티안,s_mon_mecateon,기계화 레이저,CAST_VFX,STYLE_OUTLIER,D:\maplestory_levup\docs\art\output_repacked\20260912_153221_v24_repack\AREA_18_IMAGES_OUTPUT.zip,AREA_18_IMAGES_OUTPUT/CAST/003_m_mecateon_s_mon_mecateon_CAST_F00.png|AREA_18_IMAGES_OUTPUT/CAST/003_m_mecateon_s_mon_mecateon_CAST_F01.png|AREA_18_IMAGES_OUTPUT/CAST/003_m_mecateon_s_mon_mecateon_CAST_F02.png|AREA_18_IMAGES_OUTPUT/CAST/003_m_mecateon_s_mon_mecateon_CAST_F03.png|AREA_18_IMAGES_OUTPUT/CAST/003_m_mecateon_s_mon_mecateon_CAST_F04.png|AREA_18_IMAGES_OUTPUT/CAST/003_m_mecateon_s_mon_mecateon_CAST_F05.png|AREA_18_IMAGES_OUTPUT/CAST/003_m_mecateon_s_mon_mecateon_CAST_F06.png|AREA_18_IMAGES_OUTPUT/CAST/003_m_mecateon_s_mon_mecateon_CAST_F07.png,"{""AREA_18_IMAGES_OUTPUT/CAST/003_m_mecateon_s_mon_mecateon_CAST_F00.png"": ""8de0a7ec458dc6d474b8a89b2db963eb9a5643a1453b64477e5c48567504c766"", ""AREA_18_IMAGES_OUTPUT/CAST/003_m_mecateon_s_mon_mecateon_CAST_F01.png"": ""04b4ed93c8bcb35d59943e7c05188def709c8356b2aab6099c1e5e7375d4855a"", ""AREA_18_IMAGES_OUTPUT/CAST/003_m_mecateon_s_mon_mecateon_CAST_F02.png"": ""a4848e1c472a0e123289034b17608f2391b12d9779ccf65d7149cf182b290a00"", ""AREA_18_IMAGES_OUTPUT/CAST/003_m_mecateon_s_mon_mecateon_CAST_F03.png"": ""68966f8a1f999b8858ce51e0d96fe61578fb76a1eece41191475740266e0bf35"", ""AREA_18_IMAGES_OUTPUT/CAST/003_m_mecateon_s_mon_mecateon_CAST_F04.png"": ""aefa7ce6b42ff417df6664de1b3f6ddfaf2d631e7d92dda5a581477c726c4541"", ""AREA_18_IMAGES_OUTPUT/CAST/003_m_mecateon_s_mon_mecateon_CAST_F05.png"": ""4bc0f269f0f6608e4915ea607127e5c6ceabf8d7ab273aaa0c2cbed7db5e6555"", ""AREA_18_IMAGES_OUTPUT/CAST/003_m_mecateon_s_mon_mecateon_CAST_F06.png"": ""5333222aa5bdbfc4784b44c0a0ce61bde841dbd81605764af1a5bf671e2b501d"", ""AREA_18_IMAGES_OUTPUT/CAST/003_m_mecateon_s_mon_mecateon_CAST_F07.png"": ""c56c8a261c1ef68f173eedbcc0bbc6125debefec4e259e04370ef770d8dec154""}",D:\maplestory_levup\docs\art\images-input-packages-v2_4\AREA_18_IMAGES_INPUT_V2_4.zip,V2.4,AREA_18_IMAGES_INPUT_V2_4/monsters/003_m_mecateon_메카티안/GENERATION_SPEC.md,기계 렌즈가 수평으로 조준해 뻗는 분홍 레이저. ‘메카티안 / 기계화 레이저’ 전용 소재이며 몬스터 본체는 VFX에 직접 넣지 않음,0.10 / non-loop one-shot,SkillEffect applies FlipX for directional attacks; delayed layer samples caster position at SpawnLayer execution; map entity then applies drift,F00–F07 전체를 순서대로 직접 대조,분홍 기계 렌즈가 가로 레이저를 충전·발사하고 작은 금속 조각으로 해체,D:\maplestory_levup\docs\art\area00-images-output\AREA_00_IMAGES_OUTPUT_ORIGINAL.zip,AREA_00_IMAGES_OUTPUT/monsters/005_m_slime_슬라임/VFX/005_m_slime_s_mon_slime_F04.png,AREA00 실제 승인 원화. 해당 보드의 기준 프레임 + ART_STYLE_STANDARD의 전체 기준. 고유 모양/저레벨 규모를 요구하지 않음,외곽·광륜·명암 경계가 반복되는 픽셀 계단과 덩어리 색면으로 구성된다. AREA00의 연속 곡선/얇은 광선/부분적인 부드러운 반투명 마감과 차이가 있다. 같은 Area 내부에는 이어지지만 액체·금속·빛 등 여러 소재에 공통인 제작 마감 차이다.,동일 몬스터의 실제 ICON 및 모든 VFX 역할 대조. 일부 역할의 차이는 아래 별도 후보로 한정,금속·수정·레이저·정신망·중력륜 모두에 픽셀 계단형 테두리와 발광선이 반복된다. 외계/회로 소재가 다르다는 사실만으로 AREA00와 다른 마감을 허용하지 않는다.,AREA00 기준 + 전체 Area의 동일 역할 보드 대조; 다수결 기준 사용 안 함. 추가 소재 비교는 CROSS_AREA_MATERIAL_BOARD_INDEX.csv,팔레트·재질·형상·레벨/보스 규모·밀도·역할별 프레임/시간 차이 허용,액체/금속/직물 등 소재 자체보다 픽셀 단위의 외곽·명암·광선 연결 방식이 다른 점을 판정,기계 렌즈가 수평으로 조준해 뻗는 분홍 레이저. ‘메카티안 / 기계화 레이저’ 전용 소재이며 몬스터 본체는 VFX에 직접 넣지 않음 | SkillEffect applies FlipX for directional attacks; delayed layer samples caster position at SpawnLayer execution; map entity then applies drift,"소재·형상·팔레트·역할·프레임 수를 보존하고 외곽 및 명암 연결, 광선 끝, 입자 가장자리의 마감만 통일 후보",YES,NO,D:\maplestory_levup\docs\art\output_audit\runs\20260912_162508_msw_origin_art_review\CROSS_AREA_STYLE_BOARD\area_18_m_mecateon_CAST_VFX_NATIVE.png,D:\maplestory_levup\docs\art\output_audit\runs\20260912_162508_msw_origin_art_review\STYLE_OUTLIERS\area_18_m_mecateon_CAST_VFX_COMPARE.png,"PNG 원본을 동일 RGB(32,38,48) 배경에 1:1 합성. 확대는 동일 128px 영역 2배 NEAREST. 큰 보드의 도구 축소 표시 가능; 이탈 상세는 1600px 보드에서 추가 대조",전 프레임 순서상 형성/변화/해체/잔상 대조. 실시간 재생의 체감 리듬 및 엔진 합성은 미검증,NOT_CHECKED: 게임 내 최종 배율/카메라/필터/배경에서의 선명도 미검증. 명세 배율만으로 런타임 표시를 보았다고 하지 않음,NO_OBVIOUS_ISSUE,기존 파일검사 재사용,TARGET_OUTPUT
area_18,m_chief_gray,원로 그레이,s_mon_chief_gray,원로의 정신연산,ICON,STYLE_OUTLIER,D:\maplestory_levup\docs\art\output_repacked\20260912_153221_v24_repack\AREA_18_IMAGES_OUTPUT.zip,AREA_18_IMAGES_OUTPUT/ICON/004_m_chief_gray_s_mon_chief_gray_ICON.png,"{""AREA_18_IMAGES_OUTPUT/ICON/004_m_chief_gray_s_mon_chief_gray_ICON.png"": ""2ec0ba1007df027443b3341c732abd647b832a558f14e0f69de6251ffcceea36""}",D:\maplestory_levup\docs\art\images-input-packages-v2_4\AREA_18_IMAGES_INPUT_V2_4.zip,V2.4,AREA_18_IMAGES_INPUT_V2_4/monsters/004_m_chief_gray_원로_그레이/GENERATION_SPEC.md,큰 뇌파 구체와 작은 연산 노드가 규칙적으로 연결되는 정신망. ‘원로 그레이 / 원로의 정신연산’ 전용 소재이며 몬스터 본체는 VFX에 직접 넣지 않음,static / static,none,ICON 原寸 전체,보라 정신노드와 작은 위성점이 규칙적 원형망으로 커졌다 중심 구체로 복귀,D:\maplestory_levup\docs\art\area00-images-output\AREA_00_IMAGES_OUTPUT_ORIGINAL.zip,AREA_00_IMAGES_OUTPUT/monsters/002_m_blue_snail_파란_달팽이/ICON/002_m_blue_snail_s_mon_blue_snail_ICON.png,AREA00 실제 승인 원화. 해당 보드의 기준 프레임 + ART_STYLE_STANDARD의 전체 기준. 고유 모양/저레벨 규모를 요구하지 않음,외곽·광륜·명암 경계가 반복되는 픽셀 계단과 덩어리 색면으로 구성된다. AREA00의 연속 곡선/얇은 광선/부분적인 부드러운 반투명 마감과 차이가 있다. 같은 Area 내부에는 이어지지만 액체·금속·빛 등 여러 소재에 공통인 제작 마감 차이다.,동일 몬스터의 실제 ICON 및 모든 VFX 역할 대조. 일부 역할의 차이는 아래 별도 후보로 한정,금속·수정·레이저·정신망·중력륜 모두에 픽셀 계단형 테두리와 발광선이 반복된다. 외계/회로 소재가 다르다는 사실만으로 AREA00와 다른 마감을 허용하지 않는다.,AREA00 기준 + 전체 Area의 동일 역할 보드 대조; 다수결 기준 사용 안 함. 추가 소재 비교는 CROSS_AREA_MATERIAL_BOARD_INDEX.csv,팔레트·재질·형상·레벨/보스 규모·밀도·역할별 프레임/시간 차이 허용,액체/금속/직물 등 소재 자체보다 픽셀 단위의 외곽·명암·광선 연결 방식이 다른 점을 판정,큰 뇌파 구체와 작은 연산 노드가 규칙적으로 연결되는 정신망. ‘원로 그레이 / 원로의 정신연산’ 전용 소재이며 몬스터 본체는 VFX에 직접 넣지 않음 | none,"소재·형상·팔레트·역할·프레임 수를 보존하고 외곽 및 명암 연결, 광선 끝, 입자 가장자리의 마감만 통일 후보",YES,NO,D:\maplestory_levup\docs\art\output_audit\runs\20260912_162508_msw_origin_art_review\CROSS_AREA_STYLE_BOARD\area_18_ICON_NATIVE.png,D:\maplestory_levup\docs\art\output_audit\runs\20260912_162508_msw_origin_art_review\STYLE_OUTLIERS\area_18_m_chief_gray_ICON_COMPARE.png,"PNG 원본을 동일 RGB(32,38,48) 배경에 1:1 합성. 확대는 동일 128px 영역 2배 NEAREST. 큰 보드의 도구 축소 표시 가능; 이탈 상세는 1600px 보드에서 추가 대조",전 프레임 순서상 형성/변화/해체/잔상 대조. 실시간 재생의 체감 리듬 및 엔진 합성은 미검증,NOT_CHECKED: 게임 내 최종 배율/카메라/필터/배경에서의 선명도 미검증. 명세 배율만으로 런타임 표시를 보았다고 하지 않음,NO_OBVIOUS_ISSUE,기존 파일검사 재사용,TARGET_OUTPUT
area_18,m_chief_gray,원로 그레이,s_mon_chief_gray,원로의 정신연산,REFERENCE_VFX,STYLE_OUTLIER,D:\maplestory_levup\docs\art\output_repacked\20260912_153221_v24_repack\AREA_18_IMAGES_OUTPUT.zip,AREA_18_IMAGES_OUTPUT/REFERENCE/004_m_chief_gray_s_mon_chief_gray_REFERENCE_F00.png|AREA_18_IMAGES_OUTPUT/REFERENCE/004_m_chief_gray_s_mon_chief_gray_REFERENCE_F01.png|AREA_18_IMAGES_OUTPUT/REFERENCE/004_m_chief_gray_s_mon_chief_gray_REFERENCE_F02.png|AREA_18_IMAGES_OUTPUT/REFERENCE/004_m_chief_gray_s_mon_chief_gray_REFERENCE_F03.png|AREA_18_IMAGES_OUTPUT/REFERENCE/004_m_chief_gray_s_mon_chief_gray_REFERENCE_F04.png|AREA_18_IMAGES_OUTPUT/REFERENCE/004_m_chief_gray_s_mon_chief_gray_REFERENCE_F05.png,"{""AREA_18_IMAGES_OUTPUT/REFERENCE/004_m_chief_gray_s_mon_chief_gray_REFERENCE_F00.png"": ""e0b21f7d73739de7e0b08c5e480210ac4434eb8fc9eca164716c7dcb726742a0"", ""AREA_18_IMAGES_OUTPUT/REFERENCE/004_m_chief_gray_s_mon_chief_gray_REFERENCE_F01.png"": ""4a48d4a86198c1ccf77dc7b24c09fddf0b6433bbcbc37f97249d46f3e04020ca"", ""AREA_18_IMAGES_OUTPUT/REFERENCE/004_m_chief_gray_s_mon_chief_gray_REFERENCE_F02.png"": ""690636ce1c77bb023b915ba88c63eeda70bf5275e35a038be2effdac05fbf941"", ""AREA_18_IMAGES_OUTPUT/REFERENCE/004_m_chief_gray_s_mon_chief_gray_REFERENCE_F03.png"": ""768dbd302bcab7855e7ff507ccbe4419b1fe99718333f1e83ce726136dee1115"", ""AREA_18_IMAGES_OUTPUT/REFERENCE/004_m_chief_gray_s_mon_chief_gray_REFERENCE_F04.png"": ""42c5e94d3a28b99c56764cf3026013f039b68576d9346d2a3367ba8c40b5defe"", ""AREA_18_IMAGES_OUTPUT/REFERENCE/004_m_chief_gray_s_mon_chief_gray_REFERENCE_F05.png"": ""7d5a458285f30921205f1b78657971d953deadb0e67c09152384d68de36e945d""}",D:\maplestory_levup\docs\art\images-input-packages-v2_4\AREA_18_IMAGES_INPUT_V2_4.zip,V2.4,AREA_18_IMAGES_INPUT_V2_4/monsters/004_m_chief_gray_원로_그레이/GENERATION_SPEC.md,큰 뇌파 구체와 작은 연산 노드가 규칙적으로 연결되는 정신망. ‘원로 그레이 / 원로의 정신연산’ 전용 소재이며 몬스터 본체는 VFX에 직접 넣지 않음,0.10 / preview-only non-loop,preview only; no engine motion/FlipX contract,F00–F05 전체를 순서대로 직접 대조,보라 정신노드와 작은 위성점이 규칙적 원형망으로 커졌다 중심 구체로 복귀,D:\maplestory_levup\docs\art\area00-images-output\AREA_00_IMAGES_OUTPUT_ORIGINAL.zip,AREA_00_IMAGES_OUTPUT/monsters/002_m_blue_snail_파란_달팽이/VFX/002_m_blue_snail_s_mon_blue_snail_F04.png,AREA00 실제 승인 원화. 해당 보드의 기준 프레임 + ART_STYLE_STANDARD의 전체 기준. 고유 모양/저레벨 규모를 요구하지 않음,외곽·광륜·명암 경계가 반복되는 픽셀 계단과 덩어리 색면으로 구성된다. AREA00의 연속 곡선/얇은 광선/부분적인 부드러운 반투명 마감과 차이가 있다. 같은 Area 내부에는 이어지지만 액체·금속·빛 등 여러 소재에 공통인 제작 마감 차이다.,동일 몬스터의 실제 ICON 및 모든 VFX 역할 대조. 일부 역할의 차이는 아래 별도 후보로 한정,금속·수정·레이저·정신망·중력륜 모두에 픽셀 계단형 테두리와 발광선이 반복된다. 외계/회로 소재가 다르다는 사실만으로 AREA00와 다른 마감을 허용하지 않는다.,AREA00 기준 + 전체 Area의 동일 역할 보드 대조; 다수결 기준 사용 안 함. 추가 소재 비교는 CROSS_AREA_MATERIAL_BOARD_INDEX.csv,팔레트·재질·형상·레벨/보스 규모·밀도·역할별 프레임/시간 차이 허용,액체/금속/직물 등 소재 자체보다 픽셀 단위의 외곽·명암·광선 연결 방식이 다른 점을 판정,큰 뇌파 구체와 작은 연산 노드가 규칙적으로 연결되는 정신망. ‘원로 그레이 / 원로의 정신연산’ 전용 소재이며 몬스터 본체는 VFX에 직접 넣지 않음 | preview only; no engine motion/FlipX contract,"소재·형상·팔레트·역할·프레임 수를 보존하고 외곽 및 명암 연결, 광선 끝, 입자 가장자리의 마감만 통일 후보",YES,NO,D:\maplestory_levup\docs\art\output_audit\runs\20260912_162508_msw_origin_art_review\CROSS_AREA_STYLE_BOARD\area_18_m_chief_gray_REFERENCE_VFX_NATIVE.png,D:\maplestory_levup\docs\art\output_audit\runs\20260912_162508_msw_origin_art_review\STYLE_OUTLIERS\area_18_m_chief_gray_REFERENCE_VFX_COMPARE.png,"PNG 원본을 동일 RGB(32,38,48) 배경에 1:1 합성. 확대는 동일 128px 영역 2배 NEAREST. 큰 보드의 도구 축소 표시 가능; 이탈 상세는 1600px 보드에서 추가 대조",전 프레임 순서상 형성/변화/해체/잔상 대조. 실시간 재생의 체감 리듬 및 엔진 합성은 미검증,NOT_CHECKED: 게임 내 최종 배율/카메라/필터/배경에서의 선명도 미검증. 명세 배율만으로 런타임 표시를 보았다고 하지 않음,NO_OBVIOUS_ISSUE,기존 파일검사 재사용,TARGET_OUTPUT
area_18,m_zeno,제노,s_mon_zeno,제노의 중력장,ICON,STYLE_OUTLIER,D:\maplestory_levup\docs\art\output_repacked\20260912_153221_v24_repack\AREA_18_IMAGES_OUTPUT.zip,AREA_18_IMAGES_OUTPUT/ICON/005_m_zeno_s_mon_zeno_ICON.png,"{""AREA_18_IMAGES_OUTPUT/ICON/005_m_zeno_s_mon_zeno_ICON.png"": ""f43072a3accb769f18ac008635fdf62a6159a4ebfa30332f2ce313d994576bc6""}",D:\maplestory_levup\docs\art\images-input-packages-v2_4\AREA_18_IMAGES_INPUT_V2_4.zip,V2.4,AREA_18_IMAGES_INPUT_V2_4/monsters/005_m_zeno_제노/GENERATION_SPEC.md,외계 코어 주위 공간이 오목하게 접히는 다중 중력륜. ‘제노 / 제노의 중력장’ 전용 소재이며 몬스터 본체는 VFX에 직접 넣지 않음,static / static,none,ICON 原寸 전체,검보라 중력 고리들이 입체적으로 겹쳐 밝은 보라 핵을 만들고 얇은 궤도로 수축,D:\maplestory_levup\docs\art\area00-images-output\AREA_00_IMAGES_OUTPUT_ORIGINAL.zip,AREA_00_IMAGES_OUTPUT/monsters/002_m_blue_snail_파란_달팽이/ICON/002_m_blue_snail_s_mon_blue_snail_ICON.png,AREA00 실제 승인 원화. 해당 보드의 기준 프레임 + ART_STYLE_STANDARD의 전체 기준. 고유 모양/저레벨 규모를 요구하지 않음,외곽·광륜·명암 경계가 반복되는 픽셀 계단과 덩어리 색면으로 구성된다. AREA00의 연속 곡선/얇은 광선/부분적인 부드러운 반투명 마감과 차이가 있다. 같은 Area 내부에는 이어지지만 액체·금속·빛 등 여러 소재에 공통인 제작 마감 차이다.,동일 몬스터의 실제 ICON 및 모든 VFX 역할 대조. 일부 역할의 차이는 아래 별도 후보로 한정,금속·수정·레이저·정신망·중력륜 모두에 픽셀 계단형 테두리와 발광선이 반복된다. 외계/회로 소재가 다르다는 사실만으로 AREA00와 다른 마감을 허용하지 않는다.,AREA00 기준 + 전체 Area의 동일 역할 보드 대조; 다수결 기준 사용 안 함. 추가 소재 비교는 CROSS_AREA_MATERIAL_BOARD_INDEX.csv,팔레트·재질·형상·레벨/보스 규모·밀도·역할별 프레임/시간 차이 허용,액체/금속/직물 등 소재 자체보다 픽셀 단위의 외곽·명암·광선 연결 방식이 다른 점을 판정,외계 코어 주위 공간이 오목하게 접히는 다중 중력륜. ‘제노 / 제노의 중력장’ 전용 소재이며 몬스터 본체는 VFX에 직접 넣지 않음 | none,"소재·형상·팔레트·역할·프레임 수를 보존하고 외곽 및 명암 연결, 광선 끝, 입자 가장자리의 마감만 통일 후보",YES,NO,D:\maplestory_levup\docs\art\output_audit\runs\20260912_162508_msw_origin_art_review\CROSS_AREA_STYLE_BOARD\area_18_ICON_NATIVE.png,D:\maplestory_levup\docs\art\output_audit\runs\20260912_162508_msw_origin_art_review\STYLE_OUTLIERS\area_18_m_zeno_ICON_COMPARE.png,"PNG 원본을 동일 RGB(32,38,48) 배경에 1:1 합성. 확대는 동일 128px 영역 2배 NEAREST. 큰 보드의 도구 축소 표시 가능; 이탈 상세는 1600px 보드에서 추가 대조",전 프레임 순서상 형성/변화/해체/잔상 대조. 실시간 재생의 체감 리듬 및 엔진 합성은 미검증,NOT_CHECKED: 게임 내 최종 배율/카메라/필터/배경에서의 선명도 미검증. 명세 배율만으로 런타임 표시를 보았다고 하지 않음,NO_OBVIOUS_ISSUE,기존 파일검사 재사용,TARGET_OUTPUT
area_18,m_zeno,제노,s_mon_zeno,제노의 중력장,CAST_VFX,STYLE_OUTLIER,D:\maplestory_levup\docs\art\output_repacked\20260912_153221_v24_repack\AREA_18_IMAGES_OUTPUT.zip,AREA_18_IMAGES_OUTPUT/CAST/005_m_zeno_s_mon_zeno_CAST_F00.png|AREA_18_IMAGES_OUTPUT/CAST/005_m_zeno_s_mon_zeno_CAST_F01.png|AREA_18_IMAGES_OUTPUT/CAST/005_m_zeno_s_mon_zeno_CAST_F02.png|AREA_18_IMAGES_OUTPUT/CAST/005_m_zeno_s_mon_zeno_CAST_F03.png|AREA_18_IMAGES_OUTPUT/CAST/005_m_zeno_s_mon_zeno_CAST_F04.png|AREA_18_IMAGES_OUTPUT/CAST/005_m_zeno_s_mon_zeno_CAST_F05.png|AREA_18_IMAGES_OUTPUT/CAST/005_m_zeno_s_mon_zeno_CAST_F06.png|AREA_18_IMAGES_OUTPUT/CAST/005_m_zeno_s_mon_zeno_CAST_F07.png|AREA_18_IMAGES_OUTPUT/CAST/005_m_zeno_s_mon_zeno_CAST_F08.png|AREA_18_IMAGES_OUTPUT/CAST/005_m_zeno_s_mon_zeno_CAST_F09.png|AREA_18_IMAGES_OUTPUT/CAST/005_m_zeno_s_mon_zeno_CAST_F10.png|AREA_18_IMAGES_OUTPUT/CAST/005_m_zeno_s_mon_zeno_CAST_F11.png,"{""AREA_18_IMAGES_OUTPUT/CAST/005_m_zeno_s_mon_zeno_CAST_F00.png"": ""17f9c1557646904f72b26405a08c07cee6f988a9514db75fe402a93fb3d19561"", ""AREA_18_IMAGES_OUTPUT/CAST/005_m_zeno_s_mon_zeno_CAST_F01.png"": ""b282ab897983867f97560986dfd6d0e553010cb29ba95ab8d7fa8d288b421e54"", ""AREA_18_IMAGES_OUTPUT/CAST/005_m_zeno_s_mon_zeno_CAST_F02.png"": ""841f9a76168c349bc012053e6d2a27baf0cf606f647564e777a57a374ac497ee"", ""AREA_18_IMAGES_OUTPUT/CAST/005_m_zeno_s_mon_zeno_CAST_F03.png"": ""7a42459531fefb4688cbdae2c0c9d75065530ce88ce3fe255e96399249283a64"", ""AREA_18_IMAGES_OUTPUT/CAST/005_m_zeno_s_mon_zeno_CAST_F04.png"": ""0d169cbb4db8516e37dd2a6d1206fcff67e584ba169cfb226f9f9910c7498cd0"", ""AREA_18_IMAGES_OUTPUT/CAST/005_m_zeno_s_mon_zeno_CAST_F05.png"": ""a1e7cfadf2ae1f1109b90ae494e8ccb373beb6c92d4bc73a29f34be71ce91420"", ""AREA_18_IMAGES_OUTPUT/CAST/005_m_zeno_s_mon_zeno_CAST_F06.png"": ""11dd1826cf749bb2f4306cd63971a803e4a349ee0cc53cee67cbc3e99b6da610"", ""AREA_18_IMAGES_OUTPUT/CAST/005_m_zeno_s_mon_zeno_CAST_F07.png"": ""d47562b68f09af62c91cfe48d6b8b8ff5f2e46b409399ea11ce22c25493bf8a5"", ""AREA_18_IMAGES_OUTPUT/CAST/005_m_zeno_s_mon_zeno_CAST_F08.png"": ""ad55bd68798c1345aed30ba34cce425ee2f84fdf3025178b2d0864275498efd3"", ""AREA_18_IMAGES_OUTPUT/CAST/005_m_zeno_s_mon_zeno_CAST_F09.png"": ""ba3bd019b837618a3adb652fa3904038b54e05c2c0afc1af85ad3927f266d4d9"", ""AREA_18_IMAGES_OUTPUT/CAST/005_m_zeno_s_mon_zeno_CAST_F10.png"": ""4d7e33fb5945df720338930b0b13b24fba94cc777ad3f907256a2d7d1e7f843b"", ""AREA_18_IMAGES_OUTPUT/CAST/005_m_zeno_s_mon_zeno_CAST_F11.png"": ""afe71b3aaf0cd9df5cdf2ea836e8e1eabace0eb8c715b9d50b8944ef78f22ae8""}",D:\maplestory_levup\docs\art\images-input-packages-v2_4\AREA_18_IMAGES_INPUT_V2_4.zip,V2.4,AREA_18_IMAGES_INPUT_V2_4/monsters/005_m_zeno_제노/GENERATION_SPEC.md,외계 코어 주위 공간이 오목하게 접히는 다중 중력륜. ‘제노 / 제노의 중력장’ 전용 소재이며 몬스터 본체는 VFX에 직접 넣지 않음,0.08 / non-loop one-shot,SkillEffect applies FlipX for directional attacks; delayed layer samples caster position at SpawnLayer execution; map entity then applies drift,F00–F11 전체를 순서대로 직접 대조,검보라 중력 고리들이 입체적으로 겹쳐 밝은 보라 핵을 만들고 얇은 궤도로 수축,D:\maplestory_levup\docs\art\area00-images-output\AREA_00_IMAGES_OUTPUT_ORIGINAL.zip,AREA_00_IMAGES_OUTPUT/monsters/004_m_mano_마노/VFX/004_m_mano_s_mon_mano_F06.png,AREA00 실제 승인 원화. 해당 보드의 기준 프레임 + ART_STYLE_STANDARD의 전체 기준. 고유 모양/저레벨 규모를 요구하지 않음,외곽·광륜·명암 경계가 반복되는 픽셀 계단과 덩어리 색면으로 구성된다. AREA00의 연속 곡선/얇은 광선/부분적인 부드러운 반투명 마감과 차이가 있다. 같은 Area 내부에는 이어지지만 액체·금속·빛 등 여러 소재에 공통인 제작 마감 차이다.,동일 몬스터의 실제 ICON 및 모든 VFX 역할 대조. 일부 역할의 차이는 아래 별도 후보로 한정,금속·수정·레이저·정신망·중력륜 모두에 픽셀 계단형 테두리와 발광선이 반복된다. 외계/회로 소재가 다르다는 사실만으로 AREA00와 다른 마감을 허용하지 않는다.,AREA00 기준 + 전체 Area의 동일 역할 보드 대조; 다수결 기준 사용 안 함. 추가 소재 비교는 CROSS_AREA_MATERIAL_BOARD_INDEX.csv,팔레트·재질·형상·레벨/보스 규모·밀도·역할별 프레임/시간 차이 허용,액체/금속/직물 등 소재 자체보다 픽셀 단위의 외곽·명암·광선 연결 방식이 다른 점을 판정,외계 코어 주위 공간이 오목하게 접히는 다중 중력륜. ‘제노 / 제노의 중력장’ 전용 소재이며 몬스터 본체는 VFX에 직접 넣지 않음 | SkillEffect applies FlipX for directional attacks; delayed layer samples caster position at SpawnLayer execution; map entity then applies drift,"소재·형상·팔레트·역할·프레임 수를 보존하고 외곽 및 명암 연결, 광선 끝, 입자 가장자리의 마감만 통일 후보",YES,NO,D:\maplestory_levup\docs\art\output_audit\runs\20260912_162508_msw_origin_art_review\CROSS_AREA_STYLE_BOARD\area_18_m_zeno_CAST_VFX_NATIVE.png,D:\maplestory_levup\docs\art\output_audit\runs\20260912_162508_msw_origin_art_review\STYLE_OUTLIERS\area_18_m_zeno_CAST_VFX_COMPARE.png,"PNG 원본을 동일 RGB(32,38,48) 배경에 1:1 합성. 확대는 동일 128px 영역 2배 NEAREST. 큰 보드의 도구 축소 표시 가능; 이탈 상세는 1600px 보드에서 추가 대조",전 프레임 순서상 형성/변화/해체/잔상 대조. 실시간 재생의 체감 리듬 및 엔진 합성은 미검증,NOT_CHECKED: 게임 내 최종 배율/카메라/필터/배경에서의 선명도 미검증. 명세 배율만으로 런타임 표시를 보았다고 하지 않음,NO_OBVIOUS_ISSUE,기존 파일검사 재사용,TARGET_OUTPUT
area_19,m_official_knight_c,정식기사 C,s_mon_official_knight_c,기사단 뇌전 연각,ICON,CONSISTENT_WITH_REFERENCE,D:\maplestory_levup\docs\art\output_repacked\20260912_153221_v24_repack\AREA_19_IMAGES_OUTPUT.zip,AREA_19_IMAGES_OUTPUT/ICON/001_m_official_knight_c_s_mon_official_knight_c_ICON.png,"{""AREA_19_IMAGES_OUTPUT/ICON/001_m_official_knight_c_s_mon_official_knight_c_ICON.png"": ""d59bc6f95677f2752d5ee7d9e99b6723a8bc73e49cff6f804d55993a9ef55414""}",D:\maplestory_levup\docs\art\images-input-packages-v2_4\AREA_19_IMAGES_INPUT_V2_4.zip,V2.4,AREA_19_IMAGES_INPUT_V2_4/monsters/001_m_official_knight_c_정식기사_C/GENERATION_SPEC.md,번개가 감긴 두 번의 연속 발차기 궤적. ‘정식기사 C / 기사단 뇌전 연각’ 전용 소재이며 몬스터 본체는 VFX에 직접 넣지 않음,static / static,none,ICON 原寸 전체,청백 전격 두 줄이 연속 발차기 초승달처럼 겹쳐 충돌광 뒤 물결형 잔상으로 소멸,D:\maplestory_levup\docs\art\area00-images-output\AREA_00_IMAGES_OUTPUT_ORIGINAL.zip,AREA_00_IMAGES_OUTPUT/monsters/002_m_blue_snail_파란_달팽이/ICON/002_m_blue_snail_s_mon_blue_snail_ICON.png,AREA00 실제 승인 원화. 해당 보드의 기준 프레임 + ART_STYLE_STANDARD의 전체 기준. 고유 모양/저레벨 규모를 요구하지 않음,"번개의 얇은 중심선, 깃털의 가는 결, 그림자 천의 반투명 겹침, 불꽃의 선명한 리본, 여제의 꽃잎/왕관 음영이 역할 사이에 이어진다.",동일 몬스터의 실제 ICON 및 모든 VFX 역할 대조. 색·소재·반사광 관계에서 명백한 이탈 없음,"번개의 얇은 중심선, 깃털의 가는 결, 그림자 천의 반투명 겹침, 불꽃의 선명한 리본, 여제의 꽃잎/왕관 음영이 역할 사이에 이어진다.",AREA00 기준 + 전체 Area의 동일 역할 보드 대조; 다수결 기준 사용 안 함. 추가 소재 비교는 CROSS_AREA_MATERIAL_BOARD_INDEX.csv,팔레트·재질·형상·레벨/보스 규모·밀도·역할별 프레임/시간 차이 허용,해당 없음,번개가 감긴 두 번의 연속 발차기 궤적. ‘정식기사 C / 기사단 뇌전 연각’ 전용 소재이며 몬스터 본체는 VFX에 직접 넣지 않음 | none,원화 유지,NO,NO,D:\maplestory_levup\docs\art\output_audit\runs\20260912_162508_msw_origin_art_review\CROSS_AREA_STYLE_BOARD\area_19_ICON_NATIVE.png,,"PNG 원본을 동일 RGB(32,38,48) 배경에 1:1 합성. 확대는 동일 128px 영역 2배 NEAREST. 큰 보드의 도구 축소 표시 가능; 이탈 상세는 1600px 보드에서 추가 대조",전 프레임 순서상 형성/변화/해체/잔상 대조. 실시간 재생의 체감 리듬 및 엔진 합성은 미검증,NOT_CHECKED: 게임 내 최종 배율/카메라/필터/배경에서의 선명도 미검증. 명세 배율만으로 런타임 표시를 보았다고 하지 않음,NO_OBVIOUS_ISSUE,기존 파일검사 재사용,TARGET_OUTPUT
area_19,m_official_knight_c,정식기사 C,s_mon_official_knight_c,기사단 뇌전 연각,CAST_VFX,CONSISTENT_WITH_REFERENCE,D:\maplestory_levup\docs\art\output_repacked\20260912_153221_v24_repack\AREA_19_IMAGES_OUTPUT.zip,AREA_19_IMAGES_OUTPUT/CAST/001_m_official_knight_c_s_mon_official_knight_c_CAST_F00.png|AREA_19_IMAGES_OUTPUT/CAST/001_m_official_knight_c_s_mon_official_knight_c_CAST_F01.png|AREA_19_IMAGES_OUTPUT/CAST/001_m_official_knight_c_s_mon_official_knight_c_CAST_F02.png|AREA_19_IMAGES_OUTPUT/CAST/001_m_official_knight_c_s_mon_official_knight_c_CAST_F03.png|AREA_19_IMAGES_OUTPUT/CAST/001_m_official_knight_c_s_mon_official_knight_c_CAST_F04.png|AREA_19_IMAGES_OUTPUT/CAST/001_m_official_knight_c_s_mon_official_knight_c_CAST_F05.png|AREA_19_IMAGES_OUTPUT/CAST/001_m_official_knight_c_s_mon_official_knight_c_CAST_F06.png|AREA_19_IMAGES_OUTPUT/CAST/001_m_official_knight_c_s_mon_official_knight_c_CAST_F07.png,"{""AREA_19_IMAGES_OUTPUT/CAST/001_m_official_knight_c_s_mon_official_knight_c_CAST_F00.png"": ""cd9a1486e9e75fbe3c648a0791d781aa489c441674f2e54a20dd9187a72d9e34"", ""AREA_19_IMAGES_OUTPUT/CAST/001_m_official_knight_c_s_mon_official_knight_c_CAST_F01.png"": ""80e038c3342fcd0ca7edfb611cf40a1a39a7a0cd7939034c95a0b3818182038a"", ""AREA_19_IMAGES_OUTPUT/CAST/001_m_official_knight_c_s_mon_official_knight_c_CAST_F02.png"": ""85c1315a7b7ddd5c983c70e09d7f235fbd9eebc26bf4ddcc16c0e902f033eefb"", ""AREA_19_IMAGES_OUTPUT/CAST/001_m_official_knight_c_s_mon_official_knight_c_CAST_F03.png"": ""62a9ff1c4b48f6ebe6a194ce6b5869b5da4efd484eb2a1825d78d9546c70ea1f"", ""AREA_19_IMAGES_OUTPUT/CAST/001_m_official_knight_c_s_mon_official_knight_c_CAST_F04.png"": ""3bbdecbbe1cb43639cdc04c4dd3c334cb7c08ca43f7bbcf564dc154373e9c8b0"", ""AREA_19_IMAGES_OUTPUT/CAST/001_m_official_knight_c_s_mon_official_knight_c_CAST_F05.png"": ""fd4c2bad6bbddd06700564027eff4135661fd72ce4e4a2c56f9eb249157bfdce"", ""AREA_19_IMAGES_OUTPUT/CAST/001_m_official_knight_c_s_mon_official_knight_c_CAST_F06.png"": ""2daa9d98bd938170d9d6541ca2979e8e47c11d7f9a0aba3d6549d10680f1d2d1"", ""AREA_19_IMAGES_OUTPUT/CAST/001_m_official_knight_c_s_mon_official_knight_c_CAST_F07.png"": ""797027da4bd0bd207cb9bf844dd2bcad7e202251db920cf3203a33459d45b920""}",D:\maplestory_levup\docs\art\images-input-packages-v2_4\AREA_19_IMAGES_INPUT_V2_4.zip,V2.4,AREA_19_IMAGES_INPUT_V2_4/monsters/001_m_official_knight_c_정식기사_C/GENERATION_SPEC.md,번개가 감긴 두 번의 연속 발차기 궤적. ‘정식기사 C / 기사단 뇌전 연각’ 전용 소재이며 몬스터 본체는 VFX에 직접 넣지 않음,0.10 / non-loop one-shot,SkillEffect applies FlipX for directional attacks; delayed layer samples caster position at SpawnLayer execution; map entity then applies drift,F00–F07 전체를 순서대로 직접 대조,청백 전격 두 줄이 연속 발차기 초승달처럼 겹쳐 충돌광 뒤 물결형 잔상으로 소멸,D:\maplestory_levup\docs\art\area00-images-output\AREA_00_IMAGES_OUTPUT_ORIGINAL.zip,AREA_00_IMAGES_OUTPUT/monsters/005_m_slime_슬라임/VFX/005_m_slime_s_mon_slime_F04.png,AREA00 실제 승인 원화. 해당 보드의 기준 프레임 + ART_STYLE_STANDARD의 전체 기준. 고유 모양/저레벨 규모를 요구하지 않음,"번개의 얇은 중심선, 깃털의 가는 결, 그림자 천의 반투명 겹침, 불꽃의 선명한 리본, 여제의 꽃잎/왕관 음영이 역할 사이에 이어진다.",동일 몬스터의 실제 ICON 및 모든 VFX 역할 대조. 색·소재·반사광 관계에서 명백한 이탈 없음,"번개의 얇은 중심선, 깃털의 가는 결, 그림자 천의 반투명 겹침, 불꽃의 선명한 리본, 여제의 꽃잎/왕관 음영이 역할 사이에 이어진다.",AREA00 기준 + 전체 Area의 동일 역할 보드 대조; 다수결 기준 사용 안 함. 추가 소재 비교는 CROSS_AREA_MATERIAL_BOARD_INDEX.csv,팔레트·재질·형상·레벨/보스 규모·밀도·역할별 프레임/시간 차이 허용,해당 없음,번개가 감긴 두 번의 연속 발차기 궤적. ‘정식기사 C / 기사단 뇌전 연각’ 전용 소재이며 몬스터 본체는 VFX에 직접 넣지 않음 | SkillEffect applies FlipX for directional attacks; delayed layer samples caster position at SpawnLayer execution; map entity then applies drift,원화 유지,NO,NO,D:\maplestory_levup\docs\art\output_audit\runs\20260912_162508_msw_origin_art_review\CROSS_AREA_STYLE_BOARD\area_19_m_official_knight_c_CAST_VFX_NATIVE.png,,"PNG 원본을 동일 RGB(32,38,48) 배경에 1:1 합성. 확대는 동일 128px 영역 2배 NEAREST. 큰 보드의 도구 축소 표시 가능; 이탈 상세는 1600px 보드에서 추가 대조",전 프레임 순서상 형성/변화/해체/잔상 대조. 실시간 재생의 체감 리듬 및 엔진 합성은 미검증,NOT_CHECKED: 게임 내 최종 배율/카메라/필터/배경에서의 선명도 미검증. 명세 배율만으로 런타임 표시를 보았다고 하지 않음,NO_OBVIOUS_ISSUE,기존 파일검사 재사용,TARGET_OUTPUT
area_19,m_official_knight_d,정식기사 D,s_mon_official_knight_d,기사단의 바람 조준,ICON,CONSISTENT_WITH_REFERENCE,D:\maplestory_levup\docs\art\output_repacked\20260912_153221_v24_repack\AREA_19_IMAGES_OUTPUT.zip,AREA_19_IMAGES_OUTPUT/ICON/002_m_official_knight_d_s_mon_official_knight_d_ICON.png,"{""AREA_19_IMAGES_OUTPUT/ICON/002_m_official_knight_d_s_mon_official_knight_d_ICON.png"": ""23887293985be91227ebaf34bc3b05d32fd6dd6f97eef46290f50c54b63b0e16""}",D:\maplestory_levup\docs\art\images-input-packages-v2_4\AREA_19_IMAGES_INPUT_V2_4.zip,V2.4,AREA_19_IMAGES_INPUT_V2_4/monsters/002_m_official_knight_d_정식기사_D/GENERATION_SPEC.md,바람 깃이 한 점으로 모이는 조준선과 화살표형 압축광. ‘정식기사 D / 기사단의 바람 조준’ 전용 소재이며 몬스터 본체는 VFX에 직접 넣지 않음,static / static,none,ICON 原寸 전체,민트 바람잎과 조준 십자선이 저밀도 고리로 모였다 작은 깃조각으로 풀림,D:\maplestory_levup\docs\art\area00-images-output\AREA_00_IMAGES_OUTPUT_ORIGINAL.zip,AREA_00_IMAGES_OUTPUT/monsters/002_m_blue_snail_파란_달팽이/ICON/002_m_blue_snail_s_mon_blue_snail_ICON.png,AREA00 실제 승인 원화. 해당 보드의 기준 프레임 + ART_STYLE_STANDARD의 전체 기준. 고유 모양/저레벨 규모를 요구하지 않음,"번개의 얇은 중심선, 깃털의 가는 결, 그림자 천의 반투명 겹침, 불꽃의 선명한 리본, 여제의 꽃잎/왕관 음영이 역할 사이에 이어진다.",동일 몬스터의 실제 ICON 및 모든 VFX 역할 대조. 색·소재·반사광 관계에서 명백한 이탈 없음,"번개의 얇은 중심선, 깃털의 가는 결, 그림자 천의 반투명 겹침, 불꽃의 선명한 리본, 여제의 꽃잎/왕관 음영이 역할 사이에 이어진다.",AREA00 기준 + 전체 Area의 동일 역할 보드 대조; 다수결 기준 사용 안 함. 추가 소재 비교는 CROSS_AREA_MATERIAL_BOARD_INDEX.csv,팔레트·재질·형상·레벨/보스 규모·밀도·역할별 프레임/시간 차이 허용,해당 없음,바람 깃이 한 점으로 모이는 조준선과 화살표형 압축광. ‘정식기사 D / 기사단의 바람 조준’ 전용 소재이며 몬스터 본체는 VFX에 직접 넣지 않음 | none,원화 유지,NO,NO,D:\maplestory_levup\docs\art\output_audit\runs\20260912_162508_msw_origin_art_review\CROSS_AREA_STYLE_BOARD\area_19_ICON_NATIVE.png,,"PNG 원본을 동일 RGB(32,38,48) 배경에 1:1 합성. 확대는 동일 128px 영역 2배 NEAREST. 큰 보드의 도구 축소 표시 가능; 이탈 상세는 1600px 보드에서 추가 대조",전 프레임 순서상 형성/변화/해체/잔상 대조. 실시간 재생의 체감 리듬 및 엔진 합성은 미검증,NOT_CHECKED: 게임 내 최종 배율/카메라/필터/배경에서의 선명도 미검증. 명세 배율만으로 런타임 표시를 보았다고 하지 않음,NO_OBVIOUS_ISSUE,기존 파일검사 재사용,TARGET_OUTPUT
area_19,m_official_knight_d,정식기사 D,s_mon_official_knight_d,기사단의 바람 조준,REFERENCE_VFX,CONSISTENT_WITH_REFERENCE,D:\maplestory_levup\docs\art\output_repacked\20260912_153221_v24_repack\AREA_19_IMAGES_OUTPUT.zip,AREA_19_IMAGES_OUTPUT/REFERENCE/002_m_official_knight_d_s_mon_official_knight_d_REFERENCE_F00.png|AREA_19_IMAGES_OUTPUT/REFERENCE/002_m_official_knight_d_s_mon_official_knight_d_REFERENCE_F01.png|AREA_19_IMAGES_OUTPUT/REFERENCE/002_m_official_knight_d_s_mon_official_knight_d_REFERENCE_F02.png|AREA_19_IMAGES_OUTPUT/REFERENCE/002_m_official_knight_d_s_mon_official_knight_d_REFERENCE_F03.png|AREA_19_IMAGES_OUTPUT/REFERENCE/002_m_official_knight_d_s_mon_official_knight_d_REFERENCE_F04.png|AREA_19_IMAGES_OUTPUT/REFERENCE/002_m_official_knight_d_s_mon_official_knight_d_REFERENCE_F05.png,"{""AREA_19_IMAGES_OUTPUT/REFERENCE/002_m_official_knight_d_s_mon_official_knight_d_REFERENCE_F00.png"": ""5ea0456a9b7f5964c437b6b642ace7af3e7f11df9b556d1d335a59192f4d6f93"", ""AREA_19_IMAGES_OUTPUT/REFERENCE/002_m_official_knight_d_s_mon_official_knight_d_REFERENCE_F01.png"": ""5e13ac7920b26aa7fee9cf402af8c9ae034c3a9ce9f3bc73a045e3afcdfbda11"", ""AREA_19_IMAGES_OUTPUT/REFERENCE/002_m_official_knight_d_s_mon_official_knight_d_REFERENCE_F02.png"": ""5a01f41a56901b65f3f7ee8220abad898dd8c60e4c25a1db2825602b5e20b58f"", ""AREA_19_IMAGES_OUTPUT/REFERENCE/002_m_official_knight_d_s_mon_official_knight_d_REFERENCE_F03.png"": ""682e2f285c945782983390e97643355cdcfe101d47a2c1ed64ca3aca3b892eff"", ""AREA_19_IMAGES_OUTPUT/REFERENCE/002_m_official_knight_d_s_mon_official_knight_d_REFERENCE_F04.png"": ""ca29d428a8e4050378a3eb1d36de9a03ac5e5d6063bc278d45048640e1579409"", ""AREA_19_IMAGES_OUTPUT/REFERENCE/002_m_official_knight_d_s_mon_official_knight_d_REFERENCE_F05.png"": ""7a90d175753b0c25076c1fe4ae50c4f9bb8ff46af3c0949d8b5cfc6a56974276""}",D:\maplestory_levup\docs\art\images-input-packages-v2_4\AREA_19_IMAGES_INPUT_V2_4.zip,V2.4,AREA_19_IMAGES_INPUT_V2_4/monsters/002_m_official_knight_d_정식기사_D/GENERATION_SPEC.md,바람 깃이 한 점으로 모이는 조준선과 화살표형 압축광. ‘정식기사 D / 기사단의 바람 조준’ 전용 소재이며 몬스터 본체는 VFX에 직접 넣지 않음,0.10 / preview-only non-loop,preview only; no engine motion/FlipX contract,F00–F05 전체를 순서대로 직접 대조,민트 바람잎과 조준 십자선이 저밀도 고리로 모였다 작은 깃조각으로 풀림,D:\maplestory_levup\docs\art\area00-images-output\AREA_00_IMAGES_OUTPUT_ORIGINAL.zip,AREA_00_IMAGES_OUTPUT/monsters/002_m_blue_snail_파란_달팽이/VFX/002_m_blue_snail_s_mon_blue_snail_F04.png,AREA00 실제 승인 원화. 해당 보드의 기준 프레임 + ART_STYLE_STANDARD의 전체 기준. 고유 모양/저레벨 규모를 요구하지 않음,"번개의 얇은 중심선, 깃털의 가는 결, 그림자 천의 반투명 겹침, 불꽃의 선명한 리본, 여제의 꽃잎/왕관 음영이 역할 사이에 이어진다.",동일 몬스터의 실제 ICON 및 모든 VFX 역할 대조. 색·소재·반사광 관계에서 명백한 이탈 없음,"번개의 얇은 중심선, 깃털의 가는 결, 그림자 천의 반투명 겹침, 불꽃의 선명한 리본, 여제의 꽃잎/왕관 음영이 역할 사이에 이어진다.",AREA00 기준 + 전체 Area의 동일 역할 보드 대조; 다수결 기준 사용 안 함. 추가 소재 비교는 CROSS_AREA_MATERIAL_BOARD_INDEX.csv,팔레트·재질·형상·레벨/보스 규모·밀도·역할별 프레임/시간 차이 허용,해당 없음,바람 깃이 한 점으로 모이는 조준선과 화살표형 압축광. ‘정식기사 D / 기사단의 바람 조준’ 전용 소재이며 몬스터 본체는 VFX에 직접 넣지 않음 | preview only; no engine motion/FlipX contract,원화 유지,NO,NO,D:\maplestory_levup\docs\art\output_audit\runs\20260912_162508_msw_origin_art_review\CROSS_AREA_STYLE_BOARD\area_19_m_official_knight_d_REFERENCE_VFX_NATIVE.png,,"PNG 원본을 동일 RGB(32,38,48) 배경에 1:1 합성. 확대는 동일 128px 영역 2배 NEAREST. 큰 보드의 도구 축소 표시 가능; 이탈 상세는 1600px 보드에서 추가 대조",전 프레임 순서상 형성/변화/해체/잔상 대조. 실시간 재생의 체감 리듬 및 엔진 합성은 미검증,NOT_CHECKED: 게임 내 최종 배율/카메라/필터/배경에서의 선명도 미검증. 명세 배율만으로 런타임 표시를 보았다고 하지 않음,NO_OBVIOUS_ISSUE,기존 파일검사 재사용,TARGET_OUTPUT
area_19,m_advanced_knight_a,상급기사 A,s_mon_advanced_knight_a,그림자 기사의 민첩,ICON,CONSISTENT_WITH_REFERENCE,D:\maplestory_levup\docs\art\output_repacked\20260912_153221_v24_repack\AREA_19_IMAGES_OUTPUT.zip,AREA_19_IMAGES_OUTPUT/ICON/003_m_advanced_knight_a_s_mon_advanced_knight_a_ICON.png,"{""AREA_19_IMAGES_OUTPUT/ICON/003_m_advanced_knight_a_s_mon_advanced_knight_a_ICON.png"": ""d423697cd99262e09a3acb31dc5d01021b5fa8c3c54bc363ad49e92dd95285f1""}",D:\maplestory_levup\docs\art\images-input-packages-v2_4\AREA_19_IMAGES_INPUT_V2_4.zip,V2.4,AREA_19_IMAGES_INPUT_V2_4/monsters/003_m_advanced_knight_a_상급기사_A/GENERATION_SPEC.md,그림자 망토 끝이 여러 위치로 갈라지는 민첩 잔상. ‘상급기사 A / 그림자 기사의 민첩’ 전용 소재이며 몬스터 본체는 VFX에 직접 넣지 않음,static / static,none,ICON 原寸 전체,검보라 그림자 손톱 여러 겹이 민첩한 횡방향 잔상으로 커졌다 흐릿해짐,D:\maplestory_levup\docs\art\area00-images-output\AREA_00_IMAGES_OUTPUT_ORIGINAL.zip,AREA_00_IMAGES_OUTPUT/monsters/002_m_blue_snail_파란_달팽이/ICON/002_m_blue_snail_s_mon_blue_snail_ICON.png,AREA00 실제 승인 원화. 해당 보드의 기준 프레임 + ART_STYLE_STANDARD의 전체 기준. 고유 모양/저레벨 규모를 요구하지 않음,"번개의 얇은 중심선, 깃털의 가는 결, 그림자 천의 반투명 겹침, 불꽃의 선명한 리본, 여제의 꽃잎/왕관 음영이 역할 사이에 이어진다.",동일 몬스터의 실제 ICON 및 모든 VFX 역할 대조. 색·소재·반사광 관계에서 명백한 이탈 없음,"번개의 얇은 중심선, 깃털의 가는 결, 그림자 천의 반투명 겹침, 불꽃의 선명한 리본, 여제의 꽃잎/왕관 음영이 역할 사이에 이어진다.",AREA00 기준 + 전체 Area의 동일 역할 보드 대조; 다수결 기준 사용 안 함. 추가 소재 비교는 CROSS_AREA_MATERIAL_BOARD_INDEX.csv,팔레트·재질·형상·레벨/보스 규모·밀도·역할별 프레임/시간 차이 허용,해당 없음,그림자 망토 끝이 여러 위치로 갈라지는 민첩 잔상. ‘상급기사 A / 그림자 기사의 민첩’ 전용 소재이며 몬스터 본체는 VFX에 직접 넣지 않음 | none,원화 유지,NO,NO,D:\maplestory_levup\docs\art\output_audit\runs\20260912_162508_msw_origin_art_review\CROSS_AREA_STYLE_BOARD\area_19_ICON_NATIVE.png,,"PNG 원본을 동일 RGB(32,38,48) 배경에 1:1 합성. 확대는 동일 128px 영역 2배 NEAREST. 큰 보드의 도구 축소 표시 가능; 이탈 상세는 1600px 보드에서 추가 대조",전 프레임 순서상 형성/변화/해체/잔상 대조. 실시간 재생의 체감 리듬 및 엔진 합성은 미검증,NOT_CHECKED: 게임 내 최종 배율/카메라/필터/배경에서의 선명도 미검증. 명세 배율만으로 런타임 표시를 보았다고 하지 않음,NO_OBVIOUS_ISSUE,기존 파일검사 재사용,TARGET_OUTPUT
area_19,m_advanced_knight_a,상급기사 A,s_mon_advanced_knight_a,그림자 기사의 민첩,REFERENCE_VFX,CONSISTENT_WITH_REFERENCE,D:\maplestory_levup\docs\art\output_repacked\20260912_153221_v24_repack\AREA_19_IMAGES_OUTPUT.zip,AREA_19_IMAGES_OUTPUT/REFERENCE/003_m_advanced_knight_a_s_mon_advanced_knight_a_REFERENCE_F00.png|AREA_19_IMAGES_OUTPUT/REFERENCE/003_m_advanced_knight_a_s_mon_advanced_knight_a_REFERENCE_F01.png|AREA_19_IMAGES_OUTPUT/REFERENCE/003_m_advanced_knight_a_s_mon_advanced_knight_a_REFERENCE_F02.png|AREA_19_IMAGES_OUTPUT/REFERENCE/003_m_advanced_knight_a_s_mon_advanced_knight_a_REFERENCE_F03.png|AREA_19_IMAGES_OUTPUT/REFERENCE/003_m_advanced_knight_a_s_mon_advanced_knight_a_REFERENCE_F04.png|AREA_19_IMAGES_OUTPUT/REFERENCE/003_m_advanced_knight_a_s_mon_advanced_knight_a_REFERENCE_F05.png,"{""AREA_19_IMAGES_OUTPUT/REFERENCE/003_m_advanced_knight_a_s_mon_advanced_knight_a_REFERENCE_F00.png"": ""ccc182d786303ccad77a1c4ea889ed8702c7850b7ec36197dc5dca5cd208a60e"", ""AREA_19_IMAGES_OUTPUT/REFERENCE/003_m_advanced_knight_a_s_mon_advanced_knight_a_REFERENCE_F01.png"": ""4931a84719e409fe6f37e3afec1ca53e68c2bf449102750e5b690d37f4000e6f"", ""AREA_19_IMAGES_OUTPUT/REFERENCE/003_m_advanced_knight_a_s_mon_advanced_knight_a_REFERENCE_F02.png"": ""04a58966a106c581ac4207d4ebbf05d014b85e0401ade242f740e85eb304579c"", ""AREA_19_IMAGES_OUTPUT/REFERENCE/003_m_advanced_knight_a_s_mon_advanced_knight_a_REFERENCE_F03.png"": ""c1189a7fcf780118663b2395ed41c311fb6025919f3ef5eadd99b41e6dc88eaf"", ""AREA_19_IMAGES_OUTPUT/REFERENCE/003_m_advanced_knight_a_s_mon_advanced_knight_a_REFERENCE_F04.png"": ""bd1e9a873617cb40b4c7815749fb3db41af897038ffeadbe9b02956b41b55062"", ""AREA_19_IMAGES_OUTPUT/REFERENCE/003_m_advanced_knight_a_s_mon_advanced_knight_a_REFERENCE_F05.png"": ""9638b4ae75f3b8f81edf121787bb54ff3881513798bf8801212c66581d5a5676""}",D:\maplestory_levup\docs\art\images-input-packages-v2_4\AREA_19_IMAGES_INPUT_V2_4.zip,V2.4,AREA_19_IMAGES_INPUT_V2_4/monsters/003_m_advanced_knight_a_상급기사_A/GENERATION_SPEC.md,그림자 망토 끝이 여러 위치로 갈라지는 민첩 잔상. ‘상급기사 A / 그림자 기사의 민첩’ 전용 소재이며 몬스터 본체는 VFX에 직접 넣지 않음,0.10 / preview-only non-loop,preview only; no engine motion/FlipX contract,F00–F05 전체를 순서대로 직접 대조,검보라 그림자 손톱 여러 겹이 민첩한 횡방향 잔상으로 커졌다 흐릿해짐,D:\maplestory_levup\docs\art\area00-images-output\AREA_00_IMAGES_OUTPUT_ORIGINAL.zip,AREA_00_IMAGES_OUTPUT/monsters/002_m_blue_snail_파란_달팽이/VFX/002_m_blue_snail_s_mon_blue_snail_F04.png,AREA00 실제 승인 원화. 해당 보드의 기준 프레임 + ART_STYLE_STANDARD의 전체 기준. 고유 모양/저레벨 규모를 요구하지 않음,"번개의 얇은 중심선, 깃털의 가는 결, 그림자 천의 반투명 겹침, 불꽃의 선명한 리본, 여제의 꽃잎/왕관 음영이 역할 사이에 이어진다.",동일 몬스터의 실제 ICON 및 모든 VFX 역할 대조. 색·소재·반사광 관계에서 명백한 이탈 없음,"번개의 얇은 중심선, 깃털의 가는 결, 그림자 천의 반투명 겹침, 불꽃의 선명한 리본, 여제의 꽃잎/왕관 음영이 역할 사이에 이어진다.",AREA00 기준 + 전체 Area의 동일 역할 보드 대조; 다수결 기준 사용 안 함. 추가 소재 비교는 CROSS_AREA_MATERIAL_BOARD_INDEX.csv,팔레트·재질·형상·레벨/보스 규모·밀도·역할별 프레임/시간 차이 허용,해당 없음,그림자 망토 끝이 여러 위치로 갈라지는 민첩 잔상. ‘상급기사 A / 그림자 기사의 민첩’ 전용 소재이며 몬스터 본체는 VFX에 직접 넣지 않음 | preview only; no engine motion/FlipX contract,원화 유지,NO,NO,D:\maplestory_levup\docs\art\output_audit\runs\20260912_162508_msw_origin_art_review\CROSS_AREA_STYLE_BOARD\area_19_m_advanced_knight_a_REFERENCE_VFX_NATIVE.png,,"PNG 원본을 동일 RGB(32,38,48) 배경에 1:1 합성. 확대는 동일 128px 영역 2배 NEAREST. 큰 보드의 도구 축소 표시 가능; 이탈 상세는 1600px 보드에서 추가 대조",전 프레임 순서상 형성/변화/해체/잔상 대조. 실시간 재생의 체감 리듬 및 엔진 합성은 미검증,NOT_CHECKED: 게임 내 최종 배율/카메라/필터/배경에서의 선명도 미검증. 명세 배율만으로 런타임 표시를 보았다고 하지 않음,NO_OBVIOUS_ISSUE,기존 파일검사 재사용,TARGET_OUTPUT
area_19,m_advanced_knight_b,상급기사 B,s_mon_advanced_knight_b,상급기사의 이프리트 화염,ICON,CONSISTENT_WITH_REFERENCE,D:\maplestory_levup\docs\art\output_repacked\20260912_153221_v24_repack\AREA_19_IMAGES_OUTPUT.zip,AREA_19_IMAGES_OUTPUT/ICON/004_m_advanced_knight_b_s_mon_advanced_knight_b_ICON.png,"{""AREA_19_IMAGES_OUTPUT/ICON/004_m_advanced_knight_b_s_mon_advanced_knight_b_ICON.png"": ""34b890d0a898f491b3e754573efba4dbef6c0e62d532c230629699b12231ba9f""}",D:\maplestory_levup\docs\art\images-input-packages-v2_4\AREA_19_IMAGES_INPUT_V2_4.zip,V2.4,AREA_19_IMAGES_INPUT_V2_4/monsters/004_m_advanced_knight_b_상급기사_B/GENERATION_SPEC.md,이프리트 뿔을 닮은 화염 두 갈래와 기사 문양. ‘상급기사 B / 상급기사의 이프리트 화염’ 전용 소재이며 몬스터 본체는 VFX에 직접 넣지 않음,static / static,none,ICON 原寸 전체,붉은 화염 문장이 바닥 불꽃혀와 함께 솟고 주황 불씨로 가라앉음,D:\maplestory_levup\docs\art\area00-images-output\AREA_00_IMAGES_OUTPUT_ORIGINAL.zip,AREA_00_IMAGES_OUTPUT/monsters/002_m_blue_snail_파란_달팽이/ICON/002_m_blue_snail_s_mon_blue_snail_ICON.png,AREA00 실제 승인 원화. 해당 보드의 기준 프레임 + ART_STYLE_STANDARD의 전체 기준. 고유 모양/저레벨 규모를 요구하지 않음,"번개의 얇은 중심선, 깃털의 가는 결, 그림자 천의 반투명 겹침, 불꽃의 선명한 리본, 여제의 꽃잎/왕관 음영이 역할 사이에 이어진다.",동일 몬스터의 실제 ICON 및 모든 VFX 역할 대조. 색·소재·반사광 관계에서 명백한 이탈 없음,"번개의 얇은 중심선, 깃털의 가는 결, 그림자 천의 반투명 겹침, 불꽃의 선명한 리본, 여제의 꽃잎/왕관 음영이 역할 사이에 이어진다.",AREA00 기준 + 전체 Area의 동일 역할 보드 대조; 다수결 기준 사용 안 함. 추가 소재 비교는 CROSS_AREA_MATERIAL_BOARD_INDEX.csv,팔레트·재질·형상·레벨/보스 규모·밀도·역할별 프레임/시간 차이 허용,해당 없음,이프리트 뿔을 닮은 화염 두 갈래와 기사 문양. ‘상급기사 B / 상급기사의 이프리트 화염’ 전용 소재이며 몬스터 본체는 VFX에 직접 넣지 않음 | none,원화 유지,NO,NO,D:\maplestory_levup\docs\art\output_audit\runs\20260912_162508_msw_origin_art_review\CROSS_AREA_STYLE_BOARD\area_19_ICON_NATIVE.png,,"PNG 원본을 동일 RGB(32,38,48) 배경에 1:1 합성. 확대는 동일 128px 영역 2배 NEAREST. 큰 보드의 도구 축소 표시 가능; 이탈 상세는 1600px 보드에서 추가 대조",전 프레임 순서상 형성/변화/해체/잔상 대조. 실시간 재생의 체감 리듬 및 엔진 합성은 미검증,NOT_CHECKED: 게임 내 최종 배율/카메라/필터/배경에서의 선명도 미검증. 명세 배율만으로 런타임 표시를 보았다고 하지 않음,NO_OBVIOUS_ISSUE,기존 파일검사 재사용,TARGET_OUTPUT
area_19,m_advanced_knight_b,상급기사 B,s_mon_advanced_knight_b,상급기사의 이프리트 화염,CAST_VFX,CONSISTENT_WITH_REFERENCE,D:\maplestory_levup\docs\art\output_repacked\20260912_153221_v24_repack\AREA_19_IMAGES_OUTPUT.zip,AREA_19_IMAGES_OUTPUT/CAST/004_m_advanced_knight_b_s_mon_advanced_knight_b_CAST_F00.png|AREA_19_IMAGES_OUTPUT/CAST/004_m_advanced_knight_b_s_mon_advanced_knight_b_CAST_F01.png|AREA_19_IMAGES_OUTPUT/CAST/004_m_advanced_knight_b_s_mon_advanced_knight_b_CAST_F02.png|AREA_19_IMAGES_OUTPUT/CAST/004_m_advanced_knight_b_s_mon_advanced_knight_b_CAST_F03.png|AREA_19_IMAGES_OUTPUT/CAST/004_m_advanced_knight_b_s_mon_advanced_knight_b_CAST_F04.png|AREA_19_IMAGES_OUTPUT/CAST/004_m_advanced_knight_b_s_mon_advanced_knight_b_CAST_F05.png|AREA_19_IMAGES_OUTPUT/CAST/004_m_advanced_knight_b_s_mon_advanced_knight_b_CAST_F06.png|AREA_19_IMAGES_OUTPUT/CAST/004_m_advanced_knight_b_s_mon_advanced_knight_b_CAST_F07.png,"{""AREA_19_IMAGES_OUTPUT/CAST/004_m_advanced_knight_b_s_mon_advanced_knight_b_CAST_F00.png"": ""0000eb706a22f1a6f533f03770afa17a01fc15bdb7ddaa1cae2e0534c0382134"", ""AREA_19_IMAGES_OUTPUT/CAST/004_m_advanced_knight_b_s_mon_advanced_knight_b_CAST_F01.png"": ""4ba0fddd5451754ac9d691947db09ee96cf33e8155b1b9e6444051111e82b601"", ""AREA_19_IMAGES_OUTPUT/CAST/004_m_advanced_knight_b_s_mon_advanced_knight_b_CAST_F02.png"": ""3d30a52734b50bcc7dc65cf9be6a4762ebf6e45b11f9dc841eec4939c54f5222"", ""AREA_19_IMAGES_OUTPUT/CAST/004_m_advanced_knight_b_s_mon_advanced_knight_b_CAST_F03.png"": ""e8ca217ced9c9327476e7fa525add85223df174f286170a5818c52504a6634ca"", ""AREA_19_IMAGES_OUTPUT/CAST/004_m_advanced_knight_b_s_mon_advanced_knight_b_CAST_F04.png"": ""81ab52656fbc00819db6442cd5501c689490b0934f8ddee315b34bf804aee7ca"", ""AREA_19_IMAGES_OUTPUT/CAST/004_m_advanced_knight_b_s_mon_advanced_knight_b_CAST_F05.png"": ""6ed48bf4df8d9c7c82be1cda9791b119c0fabb3f751d98533e23826a2a4b10a8"", ""AREA_19_IMAGES_OUTPUT/CAST/004_m_advanced_knight_b_s_mon_advanced_knight_b_CAST_F06.png"": ""d0564216677eea9c029145111201e2ee45872c5dccfc1d6ff0046e180f2be7a0"", ""AREA_19_IMAGES_OUTPUT/CAST/004_m_advanced_knight_b_s_mon_advanced_knight_b_CAST_F07.png"": ""8b8e4b8b06699a58fc94e6d5dca29386a75178a59f18ac9ae0de22914983b5ee""}",D:\maplestory_levup\docs\art\images-input-packages-v2_4\AREA_19_IMAGES_INPUT_V2_4.zip,V2.4,AREA_19_IMAGES_INPUT_V2_4/monsters/004_m_advanced_knight_b_상급기사_B/GENERATION_SPEC.md,이프리트 뿔을 닮은 화염 두 갈래와 기사 문양. ‘상급기사 B / 상급기사의 이프리트 화염’ 전용 소재이며 몬스터 본체는 VFX에 직접 넣지 않음,0.10 / non-loop one-shot,SkillEffect applies FlipX for directional attacks; delayed layer samples caster position at SpawnLayer execution; map entity then applies drift,F00–F07 전체를 순서대로 직접 대조,붉은 화염 문장이 바닥 불꽃혀와 함께 솟고 주황 불씨로 가라앉음,D:\maplestory_levup\docs\art\area00-images-output\AREA_00_IMAGES_OUTPUT_ORIGINAL.zip,AREA_00_IMAGES_OUTPUT/monsters/005_m_slime_슬라임/VFX/005_m_slime_s_mon_slime_F04.png,AREA00 실제 승인 원화. 해당 보드의 기준 프레임 + ART_STYLE_STANDARD의 전체 기준. 고유 모양/저레벨 규모를 요구하지 않음,"번개의 얇은 중심선, 깃털의 가는 결, 그림자 천의 반투명 겹침, 불꽃의 선명한 리본, 여제의 꽃잎/왕관 음영이 역할 사이에 이어진다.",동일 몬스터의 실제 ICON 및 모든 VFX 역할 대조. 색·소재·반사광 관계에서 명백한 이탈 없음,"번개의 얇은 중심선, 깃털의 가는 결, 그림자 천의 반투명 겹침, 불꽃의 선명한 리본, 여제의 꽃잎/왕관 음영이 역할 사이에 이어진다.",AREA00 기준 + 전체 Area의 동일 역할 보드 대조; 다수결 기준 사용 안 함. 추가 소재 비교는 CROSS_AREA_MATERIAL_BOARD_INDEX.csv,팔레트·재질·형상·레벨/보스 규모·밀도·역할별 프레임/시간 차이 허용,해당 없음,이프리트 뿔을 닮은 화염 두 갈래와 기사 문양. ‘상급기사 B / 상급기사의 이프리트 화염’ 전용 소재이며 몬스터 본체는 VFX에 직접 넣지 않음 | SkillEffect applies FlipX for directional attacks; delayed layer samples caster position at SpawnLayer execution; map entity then applies drift,원화 유지,NO,NO,D:\maplestory_levup\docs\art\output_audit\runs\20260912_162508_msw_origin_art_review\CROSS_AREA_STYLE_BOARD\area_19_m_advanced_knight_b_CAST_VFX_NATIVE.png,,"PNG 원본을 동일 RGB(32,38,48) 배경에 1:1 합성. 확대는 동일 128px 영역 2배 NEAREST. 큰 보드의 도구 축소 표시 가능; 이탈 상세는 1600px 보드에서 추가 대조",전 프레임 순서상 형성/변화/해체/잔상 대조. 실시간 재생의 체감 리듬 및 엔진 합성은 미검증,NOT_CHECKED: 게임 내 최종 배율/카메라/필터/배경에서의 선명도 미검증. 명세 배율만으로 런타임 표시를 보았다고 하지 않음,NO_OBVIOUS_ISSUE,기존 파일검사 재사용,TARGET_OUTPUT
area_19,m_cygnus,시그너스,s_mon_cygnus,타락한 여제의 정원,ICON,CONSISTENT_WITH_REFERENCE,D:\maplestory_levup\docs\art\output_repacked\20260912_153221_v24_repack\AREA_19_IMAGES_OUTPUT.zip,AREA_19_IMAGES_OUTPUT/ICON/005_m_cygnus_s_mon_cygnus_ICON.png,"{""AREA_19_IMAGES_OUTPUT/ICON/005_m_cygnus_s_mon_cygnus_ICON.png"": ""dd1019b607ff24ea1ef5b42effb1a1eba5363ffecbcf9a9c425bdac59bcdd623""}",D:\maplestory_levup\docs\art\images-input-packages-v2_4\AREA_19_IMAGES_INPUT_V2_4.zip,V2.4,AREA_19_IMAGES_INPUT_V2_4/monsters/005_m_cygnus_시그너스/GENERATION_SPEC.md,검게 시든 정원 꽃잎이 왕관형 소용돌이를 이루는 장막. ‘시그너스 / 타락한 여제의 정원’ 전용 소재이며 몬스터 본체는 VFX에 직접 넣지 않음,static / static,none,ICON 原寸 전체,보라 왕관·날개형 정령불꽃이 크게 피어 검은 파편과 보라 잔광으로 소멸,D:\maplestory_levup\docs\art\area00-images-output\AREA_00_IMAGES_OUTPUT_ORIGINAL.zip,AREA_00_IMAGES_OUTPUT/monsters/002_m_blue_snail_파란_달팽이/ICON/002_m_blue_snail_s_mon_blue_snail_ICON.png,AREA00 실제 승인 원화. 해당 보드의 기준 프레임 + ART_STYLE_STANDARD의 전체 기준. 고유 모양/저레벨 규모를 요구하지 않음,"번개의 얇은 중심선, 깃털의 가는 결, 그림자 천의 반투명 겹침, 불꽃의 선명한 리본, 여제의 꽃잎/왕관 음영이 역할 사이에 이어진다.",동일 몬스터의 실제 ICON 및 모든 VFX 역할 대조. 색·소재·반사광 관계에서 명백한 이탈 없음,"번개의 얇은 중심선, 깃털의 가는 결, 그림자 천의 반투명 겹침, 불꽃의 선명한 리본, 여제의 꽃잎/왕관 음영이 역할 사이에 이어진다.",AREA00 기준 + 전체 Area의 동일 역할 보드 대조; 다수결 기준 사용 안 함. 추가 소재 비교는 CROSS_AREA_MATERIAL_BOARD_INDEX.csv,팔레트·재질·형상·레벨/보스 규모·밀도·역할별 프레임/시간 차이 허용,해당 없음,검게 시든 정원 꽃잎이 왕관형 소용돌이를 이루는 장막. ‘시그너스 / 타락한 여제의 정원’ 전용 소재이며 몬스터 본체는 VFX에 직접 넣지 않음 | none,원화 유지,NO,NO,D:\maplestory_levup\docs\art\output_audit\runs\20260912_162508_msw_origin_art_review\CROSS_AREA_STYLE_BOARD\area_19_ICON_NATIVE.png,,"PNG 원본을 동일 RGB(32,38,48) 배경에 1:1 합성. 확대는 동일 128px 영역 2배 NEAREST. 큰 보드의 도구 축소 표시 가능; 이탈 상세는 1600px 보드에서 추가 대조",전 프레임 순서상 형성/변화/해체/잔상 대조. 실시간 재생의 체감 리듬 및 엔진 합성은 미검증,NOT_CHECKED: 게임 내 최종 배율/카메라/필터/배경에서의 선명도 미검증. 명세 배율만으로 런타임 표시를 보았다고 하지 않음,NO_OBVIOUS_ISSUE,기존 파일검사 재사용,TARGET_OUTPUT
area_19,m_cygnus,시그너스,s_mon_cygnus,타락한 여제의 정원,CAST_VFX,CONSISTENT_WITH_REFERENCE,D:\maplestory_levup\docs\art\output_repacked\20260912_153221_v24_repack\AREA_19_IMAGES_OUTPUT.zip,AREA_19_IMAGES_OUTPUT/CAST/005_m_cygnus_s_mon_cygnus_CAST_F00.png|AREA_19_IMAGES_OUTPUT/CAST/005_m_cygnus_s_mon_cygnus_CAST_F01.png|AREA_19_IMAGES_OUTPUT/CAST/005_m_cygnus_s_mon_cygnus_CAST_F02.png|AREA_19_IMAGES_OUTPUT/CAST/005_m_cygnus_s_mon_cygnus_CAST_F03.png|AREA_19_IMAGES_OUTPUT/CAST/005_m_cygnus_s_mon_cygnus_CAST_F04.png|AREA_19_IMAGES_OUTPUT/CAST/005_m_cygnus_s_mon_cygnus_CAST_F05.png|AREA_19_IMAGES_OUTPUT/CAST/005_m_cygnus_s_mon_cygnus_CAST_F06.png|AREA_19_IMAGES_OUTPUT/CAST/005_m_cygnus_s_mon_cygnus_CAST_F07.png|AREA_19_IMAGES_OUTPUT/CAST/005_m_cygnus_s_mon_cygnus_CAST_F08.png|AREA_19_IMAGES_OUTPUT/CAST/005_m_cygnus_s_mon_cygnus_CAST_F09.png|AREA_19_IMAGES_OUTPUT/CAST/005_m_cygnus_s_mon_cygnus_CAST_F10.png|AREA_19_IMAGES_OUTPUT/CAST/005_m_cygnus_s_mon_cygnus_CAST_F11.png,"{""AREA_19_IMAGES_OUTPUT/CAST/005_m_cygnus_s_mon_cygnus_CAST_F00.png"": ""aa13c267eced80a24df411c7ab4e80e7efa3075651acf71b2a2868d691d59e7e"", ""AREA_19_IMAGES_OUTPUT/CAST/005_m_cygnus_s_mon_cygnus_CAST_F01.png"": ""4162792482a02e9931ba3b84a953090c4dedd31535b1b816289e250efc33a053"", ""AREA_19_IMAGES_OUTPUT/CAST/005_m_cygnus_s_mon_cygnus_CAST_F02.png"": ""41e569d1e50ead12000543b43c51d04fa314e02d36895b9293ac49a52185ca1e"", ""AREA_19_IMAGES_OUTPUT/CAST/005_m_cygnus_s_mon_cygnus_CAST_F03.png"": ""4a3e064574f01777826b8cd394957f6617d43515f9529045456ee6d50f5ba818"", ""AREA_19_IMAGES_OUTPUT/CAST/005_m_cygnus_s_mon_cygnus_CAST_F04.png"": ""a4a2df7c35f845d17b12ac4131fc10bb9aa016c8e50ce7e17d8099491bd11fd3"", ""AREA_19_IMAGES_OUTPUT/CAST/005_m_cygnus_s_mon_cygnus_CAST_F05.png"": ""cff7dfdcf6ccebcfc5fc03c19d13ea8e5c9959d5aa7b0e4a2bdf8b202d470cc0"", ""AREA_19_IMAGES_OUTPUT/CAST/005_m_cygnus_s_mon_cygnus_CAST_F06.png"": ""3d37a879e401826d3a658505ff5a34bd818da1ccbac4f50722670106708bed4d"", ""AREA_19_IMAGES_OUTPUT/CAST/005_m_cygnus_s_mon_cygnus_CAST_F07.png"": ""acd8b027e8d42cb2436b0a704f105d06f7e4e35d7baab4fd3ce7aaae2d9f4c07"", ""AREA_19_IMAGES_OUTPUT/CAST/005_m_cygnus_s_mon_cygnus_CAST_F08.png"": ""327b48fb002b6175ad0884442ed2d7894e4c22e845573f5d7cc5739d4ae59d61"", ""AREA_19_IMAGES_OUTPUT/CAST/005_m_cygnus_s_mon_cygnus_CAST_F09.png"": ""4d08f211a1f7b56805efa72b86a620e5965a8ba11928442d7009c1836d3cc813"", ""AREA_19_IMAGES_OUTPUT/CAST/005_m_cygnus_s_mon_cygnus_CAST_F10.png"": ""43434b5b8e5d3803a2bde160f3fb79198a9be24a95d0ce9c04d9a0340ee68529"", ""AREA_19_IMAGES_OUTPUT/CAST/005_m_cygnus_s_mon_cygnus_CAST_F11.png"": ""ebfdbcfa04e14ede069638a4f9194250e623e3a43928683b150d8b2e1fc9c103""}",D:\maplestory_levup\docs\art\images-input-packages-v2_4\AREA_19_IMAGES_INPUT_V2_4.zip,V2.4,AREA_19_IMAGES_INPUT_V2_4/monsters/005_m_cygnus_시그너스/GENERATION_SPEC.md,검게 시든 정원 꽃잎이 왕관형 소용돌이를 이루는 장막. ‘시그너스 / 타락한 여제의 정원’ 전용 소재이며 몬스터 본체는 VFX에 직접 넣지 않음,0.08 / non-loop one-shot,SkillEffect applies FlipX for directional attacks; delayed layer samples caster position at SpawnLayer execution; map entity then applies drift,F00–F11 전체를 순서대로 직접 대조,보라 왕관·날개형 정령불꽃이 크게 피어 검은 파편과 보라 잔광으로 소멸,D:\maplestory_levup\docs\art\area00-images-output\AREA_00_IMAGES_OUTPUT_ORIGINAL.zip,AREA_00_IMAGES_OUTPUT/monsters/004_m_mano_마노/VFX/004_m_mano_s_mon_mano_F06.png,AREA00 실제 승인 원화. 해당 보드의 기준 프레임 + ART_STYLE_STANDARD의 전체 기준. 고유 모양/저레벨 규모를 요구하지 않음,"번개의 얇은 중심선, 깃털의 가는 결, 그림자 천의 반투명 겹침, 불꽃의 선명한 리본, 여제의 꽃잎/왕관 음영이 역할 사이에 이어진다.",동일 몬스터의 실제 ICON 및 모든 VFX 역할 대조. 색·소재·반사광 관계에서 명백한 이탈 없음,"번개의 얇은 중심선, 깃털의 가는 결, 그림자 천의 반투명 겹침, 불꽃의 선명한 리본, 여제의 꽃잎/왕관 음영이 역할 사이에 이어진다.",AREA00 기준 + 전체 Area의 동일 역할 보드 대조; 다수결 기준 사용 안 함. 추가 소재 비교는 CROSS_AREA_MATERIAL_BOARD_INDEX.csv,팔레트·재질·형상·레벨/보스 규모·밀도·역할별 프레임/시간 차이 허용,해당 없음,검게 시든 정원 꽃잎이 왕관형 소용돌이를 이루는 장막. ‘시그너스 / 타락한 여제의 정원’ 전용 소재이며 몬스터 본체는 VFX에 직접 넣지 않음 | SkillEffect applies FlipX for directional attacks; delayed layer samples caster position at SpawnLayer execution; map entity then applies drift,원화 유지,NO,NO,D:\maplestory_levup\docs\art\output_audit\runs\20260912_162508_msw_origin_art_review\CROSS_AREA_STYLE_BOARD\area_19_m_cygnus_CAST_VFX_NATIVE.png,,"PNG 원본을 동일 RGB(32,38,48) 배경에 1:1 합성. 확대는 동일 128px 영역 2배 NEAREST. 큰 보드의 도구 축소 표시 가능; 이탈 상세는 1600px 보드에서 추가 대조",전 프레임 순서상 형성/변화/해체/잔상 대조. 실시간 재생의 체감 리듬 및 엔진 합성은 미검증,NOT_CHECKED: 게임 내 최종 배율/카메라/필터/배경에서의 선명도 미검증. 명세 배율만으로 런타임 표시를 보았다고 하지 않음,NO_OBVIOUS_ISSUE,기존 파일검사 재사용,TARGET_OUTPUT
area_20,m_mutant_dark_stump,변형된 다크 스텀프,s_mon_mutant_dark_stump,뒤틀린 고목의 껍질,ICON,CONSISTENT_WITH_REFERENCE,D:\maplestory_levup\docs\art\output_repacked\20260912_153221_v24_repack\AREA_20_IMAGES_OUTPUT.zip,AREA_20_IMAGES_OUTPUT/ICON/001_m_mutant_dark_stump_s_mon_mutant_dark_stump_ICON.png,"{""AREA_20_IMAGES_OUTPUT/ICON/001_m_mutant_dark_stump_s_mon_mutant_dark_stump_ICON.png"": ""564d3c330e1483eae519ca463bf93b3c9846f212d2a6780be5ef6a6ec92ebe08""}",D:\maplestory_levup\docs\art\images-input-packages-v2_4\AREA_20_IMAGES_INPUT_V2_4.zip,V2.4,AREA_20_IMAGES_INPUT_V2_4/monsters/001_m_mutant_dark_stump_변형된_다크_스텀프/GENERATION_SPEC.md,뒤틀린 나이테 껍질이 겹쳐지고 검은 수액이 굳는 방호층. ‘변형된 다크 스텀프 / 뒤틀린 고목의 껍질’ 전용 소재이며 몬스터 본체는 VFX에 직접 넣지 않음,static / static,none,ICON 原寸 전체,뒤틀린 검갈 나무껍질이 닫힌 고치 방패로 커졌다 흰 파편과 함께 풀림,D:\maplestory_levup\docs\art\area00-images-output\AREA_00_IMAGES_OUTPUT_ORIGINAL.zip,AREA_00_IMAGES_OUTPUT/monsters/002_m_blue_snail_파란_달팽이/ICON/002_m_blue_snail_s_mon_blue_snail_ICON.png,AREA00 실제 승인 원화. 해당 보드의 기준 프레임 + ART_STYLE_STANDARD의 전체 기준. 고유 모양/저레벨 규모를 요구하지 않음,균열 암석의 거친 면·나무의 결·금속 코의 반사는 소재대로 다르지만 가는 경계와 먼지/보라 잔상의 층이 연결된다. 어두운 팔레트나 낮은 광택은 수정 근거가 아니다.,동일 몬스터의 실제 ICON 및 모든 VFX 역할 대조. 색·소재·반사광 관계에서 명백한 이탈 없음,균열 암석의 거친 면·나무의 결·금속 코의 반사는 소재대로 다르지만 가는 경계와 먼지/보라 잔상의 층이 연결된다. 어두운 팔레트나 낮은 광택은 수정 근거가 아니다.,AREA00 기준 + 전체 Area의 동일 역할 보드 대조; 다수결 기준 사용 안 함. 추가 소재 비교는 CROSS_AREA_MATERIAL_BOARD_INDEX.csv,팔레트·재질·형상·레벨/보스 규모·밀도·역할별 프레임/시간 차이 허용,해당 없음,뒤틀린 나이테 껍질이 겹쳐지고 검은 수액이 굳는 방호층. ‘변형된 다크 스텀프 / 뒤틀린 고목의 껍질’ 전용 소재이며 몬스터 본체는 VFX에 직접 넣지 않음 | none,원화 유지,NO,NO,D:\maplestory_levup\docs\art\output_audit\runs\20260912_162508_msw_origin_art_review\CROSS_AREA_STYLE_BOARD\area_20_ICON_NATIVE.png,,"PNG 원본을 동일 RGB(32,38,48) 배경에 1:1 합성. 확대는 동일 128px 영역 2배 NEAREST. 큰 보드의 도구 축소 표시 가능; 이탈 상세는 1600px 보드에서 추가 대조",전 프레임 순서상 형성/변화/해체/잔상 대조. 실시간 재생의 체감 리듬 및 엔진 합성은 미검증,NOT_CHECKED: 게임 내 최종 배율/카메라/필터/배경에서의 선명도 미검증. 명세 배율만으로 런타임 표시를 보았다고 하지 않음,NO_OBVIOUS_ISSUE,기존 파일검사 재사용,TARGET_OUTPUT
area_20,m_mutant_dark_stump,변형된 다크 스텀프,s_mon_mutant_dark_stump,뒤틀린 고목의 껍질,REFERENCE_VFX,CONSISTENT_WITH_REFERENCE,D:\maplestory_levup\docs\art\output_repacked\20260912_153221_v24_repack\AREA_20_IMAGES_OUTPUT.zip,AREA_20_IMAGES_OUTPUT/REFERENCE/001_m_mutant_dark_stump_s_mon_mutant_dark_stump_REFERENCE_F00.png|AREA_20_IMAGES_OUTPUT/REFERENCE/001_m_mutant_dark_stump_s_mon_mutant_dark_stump_REFERENCE_F01.png|AREA_20_IMAGES_OUTPUT/REFERENCE/001_m_mutant_dark_stump_s_mon_mutant_dark_stump_REFERENCE_F02.png|AREA_20_IMAGES_OUTPUT/REFERENCE/001_m_mutant_dark_stump_s_mon_mutant_dark_stump_REFERENCE_F03.png|AREA_20_IMAGES_OUTPUT/REFERENCE/001_m_mutant_dark_stump_s_mon_mutant_dark_stump_REFERENCE_F04.png|AREA_20_IMAGES_OUTPUT/REFERENCE/001_m_mutant_dark_stump_s_mon_mutant_dark_stump_REFERENCE_F05.png,"{""AREA_20_IMAGES_OUTPUT/REFERENCE/001_m_mutant_dark_stump_s_mon_mutant_dark_stump_REFERENCE_F00.png"": ""5f72302560ed427ccf33d4317fffff8f24cd337e508acc6010e32bbf6a098ff0"", ""AREA_20_IMAGES_OUTPUT/REFERENCE/001_m_mutant_dark_stump_s_mon_mutant_dark_stump_REFERENCE_F01.png"": ""3eb5a7950b0526c0ffe8b64565e018af10c0b60bd8600beb465ed0738a60ce98"", ""AREA_20_IMAGES_OUTPUT/REFERENCE/001_m_mutant_dark_stump_s_mon_mutant_dark_stump_REFERENCE_F02.png"": ""dd842a1c3360ea73983dcfa5f5f10085e4377750056eb52dd467f9e65fe8b924"", ""AREA_20_IMAGES_OUTPUT/REFERENCE/001_m_mutant_dark_stump_s_mon_mutant_dark_stump_REFERENCE_F03.png"": ""9f336566107999f34bd9782da9acfce1b0ef1d0a4e0fad6cd9dc48969588babd"", ""AREA_20_IMAGES_OUTPUT/REFERENCE/001_m_mutant_dark_stump_s_mon_mutant_dark_stump_REFERENCE_F04.png"": ""47a9f347d94fa27627f48efbf791e7e6b7b006b6252cd0051ae6b75211a21fd8"", ""AREA_20_IMAGES_OUTPUT/REFERENCE/001_m_mutant_dark_stump_s_mon_mutant_dark_stump_REFERENCE_F05.png"": ""e9eab114ddd09753b7f5956dd8b7814c7f22ed20e2fdf02aaab3fc2e478c9c20""}",D:\maplestory_levup\docs\art\images-input-packages-v2_4\AREA_20_IMAGES_INPUT_V2_4.zip,V2.4,AREA_20_IMAGES_INPUT_V2_4/monsters/001_m_mutant_dark_stump_변형된_다크_스텀프/GENERATION_SPEC.md,뒤틀린 나이테 껍질이 겹쳐지고 검은 수액이 굳는 방호층. ‘변형된 다크 스텀프 / 뒤틀린 고목의 껍질’ 전용 소재이며 몬스터 본체는 VFX에 직접 넣지 않음,0.10 / preview-only non-loop,preview only; no engine motion/FlipX contract,F00–F05 전체를 순서대로 직접 대조,뒤틀린 검갈 나무껍질이 닫힌 고치 방패로 커졌다 흰 파편과 함께 풀림,D:\maplestory_levup\docs\art\area00-images-output\AREA_00_IMAGES_OUTPUT_ORIGINAL.zip,AREA_00_IMAGES_OUTPUT/monsters/002_m_blue_snail_파란_달팽이/VFX/002_m_blue_snail_s_mon_blue_snail_F04.png,AREA00 실제 승인 원화. 해당 보드의 기준 프레임 + ART_STYLE_STANDARD의 전체 기준. 고유 모양/저레벨 규모를 요구하지 않음,균열 암석의 거친 면·나무의 결·금속 코의 반사는 소재대로 다르지만 가는 경계와 먼지/보라 잔상의 층이 연결된다. 어두운 팔레트나 낮은 광택은 수정 근거가 아니다.,동일 몬스터의 실제 ICON 및 모든 VFX 역할 대조. 색·소재·반사광 관계에서 명백한 이탈 없음,균열 암석의 거친 면·나무의 결·금속 코의 반사는 소재대로 다르지만 가는 경계와 먼지/보라 잔상의 층이 연결된다. 어두운 팔레트나 낮은 광택은 수정 근거가 아니다.,AREA00 기준 + 전체 Area의 동일 역할 보드 대조; 다수결 기준 사용 안 함. 추가 소재 비교는 CROSS_AREA_MATERIAL_BOARD_INDEX.csv,팔레트·재질·형상·레벨/보스 규모·밀도·역할별 프레임/시간 차이 허용,해당 없음,뒤틀린 나이테 껍질이 겹쳐지고 검은 수액이 굳는 방호층. ‘변형된 다크 스텀프 / 뒤틀린 고목의 껍질’ 전용 소재이며 몬스터 본체는 VFX에 직접 넣지 않음 | preview only; no engine motion/FlipX contract,원화 유지,NO,NO,D:\maplestory_levup\docs\art\output_audit\runs\20260912_162508_msw_origin_art_review\CROSS_AREA_STYLE_BOARD\area_20_m_mutant_dark_stump_REFERENCE_VFX_NATIVE.png,,"PNG 원본을 동일 RGB(32,38,48) 배경에 1:1 합성. 확대는 동일 128px 영역 2배 NEAREST. 큰 보드의 도구 축소 표시 가능; 이탈 상세는 1600px 보드에서 추가 대조",전 프레임 순서상 형성/변화/해체/잔상 대조. 실시간 재생의 체감 리듬 및 엔진 합성은 미검증,NOT_CHECKED: 게임 내 최종 배율/카메라/필터/배경에서의 선명도 미검증. 명세 배율만으로 런타임 표시를 보았다고 하지 않음,NO_OBVIOUS_ISSUE,기존 파일검사 재사용,TARGET_OUTPUT
area_20,m_mutant_iron_hog,변형된 아이언호그,s_mon_mutant_iron_hog,황야의 철갑 돌진,ICON,CONSISTENT_WITH_REFERENCE,D:\maplestory_levup\docs\art\output_repacked\20260912_153221_v24_repack\AREA_20_IMAGES_OUTPUT.zip,AREA_20_IMAGES_OUTPUT/ICON/002_m_mutant_iron_hog_s_mon_mutant_iron_hog_ICON.png,"{""AREA_20_IMAGES_OUTPUT/ICON/002_m_mutant_iron_hog_s_mon_mutant_iron_hog_ICON.png"": ""b315d02af4c2751900565f6102a8a8842a038656cb7581dfecf4aa5d74034eb8""}",D:\maplestory_levup\docs\art\images-input-packages-v2_4\AREA_20_IMAGES_INPUT_V2_4.zip,V2.4,AREA_20_IMAGES_INPUT_V2_4/monsters/002_m_mutant_iron_hog_변형된_아이언호그/GENERATION_SPEC.md,두꺼운 철갑 주둥이가 전방을 가르며 황야 먼지를 뿜는 돌진. ‘변형된 아이언호그 / 황야의 철갑 돌진’ 전용 소재이며 몬스터 본체는 VFX에 직접 넣지 않음,static / static,none,ICON 原寸 전체,철갑과 갈색 흙덩이가 전방 압축탄처럼 말려 충돌 파편을 만들고 먼지로 감소,D:\maplestory_levup\docs\art\area00-images-output\AREA_00_IMAGES_OUTPUT_ORIGINAL.zip,AREA_00_IMAGES_OUTPUT/monsters/002_m_blue_snail_파란_달팽이/ICON/002_m_blue_snail_s_mon_blue_snail_ICON.png,AREA00 실제 승인 원화. 해당 보드의 기준 프레임 + ART_STYLE_STANDARD의 전체 기준. 고유 모양/저레벨 규모를 요구하지 않음,균열 암석의 거친 면·나무의 결·금속 코의 반사는 소재대로 다르지만 가는 경계와 먼지/보라 잔상의 층이 연결된다. 어두운 팔레트나 낮은 광택은 수정 근거가 아니다.,동일 몬스터의 실제 ICON 및 모든 VFX 역할 대조. 색·소재·반사광 관계에서 명백한 이탈 없음,균열 암석의 거친 면·나무의 결·금속 코의 반사는 소재대로 다르지만 가는 경계와 먼지/보라 잔상의 층이 연결된다. 어두운 팔레트나 낮은 광택은 수정 근거가 아니다.,AREA00 기준 + 전체 Area의 동일 역할 보드 대조; 다수결 기준 사용 안 함. 추가 소재 비교는 CROSS_AREA_MATERIAL_BOARD_INDEX.csv,팔레트·재질·형상·레벨/보스 규모·밀도·역할별 프레임/시간 차이 허용,해당 없음,두꺼운 철갑 주둥이가 전방을 가르며 황야 먼지를 뿜는 돌진. ‘변형된 아이언호그 / 황야의 철갑 돌진’ 전용 소재이며 몬스터 본체는 VFX에 직접 넣지 않음 | none,원화 유지,NO,NO,D:\maplestory_levup\docs\art\output_audit\runs\20260912_162508_msw_origin_art_review\CROSS_AREA_STYLE_BOARD\area_20_ICON_NATIVE.png,,"PNG 원본을 동일 RGB(32,38,48) 배경에 1:1 합성. 확대는 동일 128px 영역 2배 NEAREST. 큰 보드의 도구 축소 표시 가능; 이탈 상세는 1600px 보드에서 추가 대조",전 프레임 순서상 형성/변화/해체/잔상 대조. 실시간 재생의 체감 리듬 및 엔진 합성은 미검증,NOT_CHECKED: 게임 내 최종 배율/카메라/필터/배경에서의 선명도 미검증. 명세 배율만으로 런타임 표시를 보았다고 하지 않음,NO_OBVIOUS_ISSUE,기존 파일검사 재사용,TARGET_OUTPUT
area_20,m_mutant_iron_hog,변형된 아이언호그,s_mon_mutant_iron_hog,황야의 철갑 돌진,CAST_VFX,CONSISTENT_WITH_REFERENCE,D:\maplestory_levup\docs\art\output_repacked\20260912_153221_v24_repack\AREA_20_IMAGES_OUTPUT.zip,AREA_20_IMAGES_OUTPUT/CAST/002_m_mutant_iron_hog_s_mon_mutant_iron_hog_CAST_F00.png|AREA_20_IMAGES_OUTPUT/CAST/002_m_mutant_iron_hog_s_mon_mutant_iron_hog_CAST_F01.png|AREA_20_IMAGES_OUTPUT/CAST/002_m_mutant_iron_hog_s_mon_mutant_iron_hog_CAST_F02.png|AREA_20_IMAGES_OUTPUT/CAST/002_m_mutant_iron_hog_s_mon_mutant_iron_hog_CAST_F03.png|AREA_20_IMAGES_OUTPUT/CAST/002_m_mutant_iron_hog_s_mon_mutant_iron_hog_CAST_F04.png|AREA_20_IMAGES_OUTPUT/CAST/002_m_mutant_iron_hog_s_mon_mutant_iron_hog_CAST_F05.png|AREA_20_IMAGES_OUTPUT/CAST/002_m_mutant_iron_hog_s_mon_mutant_iron_hog_CAST_F06.png|AREA_20_IMAGES_OUTPUT/CAST/002_m_mutant_iron_hog_s_mon_mutant_iron_hog_CAST_F07.png,"{""AREA_20_IMAGES_OUTPUT/CAST/002_m_mutant_iron_hog_s_mon_mutant_iron_hog_CAST_F00.png"": ""4a3bf79b822071b736c7677e51682d280769fa1f9cecf21aaeb7f2225624d365"", ""AREA_20_IMAGES_OUTPUT/CAST/002_m_mutant_iron_hog_s_mon_mutant_iron_hog_CAST_F01.png"": ""16f863d454b7a07d4d653ed95881991d41109e239f7bf90e2f797eb4b8fb44bd"", ""AREA_20_IMAGES_OUTPUT/CAST/002_m_mutant_iron_hog_s_mon_mutant_iron_hog_CAST_F02.png"": ""1c2183d13f74f3cab379633219f3d77efd8cb8c7259e79885bd18d61fe732d7b"", ""AREA_20_IMAGES_OUTPUT/CAST/002_m_mutant_iron_hog_s_mon_mutant_iron_hog_CAST_F03.png"": ""cf9d5ca05b7aee012c11d2033f81e79f5e886da08f277bced7aebd345ac28428"", ""AREA_20_IMAGES_OUTPUT/CAST/002_m_mutant_iron_hog_s_mon_mutant_iron_hog_CAST_F04.png"": ""87a3bc4e14b00b203bbe3677dbeab523bc52b9cf301385e986caa2b0162d0bcd"", ""AREA_20_IMAGES_OUTPUT/CAST/002_m_mutant_iron_hog_s_mon_mutant_iron_hog_CAST_F05.png"": ""59e2559ea1a8b19fe9b2e48f054543497dc941361855c67a32528c84379b05c5"", ""AREA_20_IMAGES_OUTPUT/CAST/002_m_mutant_iron_hog_s_mon_mutant_iron_hog_CAST_F06.png"": ""b1c7717049e6d15ea2aee7c49b5ccd7afbde2a8926522f0504c52cdb695dd30c"", ""AREA_20_IMAGES_OUTPUT/CAST/002_m_mutant_iron_hog_s_mon_mutant_iron_hog_CAST_F07.png"": ""82ecb6586dedc8bd8ebfba739d06d0c64e1fc04c386c1ebc932cad2cd44fbe9c""}",D:\maplestory_levup\docs\art\images-input-packages-v2_4\AREA_20_IMAGES_INPUT_V2_4.zip,V2.4,AREA_20_IMAGES_INPUT_V2_4/monsters/002_m_mutant_iron_hog_변형된_아이언호그/GENERATION_SPEC.md,두꺼운 철갑 주둥이가 전방을 가르며 황야 먼지를 뿜는 돌진. ‘변형된 아이언호그 / 황야의 철갑 돌진’ 전용 소재이며 몬스터 본체는 VFX에 직접 넣지 않음,0.10 / non-loop one-shot,SkillEffect applies FlipX for directional attacks; delayed layer samples caster position at SpawnLayer execution; map entity then applies drift,F00–F07 전체를 순서대로 직접 대조,철갑과 갈색 흙덩이가 전방 압축탄처럼 말려 충돌 파편을 만들고 먼지로 감소,D:\maplestory_levup\docs\art\area00-images-output\AREA_00_IMAGES_OUTPUT_ORIGINAL.zip,AREA_00_IMAGES_OUTPUT/monsters/005_m_slime_슬라임/VFX/005_m_slime_s_mon_slime_F04.png,AREA00 실제 승인 원화. 해당 보드의 기준 프레임 + ART_STYLE_STANDARD의 전체 기준. 고유 모양/저레벨 규모를 요구하지 않음,균열 암석의 거친 면·나무의 결·금속 코의 반사는 소재대로 다르지만 가는 경계와 먼지/보라 잔상의 층이 연결된다. 어두운 팔레트나 낮은 광택은 수정 근거가 아니다.,동일 몬스터의 실제 ICON 및 모든 VFX 역할 대조. 색·소재·반사광 관계에서 명백한 이탈 없음,균열 암석의 거친 면·나무의 결·금속 코의 반사는 소재대로 다르지만 가는 경계와 먼지/보라 잔상의 층이 연결된다. 어두운 팔레트나 낮은 광택은 수정 근거가 아니다.,AREA00 기준 + 전체 Area의 동일 역할 보드 대조; 다수결 기준 사용 안 함. 추가 소재 비교는 CROSS_AREA_MATERIAL_BOARD_INDEX.csv,팔레트·재질·형상·레벨/보스 규모·밀도·역할별 프레임/시간 차이 허용,해당 없음,두꺼운 철갑 주둥이가 전방을 가르며 황야 먼지를 뿜는 돌진. ‘변형된 아이언호그 / 황야의 철갑 돌진’ 전용 소재이며 몬스터 본체는 VFX에 직접 넣지 않음 | SkillEffect applies FlipX for directional attacks; delayed layer samples caster position at SpawnLayer execution; map entity then applies drift,원화 유지,NO,NO,D:\maplestory_levup\docs\art\output_audit\runs\20260912_162508_msw_origin_art_review\CROSS_AREA_STYLE_BOARD\area_20_m_mutant_iron_hog_CAST_VFX_NATIVE.png,,"PNG 원본을 동일 RGB(32,38,48) 배경에 1:1 합성. 확대는 동일 128px 영역 2배 NEAREST. 큰 보드의 도구 축소 표시 가능; 이탈 상세는 1600px 보드에서 추가 대조",전 프레임 순서상 형성/변화/해체/잔상 대조. 실시간 재생의 체감 리듬 및 엔진 합성은 미검증,NOT_CHECKED: 게임 내 최종 배율/카메라/필터/배경에서의 선명도 미검증. 명세 배율만으로 런타임 표시를 보았다고 하지 않음,NO_OBVIOUS_ISSUE,기존 파일검사 재사용,TARGET_OUTPUT
area_20,m_mutant_stone_mask,변형된 스톤마스크,s_mon_mutant_stone_mask,발굴지의 석면,ICON,CONSISTENT_WITH_REFERENCE,D:\maplestory_levup\docs\art\output_repacked\20260912_153221_v24_repack\AREA_20_IMAGES_OUTPUT.zip,AREA_20_IMAGES_OUTPUT/ICON/003_m_mutant_stone_mask_s_mon_mutant_stone_mask_ICON.png,"{""AREA_20_IMAGES_OUTPUT/ICON/003_m_mutant_stone_mask_s_mon_mutant_stone_mask_ICON.png"": ""578749aa45835af1bc94f4891b145b8c6877757ed6a6927923553e0781cc7262""}",D:\maplestory_levup\docs\art\images-input-packages-v2_4\AREA_20_IMAGES_INPUT_V2_4.zip,V2.4,AREA_20_IMAGES_INPUT_V2_4/monsters/003_m_mutant_stone_mask_변형된_스톤마스크/GENERATION_SPEC.md,깨진 석면 조각과 발굴지 문양이 겹치는 암석 방호. ‘변형된 스톤마스크 / 발굴지의 석면’ 전용 소재이며 몬스터 본체는 VFX에 직접 넣지 않음,static / static,none,ICON 原寸 전체,갈색 돌판/가면 조각이 원형 보호판으로 맞물리고 반사광 뒤 분리된다. 섬유 소재를 관찰했다고 해석하지 않음.,D:\maplestory_levup\docs\art\area00-images-output\AREA_00_IMAGES_OUTPUT_ORIGINAL.zip,AREA_00_IMAGES_OUTPUT/monsters/002_m_blue_snail_파란_달팽이/ICON/002_m_blue_snail_s_mon_blue_snail_ICON.png,AREA00 실제 승인 원화. 해당 보드의 기준 프레임 + ART_STYLE_STANDARD의 전체 기준. 고유 모양/저레벨 규모를 요구하지 않음,균열 암석의 거친 면·나무의 결·금속 코의 반사는 소재대로 다르지만 가는 경계와 먼지/보라 잔상의 층이 연결된다. 어두운 팔레트나 낮은 광택은 수정 근거가 아니다.,동일 몬스터의 실제 ICON 및 모든 VFX 역할 대조. 색·소재·반사광 관계에서 명백한 이탈 없음,균열 암석의 거친 면·나무의 결·금속 코의 반사는 소재대로 다르지만 가는 경계와 먼지/보라 잔상의 층이 연결된다. 어두운 팔레트나 낮은 광택은 수정 근거가 아니다.,AREA00 기준 + 전체 Area의 동일 역할 보드 대조; 다수결 기준 사용 안 함. 추가 소재 비교는 CROSS_AREA_MATERIAL_BOARD_INDEX.csv,팔레트·재질·형상·레벨/보스 규모·밀도·역할별 프레임/시간 차이 허용,해당 없음,깨진 석면 조각과 발굴지 문양이 겹치는 암석 방호. ‘변형된 스톤마스크 / 발굴지의 석면’ 전용 소재이며 몬스터 본체는 VFX에 직접 넣지 않음 | none,원화 유지,NO,NO,D:\maplestory_levup\docs\art\output_audit\runs\20260912_162508_msw_origin_art_review\CROSS_AREA_STYLE_BOARD\area_20_ICON_NATIVE.png,,"PNG 원본을 동일 RGB(32,38,48) 배경에 1:1 합성. 확대는 동일 128px 영역 2배 NEAREST. 큰 보드의 도구 축소 표시 가능; 이탈 상세는 1600px 보드에서 추가 대조",전 프레임 순서상 형성/변화/해체/잔상 대조. 실시간 재생의 체감 리듬 및 엔진 합성은 미검증,NOT_CHECKED: 게임 내 최종 배율/카메라/필터/배경에서의 선명도 미검증. 명세 배율만으로 런타임 표시를 보았다고 하지 않음,NO_OBVIOUS_ISSUE,기존 파일검사 재사용,TARGET_OUTPUT
area_20,m_mutant_stone_mask,변형된 스톤마스크,s_mon_mutant_stone_mask,발굴지의 석면,REFERENCE_VFX,CONSISTENT_WITH_REFERENCE,D:\maplestory_levup\docs\art\output_repacked\20260912_153221_v24_repack\AREA_20_IMAGES_OUTPUT.zip,AREA_20_IMAGES_OUTPUT/REFERENCE/003_m_mutant_stone_mask_s_mon_mutant_stone_mask_REFERENCE_F00.png|AREA_20_IMAGES_OUTPUT/REFERENCE/003_m_mutant_stone_mask_s_mon_mutant_stone_mask_REFERENCE_F01.png|AREA_20_IMAGES_OUTPUT/REFERENCE/003_m_mutant_stone_mask_s_mon_mutant_stone_mask_REFERENCE_F02.png|AREA_20_IMAGES_OUTPUT/REFERENCE/003_m_mutant_stone_mask_s_mon_mutant_stone_mask_REFERENCE_F03.png|AREA_20_IMAGES_OUTPUT/REFERENCE/003_m_mutant_stone_mask_s_mon_mutant_stone_mask_REFERENCE_F04.png|AREA_20_IMAGES_OUTPUT/REFERENCE/003_m_mutant_stone_mask_s_mon_mutant_stone_mask_REFERENCE_F05.png,"{""AREA_20_IMAGES_OUTPUT/REFERENCE/003_m_mutant_stone_mask_s_mon_mutant_stone_mask_REFERENCE_F00.png"": ""fdab0b31555182e746735d8a699ab54b9d6b13e3aa14480773c4b6efe0f6d850"", ""AREA_20_IMAGES_OUTPUT/REFERENCE/003_m_mutant_stone_mask_s_mon_mutant_stone_mask_REFERENCE_F01.png"": ""6667fb3f1bbdca1e69722aeaa77b58b3ecfdc8b4ab689d3b092b081ce2a8802c"", ""AREA_20_IMAGES_OUTPUT/REFERENCE/003_m_mutant_stone_mask_s_mon_mutant_stone_mask_REFERENCE_F02.png"": ""6a8e007304a8baabca2da940f91d0632f6c21ad284c6971af2b8fb7fe9b3d378"", ""AREA_20_IMAGES_OUTPUT/REFERENCE/003_m_mutant_stone_mask_s_mon_mutant_stone_mask_REFERENCE_F03.png"": ""4f30af63165464ef68de4b6af7958c76a4e811e5f684ec53c9e94035943d633d"", ""AREA_20_IMAGES_OUTPUT/REFERENCE/003_m_mutant_stone_mask_s_mon_mutant_stone_mask_REFERENCE_F04.png"": ""01d4c4565367700bdafff41e4ed37fa5fdff5e44db5833a1144242f4fb970c37"", ""AREA_20_IMAGES_OUTPUT/REFERENCE/003_m_mutant_stone_mask_s_mon_mutant_stone_mask_REFERENCE_F05.png"": ""7476713e069f21118857b997f5668d6c842653659c89b9b986ec8641d658ae8e""}",D:\maplestory_levup\docs\art\images-input-packages-v2_4\AREA_20_IMAGES_INPUT_V2_4.zip,V2.4,AREA_20_IMAGES_INPUT_V2_4/monsters/003_m_mutant_stone_mask_변형된_스톤마스크/GENERATION_SPEC.md,깨진 석면 조각과 발굴지 문양이 겹치는 암석 방호. ‘변형된 스톤마스크 / 발굴지의 석면’ 전용 소재이며 몬스터 본체는 VFX에 직접 넣지 않음,0.10 / preview-only non-loop,preview only; no engine motion/FlipX contract,F00–F05 전체를 순서대로 직접 대조,갈색 돌판/가면 조각이 원형 보호판으로 맞물리고 반사광 뒤 분리된다. 섬유 소재를 관찰했다고 해석하지 않음.,D:\maplestory_levup\docs\art\area00-images-output\AREA_00_IMAGES_OUTPUT_ORIGINAL.zip,AREA_00_IMAGES_OUTPUT/monsters/002_m_blue_snail_파란_달팽이/VFX/002_m_blue_snail_s_mon_blue_snail_F04.png,AREA00 실제 승인 원화. 해당 보드의 기준 프레임 + ART_STYLE_STANDARD의 전체 기준. 고유 모양/저레벨 규모를 요구하지 않음,균열 암석의 거친 면·나무의 결·금속 코의 반사는 소재대로 다르지만 가는 경계와 먼지/보라 잔상의 층이 연결된다. 어두운 팔레트나 낮은 광택은 수정 근거가 아니다.,동일 몬스터의 실제 ICON 및 모든 VFX 역할 대조. 색·소재·반사광 관계에서 명백한 이탈 없음,균열 암석의 거친 면·나무의 결·금속 코의 반사는 소재대로 다르지만 가는 경계와 먼지/보라 잔상의 층이 연결된다. 어두운 팔레트나 낮은 광택은 수정 근거가 아니다.,AREA00 기준 + 전체 Area의 동일 역할 보드 대조; 다수결 기준 사용 안 함. 추가 소재 비교는 CROSS_AREA_MATERIAL_BOARD_INDEX.csv,팔레트·재질·형상·레벨/보스 규모·밀도·역할별 프레임/시간 차이 허용,해당 없음,깨진 석면 조각과 발굴지 문양이 겹치는 암석 방호. ‘변형된 스톤마스크 / 발굴지의 석면’ 전용 소재이며 몬스터 본체는 VFX에 직접 넣지 않음 | preview only; no engine motion/FlipX contract,원화 유지,NO,NO,D:\maplestory_levup\docs\art\output_audit\runs\20260912_162508_msw_origin_art_review\CROSS_AREA_STYLE_BOARD\area_20_m_mutant_stone_mask_REFERENCE_VFX_NATIVE.png,,"PNG 원본을 동일 RGB(32,38,48) 배경에 1:1 합성. 확대는 동일 128px 영역 2배 NEAREST. 큰 보드의 도구 축소 표시 가능; 이탈 상세는 1600px 보드에서 추가 대조",전 프레임 순서상 형성/변화/해체/잔상 대조. 실시간 재생의 체감 리듬 및 엔진 합성은 미검증,NOT_CHECKED: 게임 내 최종 배율/카메라/필터/배경에서의 선명도 미검증. 명세 배율만으로 런타임 표시를 보았다고 하지 않음,NO_OBVIOUS_ISSUE,기존 파일검사 재사용,TARGET_OUTPUT
area_20,m_ancient_dark_golem,에인션트 다크골렘,s_mon_ancient_dark_golem,고대 암흑 지진,ICON,CONSISTENT_WITH_REFERENCE,D:\maplestory_levup\docs\art\output_repacked\20260912_153221_v24_repack\AREA_20_IMAGES_OUTPUT.zip,AREA_20_IMAGES_OUTPUT/ICON/004_m_ancient_dark_golem_s_mon_ancient_dark_golem_ICON.png,"{""AREA_20_IMAGES_OUTPUT/ICON/004_m_ancient_dark_golem_s_mon_ancient_dark_golem_ICON.png"": ""628a51a86cb50e16f084f14da3307eaf400917b0021a7e2f81b3c29e4a127008""}",D:\maplestory_levup\docs\art\images-input-packages-v2_4\AREA_20_IMAGES_INPUT_V2_4.zip,V2.4,AREA_20_IMAGES_INPUT_V2_4/monsters/004_m_ancient_dark_golem_에인션트_다크골렘/GENERATION_SPEC.md,고대 암석 균열이 지면을 가로지르며 검은 돌기둥을 세우는 지진. ‘에인션트 다크골렘 / 고대 암흑 지진’ 전용 소재이며 몬스터 본체는 VFX에 직접 넣지 않음,static / static,none,ICON 原寸 전체,검갈 암석가시가 지면 균열에서 솟아 큰 산형 충격을 만들고 분진으로 가라앉음,D:\maplestory_levup\docs\art\area00-images-output\AREA_00_IMAGES_OUTPUT_ORIGINAL.zip,AREA_00_IMAGES_OUTPUT/monsters/002_m_blue_snail_파란_달팽이/ICON/002_m_blue_snail_s_mon_blue_snail_ICON.png,AREA00 실제 승인 원화. 해당 보드의 기준 프레임 + ART_STYLE_STANDARD의 전체 기준. 고유 모양/저레벨 규모를 요구하지 않음,균열 암석의 거친 면·나무의 결·금속 코의 반사는 소재대로 다르지만 가는 경계와 먼지/보라 잔상의 층이 연결된다. 어두운 팔레트나 낮은 광택은 수정 근거가 아니다.,동일 몬스터의 실제 ICON 및 모든 VFX 역할 대조. 색·소재·반사광 관계에서 명백한 이탈 없음,균열 암석의 거친 면·나무의 결·금속 코의 반사는 소재대로 다르지만 가는 경계와 먼지/보라 잔상의 층이 연결된다. 어두운 팔레트나 낮은 광택은 수정 근거가 아니다.,AREA00 기준 + 전체 Area의 동일 역할 보드 대조; 다수결 기준 사용 안 함. 추가 소재 비교는 CROSS_AREA_MATERIAL_BOARD_INDEX.csv,팔레트·재질·형상·레벨/보스 규모·밀도·역할별 프레임/시간 차이 허용,해당 없음,고대 암석 균열이 지면을 가로지르며 검은 돌기둥을 세우는 지진. ‘에인션트 다크골렘 / 고대 암흑 지진’ 전용 소재이며 몬스터 본체는 VFX에 직접 넣지 않음 | none,원화 유지,NO,NO,D:\maplestory_levup\docs\art\output_audit\runs\20260912_162508_msw_origin_art_review\CROSS_AREA_STYLE_BOARD\area_20_ICON_NATIVE.png,,"PNG 원본을 동일 RGB(32,38,48) 배경에 1:1 합성. 확대는 동일 128px 영역 2배 NEAREST. 큰 보드의 도구 축소 표시 가능; 이탈 상세는 1600px 보드에서 추가 대조",전 프레임 순서상 형성/변화/해체/잔상 대조. 실시간 재생의 체감 리듬 및 엔진 합성은 미검증,NOT_CHECKED: 게임 내 최종 배율/카메라/필터/배경에서의 선명도 미검증. 명세 배율만으로 런타임 표시를 보았다고 하지 않음,NO_OBVIOUS_ISSUE,기존 파일검사 재사용,TARGET_OUTPUT
area_20,m_ancient_dark_golem,에인션트 다크골렘,s_mon_ancient_dark_golem,고대 암흑 지진,CAST_VFX,CONSISTENT_WITH_REFERENCE,D:\maplestory_levup\docs\art\output_repacked\20260912_153221_v24_repack\AREA_20_IMAGES_OUTPUT.zip,AREA_20_IMAGES_OUTPUT/CAST/004_m_ancient_dark_golem_s_mon_ancient_dark_golem_CAST_F00.png|AREA_20_IMAGES_OUTPUT/CAST/004_m_ancient_dark_golem_s_mon_ancient_dark_golem_CAST_F01.png|AREA_20_IMAGES_OUTPUT/CAST/004_m_ancient_dark_golem_s_mon_ancient_dark_golem_CAST_F02.png|AREA_20_IMAGES_OUTPUT/CAST/004_m_ancient_dark_golem_s_mon_ancient_dark_golem_CAST_F03.png|AREA_20_IMAGES_OUTPUT/CAST/004_m_ancient_dark_golem_s_mon_ancient_dark_golem_CAST_F04.png|AREA_20_IMAGES_OUTPUT/CAST/004_m_ancient_dark_golem_s_mon_ancient_dark_golem_CAST_F05.png|AREA_20_IMAGES_OUTPUT/CAST/004_m_ancient_dark_golem_s_mon_ancient_dark_golem_CAST_F06.png|AREA_20_IMAGES_OUTPUT/CAST/004_m_ancient_dark_golem_s_mon_ancient_dark_golem_CAST_F07.png,"{""AREA_20_IMAGES_OUTPUT/CAST/004_m_ancient_dark_golem_s_mon_ancient_dark_golem_CAST_F00.png"": ""d1446e4c3657c81cc32ef35217a26a8640f549fc2ff8d71b0db262bae5056902"", ""AREA_20_IMAGES_OUTPUT/CAST/004_m_ancient_dark_golem_s_mon_ancient_dark_golem_CAST_F01.png"": ""2ede763b63f09a53fd76faf634f2232df3e2b91a57cb70b71fbb508e87de84a2"", ""AREA_20_IMAGES_OUTPUT/CAST/004_m_ancient_dark_golem_s_mon_ancient_dark_golem_CAST_F02.png"": ""38473369fc5a94cab7514aeb702ce15d79f2d18d6ebf7e212dec535c55e9033c"", ""AREA_20_IMAGES_OUTPUT/CAST/004_m_ancient_dark_golem_s_mon_ancient_dark_golem_CAST_F03.png"": ""7ee798b6ad9dce4988939b92026f0f194fa95051533b1b0a809a06bb6cde1bf4"", ""AREA_20_IMAGES_OUTPUT/CAST/004_m_ancient_dark_golem_s_mon_ancient_dark_golem_CAST_F04.png"": ""b5426c96a74799ec4e4975be84daab88187db0b15945940939da1a7f4fb162fc"", ""AREA_20_IMAGES_OUTPUT/CAST/004_m_ancient_dark_golem_s_mon_ancient_dark_golem_CAST_F05.png"": ""9c99aa29972934a8f098e3d5404a5833ed58e43f7164f6d18969f1f85000625f"", ""AREA_20_IMAGES_OUTPUT/CAST/004_m_ancient_dark_golem_s_mon_ancient_dark_golem_CAST_F06.png"": ""387019fc41466cd815c8529f09762937fb24e29848ccb618cf8b545cb285dd36"", ""AREA_20_IMAGES_OUTPUT/CAST/004_m_ancient_dark_golem_s_mon_ancient_dark_golem_CAST_F07.png"": ""ada58170c6cf0a8c8b3db970f6bfbf402ff980c1691a09cadbdf6f1fd40fa350""}",D:\maplestory_levup\docs\art\images-input-packages-v2_4\AREA_20_IMAGES_INPUT_V2_4.zip,V2.4,AREA_20_IMAGES_INPUT_V2_4/monsters/004_m_ancient_dark_golem_에인션트_다크골렘/GENERATION_SPEC.md,고대 암석 균열이 지면을 가로지르며 검은 돌기둥을 세우는 지진. ‘에인션트 다크골렘 / 고대 암흑 지진’ 전용 소재이며 몬스터 본체는 VFX에 직접 넣지 않음,0.10 / non-loop one-shot,SkillEffect applies FlipX for directional attacks; delayed layer samples caster position at SpawnLayer execution; map entity then applies drift,F00–F07 전체를 순서대로 직접 대조,검갈 암석가시가 지면 균열에서 솟아 큰 산형 충격을 만들고 분진으로 가라앉음,D:\maplestory_levup\docs\art\area00-images-output\AREA_00_IMAGES_OUTPUT_ORIGINAL.zip,AREA_00_IMAGES_OUTPUT/monsters/005_m_slime_슬라임/VFX/005_m_slime_s_mon_slime_F04.png,AREA00 실제 승인 원화. 해당 보드의 기준 프레임 + ART_STYLE_STANDARD의 전체 기준. 고유 모양/저레벨 규모를 요구하지 않음,균열 암석의 거친 면·나무의 결·금속 코의 반사는 소재대로 다르지만 가는 경계와 먼지/보라 잔상의 층이 연결된다. 어두운 팔레트나 낮은 광택은 수정 근거가 아니다.,동일 몬스터의 실제 ICON 및 모든 VFX 역할 대조. 색·소재·반사광 관계에서 명백한 이탈 없음,균열 암석의 거친 면·나무의 결·금속 코의 반사는 소재대로 다르지만 가는 경계와 먼지/보라 잔상의 층이 연결된다. 어두운 팔레트나 낮은 광택은 수정 근거가 아니다.,AREA00 기준 + 전체 Area의 동일 역할 보드 대조; 다수결 기준 사용 안 함. 추가 소재 비교는 CROSS_AREA_MATERIAL_BOARD_INDEX.csv,팔레트·재질·형상·레벨/보스 규모·밀도·역할별 프레임/시간 차이 허용,해당 없음,고대 암석 균열이 지면을 가로지르며 검은 돌기둥을 세우는 지진. ‘에인션트 다크골렘 / 고대 암흑 지진’ 전용 소재이며 몬스터 본체는 VFX에 직접 넣지 않음 | SkillEffect applies FlipX for directional attacks; delayed layer samples caster position at SpawnLayer execution; map entity then applies drift,원화 유지,NO,NO,D:\maplestory_levup\docs\art\output_audit\runs\20260912_162508_msw_origin_art_review\CROSS_AREA_STYLE_BOARD\area_20_m_ancient_dark_golem_CAST_VFX_NATIVE.png,,"PNG 원본을 동일 RGB(32,38,48) 배경에 1:1 합성. 확대는 동일 128px 영역 2배 NEAREST. 큰 보드의 도구 축소 표시 가능; 이탈 상세는 1600px 보드에서 추가 대조",전 프레임 순서상 형성/변화/해체/잔상 대조. 실시간 재생의 체감 리듬 및 엔진 합성은 미검증,NOT_CHECKED: 게임 내 최종 배율/카메라/필터/배경에서의 선명도 미검증. 명세 배율만으로 런타임 표시를 보았다고 하지 않음,NO_OBVIOUS_ISSUE,기존 파일검사 재사용,TARGET_OUTPUT
area_20,m_mutant_stumpy,변형된 스텀피,s_mon_mutant_stumpy,검은 뿌리의 묘지,ICON,CONSISTENT_WITH_REFERENCE,D:\maplestory_levup\docs\art\output_repacked\20260912_153221_v24_repack\AREA_20_IMAGES_OUTPUT.zip,AREA_20_IMAGES_OUTPUT/ICON/005_m_mutant_stumpy_s_mon_mutant_stumpy_ICON.png,"{""AREA_20_IMAGES_OUTPUT/ICON/005_m_mutant_stumpy_s_mon_mutant_stumpy_ICON.png"": ""33f6b69461f6a9665c75d010faa9aef6ff99c4e4d9b4e8c9651e5ed273b8860c""}",D:\maplestory_levup\docs\art\images-input-packages-v2_4\AREA_20_IMAGES_INPUT_V2_4.zip,V2.4,AREA_20_IMAGES_INPUT_V2_4/monsters/005_m_mutant_stumpy_변형된_스텀피/GENERATION_SPEC.md,검은 뿌리가 묘비처럼 솟아 서로 얽히는 묘지 형상. ‘변형된 스텀피 / 검은 뿌리의 묘지’ 전용 소재이며 몬스터 본체는 VFX에 직접 넣지 않음,static / static,none,ICON 原寸 전체,검보라 뿌리와 가시가 무덤형 덩어리로 자라 절정을 만든 뒤 낮은 뿌리 흔적으로 사라짐,D:\maplestory_levup\docs\art\area00-images-output\AREA_00_IMAGES_OUTPUT_ORIGINAL.zip,AREA_00_IMAGES_OUTPUT/monsters/002_m_blue_snail_파란_달팽이/ICON/002_m_blue_snail_s_mon_blue_snail_ICON.png,AREA00 실제 승인 원화. 해당 보드의 기준 프레임 + ART_STYLE_STANDARD의 전체 기준. 고유 모양/저레벨 규모를 요구하지 않음,균열 암석의 거친 면·나무의 결·금속 코의 반사는 소재대로 다르지만 가는 경계와 먼지/보라 잔상의 층이 연결된다. 어두운 팔레트나 낮은 광택은 수정 근거가 아니다.,동일 몬스터의 실제 ICON 및 모든 VFX 역할 대조. 색·소재·반사광 관계에서 명백한 이탈 없음,균열 암석의 거친 면·나무의 결·금속 코의 반사는 소재대로 다르지만 가는 경계와 먼지/보라 잔상의 층이 연결된다. 어두운 팔레트나 낮은 광택은 수정 근거가 아니다.,AREA00 기준 + 전체 Area의 동일 역할 보드 대조; 다수결 기준 사용 안 함. 추가 소재 비교는 CROSS_AREA_MATERIAL_BOARD_INDEX.csv,팔레트·재질·형상·레벨/보스 규모·밀도·역할별 프레임/시간 차이 허용,해당 없음,검은 뿌리가 묘비처럼 솟아 서로 얽히는 묘지 형상. ‘변형된 스텀피 / 검은 뿌리의 묘지’ 전용 소재이며 몬스터 본체는 VFX에 직접 넣지 않음 | none,원화 유지,NO,NO,D:\maplestory_levup\docs\art\output_audit\runs\20260912_162508_msw_origin_art_review\CROSS_AREA_STYLE_BOARD\area_20_ICON_NATIVE.png,,"PNG 원본을 동일 RGB(32,38,48) 배경에 1:1 합성. 확대는 동일 128px 영역 2배 NEAREST. 큰 보드의 도구 축소 표시 가능; 이탈 상세는 1600px 보드에서 추가 대조",전 프레임 순서상 형성/변화/해체/잔상 대조. 실시간 재생의 체감 리듬 및 엔진 합성은 미검증,NOT_CHECKED: 게임 내 최종 배율/카메라/필터/배경에서의 선명도 미검증. 명세 배율만으로 런타임 표시를 보았다고 하지 않음,NO_OBVIOUS_ISSUE,기존 파일검사 재사용,TARGET_OUTPUT
area_20,m_mutant_stumpy,변형된 스텀피,s_mon_mutant_stumpy,검은 뿌리의 묘지,CAST_VFX,CONSISTENT_WITH_REFERENCE,D:\maplestory_levup\docs\art\output_repacked\20260912_153221_v24_repack\AREA_20_IMAGES_OUTPUT.zip,AREA_20_IMAGES_OUTPUT/CAST/005_m_mutant_stumpy_s_mon_mutant_stumpy_CAST_F00.png|AREA_20_IMAGES_OUTPUT/CAST/005_m_mutant_stumpy_s_mon_mutant_stumpy_CAST_F01.png|AREA_20_IMAGES_OUTPUT/CAST/005_m_mutant_stumpy_s_mon_mutant_stumpy_CAST_F02.png|AREA_20_IMAGES_OUTPUT/CAST/005_m_mutant_stumpy_s_mon_mutant_stumpy_CAST_F03.png|AREA_20_IMAGES_OUTPUT/CAST/005_m_mutant_stumpy_s_mon_mutant_stumpy_CAST_F04.png|AREA_20_IMAGES_OUTPUT/CAST/005_m_mutant_stumpy_s_mon_mutant_stumpy_CAST_F05.png|AREA_20_IMAGES_OUTPUT/CAST/005_m_mutant_stumpy_s_mon_mutant_stumpy_CAST_F06.png|AREA_20_IMAGES_OUTPUT/CAST/005_m_mutant_stumpy_s_mon_mutant_stumpy_CAST_F07.png|AREA_20_IMAGES_OUTPUT/CAST/005_m_mutant_stumpy_s_mon_mutant_stumpy_CAST_F08.png|AREA_20_IMAGES_OUTPUT/CAST/005_m_mutant_stumpy_s_mon_mutant_stumpy_CAST_F09.png|AREA_20_IMAGES_OUTPUT/CAST/005_m_mutant_stumpy_s_mon_mutant_stumpy_CAST_F10.png|AREA_20_IMAGES_OUTPUT/CAST/005_m_mutant_stumpy_s_mon_mutant_stumpy_CAST_F11.png,"{""AREA_20_IMAGES_OUTPUT/CAST/005_m_mutant_stumpy_s_mon_mutant_stumpy_CAST_F00.png"": ""dd73c057f70ea3219aeaa53a5db80ecd08c52f470ecc97f482fc5463ecbb4570"", ""AREA_20_IMAGES_OUTPUT/CAST/005_m_mutant_stumpy_s_mon_mutant_stumpy_CAST_F01.png"": ""d0f7592b33f11875089b8ae14079d38a06055b09b819481da1b03ebe7a2121ab"", ""AREA_20_IMAGES_OUTPUT/CAST/005_m_mutant_stumpy_s_mon_mutant_stumpy_CAST_F02.png"": ""3fd9fecdc179856fbe4abed7a51ec2fcc1308812b0b4d6ebfe85499a9f30413a"", ""AREA_20_IMAGES_OUTPUT/CAST/005_m_mutant_stumpy_s_mon_mutant_stumpy_CAST_F03.png"": ""021c81019fd480ba72225b72a3fc74001fed7196a5dfbc87ddc03af89086c1a4"", ""AREA_20_IMAGES_OUTPUT/CAST/005_m_mutant_stumpy_s_mon_mutant_stumpy_CAST_F04.png"": ""5b9c65fccbd6b1e7115a257895597591dabc41b9fd29a796ae17385cb3b6b5ee"", ""AREA_20_IMAGES_OUTPUT/CAST/005_m_mutant_stumpy_s_mon_mutant_stumpy_CAST_F05.png"": ""e706641a65d1ba281541b08ab56af76bcbfc79bb302e5deb51fcf1744c9c255e"", ""AREA_20_IMAGES_OUTPUT/CAST/005_m_mutant_stumpy_s_mon_mutant_stumpy_CAST_F06.png"": ""c7a1f64d12220a94e22c76f47088238b40772ebb20527d2b95b65d73fcedbade"", ""AREA_20_IMAGES_OUTPUT/CAST/005_m_mutant_stumpy_s_mon_mutant_stumpy_CAST_F07.png"": ""e3e77ac75edbebde71e157aa816a18509bc4c9b89cbe6099d0eb31f66f62d629"", ""AREA_20_IMAGES_OUTPUT/CAST/005_m_mutant_stumpy_s_mon_mutant_stumpy_CAST_F08.png"": ""deaf5a53fae8fe5818477cd9f3c0abfaea535b46582eef687833585ee8ddf562"", ""AREA_20_IMAGES_OUTPUT/CAST/005_m_mutant_stumpy_s_mon_mutant_stumpy_CAST_F09.png"": ""4983dd042f2ea37344fc27b7076e4ac0b4aece92d6eca16412029237f757634a"", ""AREA_20_IMAGES_OUTPUT/CAST/005_m_mutant_stumpy_s_mon_mutant_stumpy_CAST_F10.png"": ""a36110827d71ccab4a78e79245e9a3b56a31bb7aecfaa8389c9c1ec111124c1d"", ""AREA_20_IMAGES_OUTPUT/CAST/005_m_mutant_stumpy_s_mon_mutant_stumpy_CAST_F11.png"": ""cd67d7195a00fac43506d23d6e04493cd1c3ca4179f07d828900b3a9abe8813e""}",D:\maplestory_levup\docs\art\images-input-packages-v2_4\AREA_20_IMAGES_INPUT_V2_4.zip,V2.4,AREA_20_IMAGES_INPUT_V2_4/monsters/005_m_mutant_stumpy_변형된_스텀피/GENERATION_SPEC.md,검은 뿌리가 묘비처럼 솟아 서로 얽히는 묘지 형상. ‘변형된 스텀피 / 검은 뿌리의 묘지’ 전용 소재이며 몬스터 본체는 VFX에 직접 넣지 않음,0.08 / non-loop one-shot,SkillEffect applies FlipX for directional attacks; delayed layer samples caster position at SpawnLayer execution; map entity then applies drift,F00–F11 전체를 순서대로 직접 대조,검보라 뿌리와 가시가 무덤형 덩어리로 자라 절정을 만든 뒤 낮은 뿌리 흔적으로 사라짐,D:\maplestory_levup\docs\art\area00-images-output\AREA_00_IMAGES_OUTPUT_ORIGINAL.zip,AREA_00_IMAGES_OUTPUT/monsters/004_m_mano_마노/VFX/004_m_mano_s_mon_mano_F06.png,AREA00 실제 승인 원화. 해당 보드의 기준 프레임 + ART_STYLE_STANDARD의 전체 기준. 고유 모양/저레벨 규모를 요구하지 않음,균열 암석의 거친 면·나무의 결·금속 코의 반사는 소재대로 다르지만 가는 경계와 먼지/보라 잔상의 층이 연결된다. 어두운 팔레트나 낮은 광택은 수정 근거가 아니다.,동일 몬스터의 실제 ICON 및 모든 VFX 역할 대조. 색·소재·반사광 관계에서 명백한 이탈 없음,균열 암석의 거친 면·나무의 결·금속 코의 반사는 소재대로 다르지만 가는 경계와 먼지/보라 잔상의 층이 연결된다. 어두운 팔레트나 낮은 광택은 수정 근거가 아니다.,AREA00 기준 + 전체 Area의 동일 역할 보드 대조; 다수결 기준 사용 안 함. 추가 소재 비교는 CROSS_AREA_MATERIAL_BOARD_INDEX.csv,팔레트·재질·형상·레벨/보스 규모·밀도·역할별 프레임/시간 차이 허용,해당 없음,검은 뿌리가 묘비처럼 솟아 서로 얽히는 묘지 형상. ‘변형된 스텀피 / 검은 뿌리의 묘지’ 전용 소재이며 몬스터 본체는 VFX에 직접 넣지 않음 | SkillEffect applies FlipX for directional attacks; delayed layer samples caster position at SpawnLayer execution; map entity then applies drift,원화 유지,NO,NO,D:\maplestory_levup\docs\art\output_audit\runs\20260912_162508_msw_origin_art_review\CROSS_AREA_STYLE_BOARD\area_20_m_mutant_stumpy_CAST_VFX_NATIVE.png,,"PNG 원본을 동일 RGB(32,38,48) 배경에 1:1 합성. 확대는 동일 128px 영역 2배 NEAREST. 큰 보드의 도구 축소 표시 가능; 이탈 상세는 1600px 보드에서 추가 대조",전 프레임 순서상 형성/변화/해체/잔상 대조. 실시간 재생의 체감 리듬 및 엔진 합성은 미검증,NOT_CHECKED: 게임 내 최종 배율/카메라/필터/배경에서의 선명도 미검증. 명세 배율만으로 런타임 표시를 보았다고 하지 않음,NO_OBVIOUS_ISSUE,기존 파일검사 재사용,TARGET_OUTPUT
