area_id,monster_id,monster_name,project_model_id,project_model_path,model_sha256,sprite_animation_ruid,action_sheet,model_child_count,project_monster_name_match,project_skill_link_match,source_level,resource_type,resource_names,resource_query_endpoint,resource_query_at,resource_query_evidence,source_image_url,source_copy_path,source_copy_sha256,source_download_at,api_frame_count,gif_frame_count,api_frame_ruids,resource_version,input_zip,input_zip_sha256,input_image,input_image_sha256,identity_finding,visual_evidence,visual_frame_scope,unverified_reason
area_01,m_snail,달팽이,snail,D:\maplestory_levup\RootDesk\MyDesk\Models\Monsters\Snail.model,4ed596eff73250dd4e4d58e54fd08952fb5d429af05a341282b8b56fe9fb7525,2db94405cf0445f5be2b60a02c21dda5,"{""$type"": ""MOD.Core.MODSyncDictionary`2[[System.String, mscorlib],[System.String, mscorlib]], MOD.Core"", ""stand"": ""2db94405cf0445f5be2b60a02c21dda5"", ""move"": ""663faffc64194c08b9371439b1948eb8"", ""attack"": ""a8a1c54cb27f489da57db7cc7ba5db04"", ""hit"": ""a3feafdb656943baa3f8897a7042b21f"", ""die"": ""a25ed762135448ccb2307604f3179565""}",0,True,True,MSW_ORIGINAL_CONFIRMED,animationclip,"{""ko"": [""???"", ""달팽이"", ""추억의 달팽이""]}",GET/POST MSW public v3 resources via validated wrapper,2026-09-12T07:29:16.326Z,D:\maplestory_levup\docs\art\output_audit\runs\20260912_162508_msw_origin_art_review\resource_batch_0.json,https://mod-resource-search-images.dn.nexoncdn.co.kr/maplestory_world/2db94405cf0445f5be2b60a02c21dda5.gif,D:\maplestory_levup\docs\art\output_audit\runs\20260912_162508_msw_origin_art_review\source_copies\2db94405cf0445f5be2b60a02c21dda5.gif,c8cfd8e7659961405b523134a9b20cef7c30a92cc5133035e2ed5f2e4e714115,2026-09-12T07:30:18.382Z,1,1,2d4e2f4ae33e48ff9cf2dd0cf7e9cf16,API does not expose immutable revision; query time + returned metadata + image SHA256 snapshot,D:\maplestory_levup\docs\art\images-input-packages-v2_4\AREA_01_IMAGES_INPUT_V2_4.zip,7e33f787d2ab9cb1b5b47e41a11431c498eb2e35a18bce49b5c2a483f1c4fa1b,AREA_01_IMAGES_INPUT_V2_4/monsters/001_m_snail_달팽이/MONSTER_IMAGE.png,da97ef20db013d41f9dd683c31fbce8aa579774446cd7893d93570958ca72fad,공식 exact-RUID clip 영상과 INPUT의 실루엣·몸색·얼굴/장비 구성을 직접 대조. 동일 개체로 읽힘. 흰 배경/투명화·동작 프레임 차이는 정체성 불일치로 보지 않음.,D:\maplestory_levup\docs\art\output_audit\runs\20260912_162508_msw_origin_art_review\boards\area_01_source_and_all_frames.png,GIF 전체 프레임 접촉시트; 9f 이상은 source_detail_01..05에서 첫/중간/끝 확대 추가,없음(정체성 확인 범위). attack/hit/die의 모든 별도 clip 및 엔진 렌더 검증은 범위 밖
area_01,m_blue_snail,파란 달팽이,bluesnail,D:\maplestory_levup\RootDesk\MyDesk\Models\Monsters\BlueSnail.model,9794deea2a3ba4f9b10ae05bb15dd4cb91f79a27d24e9926fa2e9ad945ee0d5a,0c69164656d24f64bd1a1f6ee4019dff,"{""$type"": ""MOD.Core.MODSyncDictionary`2[[System.String, mscorlib],[System.String, mscorlib]], MOD.Core"", ""stand"": ""0c69164656d24f64bd1a1f6ee4019dff"", ""move"": ""ca6e5b65e1d643838ba920fbbeb32d8f"", ""attack"": ""781d08d159de4a4fb4d4d4435d2af300"", ""hit"": ""938c814d2142406c8a6480ee2b025ac3"", ""die"": ""af2e35a7899d4cc18e4f4aec7f8e9f06""}",0,True,True,MSW_ORIGINAL_CONFIRMED,animationclip,"{""ko"": [""???"", ""파란 달팽이""]}",GET/POST MSW public v3 resources via validated wrapper,2026-09-12T07:29:16.326Z,D:\maplestory_levup\docs\art\output_audit\runs\20260912_162508_msw_origin_art_review\resource_batch_0.json,https://mod-resource-search-images.dn.nexoncdn.co.kr/maplestory_world/0c69164656d24f64bd1a1f6ee4019dff.gif,D:\maplestory_levup\docs\art\output_audit\runs\20260912_162508_msw_origin_art_review\source_copies\0c69164656d24f64bd1a1f6ee4019dff.gif,42bd5c86f727418330d46d4cc2c8514b357da88cfc046581425b4748dc2b5549,2026-09-12T07:30:18.423Z,1,1,2f40053ed63e4b64938c8d9ed1837f89,API does not expose immutable revision; query time + returned metadata + image SHA256 snapshot,D:\maplestory_levup\docs\art\images-input-packages-v2_4\AREA_01_IMAGES_INPUT_V2_4.zip,7e33f787d2ab9cb1b5b47e41a11431c498eb2e35a18bce49b5c2a483f1c4fa1b,AREA_01_IMAGES_INPUT_V2_4/monsters/002_m_blue_snail_파란_달팽이/MONSTER_IMAGE.png,813a6a78fed06176d0dd826370a3e2d8cbc36dc580973b6cc455f245bbd008ba,공식 exact-RUID clip 영상과 INPUT의 실루엣·몸색·얼굴/장비 구성을 직접 대조. 동일 개체로 읽힘. 흰 배경/투명화·동작 프레임 차이는 정체성 불일치로 보지 않음.,D:\maplestory_levup\docs\art\output_audit\runs\20260912_162508_msw_origin_art_review\boards\area_01_source_and_all_frames.png,GIF 전체 프레임 접촉시트; 9f 이상은 source_detail_01..05에서 첫/중간/끝 확대 추가,없음(정체성 확인 범위). attack/hit/die의 모든 별도 clip 및 엔진 렌더 검증은 범위 밖
area_01,m_mushroom,주황 버섯,mushroom,D:\maplestory_levup\RootDesk\MyDesk\Models\Monsters\Mushroom.model,defe1ced02eaafa44ca5603ff259a3bbd1686ffe1402d3b1ecc80f0e27046643,a95cfed2c8fe4d2cb64cbb62db051f92,"{""$type"": ""MOD.Core.MODSyncDictionary`2[[System.String, mscorlib],[System.String, mscorlib]], MOD.Core"", ""stand"": ""a95cfed2c8fe4d2cb64cbb62db051f92"", ""move"": ""8257566e41aa4234929e81c6c2dab2e4"", ""hit"": ""5ebbdaf503964f3e87de155d16650805"", ""die"": ""dddbe2f162184ec89add7440da56eb75"", ""jump"": ""6df12df0c9ce4caea61385606a4d40d3"", ""attack"": ""6df12df0c9ce4caea61385606a4d40d3""}",0,True,True,MSW_ORIGINAL_CONFIRMED,animationclip,"{""ko"": [""주황버섯""]}",GET/POST MSW public v3 resources via validated wrapper,2026-09-12T07:29:16.326Z,D:\maplestory_levup\docs\art\output_audit\runs\20260912_162508_msw_origin_art_review\resource_batch_0.json,https://mod-resource-search-images.dn.nexoncdn.co.kr/maplestory_world/a95cfed2c8fe4d2cb64cbb62db051f92.gif,D:\maplestory_levup\docs\art\output_audit\runs\20260912_162508_msw_origin_art_review\source_copies\a95cfed2c8fe4d2cb64cbb62db051f92.gif,b636e918b34396bcb6a86027a2076b1a1287541ca2b68e2860a6c225796593b3,2026-09-12T07:30:18.396Z,2,2,ca3a6ed536d24949b79d3f7b430cb82a|d0ed64067c974ff0ac3788c3f0ec49e3,API does not expose immutable revision; query time + returned metadata + image SHA256 snapshot,D:\maplestory_levup\docs\art\images-input-packages-v2_4\AREA_01_IMAGES_INPUT_V2_4.zip,7e33f787d2ab9cb1b5b47e41a11431c498eb2e35a18bce49b5c2a483f1c4fa1b,AREA_01_IMAGES_INPUT_V2_4/monsters/003_m_mushroom_주황_버섯/MONSTER_IMAGE.png,0e795f604587cf4f6a4ff0637e518469c8ef35473bcb21ae257d723fe3f8dc89,공식 exact-RUID clip 영상과 INPUT의 실루엣·몸색·얼굴/장비 구성을 직접 대조. 동일 개체로 읽힘. 흰 배경/투명화·동작 프레임 차이는 정체성 불일치로 보지 않음.,D:\maplestory_levup\docs\art\output_audit\runs\20260912_162508_msw_origin_art_review\boards\area_01_source_and_all_frames.png,GIF 전체 프레임 접촉시트; 9f 이상은 source_detail_01..05에서 첫/중간/끝 확대 추가,없음(정체성 확인 범위). attack/hit/die의 모든 별도 clip 및 엔진 렌더 검증은 범위 밖
area_01,m_mushmom,머쉬맘,mushmom,D:\maplestory_levup\RootDesk\MyDesk\Models\Monsters\Mushmom.model,5780c4e5d9b233920b077acaec713d8d4be9e55a9cec4f432d04f4e5ff3c0272,86015373d23b4b05bb8fcc6086354652,"{""$type"": ""MOD.Core.MODSyncDictionary`2[[System.String, mscorlib],[System.String, mscorlib]], MOD.Core"", ""stand"": ""86015373d23b4b05bb8fcc6086354652"", ""move"": ""c745828d831b42739b9a58c07f334864"", ""attack"": ""90c5456e2a8a45478df02500797a9afd"", ""hit"": ""90fee9416184420a9796a679751d1ec5"", ""die"": ""ec90f0b64a814c4980de89f496d360ec"", ""jump"": ""5ecbcc4002a5491aafd7e1d3191c6ddc""}",0,True,True,MSW_ORIGINAL_CONFIRMED,animationclip,"{""ko"": [""돌아온 머쉬맘"", ""머쉬맘"", ""시스템 마스터 몬스터"", ""주황버섯""]}",GET/POST MSW public v3 resources via validated wrapper,2026-09-12T07:29:16.326Z,D:\maplestory_levup\docs\art\output_audit\runs\20260912_162508_msw_origin_art_review\resource_batch_0.json,https://mod-resource-search-images.dn.nexoncdn.co.kr/maplestory_world/86015373d23b4b05bb8fcc6086354652.gif,D:\maplestory_levup\docs\art\output_audit\runs\20260912_162508_msw_origin_art_review\source_copies\86015373d23b4b05bb8fcc6086354652.gif,c8fa21270a252a30eb40df0376e30f6fe67fe7ac6335b365781507ac9334be30,2026-09-12T07:30:18.427Z,1,1,00763612e00a41ec8574262fbe220f96,API does not expose immutable revision; query time + returned metadata + image SHA256 snapshot,D:\maplestory_levup\docs\art\images-input-packages-v2_4\AREA_01_IMAGES_INPUT_V2_4.zip,7e33f787d2ab9cb1b5b47e41a11431c498eb2e35a18bce49b5c2a483f1c4fa1b,AREA_01_IMAGES_INPUT_V2_4/monsters/004_m_mushmom_머쉬맘/MONSTER_IMAGE.png,d475d084a2630c88270472a946ceb2603b0494efd1a9eb873d2b09fa7788991b,공식 exact-RUID clip 영상과 INPUT의 실루엣·몸색·얼굴/장비 구성을 직접 대조. 동일 개체로 읽힘. 흰 배경/투명화·동작 프레임 차이는 정체성 불일치로 보지 않음.,D:\maplestory_levup\docs\art\output_audit\runs\20260912_162508_msw_origin_art_review\boards\area_01_source_and_all_frames.png,GIF 전체 프레임 접촉시트; 9f 이상은 source_detail_01..05에서 첫/중간/끝 확대 추가,없음(정체성 확인 범위). attack/hit/die의 모든 별도 clip 및 엔진 렌더 검증은 범위 밖
area_01,m_horny_mushroom,뿔버섯,hornymushroom,D:\maplestory_levup\RootDesk\MyDesk\Models\Monsters\HornyMushroom.model,36336ffd8b6a39889ff8e6dd4126f95d0e006130ee0488c028aa782afef4a2db,574596d79f004965a293d2551343633f,"{""$type"": ""MOD.Core.MODSyncDictionary`2[[System.String, mscorlib],[System.String, mscorlib]], MOD.Core"", ""stand"": ""574596d79f004965a293d2551343633f"", ""move"": ""d3c737e55d0d4405854ebf5be139ea02"", ""hit"": ""5007e0c04c374f2d9731c084f5a7f56e"", ""die"": ""0864ecd7c28144939c2ecd6abb33893b""}",0,True,True,MSW_ORIGINAL_CONFIRMED,animationclip,"{""ko"": [""뿔버섯"", ""지하철 뿔버섯"", ""추억의 뿔버섯""]}",GET/POST MSW public v3 resources via validated wrapper,2026-09-12T07:29:16.326Z,D:\maplestory_levup\docs\art\output_audit\runs\20260912_162508_msw_origin_art_review\resource_batch_0.json,https://mod-resource-search-images.dn.nexoncdn.co.kr/maplestory_world/574596d79f004965a293d2551343633f.gif,D:\maplestory_levup\docs\art\output_audit\runs\20260912_162508_msw_origin_art_review\source_copies\574596d79f004965a293d2551343633f.gif,d3c9fd60688f12a70ff02681fc2a45b170d1adf3745f66fe541b4145d26cf152,2026-09-12T07:30:18.453Z,3,3,aa8768833fa74140ad9d9ccca8dfa0e8|08f9ba5e46e6441d88fd4393e5b1a07c|c4c1dd3623db4d9f9f092d3d066f2b21,API does not expose immutable revision; query time + returned metadata + image SHA256 snapshot,D:\maplestory_levup\docs\art\images-input-packages-v2_4\AREA_01_IMAGES_INPUT_V2_4.zip,7e33f787d2ab9cb1b5b47e41a11431c498eb2e35a18bce49b5c2a483f1c4fa1b,AREA_01_IMAGES_INPUT_V2_4/monsters/005_m_horny_mushroom_뿔버섯/MONSTER_IMAGE.png,b6b0a1b34bbf5f7ac0ffbb4e4179cb6bd7445a2ae45fbd235d661ac390f1db54,공식 exact-RUID clip 영상과 INPUT의 실루엣·몸색·얼굴/장비 구성을 직접 대조. 동일 개체로 읽힘. 흰 배경/투명화·동작 프레임 차이는 정체성 불일치로 보지 않음.,D:\maplestory_levup\docs\art\output_audit\runs\20260912_162508_msw_origin_art_review\boards\area_01_source_and_all_frames.png,GIF 전체 프레임 접촉시트; 9f 이상은 source_detail_01..05에서 첫/중간/끝 확대 추가,없음(정체성 확인 범위). attack/hit/die의 모든 별도 clip 및 엔진 렌더 검증은 범위 밖
area_02,m_stone_golem,스톤골렘,stone_golem,D:\maplestory_levup\RootDesk\MyDesk\Models\Monsters\StoneGolem.model,c1b7e26adb881e22dae2ae4d086d8ea65b0167ba743c58eb5617a9cb6ba8e09a,23761b84fca14bbfa671436791e4e0bb,"{""$type"": ""MOD.Core.MODSyncDictionary`2[[System.String, mscorlib],[System.String, mscorlib]], MOD.Core"", ""stand"": ""23761b84fca14bbfa671436791e4e0bb"", ""move"": ""736ecda03d4444dea5f9089c02c54eb2"", ""hit"": ""9c7b36710c8542ac8aa2e93a43bee8fb"", ""die"": ""871de25edc28418c8fbfef5ea416f2d4"", ""attack"": ""28e55e44b6e34646b37f2fafef14a093""}",0,True,True,MSW_ORIGINAL_CONFIRMED,animationclip,"{""ko"": [""스톤골렘"", ""추억의 스톤골렘""]}",GET/POST MSW public v3 resources via validated wrapper,2026-09-12T07:29:16.326Z,D:\maplestory_levup\docs\art\output_audit\runs\20260912_162508_msw_origin_art_review\resource_batch_0.json,https://mod-resource-search-images.dn.nexoncdn.co.kr/maplestory_world/23761b84fca14bbfa671436791e4e0bb.gif,D:\maplestory_levup\docs\art\output_audit\runs\20260912_162508_msw_origin_art_review\source_copies\23761b84fca14bbfa671436791e4e0bb.gif,7a0c50d3f534c3f9b7711d77326d580a85db331b0f8ee50ec20cc10f190932ba,2026-09-12T07:30:18.417Z,3,3,2e477c29e6f6411ead7d0462a50f52df|3c27fbf72c4541639947047f94080734|6587976af96e490786d81a25363d546a,API does not expose immutable revision; query time + returned metadata + image SHA256 snapshot,D:\maplestory_levup\docs\art\images-input-packages-v2_4\AREA_02_IMAGES_INPUT_V2_4.zip,d0932cfaa6ac29131c1ae081894030812d62b875c3e7863fcf3066fcf48d78ff,AREA_02_IMAGES_INPUT_V2_4/monsters/001_m_stone_golem_스톤골렘/MONSTER_IMAGE.png,7cf9ac67709238b811d84b7a308bfa31822483745393c24d6559e2f7ac9549ff,공식 exact-RUID clip 영상과 INPUT의 실루엣·몸색·얼굴/장비 구성을 직접 대조. 동일 개체로 읽힘. 흰 배경/투명화·동작 프레임 차이는 정체성 불일치로 보지 않음.,D:\maplestory_levup\docs\art\output_audit\runs\20260912_162508_msw_origin_art_review\boards\area_02_source_and_all_frames.png,GIF 전체 프레임 접촉시트; 9f 이상은 source_detail_01..05에서 첫/중간/끝 확대 추가,없음(정체성 확인 범위). attack/hit/die의 모든 별도 clip 및 엔진 렌더 검증은 범위 밖
area_02,m_axe_stump,엑스텀프,axestump,D:\maplestory_levup\RootDesk\MyDesk\Models\Monsters\AxeStump.model,1c5020e1f286924303616346c069a8739e2487d6ddad891d9c9a1f69304e23ff,9d4f9e8f572548f692438ffa817eb52d,"{""$type"": ""MOD.Core.MODSyncDictionary`2[[System.String, mscorlib],[System.String, mscorlib]], MOD.Core"", ""stand"": ""9d4f9e8f572548f692438ffa817eb52d"", ""move"": ""4d833dee5c1b4a2b9e5126a1d263e26d"", ""attack"": ""0ff26f307a2941ff9a581b06d6d25849"", ""hit"": ""dc128e1b65f64548841940cadd8e258d"", ""die"": ""8177fddafdcb4bee958ab1aee7a714cc""}",0,True,True,MSW_ORIGINAL_CONFIRMED,animationclip,"{""ko"": [""시스템 몬스터F1"", ""엑스텀프"", ""이상한 엑스텀프""]}",GET/POST MSW public v3 resources via validated wrapper,2026-09-12T07:29:16.326Z,D:\maplestory_levup\docs\art\output_audit\runs\20260912_162508_msw_origin_art_review\resource_batch_0.json,https://mod-resource-search-images.dn.nexoncdn.co.kr/maplestory_world/9d4f9e8f572548f692438ffa817eb52d.gif,D:\maplestory_levup\docs\art\output_audit\runs\20260912_162508_msw_origin_art_review\source_copies\9d4f9e8f572548f692438ffa817eb52d.gif,88106ccf44592247e8454cf527ea16fe9f1b4f6d850d0424e6e7c8b703bc67d6,2026-09-12T07:30:18.639Z,1,1,60c9ae060266479f904ba63fff1eb959,API does not expose immutable revision; query time + returned metadata + image SHA256 snapshot,D:\maplestory_levup\docs\art\images-input-packages-v2_4\AREA_02_IMAGES_INPUT_V2_4.zip,d0932cfaa6ac29131c1ae081894030812d62b875c3e7863fcf3066fcf48d78ff,AREA_02_IMAGES_INPUT_V2_4/monsters/002_m_axe_stump_엑스텀프/MONSTER_IMAGE.png,97f514160b2848d2a2352fa8b5ba0f0521df49f3edc99c7a4a47479b55b656e7,공식 exact-RUID clip 영상과 INPUT의 실루엣·몸색·얼굴/장비 구성을 직접 대조. 동일 개체로 읽힘. 흰 배경/투명화·동작 프레임 차이는 정체성 불일치로 보지 않음.,D:\maplestory_levup\docs\art\output_audit\runs\20260912_162508_msw_origin_art_review\boards\area_02_source_and_all_frames.png,GIF 전체 프레임 접촉시트; 9f 이상은 source_detail_01..05에서 첫/중간/끝 확대 추가,없음(정체성 확인 범위). attack/hit/die의 모든 별도 clip 및 엔진 렌더 검증은 범위 밖
area_02,m_dark_axe_stump,다크 엑스텀프,darkaxestump,D:\maplestory_levup\RootDesk\MyDesk\Models\Monsters\DarkAxeStump.model,45bc1aa1e85627e944eb1565e0b5c421db783563980d0d91c160cbabd6b914a4,fd35894dd92c4e3b8885e59b0f4d3394,"{""$type"": ""MOD.Core.MODSyncDictionary`2[[System.String, mscorlib],[System.String, mscorlib]], MOD.Core"", ""stand"": ""fd35894dd92c4e3b8885e59b0f4d3394"", ""move"": ""0a698e6daa65430b87a0d1aa39b5c18b"", ""hit"": ""7d4a251e236c469db7394ee634112707"", ""die"": ""27372e87c20049419112e0468e90dbcb""}",0,True,True,MSW_ORIGINAL_CONFIRMED,animationclip,"{""ko"": [""다크 엑스텀프""]}",GET/POST MSW public v3 resources via validated wrapper,2026-09-12T07:29:16.326Z,D:\maplestory_levup\docs\art\output_audit\runs\20260912_162508_msw_origin_art_review\resource_batch_0.json,https://mod-resource-search-images.dn.nexoncdn.co.kr/maplestory_world/fd35894dd92c4e3b8885e59b0f4d3394.gif,D:\maplestory_levup\docs\art\output_audit\runs\20260912_162508_msw_origin_art_review\source_copies\fd35894dd92c4e3b8885e59b0f4d3394.gif,a5d8950ca6e792205a3bc28fe851a6a2f1cd0c2880838e94598d830b1d3a2450,2026-09-12T07:30:18.643Z,1,1,e500cb99331e4c1ba428cd81f632ff1e,API does not expose immutable revision; query time + returned metadata + image SHA256 snapshot,D:\maplestory_levup\docs\art\images-input-packages-v2_4\AREA_02_IMAGES_INPUT_V2_4.zip,d0932cfaa6ac29131c1ae081894030812d62b875c3e7863fcf3066fcf48d78ff,AREA_02_IMAGES_INPUT_V2_4/monsters/003_m_dark_axe_stump_다크_엑스텀프/MONSTER_IMAGE.png,bc28759834980bad44a132869de416eb5929df3b9ab777b42a5e4b0d14fa9671,공식 exact-RUID clip 영상과 INPUT의 실루엣·몸색·얼굴/장비 구성을 직접 대조. 동일 개체로 읽힘. 흰 배경/투명화·동작 프레임 차이는 정체성 불일치로 보지 않음.,D:\maplestory_levup\docs\art\output_audit\runs\20260912_162508_msw_origin_art_review\boards\area_02_source_and_all_frames.png,GIF 전체 프레임 접촉시트; 9f 이상은 source_detail_01..05에서 첫/중간/끝 확대 추가,없음(정체성 확인 범위). attack/hit/die의 모든 별도 clip 및 엔진 렌더 검증은 범위 밖
area_02,m_wild_boar,와일드보어,wildboar,D:\maplestory_levup\RootDesk\MyDesk\Models\Monsters\WildBoar.model,a75b750136f30e019f5054f4f2734fabef8ffeafd0ecbf4d7316ea7bf2a39d75,af64c62c1dcf427998c3c52f0a060fec,"{""$type"": ""MOD.Core.MODSyncDictionary`2[[System.String, mscorlib],[System.String, mscorlib]], MOD.Core"", ""stand"": ""af64c62c1dcf427998c3c52f0a060fec"", ""move"": ""a11cef0c68bf47149f2f5703a04926fd"", ""hit"": ""76b4c7a5c6ec4a4eb3b08e23872f16a5"", ""die"": ""0211fb67c56b4a738b2de3810a7e4509"", ""jump"": ""dc89d27986204b4a970026e1fb174fde""}",0,True,True,MSW_ORIGINAL_CONFIRMED,animationclip,"{""ko"": [""와일드보어""]}",GET/POST MSW public v3 resources via validated wrapper,2026-09-12T07:29:16.326Z,D:\maplestory_levup\docs\art\output_audit\runs\20260912_162508_msw_origin_art_review\resource_batch_0.json,https://mod-resource-search-images.dn.nexoncdn.co.kr/maplestory_world/af64c62c1dcf427998c3c52f0a060fec.gif,D:\maplestory_levup\docs\art\output_audit\runs\20260912_162508_msw_origin_art_review\source_copies\af64c62c1dcf427998c3c52f0a060fec.gif,91cda798c8af25dcf4ecce5f08bfd62c9f30aa1721df8fb693eb47e3dcd8b9d4,2026-09-12T07:30:18.625Z,6,6,addb504c9e394b7f9148d60edbd7e6dd|8896dcf44350444b9f3db8a1751eae91|1bb9bf60235245a88d07d25a14c6d39c|66b0b544183f45a1aac3a339d537a4bc|06d6827ba84f44398dfdee4bfe6de8d5|2d8f1c2683574ea9a5848eaf0dc11d32,API does not expose immutable revision; query time + returned metadata + image SHA256 snapshot,D:\maplestory_levup\docs\art\images-input-packages-v2_4\AREA_02_IMAGES_INPUT_V2_4.zip,d0932cfaa6ac29131c1ae081894030812d62b875c3e7863fcf3066fcf48d78ff,AREA_02_IMAGES_INPUT_V2_4/monsters/004_m_wild_boar_와일드보어/MONSTER_IMAGE.png,f620027b677baa72da586d2a6b6447fdb2ad2ea055a9f2e062bba4e0588ff7da,공식 exact-RUID clip 영상과 INPUT의 실루엣·몸색·얼굴/장비 구성을 직접 대조. 동일 개체로 읽힘. 흰 배경/투명화·동작 프레임 차이는 정체성 불일치로 보지 않음.,D:\maplestory_levup\docs\art\output_audit\runs\20260912_162508_msw_origin_art_review\boards\area_02_source_and_all_frames.png,GIF 전체 프레임 접촉시트; 9f 이상은 source_detail_01..05에서 첫/중간/끝 확대 추가,없음(정체성 확인 범위). attack/hit/die의 모든 별도 clip 및 엔진 렌더 검증은 범위 밖
area_02,m_iron_hog,아이언 호그,ironhog,D:\maplestory_levup\RootDesk\MyDesk\Models\Monsters\IronHog.model,bb72f0e956a31f70c22918c96469a271667dbb350d5382ca9530693ccb1f43a3,eadfe08070d343a9afafe0fd6290f1c6,"{""$type"": ""MOD.Core.MODSyncDictionary`2[[System.String, mscorlib],[System.String, mscorlib]], MOD.Core"", ""stand"": ""eadfe08070d343a9afafe0fd6290f1c6"", ""move"": ""c3a9242a15e949e29f7d552ed551ca06"", ""hit"": ""24d7017733b04d1c9de247fe5bd77bfd"", ""die"": ""af01ec8b8d19418e87158d5d596edbeb"", ""jump"": ""54b0debf02104f4db2ae346c1dbb9c44""}",0,True,True,MSW_ORIGINAL_CONFIRMED,animationclip,"{""ko"": [""아이언 호그"", ""추억의 아이언호그""]}",GET/POST MSW public v3 resources via validated wrapper,2026-09-12T07:29:16.326Z,D:\maplestory_levup\docs\art\output_audit\runs\20260912_162508_msw_origin_art_review\resource_batch_0.json,https://mod-resource-search-images.dn.nexoncdn.co.kr/maplestory_world/eadfe08070d343a9afafe0fd6290f1c6.gif,D:\maplestory_levup\docs\art\output_audit\runs\20260912_162508_msw_origin_art_review\source_copies\eadfe08070d343a9afafe0fd6290f1c6.gif,ec724ad06728fe326149e09ebf90498b62a0cdbbee9d86d5c1b51976d9f1806a,2026-09-12T07:30:18.686Z,3,3,759e69bf58dc43ad9defed90b48b9048|29e62535849442bf9e735da8051516e6|2b5984d8995047a49aad451051992b50,API does not expose immutable revision; query time + returned metadata + image SHA256 snapshot,D:\maplestory_levup\docs\art\images-input-packages-v2_4\AREA_02_IMAGES_INPUT_V2_4.zip,d0932cfaa6ac29131c1ae081894030812d62b875c3e7863fcf3066fcf48d78ff,AREA_02_IMAGES_INPUT_V2_4/monsters/005_m_iron_hog_아이언_호그/MONSTER_IMAGE.png,e4e177dba66f1983033b94e7a3755c641e6d9e96eeeed54c358d651a482f8f10,공식 exact-RUID clip 영상과 INPUT의 실루엣·몸색·얼굴/장비 구성을 직접 대조. 동일 개체로 읽힘. 흰 배경/투명화·동작 프레임 차이는 정체성 불일치로 보지 않음.,D:\maplestory_levup\docs\art\output_audit\runs\20260912_162508_msw_origin_art_review\boards\area_02_source_and_all_frames.png,GIF 전체 프레임 접촉시트; 9f 이상은 source_detail_01..05에서 첫/중간/끝 확대 추가,없음(정체성 확인 범위). attack/hit/die의 모든 별도 clip 및 엔진 렌더 검증은 범위 밖
area_02,m_skeleton_commander,스켈레톤 지휘관,skeletoncommander,D:\maplestory_levup\RootDesk\MyDesk\Models\Monsters\SkeletonCommander.model,41462f44e48f7e89adf5aa4da624055d671ae4243c4fd84d1593ca316e723f0e,ed882269a5d543318ad73e7032632960,"{""$type"": ""MOD.Core.MODSyncDictionary`2[[System.String, mscorlib],[System.String, mscorlib]], MOD.Core"", ""stand"": ""ed882269a5d543318ad73e7032632960"", ""move"": ""94003c3d90dd4fd4866c725b29704169"", ""attack"": ""791b405fbab44bf1a914043ca29a1848"", ""hit"": ""fcdeaaece999433587fd7a953758ae8e"", ""die"": ""2d11a182fb8948aa91fa9000118eb9bf""}",0,True,True,MSW_ORIGINAL_CONFIRMED,animationclip,"{""ko"": [""스켈레톤 지휘관""]}",GET/POST MSW public v3 resources via validated wrapper,2026-09-12T07:29:16.326Z,D:\maplestory_levup\docs\art\output_audit\runs\20260912_162508_msw_origin_art_review\resource_batch_0.json,https://mod-resource-search-images.dn.nexoncdn.co.kr/maplestory_world/ed882269a5d543318ad73e7032632960.gif,D:\maplestory_levup\docs\art\output_audit\runs\20260912_162508_msw_origin_art_review\source_copies\ed882269a5d543318ad73e7032632960.gif,d5da1aca4970534e152df11613cf41ce633d5db1941b4d40bc41bbba6a7958c4,2026-09-12T07:30:18.647Z,4,4,5e4bf2fd4ed44630957d823268426cf1|d02e579e366d4ea687bac2df40fb25d4|475d76cc99f240c58bd17890acdaeda3|ad43fcaa38d44b80ba160394b2c4bb7f,API does not expose immutable revision; query time + returned metadata + image SHA256 snapshot,D:\maplestory_levup\docs\art\images-input-packages-v2_4\AREA_02_IMAGES_INPUT_V2_4.zip,d0932cfaa6ac29131c1ae081894030812d62b875c3e7863fcf3066fcf48d78ff,AREA_02_IMAGES_INPUT_V2_4/monsters/006_m_skeleton_commander_스켈레톤_지휘관/MONSTER_IMAGE.png,8cabfe4d200a728c9ab615b8f6a1618b6502f8ed19a8f457483d5a3b896af31f,공식 exact-RUID clip 영상과 INPUT의 실루엣·몸색·얼굴/장비 구성을 직접 대조. 동일 개체로 읽힘. 흰 배경/투명화·동작 프레임 차이는 정체성 불일치로 보지 않음.,D:\maplestory_levup\docs\art\output_audit\runs\20260912_162508_msw_origin_art_review\boards\area_02_source_and_all_frames.png,GIF 전체 프레임 접촉시트; 9f 이상은 source_detail_01..05에서 첫/중간/끝 확대 추가,없음(정체성 확인 범위). attack/hit/die의 모든 별도 clip 및 엔진 렌더 검증은 범위 밖
area_02,m_fire_boar,파이어보어,fireboar,D:\maplestory_levup\RootDesk\MyDesk\Models\Monsters\FireBoar.model,d6de9d2ba72a6402d6deee0a93ad0f12226d99541ba29d04a571a68e526be233,67523b05f66f470cb86b2c6cc46af861,"{""$type"": ""MOD.Core.MODSyncDictionary`2[[System.String, mscorlib],[System.String, mscorlib]], MOD.Core"", ""stand"": ""67523b05f66f470cb86b2c6cc46af861"", ""move"": ""3a153920eaf0427ebc9cbbac9ba20265"", ""hit"": ""aa0b899e8dc84bfe859001bd9238c3ed"", ""die"": ""f71e007e35634cd5b05f6c51e24d8154"", ""jump"": ""70d14fb615fe4b709ddf5cc353371df8""}",0,True,True,MSW_ORIGINAL_CONFIRMED,animationclip,"{""ko"": [""파이어보어""]}",GET/POST MSW public v3 resources via validated wrapper,2026-09-12T07:29:16.326Z,D:\maplestory_levup\docs\art\output_audit\runs\20260912_162508_msw_origin_art_review\resource_batch_0.json,https://mod-resource-search-images.dn.nexoncdn.co.kr/maplestory_world/67523b05f66f470cb86b2c6cc46af861.gif,D:\maplestory_levup\docs\art\output_audit\runs\20260912_162508_msw_origin_art_review\source_copies\67523b05f66f470cb86b2c6cc46af861.gif,4e96f250bdf047e2f3320a86e3480d74350085f757a51982abcb39349daa29c6,2026-09-12T07:30:18.611Z,6,6,d2e6e54aa85d4031b7a0bdcb13c8174b|d9472a3892184172bedccf22a53c9877|8f4b998df60541768f60b28f1030243b|8ca03a81ef984d38acbb9396b89dc9b1|c6f40f7ee6ac4b3ab1e35af76d1cb603|1bba431a52494f80ac1f0bb6d34356e2,API does not expose immutable revision; query time + returned metadata + image SHA256 snapshot,D:\maplestory_levup\docs\art\images-input-packages-v2_4\AREA_02_IMAGES_INPUT_V2_4.zip,d0932cfaa6ac29131c1ae081894030812d62b875c3e7863fcf3066fcf48d78ff,AREA_02_IMAGES_INPUT_V2_4/monsters/007_m_fire_boar_파이어보어/MONSTER_IMAGE.png,9111fb8531c9843f11494aaf250206a17e61b285f6923ea10788b492e6429202,공식 exact-RUID clip 영상과 INPUT의 실루엣·몸색·얼굴/장비 구성을 직접 대조. 동일 개체로 읽힘. 흰 배경/투명화·동작 프레임 차이는 정체성 불일치로 보지 않음.,D:\maplestory_levup\docs\art\output_audit\runs\20260912_162508_msw_origin_art_review\boards\area_02_source_and_all_frames.png,GIF 전체 프레임 접촉시트; 9f 이상은 source_detail_01..05에서 첫/중간/끝 확대 추가,없음(정체성 확인 범위). attack/hit/die의 모든 별도 clip 및 엔진 렌더 검증은 범위 밖
area_02,m_stumpy,스텀피,stumpy,D:\maplestory_levup\RootDesk\MyDesk\Models\Monsters\Stumpy.model,4f0c21a8495339b1d4420736d5b02c95ef3398942449b18a1fd91f744f065feb,0b6c2f6faccc44da980ce832ab636bf6,"{""$type"": ""MOD.Core.MODSyncDictionary`2[[System.String, mscorlib],[System.String, mscorlib]], MOD.Core"", ""stand"": ""0b6c2f6faccc44da980ce832ab636bf6"", ""move"": ""36e33516befa4b2db894d0c7f105b97e"", ""attack"": ""3a3034172ea14fe0b5e636604e352306"", ""hit"": ""68ca2cd0ecc04b318660b2b3f14e2acd"", ""die"": ""e1b4fc8f0f0f4991b13728ad30c40039""}",0,True,True,MSW_ORIGINAL_CONFIRMED,animationclip,"{""ko"": [""스텀피""]}",GET/POST MSW public v3 resources via validated wrapper,2026-09-12T07:29:16.326Z,D:\maplestory_levup\docs\art\output_audit\runs\20260912_162508_msw_origin_art_review\resource_batch_0.json,https://mod-resource-search-images.dn.nexoncdn.co.kr/maplestory_world/0b6c2f6faccc44da980ce832ab636bf6.gif,D:\maplestory_levup\docs\art\output_audit\runs\20260912_162508_msw_origin_art_review\source_copies\0b6c2f6faccc44da980ce832ab636bf6.gif,5c23f13ee3e89ce63c15602ef62199ee2793cfaa0bc9f1c3ca4f6cdfa6e5e2f8,2026-09-12T07:30:18.777Z,6,6,b9abd1af18124ab68f8f8b66f2a2c01f|4294725fe0244aebac2911753dba6910|690aeb5221c14a9e9517c51200e7a649|a2fa58a9444a4c69b6a361798d1a195e|54d3cd59d31448458efcc9bb54890914|ebe896d0004f480cac72195d5a3bcee1,API does not expose immutable revision; query time + returned metadata + image SHA256 snapshot,D:\maplestory_levup\docs\art\images-input-packages-v2_4\AREA_02_IMAGES_INPUT_V2_4.zip,d0932cfaa6ac29131c1ae081894030812d62b875c3e7863fcf3066fcf48d78ff,AREA_02_IMAGES_INPUT_V2_4/monsters/008_m_stumpy_스텀피/MONSTER_IMAGE.png,7cbcf6f7464dc68bb746457f71ef78b181eae6994dd5b996a298c93dda84d906,공식 exact-RUID clip 영상과 INPUT의 실루엣·몸색·얼굴/장비 구성을 직접 대조. 동일 개체로 읽힘. 흰 배경/투명화·동작 프레임 차이는 정체성 불일치로 보지 않음.,D:\maplestory_levup\docs\art\output_audit\runs\20260912_162508_msw_origin_art_review\boards\area_02_source_and_all_frames.png,GIF 전체 프레임 접촉시트; 9f 이상은 source_detail_01..05에서 첫/중간/끝 확대 추가,없음(정체성 확인 범위). attack/hit/die의 모든 별도 clip 및 엔진 렌더 검증은 범위 밖
area_03,m_slime,슬라임,slime,D:\maplestory_levup\RootDesk\MyDesk\Models\Monsters\Slime.model,c26938ff30d7686d0240f86e2924fd27b2a859dce150866f6b6aa1ea30c6ab9a,50faf654ee5d479cb2958edce9feaef0,"{""$type"": ""MOD.Core.MODSyncDictionary`2[[System.String, mscorlib],[System.String, mscorlib]], MOD.Core"", ""stand"": ""50faf654ee5d479cb2958edce9feaef0"", ""move"": ""dc932872543f4a02bf41e977ab79e5ad"", ""attack"": ""8b89d86b1a9c4c4288650614c6f30e67"", ""hit"": ""61c27025a8f14c478f30ede1b49758bc"", ""die"": ""31ecb6c7cbc24599881f00cb01599f09""}",0,True,True,MSW_ORIGINAL_CONFIRMED,animationclip,"{""ko"": [""슬라임"", ""시스템 몬스터N3"", ""지하철 슬라임"", ""추억의 슬라임""]}",GET/POST MSW public v3 resources via validated wrapper,2026-09-12T07:29:16.326Z,D:\maplestory_levup\docs\art\output_audit\runs\20260912_162508_msw_origin_art_review\resource_batch_0.json,https://mod-resource-search-images.dn.nexoncdn.co.kr/maplestory_world/50faf654ee5d479cb2958edce9feaef0.gif,D:\maplestory_levup\docs\art\output_audit\runs\20260912_162508_msw_origin_art_review\source_copies\50faf654ee5d479cb2958edce9feaef0.gif,e1983736ab3e6a110d56dd9ebefdaa3e947c1bacd031c4951a3d06f4fab939e0,2026-09-12T07:30:18.788Z,3,3,460975bed1114ad6a34ea2e0e5a43953|4ae9793ee2a5461bbece4d3142c56b79|b02795d871c94f68be7316fc5f443344,API does not expose immutable revision; query time + returned metadata + image SHA256 snapshot,D:\maplestory_levup\docs\art\images-input-packages-v2_4\AREA_03_IMAGES_INPUT_V2_4.zip,4678637c7b62993ea0edb5d107ad5095795e9686a8816b774c1f3c4441769234,AREA_03_IMAGES_INPUT_V2_4/monsters/001_m_slime_슬라임/MONSTER_IMAGE.png,7d64e45d56e3965fb6b2af20a180e9f1e052210463406ef04bc91e1ebd447036,공식 exact-RUID clip 영상과 INPUT의 실루엣·몸색·얼굴/장비 구성을 직접 대조. 동일 개체로 읽힘. 흰 배경/투명화·동작 프레임 차이는 정체성 불일치로 보지 않음.,D:\maplestory_levup\docs\art\output_audit\runs\20260912_162508_msw_origin_art_review\boards\area_03_source_and_all_frames.png,GIF 전체 프레임 접촉시트; 9f 이상은 source_detail_01..05에서 첫/중간/끝 확대 추가,없음(정체성 확인 범위). attack/hit/die의 모든 별도 clip 및 엔진 렌더 검증은 범위 밖
area_03,m_dark_stump,다크 스텀프,darkstump,D:\maplestory_levup\RootDesk\MyDesk\Models\Monsters\DarkStump.model,c59c2ad358d82d19cc114c08620297c6d8d68dae64956fcc677c4253998cdff5,ed3908e24d694bb786023fc1ed073489,"{""$type"": ""MOD.Core.MODSyncDictionary`2[[System.String, mscorlib],[System.String, mscorlib]], MOD.Core"", ""stand"": ""ed3908e24d694bb786023fc1ed073489"", ""move"": ""9a4cad470f304753885e06c043156efb"", ""attack"": ""ed3908e24d694bb786023fc1ed073489"", ""hit"": ""4763c9bebc9245998c9c499b6316aa9f"", ""die"": ""b168793b92a844a3a3a6f4ce647a14d2""}",0,True,True,MSW_ORIGINAL_CONFIRMED,animationclip,"{""ko"": [""다크 스텀프""]}",GET/POST MSW public v3 resources via validated wrapper,2026-09-12T07:29:16.326Z,D:\maplestory_levup\docs\art\output_audit\runs\20260912_162508_msw_origin_art_review\resource_batch_0.json,https://mod-resource-search-images.dn.nexoncdn.co.kr/maplestory_world/ed3908e24d694bb786023fc1ed073489.gif,D:\maplestory_levup\docs\art\output_audit\runs\20260912_162508_msw_origin_art_review\source_copies\ed3908e24d694bb786023fc1ed073489.gif,a448ec01e259ea5c111b55cd6d79c36e51bc41de4a2de5012f1ed560dfcca22f,2026-09-12T07:30:18.860Z,1,1,51dc48d925e74fd48263535e38764532,API does not expose immutable revision; query time + returned metadata + image SHA256 snapshot,D:\maplestory_levup\docs\art\images-input-packages-v2_4\AREA_03_IMAGES_INPUT_V2_4.zip,4678637c7b62993ea0edb5d107ad5095795e9686a8816b774c1f3c4441769234,AREA_03_IMAGES_INPUT_V2_4/monsters/002_m_dark_stump_다크_스텀프/MONSTER_IMAGE.png,8c18f5d77891a73e4b8c0d44703ebf3adfba3ba07e5cc4455066a81d4610c963,공식 exact-RUID clip 영상과 INPUT의 실루엣·몸색·얼굴/장비 구성을 직접 대조. 동일 개체로 읽힘. 흰 배경/투명화·동작 프레임 차이는 정체성 불일치로 보지 않음.,D:\maplestory_levup\docs\art\output_audit\runs\20260912_162508_msw_origin_art_review\boards\area_03_source_and_all_frames.png,GIF 전체 프레임 접촉시트; 9f 이상은 source_detail_01..05에서 첫/중간/끝 확대 추가,없음(정체성 확인 범위). attack/hit/die의 모든 별도 clip 및 엔진 렌더 검증은 범위 밖
area_03,m_bubbling,버블링,bubbling,D:\maplestory_levup\RootDesk\MyDesk\Models\Monsters\Bubbling.model,ae410ddbf4300e707784073e635951c9658126f4aea0f6b9d962ce27f5702c19,e24531def0ec4687b2c5de2cfb32b02e,"{""$type"": ""MOD.Core.MODSyncDictionary`2[[System.String, mscorlib],[System.String, mscorlib]], MOD.Core"", ""stand"": ""e24531def0ec4687b2c5de2cfb32b02e"", ""move"": ""1f4a576b4b17494d8b99093beb84a97b"", ""attack"": ""fc1a2c0602294de3b9d1f4a2178f8edb"", ""hit"": ""f6345d485fc14599848f17979aec2c2c"", ""die"": ""4f9484478a60438290fe509bc967ee6d""}",0,True,True,MSW_ORIGINAL_CONFIRMED,animationclip,"{""ko"": [""메트로 버블링"", ""버블링""]}",GET/POST MSW public v3 resources via validated wrapper,2026-09-12T07:29:16.326Z,D:\maplestory_levup\docs\art\output_audit\runs\20260912_162508_msw_origin_art_review\resource_batch_0.json,https://mod-resource-search-images.dn.nexoncdn.co.kr/maplestory_world/e24531def0ec4687b2c5de2cfb32b02e.gif,D:\maplestory_levup\docs\art\output_audit\runs\20260912_162508_msw_origin_art_review\source_copies\e24531def0ec4687b2c5de2cfb32b02e.gif,65d96c50318410382da42a85998a4f5b730075e50467cc00ce4b9b2fb26f8fab,2026-09-12T07:30:18.903Z,3,3,ae99e91c0b23482cb5c3454c6baaee0a|6cad596ce39a404f8f1dbbf3885cef51|4bd3a5a60b6e456b89645cc37f5441fa,API does not expose immutable revision; query time + returned metadata + image SHA256 snapshot,D:\maplestory_levup\docs\art\images-input-packages-v2_4\AREA_03_IMAGES_INPUT_V2_4.zip,4678637c7b62993ea0edb5d107ad5095795e9686a8816b774c1f3c4441769234,AREA_03_IMAGES_INPUT_V2_4/monsters/003_m_bubbling_버블링/MONSTER_IMAGE.png,c98a05167fe02da612a0dc0dde72abe2e04ed333709cdad93c86983e2ed0f0e7,공식 exact-RUID clip 영상과 INPUT의 실루엣·몸색·얼굴/장비 구성을 직접 대조. 동일 개체로 읽힘. 흰 배경/투명화·동작 프레임 차이는 정체성 불일치로 보지 않음.,D:\maplestory_levup\docs\art\output_audit\runs\20260912_162508_msw_origin_art_review\boards\area_03_source_and_all_frames.png,GIF 전체 프레임 접촉시트; 9f 이상은 source_detail_01..05에서 첫/중간/끝 확대 추가,없음(정체성 확인 범위). attack/hit/die의 모든 별도 clip 및 엔진 렌더 검증은 범위 밖
area_03,m_fairy,페어리,fairy,D:\maplestory_levup\RootDesk\MyDesk\Models\Monsters\Fairy.model,7f7e51a279de3afecba751228586024a610f121c7f444d9e00d4e04a5ca043c9,1ed0265245594bf0904ceb88ecaf16ba,"{""$type"": ""MOD.Core.MODSyncDictionary`2[[System.String, mscorlib],[System.String, mscorlib]], MOD.Core"", ""stand"": ""1ed0265245594bf0904ceb88ecaf16ba"", ""move"": ""5d4b92caded84466a19c29856ef2c8e2"", ""attack"": ""d06aaf68f8f04729a7d6d49535a76c30"", ""hit"": ""731aa8c4bc56416299a40bf917479aca"", ""die"": ""62533f7b3828435c936c9f2e962ba8c4""}",0,True,True,MSW_ORIGINAL_CONFIRMED,animationclip,"{""ko"": [""페어리""]}",GET/POST MSW public v3 resources via validated wrapper,2026-09-12T07:29:16.326Z,D:\maplestory_levup\docs\art\output_audit\runs\20260912_162508_msw_origin_art_review\resource_batch_0.json,https://mod-resource-search-images.dn.nexoncdn.co.kr/maplestory_world/1ed0265245594bf0904ceb88ecaf16ba.gif,D:\maplestory_levup\docs\art\output_audit\runs\20260912_162508_msw_origin_art_review\source_copies\1ed0265245594bf0904ceb88ecaf16ba.gif,71080bbf554934541a60a379616abe16ec1b9e361b8ade65bf16302976864164,2026-09-12T07:30:18.909Z,4,4,01cec0575b954606b54b5b68e3019379|dbf9e30b27ec43de84f6b6687ae00bb6|4f5a87c96e574ddda4b23439cd22c3ff|3da81f7e825840c8838d36b5fea4484c,API does not expose immutable revision; query time + returned metadata + image SHA256 snapshot,D:\maplestory_levup\docs\art\images-input-packages-v2_4\AREA_03_IMAGES_INPUT_V2_4.zip,4678637c7b62993ea0edb5d107ad5095795e9686a8816b774c1f3c4441769234,AREA_03_IMAGES_INPUT_V2_4/monsters/004_m_fairy_페어리/MONSTER_IMAGE.png,288b2e3417bffd9353d4663e21029e34239191987804195a89a0d7cae7306da9,공식 exact-RUID clip 영상과 INPUT의 실루엣·몸색·얼굴/장비 구성을 직접 대조. 동일 개체로 읽힘. 흰 배경/투명화·동작 프레임 차이는 정체성 불일치로 보지 않음.,D:\maplestory_levup\docs\art\output_audit\runs\20260912_162508_msw_origin_art_review\boards\area_03_source_and_all_frames.png,GIF 전체 프레임 접촉시트; 9f 이상은 source_detail_01..05에서 첫/중간/끝 확대 추가,없음(정체성 확인 범위). attack/hit/die의 모든 별도 clip 및 엔진 렌더 검증은 범위 밖
area_03,m_faust,파우스트,faust,D:\maplestory_levup\RootDesk\MyDesk\Models\Monsters\Faust.model,5c6c3fbafdd4fbcfb55ccdc787feddb90d3c365101fd23697aa206f1535b9406,9922e94142f9413aa5359297f852a5a2,"{""$type"": ""MOD.Core.MODSyncDictionary`2[[System.String, mscorlib],[System.String, mscorlib]], MOD.Core"", ""stand"": ""9922e94142f9413aa5359297f852a5a2"", ""move"": ""f0b1b3ee713444e2873711317f5de60d"", ""attack"": ""95b69d3223ce4a6c86e45a0557e6d392"", ""hit"": ""a7dc481428ae490c95ddd584456259da"", ""die"": ""5cd0f6ea2253494ca18d1bfd1cf62192""}",0,True,True,MSW_ORIGINAL_CONFIRMED,animationclip,"{""ko"": [""파우스트""]}",GET/POST MSW public v3 resources via validated wrapper,2026-09-12T07:29:16.326Z,D:\maplestory_levup\docs\art\output_audit\runs\20260912_162508_msw_origin_art_review\resource_batch_0.json,https://mod-resource-search-images.dn.nexoncdn.co.kr/maplestory_world/9922e94142f9413aa5359297f852a5a2.gif,D:\maplestory_levup\docs\art\output_audit\runs\20260912_162508_msw_origin_art_review\source_copies\9922e94142f9413aa5359297f852a5a2.gif,9eedfeb969f7d608080283b424c6989f3f955ff5a452ff21b2fbc2b9fae7801a,2026-09-12T07:30:18.857Z,1,1,118a27acc537414bbc62b17644239c15,API does not expose immutable revision; query time + returned metadata + image SHA256 snapshot,D:\maplestory_levup\docs\art\images-input-packages-v2_4\AREA_03_IMAGES_INPUT_V2_4.zip,4678637c7b62993ea0edb5d107ad5095795e9686a8816b774c1f3c4441769234,AREA_03_IMAGES_INPUT_V2_4/monsters/005_m_faust_파우스트/MONSTER_IMAGE.png,f63eb17a6ef230009335f5595e5373b700ce82831274c8273307aea0cef835d4,공식 exact-RUID clip 영상과 INPUT의 실루엣·몸색·얼굴/장비 구성을 직접 대조. 동일 개체로 읽힘. 흰 배경/투명화·동작 프레임 차이는 정체성 불일치로 보지 않음.,D:\maplestory_levup\docs\art\output_audit\runs\20260912_162508_msw_origin_art_review\boards\area_03_source_and_all_frames.png,GIF 전체 프레임 접촉시트; 9f 이상은 source_detail_01..05에서 첫/중간/끝 확대 추가,없음(정체성 확인 범위). attack/hit/die의 모든 별도 clip 및 엔진 렌더 검증은 범위 밖
area_04,m_octopus,옥토퍼스,octopus,D:\maplestory_levup\RootDesk\MyDesk\Models\Monsters\Octopus.model,c09c2d63569dbd3b269069760ee04f598b405348d9112c5efcf96f84598f7aa4,d8f014043ce8418f96700c2b6c9ebf6c,"{""$type"": ""MOD.Core.MODSyncDictionary`2[[System.String, mscorlib],[System.String, mscorlib]], MOD.Core"", ""stand"": ""d8f014043ce8418f96700c2b6c9ebf6c"", ""move"": ""3e5f23a5c00541c698fe3836b1ea244d"", ""attack"": ""d8f014043ce8418f96700c2b6c9ebf6c"", ""hit"": ""c3cf643b618346c7bfa6574187b396f9"", ""die"": ""a88d9b3d60f941e4890dc89a6ccaa8ee""}",0,True,True,MSW_ORIGINAL_CONFIRMED,animationclip,"{""ko"": [""옥토퍼스""]}",GET/POST MSW public v3 resources via validated wrapper,2026-09-12T07:29:16.326Z,D:\maplestory_levup\docs\art\output_audit\runs\20260912_162508_msw_origin_art_review\resource_batch_0.json,https://mod-resource-search-images.dn.nexoncdn.co.kr/maplestory_world/d8f014043ce8418f96700c2b6c9ebf6c.gif,D:\maplestory_levup\docs\art\output_audit\runs\20260912_162508_msw_origin_art_review\source_copies\d8f014043ce8418f96700c2b6c9ebf6c.gif,fcea1ac4e8d8606a38e0404d983c11be95069e17ebd74020cb33fa817fbe9c8a,2026-09-12T07:30:19.131Z,5,5,31dbddb214a74d16b18c4277ff054298|223172f0d3a744dea4f7b85671c870ce|eee63d85fa0c496180ec60e6df02d485|33c702db8184499d804dbb263fecd38d|cb9cfafc882a4d67a8d3297598f36b38,API does not expose immutable revision; query time + returned metadata + image SHA256 snapshot,D:\maplestory_levup\docs\art\images-input-packages-v2_4\AREA_04_IMAGES_INPUT_V2_4.zip,0e4e4cc08448263049e4d3a12397b8d4fcb4f6a51744124aa76353736be5e4af,AREA_04_IMAGES_INPUT_V2_4/monsters/001_m_octopus_옥토퍼스/MONSTER_IMAGE.png,d303de5c101caef3e68e46dd8cc46c271705d27e34b354598e005714ea79a65a,공식 exact-RUID clip 영상과 INPUT의 실루엣·몸색·얼굴/장비 구성을 직접 대조. 동일 개체로 읽힘. 흰 배경/투명화·동작 프레임 차이는 정체성 불일치로 보지 않음.,D:\maplestory_levup\docs\art\output_audit\runs\20260912_162508_msw_origin_art_review\boards\area_04_source_and_all_frames.png,GIF 전체 프레임 접촉시트; 9f 이상은 source_detail_01..05에서 첫/중간/끝 확대 추가,없음(정체성 확인 범위). attack/hit/die의 모든 별도 clip 및 엔진 렌더 검증은 범위 밖
area_04,m_stirge,스티지,stirge,D:\maplestory_levup\RootDesk\MyDesk\Models\Monsters\Stirge.model,619081404b35ebb1d9df414c6ea33e4487989145e9f0f78350a7df2da8bd2b63,25152ef859744489b7e34a993b3a3c6d,"{""$type"": ""MOD.Core.MODSyncDictionary`2[[System.String, mscorlib],[System.String, mscorlib]], MOD.Core"", ""stand"": ""25152ef859744489b7e34a993b3a3c6d"", ""move"": ""d548c5a6486f48389dd7e1f7e9478d56"", ""attack"": ""97be1b527dea4b20b7d1521feec01e64"", ""hit"": ""1e543e3e410a4a27a3a4514f0e963d6e"", ""die"": ""c35ef416adaf4add902a62caadfbfe18""}",0,True,True,MSW_ORIGINAL_CONFIRMED,animationclip,"{""ko"": [""귀찮은 스티지"", ""스티지"", ""커닝시티 손님"", ""훈련된 스티지""]}",GET/POST MSW public v3 resources via validated wrapper,2026-09-12T07:29:16.326Z,D:\maplestory_levup\docs\art\output_audit\runs\20260912_162508_msw_origin_art_review\resource_batch_0.json,https://mod-resource-search-images.dn.nexoncdn.co.kr/maplestory_world/25152ef859744489b7e34a993b3a3c6d.gif,D:\maplestory_levup\docs\art\output_audit\runs\20260912_162508_msw_origin_art_review\source_copies\25152ef859744489b7e34a993b3a3c6d.gif,07f2bc4de7e95338540e494c253b8ba0fa18754e6516891622e9f1c6bf7253d6,2026-09-12T07:30:18.947Z,2,2,c7be2b0b7d48492083076733e85dbf8a|586185e799384a17b9d2e287116c960e,API does not expose immutable revision; query time + returned metadata + image SHA256 snapshot,D:\maplestory_levup\docs\art\images-input-packages-v2_4\AREA_04_IMAGES_INPUT_V2_4.zip,0e4e4cc08448263049e4d3a12397b8d4fcb4f6a51744124aa76353736be5e4af,AREA_04_IMAGES_INPUT_V2_4/monsters/002_m_stirge_스티지/MONSTER_IMAGE.png,dea397b69173b1e5d9369f7fe7869789c63a36154e37ec1cd32914087312c14b,공식 exact-RUID clip 영상과 INPUT의 실루엣·몸색·얼굴/장비 구성을 직접 대조. 동일 개체로 읽힘. 흰 배경/투명화·동작 프레임 차이는 정체성 불일치로 보지 않음.,D:\maplestory_levup\docs\art\output_audit\runs\20260912_162508_msw_origin_art_review\boards\area_04_source_and_all_frames.png,GIF 전체 프레임 접촉시트; 9f 이상은 source_detail_01..05에서 첫/중간/끝 확대 추가,없음(정체성 확인 범위). attack/hit/die의 모든 별도 clip 및 엔진 렌더 검증은 범위 밖
area_04,m_jr_wraith,주니어 레이스,jrwraith,D:\maplestory_levup\RootDesk\MyDesk\Models\Monsters\JrWraith.model,51a1501d504cbdd889f85ec91329302e6dc5e89eba030e48df1c655e409309d3,ca9fd4116b62417caebde864c675e026,"{""$type"": ""MOD.Core.MODSyncDictionary`2[[System.String, mscorlib],[System.String, mscorlib]], MOD.Core"", ""stand"": ""ca9fd4116b62417caebde864c675e026"", ""move"": ""9658914ae9c64a87b266d8be957715bc"", ""attack"": ""1f1e601172214fbea7a1bc192b626f50"", ""hit"": ""77286b849a66449cadc6ea4564db169b"", ""die"": ""bbc60f21a38a447e886b90c29d773949""}",0,True,True,MSW_ORIGINAL_CONFIRMED,animationclip,"{""ko"": [""주니어 레이스""]}",GET/POST MSW public v3 resources via validated wrapper,2026-09-12T07:29:16.326Z,D:\maplestory_levup\docs\art\output_audit\runs\20260912_162508_msw_origin_art_review\resource_batch_0.json,https://mod-resource-search-images.dn.nexoncdn.co.kr/maplestory_world/ca9fd4116b62417caebde864c675e026.gif,D:\maplestory_levup\docs\art\output_audit\runs\20260912_162508_msw_origin_art_review\source_copies\ca9fd4116b62417caebde864c675e026.gif,0990b95d303f4e8248618eaa9fc88917ecedbb7e947407524e6f1877b6aef63a,2026-09-12T07:30:18.978Z,1,1,0d5893d160814ac9ba8fcb0ad74ca696,API does not expose immutable revision; query time + returned metadata + image SHA256 snapshot,D:\maplestory_levup\docs\art\images-input-packages-v2_4\AREA_04_IMAGES_INPUT_V2_4.zip,0e4e4cc08448263049e4d3a12397b8d4fcb4f6a51744124aa76353736be5e4af,AREA_04_IMAGES_INPUT_V2_4/monsters/003_m_jr_wraith_주니어_레이스/MONSTER_IMAGE.png,3a88b1b657440feb530d84e99c38aa3ddd169f9de0a3b0a8d36626629566c369,공식 exact-RUID clip 영상과 INPUT의 실루엣·몸색·얼굴/장비 구성을 직접 대조. 동일 개체로 읽힘. 흰 배경/투명화·동작 프레임 차이는 정체성 불일치로 보지 않음.,D:\maplestory_levup\docs\art\output_audit\runs\20260912_162508_msw_origin_art_review\boards\area_04_source_and_all_frames.png,GIF 전체 프레임 접촉시트; 9f 이상은 source_detail_01..05에서 첫/중간/끝 확대 추가,없음(정체성 확인 범위). attack/hit/die의 모든 별도 clip 및 엔진 렌더 검증은 범위 밖
area_04,m_wraith,레이스,wraith,D:\maplestory_levup\RootDesk\MyDesk\Models\Monsters\Wraith.model,d62f024648cd46685b3b13d854cf25b9344d542b8a964821c6f54f99db65f5f9,15e7b98cec434b269c09e97f550921c3,"{""$type"": ""MOD.Core.MODSyncDictionary`2[[System.String, mscorlib],[System.String, mscorlib]], MOD.Core"", ""stand"": ""15e7b98cec434b269c09e97f550921c3"", ""move"": ""2f11969b1f694825ac8ad13635711c5b"", ""attack"": ""0d6ba8088a4b4693b7f5c326ae1c1aa3"", ""hit"": ""23a95f12278c491bb7358ca69540c206"", ""die"": ""e8b502ac4eb14d348eaf516273761e8b""}",0,True,True,MSW_ORIGINAL_CONFIRMED,animationclip,"{""ko"": [""레이스""]}",GET/POST MSW public v3 resources via validated wrapper,2026-09-12T07:29:16.326Z,D:\maplestory_levup\docs\art\output_audit\runs\20260912_162508_msw_origin_art_review\resource_batch_0.json,https://mod-resource-search-images.dn.nexoncdn.co.kr/maplestory_world/15e7b98cec434b269c09e97f550921c3.gif,D:\maplestory_levup\docs\art\output_audit\runs\20260912_162508_msw_origin_art_review\source_copies\15e7b98cec434b269c09e97f550921c3.gif,99cfb9a36a0c317f105f82baff041578e53bb1608187a40d67eca0998d45bc54,2026-09-12T07:30:19.086Z,1,1,76d5a530887140e4a08a121684bd8018,API does not expose immutable revision; query time + returned metadata + image SHA256 snapshot,D:\maplestory_levup\docs\art\images-input-packages-v2_4\AREA_04_IMAGES_INPUT_V2_4.zip,0e4e4cc08448263049e4d3a12397b8d4fcb4f6a51744124aa76353736be5e4af,AREA_04_IMAGES_INPUT_V2_4/monsters/004_m_wraith_레이스/MONSTER_IMAGE.png,61c4dbf16611a4eadbea9656e6344e54ed52fc51a1fba9c36be9788f646d2ab0,공식 exact-RUID clip 영상과 INPUT의 실루엣·몸색·얼굴/장비 구성을 직접 대조. 동일 개체로 읽힘. 흰 배경/투명화·동작 프레임 차이는 정체성 불일치로 보지 않음.,D:\maplestory_levup\docs\art\output_audit\runs\20260912_162508_msw_origin_art_review\boards\area_04_source_and_all_frames.png,GIF 전체 프레임 접촉시트; 9f 이상은 source_detail_01..05에서 첫/중간/끝 확대 추가,없음(정체성 확인 범위). attack/hit/die의 모든 별도 clip 및 엔진 렌더 검증은 범위 밖
area_04,m_shade,셰이드,shade,D:\maplestory_levup\RootDesk\MyDesk\Models\Monsters\Shade.model,190101877451f47de898e1d2fed5f59561df4d3d6628b5afae9f91b9388e9a3a,4f763744e0ac49469d2305e3c73254b7,"{""$type"": ""MOD.Core.MODSyncDictionary`2[[System.String, mscorlib],[System.String, mscorlib]], MOD.Core"", ""stand"": ""4f763744e0ac49469d2305e3c73254b7"", ""move"": ""78864f612e9e43bf8e44090fc075c693"", ""attack"": ""4f763744e0ac49469d2305e3c73254b7"", ""hit"": ""6875aba4088d48b499af8e2c3a6fe688"", ""die"": ""d1ca2997be2b4a4081a4332509210397""}",0,True,True,MSW_ORIGINAL_CONFIRMED,animationclip,"{""ko"": [""셰이드""]}",GET/POST MSW public v3 resources via validated wrapper,2026-09-12T07:29:16.326Z,D:\maplestory_levup\docs\art\output_audit\runs\20260912_162508_msw_origin_art_review\resource_batch_0.json,https://mod-resource-search-images.dn.nexoncdn.co.kr/maplestory_world/4f763744e0ac49469d2305e3c73254b7.gif,D:\maplestory_levup\docs\art\output_audit\runs\20260912_162508_msw_origin_art_review\source_copies\4f763744e0ac49469d2305e3c73254b7.gif,0747fad4e362872a7facd8354fbdf707e364214f45bc7e7f164ca4ca97fb1ec2,2026-09-12T07:30:19.209Z,6,6,cf2d7f229d0f4baaa49ff1eebdf973d6|17a1f6424af54c98b86b070c4c99f43b|031924ce318a428bb650cf78c985446b|27c13efbb42e43ea9fd1e4762758f7bd|3be2ed53df154e40a720e08488df1437|359d9838f3d3493cb757bce1abd5b9c4,API does not expose immutable revision; query time + returned metadata + image SHA256 snapshot,D:\maplestory_levup\docs\art\images-input-packages-v2_4\AREA_04_IMAGES_INPUT_V2_4.zip,0e4e4cc08448263049e4d3a12397b8d4fcb4f6a51744124aa76353736be5e4af,AREA_04_IMAGES_INPUT_V2_4/monsters/005_m_shade_셰이드/MONSTER_IMAGE.png,9d1c15ac5afa38c02069ccac361fa94663f58e128dab44980c9c08e9fb26aecc,공식 exact-RUID clip 영상과 INPUT의 실루엣·몸색·얼굴/장비 구성을 직접 대조. 동일 개체로 읽힘. 흰 배경/투명화·동작 프레임 차이는 정체성 불일치로 보지 않음.,D:\maplestory_levup\docs\art\output_audit\runs\20260912_162508_msw_origin_art_review\boards\area_04_source_and_all_frames.png,GIF 전체 프레임 접촉시트; 9f 이상은 source_detail_01..05에서 첫/중간/끝 확대 추가,없음(정체성 확인 범위). attack/hit/die의 모든 별도 clip 및 엔진 렌더 검증은 범위 밖
area_05,m_ribbon_pig,리본 돼지,ribbonpig,D:\maplestory_levup\RootDesk\MyDesk\Models\Monsters\RibbonPig.model,83543c629341f70215db3efbadaf974528065f268cfe70e8f703f020216ef2b9,6a699b8c31b94474bb795c7394c3af3b,"{""$type"": ""MOD.Core.MODSyncDictionary`2[[System.String, mscorlib],[System.String, mscorlib]], MOD.Core"", ""stand"": ""6a699b8c31b94474bb795c7394c3af3b"", ""move"": ""efd4d44e0da7496bac4c350def33a108"", ""attack"": ""a09f56642db6409b8a41bb97106425db"", ""hit"": ""ee7bf6fc53fc48df82db872d8827310a"", ""die"": ""77f8f34df8cc4ba6ae188fd2f1b28bc4""}",0,True,True,MSW_ORIGINAL_CONFIRMED,animationclip,"{""ko"": [""Zoo 리본돼지"", ""리본 돼지"", ""리본돼지"", ""시스템 몬스터N5-1"", ""지하철 리본돼지"", ""추억의 리본돼지""]}",GET/POST MSW public v3 resources via validated wrapper,2026-09-12T07:29:16.326Z,D:\maplestory_levup\docs\art\output_audit\runs\20260912_162508_msw_origin_art_review\resource_batch_0.json,https://mod-resource-search-images.dn.nexoncdn.co.kr/maplestory_world/6a699b8c31b94474bb795c7394c3af3b.gif,D:\maplestory_levup\docs\art\output_audit\runs\20260912_162508_msw_origin_art_review\source_copies\6a699b8c31b94474bb795c7394c3af3b.gif,c5dfcae4bcb78299cd0629d286292da01d078d4e6ecba4c54b1288bdcfac28de,2026-09-12T07:30:19.205Z,3,3,95ee32092238462dbdbe65591979bf18|467094eb39dd42dcb6f10b61bc15d218|9e71f219b292432b933aba461fb79e51,API does not expose immutable revision; query time + returned metadata + image SHA256 snapshot,D:\maplestory_levup\docs\art\images-input-packages-v2_4\AREA_05_IMAGES_INPUT_V2_4.zip,a03d67a4fcde691aa47f2dd7541b547a170f054ed755967e42de9d5636ff45d1,AREA_05_IMAGES_INPUT_V2_4/monsters/001_m_ribbon_pig_리본_돼지/MONSTER_IMAGE.png,5e7217c47490fd759c3cd29e7a011a2f15cd5d54855fc893ac7e3d851500287a,공식 exact-RUID clip 영상과 INPUT의 실루엣·몸색·얼굴/장비 구성을 직접 대조. 동일 개체로 읽힘. 흰 배경/투명화·동작 프레임 차이는 정체성 불일치로 보지 않음.,D:\maplestory_levup\docs\art\output_audit\runs\20260912_162508_msw_origin_art_review\boards\area_05_source_and_all_frames.png,GIF 전체 프레임 접촉시트; 9f 이상은 source_detail_01..05에서 첫/중간/끝 확대 추가,없음(정체성 확인 범위). attack/hit/die의 모든 별도 clip 및 엔진 렌더 검증은 범위 밖
area_05,m_blue_pig,파란 리본돼지,bluepig,D:\maplestory_levup\RootDesk\MyDesk\Models\Monsters\BluePig.model,2997b129da128eef144701e23b9615e6c578e8b91e79081b377242e2dd081d7f,cba2695db0034210a59cd88b5894457b,"{""$type"": ""MOD.Core.MODSyncDictionary`2[[System.String, mscorlib],[System.String, mscorlib]], MOD.Core"", ""stand"": ""cba2695db0034210a59cd88b5894457b"", ""move"": ""b4b0c35338e5479fa7ad54a6a4944ad4"", ""attack"": ""cba2695db0034210a59cd88b5894457b"", ""hit"": ""fa8220d55f6d40c8a45f15246f0bb2c6"", ""die"": ""faedfecd65bf466ca6b4d7ef031fb76b""}",0,True,True,MSW_ORIGINAL_CONFIRMED,animationclip,"{""ko"": [""파란 리본돼지""]}",GET/POST MSW public v3 resources via validated wrapper,2026-09-12T07:29:16.326Z,D:\maplestory_levup\docs\art\output_audit\runs\20260912_162508_msw_origin_art_review\resource_batch_0.json,https://mod-resource-search-images.dn.nexoncdn.co.kr/maplestory_world/cba2695db0034210a59cd88b5894457b.gif,D:\maplestory_levup\docs\art\output_audit\runs\20260912_162508_msw_origin_art_review\source_copies\cba2695db0034210a59cd88b5894457b.gif,02690b8c8dcf7dc8eb8edcddcf097771d0931e1413768c1d12d5e1c737862191,2026-09-12T07:30:19.186Z,3,3,12b400a2694d4b819ae71cdb850b41e1|caeb21d35cc24ca0a3a24da8b284fdb1|24b8ff6f54514be99ed0de51debeeccf,API does not expose immutable revision; query time + returned metadata + image SHA256 snapshot,D:\maplestory_levup\docs\art\images-input-packages-v2_4\AREA_05_IMAGES_INPUT_V2_4.zip,a03d67a4fcde691aa47f2dd7541b547a170f054ed755967e42de9d5636ff45d1,AREA_05_IMAGES_INPUT_V2_4/monsters/002_m_blue_pig_파란_리본돼지/MONSTER_IMAGE.png,536e87c0262b9684422acfed020bb857a8ba27c9bc193b4ba98a2696d27ee7e1,공식 exact-RUID clip 영상과 INPUT의 실루엣·몸색·얼굴/장비 구성을 직접 대조. 동일 개체로 읽힘. 흰 배경/투명화·동작 프레임 차이는 정체성 불일치로 보지 않음.,D:\maplestory_levup\docs\art\output_audit\runs\20260912_162508_msw_origin_art_review\boards\area_05_source_and_all_frames.png,GIF 전체 프레임 접촉시트; 9f 이상은 source_detail_01..05에서 첫/중간/끝 확대 추가,없음(정체성 확인 범위). attack/hit/die의 모든 별도 clip 및 엔진 렌더 검증은 범위 밖
area_05,m_starfish,불가사리,starfish,D:\maplestory_levup\RootDesk\MyDesk\Models\Monsters\Starfish.model,7ab9f70eabdf56abb429c824c4e5b9f2c8fe34c88b82aabc26de86b9e6987dc6,03351051e9e54fca87469eaa47c5398b,"{""$type"": ""MOD.Core.MODSyncDictionary`2[[System.String, mscorlib],[System.String, mscorlib]], MOD.Core"", ""stand"": ""03351051e9e54fca87469eaa47c5398b"", ""move"": ""eea4df40ecb748888cdcceb6fde3a7b9"", ""attack"": ""03351051e9e54fca87469eaa47c5398b"", ""hit"": ""4c5e3d3ad7f14ba3bfd6602d2f4e7d52"", ""die"": ""0d3bdd0ddc8941658b2930f6759ea4d4""}",0,True,True,MSW_ORIGINAL_CONFIRMED,animationclip,"{""ko"": [""노란 불가사리"", ""불가사리""]}",GET/POST MSW public v3 resources via validated wrapper,2026-09-12T07:29:16.326Z,D:\maplestory_levup\docs\art\output_audit\runs\20260912_162508_msw_origin_art_review\resource_batch_0.json,https://mod-resource-search-images.dn.nexoncdn.co.kr/maplestory_world/03351051e9e54fca87469eaa47c5398b.gif,D:\maplestory_levup\docs\art\output_audit\runs\20260912_162508_msw_origin_art_review\source_copies\03351051e9e54fca87469eaa47c5398b.gif,b2cdb791c32d5c3032f101ad0fc736ada83b4eac609a08046f6c6ff9f04cf069,2026-09-12T07:30:19.254Z,4,4,732a3ac8d7c94036968b4829da5ab4c6|7dac574f450a430c9c6454704eb02f9c|82fa091dfe4b441b87c1680ffb1ffe46|898a16b8a6614acebcf4cf92f8d72a4e,API does not expose immutable revision; query time + returned metadata + image SHA256 snapshot,D:\maplestory_levup\docs\art\images-input-packages-v2_4\AREA_05_IMAGES_INPUT_V2_4.zip,a03d67a4fcde691aa47f2dd7541b547a170f054ed755967e42de9d5636ff45d1,AREA_05_IMAGES_INPUT_V2_4/monsters/003_m_starfish_불가사리/MONSTER_IMAGE.png,ff615943a74b6df93945a69e065f10367d71a0b1786cfcb3594adc5004afb544,공식 exact-RUID clip 영상과 INPUT의 실루엣·몸색·얼굴/장비 구성을 직접 대조. 동일 개체로 읽힘. 흰 배경/투명화·동작 프레임 차이는 정체성 불일치로 보지 않음.,D:\maplestory_levup\docs\art\output_audit\runs\20260912_162508_msw_origin_art_review\boards\area_05_source_and_all_frames.png,GIF 전체 프레임 접촉시트; 9f 이상은 source_detail_01..05에서 첫/중간/끝 확대 추가,없음(정체성 확인 범위). attack/hit/die의 모든 별도 clip 및 엔진 렌더 검증은 범위 밖
area_05,m_jellyfish,쿨 젤리피쉬,jellyfish,D:\maplestory_levup\RootDesk\MyDesk\Models\Monsters\Jellyfish.model,7ba6d3558407f8d70b4d970a44e957c46bdd359715d2aa4bb778b82fd210ce06,aef6048234a447c993fbdac54940f8f9,"{""$type"": ""MOD.Core.MODSyncDictionary`2[[System.String, mscorlib],[System.String, mscorlib]], MOD.Core"", ""stand"": ""aef6048234a447c993fbdac54940f8f9"", ""move"": ""c86e1072350e413183e11e4f20f0898a"", ""attack"": ""aef6048234a447c993fbdac54940f8f9"", ""hit"": ""3d271311b7ed43c496b83a7caa580689"", ""die"": ""f7e3814658eb4975b90d47e11ca0e170""}",0,True,True,MSW_ORIGINAL_CONFIRMED,animationclip,"{""ko"": [""쿨 젤리피쉬""]}",GET/POST MSW public v3 resources via validated wrapper,2026-09-12T07:29:16.326Z,D:\maplestory_levup\docs\art\output_audit\runs\20260912_162508_msw_origin_art_review\resource_batch_0.json,https://mod-resource-search-images.dn.nexoncdn.co.kr/maplestory_world/aef6048234a447c993fbdac54940f8f9.gif,D:\maplestory_levup\docs\art\output_audit\runs\20260912_162508_msw_origin_art_review\source_copies\aef6048234a447c993fbdac54940f8f9.gif,8f5afc7250857779cfc09b7c38cc912abf51b91a8baf6ff571454886fab1047a,2026-09-12T07:30:19.274Z,6,6,4c9fea19d0f24d63860d72cf1b3f67ab|9ef200f8534248b194dda4052c173e8b|3930be6d0fae412b8670ac10a5e03075|1a6323e9f62d48abbb8ef6e0adff7282|0b9eafc71d4041cc8323e58500b59204|e84ee68e8b9142d9802181866c45684d,API does not expose immutable revision; query time + returned metadata + image SHA256 snapshot,D:\maplestory_levup\docs\art\images-input-packages-v2_4\AREA_05_IMAGES_INPUT_V2_4.zip,a03d67a4fcde691aa47f2dd7541b547a170f054ed755967e42de9d5636ff45d1,AREA_05_IMAGES_INPUT_V2_4/monsters/004_m_jellyfish_쿨_젤리피쉬/MONSTER_IMAGE.png,08dbbe6792be763bab07bed0b6cbfbaadc7b649cc12bb2b258ba65dee1bc2256,공식 exact-RUID clip 영상과 INPUT의 실루엣·몸색·얼굴/장비 구성을 직접 대조. 동일 개체로 읽힘. 흰 배경/투명화·동작 프레임 차이는 정체성 불일치로 보지 않음.,D:\maplestory_levup\docs\art\output_audit\runs\20260912_162508_msw_origin_art_review\boards\area_05_source_and_all_frames.png,GIF 전체 프레임 접촉시트; 9f 이상은 source_detail_01..05에서 첫/중간/끝 확대 추가,없음(정체성 확인 범위). attack/hit/die의 모든 별도 clip 및 엔진 렌더 검증은 범위 밖
area_05,m_king_clang,킹크랑,kingclang,D:\maplestory_levup\RootDesk\MyDesk\Models\Monsters\KingClang.model,12badfc94a8f805c1cfa68e1bfb5e384dbb168ac96b08ca131a6c67862261890,cddcc91429d24abbb0c071135ace8b39,"{""$type"": ""MOD.Core.MODSyncDictionary`2[[System.String, mscorlib],[System.String, mscorlib]], MOD.Core"", ""stand"": ""cddcc91429d24abbb0c071135ace8b39"", ""move"": ""edb7787a772d43f180767aaf60947486"", ""jump"": ""5a79966cdda24c1c8208ccbba1c8ff2f"", ""attack"": ""603c65e397ea419e8d62898c05db8a9b"", ""hit"": ""6c85c55936544707a57c2667c49a606d"", ""die"": ""8ce0f378582c4b17926e37cfb9c552f2""}",0,True,True,MSW_ORIGINAL_CONFIRMED,animationclip,"{""ko"": [""킹크랑""]}",GET/POST MSW public v3 resources via validated wrapper,2026-09-12T07:29:16.326Z,D:\maplestory_levup\docs\art\output_audit\runs\20260912_162508_msw_origin_art_review\resource_batch_0.json,https://mod-resource-search-images.dn.nexoncdn.co.kr/maplestory_world/cddcc91429d24abbb0c071135ace8b39.gif,D:\maplestory_levup\docs\art\output_audit\runs\20260912_162508_msw_origin_art_review\source_copies\cddcc91429d24abbb0c071135ace8b39.gif,f68dfdb06ea0db6ef86769e7cf599cb23bc145865e31389c389cc85ef9a4ed54,2026-09-12T07:30:19.355Z,1,1,027935b5df9f43e5ada4251184bbe995,API does not expose immutable revision; query time + returned metadata + image SHA256 snapshot,D:\maplestory_levup\docs\art\images-input-packages-v2_4\AREA_05_IMAGES_INPUT_V2_4.zip,a03d67a4fcde691aa47f2dd7541b547a170f054ed755967e42de9d5636ff45d1,AREA_05_IMAGES_INPUT_V2_4/monsters/005_m_king_clang_킹크랑/MONSTER_IMAGE.png,a8a5be5fc226cc2984150723ecc923a241bc47505e04ce97e05c6381e2a4eec7,공식 exact-RUID clip 영상과 INPUT의 실루엣·몸색·얼굴/장비 구성을 직접 대조. 동일 개체로 읽힘. 흰 배경/투명화·동작 프레임 차이는 정체성 불일치로 보지 않음.,D:\maplestory_levup\docs\art\output_audit\runs\20260912_162508_msw_origin_art_review\boards\area_05_source_and_all_frames.png,GIF 전체 프레임 접촉시트; 9f 이상은 source_detail_01..05에서 첫/중간/끝 확대 추가,없음(정체성 확인 범위). attack/hit/die의 모든 별도 clip 및 엔진 렌더 검증은 범위 밖
area_07,m_zombie_mushroom,좀비버섯,zombiemushroom,D:\maplestory_levup\RootDesk\MyDesk\Models\Monsters\ZombieMushroom.model,f6a8525d5c4c3b6452e4578e31312d8126aa39b6d5fc440a31c97996fd0b8c30,3ee3fc0f4d2e443cbb9ec424dd2c012f,"{""$type"": ""MOD.Core.MODSyncDictionary`2[[System.String, mscorlib],[System.String, mscorlib]], MOD.Core"", ""stand"": ""3ee3fc0f4d2e443cbb9ec424dd2c012f"", ""move"": ""c23b523cd2c14558bf5812999db8690f"", ""hit"": ""e47274fe9ecd47989d9a9480ee04def4"", ""die"": ""0be38336b56b477993d5809b1a6ca977"", ""attack"": ""c23b523cd2c14558bf5812999db8690f"", ""jump"": ""c23b523cd2c14558bf5812999db8690f""}",0,True,True,MSW_ORIGINAL_CONFIRMED,animationclip,"{""ko"": [""좀비버섯""]}",GET/POST MSW public v3 resources via validated wrapper,2026-09-12T07:29:16.326Z,D:\maplestory_levup\docs\art\output_audit\runs\20260912_162508_msw_origin_art_review\resource_batch_0.json,https://mod-resource-search-images.dn.nexoncdn.co.kr/maplestory_world/3ee3fc0f4d2e443cbb9ec424dd2c012f.gif,D:\maplestory_levup\docs\art\output_audit\runs\20260912_162508_msw_origin_art_review\source_copies\3ee3fc0f4d2e443cbb9ec424dd2c012f.gif,1c5f2e73608e7610cd919ff43cdfd443727b6b792e04fe395572f8c61b660230,2026-09-12T07:30:19.433Z,2,2,3543aafac8824087ae7d8170e474ed81|ae3fbf8336e44259b72c2156897b5d9e,API does not expose immutable revision; query time + returned metadata + image SHA256 snapshot,D:\maplestory_levup\docs\art\images-input-packages-v2_4\AREA_07_IMAGES_INPUT_V2_4.zip,23f9585e486719f4a4eefb7b354c01e4e7d8aa6b4de316af03fedec9bcd69002,AREA_07_IMAGES_INPUT_V2_4/monsters/001_m_zombie_mushroom_좀비버섯/MONSTER_IMAGE.png,9325d54b671ddc5204146a4d3572e7a16a45ccce8c5e30c23727efd7a7fc1f69,공식 exact-RUID clip 영상과 INPUT의 실루엣·몸색·얼굴/장비 구성을 직접 대조. 동일 개체로 읽힘. 흰 배경/투명화·동작 프레임 차이는 정체성 불일치로 보지 않음.,D:\maplestory_levup\docs\art\output_audit\runs\20260912_162508_msw_origin_art_review\boards\area_07_source_and_all_frames.png,GIF 전체 프레임 접촉시트; 9f 이상은 source_detail_01..05에서 첫/중간/끝 확대 추가,없음(정체성 확인 범위). attack/hit/die의 모든 별도 clip 및 엔진 렌더 검증은 범위 밖
area_07,m_copper_drake,카파 드레이크,copperdrake,D:\maplestory_levup\RootDesk\MyDesk\Models\Monsters\CopperDrake.model,03db0a724ec47a84917ef10f6c1d1cf003209c227ea2a0c4978590c7ac2b1ef2,da160cd4b78c479ab8dfaa225b2dcd47,"{""$type"": ""MOD.Core.MODSyncDictionary`2[[System.String, mscorlib],[System.String, mscorlib]], MOD.Core"", ""stand"": ""da160cd4b78c479ab8dfaa225b2dcd47"", ""move"": ""dc5a939bc6c14988837a63c86fb701f0"", ""hit"": ""55b079678de0448288e48692fa1880f7"", ""die"": ""0c05fd44e1fd4da4a8494830028ceff9"", ""attack"": ""dc5a939bc6c14988837a63c86fb701f0"", ""jump"": ""dc5a939bc6c14988837a63c86fb701f0""}",0,True,True,MSW_ORIGINAL_CONFIRMED,animationclip,"{""ko"": [""카파 드레이크""]}",GET/POST MSW public v3 resources via validated wrapper,2026-09-12T07:29:16.326Z,D:\maplestory_levup\docs\art\output_audit\runs\20260912_162508_msw_origin_art_review\resource_batch_0.json,https://mod-resource-search-images.dn.nexoncdn.co.kr/maplestory_world/da160cd4b78c479ab8dfaa225b2dcd47.gif,D:\maplestory_levup\docs\art\output_audit\runs\20260912_162508_msw_origin_art_review\source_copies\da160cd4b78c479ab8dfaa225b2dcd47.gif,b41dc6fb2c58090b87e380af342cb9b1900f07703ae9b467ad905491a732f7e7,2026-09-12T07:30:19.420Z,1,1,f64e71e1722e40e5a982740228e3a268,API does not expose immutable revision; query time + returned metadata + image SHA256 snapshot,D:\maplestory_levup\docs\art\images-input-packages-v2_4\AREA_07_IMAGES_INPUT_V2_4.zip,23f9585e486719f4a4eefb7b354c01e4e7d8aa6b4de316af03fedec9bcd69002,AREA_07_IMAGES_INPUT_V2_4/monsters/002_m_copper_drake_카파_드레이크/MONSTER_IMAGE.png,a59b934824fc81a8ab2e38e430edaaf8269eae45c443d1652c5bc2ca692884c7,공식 exact-RUID clip 영상과 INPUT의 실루엣·몸색·얼굴/장비 구성을 직접 대조. 동일 개체로 읽힘. 흰 배경/투명화·동작 프레임 차이는 정체성 불일치로 보지 않음.,D:\maplestory_levup\docs\art\output_audit\runs\20260912_162508_msw_origin_art_review\boards\area_07_source_and_all_frames.png,GIF 전체 프레임 접촉시트; 9f 이상은 source_detail_01..05에서 첫/중간/끝 확대 추가,없음(정체성 확인 범위). attack/hit/die의 모든 별도 clip 및 엔진 렌더 검증은 범위 밖
area_07,m_drake,드레이크,drake,D:\maplestory_levup\RootDesk\MyDesk\Models\Monsters\Drake.model,c46f377971a40778a2eb8b20425e959219fb8de29527c4470196def2dea16cb9,f8cfac4e30394735861603f6bfcb1932,"{""$type"": ""MOD.Core.MODSyncDictionary`2[[System.String, mscorlib],[System.String, mscorlib]], MOD.Core"", ""stand"": ""f8cfac4e30394735861603f6bfcb1932"", ""move"": ""c1c6069005ef4fb3bf104eea7a52df3d"", ""hit"": ""364f3fe34c3147aebd6a0b3fe50e9f63"", ""die"": ""2964ac3bd9904c67830f67176cc7234e"", ""attack"": ""c1c6069005ef4fb3bf104eea7a52df3d"", ""jump"": ""c1c6069005ef4fb3bf104eea7a52df3d""}",0,True,True,MSW_ORIGINAL_CONFIRMED,animationclip,"{""ko"": [""드레이크""]}",GET/POST MSW public v3 resources via validated wrapper,2026-09-12T07:29:16.326Z,D:\maplestory_levup\docs\art\output_audit\runs\20260912_162508_msw_origin_art_review\resource_batch_0.json,https://mod-resource-search-images.dn.nexoncdn.co.kr/maplestory_world/f8cfac4e30394735861603f6bfcb1932.gif,D:\maplestory_levup\docs\art\output_audit\runs\20260912_162508_msw_origin_art_review\source_copies\f8cfac4e30394735861603f6bfcb1932.gif,0bef3fcad7faf0f00610c4208c5a89808b8aa6130b97722ac1383326fe627118,2026-09-12T07:30:19.423Z,1,1,29c9924e3de948c59cdc1036711c1c40,API does not expose immutable revision; query time + returned metadata + image SHA256 snapshot,D:\maplestory_levup\docs\art\images-input-packages-v2_4\AREA_07_IMAGES_INPUT_V2_4.zip,23f9585e486719f4a4eefb7b354c01e4e7d8aa6b4de316af03fedec9bcd69002,AREA_07_IMAGES_INPUT_V2_4/monsters/003_m_drake_드레이크/MONSTER_IMAGE.png,746a1d598523bcd13b041d931244179a187bcedebacd295f67f69d39c421522d,공식 exact-RUID clip 영상과 INPUT의 실루엣·몸색·얼굴/장비 구성을 직접 대조. 동일 개체로 읽힘. 흰 배경/투명화·동작 프레임 차이는 정체성 불일치로 보지 않음.,D:\maplestory_levup\docs\art\output_audit\runs\20260912_162508_msw_origin_art_review\boards\area_07_source_and_all_frames.png,GIF 전체 프레임 접촉시트; 9f 이상은 source_detail_01..05에서 첫/중간/끝 확대 추가,없음(정체성 확인 범위). attack/hit/die의 모든 별도 clip 및 엔진 렌더 검증은 범위 밖
area_07,m_wild_kargo,와일드카고,wildkargo,D:\maplestory_levup\RootDesk\MyDesk\Models\Monsters\WildKargo.model,4b45b93d056ff6620ff45dc039f78f9783e2bfc6207dda30a1073af8ca3bc264,7d1c1d17eff44687b35ca0d5108084dc,"{""$type"": ""MOD.Core.MODSyncDictionary`2[[System.String, mscorlib],[System.String, mscorlib]], MOD.Core"", ""stand"": ""7d1c1d17eff44687b35ca0d5108084dc"", ""move"": ""18bc35666910441f98a80bd4a24010c8"", ""jump"": ""4925464495b44873a6740cb7d9ac582c"", ""hit"": ""15428c5f3212470580a0852002afb646"", ""die"": ""a62cfa427587410181aff9331e5e5b15"", ""attack"": ""18bc35666910441f98a80bd4a24010c8""}",0,True,True,MSW_ORIGINAL_CONFIRMED,animationclip,"{""ko"": [""와일드카고""]}",GET/POST MSW public v3 resources via validated wrapper,2026-09-12T07:29:16.326Z,D:\maplestory_levup\docs\art\output_audit\runs\20260912_162508_msw_origin_art_review\resource_batch_0.json,https://mod-resource-search-images.dn.nexoncdn.co.kr/maplestory_world/7d1c1d17eff44687b35ca0d5108084dc.gif,D:\maplestory_levup\docs\art\output_audit\runs\20260912_162508_msw_origin_art_review\source_copies\7d1c1d17eff44687b35ca0d5108084dc.gif,5981adff866bfbbd1754c2a524e99db075558e1e485648e6aae3ce17b0fb1adf,2026-09-12T07:30:19.448Z,1,1,cd7436da20534e5e97b17c6facf460d2,API does not expose immutable revision; query time + returned metadata + image SHA256 snapshot,D:\maplestory_levup\docs\art\images-input-packages-v2_4\AREA_07_IMAGES_INPUT_V2_4.zip,23f9585e486719f4a4eefb7b354c01e4e7d8aa6b4de316af03fedec9bcd69002,AREA_07_IMAGES_INPUT_V2_4/monsters/004_m_wild_kargo_와일드카고/MONSTER_IMAGE.png,5c97846d841cb41ca40c11a705bdecea46a02562297f65eff1b4190eb651da8f,공식 exact-RUID clip 영상과 INPUT의 실루엣·몸색·얼굴/장비 구성을 직접 대조. 동일 개체로 읽힘. 흰 배경/투명화·동작 프레임 차이는 정체성 불일치로 보지 않음.,D:\maplestory_levup\docs\art\output_audit\runs\20260912_162508_msw_origin_art_review\boards\area_07_source_and_all_frames.png,GIF 전체 프레임 접촉시트; 9f 이상은 source_detail_01..05에서 첫/중간/끝 확대 추가,없음(정체성 확인 범위). attack/hit/die의 모든 별도 clip 및 엔진 렌더 검증은 범위 밖
area_07,m_jr_balrog,주니어 발록,jrbalrog,D:\maplestory_levup\RootDesk\MyDesk\Models\Monsters\JrBalrog.model,863e59e5a8efe602c96089fccb9ca5f86205ad3dc595e2f730bcdd2a65a98df1,4b3ad414c1184c02b5eb459b29ee8ece,"{""$type"": ""MOD.Core.MODSyncDictionary`2[[System.String, mscorlib],[System.String, mscorlib]], MOD.Core"", ""stand"": ""4b3ad414c1184c02b5eb459b29ee8ece"", ""move"": ""4f60f3e6658d439aa7aa35f23a155d9d"", ""attack"": ""45a54fc4b202417bab825bf820698d7e"", ""hit"": ""47ef73f20aa245f9ad2cc12c8f4c11da"", ""die"": ""6489dfbcae58487fb64d9978065b282c""}",0,True,True,MSW_ORIGINAL_CONFIRMED,animationclip,"{""ko"": [""Zoo 발록"", ""정체모를 주니어 발록"", ""주니어 발록"", ""주니어발록""]}",GET/POST MSW public v3 resources via validated wrapper,2026-09-12T07:29:16.326Z,D:\maplestory_levup\docs\art\output_audit\runs\20260912_162508_msw_origin_art_review\resource_batch_0.json,https://mod-resource-search-images.dn.nexoncdn.co.kr/maplestory_world/4b3ad414c1184c02b5eb459b29ee8ece.gif,D:\maplestory_levup\docs\art\output_audit\runs\20260912_162508_msw_origin_art_review\source_copies\4b3ad414c1184c02b5eb459b29ee8ece.gif,24bd5ccbe9c4ceb4875186ec134aec987107a0ccb1d8fc83ec5ddd3fba1bf9b8,2026-09-12T07:30:19.483Z,2,2,9e00d0b8c9e94634a1d94f0f1691c0d5|d9491826749643ca8386850d0c26bfb4,API does not expose immutable revision; query time + returned metadata + image SHA256 snapshot,D:\maplestory_levup\docs\art\images-input-packages-v2_4\AREA_07_IMAGES_INPUT_V2_4.zip,23f9585e486719f4a4eefb7b354c01e4e7d8aa6b4de316af03fedec9bcd69002,AREA_07_IMAGES_INPUT_V2_4/monsters/005_m_jr_balrog_주니어_발록/MONSTER_IMAGE.png,e9aebccdeeddb2512027a9d74fcab0cba94f6b1aa5ed2f76b6d988025c17356c,공식 exact-RUID clip 영상과 INPUT의 실루엣·몸색·얼굴/장비 구성을 직접 대조. 동일 개체로 읽힘. 흰 배경/투명화·동작 프레임 차이는 정체성 불일치로 보지 않음.,D:\maplestory_levup\docs\art\output_audit\runs\20260912_162508_msw_origin_art_review\boards\area_07_source_and_all_frames.png,GIF 전체 프레임 접촉시트; 9f 이상은 source_detail_01..05에서 첫/중간/끝 확대 추가,없음(정체성 확인 범위). attack/hit/die의 모든 별도 clip 및 엔진 렌더 검증은 범위 밖
area_07,m_tauromacis,타우로마시스,tauromacis,D:\maplestory_levup\RootDesk\MyDesk\Models\Monsters\Tauromacis.model,8b38fc58fa39cc61b2b0018b41372f5a02eca64f50784c57c8e85a2fcba50998,5ef751fd743e41609bf98e03de4df51c,"{""$type"": ""MOD.Core.MODSyncDictionary`2[[System.String, mscorlib],[System.String, mscorlib]], MOD.Core"", ""stand"": ""5ef751fd743e41609bf98e03de4df51c"", ""move"": ""c62af154ef414ebaa329a68d79b5cc37"", ""attack"": ""a81c0e470e3b40b19fe7ef15f878c80a"", ""hit"": ""ae9cdda9f26c4ccba9fdb28709e90ec3"", ""die"": ""00bb89f4a87a4cafb52268392817afbf"", ""jump"": ""c62af154ef414ebaa329a68d79b5cc37""}",0,True,True,MSW_ORIGINAL_CONFIRMED,animationclip,"{""ko"": [""타우로마시스""]}",GET/POST MSW public v3 resources via validated wrapper,2026-09-12T07:29:16.326Z,D:\maplestory_levup\docs\art\output_audit\runs\20260912_162508_msw_origin_art_review\resource_batch_0.json,https://mod-resource-search-images.dn.nexoncdn.co.kr/maplestory_world/5ef751fd743e41609bf98e03de4df51c.gif,D:\maplestory_levup\docs\art\output_audit\runs\20260912_162508_msw_origin_art_review\source_copies\5ef751fd743e41609bf98e03de4df51c.gif,af8a62f30ccd3ea48eb565dafa644ad86ae7c03d84d029a2220445e356b6c6d6,2026-09-12T07:30:19.661Z,8,8,ecf4376aa7f44831b940e65a717522b7|9c5d34c25e744974b24f1c4b07ddb790|80bb01996f564c0baf17e62835349d48|3088c4eb3ae6429a8f151b90f7a656e3|314afa021bfa423d99a99ae329d7bf16|c9fe2a7ab17f49e4b691eac1e466a6d5|41906631cf334ecd9dee23f603424a16|62563b0c6266442b9180fce0b1a4cfb2,API does not expose immutable revision; query time + returned metadata + image SHA256 snapshot,D:\maplestory_levup\docs\art\images-input-packages-v2_4\AREA_07_IMAGES_INPUT_V2_4.zip,23f9585e486719f4a4eefb7b354c01e4e7d8aa6b4de316af03fedec9bcd69002,AREA_07_IMAGES_INPUT_V2_4/monsters/006_m_tauromacis_타우로마시스/MONSTER_IMAGE.png,61330eb0e3a6da6846d833e72dbaa4561f3dd00733f4fd34f59826e03b579657,공식 exact-RUID clip 영상과 INPUT의 실루엣·몸색·얼굴/장비 구성을 직접 대조. 동일 개체로 읽힘. 흰 배경/투명화·동작 프레임 차이는 정체성 불일치로 보지 않음.,D:\maplestory_levup\docs\art\output_audit\runs\20260912_162508_msw_origin_art_review\boards\area_07_source_and_all_frames.png,GIF 전체 프레임 접촉시트; 9f 이상은 source_detail_01..05에서 첫/중간/끝 확대 추가,없음(정체성 확인 범위). attack/hit/die의 모든 별도 clip 및 엔진 렌더 검증은 범위 밖
area_08,m_star_pixie,스타픽시,starpixie,D:\maplestory_levup\RootDesk\MyDesk\Models\Monsters\StarPixie.model,60f6720ed7ddb95b2135a29210b1b18664f1e4a70225598c0a6c5c80a7de0086,ca136923b7e84267af993bdbabada385,"{""$type"": ""MOD.Core.MODSyncDictionary`2[[System.String, mscorlib],[System.String, mscorlib]], MOD.Core"", ""stand"": ""ca136923b7e84267af993bdbabada385"", ""move"": ""a25f27e01d7446c6910550d595ef08b6"", ""jump"": ""6128b714a94c431a88ef0a06d5c40644"", ""attack"": ""0c9e55cecc774a4290c10590358b9b4d"", ""hit"": ""f0f493b1149e4b6a863890a82d82fca6"", ""die"": ""8bff7824fb974b69b02d576b7c6ed257""}",0,True,True,MSW_ORIGINAL_CONFIRMED,animationclip,"{""ko"": [""스타픽시"", ""여신 탑의 스타픽시"", ""여신 탑의 스타픽시(보스 소환용)""]}",GET/POST MSW public v3 resources via validated wrapper,2026-09-12T07:29:16.326Z,D:\maplestory_levup\docs\art\output_audit\runs\20260912_162508_msw_origin_art_review\resource_batch_0.json,https://mod-resource-search-images.dn.nexoncdn.co.kr/maplestory_world/ca136923b7e84267af993bdbabada385.gif,D:\maplestory_levup\docs\art\output_audit\runs\20260912_162508_msw_origin_art_review\source_copies\ca136923b7e84267af993bdbabada385.gif,a40b7a88268833b32d30d01cad7035351c29f12d7fd8465d2d3264e11120e005,2026-09-12T07:30:19.607Z,6,6,95904020ba6b463bb427c5a63d7ecfd0|008aab4b20f34e4993673574108e47b3|359bc4c8cfc94b309f9497221daf4b2a|ce76a2d86aaa44368a61eda627a18ec5|5006c4b9b6814ef4b5fe544fe963d0fd|0964e122060245d1bdd1e0b1f8ac74ee,API does not expose immutable revision; query time + returned metadata + image SHA256 snapshot,D:\maplestory_levup\docs\art\images-input-packages-v2_4\AREA_08_IMAGES_INPUT_V2_4.zip,b613e6f6e75463d727437fdc3e7b451f594d7fc330ae30a2de614341d7d09c1d,AREA_08_IMAGES_INPUT_V2_4/monsters/001_m_star_pixie_스타픽시/MONSTER_IMAGE.png,4ae9b517312f330ac0ec7a6d2214934a7cfae482512a521e9fafb8970961acac,공식 exact-RUID clip 영상과 INPUT의 실루엣·몸색·얼굴/장비 구성을 직접 대조. 동일 개체로 읽힘. 흰 배경/투명화·동작 프레임 차이는 정체성 불일치로 보지 않음.,D:\maplestory_levup\docs\art\output_audit\runs\20260912_162508_msw_origin_art_review\boards\area_08_source_and_all_frames.png,GIF 전체 프레임 접촉시트; 9f 이상은 source_detail_01..05에서 첫/중간/끝 확대 추가,없음(정체성 확인 범위). attack/hit/die의 모든 별도 clip 및 엔진 렌더 검증은 범위 밖
area_08,m_jr_cellion,주니어 샐리온,jrcellion,D:\maplestory_levup\RootDesk\MyDesk\Models\Monsters\JrCellion.model,d0a964b0e38b4ee6e31131a1355ec49b34a554098b460dccb3153be29842f944,016bc9a459104e2a8a2fea03d7130519,"{""$type"": ""MOD.Core.MODSyncDictionary`2[[System.String, mscorlib],[System.String, mscorlib]], MOD.Core"", ""stand"": ""016bc9a459104e2a8a2fea03d7130519"", ""move"": ""966306ea1fca44fe861a2b6e7043e15d"", ""jump"": ""2809d8483b664d9cb5fc20cc1a18eb53"", ""hit"": ""f3261f7cba9247c48f6c751d600ee21c"", ""die"": ""ac0cca74a98e4f9a818ebc69759bc75d"", ""attack"": ""966306ea1fca44fe861a2b6e7043e15d""}",0,True,True,MSW_ORIGINAL_CONFIRMED,animationclip,"{""ko"": [""여신 탑의 주니어 샐리온"", ""주니어 샐리온""]}",GET/POST MSW public v3 resources via validated wrapper,2026-09-12T07:29:16.616Z,D:\maplestory_levup\docs\art\output_audit\runs\20260912_162508_msw_origin_art_review\resource_batch_35.json,https://mod-resource-search-images.dn.nexoncdn.co.kr/maplestory_world/016bc9a459104e2a8a2fea03d7130519.gif,D:\maplestory_levup\docs\art\output_audit\runs\20260912_162508_msw_origin_art_review\source_copies\016bc9a459104e2a8a2fea03d7130519.gif,e5b2af4e7e4baf2900110e4e9f68174842cf2b2456fe3dfb0c5be1f8f5055214,2026-09-12T07:30:19.728Z,6,6,7b204ed110da47c88ab403ea27538772|a426039a75b84d009d46ecfead4e2c11|f0e3ed9d368d4f6d9648395df6a9f47f|cacc7c534d334832a733dbd997526219|b78db1d4fdf741ff8470cc2b982b20e2|b92ec8f3c9f24fe1a7359cbb7535fdba,API does not expose immutable revision; query time + returned metadata + image SHA256 snapshot,D:\maplestory_levup\docs\art\images-input-packages-v2_4\AREA_08_IMAGES_INPUT_V2_4.zip,b613e6f6e75463d727437fdc3e7b451f594d7fc330ae30a2de614341d7d09c1d,AREA_08_IMAGES_INPUT_V2_4/monsters/002_m_jr_cellion_주니어_샐리온/MONSTER_IMAGE.png,f6afda60c0857052b3f96edad9bd2f6454b228aed81c3b208bf84d3fe1a431e2,공식 exact-RUID clip 영상과 INPUT의 실루엣·몸색·얼굴/장비 구성을 직접 대조. 동일 개체로 읽힘. 흰 배경/투명화·동작 프레임 차이는 정체성 불일치로 보지 않음.,D:\maplestory_levup\docs\art\output_audit\runs\20260912_162508_msw_origin_art_review\boards\area_08_source_and_all_frames.png,GIF 전체 프레임 접촉시트; 9f 이상은 source_detail_01..05에서 첫/중간/끝 확대 추가,없음(정체성 확인 범위). attack/hit/die의 모든 별도 clip 및 엔진 렌더 검증은 범위 밖
area_08,m_lunar_pixie,루나픽시,lunarpixie,D:\maplestory_levup\RootDesk\MyDesk\Models\Monsters\LunarPixie.model,4528c187b7b3175959bbef5ced9fb75baa5b16acceaea8bb1566f61e86db04c1,ff4a57bc3d4a4488b0053c33f4c3369f,"{""$type"": ""MOD.Core.MODSyncDictionary`2[[System.String, mscorlib],[System.String, mscorlib]], MOD.Core"", ""stand"": ""ff4a57bc3d4a4488b0053c33f4c3369f"", ""move"": ""6c09e340af2f4ca697463ef36a95f523"", ""jump"": ""494c4c4625c74d0b85d6055aac15e11a"", ""attack"": ""a6556d61dbef4153ab4815d8d63c5768"", ""hit"": ""187b73445d4645d68750ed12f924203a"", ""die"": ""64990174c8d2411a82a12a9569abf085""}",0,True,True,MSW_ORIGINAL_CONFIRMED,animationclip,"{""ko"": [""루나픽시"", ""여신 탑의 루나픽시"", ""여신 탑의 루나픽시(보스 소환용)""]}",GET/POST MSW public v3 resources via validated wrapper,2026-09-12T07:29:16.616Z,D:\maplestory_levup\docs\art\output_audit\runs\20260912_162508_msw_origin_art_review\resource_batch_35.json,https://mod-resource-search-images.dn.nexoncdn.co.kr/maplestory_world/ff4a57bc3d4a4488b0053c33f4c3369f.gif,D:\maplestory_levup\docs\art\output_audit\runs\20260912_162508_msw_origin_art_review\source_copies\ff4a57bc3d4a4488b0053c33f4c3369f.gif,cc43a783b153324e4c47d6a76e54bf8e7f1cc0271611b0475c073b23ac43c85d,2026-09-12T07:30:19.610Z,6,6,28ffe7bde0f743eab85d22793e48f5cb|3581008597724d86ae2a671e8411ed37|fccbc004f072408db1825c284868d3e3|8e521c190827496682b1d1d932aa6b2b|55f2fda7355a48339514a5c61dcb9fe7|f87c4dcee90447ae9e2bc00e7501dc18,API does not expose immutable revision; query time + returned metadata + image SHA256 snapshot,D:\maplestory_levup\docs\art\images-input-packages-v2_4\AREA_08_IMAGES_INPUT_V2_4.zip,b613e6f6e75463d727437fdc3e7b451f594d7fc330ae30a2de614341d7d09c1d,AREA_08_IMAGES_INPUT_V2_4/monsters/003_m_lunar_pixie_루나픽시/MONSTER_IMAGE.png,fe28647ddc88a00124b8adf0f10963ef019a7983b230cfd54df9bdaa75c84195,공식 exact-RUID clip 영상과 INPUT의 실루엣·몸색·얼굴/장비 구성을 직접 대조. 동일 개체로 읽힘. 흰 배경/투명화·동작 프레임 차이는 정체성 불일치로 보지 않음.,D:\maplestory_levup\docs\art\output_audit\runs\20260912_162508_msw_origin_art_review\boards\area_08_source_and_all_frames.png,GIF 전체 프레임 접촉시트; 9f 이상은 source_detail_01..05에서 첫/중간/끝 확대 추가,없음(정체성 확인 범위). attack/hit/die의 모든 별도 clip 및 엔진 렌더 검증은 범위 밖
area_08,m_luster_pixie,러스터픽시,lusterpixie,D:\maplestory_levup\RootDesk\MyDesk\Models\Monsters\LusterPixie.model,f349a4e3bcd56a3dba953fee926e50ad56257283adccb30b9088d18d6e9746c6,35f555b27d3a4d438224a29e73fac305,"{""$type"": ""MOD.Core.MODSyncDictionary`2[[System.String, mscorlib],[System.String, mscorlib]], MOD.Core"", ""stand"": ""35f555b27d3a4d438224a29e73fac305"", ""move"": ""7230c88964604573b9b687a919855b00"", ""jump"": ""f8a572a977894c69911d5749371e2ba1"", ""attack"": ""d8d759053a5f4e338ccd47be39802179"", ""hit"": ""dc25c90c27904ce8b20ae1ada438bf9a"", ""die"": ""1b0641033e0b4d90bdadd2cdf1fb70e3""}",0,True,True,MSW_ORIGINAL_CONFIRMED,animationclip,"{""ko"": [""러스터픽시"", ""여신 탑의 러스터픽시"", ""여신 탑의 러스터픽시(보스 소환용)""]}",GET/POST MSW public v3 resources via validated wrapper,2026-09-12T07:29:16.616Z,D:\maplestory_levup\docs\art\output_audit\runs\20260912_162508_msw_origin_art_review\resource_batch_35.json,https://mod-resource-search-images.dn.nexoncdn.co.kr/maplestory_world/35f555b27d3a4d438224a29e73fac305.gif,D:\maplestory_levup\docs\art\output_audit\runs\20260912_162508_msw_origin_art_review\source_copies\35f555b27d3a4d438224a29e73fac305.gif,c6422434187a2167baf8c3e2cd7b9c2837255a21e62150edbe112f4bae857881,2026-09-12T07:30:19.724Z,6,6,e094b9907ba84967bd46b4af1d253c70|7af09c2ecdca4fec8b02d3463bc17b77|b1a0909277d6439eb60ee8d84078b636|9f58e50b3262451eb1e22fcae3881158|0351d5a91eb2406f829abc0e6c69e1b0|db3dfc542c55472fab474bf9c3915504,API does not expose immutable revision; query time + returned metadata + image SHA256 snapshot,D:\maplestory_levup\docs\art\images-input-packages-v2_4\AREA_08_IMAGES_INPUT_V2_4.zip,b613e6f6e75463d727437fdc3e7b451f594d7fc330ae30a2de614341d7d09c1d,AREA_08_IMAGES_INPUT_V2_4/monsters/004_m_luster_pixie_러스터픽시/MONSTER_IMAGE.png,570c0decec8c5fe2d2418140577af66d523d6ad51156fa4e0185682beba4b7d5,공식 exact-RUID clip 영상과 INPUT의 실루엣·몸색·얼굴/장비 구성을 직접 대조. 동일 개체로 읽힘. 흰 배경/투명화·동작 프레임 차이는 정체성 불일치로 보지 않음.,D:\maplestory_levup\docs\art\output_audit\runs\20260912_162508_msw_origin_art_review\boards\area_08_source_and_all_frames.png,GIF 전체 프레임 접촉시트; 9f 이상은 source_detail_01..05에서 첫/중간/끝 확대 추가,없음(정체성 확인 범위). attack/hit/die의 모든 별도 clip 및 엔진 렌더 검증은 범위 밖
area_08,m_eliza,엘리쟈,eliza,D:\maplestory_levup\RootDesk\MyDesk\Models\Monsters\Eliza.model,0aa44ce0a96ecbe9af89ec10e85a4ea9f223146976c44506e4dbceaaa3aa9d1c,d458879e2e2949f2bb2e915ff67fbc64,"{""$type"": ""MOD.Core.MODSyncDictionary`2[[System.String, mscorlib],[System.String, mscorlib]], MOD.Core"", ""stand"": ""d458879e2e2949f2bb2e915ff67fbc64"", ""move"": ""e4e1fb8384994d8890b786f7b9df93a3"", ""jump"": ""d72a977e76a04ffcbab240d8cfb39da7"", ""attack"": ""8c933520034f4a3a8fb4163495ab714e"", ""hit"": ""5ee4cd91882446e99905bea46f26e8e6"", ""die"": ""1ebdf7b4f5b64af3a385a18551a410fe""}",0,True,True,MSW_ORIGINAL_CONFIRMED,animationclip,"{""ko"": [""엘리쟈"", ""조종당하는 엘리쟈""]}",GET/POST MSW public v3 resources via validated wrapper,2026-09-12T07:29:16.616Z,D:\maplestory_levup\docs\art\output_audit\runs\20260912_162508_msw_origin_art_review\resource_batch_35.json,https://mod-resource-search-images.dn.nexoncdn.co.kr/maplestory_world/d458879e2e2949f2bb2e915ff67fbc64.gif,D:\maplestory_levup\docs\art\output_audit\runs\20260912_162508_msw_origin_art_review\source_copies\d458879e2e2949f2bb2e915ff67fbc64.gif,f46972f3caa874e74794e13ca575c6f7dc2a73dfa1b291dc4212e3f4cda06c23,2026-09-12T07:30:19.772Z,6,6,29183d65fa0a496092b69534f5e86a6a|3b45d00ead684cb3ae67984bb226213c|23a84fe276a443d18892fa3246cafa33|05777302853944f780203f3bca0acdf8|6532904467cc4920908386daa3cceeaa|ed7daca819d943299618821c1eaf32ac,API does not expose immutable revision; query time + returned metadata + image SHA256 snapshot,D:\maplestory_levup\docs\art\images-input-packages-v2_4\AREA_08_IMAGES_INPUT_V2_4.zip,b613e6f6e75463d727437fdc3e7b451f594d7fc330ae30a2de614341d7d09c1d,AREA_08_IMAGES_INPUT_V2_4/monsters/005_m_eliza_엘리쟈/MONSTER_IMAGE.png,208c85c1a55bc850ec09e27c9e69b2bb5a199f21b7a2d4e5700a28a1265935ee,공식 exact-RUID clip 영상과 INPUT의 실루엣·몸색·얼굴/장비 구성을 직접 대조. 동일 개체로 읽힘. 흰 배경/투명화·동작 프레임 차이는 정체성 불일치로 보지 않음.,D:\maplestory_levup\docs\art\output_audit\runs\20260912_162508_msw_origin_art_review\boards\area_08_source_and_all_frames.png,GIF 전체 프레임 접촉시트; 9f 이상은 source_detail_01..05에서 첫/중간/끝 확대 추가,없음(정체성 확인 범위). attack/hit/die의 모든 별도 clip 및 엔진 렌더 검증은 범위 밖
area_09,m_jr_yeti,주니어 예티,jryeti,D:\maplestory_levup\RootDesk\MyDesk\Models\Monsters\JrYeti.model,4038cc41c646de26a6158a4e0fc3baf61f6516fc7750b907ca3fdad58ce45a38,1975dd704eec461ab49bdeb0c11c54d9,"{""$type"": ""MOD.Core.MODSyncDictionary`2[[System.String, mscorlib],[System.String, mscorlib]], MOD.Core"", ""stand"": ""1975dd704eec461ab49bdeb0c11c54d9"", ""move"": ""842a6865f7074f94ac4a190ed90e2e21"", ""jump"": ""f59ed8ac1cfa4aec918331209a15dc1b"", ""hit"": ""63a1a5f280f04e55b935d6a2155edcef"", ""die"": ""13b9f2b2f7664cc5a08e663f2fe0502b"", ""attack"": ""842a6865f7074f94ac4a190ed90e2e21""}",0,True,True,MSW_ORIGINAL_CONFIRMED,animationclip,"{""ko"": [""주니어 예티""]}",GET/POST MSW public v3 resources via validated wrapper,2026-09-12T07:29:16.616Z,D:\maplestory_levup\docs\art\output_audit\runs\20260912_162508_msw_origin_art_review\resource_batch_35.json,https://mod-resource-search-images.dn.nexoncdn.co.kr/maplestory_world/1975dd704eec461ab49bdeb0c11c54d9.gif,D:\maplestory_levup\docs\art\output_audit\runs\20260912_162508_msw_origin_art_review\source_copies\1975dd704eec461ab49bdeb0c11c54d9.gif,f527590794891aef6fa5b50805fb9e9796d16862e7a304ace6d820725577107f,2026-09-12T07:30:19.900Z,11,11,88d193963ece41cf9ccf049694539708|eb80eb297df248958d4e27c4f4b1233e|30c261657be1403faa79bfed19dcdd40|d24bccf964e44117b220a2c452236299|219f6b8bd21442da9e29a4c9bcbd7c42|d77c5aefa8704f56a1199a611c5a2baa|c18b1bdb96a5456e9943ab40436adcb4|e73682cd39674cb298b0d332440caf1d|e4f9fe80fb0744f6a974fa2236c9bd73|417dbd7a59ac43fbac8fd48d63b10d91|1750b83d347346c3a267a42811c31313,API does not expose immutable revision; query time + returned metadata + image SHA256 snapshot,D:\maplestory_levup\docs\art\images-input-packages-v2_4\AREA_09_IMAGES_INPUT_V2_4.zip,6e7559fce3f98885298240dee6b9857197785ef59c6dfa9632868bb2aa572298,AREA_09_IMAGES_INPUT_V2_4/monsters/001_m_jr_yeti_주니어_예티/MONSTER_IMAGE.png,e21f04467d5767ac4ced366b0c8fbd801bbf9281ea16c426c517485047db1a49,공식 exact-RUID clip 영상과 INPUT의 실루엣·몸색·얼굴/장비 구성을 직접 대조. 동일 개체로 읽힘. 흰 배경/투명화·동작 프레임 차이는 정체성 불일치로 보지 않음.,D:\maplestory_levup\docs\art\output_audit\runs\20260912_162508_msw_origin_art_review\boards\area_09_source_and_all_frames.png,GIF 전체 프레임 접촉시트; 9f 이상은 source_detail_01..05에서 첫/중간/끝 확대 추가,없음(정체성 확인 범위). attack/hit/die의 모든 별도 clip 및 엔진 렌더 검증은 범위 밖
area_09,m_dark_jr_yeti,다크 주니어 예티,darkjryeti,D:\maplestory_levup\RootDesk\MyDesk\Models\Monsters\DarkJrYeti.model,123fb86cb463fcc196ca7cde3b6645555f18cc3403419c87f192c1401b9ee633,ce56cf9613174f80976dab5b61f7b604,"{""$type"": ""MOD.Core.MODSyncDictionary`2[[System.String, mscorlib],[System.String, mscorlib]], MOD.Core"", ""stand"": ""ce56cf9613174f80976dab5b61f7b604"", ""move"": ""8d2b8951794d406a86cc580e9eeff18d"", ""jump"": ""44a5db43346e4bd0904005a73525a756"", ""hit"": ""cbe070cdf1fa4611a3529f3d70296a33"", ""die"": ""fad50a0e478c40fcbd383e069bc278da"", ""attack"": ""8d2b8951794d406a86cc580e9eeff18d""}",0,True,True,MSW_ORIGINAL_CONFIRMED,animationclip,"{""ko"": [""다크 주니어 예티""]}",GET/POST MSW public v3 resources via validated wrapper,2026-09-12T07:29:16.616Z,D:\maplestory_levup\docs\art\output_audit\runs\20260912_162508_msw_origin_art_review\resource_batch_35.json,https://mod-resource-search-images.dn.nexoncdn.co.kr/maplestory_world/ce56cf9613174f80976dab5b61f7b604.gif,D:\maplestory_levup\docs\art\output_audit\runs\20260912_162508_msw_origin_art_review\source_copies\ce56cf9613174f80976dab5b61f7b604.gif,ea2756dd2c5d9c4e9dd5e53e9a1e9c47cf749962abd03099e8151b6d0eea0c2b,2026-09-12T07:30:19.873Z,11,11,2665d85fa517423aa9eb0a876f155c31|b61e7c27d811423fb5bdd5b390ba7409|4b81f258a4414349a5a67b37e246558b|7b066a86999343849c664c2d6c261f9f|30920383bfe340b6bfc236029a4ca9c4|7e1252a3ce294da69deda0705b4accc8|5cdc790797c24199a62bcd24168790e1|c6883e0f516b4de19beed5079ca72005|a5628b013a9a472b928693c73e883018|3a4e83bf2c6a40799972c21e26fda438|49d54bb07b0148a88efb92e970b7c97c,API does not expose immutable revision; query time + returned metadata + image SHA256 snapshot,D:\maplestory_levup\docs\art\images-input-packages-v2_4\AREA_09_IMAGES_INPUT_V2_4.zip,6e7559fce3f98885298240dee6b9857197785ef59c6dfa9632868bb2aa572298,AREA_09_IMAGES_INPUT_V2_4/monsters/002_m_dark_jr_yeti_다크_주니어_예티/MONSTER_IMAGE.png,6be8a604b57658c8e0f9eaf21e6dc436ed45e353e3d760f9ba4bb37b9356d3a8,공식 exact-RUID clip 영상과 INPUT의 실루엣·몸색·얼굴/장비 구성을 직접 대조. 동일 개체로 읽힘. 흰 배경/투명화·동작 프레임 차이는 정체성 불일치로 보지 않음.,D:\maplestory_levup\docs\art\output_audit\runs\20260912_162508_msw_origin_art_review\boards\area_09_source_and_all_frames.png,GIF 전체 프레임 접촉시트; 9f 이상은 source_detail_01..05에서 첫/중간/끝 확대 추가,없음(정체성 확인 범위). attack/hit/die의 모든 별도 clip 및 엔진 렌더 검증은 범위 밖
area_09,m_hector,헥터,hector,D:\maplestory_levup\RootDesk\MyDesk\Models\Monsters\Hector.model,c4abe441c88e81684fa1c6c324ce288d794792c9308896c03ab3948849fb8954,7dcc64a4725b4777b8f86a5404b4d4cc,"{""$type"": ""MOD.Core.MODSyncDictionary`2[[System.String, mscorlib],[System.String, mscorlib]], MOD.Core"", ""stand"": ""7dcc64a4725b4777b8f86a5404b4d4cc"", ""move"": ""5e3fe57af79849ec9fd521dbd498f70d"", ""jump"": ""7e5783e93a96463184f8a7acfa246523"", ""attack"": ""ab421fbae9c942219123b08228fbfca3"", ""hit"": ""17e6ef4f715547bc9565c4a75b7dc340"", ""die"": ""e827e51a595e4d888e8982ded639e769""}",0,True,True,MSW_ORIGINAL_CONFIRMED,animationclip,"{""ko"": [""헥터""]}",GET/POST MSW public v3 resources via validated wrapper,2026-09-12T07:29:16.616Z,D:\maplestory_levup\docs\art\output_audit\runs\20260912_162508_msw_origin_art_review\resource_batch_35.json,https://mod-resource-search-images.dn.nexoncdn.co.kr/maplestory_world/7dcc64a4725b4777b8f86a5404b4d4cc.gif,D:\maplestory_levup\docs\art\output_audit\runs\20260912_162508_msw_origin_art_review\source_copies\7dcc64a4725b4777b8f86a5404b4d4cc.gif,41976017d0e2140c354e84e5d710227aa5b8780392cda7ffd43d460e31f0ed5b,2026-09-12T07:30:19.892Z,4,4,ec9726a472064114bab14b0c8f6895d5|c45a0e85a55c4ebca428916c0273321f|e21911813d584d4e888b574dd7236167|076cb8a5d22b44fc98808e39ead53dfe,API does not expose immutable revision; query time + returned metadata + image SHA256 snapshot,D:\maplestory_levup\docs\art\images-input-packages-v2_4\AREA_09_IMAGES_INPUT_V2_4.zip,6e7559fce3f98885298240dee6b9857197785ef59c6dfa9632868bb2aa572298,AREA_09_IMAGES_INPUT_V2_4/monsters/003_m_hector_헥터/MONSTER_IMAGE.png,5270a4554b0a2580ba3bd8894a63b9140e8b0ec51dc1d715904745da6447e706,공식 exact-RUID clip 영상과 INPUT의 실루엣·몸색·얼굴/장비 구성을 직접 대조. 동일 개체로 읽힘. 흰 배경/투명화·동작 프레임 차이는 정체성 불일치로 보지 않음.,D:\maplestory_levup\docs\art\output_audit\runs\20260912_162508_msw_origin_art_review\boards\area_09_source_and_all_frames.png,GIF 전체 프레임 접촉시트; 9f 이상은 source_detail_01..05에서 첫/중간/끝 확대 추가,없음(정체성 확인 범위). attack/hit/die의 모든 별도 clip 및 엔진 렌더 검증은 범위 밖
area_09,m_white_fang,화이트팽,whitefang,D:\maplestory_levup\RootDesk\MyDesk\Models\Monsters\WhiteFang.model,e32c3129503a0272870b9dd09945eec24b4e02f5ef19d2815fb51d883b521427,aaa3b506804d4418b025da47dbb65b3f,"{""$type"": ""MOD.Core.MODSyncDictionary`2[[System.String, mscorlib],[System.String, mscorlib]], MOD.Core"", ""stand"": ""aaa3b506804d4418b025da47dbb65b3f"", ""move"": ""a669487dc36d43df99ecef932ccf6f00"", ""jump"": ""e1890c8e5b8d446eb9b18b7a0380f6ac"", ""attack"": ""e7d12e44869040ed8d6cd4c25c41d543"", ""hit"": ""8e3cd0c02fca425388e6f9cc909f12f9"", ""die"": ""ec707ca9121f4e4cb536c37a29084760""}",0,True,True,MSW_ORIGINAL_CONFIRMED,animationclip,"{""ko"": [""Zoo 화이트팽"", ""설귀도 화이트팽"", ""화이트팽""]}",GET/POST MSW public v3 resources via validated wrapper,2026-09-12T07:29:16.616Z,D:\maplestory_levup\docs\art\output_audit\runs\20260912_162508_msw_origin_art_review\resource_batch_35.json,https://mod-resource-search-images.dn.nexoncdn.co.kr/maplestory_world/aaa3b506804d4418b025da47dbb65b3f.gif,D:\maplestory_levup\docs\art\output_audit\runs\20260912_162508_msw_origin_art_review\source_copies\aaa3b506804d4418b025da47dbb65b3f.gif,3ca0f5bff7f3adfedab31fa457da79c613ace750b7f7bdd842be38f7bc71a962,2026-09-12T07:30:19.971Z,4,4,1ba6793d996840a5b2ead8db5f4a0f95|87e3e6ad5ed945c98482b8cf159d57cd|8f59bee63b374b5893b9955a46d0b9fa|f494514b51e24ec9b0a1f00b9fedc1a6,API does not expose immutable revision; query time + returned metadata + image SHA256 snapshot,D:\maplestory_levup\docs\art\images-input-packages-v2_4\AREA_09_IMAGES_INPUT_V2_4.zip,6e7559fce3f98885298240dee6b9857197785ef59c6dfa9632868bb2aa572298,AREA_09_IMAGES_INPUT_V2_4/monsters/004_m_white_fang_화이트팽/MONSTER_IMAGE.png,71f7a01b9f3f910afceabad1784f8b8b9f2f4a78f0f9e49dc3ec4428ce3e57c4,공식 exact-RUID clip 영상과 INPUT의 실루엣·몸색·얼굴/장비 구성을 직접 대조. 동일 개체로 읽힘. 흰 배경/투명화·동작 프레임 차이는 정체성 불일치로 보지 않음.,D:\maplestory_levup\docs\art\output_audit\runs\20260912_162508_msw_origin_art_review\boards\area_09_source_and_all_frames.png,GIF 전체 프레임 접촉시트; 9f 이상은 source_detail_01..05에서 첫/중간/끝 확대 추가,없음(정체성 확인 범위). attack/hit/die의 모든 별도 clip 및 엔진 렌더 검증은 범위 밖
area_09,m_snow_witch,설산의 마녀,snowwitch,D:\maplestory_levup\RootDesk\MyDesk\Models\Monsters\SnowWitch.model,265da73c4c756e9521a39010c76484afb1570e61e1fec9ba48abd7e82cbf8c21,4b50438f59154f41aba918b2d28bb8d2,"{""$type"": ""MOD.Core.MODSyncDictionary`2[[System.String, mscorlib],[System.String, mscorlib]], MOD.Core"", ""stand"": ""4b50438f59154f41aba918b2d28bb8d2"", ""move"": ""8816e805196a4f09aca79f27de12ade8"", ""attack"": ""bdd2cc8707254cbeac714bbc260b367e"", ""hit"": ""79d70b581e22411abbd0f142c038b7ad"", ""die"": ""ba9ce08382224dd9ad9e3a97428d4cdd"", ""jump"": ""8816e805196a4f09aca79f27de12ade8""}",0,True,True,MSW_ORIGINAL_CONFIRMED,animationclip,"{""ko"": [""설산의 마녀""]}",GET/POST MSW public v3 resources via validated wrapper,2026-09-12T07:29:16.616Z,D:\maplestory_levup\docs\art\output_audit\runs\20260912_162508_msw_origin_art_review\resource_batch_35.json,https://mod-resource-search-images.dn.nexoncdn.co.kr/maplestory_world/4b50438f59154f41aba918b2d28bb8d2.gif,D:\maplestory_levup\docs\art\output_audit\runs\20260912_162508_msw_origin_art_review\source_copies\4b50438f59154f41aba918b2d28bb8d2.gif,2d24b2d4ef8958efb5982ff7d5a16d01c186eab976e4ad30d615c459649886bc,2026-09-12T07:30:20.066Z,8,8,267029e4570c4a6fa453cdda5ff12788|818d7fcb8e0b495f9b2b424e77261bc1|cfdeab12fb36465186f4cb9da8e5e1e2|1b8d81d778c746c9b2581270e2534587|8404a942c84e4fb4be62c2eedc11ecd2|ff2bcd6040cf4b0d86302213a8ac84b1|436ec06ec8064480895eb75359e60130|4922eeac32de45b49a9330ab37c6550a,API does not expose immutable revision; query time + returned metadata + image SHA256 snapshot,D:\maplestory_levup\docs\art\images-input-packages-v2_4\AREA_09_IMAGES_INPUT_V2_4.zip,6e7559fce3f98885298240dee6b9857197785ef59c6dfa9632868bb2aa572298,AREA_09_IMAGES_INPUT_V2_4/monsters/005_m_snow_witch_설산의_마녀/MONSTER_IMAGE.png,8488c15a9728d346caf34ffeec8a4c1d2971ae8a90d865c36f9fb206fe3dfe4f,공식 exact-RUID clip 영상과 INPUT의 실루엣·몸색·얼굴/장비 구성을 직접 대조. 동일 개체로 읽힘. 흰 배경/투명화·동작 프레임 차이는 정체성 불일치로 보지 않음.,D:\maplestory_levup\docs\art\output_audit\runs\20260912_162508_msw_origin_art_review\boards\area_09_source_and_all_frames.png,GIF 전체 프레임 접촉시트; 9f 이상은 source_detail_01..05에서 첫/중간/끝 확대 추가,없음(정체성 확인 범위). attack/hit/die의 모든 별도 clip 및 엔진 렌더 검증은 범위 밖
area_10,m_bubble_fish,버블피쉬,bubblefish,D:\maplestory_levup\RootDesk\MyDesk\Models\Monsters\BubbleFish.model,8240208766323138e5e94be15a2a6d835ac903daf0c88da25b54b6f045835e46,c968133e75534a1b933d28da29c4e584,"{""$type"": ""MOD.Core.MODSyncDictionary`2[[System.String, mscorlib],[System.String, mscorlib]], MOD.Core"", ""stand"": ""c968133e75534a1b933d28da29c4e584"", ""move"": ""20946ff7a9ed48bb8a92a69d035a0133"", ""jump"": ""669b0c89c6d84658b9b2e0a34a43a514"", ""hit"": ""57f09ef245f845f5bd24110a0f548ba9"", ""die"": ""1a9b8846c9084c908adcc1acf2ee6190"", ""attack"": ""20946ff7a9ed48bb8a92a69d035a0133""}",0,True,True,MSW_ORIGINAL_CONFIRMED,animationclip,"{""ko"": [""버블피쉬""]}",GET/POST MSW public v3 resources via validated wrapper,2026-09-12T07:29:16.616Z,D:\maplestory_levup\docs\art\output_audit\runs\20260912_162508_msw_origin_art_review\resource_batch_35.json,https://mod-resource-search-images.dn.nexoncdn.co.kr/maplestory_world/c968133e75534a1b933d28da29c4e584.gif,D:\maplestory_levup\docs\art\output_audit\runs\20260912_162508_msw_origin_art_review\source_copies\c968133e75534a1b933d28da29c4e584.gif,f525821bf535a3eba9dba348438fb12c514317d8bd3213c98d674a795aee0f97,2026-09-12T07:30:19.943Z,6,6,b34c0cbbc6af44549f61d2a65dd92ac6|99df59f527f94a77a7395e3d7c0fb8ba|95bfca4ef7454411b29c62fa1ce750dd|d8125d868a0646839d9c19323bce1daa|25c2c4cd26e64dd6b54b2426135d74d2|4a61057020704bcebcdd05156e299708,API does not expose immutable revision; query time + returned metadata + image SHA256 snapshot,D:\maplestory_levup\docs\art\images-input-packages-v2_4\AREA_10_IMAGES_INPUT_V2_4.zip,e41e8926e4c9954799ccc7acaa04581d1d7760689f6a5a5667ab5cc1c69894f5,AREA_10_IMAGES_INPUT_V2_4/monsters/001_m_bubble_fish_버블피쉬/MONSTER_IMAGE.png,ebf6c9bc5a22a049c695a7bc0ad600355251997484626ba907bc3dd3abf49b30,공식 exact-RUID clip 영상과 INPUT의 실루엣·몸색·얼굴/장비 구성을 직접 대조. 동일 개체로 읽힘. 흰 배경/투명화·동작 프레임 차이는 정체성 불일치로 보지 않음.,D:\maplestory_levup\docs\art\output_audit\runs\20260912_162508_msw_origin_art_review\boards\area_10_source_and_all_frames.png,GIF 전체 프레임 접촉시트; 9f 이상은 source_detail_01..05에서 첫/중간/끝 확대 추가,없음(정체성 확인 범위). attack/hit/die의 모든 별도 clip 및 엔진 렌더 검증은 범위 밖
area_10,m_mask_fish,마스크피쉬,maskfish,D:\maplestory_levup\RootDesk\MyDesk\Models\Monsters\MaskFish.model,6b33ac9272a88894fa811bd8071feeee7579e30a40839abd38f47d1d01b0b837,fb9037f43fcd442a971ee007b9f7cc26,"{""$type"": ""MOD.Core.MODSyncDictionary`2[[System.String, mscorlib],[System.String, mscorlib]], MOD.Core"", ""stand"": ""fb9037f43fcd442a971ee007b9f7cc26"", ""move"": ""49a2600dc1af49e495508a8dc9387168"", ""jump"": ""a9ec92bb1ee94e08bc8a804f410caffa"", ""hit"": ""506ea5470ea841749e43ab017602edc8"", ""die"": ""ef7d716b68ab44548c69c842ab41908f"", ""attack"": ""49a2600dc1af49e495508a8dc9387168""}",0,True,True,MSW_ORIGINAL_CONFIRMED,animationclip,"{""ko"": [""마스크피쉬""]}",GET/POST MSW public v3 resources via validated wrapper,2026-09-12T07:29:16.616Z,D:\maplestory_levup\docs\art\output_audit\runs\20260912_162508_msw_origin_art_review\resource_batch_35.json,https://mod-resource-search-images.dn.nexoncdn.co.kr/maplestory_world/fb9037f43fcd442a971ee007b9f7cc26.gif,D:\maplestory_levup\docs\art\output_audit\runs\20260912_162508_msw_origin_art_review\source_copies\fb9037f43fcd442a971ee007b9f7cc26.gif,d1a96857d5bd415afa84e0a28f86abe9039e7ff64476088cd9dda4ec891fee95,2026-09-12T07:30:20.142Z,6,6,9701ef786ba3437d96b80da3435f5634|74e34812057448618e60f86e8fb246d5|e5e68bc9ce8343f3a450d167e7ab5777|315d4eb0efb1488d998837dffec14ae4|9dbcfa756bbf4747ad1229e6ed9f898e|de8c66832edf4184a261eed6729235bb,API does not expose immutable revision; query time + returned metadata + image SHA256 snapshot,D:\maplestory_levup\docs\art\images-input-packages-v2_4\AREA_10_IMAGES_INPUT_V2_4.zip,e41e8926e4c9954799ccc7acaa04581d1d7760689f6a5a5667ab5cc1c69894f5,AREA_10_IMAGES_INPUT_V2_4/monsters/002_m_mask_fish_마스크피쉬/MONSTER_IMAGE.png,a3777aafb92af452241b2e1203b433ded4b537718d82983cf0cb97fa86a3910a,공식 exact-RUID clip 영상과 INPUT의 실루엣·몸색·얼굴/장비 구성을 직접 대조. 동일 개체로 읽힘. 흰 배경/투명화·동작 프레임 차이는 정체성 불일치로 보지 않음.,D:\maplestory_levup\docs\art\output_audit\runs\20260912_162508_msw_origin_art_review\boards\area_10_source_and_all_frames.png,GIF 전체 프레임 접촉시트; 9f 이상은 source_detail_01..05에서 첫/중간/끝 확대 추가,없음(정체성 확인 범위). attack/hit/die의 모든 별도 clip 및 엔진 렌더 검증은 범위 밖
area_10,m_squid,스퀴드,squid,D:\maplestory_levup\RootDesk\MyDesk\Models\Monsters\Squid.model,da1791b042889bc36c09526c67545450b5778e7dd7876c73f037452a8e885368,013b3e6ba18249269e4a1b85c536a0d9,"{""$type"": ""MOD.Core.MODSyncDictionary`2[[System.String, mscorlib],[System.String, mscorlib]], MOD.Core"", ""stand"": ""013b3e6ba18249269e4a1b85c536a0d9"", ""move"": ""6adccbc2b8f64db8a62022711bcf8747"", ""jump"": ""4ea2f3d7923a497aaa16a8991f15ee69"", ""attack"": ""1087756cca494034abe6226cd33562b2"", ""hit"": ""33b17dffdf08474fa36578f78b1f9303"", ""die"": ""38939a433f3140d380dbd9f5bd601759""}",0,True,True,MSW_ORIGINAL_CONFIRMED,animationclip,"{""ko"": [""스퀴드""]}",GET/POST MSW public v3 resources via validated wrapper,2026-09-12T07:29:16.616Z,D:\maplestory_levup\docs\art\output_audit\runs\20260912_162508_msw_origin_art_review\resource_batch_35.json,https://mod-resource-search-images.dn.nexoncdn.co.kr/maplestory_world/013b3e6ba18249269e4a1b85c536a0d9.gif,D:\maplestory_levup\docs\art\output_audit\runs\20260912_162508_msw_origin_art_review\source_copies\013b3e6ba18249269e4a1b85c536a0d9.gif,e1d1d1b20bdfdb855b28c5b5f4152af458176902e4cd41c154d2766bd79bcdd7,2026-09-12T07:30:20.188Z,10,10,69dd174276b04ed5b430c9f77fefe4f4|f45b5cb1636941dd9f4296f53d344115|7aa694f1030c4ae3bf561260c795b12b|eeab804650d643b7a2eef06f670c7573|900c8deaa1ba4180a9ade8c77e4e1820|8e10d7c720bd4ef6bd34938742fea076|d73b83eeaa15408880bd63738e176846|7b7be8de38944c94926cce8f9ae0882c|5659d274537d446ebd34d470f5edcb42|574e8c25a37f467e8b9b0ca063027eef,API does not expose immutable revision; query time + returned metadata + image SHA256 snapshot,D:\maplestory_levup\docs\art\images-input-packages-v2_4\AREA_10_IMAGES_INPUT_V2_4.zip,e41e8926e4c9954799ccc7acaa04581d1d7760689f6a5a5667ab5cc1c69894f5,AREA_10_IMAGES_INPUT_V2_4/monsters/003_m_squid_스퀴드/MONSTER_IMAGE.png,cb5bcd900206f14e38c207d3a057e6fd8f550991aa9a66697d4ff8e3709d9465,공식 exact-RUID clip 영상과 INPUT의 실루엣·몸색·얼굴/장비 구성을 직접 대조. 동일 개체로 읽힘. 흰 배경/투명화·동작 프레임 차이는 정체성 불일치로 보지 않음.,D:\maplestory_levup\docs\art\output_audit\runs\20260912_162508_msw_origin_art_review\boards\area_10_source_and_all_frames.png,GIF 전체 프레임 접촉시트; 9f 이상은 source_detail_01..05에서 첫/중간/끝 확대 추가,없음(정체성 확인 범위). attack/hit/die의 모든 별도 clip 및 엔진 렌더 검증은 범위 밖
area_10,m_shark,샤크,shark,D:\maplestory_levup\RootDesk\MyDesk\Models\Monsters\Shark.model,631bc6382ac84c8998d9fe6022a5810c1e7f17a8b7690b033253f367bfb89f69,b95f05df46124b3485d0a15bb79b10fb,"{""$type"": ""MOD.Core.MODSyncDictionary`2[[System.String, mscorlib],[System.String, mscorlib]], MOD.Core"", ""stand"": ""b95f05df46124b3485d0a15bb79b10fb"", ""move"": ""5c1f92f9c3b4410fb5b14abdaed83820"", ""jump"": ""a92b48ab44934b9d8fd6ac83459e27d7"", ""attack"": ""b36a9430477a46b5a722f31164baaae4"", ""hit"": ""636f8875664c4ceb9f74e4e5924b5ae5"", ""die"": ""bd1345f5ec4548c58e291b78f93c8ef4""}",0,True,True,MSW_ORIGINAL_CONFIRMED,animationclip,"{""ko"": [""샤크""]}",GET/POST MSW public v3 resources via validated wrapper,2026-09-12T07:29:16.616Z,D:\maplestory_levup\docs\art\output_audit\runs\20260912_162508_msw_origin_art_review\resource_batch_35.json,https://mod-resource-search-images.dn.nexoncdn.co.kr/maplestory_world/b95f05df46124b3485d0a15bb79b10fb.gif,D:\maplestory_levup\docs\art\output_audit\runs\20260912_162508_msw_origin_art_review\source_copies\b95f05df46124b3485d0a15bb79b10fb.gif,58cf6089c48b949216e03be2435bd8185dcd4672407b671b469efa83cc7fabd6,2026-09-12T07:30:20.204Z,7,7,aaa6eb574a3549dda9466e0b32ebf5cd|63f526ee2feb490f9ce162f86272f414|83785d3265744db4a43230ef55470adf|71706bc29bde478f8a03a4cf78f89fb1|9fb882e6b1f74049907d932bbb865033|73e0fb7f59d24ad1ac8b05f3f312f6c8|61b5dc4cd57843f495e1f8976812af3e,API does not expose immutable revision; query time + returned metadata + image SHA256 snapshot,D:\maplestory_levup\docs\art\images-input-packages-v2_4\AREA_10_IMAGES_INPUT_V2_4.zip,e41e8926e4c9954799ccc7acaa04581d1d7760689f6a5a5667ab5cc1c69894f5,AREA_10_IMAGES_INPUT_V2_4/monsters/004_m_shark_샤크/MONSTER_IMAGE.png,0badca0ca226e8e225e614cfcf818451a99c5e8fce747bf7864e0065e88b99ef,공식 exact-RUID clip 영상과 INPUT의 실루엣·몸색·얼굴/장비 구성을 직접 대조. 동일 개체로 읽힘. 흰 배경/투명화·동작 프레임 차이는 정체성 불일치로 보지 않음.,D:\maplestory_levup\docs\art\output_audit\runs\20260912_162508_msw_origin_art_review\boards\area_10_source_and_all_frames.png,GIF 전체 프레임 접촉시트; 9f 이상은 source_detail_01..05에서 첫/중간/끝 확대 추가,없음(정체성 확인 범위). attack/hit/die의 모든 별도 clip 및 엔진 렌더 검증은 범위 밖
area_10,m_pianus,피아누스,pianus,D:\maplestory_levup\RootDesk\MyDesk\Models\Monsters\Pianus.model,df6cd80e605046b68a164f38fea7271839e582c7776b0e7a99f95e6cff9a5778,207c5d6dcee243ad9a141397244ba9a9,"{""$type"": ""MOD.Core.MODSyncDictionary`2[[System.String, mscorlib],[System.String, mscorlib]], MOD.Core"", ""stand"": ""207c5d6dcee243ad9a141397244ba9a9"", ""move"": ""207c5d6dcee243ad9a141397244ba9a9"", ""attack"": ""e76534125d994b9c8a1f3bb520c4533f"", ""hit"": ""09dd05ae2710401fb33adce7e376a16e"", ""die"": ""d63b783f0ba847fda76f340ccb8995ea"", ""jump"": ""207c5d6dcee243ad9a141397244ba9a9""}",0,True,True,MSW_ORIGINAL_CONFIRMED,animationclip,"{""ko"": [""피아누스""]}",GET/POST MSW public v3 resources via validated wrapper,2026-09-12T07:29:16.616Z,D:\maplestory_levup\docs\art\output_audit\runs\20260912_162508_msw_origin_art_review\resource_batch_35.json,https://mod-resource-search-images.dn.nexoncdn.co.kr/maplestory_world/207c5d6dcee243ad9a141397244ba9a9.gif,D:\maplestory_levup\docs\art\output_audit\runs\20260912_162508_msw_origin_art_review\source_copies\207c5d6dcee243ad9a141397244ba9a9.gif,f0d6fac1b329d43decc21b73e71ef96072c79a2300f52205ce855bcaeb0c473d,2026-09-12T07:30:20.157Z,36,36,867f024407e045e8b2c4f82fa16e00f5|e36f1a796a8c4310af4fb61c5ad99e1b|780b1754c3c74644ba16e0715d51e406|953a074d1dad41faabb904f6fa470054|4bfb1a1d621349699adfef1b74b37b82|d9ea9d853a194ef0864fbcb334f3d9ab|7e4eb4cb7e8347afbc5d210d9353a530|847aef50206f404c9fa36b811a1f458a|5ba84867ce004c348c4311b6deebab86|76fa6e85230444d1a3778205b41a82d6|b673ab60b67546738979a4300a3f85de|2b805b84c93d450d8042eee173875aea|1abf9072c4244221a4fe42d22efb5f66|7127a1fff63c49628a48b297329d88da|028ed63b32fe496dbc208ae3453b8fca|ee4d60a381614b629594522c1c192311|2289ed4e6a5e443eb91099ecdf42f27c|8f9050cd5cb84fdcb87457456f953d44|a483a30ba04e410ab46d23079f70bfba|d1d497c2fd3b4900ac996dd87b3ebe66|4219dcede0ef4e15a206ce926cb16e06|98c7ca21c13f4f9cbc32a7fbff0cd721|225d2c8a24ae401e8749537b72113645|9c97afd949704610beeead25442219ce|03fe6011eb1e489d9f28f1c113f0f329|c99db236bb7b4c08939c8c42c03acb93|c82abb3b280c48d580e86b94fecc8aad|588c84f2ed9145ec9d1f6be39c94dce7|8c044b78004a49b38b57455fc0bd4cf1|ce52895fb33040db88c4c6891b245e98|4860560debce41d191156497a9d36dc2|a181302db384496caa3d4dc3c6108139|27fddfbda7b84dd1bc5d993a70571db1|5d4b97cf025043d5b526d02d228d7357|b5f7a1177e64496582bc5a486dd288e0|c3cf4595587640809eead1e25b4b663b,API does not expose immutable revision; query time + returned metadata + image SHA256 snapshot,D:\maplestory_levup\docs\art\images-input-packages-v2_4\AREA_10_IMAGES_INPUT_V2_4.zip,e41e8926e4c9954799ccc7acaa04581d1d7760689f6a5a5667ab5cc1c69894f5,AREA_10_IMAGES_INPUT_V2_4/monsters/005_m_pianus_피아누스/MONSTER_IMAGE.png,2a158f17438656ed52b80362ef68066b75765ade80805d78dba2020477fcfc12,공식 exact-RUID clip 영상과 INPUT의 실루엣·몸색·얼굴/장비 구성을 직접 대조. 동일 개체로 읽힘. 흰 배경/투명화·동작 프레임 차이는 정체성 불일치로 보지 않음.,D:\maplestory_levup\docs\art\output_audit\runs\20260912_162508_msw_origin_art_review\boards\area_10_source_and_all_frames.png,GIF 전체 프레임 접촉시트; 9f 이상은 source_detail_01..05에서 첫/중간/끝 확대 추가,없음(정체성 확인 범위). attack/hit/die의 모든 별도 clip 및 엔진 렌더 검증은 범위 밖
area_11,m_ratz,라츠,ratz,D:\maplestory_levup\RootDesk\MyDesk\Models\Monsters\Ratz.model,5a411227b48728f7e2c7f4f0d5b6828300433fdfbb8029c6307cf5b9d25a377b,383e34f2a8584a96a01b80a8fadbb813,"{""$type"": ""MOD.Core.MODSyncDictionary`2[[System.String, mscorlib],[System.String, mscorlib]], MOD.Core"", ""stand"": ""383e34f2a8584a96a01b80a8fadbb813"", ""move"": ""b5df6800c752484eb85105a082bacb5d"", ""hit"": ""fc89d969cba24d5092fbd9471954fb1a"", ""die"": ""96a7f097c85d414886c39265b53bb8df"", ""attack"": ""b5df6800c752484eb85105a082bacb5d"", ""jump"": ""b5df6800c752484eb85105a082bacb5d""}",0,True,True,MSW_ORIGINAL_CONFIRMED,animationclip,"{""ko"": [""라츠"", ""창고 라츠""]}",GET/POST MSW public v3 resources via validated wrapper,2026-09-12T07:29:16.616Z,D:\maplestory_levup\docs\art\output_audit\runs\20260912_162508_msw_origin_art_review\resource_batch_35.json,https://mod-resource-search-images.dn.nexoncdn.co.kr/maplestory_world/383e34f2a8584a96a01b80a8fadbb813.gif,D:\maplestory_levup\docs\art\output_audit\runs\20260912_162508_msw_origin_art_review\source_copies\383e34f2a8584a96a01b80a8fadbb813.gif,ed4b1ac0c11fe82e06838049fbb4580e71c047ad2af748af40a2f799eaef7a49,2026-09-12T07:30:20.371Z,12,12,166ba4f3a33b4b72b52b48cc9604f9db|80f036750c3448c0aaaf0f3741cfd6b3|7ff56ac8c6794475965f0231b662b35d|cc24de877f7a42b3a09e0c2fa2ecb20f|8847693041d64924b1e0acf725e35f08|6e25647b994040d48737ec0ee37169ab|e88d0e2e57734ed29663b6f6ec443c82|e9e6c2e8fe4f48d1a02f7f5a70689414|98d2ec7d272c4b409bf422b351b0ed18|600582f9aa6e4457b14537482eaae974|d71ce6a36aa540df83b59a03854f627f|0d6a003a632648d09c623174c9a91187,API does not expose immutable revision; query time + returned metadata + image SHA256 snapshot,D:\maplestory_levup\docs\art\images-input-packages-v2_4\AREA_11_IMAGES_INPUT_V2_4.zip,b3a1d049f22cb7147e9c4f0f88e1d8553533479200c8fe507e128658e0ec2d58,AREA_11_IMAGES_INPUT_V2_4/monsters/001_m_ratz_라츠/MONSTER_IMAGE.png,404956db2e27e394fa02a28b4bc7ce8665cdf998a8c055f4c11eac24403a547c,공식 exact-RUID clip 영상과 INPUT의 실루엣·몸색·얼굴/장비 구성을 직접 대조. 동일 개체로 읽힘. 흰 배경/투명화·동작 프레임 차이는 정체성 불일치로 보지 않음.,D:\maplestory_levup\docs\art\output_audit\runs\20260912_162508_msw_origin_art_review\boards\area_11_source_and_all_frames.png,GIF 전체 프레임 접촉시트; 9f 이상은 source_detail_01..05에서 첫/중간/끝 확대 추가,없음(정체성 확인 범위). attack/hit/die의 모든 별도 clip 및 엔진 렌더 검증은 범위 밖
area_11,m_drumming_bunny,북치는 토끼,drummingbunny,D:\maplestory_levup\RootDesk\MyDesk\Models\Monsters\DrummingBunny.model,e152ab74011a943308c968740bf4cd87a9d443aa2b66cfb7148356f7894d8680,20283346c1db42b593fdddb218ea769a,"{""$type"": ""MOD.Core.MODSyncDictionary`2[[System.String, mscorlib],[System.String, mscorlib]], MOD.Core"", ""stand"": ""20283346c1db42b593fdddb218ea769a"", ""move"": ""213bcc0125864e56ae52cf6a6eef4bc0"", ""hit"": ""4bde7de298ff46ea9c28289c9a957e9d"", ""die"": ""4f2864a83c454979b57b2e9cfc95833b"", ""attack"": ""213bcc0125864e56ae52cf6a6eef4bc0"", ""jump"": ""213bcc0125864e56ae52cf6a6eef4bc0""}",0,True,True,MSW_ORIGINAL_CONFIRMED,animationclip,"{""ko"": [""북치는 토끼""]}",GET/POST MSW public v3 resources via validated wrapper,2026-09-12T07:29:16.616Z,D:\maplestory_levup\docs\art\output_audit\runs\20260912_162508_msw_origin_art_review\resource_batch_35.json,https://mod-resource-search-images.dn.nexoncdn.co.kr/maplestory_world/20283346c1db42b593fdddb218ea769a.gif,D:\maplestory_levup\docs\art\output_audit\runs\20260912_162508_msw_origin_art_review\source_copies\20283346c1db42b593fdddb218ea769a.gif,bb537e6c017856f641ea1f7d618221fa687ba6712a4e6eee081bd56b82b41774,2026-09-12T07:30:20.374Z,7,7,c8761dd267374e3fb9b0879d48a3aa74|8c939a0ff44f468ba550e071615a1bbf|c2c88fc79cc84141bdbfba53e8a107c1|511c2900b9a04595923c9cdcdfad5e14|4d65de90f35e4b1da467712c3acff41f|696280f272954f5c80aec6102174a18a|193048070ecc4216b66df7a43dba2026,API does not expose immutable revision; query time + returned metadata + image SHA256 snapshot,D:\maplestory_levup\docs\art\images-input-packages-v2_4\AREA_11_IMAGES_INPUT_V2_4.zip,b3a1d049f22cb7147e9c4f0f88e1d8553533479200c8fe507e128658e0ec2d58,AREA_11_IMAGES_INPUT_V2_4/monsters/002_m_drumming_bunny_북치는_토끼/MONSTER_IMAGE.png,8770bf2d36078acf9b76d232c65139424a5c5abfe52a4c953f1f5d7ff5afff00,공식 exact-RUID clip 영상과 INPUT의 실루엣·몸색·얼굴/장비 구성을 직접 대조. 동일 개체로 읽힘. 흰 배경/투명화·동작 프레임 차이는 정체성 불일치로 보지 않음.,D:\maplestory_levup\docs\art\output_audit\runs\20260912_162508_msw_origin_art_review\boards\area_11_source_and_all_frames.png,GIF 전체 프레임 접촉시트; 9f 이상은 source_detail_01..05에서 첫/중간/끝 확대 추가,없음(정체성 확인 범위). attack/hit/die의 모든 별도 clip 및 엔진 렌더 검증은 범위 밖
area_11,m_bloctopus,블록퍼스,bloctopus,D:\maplestory_levup\RootDesk\MyDesk\Models\Monsters\Bloctopus.model,3ed98490b8dd7d15d870dd5f6b76fedeffe6e7a6cbb29539b5b486b28060a2c7,826410e1bd4e4a12a612ab642c19c705,"{""$type"": ""MOD.Core.MODSyncDictionary`2[[System.String, mscorlib],[System.String, mscorlib]], MOD.Core"", ""stand"": ""826410e1bd4e4a12a612ab642c19c705"", ""move"": ""5417210796834fe8a6648451ec86a395"", ""jump"": ""19f52894c1d24b33ae7c6a4f357effb0"", ""hit"": ""bd3f11d2c6a04c3b8021179b1bdf6752"", ""die"": ""286658fc7b984f49bbbb79e5d86d71b1"", ""attack"": ""5417210796834fe8a6648451ec86a395""}",0,True,True,MSW_ORIGINAL_CONFIRMED,animationclip,"{""ko"": [""블록퍼스""]}",GET/POST MSW public v3 resources via validated wrapper,2026-09-12T07:29:16.616Z,D:\maplestory_levup\docs\art\output_audit\runs\20260912_162508_msw_origin_art_review\resource_batch_35.json,https://mod-resource-search-images.dn.nexoncdn.co.kr/maplestory_world/826410e1bd4e4a12a612ab642c19c705.gif,D:\maplestory_levup\docs\art\output_audit\runs\20260912_162508_msw_origin_art_review\source_copies\826410e1bd4e4a12a612ab642c19c705.gif,dcf5df2776b1749e5fbf15342760d70c4e50cd18343face82fa157daca8b412f,2026-09-12T07:30:20.429Z,16,16,e52b2297b67f457fb574d578df6fa4ce|8f82d80c143e4040a42b3288cd3e3985|7e8984b4bfb046708c7b2667d5563742|b2c4353be00a4bbbb846c178fb6b01ec|8fae169086944f45b9153ac117f84e23|070357f28ef94115a3db4fa9c857bfed|b7595ba85e6a4788af70c06d539e102e|fb248ad3dd5e4cf5912e535e25c44606|7ef881e491af4183955367a921975433|432ab20465b74a3998f2eb5154898b7c|a77f0b202f11492ab4def15509044b7c|fc71c197d7b4442e813bda8f36feab09|574588921aaf4f4b9293320ba112026e|b4131398ae8a41a8a7e77e0d23cac4bc|a1f66e208ae7494c965c7e344c088f8c|af0f534c9b4b495f830b811fd1cea3e2,API does not expose immutable revision; query time + returned metadata + image SHA256 snapshot,D:\maplestory_levup\docs\art\images-input-packages-v2_4\AREA_11_IMAGES_INPUT_V2_4.zip,b3a1d049f22cb7147e9c4f0f88e1d8553533479200c8fe507e128658e0ec2d58,AREA_11_IMAGES_INPUT_V2_4/monsters/003_m_bloctopus_블록퍼스/MONSTER_IMAGE.png,de4b7a469c620ce4ebb01608dad0fd2201f7650610c614002300689cecd7f127,공식 exact-RUID clip 영상과 INPUT의 실루엣·몸색·얼굴/장비 구성을 직접 대조. 동일 개체로 읽힘. 흰 배경/투명화·동작 프레임 차이는 정체성 불일치로 보지 않음.,D:\maplestory_levup\docs\art\output_audit\runs\20260912_162508_msw_origin_art_review\boards\area_11_source_and_all_frames.png,GIF 전체 프레임 접촉시트; 9f 이상은 source_detail_01..05에서 첫/중간/끝 확대 추가,없음(정체성 확인 범위). attack/hit/die의 모든 별도 clip 및 엔진 렌더 검증은 범위 밖
area_11,m_king_bloctopus,킹 블록퍼스,kingbloctopus,D:\maplestory_levup\RootDesk\MyDesk\Models\Monsters\KingBloctopus.model,a8042acb6f80650be5ec2eea1d4e4afcc915806da6754abce6655dfbfeabdec7,cb5eb9faaf68477292af0b710e383c9d,"{""$type"": ""MOD.Core.MODSyncDictionary`2[[System.String, mscorlib],[System.String, mscorlib]], MOD.Core"", ""stand"": ""cb5eb9faaf68477292af0b710e383c9d"", ""move"": ""85bf19a24eb54ac1b7c83313acf0115a"", ""jump"": ""f36b52fe11044eb6bdda8b2549837d92"", ""attack"": ""c9c73dc14a80445893d2baef34f31692"", ""hit"": ""6dad564f922a420eab103ff36758db28"", ""die"": ""704d03ced6f64ad097d31fc18e9d4428""}",0,True,True,MSW_ORIGINAL_CONFIRMED,animationclip,"{""ko"": [""킹 블록퍼스""]}",GET/POST MSW public v3 resources via validated wrapper,2026-09-12T07:29:16.616Z,D:\maplestory_levup\docs\art\output_audit\runs\20260912_162508_msw_origin_art_review\resource_batch_35.json,https://mod-resource-search-images.dn.nexoncdn.co.kr/maplestory_world/cb5eb9faaf68477292af0b710e383c9d.gif,D:\maplestory_levup\docs\art\output_audit\runs\20260912_162508_msw_origin_art_review\source_copies\cb5eb9faaf68477292af0b710e383c9d.gif,f4a7a55542d5a5d867a8f8f2626c4cc6fc7c3acc5b0e4e50c88585096f1623b2,2026-09-12T07:30:20.344Z,16,16,475e2f48e7a94e97af8ae6e8a9d9e12c|fa3d48da870942519bcd2069d2f45cc8|c685bb10636a4832b2eefc029179cc4d|f5b9b950e4094a88a5386007f6d993e9|ec6182a6869a47c0b4ba1cc72df89dcc|6694698ea1bf47aea304b16f3fbe86bc|384f955d5bb647c4a1abdb24bf79f341|13a82b7704134dbb82ef0a62123aff10|df22f6f3b77844d8a8234d3690e44498|159e9a65bc99428c81af8bab7a0c6072|f7f86adebee04b2bb86b398cd6acdac5|57f9b8d2a64f490facb92978bcd2998d|8811f1b27236424bac6c8830c2f65df6|17a794a54066437895dc6712e94a0270|295641fec78a4d28bbac5a2cd7157f15|d24477a16b29416a85a56fe6d79645ed,API does not expose immutable revision; query time + returned metadata + image SHA256 snapshot,D:\maplestory_levup\docs\art\images-input-packages-v2_4\AREA_11_IMAGES_INPUT_V2_4.zip,b3a1d049f22cb7147e9c4f0f88e1d8553533479200c8fe507e128658e0ec2d58,AREA_11_IMAGES_INPUT_V2_4/monsters/004_m_king_bloctopus_킹_블록퍼스/MONSTER_IMAGE.png,5731ea4edfeec3c35c94df1dcf03ad846b98f392ee907a128678c5cb0ffb16a1,공식 exact-RUID clip 영상과 INPUT의 실루엣·몸색·얼굴/장비 구성을 직접 대조. 동일 개체로 읽힘. 흰 배경/투명화·동작 프레임 차이는 정체성 불일치로 보지 않음.,D:\maplestory_levup\docs\art\output_audit\runs\20260912_162508_msw_origin_art_review\boards\area_11_source_and_all_frames.png,GIF 전체 프레임 접촉시트; 9f 이상은 source_detail_01..05에서 첫/중간/끝 확대 추가,없음(정체성 확인 범위). attack/hit/die의 모든 별도 clip 및 엔진 렌더 검증은 범위 밖
area_11,m_rombot,롬바드,rombot,D:\maplestory_levup\RootDesk\MyDesk\Models\Monsters\Rombot.model,7a7b5c422accbdede87ead1d6ab92c5ded3fbeac65bd52ae83d5ba9e3cea5d94,b41def4288404055b3b8850daa99cfbf,"{""$type"": ""MOD.Core.MODSyncDictionary`2[[System.String, mscorlib],[System.String, mscorlib]], MOD.Core"", ""stand"": ""b41def4288404055b3b8850daa99cfbf"", ""move"": ""041d85c246e04fc7a92959175e434d4c"", ""attack"": ""921caf97260c40e28320b761c34a011c"", ""hit"": ""5d9b9bbdfc2e4d8fb6c10e3d3ef3e4dd"", ""die"": ""ecab635256da4dbcbac70ee157fa641d"", ""jump"": ""041d85c246e04fc7a92959175e434d4c""}",0,True,True,MSW_ORIGINAL_CONFIRMED,animationclip,"{""ko"": [""롬바드""]}",GET/POST MSW public v3 resources via validated wrapper,2026-09-12T07:29:16.616Z,D:\maplestory_levup\docs\art\output_audit\runs\20260912_162508_msw_origin_art_review\resource_batch_35.json,https://mod-resource-search-images.dn.nexoncdn.co.kr/maplestory_world/b41def4288404055b3b8850daa99cfbf.gif,D:\maplestory_levup\docs\art\output_audit\runs\20260912_162508_msw_origin_art_review\source_copies\b41def4288404055b3b8850daa99cfbf.gif,c7d09bf377c6e1e4359c02ea0e13e2ecfe1f7bed3ea32391598b0b66337ee4cb,2026-09-12T07:30:20.437Z,6,6,0de5fbeb86544939a31204eed97ecd3d|dfdfd6d8c95245da99847c5b9018a0c5|ee0b7df09cac492bbfdd0171b58a18d0|b88437c5089a4b55a5420db3f4cf387f|d2cbb615e1ca4302a1cf83e23ba4d056|9fae2f2ac6a9423fa45982dd160c4e52,API does not expose immutable revision; query time + returned metadata + image SHA256 snapshot,D:\maplestory_levup\docs\art\images-input-packages-v2_4\AREA_11_IMAGES_INPUT_V2_4.zip,b3a1d049f22cb7147e9c4f0f88e1d8553533479200c8fe507e128658e0ec2d58,AREA_11_IMAGES_INPUT_V2_4/monsters/005_m_rombot_롬바드/MONSTER_IMAGE.png,0e9f0f6821a216dffd2098cab78adc60b1a12337834ec8b6ea72827182f67d20,공식 exact-RUID clip 영상과 INPUT의 실루엣·몸색·얼굴/장비 구성을 직접 대조. 동일 개체로 읽힘. 흰 배경/투명화·동작 프레임 차이는 정체성 불일치로 보지 않음.,D:\maplestory_levup\docs\art\output_audit\runs\20260912_162508_msw_origin_art_review\boards\area_11_source_and_all_frames.png,GIF 전체 프레임 접촉시트; 9f 이상은 source_detail_01..05에서 첫/중간/끝 확대 추가,없음(정체성 확인 범위). attack/hit/die의 모든 별도 clip 및 엔진 렌더 검증은 범위 밖
area_12,m_brown_teddy,브라운테니,brownteddy,D:\maplestory_levup\RootDesk\MyDesk\Models\Monsters\BrownTeddy.model,d05ea1a14a838cc0f36e1c6eb509d370350730036572e8d82823d286a551250b,46fd51a318b64738a36beeb3db02a970,"{""$type"": ""MOD.Core.MODSyncDictionary`2[[System.String, mscorlib],[System.String, mscorlib]], MOD.Core"", ""stand"": ""46fd51a318b64738a36beeb3db02a970"", ""move"": ""dcdfa9fce83949229330906599350caa"", ""hit"": ""5266f286ebc749198328728131670684"", ""die"": ""014e06210ad6433185b2d923520dd846"", ""attack"": ""dcdfa9fce83949229330906599350caa"", ""jump"": ""dcdfa9fce83949229330906599350caa""}",0,True,True,MSW_ORIGINAL_CONFIRMED,animationclip,"{""ko"": [""브라운테니""]}",GET/POST MSW public v3 resources via validated wrapper,2026-09-12T07:29:16.616Z,D:\maplestory_levup\docs\art\output_audit\runs\20260912_162508_msw_origin_art_review\resource_batch_35.json,https://mod-resource-search-images.dn.nexoncdn.co.kr/maplestory_world/46fd51a318b64738a36beeb3db02a970.gif,D:\maplestory_levup\docs\art\output_audit\runs\20260912_162508_msw_origin_art_review\source_copies\46fd51a318b64738a36beeb3db02a970.gif,b6d786ad356a6d9fcdb824720920c65fb8090649657fc2622dd8102f3dec0156,2026-09-12T07:30:20.583Z,35,35,14e54f8a21304457b8722499a629894d|9f7393c2a1504369825255b8dbdf6d23|4b7926c5f5b1458ab2c90f76e0132a7b|d032613fc2624a20985960e17dd1a44f|fa922305c8ce4bbfa7f88f09ce060f5e|651ffaefef0045aca782943d9a90408a|2ffb91432ab24f1da3630c6be94a44e8|372895bdd6df42d694932c25e513101a|421db50a5667491bbc9cc046447b8271|cc1f8efee3254c588baddadb63a1d912|8e4f9d42604e475aa6cbf6c671c02cdd|1b9d9bd28c024710b760f2c37360ab05|db9dd6482a5b4add9314234c1e02dfcd|19c6fe5c053d4710b250d38bf5f4227c|2a47c4dfcc8a4b738b93f9afd71014fa|b19e312c57394baf884fcbe9f7d676fd|b45305da41c84a1aa4a1b949b54a0bfe|f1ed7edf893a41c585d98fb05d119927|4b0b26fd2625424b93390f28263458d3|349cc2189d7f439b8240e21be5b486af|624d660062f74a1793f21bbcb6060aaa|fcafed2e699c4cdda06923697eb363d8|174523b6ed5c467296b5b676d5bb2350|762a092d899d4088b85793440eb45c8d|d6e4220f2ed8468ab5900fe02c7701b3|1e5b2bfa81de4be5b392ef9e69e90532|d2bb48f15b4e41ec8f0e511086788663|0dc836830fcb48c290a677f5b77193bd|727be3a12a23425092a2940afb500a0d|1f6526c7997748638f57c13c1a49edd1|808cb573900c44e791ab7cf23e78ab68|b5aeb965740d4e63b7858ebe01860bc8|28e30512bde34b99b7f1395a61eb2729|07cef1e321a547eaa7d895ad9262cc2c|ada10e7f83ce4e78ad07905e4fc3916f,API does not expose immutable revision; query time + returned metadata + image SHA256 snapshot,D:\maplestory_levup\docs\art\images-input-packages-v2_4\AREA_12_IMAGES_INPUT_V2_4.zip,9fe99b2fac2f103ec2de5d90fe2074f7a9fc32ff425a5f8933b7fbe1de90e202,AREA_12_IMAGES_INPUT_V2_4/monsters/001_m_brown_teddy_브라운테니/MONSTER_IMAGE.png,a76ae4d9dc46f0ac657a72f1fb19cd79677ec989134b319c96e539bdf7dde393,공식 exact-RUID clip 영상과 INPUT의 실루엣·몸색·얼굴/장비 구성을 직접 대조. 동일 개체로 읽힘. 흰 배경/투명화·동작 프레임 차이는 정체성 불일치로 보지 않음.,D:\maplestory_levup\docs\art\output_audit\runs\20260912_162508_msw_origin_art_review\boards\area_12_source_and_all_frames.png,GIF 전체 프레임 접촉시트; 9f 이상은 source_detail_01..05에서 첫/중간/끝 확대 추가,없음(정체성 확인 범위). attack/hit/die의 모든 별도 clip 및 엔진 렌더 검증은 범위 밖
area_12,m_toy_trojan,장난감 목마,toytrojan,D:\maplestory_levup\RootDesk\MyDesk\Models\Monsters\ToyTrojan.model,4b4e26f5a889327ae68b470e66fd845f6e509a0b66931fc2f64d6f2d85e7f400,f9a2d6e8feaf4c90a3e00d022932fdaa,"{""$type"": ""MOD.Core.MODSyncDictionary`2[[System.String, mscorlib],[System.String, mscorlib]], MOD.Core"", ""stand"": ""f9a2d6e8feaf4c90a3e00d022932fdaa"", ""move"": ""99f7ff29ebb245358c50dcddc2716e8d"", ""attack"": ""fc4857ea48be477c9546c775e0f31d49"", ""hit"": ""8fe12a540d2b49229936f18879682bda"", ""die"": ""7fe0b06b59aa4da683444e518a8d8d66"", ""jump"": ""99f7ff29ebb245358c50dcddc2716e8d""}",0,True,True,MSW_ORIGINAL_CONFIRMED,animationclip,"{""ko"": [""장난감 목마""]}",GET/POST MSW public v3 resources via validated wrapper,2026-09-12T07:29:16.616Z,D:\maplestory_levup\docs\art\output_audit\runs\20260912_162508_msw_origin_art_review\resource_batch_35.json,https://mod-resource-search-images.dn.nexoncdn.co.kr/maplestory_world/f9a2d6e8feaf4c90a3e00d022932fdaa.gif,D:\maplestory_levup\docs\art\output_audit\runs\20260912_162508_msw_origin_art_review\source_copies\f9a2d6e8feaf4c90a3e00d022932fdaa.gif,0ba4e9e3ac8f98cc7834353e7512ddf4b307899b1fdb477c513ec04956f181db,2026-09-12T07:30:20.637Z,16,16,bdd4a21c2b86471ab77dd51b506fb7f7|163c3b8e040d42f1a49fb41c598da6b1|cb0dbdcb34c24157ab1667278dfcec3d|e46bbe2b47184361b960bf2af6c0b1e4|a0cefd35d22745fd803f4be20119b185|ee1a93bf39a646aab16e0a7f3d4c5589|b8fb3d7f76df45498759ed3aac6c74a6|3719039709ab45a4b8323ad349c7e2e7|b79b24e6286945ea981a250471d9a25c|4901c06113a84108842f9350bcb16507|ad7b6d978e144e4a9a51b679e00e276e|3f634810271348d8a43f67c015c1c61b|0cf56c2c78df40ae984ee9dd052167a3|97afc8bfaaf74463b86eccfb5f8b5ae7|68949ef71eb647fe83fb1467372693cf|46d9d6f258314fc78288eaff4b8fa608,API does not expose immutable revision; query time + returned metadata + image SHA256 snapshot,D:\maplestory_levup\docs\art\images-input-packages-v2_4\AREA_12_IMAGES_INPUT_V2_4.zip,9fe99b2fac2f103ec2de5d90fe2074f7a9fc32ff425a5f8933b7fbe1de90e202,AREA_12_IMAGES_INPUT_V2_4/monsters/002_m_toy_trojan_장난감_목마/MONSTER_IMAGE.png,202c9f16bce2352d89fe5ab2079ebb187f7ad2f4422a9b6e66eb9086b08f3f42,공식 exact-RUID clip 영상과 INPUT의 실루엣·몸색·얼굴/장비 구성을 직접 대조. 동일 개체로 읽힘. 흰 배경/투명화·동작 프레임 차이는 정체성 불일치로 보지 않음.,D:\maplestory_levup\docs\art\output_audit\runs\20260912_162508_msw_origin_art_review\boards\area_12_source_and_all_frames.png,GIF 전체 프레임 접촉시트; 9f 이상은 source_detail_01..05에서 첫/중간/끝 확대 추가,없음(정체성 확인 범위). attack/hit/die의 모든 별도 clip 및 엔진 렌더 검증은 범위 밖
area_12,m_master_robo,마스터 로보,masterrobo,D:\maplestory_levup\RootDesk\MyDesk\Models\Monsters\MasterRobo.model,be638332f0dbbffffe5b847cd89696331b2f6c51bd234492f749214cdc4daf3e,f5d65e28cb0e4990bf5727015f22e0f1,"{""$type"": ""MOD.Core.MODSyncDictionary`2[[System.String, mscorlib],[System.String, mscorlib]], MOD.Core"", ""stand"": ""f5d65e28cb0e4990bf5727015f22e0f1"", ""move"": ""58bf9d896e6d4e11a80498dd5e39fb01"", ""hit"": ""12f6ce4a4088425b8219ab00d4378427"", ""die"": ""69f98ba3fea146698b6ffaa5fdad0edc"", ""attack"": ""58bf9d896e6d4e11a80498dd5e39fb01"", ""jump"": ""58bf9d896e6d4e11a80498dd5e39fb01""}",0,True,True,MSW_ORIGINAL_CONFIRMED,animationclip,"{""ko"": [""마스터 로보""]}",GET/POST MSW public v3 resources via validated wrapper,2026-09-12T07:29:16.616Z,D:\maplestory_levup\docs\art\output_audit\runs\20260912_162508_msw_origin_art_review\resource_batch_35.json,https://mod-resource-search-images.dn.nexoncdn.co.kr/maplestory_world/f5d65e28cb0e4990bf5727015f22e0f1.gif,D:\maplestory_levup\docs\art\output_audit\runs\20260912_162508_msw_origin_art_review\source_copies\f5d65e28cb0e4990bf5727015f22e0f1.gif,6105aff1d199300e5e108e2ec6a730d1f6958d499ef4a5a7ff896391b77e768b,2026-09-12T07:30:20.777Z,27,27,7511892ff6a340fd9fbdfef49ffe665c|3afa8ba1461e4f508d3c0c82a9194b69|2688cac705b045deb6308e6c6fcd1256|fffcfa7a423f47fba88c6cdaeb5bfa9e|8e8b5ef669f641ccaf08798ded41ab9a|4fdfb28a35fe44ba85b55e4fe76f3c3a|dcb7dff89feb4c448f15a88750913fef|ae78a72990264478bad03acffb7fdb4d|9ce297f107cf4d6296d9892ccf623082|6b7c7bfe4ac6470e861d6f81de3363df|31e9f60efeca44118e5b7cfa027731fe|f1f82075fc384eaab4786415c1fc858a|15700c8bc61a4de29c79487b8cfdbd72|91987fe2082a4224b7f9c6c610413ce0|fc83857807d24ead97291603f5cdc42b|74cc44a54b5d4239ae6c834f5b66f616|faa6c36a64684336a9a120a0cae9ae98|92f67a4a11fd49bf8363c29f9db4598d|8047abebf16a43e18659387fcff7e1c2|d106c6c351a84225a70d5cd966f3d502|eaeabacb21b94c94928b83745557576e|d051aa174fcc43a09eb4e3a93fe5deb4|f674a647e4a94d5ab6031c01b830aabb|8ff406cb36ca45779303a3c1b6b1718d|362d2276734248e79afe76456ff09279|25313739015b4541a35f1eeb8c9456c9|497daace0ede4252b863d0f82b561b35,API does not expose immutable revision; query time + returned metadata + image SHA256 snapshot,D:\maplestory_levup\docs\art\images-input-packages-v2_4\AREA_12_IMAGES_INPUT_V2_4.zip,9fe99b2fac2f103ec2de5d90fe2074f7a9fc32ff425a5f8933b7fbe1de90e202,AREA_12_IMAGES_INPUT_V2_4/monsters/003_m_master_robo_마스터_로보/MONSTER_IMAGE.png,55f24bf615c3201f367a784eb07103d85d434fc5c2526568c8f93ff13d1618d1,공식 exact-RUID clip 영상과 INPUT의 실루엣·몸색·얼굴/장비 구성을 직접 대조. 동일 개체로 읽힘. 흰 배경/투명화·동작 프레임 차이는 정체성 불일치로 보지 않음.,D:\maplestory_levup\docs\art\output_audit\runs\20260912_162508_msw_origin_art_review\boards\area_12_source_and_all_frames.png,GIF 전체 프레임 접촉시트; 9f 이상은 source_detail_01..05에서 첫/중간/끝 확대 추가,없음(정체성 확인 범위). attack/hit/die의 모든 별도 clip 및 엔진 렌더 검증은 범위 밖
area_12,m_chronos,크로노스,chronos,D:\maplestory_levup\RootDesk\MyDesk\Models\Monsters\Chronos.model,099dd9617b424e128da9f8b9bff2ce77c445f6568b06bc05ba87f5a644471caa,1356c7ad27254459aaf789b51a75875c,"{""$type"": ""MOD.Core.MODSyncDictionary`2[[System.String, mscorlib],[System.String, mscorlib]], MOD.Core"", ""stand"": ""1356c7ad27254459aaf789b51a75875c"", ""move"": ""2e361c296dd94cab820ede0791a44553"", ""hit"": ""9a0ab5e69833499f9b982e401fb3f5c8"", ""die"": ""c34007422581490fb12eb9d5c5d01ffb"", ""attack"": ""2e361c296dd94cab820ede0791a44553"", ""jump"": ""2e361c296dd94cab820ede0791a44553""}",0,True,True,MSW_ORIGINAL_CONFIRMED,animationclip,"{""ko"": [""크로노스""]}",GET/POST MSW public v3 resources via validated wrapper,2026-09-12T07:29:16.616Z,D:\maplestory_levup\docs\art\output_audit\runs\20260912_162508_msw_origin_art_review\resource_batch_35.json,https://mod-resource-search-images.dn.nexoncdn.co.kr/maplestory_world/1356c7ad27254459aaf789b51a75875c.gif,D:\maplestory_levup\docs\art\output_audit\runs\20260912_162508_msw_origin_art_review\source_copies\1356c7ad27254459aaf789b51a75875c.gif,8b15d9b39f79b347fcb83f4ee708a67198c9e5da53e3863eabc6fd59983dbaa1,2026-09-12T07:30:20.666Z,8,8,f342359bf3464a2396506a6c1bd53322|55762656e7a846bc93b8a4733bb502e3|08439b19d9024586ad0816a1d2df59e2|cc8855a7678a48bd822a08eb1d9838d8|a7e7b09010334c928fb468e889879346|233badd43f5943f5bd9f20f343622128|38b2fe4acfae4affbc53bfbc3d5eff6f|d507431f79094189bbd5f08a2f0dd39f,API does not expose immutable revision; query time + returned metadata + image SHA256 snapshot,D:\maplestory_levup\docs\art\images-input-packages-v2_4\AREA_12_IMAGES_INPUT_V2_4.zip,9fe99b2fac2f103ec2de5d90fe2074f7a9fc32ff425a5f8933b7fbe1de90e202,AREA_12_IMAGES_INPUT_V2_4/monsters/004_m_chronos_크로노스/MONSTER_IMAGE.png,b9cea89686a2b0958426f11dfd700fe3edea727a7a22654010603c735a47e1f2,공식 exact-RUID clip 영상과 INPUT의 실루엣·몸색·얼굴/장비 구성을 직접 대조. 동일 개체로 읽힘. 흰 배경/투명화·동작 프레임 차이는 정체성 불일치로 보지 않음.,D:\maplestory_levup\docs\art\output_audit\runs\20260912_162508_msw_origin_art_review\boards\area_12_source_and_all_frames.png,GIF 전체 프레임 접촉시트; 9f 이상은 source_detail_01..05에서 첫/중간/끝 확대 추가,없음(정체성 확인 범위). attack/hit/die의 모든 별도 clip 및 엔진 렌더 검증은 범위 밖
area_12,m_timer,타이머,timer,D:\maplestory_levup\RootDesk\MyDesk\Models\Monsters\Timer.model,0177ab52df97a912e072f1a41bf184be4961f8028aedc0ecbd2bdce75b1d35ef,cbdd230e5cd34b7b9eeb1cd206d19f34,"{""$type"": ""MOD.Core.MODSyncDictionary`2[[System.String, mscorlib],[System.String, mscorlib]], MOD.Core"", ""stand"": ""cbdd230e5cd34b7b9eeb1cd206d19f34"", ""move"": ""684685ca8dc84aac920f77e5c5d871f1"", ""attack"": ""9a4f5adadc25455e88c0394ee41f346d"", ""hit"": ""a8f2cac815354c40a9147389bc070d78"", ""die"": ""cb0d2a03101b4210b142a74cd178de88"", ""jump"": ""684685ca8dc84aac920f77e5c5d871f1""}",0,True,True,MSW_ORIGINAL_CONFIRMED,animationclip,"{""ko"": [""타이머""]}",GET/POST MSW public v3 resources via validated wrapper,2026-09-12T07:29:16.616Z,D:\maplestory_levup\docs\art\output_audit\runs\20260912_162508_msw_origin_art_review\resource_batch_35.json,https://mod-resource-search-images.dn.nexoncdn.co.kr/maplestory_world/cbdd230e5cd34b7b9eeb1cd206d19f34.gif,D:\maplestory_levup\docs\art\output_audit\runs\20260912_162508_msw_origin_art_review\source_copies\cbdd230e5cd34b7b9eeb1cd206d19f34.gif,269718d5a6664f74951b944a2f1ebf349f58643d0561046c7eba4f610577df8f,2026-09-12T07:30:20.745Z,12,12,68d4daf76d62442aad9e786a054c7068|04a5f51211744e799f25b48b581cea2f|56941595dc4140e5bbc5bc7c166ae4d7|591be497f6be45e7a68d9367077a5dc5|44c3c7f1c1494757bd98994aa8fa5dc8|1711170ece1545ad96cf1bc992c3d15f|e3082a3c096e42fd9248f265452b6b5f|5a09d98d710747cfa4ac1afd61781fde|d45ace90195f46d999a9e104ba0efc9f|a21ec51a995946a9930e3c8118e16aca|d27ded0a973d42ffb8583a0987b28408|321a7962ac3843588fdb20717d04671c,API does not expose immutable revision; query time + returned metadata + image SHA256 snapshot,D:\maplestory_levup\docs\art\images-input-packages-v2_4\AREA_12_IMAGES_INPUT_V2_4.zip,9fe99b2fac2f103ec2de5d90fe2074f7a9fc32ff425a5f8933b7fbe1de90e202,AREA_12_IMAGES_INPUT_V2_4/monsters/005_m_timer_타이머/MONSTER_IMAGE.png,d9033742dff66df4a43ce397c99323c1fa95bbc23af9039573aaa2aa5a6e2b64,공식 exact-RUID clip 영상과 INPUT의 실루엣·몸색·얼굴/장비 구성을 직접 대조. 동일 개체로 읽힘. 흰 배경/투명화·동작 프레임 차이는 정체성 불일치로 보지 않음.,D:\maplestory_levup\docs\art\output_audit\runs\20260912_162508_msw_origin_art_review\boards\area_12_source_and_all_frames.png,GIF 전체 프레임 접촉시트; 9f 이상은 source_detail_01..05에서 첫/중간/끝 확대 추가,없음(정체성 확인 범위). attack/hit/die의 모든 별도 clip 및 엔진 렌더 검증은 범위 밖
area_13,m_white_sand_rabbit,흰 모래토끼,whitesandrabbit,D:\maplestory_levup\RootDesk\MyDesk\Models\Monsters\WhiteSandRabbit.model,6ce001d22923438d9cd9c9a9c97593083e1902a9e354c56edf8084b923413a74,981c64ae30bd4f98aef886e9314d8e64,"{""$type"": ""MOD.Core.MODSyncDictionary`2[[System.String, mscorlib],[System.String, mscorlib]], MOD.Core"", ""stand"": ""981c64ae30bd4f98aef886e9314d8e64"", ""move"": ""1eaee5c96fec4a07afdf902b96e3a0d8"", ""attack"": ""971f0209fc1245b3b755dd250c5a836d"", ""hit"": ""e77fd0ddfcc44f02af01fd4eb2e9ff97"", ""die"": ""8e58798019c74928a99bfcbb9054a744"", ""jump"": ""1eaee5c96fec4a07afdf902b96e3a0d8""}",0,True,True,MSW_ORIGINAL_CONFIRMED,animationclip,"{""ko"": [""흰 모래토끼""]}",GET/POST MSW public v3 resources via validated wrapper,2026-09-12T07:29:16.616Z,D:\maplestory_levup\docs\art\output_audit\runs\20260912_162508_msw_origin_art_review\resource_batch_35.json,https://mod-resource-search-images.dn.nexoncdn.co.kr/maplestory_world/981c64ae30bd4f98aef886e9314d8e64.gif,D:\maplestory_levup\docs\art\output_audit\runs\20260912_162508_msw_origin_art_review\source_copies\981c64ae30bd4f98aef886e9314d8e64.gif,438e23c2880a6d7366c261abe3bcde8f1e7efeaad4a8e9a177b40d68099c02d4,2026-09-12T07:30:20.704Z,6,6,38101a1f4a294f98b44432aca6baae80|5c3da578cf394ac293c9648c5c06cae7|72d7b8d38fbc4fb4923d3332acaac0a4|8436a5147bb54ed38e4997e9fa085181|bb82cf27edf64c628dbd6c69033dca98|86501334ddbc40d2b00ccbbb1538c71f,API does not expose immutable revision; query time + returned metadata + image SHA256 snapshot,D:\maplestory_levup\docs\art\images-input-packages-v2_4\AREA_13_IMAGES_INPUT_V2_4.zip,3601cf990e76e142a1f970b1a0231e59c637253a020305a0dca6553f6dd709b9,AREA_13_IMAGES_INPUT_V2_4/monsters/001_m_white_sand_rabbit_흰_모래토끼/MONSTER_IMAGE.png,de9fd37727b97e83a05143abf6a9d37404d00231217e665262fe9b03a08d893a,공식 exact-RUID clip 영상과 INPUT의 실루엣·몸색·얼굴/장비 구성을 직접 대조. 동일 개체로 읽힘. 흰 배경/투명화·동작 프레임 차이는 정체성 불일치로 보지 않음.,D:\maplestory_levup\docs\art\output_audit\runs\20260912_162508_msw_origin_art_review\boards\area_13_source_and_all_frames.png,GIF 전체 프레임 접촉시트; 9f 이상은 source_detail_01..05에서 첫/중간/끝 확대 추가,없음(정체성 확인 범위). attack/hit/die의 모든 별도 clip 및 엔진 렌더 검증은 범위 밖
area_13,m_scarf_plead,목도리 프릴드,scarfplead,D:\maplestory_levup\RootDesk\MyDesk\Models\Monsters\ScarfPlead.model,4621149bd91bc0b2d0767cb2d8314d127424269629b59e828bc8f65c66955c55,30e7faf77c6c41d583f341c234220597,"{""$type"": ""MOD.Core.MODSyncDictionary`2[[System.String, mscorlib],[System.String, mscorlib]], MOD.Core"", ""stand"": ""30e7faf77c6c41d583f341c234220597"", ""move"": ""04c69afe7f3e4706a596a624acf3849d"", ""hit"": ""63e42ff4a95d477b8f7eb0f189176e0a"", ""die"": ""ed20ea2f2bef45b489c74a62fa65c1d3"", ""attack"": ""04c69afe7f3e4706a596a624acf3849d"", ""jump"": ""04c69afe7f3e4706a596a624acf3849d""}",0,True,True,MSW_ORIGINAL_CONFIRMED,animationclip,"{""ko"": [""목도리 프릴드""]}",GET/POST MSW public v3 resources via validated wrapper,2026-09-12T07:29:16.616Z,D:\maplestory_levup\docs\art\output_audit\runs\20260912_162508_msw_origin_art_review\resource_batch_35.json,https://mod-resource-search-images.dn.nexoncdn.co.kr/maplestory_world/30e7faf77c6c41d583f341c234220597.gif,D:\maplestory_levup\docs\art\output_audit\runs\20260912_162508_msw_origin_art_review\source_copies\30e7faf77c6c41d583f341c234220597.gif,53c78171a706f68e2851b265404a2b9adc18bfdcc8153a6296289bb2a0e1f614,2026-09-12T07:30:20.786Z,6,6,5b587eed26eb47029a25e28bc9b16074|2ce94ed551c04de6bd449b82a1040cb4|82f5b1cc53464ae69763111d44a275f1|5868d6a4b00c41c3a37c28dd0d493674|fb1d9217d91446beb770d2ed924a7ca9|cdd2427b569043409cc09684b4ecbf67,API does not expose immutable revision; query time + returned metadata + image SHA256 snapshot,D:\maplestory_levup\docs\art\images-input-packages-v2_4\AREA_13_IMAGES_INPUT_V2_4.zip,3601cf990e76e142a1f970b1a0231e59c637253a020305a0dca6553f6dd709b9,AREA_13_IMAGES_INPUT_V2_4/monsters/002_m_scarf_plead_목도리_프릴드/MONSTER_IMAGE.png,6edc08fe202bd02331441b68d2a503c3c8998157df1c6342540a4c98b7a48ea2,공식 exact-RUID clip 영상과 INPUT의 실루엣·몸색·얼굴/장비 구성을 직접 대조. 동일 개체로 읽힘. 흰 배경/투명화·동작 프레임 차이는 정체성 불일치로 보지 않음.,D:\maplestory_levup\docs\art\output_audit\runs\20260912_162508_msw_origin_art_review\boards\area_13_source_and_all_frames.png,GIF 전체 프레임 접촉시트; 9f 이상은 source_detail_01..05에서 첫/중간/끝 확대 추가,없음(정체성 확인 범위). attack/hit/die의 모든 별도 clip 및 엔진 렌더 검증은 범위 밖
area_13,m_meercat,미요캐츠,meercat,D:\maplestory_levup\RootDesk\MyDesk\Models\Monsters\Meercat.model,58a81f5b23b506193124175913b2eea38c271c5556a82328b7afa273f22cd73a,fc3c2944ce44425c8d7f302a8610b886,"{""$type"": ""MOD.Core.MODSyncDictionary`2[[System.String, mscorlib],[System.String, mscorlib]], MOD.Core"", ""stand"": ""fc3c2944ce44425c8d7f302a8610b886"", ""move"": ""ba94d969ce604f7b805b80eab305c5e0"", ""attack"": ""24aa0e092a204bf6b032c29999fcba3b"", ""hit"": ""c2436109b95b4c4c9b0c9f9134f2ab28"", ""die"": ""2d72f7695974444a87a5256f13e40282"", ""jump"": ""ba94d969ce604f7b805b80eab305c5e0""}",0,True,True,MSW_ORIGINAL_CONFIRMED,animationclip,"{""ko"": [""미요캐츠"", ""시스템 몬스터F1""]}",GET/POST MSW public v3 resources via validated wrapper,2026-09-12T07:29:16.616Z,D:\maplestory_levup\docs\art\output_audit\runs\20260912_162508_msw_origin_art_review\resource_batch_35.json,https://mod-resource-search-images.dn.nexoncdn.co.kr/maplestory_world/fc3c2944ce44425c8d7f302a8610b886.gif,D:\maplestory_levup\docs\art\output_audit\runs\20260912_162508_msw_origin_art_review\source_copies\fc3c2944ce44425c8d7f302a8610b886.gif,1199223e42b788d5a79f197f982e57830ee127c8240e8a1db919031e373ec51c,2026-09-12T07:30:20.903Z,9,9,bd3ebc9168324e10b53d0ce7f4074608|39b4adecd36245d4b9f67290a26a4fee|30ff5df8e26e4d1ba16038a2ea9e3f14|766cdfa097304c099358bd692f61ece1|5a32e928b42e4a65a60886f9c3f47fba|75e8be6264d146d0b138be3531d99db1|b1c3cbbe13fd48cfaa81768c7d5e6124|9abac9a9b95046e894b6d96b92ac6c79|d2a620ed73ea41e485e6ea601e288c44,API does not expose immutable revision; query time + returned metadata + image SHA256 snapshot,D:\maplestory_levup\docs\art\images-input-packages-v2_4\AREA_13_IMAGES_INPUT_V2_4.zip,3601cf990e76e142a1f970b1a0231e59c637253a020305a0dca6553f6dd709b9,AREA_13_IMAGES_INPUT_V2_4/monsters/003_m_meercat_미요캐츠/MONSTER_IMAGE.png,a6c5101d1db03e24fce39cf19bc9ace7670b47a2e99960863a6dc69d849cd87b,공식 exact-RUID clip 영상과 INPUT의 실루엣·몸색·얼굴/장비 구성을 직접 대조. 동일 개체로 읽힘. 흰 배경/투명화·동작 프레임 차이는 정체성 불일치로 보지 않음.,D:\maplestory_levup\docs\art\output_audit\runs\20260912_162508_msw_origin_art_review\boards\area_13_source_and_all_frames.png,GIF 전체 프레임 접촉시트; 9f 이상은 source_detail_01..05에서 첫/중간/끝 확대 추가,없음(정체성 확인 범위). attack/hit/die의 모든 별도 clip 및 엔진 렌더 검증은 범위 밖
area_13,m_sand_dwarf,모래난쟁이,sanddwarf,D:\maplestory_levup\RootDesk\MyDesk\Models\Monsters\SandDwarf.model,00b254203e3022fb1fc05a9271d2c377aca1f057725ecccc6acccecc541b8ecd,64f166fa4e5445bc982071dea297d988,"{""$type"": ""MOD.Core.MODSyncDictionary`2[[System.String, mscorlib],[System.String, mscorlib]], MOD.Core"", ""stand"": ""64f166fa4e5445bc982071dea297d988"", ""move"": ""06c4eb04f5f249af9a73705648ca9c33"", ""attack"": ""8485f7a268a8400682b6dde2b3040bc3"", ""hit"": ""93559f70054d4b3ea12f71ffc431a1b1"", ""die"": ""50761c06c0844199beab282871beb3fc"", ""jump"": ""06c4eb04f5f249af9a73705648ca9c33""}",0,True,True,MSW_ORIGINAL_CONFIRMED,animationclip,"{""ko"": [""모래난쟁이""]}",GET/POST MSW public v3 resources via validated wrapper,2026-09-12T07:29:16.616Z,D:\maplestory_levup\docs\art\output_audit\runs\20260912_162508_msw_origin_art_review\resource_batch_35.json,https://mod-resource-search-images.dn.nexoncdn.co.kr/maplestory_world/64f166fa4e5445bc982071dea297d988.gif,D:\maplestory_levup\docs\art\output_audit\runs\20260912_162508_msw_origin_art_review\source_copies\64f166fa4e5445bc982071dea297d988.gif,1de46d66fc06b8d0623435f1209131a9233f2d8a6f4aa5df0680b176730ab91e,2026-09-12T07:30:20.955Z,6,6,8532806d1fa54a158843130b9b47bdba|1fea533a82714ea688bf4c11ee882651|561425d0d5d148788fcbaeca7d1530cd|ebc6d467c63b46eca15198d37ea19cbc|26e67dc2c4454260ad0f5920d290240c|847e82a7b702408b87527d909c983d21,API does not expose immutable revision; query time + returned metadata + image SHA256 snapshot,D:\maplestory_levup\docs\art\images-input-packages-v2_4\AREA_13_IMAGES_INPUT_V2_4.zip,3601cf990e76e142a1f970b1a0231e59c637253a020305a0dca6553f6dd709b9,AREA_13_IMAGES_INPUT_V2_4/monsters/004_m_sand_dwarf_모래난쟁이/MONSTER_IMAGE.png,32508448188d7626b9e291989084bf8fbed9ef1e81c46ebe20f5ffe6f75e3f54,공식 exact-RUID clip 영상과 INPUT의 실루엣·몸색·얼굴/장비 구성을 직접 대조. 동일 개체로 읽힘. 흰 배경/투명화·동작 프레임 차이는 정체성 불일치로 보지 않음.,D:\maplestory_levup\docs\art\output_audit\runs\20260912_162508_msw_origin_art_review\boards\area_13_source_and_all_frames.png,GIF 전체 프레임 접촉시트; 9f 이상은 source_detail_01..05에서 첫/중간/끝 확대 추가,없음(정체성 확인 범위). attack/hit/die의 모든 별도 clip 및 엔진 렌더 검증은 범위 밖
area_13,m_deo,데우,deo,D:\maplestory_levup\RootDesk\MyDesk\Models\Monsters\Deo.model,c969862fdcd2d7e042591b4f28e92091b1be14cd597e4d64155dbc41e9d48c7e,6cf930e280f44694a0a0feedbfd855ed,"{""$type"": ""MOD.Core.MODSyncDictionary`2[[System.String, mscorlib],[System.String, mscorlib]], MOD.Core"", ""stand"": ""6cf930e280f44694a0a0feedbfd855ed"", ""move"": ""196bfc9fe38b4266b279f1b3be53c5dc"", ""attack"": ""4a7d9f008b334c1187c087d6f5e5cdd3"", ""hit"": ""f86cb206cdbc4954aaa1760ad6e25113"", ""die"": ""7c264f46b77a41ecb52c50b0f191d249"", ""jump"": ""196bfc9fe38b4266b279f1b3be53c5dc""}",0,True,True,MSW_ORIGINAL_CONFIRMED,animationclip,"{""ko"": [""데우""]}",GET/POST MSW public v3 resources via validated wrapper,2026-09-12T07:29:16.616Z,D:\maplestory_levup\docs\art\output_audit\runs\20260912_162508_msw_origin_art_review\resource_batch_35.json,https://mod-resource-search-images.dn.nexoncdn.co.kr/maplestory_world/6cf930e280f44694a0a0feedbfd855ed.gif,D:\maplestory_levup\docs\art\output_audit\runs\20260912_162508_msw_origin_art_review\source_copies\6cf930e280f44694a0a0feedbfd855ed.gif,a05cde73cc14282d92c59c72047d9bc7491e50ad6f9ef00451c0b2c01ebde97f,2026-09-12T07:30:20.858Z,6,6,a0fa0c0915a64041943e08c6a38e9db8|c1fd23f51a4947cd8cd1b1573efd9077|320035f397ad49a58fc2fe81f643c9b4|4dc2a7092b3a4c779a00d4ceca9c74e2|f484f249c65140a99c4017dc5f0a03dd|f91cefd8c2c341d9b5cc146bd33495ea,API does not expose immutable revision; query time + returned metadata + image SHA256 snapshot,D:\maplestory_levup\docs\art\images-input-packages-v2_4\AREA_13_IMAGES_INPUT_V2_4.zip,3601cf990e76e142a1f970b1a0231e59c637253a020305a0dca6553f6dd709b9,AREA_13_IMAGES_INPUT_V2_4/monsters/005_m_deo_데우/MONSTER_IMAGE.png,59364a49d85bab71c05e8c69428a8f5041f776803605c21a7728645eaecb459c,공식 exact-RUID clip 영상과 INPUT의 실루엣·몸색·얼굴/장비 구성을 직접 대조. 동일 개체로 읽힘. 흰 배경/투명화·동작 프레임 차이는 정체성 불일치로 보지 않음.,D:\maplestory_levup\docs\art\output_audit\runs\20260912_162508_msw_origin_art_review\boards\area_13_source_and_all_frames.png,GIF 전체 프레임 접촉시트; 9f 이상은 source_detail_01..05에서 첫/중간/끝 확대 추가,없음(정체성 확인 범위). attack/hit/die의 모든 별도 clip 및 엔진 렌더 검증은 범위 밖
area_14,m_cube_slime,큐브슬라임,cubeslime,D:\maplestory_levup\RootDesk\MyDesk\Models\Monsters\CubeSlime.model,3c183b3e446eda77c51940d1ffa9e82deb8a66d9b0dd92574970f38d46ce886b,e93e27480f1043ef8e51fa3b0906a4d9,"{""$type"": ""MOD.Core.MODSyncDictionary`2[[System.String, mscorlib],[System.String, mscorlib]], MOD.Core"", ""stand"": ""e93e27480f1043ef8e51fa3b0906a4d9"", ""move"": ""4a141fc777a14395b6af8444cef50d73"", ""hit"": ""8d69bfe6ca074f12b51f7703b32d885f"", ""die"": ""5fddbc2a267f463cb513cdd4d0b6b88d"", ""attack"": ""4a141fc777a14395b6af8444cef50d73"", ""jump"": ""4a141fc777a14395b6af8444cef50d73""}",0,True,True,MSW_ORIGINAL_CONFIRMED,animationclip,"{""ko"": [""큐브슬라임""]}",GET/POST MSW public v3 resources via validated wrapper,2026-09-12T07:29:16.616Z,D:\maplestory_levup\docs\art\output_audit\runs\20260912_162508_msw_origin_art_review\resource_batch_35.json,https://mod-resource-search-images.dn.nexoncdn.co.kr/maplestory_world/e93e27480f1043ef8e51fa3b0906a4d9.gif,D:\maplestory_levup\docs\art\output_audit\runs\20260912_162508_msw_origin_art_review\source_copies\e93e27480f1043ef8e51fa3b0906a4d9.gif,93f5e690a8af3838bf6780932e1076ec2bd211e2cd10ba62d2559ac18079cb31,2026-09-12T07:30:21.056Z,6,6,e70ea0c01c0240d3a731d0992969a3f9|587e2e2391d540b485fef9aba6670b93|c9d46102d18740928b08c0b84ef27eb5|8937fefae5fb41f8b118676044bc1a65|48bf4d343c164e3b8b33d946c7f69966|b6372ea8c999444cb939c96d402fa5c4,API does not expose immutable revision; query time + returned metadata + image SHA256 snapshot,D:\maplestory_levup\docs\art\images-input-packages-v2_4\AREA_14_IMAGES_INPUT_V2_4.zip,0d4c4ef08f1e1f16ab1b93cbdd5f9c5ffa7d3587ca8d3bb306d8892fadbee61e,AREA_14_IMAGES_INPUT_V2_4/monsters/001_m_cube_slime_큐브슬라임/MONSTER_IMAGE.png,cc82eda2f347c91dd7403be132f8eb05f9fde4d9ebb9126780493643b4796dc8,공식 exact-RUID clip 영상과 INPUT의 실루엣·몸색·얼굴/장비 구성을 직접 대조. 동일 개체로 읽힘. 흰 배경/투명화·동작 프레임 차이는 정체성 불일치로 보지 않음.,D:\maplestory_levup\docs\art\output_audit\runs\20260912_162508_msw_origin_art_review\boards\area_14_source_and_all_frames.png,GIF 전체 프레임 접촉시트; 9f 이상은 source_detail_01..05에서 첫/중간/끝 확대 추가,없음(정체성 확인 범위). attack/hit/die의 모든 별도 clip 및 엔진 렌더 검증은 범위 밖
area_14,m_mithril_mutae,미스릴 뮤테,mithrilmutae,D:\maplestory_levup\RootDesk\MyDesk\Models\Monsters\MithrilMutae.model,49e79d820e33e1ccf15c272ae2af42543fc480a468c96c899c5efeb31cf30f25,b06abb18fb52476d8bc7bdd5e46abe19,"{""$type"": ""MOD.Core.MODSyncDictionary`2[[System.String, mscorlib],[System.String, mscorlib]], MOD.Core"", ""stand"": ""b06abb18fb52476d8bc7bdd5e46abe19"", ""move"": ""679e977d594e4392a9848f0e16571aa0"", ""hit"": ""af0cfa2f179746a6b444ff335594b878"", ""die"": ""d326521fe8b649348e6e875f8d6a8377"", ""attack"": ""679e977d594e4392a9848f0e16571aa0"", ""jump"": ""679e977d594e4392a9848f0e16571aa0""}",0,True,True,MSW_ORIGINAL_CONFIRMED,animationclip,"{""ko"": [""강화된 미스릴 뮤테"", ""미스릴 뮤테""]}",GET/POST MSW public v3 resources via validated wrapper,2026-09-12T07:29:16.616Z,D:\maplestory_levup\docs\art\output_audit\runs\20260912_162508_msw_origin_art_review\resource_batch_35.json,https://mod-resource-search-images.dn.nexoncdn.co.kr/maplestory_world/b06abb18fb52476d8bc7bdd5e46abe19.gif,D:\maplestory_levup\docs\art\output_audit\runs\20260912_162508_msw_origin_art_review\source_copies\b06abb18fb52476d8bc7bdd5e46abe19.gif,d535a7336236c094603571cc58bd5ae53322266dc869add373be9b7143ac7abf,2026-09-12T07:30:21.127Z,6,6,be98d560718546dea49e45a1079c7a60|0230f48ec9944d2380aebea5db6ba89d|f9b1afc1c70946f5803c2b44bf468947|445ef7013c904c6482a9d319d42cc478|5b936dde2b184231ab2fefc2a292e4ca|e0e4dbb69d1a4cd7a8ce48d05fd779cf,API does not expose immutable revision; query time + returned metadata + image SHA256 snapshot,D:\maplestory_levup\docs\art\images-input-packages-v2_4\AREA_14_IMAGES_INPUT_V2_4.zip,0d4c4ef08f1e1f16ab1b93cbdd5f9c5ffa7d3587ca8d3bb306d8892fadbee61e,AREA_14_IMAGES_INPUT_V2_4/monsters/002_m_mithril_mutae_미스릴_뮤테/MONSTER_IMAGE.png,c4573d1bee1c0eaec034f102a9e71c7a078f7711b42fb6aaa3d26a99e97d0f56,공식 exact-RUID clip 영상과 INPUT의 실루엣·몸색·얼굴/장비 구성을 직접 대조. 동일 개체로 읽힘. 흰 배경/투명화·동작 프레임 차이는 정체성 불일치로 보지 않음.,D:\maplestory_levup\docs\art\output_audit\runs\20260912_162508_msw_origin_art_review\boards\area_14_source_and_all_frames.png,GIF 전체 프레임 접촉시트; 9f 이상은 source_detail_01..05에서 첫/중간/끝 확대 추가,없음(정체성 확인 범위). attack/hit/die의 모든 별도 clip 및 엔진 렌더 검증은 범위 밖
area_14,m_homun,호문,homun,D:\maplestory_levup\RootDesk\MyDesk\Models\Monsters\Homun.model,1a29e115549ec5b2be365a7b4241ed0321d94da115494f428d5ba2644859e445,8f0fb531779d41738664009091d7b017,"{""$type"": ""MOD.Core.MODSyncDictionary`2[[System.String, mscorlib],[System.String, mscorlib]], MOD.Core"", ""stand"": ""8f0fb531779d41738664009091d7b017"", ""move"": ""f46c4862e92746afb183cd7351ce36f4"", ""hit"": ""224bcc0e9d8744df9eea3b1d09b7944d"", ""die"": ""1656e04f11a64f66b2fd4961390728d6"", ""attack"": ""f46c4862e92746afb183cd7351ce36f4"", ""jump"": ""f46c4862e92746afb183cd7351ce36f4""}",0,True,True,MSW_ORIGINAL_CONFIRMED,animationclip,"{""ko"": [""폐쇄된 연구실의 호문"", ""호문""]}",GET/POST MSW public v3 resources via validated wrapper,2026-09-12T07:29:16.616Z,D:\maplestory_levup\docs\art\output_audit\runs\20260912_162508_msw_origin_art_review\resource_batch_35.json,https://mod-resource-search-images.dn.nexoncdn.co.kr/maplestory_world/8f0fb531779d41738664009091d7b017.gif,D:\maplestory_levup\docs\art\output_audit\runs\20260912_162508_msw_origin_art_review\source_copies\8f0fb531779d41738664009091d7b017.gif,bd3e31a252bc19c34922bd4f35e8a8b9e521347711f086582ed0b95dd3758a02,2026-09-12T07:30:21.072Z,8,8,7e45192de6a4457fbfe97dee7eba8c77|f8ca3323138f4833846500ed24a070bf|0f2a8f27b4ab4457a5fae3f2914fc938|b84db717d047470282b9b4ad3a5a1177|5aac42185c924b5f8c82ae9057208860|9c35a7de8db549d4b8764f7a0561b1b3|dfbf96c796cb4a818e67eb4ebe5aa842|7b139350f59041a689123004861a4d47,API does not expose immutable revision; query time + returned metadata + image SHA256 snapshot,D:\maplestory_levup\docs\art\images-input-packages-v2_4\AREA_14_IMAGES_INPUT_V2_4.zip,0d4c4ef08f1e1f16ab1b93cbdd5f9c5ffa7d3587ca8d3bb306d8892fadbee61e,AREA_14_IMAGES_INPUT_V2_4/monsters/003_m_homun_호문/MONSTER_IMAGE.png,3e35d4268077e95e997698b147c5d0a594c0e986bd07fc4b2940ab84636ffe65,공식 exact-RUID clip 영상과 INPUT의 실루엣·몸색·얼굴/장비 구성을 직접 대조. 동일 개체로 읽힘. 흰 배경/투명화·동작 프레임 차이는 정체성 불일치로 보지 않음.,D:\maplestory_levup\docs\art\output_audit\runs\20260912_162508_msw_origin_art_review\boards\area_14_source_and_all_frames.png,GIF 전체 프레임 접촉시트; 9f 이상은 source_detail_01..05에서 첫/중간/끝 확대 추가,없음(정체성 확인 범위). attack/hit/die의 모든 별도 clip 및 엔진 렌더 검증은 범위 밖
area_14,m_roid,로이드,roid,D:\maplestory_levup\RootDesk\MyDesk\Models\Monsters\Roid.model,eda871848837285cc0b2c79b1f324713e64b63b894c0d8096302edd12260383e,364bc76e0cc3429ea8ca758319ec7678,"{""$type"": ""MOD.Core.MODSyncDictionary`2[[System.String, mscorlib],[System.String, mscorlib]], MOD.Core"", ""stand"": ""364bc76e0cc3429ea8ca758319ec7678"", ""move"": ""839a58c5ea2e47399f9166d2b034fbd6"", ""hit"": ""c3600a2a2423490f9206bc4f39c88577"", ""die"": ""863c7c2f0e9a4a788c451ddbf09f59c1"", ""attack"": ""839a58c5ea2e47399f9166d2b034fbd6"", ""jump"": ""839a58c5ea2e47399f9166d2b034fbd6""}",0,True,True,MSW_ORIGINAL_CONFIRMED,animationclip,"{""ko"": [""로이드""]}",GET/POST MSW public v3 resources via validated wrapper,2026-09-12T07:29:16.616Z,D:\maplestory_levup\docs\art\output_audit\runs\20260912_162508_msw_origin_art_review\resource_batch_35.json,https://mod-resource-search-images.dn.nexoncdn.co.kr/maplestory_world/364bc76e0cc3429ea8ca758319ec7678.gif,D:\maplestory_levup\docs\art\output_audit\runs\20260912_162508_msw_origin_art_review\source_copies\364bc76e0cc3429ea8ca758319ec7678.gif,6ef87a1f9fe4638ddfa86afa7ff5449ef10ccd6dff93d2baf724c40c15d3f46e,2026-09-12T07:30:21.178Z,11,11,858d6a91f1db462fbaa57a237ead74ab|946378fead0c45d7a8e235d576af6a59|eebdd2ab6e424fe2b833ef3d027ad48b|8068ba952b34459496f00d1240b12e70|8e3bbe0f9ec5460992f8945f23992565|94c64151349a44aa982a66cf085584dc|00e954df30084d979b8cd16398805eae|1c0dc02cfb514743b9fdc3a69156ce64|735dcdf404cd4e1b86eb37fcdae298d8|f1f2d92b09e54517bbe8bba6d12110c2|a633781993484ca6806347bc5550b86f,API does not expose immutable revision; query time + returned metadata + image SHA256 snapshot,D:\maplestory_levup\docs\art\images-input-packages-v2_4\AREA_14_IMAGES_INPUT_V2_4.zip,0d4c4ef08f1e1f16ab1b93cbdd5f9c5ffa7d3587ca8d3bb306d8892fadbee61e,AREA_14_IMAGES_INPUT_V2_4/monsters/004_m_roid_로이드/MONSTER_IMAGE.png,cd549622a64af95f0e0c06bf0db5306c51011f818372d548f480577ab27c05f8,공식 exact-RUID clip 영상과 INPUT의 실루엣·몸색·얼굴/장비 구성을 직접 대조. 동일 개체로 읽힘. 흰 배경/투명화·동작 프레임 차이는 정체성 불일치로 보지 않음.,D:\maplestory_levup\docs\art\output_audit\runs\20260912_162508_msw_origin_art_review\boards\area_14_source_and_all_frames.png,GIF 전체 프레임 접촉시트; 9f 이상은 source_detail_01..05에서 첫/중간/끝 확대 추가,없음(정체성 확인 범위). attack/hit/die의 모든 별도 clip 및 엔진 렌더 검증은 범위 밖
area_14,m_chimera,키메라,chimera,D:\maplestory_levup\RootDesk\MyDesk\Models\Monsters\Chimera.model,e34afcbefdcb1a92a2ce08a27d92775cc5cac3cda8d902c1a4a08d6de5edec41,3f5236d28b1f409797fe7c4b48743b8a,"{""$type"": ""MOD.Core.MODSyncDictionary`2[[System.String, mscorlib],[System.String, mscorlib]], MOD.Core"", ""stand"": ""3f5236d28b1f409797fe7c4b48743b8a"", ""move"": ""602442e3a83c423b92d2245fb6384858"", ""attack"": ""18a29b25caeb41a8a4267b68ff49a40a"", ""hit"": ""e7d383d93dce42548917bb81de8e8cf4"", ""die"": ""d85f8d59bb5543bcb3ecb8ee8a3ba5ac"", ""jump"": ""602442e3a83c423b92d2245fb6384858""}",0,True,True,MSW_ORIGINAL_CONFIRMED,animationclip,"{""ko"": [""키메라""]}",GET/POST MSW public v3 resources via validated wrapper,2026-09-12T07:29:16.616Z,D:\maplestory_levup\docs\art\output_audit\runs\20260912_162508_msw_origin_art_review\resource_batch_35.json,https://mod-resource-search-images.dn.nexoncdn.co.kr/maplestory_world/3f5236d28b1f409797fe7c4b48743b8a.gif,D:\maplestory_levup\docs\art\output_audit\runs\20260912_162508_msw_origin_art_review\source_copies\3f5236d28b1f409797fe7c4b48743b8a.gif,57df7b4dc69372d1b7e6ea21ef415abfc935a5f7df48015f2d85e576b1958f1c,2026-09-12T07:30:21.172Z,6,6,e5dc2be3138d4792a023bb1fc60c2747|d9000fccf3b24330ae12011adcee6cab|e5ee13a183b94c539fa575dd43fc17aa|a2cbd2d9ba164263b2b5e202ac446207|40783b60c42c4917ad84be0f6516caa9|5836034d1ebe4af78f98684515beb51f,API does not expose immutable revision; query time + returned metadata + image SHA256 snapshot,D:\maplestory_levup\docs\art\images-input-packages-v2_4\AREA_14_IMAGES_INPUT_V2_4.zip,0d4c4ef08f1e1f16ab1b93cbdd5f9c5ffa7d3587ca8d3bb306d8892fadbee61e,AREA_14_IMAGES_INPUT_V2_4/monsters/005_m_chimera_키메라/MONSTER_IMAGE.png,1f224672a6a93e181bfdde11201b19aea4d372efc189844a58e314ea7c66ea8a,공식 exact-RUID clip 영상과 INPUT의 실루엣·몸색·얼굴/장비 구성을 직접 대조. 동일 개체로 읽힘. 흰 배경/투명화·동작 프레임 차이는 정체성 불일치로 보지 않음.,D:\maplestory_levup\docs\art\output_audit\runs\20260912_162508_msw_origin_art_review\boards\area_14_source_and_all_frames.png,GIF 전체 프레임 접촉시트; 9f 이상은 source_detail_01..05에서 첫/중간/끝 확대 추가,없음(정체성 확인 범위). attack/hit/die의 모든 별도 clip 및 엔진 렌더 검증은 범위 밖
area_15,m_straw_dummy,수련용 짚인형,strawdummy,D:\maplestory_levup\RootDesk\MyDesk\Models\Monsters\StrawDummy.model,455dd9bd62e788ae8c37fa724dd7f53a3ba9abefe1cb3cbe2e30918704425ae0,4b1d55e35ae9462b944297691025429a,"{""$type"": ""MOD.Core.MODSyncDictionary`2[[System.String, mscorlib],[System.String, mscorlib]], MOD.Core"", ""stand"": ""4b1d55e35ae9462b944297691025429a"", ""move"": ""12f21e7ce0dc451e8c5cccc5f5cbdc3d"", ""hit"": ""35c14328c2a6446eb5464dc85c39ab56"", ""die"": ""770cfcbab36448999137d25e8ace707e"", ""attack"": ""12f21e7ce0dc451e8c5cccc5f5cbdc3d"", ""jump"": ""12f21e7ce0dc451e8c5cccc5f5cbdc3d""}",0,True,True,MSW_ORIGINAL_CONFIRMED,animationclip,"{""ko"": [""볏짚 100% 허수아비"", ""볏짚 25% 허수아비"", ""볏짚 75% 허수아비"", ""수련용 짚인형"", ""전투력 측정용 허수아비"", ""훈련용 짚인형""]}",GET/POST MSW public v3 resources via validated wrapper,2026-09-12T07:29:16.616Z,D:\maplestory_levup\docs\art\output_audit\runs\20260912_162508_msw_origin_art_review\resource_batch_35.json,https://mod-resource-search-images.dn.nexoncdn.co.kr/maplestory_world/4b1d55e35ae9462b944297691025429a.gif,D:\maplestory_levup\docs\art\output_audit\runs\20260912_162508_msw_origin_art_review\source_copies\4b1d55e35ae9462b944297691025429a.gif,e073720d2e3afc698a000afc3bda7e634bed9fa8054f59d19904b0db2cbe70c5,2026-09-12T07:30:21.240Z,6,6,ad42d1ac26284f2f88da9eb17c1bc5a6|bba98eab1136462c8fd72445ceb2206c|8b24e122b04c43c19ea13cc9773842a3|670a8e45e179436f8866131fecea2ff2|857f483bbe154a618303d5bc77d67ca4|3876885a6a5046578a1d5f8d3bef3aa8,API does not expose immutable revision; query time + returned metadata + image SHA256 snapshot,D:\maplestory_levup\docs\art\images-input-packages-v2_4\AREA_15_IMAGES_INPUT_V2_4.zip,0e8a8fc2b6c3724ff3a09ea959092ba91c7c49d8f095977b9bfc259d919b7925,AREA_15_IMAGES_INPUT_V2_4/monsters/001_m_straw_dummy_수련용_짚인형/MONSTER_IMAGE.png,18a14ae9237b527df49f0fefb3364d4f7dc8e7bc1478faa33d583ba29dadcbab,공식 exact-RUID clip 영상과 INPUT의 실루엣·몸색·얼굴/장비 구성을 직접 대조. 동일 개체로 읽힘. 흰 배경/투명화·동작 프레임 차이는 정체성 불일치로 보지 않음.,D:\maplestory_levup\docs\art\output_audit\runs\20260912_162508_msw_origin_art_review\boards\area_15_source_and_all_frames.png,GIF 전체 프레임 접촉시트; 9f 이상은 source_detail_01..05에서 첫/중간/끝 확대 추가,없음(정체성 확인 범위). attack/hit/die의 모든 별도 clip 및 엔진 렌더 검증은 범위 밖
area_15,m_wooden_dummy,수련용 나무인형,woodendummy,D:\maplestory_levup\RootDesk\MyDesk\Models\Monsters\WoodenDummy.model,e52e3dcd6f341ac6b41dd6ef38910053472f3dc22b7f4af030e7e971009feb84,91ff481190624f0fa850c86c8d3bdbde,"{""$type"": ""MOD.Core.MODSyncDictionary`2[[System.String, mscorlib],[System.String, mscorlib]], MOD.Core"", ""stand"": ""91ff481190624f0fa850c86c8d3bdbde"", ""move"": ""1ad77c5bc77f4ee3a7b212d6394f0b13"", ""hit"": ""7598c7485ce9483b8b1178386b7d8f73"", ""die"": ""e3f4d6344618421ab3fd276db85c44d6"", ""attack"": ""1ad77c5bc77f4ee3a7b212d6394f0b13"", ""jump"": ""1ad77c5bc77f4ee3a7b212d6394f0b13""}",0,True,True,MSW_ORIGINAL_CONFIRMED,animationclip,"{""ko"": [""수련용 나무인형"", ""참나무 100% 허수아비"", ""참나무 25% 허수아비"", ""참나무 75% 허수아비"", ""훈련용 나무인형""]}",GET/POST MSW public v3 resources via validated wrapper,2026-09-12T07:29:16.733Z,D:\maplestory_levup\docs\art\output_audit\runs\20260912_162508_msw_origin_art_review\resource_batch_70.json,https://mod-resource-search-images.dn.nexoncdn.co.kr/maplestory_world/91ff481190624f0fa850c86c8d3bdbde.gif,D:\maplestory_levup\docs\art\output_audit\runs\20260912_162508_msw_origin_art_review\source_copies\91ff481190624f0fa850c86c8d3bdbde.gif,56a0a4c56bb5ee587d4b8265d321f144272c929bb04a8e640529b285aa483145,2026-09-12T07:30:21.331Z,6,6,20813eed3b5742dfb8af6c65f7fb5db4|6a2ac84df725473e80429d86847bc53c|aca906de87704cdc9e56607873083b49|b9d625aa58ff4d63b534d58ca8f47f9f|769f0273dad1407d862c1758d5152b3c|b5f2e265406a44a3adb809b223afe7e3,API does not expose immutable revision; query time + returned metadata + image SHA256 snapshot,D:\maplestory_levup\docs\art\images-input-packages-v2_4\AREA_15_IMAGES_INPUT_V2_4.zip,0e8a8fc2b6c3724ff3a09ea959092ba91c7c49d8f095977b9bfc259d919b7925,AREA_15_IMAGES_INPUT_V2_4/monsters/002_m_wooden_dummy_수련용_나무인형/MONSTER_IMAGE.png,c35db2d48e08257067668cb6c65ff97fc0cb2b78546364b93b394566fa371ab4,공식 exact-RUID clip 영상과 INPUT의 실루엣·몸색·얼굴/장비 구성을 직접 대조. 동일 개체로 읽힘. 흰 배경/투명화·동작 프레임 차이는 정체성 불일치로 보지 않음.,D:\maplestory_levup\docs\art\output_audit\runs\20260912_162508_msw_origin_art_review\boards\area_15_source_and_all_frames.png,GIF 전체 프레임 접촉시트; 9f 이상은 source_detail_01..05에서 첫/중간/끝 확대 추가,없음(정체성 확인 범위). attack/hit/die의 모든 별도 clip 및 엔진 렌더 검증은 범위 밖
area_15,m_peach_monkey,원공,peachmonkey,D:\maplestory_levup\RootDesk\MyDesk\Models\Monsters\PeachMonkey.model,4a2a4d31d6a06f1d0f001bba4b91acc02304e842687878d72d7cf552d947ac64,15e255981ed54cf092a136b1526aa055,"{""$type"": ""MOD.Core.MODSyncDictionary`2[[System.String, mscorlib],[System.String, mscorlib]], MOD.Core"", ""stand"": ""15e255981ed54cf092a136b1526aa055"", ""move"": ""357bcaed16cd44adba2806db9ee7a095"", ""jump"": ""435e47aa41674d9aab9282105b0ad067"", ""attack"": ""e8cbb3ec93f1441dba3df2e92036adde"", ""hit"": ""6871dcb02c82431ab4a72f9e29776936"", ""die"": ""c5b1c7e696af4f78a0d86a59866a3eea""}",0,True,True,MSW_ORIGINAL_CONFIRMED,animationclip,"{""ko"": [""원공""]}",GET/POST MSW public v3 resources via validated wrapper,2026-09-12T07:29:16.733Z,D:\maplestory_levup\docs\art\output_audit\runs\20260912_162508_msw_origin_art_review\resource_batch_70.json,https://mod-resource-search-images.dn.nexoncdn.co.kr/maplestory_world/15e255981ed54cf092a136b1526aa055.gif,D:\maplestory_levup\docs\art\output_audit\runs\20260912_162508_msw_origin_art_review\source_copies\15e255981ed54cf092a136b1526aa055.gif,8576a2804271f9395ac55ecfcd460963afeb9c44db418bf8fa057c8d52d4e2de,2026-09-12T07:30:21.325Z,4,4,62c53c285ced4d8aa6bc4ffec6871341|61b63f714e8c46859a619d4d29158509|17ca3f37436148f48ebc31ea4403bfd6|a0d4737319004751af96b2462a9b559f,API does not expose immutable revision; query time + returned metadata + image SHA256 snapshot,D:\maplestory_levup\docs\art\images-input-packages-v2_4\AREA_15_IMAGES_INPUT_V2_4.zip,0e8a8fc2b6c3724ff3a09ea959092ba91c7c49d8f095977b9bfc259d919b7925,AREA_15_IMAGES_INPUT_V2_4/monsters/003_m_peach_monkey_원공/MONSTER_IMAGE.png,672ac19e33efb0adef8638e7c9520e033a7c6e30f4c10078d185914229bbaca3,공식 exact-RUID clip 영상과 INPUT의 실루엣·몸색·얼굴/장비 구성을 직접 대조. 동일 개체로 읽힘. 흰 배경/투명화·동작 프레임 차이는 정체성 불일치로 보지 않음.,D:\maplestory_levup\docs\art\output_audit\runs\20260912_162508_msw_origin_art_review\boards\area_15_source_and_all_frames.png,GIF 전체 프레임 접촉시트; 9f 이상은 source_detail_01..05에서 첫/중간/끝 확대 추가,없음(정체성 확인 범위). attack/hit/die의 모든 별도 clip 및 엔진 렌더 검증은 범위 밖
area_15,m_blue_flower_serpent,청화사,blueflowerserpent,D:\maplestory_levup\RootDesk\MyDesk\Models\Monsters\BlueFlowerSerpent.model,0793996b2b75fa22218c0f2594b69169222cef65325b8425bab3544c9c8f14b8,75dc3d98cc1243298dca02fd708bcb34,"{""$type"": ""MOD.Core.MODSyncDictionary`2[[System.String, mscorlib],[System.String, mscorlib]], MOD.Core"", ""stand"": ""75dc3d98cc1243298dca02fd708bcb34"", ""move"": ""a053c179bc29460da4238fb45bb755f3"", ""hit"": ""b8e6ae0abe8341dda4a2fffe8530d757"", ""die"": ""7be446a08b4d4e6f95dc783806b619a0"", ""attack"": ""a053c179bc29460da4238fb45bb755f3"", ""jump"": ""a053c179bc29460da4238fb45bb755f3""}",0,True,True,MSW_ORIGINAL_CONFIRMED,animationclip,"{""ko"": [""청화사""]}",GET/POST MSW public v3 resources via validated wrapper,2026-09-12T07:29:16.733Z,D:\maplestory_levup\docs\art\output_audit\runs\20260912_162508_msw_origin_art_review\resource_batch_70.json,https://mod-resource-search-images.dn.nexoncdn.co.kr/maplestory_world/75dc3d98cc1243298dca02fd708bcb34.gif,D:\maplestory_levup\docs\art\output_audit\runs\20260912_162508_msw_origin_art_review\source_copies\75dc3d98cc1243298dca02fd708bcb34.gif,58f5397a1e052546ab2bf4481f61fee221fd83888090d12c57f441b86c49d7f5,2026-09-12T07:30:21.465Z,4,4,0403e1f2a11a4243ac5e7fbf10d6e52b|b0dc154cc6b64f458f9faede3f674244|f1f13c654de741c3853d76240a0ada41|84df43880f73449e8c8df00d11cf42ca,API does not expose immutable revision; query time + returned metadata + image SHA256 snapshot,D:\maplestory_levup\docs\art\images-input-packages-v2_4\AREA_15_IMAGES_INPUT_V2_4.zip,0e8a8fc2b6c3724ff3a09ea959092ba91c7c49d8f095977b9bfc259d919b7925,AREA_15_IMAGES_INPUT_V2_4/monsters/004_m_blue_flower_serpent_청화사/MONSTER_IMAGE.png,d7421a8701a5ad31e3e3af5542489a57af56d09c544e163d48a659da651e91d0,공식 exact-RUID clip 영상과 INPUT의 실루엣·몸색·얼굴/장비 구성을 직접 대조. 동일 개체로 읽힘. 흰 배경/투명화·동작 프레임 차이는 정체성 불일치로 보지 않음.,D:\maplestory_levup\docs\art\output_audit\runs\20260912_162508_msw_origin_art_review\boards\area_15_source_and_all_frames.png,GIF 전체 프레임 접촉시트; 9f 이상은 source_detail_01..05에서 첫/중간/끝 확대 추가,없음(정체성 확인 범위). attack/hit/die의 모든 별도 clip 및 엔진 렌더 검증은 범위 밖
area_15,m_tae_roon,태륜,taeroon,D:\maplestory_levup\RootDesk\MyDesk\Models\Monsters\TaeRoon.model,1b61e4be9af9a360ec3a8b96c0aaeb629d76c4654949c9067b466263de512e30,0e1e782401624d7693959777c0b16ebe,"{""$type"": ""MOD.Core.MODSyncDictionary`2[[System.String, mscorlib],[System.String, mscorlib]], MOD.Core"", ""stand"": ""0e1e782401624d7693959777c0b16ebe"", ""move"": ""52eef131b7604e758e7dd92fb803a64e"", ""attack"": ""2979b16c037649adaf543912a4127c77"", ""hit"": ""bd722884c2c245d7b8955fdc6c5d6ebb"", ""die"": ""3c45042f3e544edeadccb1c66061e440"", ""jump"": ""52eef131b7604e758e7dd92fb803a64e""}",0,True,True,MSW_ORIGINAL_CONFIRMED,animationclip,"{""ko"": [""입단시험 교관 태륜"", ""태륜""]}",GET/POST MSW public v3 resources via validated wrapper,2026-09-12T07:29:16.733Z,D:\maplestory_levup\docs\art\output_audit\runs\20260912_162508_msw_origin_art_review\resource_batch_70.json,https://mod-resource-search-images.dn.nexoncdn.co.kr/maplestory_world/0e1e782401624d7693959777c0b16ebe.gif,D:\maplestory_levup\docs\art\output_audit\runs\20260912_162508_msw_origin_art_review\source_copies\0e1e782401624d7693959777c0b16ebe.gif,b2a368a57600c54f263a9de59efa62cde8783040682fb0728a8417a1b36b5417,2026-09-12T07:30:21.500Z,6,6,12689bc5d3bb4431ad9b0dd35c0c3641|194c8af66abe445cbbb78720767e2841|a4fe36adf9dd4b1fa75f5af569516d5f|35b3dda564954925bea74fa4ee4d4efa|92cba0ae2aed45d6ac710069552098f9|559d6fa3bd564d70b1fcfd526c508aed,API does not expose immutable revision; query time + returned metadata + image SHA256 snapshot,D:\maplestory_levup\docs\art\images-input-packages-v2_4\AREA_15_IMAGES_INPUT_V2_4.zip,0e8a8fc2b6c3724ff3a09ea959092ba91c7c49d8f095977b9bfc259d919b7925,AREA_15_IMAGES_INPUT_V2_4/monsters/005_m_tae_roon_태륜/MONSTER_IMAGE.png,f64e011225b8b48ba63dcfe1966b5d927ba4a2d511a657c66d5172fd8e50e2d2,공식 exact-RUID clip 영상과 INPUT의 실루엣·몸색·얼굴/장비 구성을 직접 대조. 동일 개체로 읽힘. 흰 배경/투명화·동작 프레임 차이는 정체성 불일치로 보지 않음.,D:\maplestory_levup\docs\art\output_audit\runs\20260912_162508_msw_origin_art_review\boards\area_15_source_and_all_frames.png,GIF 전체 프레임 접촉시트; 9f 이상은 source_detail_01..05에서 첫/중간/끝 확대 추가,없음(정체성 확인 범위). attack/hit/die의 모든 별도 clip 및 엔진 렌더 검증은 범위 밖
area_16,m_harp,하프,harp,D:\maplestory_levup\RootDesk\MyDesk\Models\Monsters\Harp.model,2e5f7fce0a74f5e485d44146b16f45d4e4f38a47898ad8105839cb358d43e614,96bd8dd2077844d1a0e5ce6b956d94ef,"{""$type"": ""MOD.Core.MODSyncDictionary`2[[System.String, mscorlib],[System.String, mscorlib]], MOD.Core"", ""stand"": ""96bd8dd2077844d1a0e5ce6b956d94ef"", ""move"": ""e9c9f7d1a0a64accb03ff506b72a601e"", ""attack"": ""1905300bd14940469f79033f10279c20"", ""hit"": ""dc78e9c9078e40fc9404156906317117"", ""die"": ""210feaa9536a4638a9c5c2888ebea96e"", ""jump"": ""e9c9f7d1a0a64accb03ff506b72a601e""}",0,True,True,MSW_ORIGINAL_CONFIRMED,animationclip,"{""ko"": [""하프""]}",GET/POST MSW public v3 resources via validated wrapper,2026-09-12T07:29:16.733Z,D:\maplestory_levup\docs\art\output_audit\runs\20260912_162508_msw_origin_art_review\resource_batch_70.json,https://mod-resource-search-images.dn.nexoncdn.co.kr/maplestory_world/96bd8dd2077844d1a0e5ce6b956d94ef.gif,D:\maplestory_levup\docs\art\output_audit\runs\20260912_162508_msw_origin_art_review\source_copies\96bd8dd2077844d1a0e5ce6b956d94ef.gif,34192164ddb62a709550deb553715fba1b28b9e0af10a733d869ca3d5ec801b5,2026-09-12T07:30:21.505Z,6,6,dad2f5d9c3e94958b398d43b667f64f2|4ab84637f665436eb8520bf05777d86d|b175ea3721c94ad39866511a434e0b50|2e9273d4d73d44d2a9a78d2ef1b7e554|ab0f3ad3c79f463b838e8a73f7189bad|c7378e341a8c49faa23a10f0be9aacec,API does not expose immutable revision; query time + returned metadata + image SHA256 snapshot,D:\maplestory_levup\docs\art\images-input-packages-v2_4\AREA_16_IMAGES_INPUT_V2_4.zip,0b586bfba4713d87745f66aa0844cc524530e1d34bcad80cbcbfda6d73eb3ba0,AREA_16_IMAGES_INPUT_V2_4/monsters/001_m_harp_하프/MONSTER_IMAGE.png,7fc5dab6c20f85a4e2c4aa05f009bca8365aa12ee4c3e1d21cf1d82d2be4f8d5,공식 exact-RUID clip 영상과 INPUT의 실루엣·몸색·얼굴/장비 구성을 직접 대조. 동일 개체로 읽힘. 흰 배경/투명화·동작 프레임 차이는 정체성 불일치로 보지 않음.,D:\maplestory_levup\docs\art\output_audit\runs\20260912_162508_msw_origin_art_review\boards\area_16_source_and_all_frames.png,GIF 전체 프레임 접촉시트; 9f 이상은 source_detail_01..05에서 첫/중간/끝 확대 추가,없음(정체성 확인 범위). attack/hit/die의 모든 별도 clip 및 엔진 렌더 검증은 범위 밖
area_16,m_blood_harp,블러드 하프,bloodharp,D:\maplestory_levup\RootDesk\MyDesk\Models\Monsters\BloodHarp.model,9f6d5dfc57bd644714650db17374f15b8ed7c326f6df7179c3683aea46c2cd80,8c2ec5bf58894061a19479ed7545637b,"{""$type"": ""MOD.Core.MODSyncDictionary`2[[System.String, mscorlib],[System.String, mscorlib]], MOD.Core"", ""stand"": ""8c2ec5bf58894061a19479ed7545637b"", ""move"": ""5004df97436a49458160b2c48e9f3748"", ""attack"": ""db9d6c0a6d0b42b6a4032d0cc46a2526"", ""hit"": ""8fed6100596948f5aa8075509117a58f"", ""die"": ""38832c224bdd4fdb8419a011dbc47b67"", ""jump"": ""5004df97436a49458160b2c48e9f3748""}",0,True,True,MSW_ORIGINAL_CONFIRMED,animationclip,"{""ko"": [""블러드 하프""]}",GET/POST MSW public v3 resources via validated wrapper,2026-09-12T07:29:16.733Z,D:\maplestory_levup\docs\art\output_audit\runs\20260912_162508_msw_origin_art_review\resource_batch_70.json,https://mod-resource-search-images.dn.nexoncdn.co.kr/maplestory_world/8c2ec5bf58894061a19479ed7545637b.gif,D:\maplestory_levup\docs\art\output_audit\runs\20260912_162508_msw_origin_art_review\source_copies\8c2ec5bf58894061a19479ed7545637b.gif,19d24bc730a31ecc6e207128c38e9780e6a1b479e57569bc818796401474347a,2026-09-12T07:30:21.521Z,6,6,e3213c957d74459db0c058a52ec47213|432495ffcdd340fd8e2233382a779127|7561d6da6a3a424483d3ad3b1963b553|703f7db4dd5746edb9f98375dfab10cf|f4e393161edb4d1383d190c71c3a3be6|8dba97f91cff499b9cea305632f9adbf,API does not expose immutable revision; query time + returned metadata + image SHA256 snapshot,D:\maplestory_levup\docs\art\images-input-packages-v2_4\AREA_16_IMAGES_INPUT_V2_4.zip,0b586bfba4713d87745f66aa0844cc524530e1d34bcad80cbcbfda6d73eb3ba0,AREA_16_IMAGES_INPUT_V2_4/monsters/002_m_blood_harp_블러드_하프/MONSTER_IMAGE.png,9796964fc17b12de569d125c2bae796cff97b9ee2b092f3af4c52090891a12cf,공식 exact-RUID clip 영상과 INPUT의 실루엣·몸색·얼굴/장비 구성을 직접 대조. 동일 개체로 읽힘. 흰 배경/투명화·동작 프레임 차이는 정체성 불일치로 보지 않음.,D:\maplestory_levup\docs\art\output_audit\runs\20260912_162508_msw_origin_art_review\boards\area_16_source_and_all_frames.png,GIF 전체 프레임 접촉시트; 9f 이상은 source_detail_01..05에서 첫/중간/끝 확대 추가,없음(정체성 확인 범위). attack/hit/die의 모든 별도 clip 및 엔진 렌더 검증은 범위 밖
area_16,m_blue_wyvern,블루 와이번,bluewyvern,D:\maplestory_levup\RootDesk\MyDesk\Models\Monsters\BlueWyvern.model,e1374dc176a09318e21984d4e20a3ef58beb95f18c1dd71f6bbd7fa5e0a43cc7,07bc82953fca4677bc00f74680ec337b,"{""$type"": ""MOD.Core.MODSyncDictionary`2[[System.String, mscorlib],[System.String, mscorlib]], MOD.Core"", ""stand"": ""07bc82953fca4677bc00f74680ec337b"", ""move"": ""40eb0fc11d894ba195a05e5ae7a05e67"", ""attack"": ""4b6d5c9fb23f45419a1e75b4bd8fa492"", ""hit"": ""1f7d6618bba24591a2214757e4a55a0b"", ""die"": ""3a85445ffb80409db7e3fb674b20a127"", ""jump"": ""40eb0fc11d894ba195a05e5ae7a05e67""}",0,True,True,MSW_ORIGINAL_CONFIRMED,animationclip,"{""ko"": [""미니 블루 드래곤"", ""블루 와이번""]}",GET/POST MSW public v3 resources via validated wrapper,2026-09-12T07:29:16.733Z,D:\maplestory_levup\docs\art\output_audit\runs\20260912_162508_msw_origin_art_review\resource_batch_70.json,https://mod-resource-search-images.dn.nexoncdn.co.kr/maplestory_world/07bc82953fca4677bc00f74680ec337b.gif,D:\maplestory_levup\docs\art\output_audit\runs\20260912_162508_msw_origin_art_review\source_copies\07bc82953fca4677bc00f74680ec337b.gif,18a9f7173c5dbabc9ebf2e0a1a23f7062f2f8d85ba9f86c1eef821e1c319d88a,2026-09-12T07:30:21.592Z,6,6,c39f2ef46da64f03be9c85918ce78758|3c5389dc5f3147d285ba8589bcfe3e4d|317b0407614f45e7afaf4fa0ca232dbb|ee094eebbfb145b692cf6caca7bf1dc0|737c9790635c4b1caf0d20ca6fa1de38|f3090e5f7f4b4873aa70a2a22ae3a64b,API does not expose immutable revision; query time + returned metadata + image SHA256 snapshot,D:\maplestory_levup\docs\art\images-input-packages-v2_4\AREA_16_IMAGES_INPUT_V2_4.zip,0b586bfba4713d87745f66aa0844cc524530e1d34bcad80cbcbfda6d73eb3ba0,AREA_16_IMAGES_INPUT_V2_4/monsters/003_m_blue_wyvern_블루_와이번/MONSTER_IMAGE.png,f92376059afd06b522d5c127ce3453b7a1501aeaf583b4c94c611778668e2587,공식 exact-RUID clip 영상과 INPUT의 실루엣·몸색·얼굴/장비 구성을 직접 대조. 동일 개체로 읽힘. 흰 배경/투명화·동작 프레임 차이는 정체성 불일치로 보지 않음.,D:\maplestory_levup\docs\art\output_audit\runs\20260912_162508_msw_origin_art_review\boards\area_16_source_and_all_frames.png,GIF 전체 프레임 접촉시트; 9f 이상은 source_detail_01..05에서 첫/중간/끝 확대 추가,없음(정체성 확인 범위). attack/hit/die의 모든 별도 clip 및 엔진 렌더 검증은 범위 밖
area_16,m_dark_wyvern,다크 와이번,darkwyvern,D:\maplestory_levup\RootDesk\MyDesk\Models\Monsters\DarkWyvern.model,850c48018ff59536a151beb7468fb01d1b0cb30d4352e48f8898c46dfdf9b186,2d932a6e7989426a9856fb5fc2d0e59f,"{""$type"": ""MOD.Core.MODSyncDictionary`2[[System.String, mscorlib],[System.String, mscorlib]], MOD.Core"", ""stand"": ""2d932a6e7989426a9856fb5fc2d0e59f"", ""move"": ""af21747f71154e3392d2669160dceb81"", ""attack"": ""0314573ebc8d43f49e50047bdf28133a"", ""hit"": ""72fecb8b631b44a3969843bca9453130"", ""die"": ""1b59436ee8a34893be13d1ed75104cb1"", ""jump"": ""af21747f71154e3392d2669160dceb81""}",0,True,True,MSW_ORIGINAL_CONFIRMED,animationclip,"{""ko"": [""능력의 다크 와이번"", ""다크 와이번"", ""미니 블랙 드래곤""]}",GET/POST MSW public v3 resources via validated wrapper,2026-09-12T07:29:16.733Z,D:\maplestory_levup\docs\art\output_audit\runs\20260912_162508_msw_origin_art_review\resource_batch_70.json,https://mod-resource-search-images.dn.nexoncdn.co.kr/maplestory_world/2d932a6e7989426a9856fb5fc2d0e59f.gif,D:\maplestory_levup\docs\art\output_audit\runs\20260912_162508_msw_origin_art_review\source_copies\2d932a6e7989426a9856fb5fc2d0e59f.gif,7c3f77106330e1b9243bad3457fa8777d5cae178db96fa9093953f615acfccf9,2026-09-12T07:30:21.583Z,6,6,9160a090b7b84710969ddab797016c98|049dc4600f71487192e1177543e28b9b|a33a844523fc438fb5d9da99b82891d3|1e83994abbfa47b991a67ee7f4f8c8ab|958353b59fe34707b7810188d4035934|017da0bda77043f58735ca3978accfae,API does not expose immutable revision; query time + returned metadata + image SHA256 snapshot,D:\maplestory_levup\docs\art\images-input-packages-v2_4\AREA_16_IMAGES_INPUT_V2_4.zip,0b586bfba4713d87745f66aa0844cc524530e1d34bcad80cbcbfda6d73eb3ba0,AREA_16_IMAGES_INPUT_V2_4/monsters/004_m_dark_wyvern_다크_와이번/MONSTER_IMAGE.png,99cc6e66fc64b7e5bd88cf7125c1e7f816d73777e263df465ebcff55d85b12ef,공식 exact-RUID clip 영상과 INPUT의 실루엣·몸색·얼굴/장비 구성을 직접 대조. 동일 개체로 읽힘. 흰 배경/투명화·동작 프레임 차이는 정체성 불일치로 보지 않음.,D:\maplestory_levup\docs\art\output_audit\runs\20260912_162508_msw_origin_art_review\boards\area_16_source_and_all_frames.png,GIF 전체 프레임 접촉시트; 9f 이상은 source_detail_01..05에서 첫/중간/끝 확대 추가,없음(정체성 확인 범위). attack/hit/die의 모든 별도 clip 및 엔진 렌더 검증은 범위 밖
area_16,m_manon,마뇽,manon,D:\maplestory_levup\RootDesk\MyDesk\Models\Monsters\Manon.model,1713596df416618925c241cc2968f384a0a3c766c56af7ada08d1d0217272dd8,b8cdd7920392456f99272649c7cb7c2d,"{""$type"": ""MOD.Core.MODSyncDictionary`2[[System.String, mscorlib],[System.String, mscorlib]], MOD.Core"", ""stand"": ""b8cdd7920392456f99272649c7cb7c2d"", ""move"": ""7988e04f93f749e39d199da40324bf5f"", ""attack"": ""4aa4b090aa304f898a8f91caeb59d736"", ""hit"": ""1631e67423e247b1bae0bd1183769752"", ""die"": ""a0bde46d583747ba96bc550b2fc00ee6"", ""jump"": ""7988e04f93f749e39d199da40324bf5f""}",0,True,True,MSW_ORIGINAL_CONFIRMED,animationclip,"{""ko"": [""마뇽""]}",GET/POST MSW public v3 resources via validated wrapper,2026-09-12T07:29:16.733Z,D:\maplestory_levup\docs\art\output_audit\runs\20260912_162508_msw_origin_art_review\resource_batch_70.json,https://mod-resource-search-images.dn.nexoncdn.co.kr/maplestory_world/b8cdd7920392456f99272649c7cb7c2d.gif,D:\maplestory_levup\docs\art\output_audit\runs\20260912_162508_msw_origin_art_review\source_copies\b8cdd7920392456f99272649c7cb7c2d.gif,1e9ab303e2e0dd326fef455a0f27613ceb81354503c0c8b283accae2dc5933c9,2026-09-12T07:30:21.658Z,8,8,e70f3ce8aad843b2a48d31de50f6e1c6|78db099d59a64bb699c98c02df621704|9f992cea8a694b06b923ac21cbf2bad9|6f53fdc9745a4f54ac2cacc41ff77865|fd0dac20a4a74d5fb9d841b856650fa3|77ab1d4c522e453896833bc1e6985986|3486f29b7fab40aa99f1e866866a0028|162a32dc82f34aedbd21b3a592c7ce14,API does not expose immutable revision; query time + returned metadata + image SHA256 snapshot,D:\maplestory_levup\docs\art\images-input-packages-v2_4\AREA_16_IMAGES_INPUT_V2_4.zip,0b586bfba4713d87745f66aa0844cc524530e1d34bcad80cbcbfda6d73eb3ba0,AREA_16_IMAGES_INPUT_V2_4/monsters/005_m_manon_마뇽/MONSTER_IMAGE.png,9f2d56a3392ee1ca48b28c8012e7af6d1700930d23377b7ae195353e30ecc271,공식 exact-RUID clip 영상과 INPUT의 실루엣·몸색·얼굴/장비 구성을 직접 대조. 동일 개체로 읽힘. 흰 배경/투명화·동작 프레임 차이는 정체성 불일치로 보지 않음.,D:\maplestory_levup\docs\art\output_audit\runs\20260912_162508_msw_origin_art_review\boards\area_16_source_and_all_frames.png,GIF 전체 프레임 접촉시트; 9f 이상은 source_detail_01..05에서 첫/중간/끝 확대 추가,없음(정체성 확인 범위). attack/hit/die의 모든 별도 clip 및 엔진 렌더 검증은 범위 밖
area_17,m_memory_monk,추억의 사제,memorymonk,D:\maplestory_levup\RootDesk\MyDesk\Models\Monsters\MemoryMonk.model,f6169a2cd2608d8a1ded11c0e956c934406e4891780551e182df5bd576096435,36ff7a667243465caef855b4fb7b9f84,"{""$type"": ""MOD.Core.MODSyncDictionary`2[[System.String, mscorlib],[System.String, mscorlib]], MOD.Core"", ""stand"": ""36ff7a667243465caef855b4fb7b9f84"", ""move"": ""fd234d210d06488cad1fc407a7cbf325"", ""attack"": ""772be412224c42f29650c7516628ae5a"", ""hit"": ""89f5b13f03c94fb997c1df84f1598727"", ""die"": ""c98a45db37bf458d8df01756d60f57e3"", ""jump"": ""fd234d210d06488cad1fc407a7cbf325""}",0,True,True,MSW_ORIGINAL_CONFIRMED,animationclip,"{""ko"": [""추억의 사제""]}",GET/POST MSW public v3 resources via validated wrapper,2026-09-12T07:29:16.733Z,D:\maplestory_levup\docs\art\output_audit\runs\20260912_162508_msw_origin_art_review\resource_batch_70.json,https://mod-resource-search-images.dn.nexoncdn.co.kr/maplestory_world/36ff7a667243465caef855b4fb7b9f84.gif,D:\maplestory_levup\docs\art\output_audit\runs\20260912_162508_msw_origin_art_review\source_copies\36ff7a667243465caef855b4fb7b9f84.gif,26a7a0ba5837c275d421a044fdba88344493cf3499e54f6dcf613d0e98db9b6f,2026-09-12T07:30:21.666Z,12,12,b4ffe78ec34b4473b0148fff57f8eec5|a766a21abe6c4a229394858d335f46fb|3d72157286a74a7baf538a16619c0372|9d213f16ceda4b8db46bb2361a668bc4|3da0286ce2144975a0b890917b652424|25ba4cb49e524b8bbedb02f45abe9282|f6bbf4e523004061b95c74e2cca8e342|ed68d3291a42429ea670f0cebca08dc8|f8e8fbbcb5e34b6aa7b02f8f89d5a944|5752501669a541e58bddf16a254a121f|9d1b5bad444e4348b0d156d1479c2244|04bcda302c9b46e6afda3133860278c5,API does not expose immutable revision; query time + returned metadata + image SHA256 snapshot,D:\maplestory_levup\docs\art\images-input-packages-v2_4\AREA_17_IMAGES_INPUT_V2_4.zip,6a7fb8791df166b3e4f3085d02b2c3cf34b05be8490b258dd8b78be0c8252392,AREA_17_IMAGES_INPUT_V2_4/monsters/001_m_memory_monk_추억의_사제/MONSTER_IMAGE.png,343e1bdd7b13d2a81b58e8bf12d7ea0e604a4841968653cbcdd10ca58d27739d,공식 exact-RUID clip 영상과 INPUT의 실루엣·몸색·얼굴/장비 구성을 직접 대조. 동일 개체로 읽힘. 흰 배경/투명화·동작 프레임 차이는 정체성 불일치로 보지 않음.,D:\maplestory_levup\docs\art\output_audit\runs\20260912_162508_msw_origin_art_review\boards\area_17_source_and_all_frames.png,GIF 전체 프레임 접촉시트; 9f 이상은 source_detail_01..05에서 첫/중간/끝 확대 추가,없음(정체성 확인 범위). attack/hit/die의 모든 별도 clip 및 엔진 렌더 검증은 범위 밖
area_17,m_memory_monk_trainee,추억의 신관,memorymonktrainee,D:\maplestory_levup\RootDesk\MyDesk\Models\Monsters\MemoryMonkTrainee.model,9771a6fa30ca4fb2767d73d287f59bd8e83704ea92216d5c1b3e53da717593c1,699e78db5d3a48578388d33dc333258a,"{""$type"": ""MOD.Core.MODSyncDictionary`2[[System.String, mscorlib],[System.String, mscorlib]], MOD.Core"", ""stand"": ""699e78db5d3a48578388d33dc333258a"", ""move"": ""d3af70dfe4684b4e9e612c708c9b7ded"", ""attack"": ""8bcc2a487906467898899156de0f6ec5"", ""hit"": ""589f9d5fc7c4474d9e7659e1c3d77c18"", ""die"": ""e3ffbd3d98fa45d4acc94aeb42b771d6"", ""jump"": ""d3af70dfe4684b4e9e612c708c9b7ded""}",0,True,True,MSW_ORIGINAL_CONFIRMED,animationclip,"{""ko"": [""추억의 신관""]}",GET/POST MSW public v3 resources via validated wrapper,2026-09-12T07:29:16.733Z,D:\maplestory_levup\docs\art\output_audit\runs\20260912_162508_msw_origin_art_review\resource_batch_70.json,https://mod-resource-search-images.dn.nexoncdn.co.kr/maplestory_world/699e78db5d3a48578388d33dc333258a.gif,D:\maplestory_levup\docs\art\output_audit\runs\20260912_162508_msw_origin_art_review\source_copies\699e78db5d3a48578388d33dc333258a.gif,ebf84c86c8f52bdb039cf122b172e2e2cc1a264197f3b30548f99acbfd1e14d3,2026-09-12T07:30:21.870Z,12,12,a9017baa48bb4e90a3beef2e3e4116b9|9a7bb56f017e401caa86cb76d094ba27|edc54b0371d34cfea5037bcfcda7893a|e266991c2acc4e12a5f5c3c4f2db5c73|c10fabd8a120445796394b6c2bdc05b6|4500946ef74944a0b9f14307f0b3aee2|5e17cfbb5a4b4f2c910f021a6972d249|486f1e4b93474dd99be112020d536f11|0a1a3d0664694b8e80356792ffad9296|50ae2922f050464496fdca954fabd9c1|f0f71c8640ca4bb8baf12143f9358513|01993f6a9aac4b2ea2403c4e401d352c,API does not expose immutable revision; query time + returned metadata + image SHA256 snapshot,D:\maplestory_levup\docs\art\images-input-packages-v2_4\AREA_17_IMAGES_INPUT_V2_4.zip,6a7fb8791df166b3e4f3085d02b2c3cf34b05be8490b258dd8b78be0c8252392,AREA_17_IMAGES_INPUT_V2_4/monsters/002_m_memory_monk_trainee_추억의_신관/MONSTER_IMAGE.png,0d4ad6317b9fdb870ca9d9ce473431b3b9200e018cc8ccf837ffdc831016febe,공식 exact-RUID clip 영상과 INPUT의 실루엣·몸색·얼굴/장비 구성을 직접 대조. 동일 개체로 읽힘. 흰 배경/투명화·동작 프레임 차이는 정체성 불일치로 보지 않음.,D:\maplestory_levup\docs\art\output_audit\runs\20260912_162508_msw_origin_art_review\boards\area_17_source_and_all_frames.png,GIF 전체 프레임 접촉시트; 9f 이상은 source_detail_01..05에서 첫/중간/끝 확대 추가,없음(정체성 확인 범위). attack/hit/die의 모든 별도 clip 및 엔진 렌더 검증은 범위 밖
area_17,m_memory_guardian,추억의 수호병,memoryguardian,D:\maplestory_levup\RootDesk\MyDesk\Models\Monsters\MemoryGuardian.model,f4ebd1bf68d67de7c60a65fce7ee02ad85b05d1d3aec91f332edd163c01fb7d7,0b258556de2e401e97014ae48fe96b7a,"{""$type"": ""MOD.Core.MODSyncDictionary`2[[System.String, mscorlib],[System.String, mscorlib]], MOD.Core"", ""stand"": ""0b258556de2e401e97014ae48fe96b7a"", ""move"": ""caed0eac916246ccb12cb6a3ece69c69"", ""attack"": ""5b67cc032d424a6fa3a06c41e0dde524"", ""hit"": ""6612cfc3ce9a4ec4949dc80a586fc2c9"", ""die"": ""b1f381ce7a10421eafb1a7b1c1a834bc"", ""jump"": ""caed0eac916246ccb12cb6a3ece69c69""}",0,True,True,MSW_ORIGINAL_CONFIRMED,animationclip,"{""ko"": [""추억의 수호병""]}",GET/POST MSW public v3 resources via validated wrapper,2026-09-12T07:29:16.733Z,D:\maplestory_levup\docs\art\output_audit\runs\20260912_162508_msw_origin_art_review\resource_batch_70.json,https://mod-resource-search-images.dn.nexoncdn.co.kr/maplestory_world/0b258556de2e401e97014ae48fe96b7a.gif,D:\maplestory_levup\docs\art\output_audit\runs\20260912_162508_msw_origin_art_review\source_copies\0b258556de2e401e97014ae48fe96b7a.gif,702bb6b6cca0c756856e849cb288196fe4f3d5082123d4ae11187478b62e8146,2026-09-12T07:30:21.831Z,12,12,bd3744aab499445a945465130f7c9a06|5d448d0c52bf4fbcb8754b8b5ebf128f|70d3b3b018224e8cacd817bef6b65228|6decc69eda5c4bc79aa54e36bfb26a24|ddbca0f5fb4a4655943762feb3dffd88|901b0ca516e34178b97d506df2462776|0084d3de0a5f4c48a6083dbfcc1d5bdf|2865c5842fb944e7b824cdb5628c424e|e8529c1052294ce5a320d09d87d9d5c3|96cbf09aa2ac4166b517d038440d1bc6|43ea5db089ab4bc1b1bb14a9d2d2fa6e|e56cfcbc090a42e1949a03b297eae6e9,API does not expose immutable revision; query time + returned metadata + image SHA256 snapshot,D:\maplestory_levup\docs\art\images-input-packages-v2_4\AREA_17_IMAGES_INPUT_V2_4.zip,6a7fb8791df166b3e4f3085d02b2c3cf34b05be8490b258dd8b78be0c8252392,AREA_17_IMAGES_INPUT_V2_4/monsters/003_m_memory_guardian_추억의_수호병/MONSTER_IMAGE.png,56ccd51c51ef311e705c92242aa4315cc287a48ef063639d5c4993e69f43cbc6,공식 exact-RUID clip 영상과 INPUT의 실루엣·몸색·얼굴/장비 구성을 직접 대조. 동일 개체로 읽힘. 흰 배경/투명화·동작 프레임 차이는 정체성 불일치로 보지 않음.,D:\maplestory_levup\docs\art\output_audit\runs\20260912_162508_msw_origin_art_review\boards\area_17_source_and_all_frames.png,GIF 전체 프레임 접촉시트; 9f 이상은 source_detail_01..05에서 첫/중간/끝 확대 추가,없음(정체성 확인 범위). attack/hit/die의 모든 별도 clip 및 엔진 렌더 검증은 범위 밖
area_17,m_chief_memory_guardian,추억의 수호대장,chiefmemoryguardian,D:\maplestory_levup\RootDesk\MyDesk\Models\Monsters\ChiefMemoryGuardian.model,2ca0e69800e1e09cde34c08a6d7ed270adab1defe24de8cd3e0571590946284c,de30bc44af34409eb14d46100dc4e48e,"{""$type"": ""MOD.Core.MODSyncDictionary`2[[System.String, mscorlib],[System.String, mscorlib]], MOD.Core"", ""stand"": ""de30bc44af34409eb14d46100dc4e48e"", ""move"": ""f7bc51a56e2e492186a3c82b3528484e"", ""attack"": ""78ba02dfc1e54b619739f4e36eb1cc77"", ""hit"": ""e6afbf8ceb1c45a6a1e74f885bdb0c0c"", ""die"": ""97f9174f91bb445fb0668293f79cb0f3"", ""jump"": ""f7bc51a56e2e492186a3c82b3528484e""}",0,True,True,MSW_ORIGINAL_CONFIRMED,animationclip,"{""ko"": [""추억의 수호대장""]}",GET/POST MSW public v3 resources via validated wrapper,2026-09-12T07:29:16.733Z,D:\maplestory_levup\docs\art\output_audit\runs\20260912_162508_msw_origin_art_review\resource_batch_70.json,https://mod-resource-search-images.dn.nexoncdn.co.kr/maplestory_world/de30bc44af34409eb14d46100dc4e48e.gif,D:\maplestory_levup\docs\art\output_audit\runs\20260912_162508_msw_origin_art_review\source_copies\de30bc44af34409eb14d46100dc4e48e.gif,37bb7913b47371d0cfeb343c1c3a5389ff67c565df9b21a597f2051cea97bc38,2026-09-12T07:30:21.875Z,12,12,5643eb64344d44318f72ddf68d7e3149|5572b2126ed146daa0d825e0753c45b7|77ae4bfc3e4849b0b4edd15c3e31489e|5b57b8410bdb4fb691ab2dfb0cbc5aca|8c919148d3b64f8c860d9e7e23616327|c9eea06a12604055bf8a4d079f69a77a|3a161e3c43704f20b46d0d3a47686f7e|2c55da5b58e547629d66c7a471af92d9|3aa1a089804e44168686fe01a39e80c3|4d6e81672dd44384bd29f1c2920ef1ee|149e48ab8bce405abc6b8998bca586a4|db6b218d0a3c489580238fbd6a96a561,API does not expose immutable revision; query time + returned metadata + image SHA256 snapshot,D:\maplestory_levup\docs\art\images-input-packages-v2_4\AREA_17_IMAGES_INPUT_V2_4.zip,6a7fb8791df166b3e4f3085d02b2c3cf34b05be8490b258dd8b78be0c8252392,AREA_17_IMAGES_INPUT_V2_4/monsters/004_m_chief_memory_guardian_추억의_수호대장/MONSTER_IMAGE.png,d1cfc9a3734ae0e7a060b19c47cb45b9425fb2f0138f26af1997e918763f107a,공식 exact-RUID clip 영상과 INPUT의 실루엣·몸색·얼굴/장비 구성을 직접 대조. 동일 개체로 읽힘. 흰 배경/투명화·동작 프레임 차이는 정체성 불일치로 보지 않음.,D:\maplestory_levup\docs\art\output_audit\runs\20260912_162508_msw_origin_art_review\boards\area_17_source_and_all_frames.png,GIF 전체 프레임 접촉시트; 9f 이상은 source_detail_01..05에서 첫/중간/끝 확대 추가,없음(정체성 확인 범위). attack/hit/die의 모든 별도 clip 및 엔진 렌더 검증은 범위 밖
area_17,m_dodo,도도,dodo,D:\maplestory_levup\RootDesk\MyDesk\Models\Monsters\Dodo.model,5168bce3ac5ac43a046341ea4aa3d7d75a771769a9bd00f46ae104bdc2df97a9,2d63f90f9d464f7192713ad9209e9e63,"{""$type"": ""MOD.Core.MODSyncDictionary`2[[System.String, mscorlib],[System.String, mscorlib]], MOD.Core"", ""stand"": ""2d63f90f9d464f7192713ad9209e9e63"", ""move"": ""a247729732f0464f85bd2842d5c064a3"", ""attack"": ""a75f362f66ca44f59d02819b21b814c9"", ""hit"": ""71860db25d9f490db35856503a32b77f"", ""die"": ""a1881289fff94a54a817044e59cadd1c"", ""jump"": ""a247729732f0464f85bd2842d5c064a3""}",0,True,True,MSW_ORIGINAL_CONFIRMED,animationclip,"{""ko"": [""도도"", ""자격의 도도""]}",GET/POST MSW public v3 resources via validated wrapper,2026-09-12T07:29:16.733Z,D:\maplestory_levup\docs\art\output_audit\runs\20260912_162508_msw_origin_art_review\resource_batch_70.json,https://mod-resource-search-images.dn.nexoncdn.co.kr/maplestory_world/2d63f90f9d464f7192713ad9209e9e63.gif,D:\maplestory_levup\docs\art\output_audit\runs\20260912_162508_msw_origin_art_review\source_copies\2d63f90f9d464f7192713ad9209e9e63.gif,e77362515cd359c78429007169d4d831b0625768a461d1948593c2008d1d23e3,2026-09-12T07:30:21.904Z,8,8,f337bebc38074bc18ea2b81498e5f9b3|256c0de6b21c425cbd8425ae78a9ad07|10005829c3ce44aeaf6f2174382c339e|0dac982ff4154aa38cfead79b2c4ab5b|45c00ee8785b4a22866914636e089ce2|4545c6ced9764e2db650cb1e646c84c7|ae34caeb2cb64da6abfe62467aeb6552|0c802e18361c4957af1a32cc55ba3996,API does not expose immutable revision; query time + returned metadata + image SHA256 snapshot,D:\maplestory_levup\docs\art\images-input-packages-v2_4\AREA_17_IMAGES_INPUT_V2_4.zip,6a7fb8791df166b3e4f3085d02b2c3cf34b05be8490b258dd8b78be0c8252392,AREA_17_IMAGES_INPUT_V2_4/monsters/005_m_dodo_도도/MONSTER_IMAGE.png,6833204e847f7adc339c56e264abbb6d18bda6ae746fd5d3733eceab28fffa2d,공식 exact-RUID clip 영상과 INPUT의 실루엣·몸색·얼굴/장비 구성을 직접 대조. 동일 개체로 읽힘. 흰 배경/투명화·동작 프레임 차이는 정체성 불일치로 보지 않음.,D:\maplestory_levup\docs\art\output_audit\runs\20260912_162508_msw_origin_art_review\boards\area_17_source_and_all_frames.png,GIF 전체 프레임 접촉시트; 9f 이상은 source_detail_01..05에서 첫/중간/끝 확대 추가,없음(정체성 확인 범위). attack/hit/die의 모든 별도 clip 및 엔진 렌더 검증은 범위 밖
area_18,m_mateon,마티안,mateon,D:\maplestory_levup\RootDesk\MyDesk\Models\Monsters\Mateon.model,48f7f342f4ef9166d4c44a904b6e7b27197a55792cd225a735ac3c18e0da37b0,53043af9433844258a090f3b231ce39f,"{""$type"": ""MOD.Core.MODSyncDictionary`2[[System.String, mscorlib],[System.String, mscorlib]], MOD.Core"", ""stand"": ""53043af9433844258a090f3b231ce39f"", ""move"": ""56d71f4c4ce847a6a1e902fd6261cfc2"", ""jump"": ""0e4604a877d7478b8f4b4ef35ad286b8"", ""attack"": ""602cff2920344442b04610b2a049b4b1"", ""hit"": ""9387c56817b8472a959e25ecc5a78abb"", ""die"": ""2b7c019271214ee690cbbb0e6342fbf8""}",0,True,True,MSW_ORIGINAL_CONFIRMED,animationclip,"{""ko"": [""마티안"", ""스페이스 마티안"", ""추억의 마티안""]}",GET/POST MSW public v3 resources via validated wrapper,2026-09-12T07:29:16.733Z,D:\maplestory_levup\docs\art\output_audit\runs\20260912_162508_msw_origin_art_review\resource_batch_70.json,https://mod-resource-search-images.dn.nexoncdn.co.kr/maplestory_world/53043af9433844258a090f3b231ce39f.gif,D:\maplestory_levup\docs\art\output_audit\runs\20260912_162508_msw_origin_art_review\source_copies\53043af9433844258a090f3b231ce39f.gif,80d3671b7646f398015e4f17c8794defda4d4bd7a1d9ce242a0c09bc6b5c64ae,2026-09-12T07:30:21.975Z,21,21,2b9c0823e5c14c4bb448c735ac5dba7f|5eff70c2b1ae4075a3aadeaffb214b9f|e0ebf1d4ef3d427981789329c166f45c|341f8367962748e482b6482d73c6dae5|21a8a7d4ee514b1c908fcf8b93b92515|377e6dff0c2e4f4cacc060e55dea09f9|aa6bd3a47b40495183dca6ce3075c04a|d7326d98d94049e5907c69176c2fc337|2bb35e054e024256acf4b4e0b014d7d5|9137535198494e1d9781c12e46adf9aa|d12d050a1d5f468b8c76076c53253cf7|34b113fea5ab47c9aedf28b7d2d4aa77|fe1fc9ff7e064525871f4b67aee72d08|1f1a74cac5774fb38f24c931ee43376a|162fe02c3178474c97bc3718a3a22a7c|0ae97caa528149958056397dc0a73d08|b619153384214156a5a3db19427c0916|bf0ddc2d7d9347b18a567dd0babaff84|c5661820e1a548e9a3121d0e07ac5789|c5d834161e9b44688521c0b7cf879896|8110d8caefba4ec3b11bdf4b353592d6,API does not expose immutable revision; query time + returned metadata + image SHA256 snapshot,D:\maplestory_levup\docs\art\images-input-packages-v2_4\AREA_18_IMAGES_INPUT_V2_4.zip,5cc2ff3fd23eede6928d0db178a46fb0273d7406fe649365edcbde06b9204ffe,AREA_18_IMAGES_INPUT_V2_4/monsters/001_m_mateon_마티안/MONSTER_IMAGE.png,55c6e74e37221b644ae5e408f3676035eef92e46689a896d4b1cc899dae1a3fa,공식 exact-RUID clip 영상과 INPUT의 실루엣·몸색·얼굴/장비 구성을 직접 대조. 동일 개체로 읽힘. 흰 배경/투명화·동작 프레임 차이는 정체성 불일치로 보지 않음.,D:\maplestory_levup\docs\art\output_audit\runs\20260912_162508_msw_origin_art_review\boards\area_18_source_and_all_frames.png,GIF 전체 프레임 접촉시트; 9f 이상은 source_detail_01..05에서 첫/중간/끝 확대 추가,없음(정체성 확인 범위). attack/hit/die의 모든 별도 clip 및 엔진 렌더 검증은 범위 밖
area_18,m_plateon,플라티안,plateon,D:\maplestory_levup\RootDesk\MyDesk\Models\Monsters\Plateon.model,bd6fd3fd7cfb6f199b61bec198dfc1c8b49e4e5e9be86a9ce3f809bb56806655,e03cf5ce06784947b45ce95afb70927c,"{""$type"": ""MOD.Core.MODSyncDictionary`2[[System.String, mscorlib],[System.String, mscorlib]], MOD.Core"", ""stand"": ""e03cf5ce06784947b45ce95afb70927c"", ""move"": ""465e3bc6e1824abead268d7fd6f74568"", ""jump"": ""35feb7c870e1416d8abf8f6d64677070"", ""hit"": ""dbd09fceaf9548fda4949f30134ca6c5"", ""die"": ""b2c2e471a69c42d8b20fd61ee8e94da1"", ""attack"": ""465e3bc6e1824abead268d7fd6f74568""}",0,True,True,MSW_ORIGINAL_CONFIRMED,animationclip,"{""ko"": [""추억의 플라티안"", ""플라티안""]}",GET/POST MSW public v3 resources via validated wrapper,2026-09-12T07:29:16.733Z,D:\maplestory_levup\docs\art\output_audit\runs\20260912_162508_msw_origin_art_review\resource_batch_70.json,https://mod-resource-search-images.dn.nexoncdn.co.kr/maplestory_world/e03cf5ce06784947b45ce95afb70927c.gif,D:\maplestory_levup\docs\art\output_audit\runs\20260912_162508_msw_origin_art_review\source_copies\e03cf5ce06784947b45ce95afb70927c.gif,939eca6f24e8277da86119e3b223df61c975eaa7dd6066ad4b314dbd44692f61,2026-09-12T07:30:21.963Z,16,16,af3de442ebcd46f4b89f28cbad470c1c|37228e2b0479435b98b97f5c1f2990e4|01d06c9c3cd641eba28efe44a0b423f4|d99abbb81576400c9b14f2abf2017580|199d607df7fa4260aeea4e62a0e1c565|4e4708968c754176a5f51de7958164f6|f75fd877757744abae2b1426738548f2|e7d7fd566b2a43728a71b6fc430b138e|fe0b4dae7e59444fa5fbef131e23dd38|cb0626c6e97a40c0a9b46fcf218deb25|9ab1771cb9aa4224ac3e42c42c2c3223|10d661d8f733450fb78e1eb52e2fe268|cad7739b84f34bfbaf22359657da023c|654252e1caf84039ac7a891d26cb0ffd|cc546c2736b14d2d8d34814e05aac69c|bf954cdeb6e24000b5d69d425f26c818,API does not expose immutable revision; query time + returned metadata + image SHA256 snapshot,D:\maplestory_levup\docs\art\images-input-packages-v2_4\AREA_18_IMAGES_INPUT_V2_4.zip,5cc2ff3fd23eede6928d0db178a46fb0273d7406fe649365edcbde06b9204ffe,AREA_18_IMAGES_INPUT_V2_4/monsters/002_m_plateon_플라티안/MONSTER_IMAGE.png,40081edd846418035956ff6404e1546c23d50963e5173590fe997da4edb0576e,공식 exact-RUID clip 영상과 INPUT의 실루엣·몸색·얼굴/장비 구성을 직접 대조. 동일 개체로 읽힘. 흰 배경/투명화·동작 프레임 차이는 정체성 불일치로 보지 않음.,D:\maplestory_levup\docs\art\output_audit\runs\20260912_162508_msw_origin_art_review\boards\area_18_source_and_all_frames.png,GIF 전체 프레임 접촉시트; 9f 이상은 source_detail_01..05에서 첫/중간/끝 확대 추가,없음(정체성 확인 범위). attack/hit/die의 모든 별도 clip 및 엔진 렌더 검증은 범위 밖
area_18,m_mecateon,메카티안,mecateon,D:\maplestory_levup\RootDesk\MyDesk\Models\Monsters\Mecateon.model,7f3326967d44a5be7ff378f8e9d939d2efff123de2c65e63d90b56a60dd7176d,1509ce195a5c49a0aea5f9b189ce7edb,"{""$type"": ""MOD.Core.MODSyncDictionary`2[[System.String, mscorlib],[System.String, mscorlib]], MOD.Core"", ""stand"": ""1509ce195a5c49a0aea5f9b189ce7edb"", ""move"": ""00b4d8621703451eb8a270c42ab72f43"", ""jump"": ""535956131d9c4485bd03e5b3ca43aa87"", ""attack"": ""c2071e541a104a0c89008f585c8c0f7b"", ""hit"": ""0a8252e6a9a24484b8f44bde22612292"", ""die"": ""7dd53147ea9c45e5a5c0b7723c704404""}",0,True,True,MSW_ORIGINAL_CONFIRMED,animationclip,"{""ko"": [""메카티안""]}",GET/POST MSW public v3 resources via validated wrapper,2026-09-12T07:29:16.733Z,D:\maplestory_levup\docs\art\output_audit\runs\20260912_162508_msw_origin_art_review\resource_batch_70.json,https://mod-resource-search-images.dn.nexoncdn.co.kr/maplestory_world/1509ce195a5c49a0aea5f9b189ce7edb.gif,D:\maplestory_levup\docs\art\output_audit\runs\20260912_162508_msw_origin_art_review\source_copies\1509ce195a5c49a0aea5f9b189ce7edb.gif,b8539a892275eafda8b14e3d47a4d6293799b140475006967f99f0fd0ec6ba61,2026-09-12T07:30:22.131Z,16,16,eeb58947db034d1aaca1170132295458|29a61575c1644be68dc155bbe1811303|3509d90ba67f4021aadbe4c8d59b4f32|fe0e97f38a784c59b473f7f3e1a368e5|f14f176a0fdf4f34a93cc40e9355a5b8|32aa5ff57ce74fb39d09f72484e7934d|c436537917b54d30bdc1c3f233218db4|00ca1b89138d4656939932bdd8c7718f|f70b0ceff6ae4a53a3c511b223bf2737|9a082bc70b38447a8eb19b9c64fcd0fa|51a7c1f247e847b6967326360fc4e05f|c3662b5639bb42fb832df26e2e786418|777a3145a2eb477bb20e3f267d8d7f1a|8d8b099be2f843fb8afc13dea8833a28|8b41dcc56fd444f4b53f02339308d3cf|dd411d5fbb53468e9c16e06b11988755,API does not expose immutable revision; query time + returned metadata + image SHA256 snapshot,D:\maplestory_levup\docs\art\images-input-packages-v2_4\AREA_18_IMAGES_INPUT_V2_4.zip,5cc2ff3fd23eede6928d0db178a46fb0273d7406fe649365edcbde06b9204ffe,AREA_18_IMAGES_INPUT_V2_4/monsters/003_m_mecateon_메카티안/MONSTER_IMAGE.png,5a64fe007c70fef4750f267ef87a1142eb78978535858bad33c79345bd404d50,공식 exact-RUID clip 영상과 INPUT의 실루엣·몸색·얼굴/장비 구성을 직접 대조. 동일 개체로 읽힘. 흰 배경/투명화·동작 프레임 차이는 정체성 불일치로 보지 않음.,D:\maplestory_levup\docs\art\output_audit\runs\20260912_162508_msw_origin_art_review\boards\area_18_source_and_all_frames.png,GIF 전체 프레임 접촉시트; 9f 이상은 source_detail_01..05에서 첫/중간/끝 확대 추가,없음(정체성 확인 범위). attack/hit/die의 모든 별도 clip 및 엔진 렌더 검증은 범위 밖
area_18,m_chief_gray,원로 그레이,chiefgray,D:\maplestory_levup\RootDesk\MyDesk\Models\Monsters\ChiefGray.model,deb79440a34842ff63685758706e65d3ae23f5d806d986289a3ff53b9892a5b1,48027185a78d470da83199b478bed48b,"{""$type"": ""MOD.Core.MODSyncDictionary`2[[System.String, mscorlib],[System.String, mscorlib]], MOD.Core"", ""stand"": ""48027185a78d470da83199b478bed48b"", ""move"": ""9e024a03a30d4849b44f4629daad36ef"", ""jump"": ""b023d827072f4b3685aa8fdf2fa5cd1c"", ""attack"": ""8625f898b6ac48e69acbadac5095d874"", ""hit"": ""0fb2b63822d04efd8498e7b59578dd2d"", ""die"": ""14f98ce0b9a74206839c946ca7c96a0f""}",0,True,True,MSW_ORIGINAL_CONFIRMED,animationclip,"{""ko"": [""원로 그레이"", ""원로그레이""]}",GET/POST MSW public v3 resources via validated wrapper,2026-09-12T07:29:16.733Z,D:\maplestory_levup\docs\art\output_audit\runs\20260912_162508_msw_origin_art_review\resource_batch_70.json,https://mod-resource-search-images.dn.nexoncdn.co.kr/maplestory_world/48027185a78d470da83199b478bed48b.gif,D:\maplestory_levup\docs\art\output_audit\runs\20260912_162508_msw_origin_art_review\source_copies\48027185a78d470da83199b478bed48b.gif,83c0482984c13a6da15e0febd6aa17cc0f52d4082a9ede4c6d7588304f5d6202,2026-09-12T07:30:22.166Z,13,13,55ad8fe19f7c485a80c7e7c1ae576fac|4809c2c294ef410992236cd12b2eb829|513065dd6d6644b1b853c71cf61f3132|a714c787636f4db6a3ef0e9a07f9cdb2|e7ab3752da7c44099a6c1f4c5060f1e7|03decacdbe5346679266265042830ddb|950857379d664387ab8413f1010273a0|8f32f3584eff4a8eab06b2479d677666|b000c1cc37e8477c9e0ec7dc9f3b3899|a4a8ed273c1740f2af9dacd6fd3513a5|8767229c5b084576bbc60ccace1f4b22|ca1b8e9e100842f1a18e49e94a8c4391|342a06e313fe4f6292202249a0fefafe,API does not expose immutable revision; query time + returned metadata + image SHA256 snapshot,D:\maplestory_levup\docs\art\images-input-packages-v2_4\AREA_18_IMAGES_INPUT_V2_4.zip,5cc2ff3fd23eede6928d0db178a46fb0273d7406fe649365edcbde06b9204ffe,AREA_18_IMAGES_INPUT_V2_4/monsters/004_m_chief_gray_원로_그레이/MONSTER_IMAGE.png,f96d45caba501952a4c783a85698c7e4c05c2a3d855873a03ae3ac7f44f4a517,공식 exact-RUID clip 영상과 INPUT의 실루엣·몸색·얼굴/장비 구성을 직접 대조. 동일 개체로 읽힘. 흰 배경/투명화·동작 프레임 차이는 정체성 불일치로 보지 않음.,D:\maplestory_levup\docs\art\output_audit\runs\20260912_162508_msw_origin_art_review\boards\area_18_source_and_all_frames.png,GIF 전체 프레임 접촉시트; 9f 이상은 source_detail_01..05에서 첫/중간/끝 확대 추가,없음(정체성 확인 범위). attack/hit/die의 모든 별도 clip 및 엔진 렌더 검증은 범위 밖
area_18,m_zeno,제노,zeno,D:\maplestory_levup\RootDesk\MyDesk\Models\Monsters\Zeno.model,b8095a99d7fa4d44b29e4c5b3f15d326ab91b27e4da6df889c99a40f30632688,689bc520bc2544abb62ec505ca91aab4,"{""$type"": ""MOD.Core.MODSyncDictionary`2[[System.String, mscorlib],[System.String, mscorlib]], MOD.Core"", ""stand"": ""689bc520bc2544abb62ec505ca91aab4"", ""move"": ""6f1f55e91a08410e8de6599d99333caa"", ""attack"": ""7585c76a06bb49628b0a137729dd3ef6"", ""hit"": ""80f1eba683554d40b8dc1ba7fbbe8770"", ""die"": ""59339a39fac74c448835042516162e1b"", ""jump"": ""6f1f55e91a08410e8de6599d99333caa""}",0,True,True,MSW_ORIGINAL_CONFIRMED,animationclip,"{""ko"": [""제노""]}",GET/POST MSW public v3 resources via validated wrapper,2026-09-12T07:29:16.733Z,D:\maplestory_levup\docs\art\output_audit\runs\20260912_162508_msw_origin_art_review\resource_batch_70.json,https://mod-resource-search-images.dn.nexoncdn.co.kr/maplestory_world/689bc520bc2544abb62ec505ca91aab4.gif,D:\maplestory_levup\docs\art\output_audit\runs\20260912_162508_msw_origin_art_review\source_copies\689bc520bc2544abb62ec505ca91aab4.gif,95e4441f8c161569e5458ab8e6ef808f2837203560730585f365d279d752609d,2026-09-12T07:30:22.158Z,6,6,e18ffd231d8b40d199746d0975b05d40|e1446e94f95345279a844d35e6f50892|1985ff4724824a0fb590c97b483e29dd|efde6e1f69804241b075f64b663f46f6|8b820e5cc1234a00b86804f5c3f87988|0098aaedbe6c415287a787b7e60daa15,API does not expose immutable revision; query time + returned metadata + image SHA256 snapshot,D:\maplestory_levup\docs\art\images-input-packages-v2_4\AREA_18_IMAGES_INPUT_V2_4.zip,5cc2ff3fd23eede6928d0db178a46fb0273d7406fe649365edcbde06b9204ffe,AREA_18_IMAGES_INPUT_V2_4/monsters/005_m_zeno_제노/MONSTER_IMAGE.png,23403efbfe798399ecbc1e0d387af9c6f35f8155cb66d5b9b4553171dd55fb36,공식 exact-RUID clip 영상과 INPUT의 실루엣·몸색·얼굴/장비 구성을 직접 대조. 동일 개체로 읽힘. 흰 배경/투명화·동작 프레임 차이는 정체성 불일치로 보지 않음.,D:\maplestory_levup\docs\art\output_audit\runs\20260912_162508_msw_origin_art_review\boards\area_18_source_and_all_frames.png,GIF 전체 프레임 접촉시트; 9f 이상은 source_detail_01..05에서 첫/중간/끝 확대 추가,없음(정체성 확인 범위). attack/hit/die의 모든 별도 clip 및 엔진 렌더 검증은 범위 밖
area_19,m_official_knight_c,정식기사 C,officialknightc,D:\maplestory_levup\RootDesk\MyDesk\Models\Monsters\OfficialKnightC.model,012d577001c25dc9f59854a35b6f872989c51fda62859fb847f9a9a9d3c0d258,da57403b50694b12bf0e19aa3a64112d,"{""$type"": ""MOD.Core.MODSyncDictionary`2[[System.String, mscorlib],[System.String, mscorlib]], MOD.Core"", ""stand"": ""da57403b50694b12bf0e19aa3a64112d"", ""move"": ""76bb745cedb3433c82f224ad384d6bf9"", ""attack"": ""aaac145b382d429ab13d13fc6de8cd67"", ""hit"": ""eba391877c1c4a008d72ef3bac69a2e5"", ""die"": ""5fe92cd3eef34828bbff0b94b10a2f9b"", ""jump"": ""76bb745cedb3433c82f224ad384d6bf9""}",0,True,True,MSW_ORIGINAL_CONFIRMED,animationclip,"{""ko"": [""[★] 정식기사C"", ""정식기사C""]}",GET/POST MSW public v3 resources via validated wrapper,2026-09-12T07:29:16.733Z,D:\maplestory_levup\docs\art\output_audit\runs\20260912_162508_msw_origin_art_review\resource_batch_70.json,https://mod-resource-search-images.dn.nexoncdn.co.kr/maplestory_world/da57403b50694b12bf0e19aa3a64112d.gif,D:\maplestory_levup\docs\art\output_audit\runs\20260912_162508_msw_origin_art_review\source_copies\da57403b50694b12bf0e19aa3a64112d.gif,73359e8d773a38e1fc3f37eea0f191b21bc2100efada7ed0f0828fc1d550c9eb,2026-09-12T07:30:22.199Z,4,4,841c4b43a85a4ee78583753c4e47f627|3f119f5756454b028b3077b615289ea9|49796f46b6e04a8fab8b2a78f228372f|37041029247845fcae31f454087af012,API does not expose immutable revision; query time + returned metadata + image SHA256 snapshot,D:\maplestory_levup\docs\art\images-input-packages-v2_4\AREA_19_IMAGES_INPUT_V2_4.zip,5577fd54205ef9e7d81a893a46744a58690e3649d48121c1f630fc57a1b2faf9,AREA_19_IMAGES_INPUT_V2_4/monsters/001_m_official_knight_c_정식기사_C/MONSTER_IMAGE.png,b1397b8b5ffbec9ec67416efdba8463478740111afbfa07ddcd6dc23f09ceaa5,공식 exact-RUID clip 영상과 INPUT의 실루엣·몸색·얼굴/장비 구성을 직접 대조. 동일 개체로 읽힘. 흰 배경/투명화·동작 프레임 차이는 정체성 불일치로 보지 않음.,D:\maplestory_levup\docs\art\output_audit\runs\20260912_162508_msw_origin_art_review\boards\area_19_source_and_all_frames.png,GIF 전체 프레임 접촉시트; 9f 이상은 source_detail_01..05에서 첫/중간/끝 확대 추가,없음(정체성 확인 범위). attack/hit/die의 모든 별도 clip 및 엔진 렌더 검증은 범위 밖
area_19,m_official_knight_d,정식기사 D,officialknightd,D:\maplestory_levup\RootDesk\MyDesk\Models\Monsters\OfficialKnightD.model,ab0c2d1d8caa05ac68e6abf163a7ba74d30b770a98333e6dc8e331ef047cccf3,1b11119e13474135882191d052342552,"{""$type"": ""MOD.Core.MODSyncDictionary`2[[System.String, mscorlib],[System.String, mscorlib]], MOD.Core"", ""stand"": ""1b11119e13474135882191d052342552"", ""move"": ""df88d461e15a4c7dbcd0102c2cc53526"", ""attack"": ""ce01bb30aea749ae9b54c614aa8b0f41"", ""hit"": ""1d8cf2e42d044167a0458912d496fb99"", ""die"": ""93a7de62f84347a7837438694b9673ed"", ""jump"": ""df88d461e15a4c7dbcd0102c2cc53526""}",0,True,True,MSW_ORIGINAL_CONFIRMED,animationclip,"{""ko"": [""[★] 정식기사D"", ""정식기사D""]}",GET/POST MSW public v3 resources via validated wrapper,2026-09-12T07:29:16.733Z,D:\maplestory_levup\docs\art\output_audit\runs\20260912_162508_msw_origin_art_review\resource_batch_70.json,https://mod-resource-search-images.dn.nexoncdn.co.kr/maplestory_world/1b11119e13474135882191d052342552.gif,D:\maplestory_levup\docs\art\output_audit\runs\20260912_162508_msw_origin_art_review\source_copies\1b11119e13474135882191d052342552.gif,6b51d11cc682a6e096f8e495c688505d7f33208b616de3f2d4c2c00dbfba5b30,2026-09-12T07:30:22.235Z,4,4,25a590420cd144a9a90327e800a51214|249caeef9d7041b29e5c826b36809cdf|e1de8ffb3e764a0f8458aa31b3d7b16e|1e2a6a94a8994f36a09960b029ced603,API does not expose immutable revision; query time + returned metadata + image SHA256 snapshot,D:\maplestory_levup\docs\art\images-input-packages-v2_4\AREA_19_IMAGES_INPUT_V2_4.zip,5577fd54205ef9e7d81a893a46744a58690e3649d48121c1f630fc57a1b2faf9,AREA_19_IMAGES_INPUT_V2_4/monsters/002_m_official_knight_d_정식기사_D/MONSTER_IMAGE.png,ea75c5807194bf4b90906c6a0c1217e2f320b03c620456d29ab96e2a4ae286a1,공식 exact-RUID clip 영상과 INPUT의 실루엣·몸색·얼굴/장비 구성을 직접 대조. 동일 개체로 읽힘. 흰 배경/투명화·동작 프레임 차이는 정체성 불일치로 보지 않음.,D:\maplestory_levup\docs\art\output_audit\runs\20260912_162508_msw_origin_art_review\boards\area_19_source_and_all_frames.png,GIF 전체 프레임 접촉시트; 9f 이상은 source_detail_01..05에서 첫/중간/끝 확대 추가,없음(정체성 확인 범위). attack/hit/die의 모든 별도 clip 및 엔진 렌더 검증은 범위 밖
area_19,m_advanced_knight_a,상급기사 A,advancedknighta,D:\maplestory_levup\RootDesk\MyDesk\Models\Monsters\AdvancedKnightA.model,515ba726f0c8d207055d3ebd391bb12c6f1ce5f2aed4bdc73c58f86b5327b74c,b2ab0d2ec4d346079c5738c79c8b909b,"{""$type"": ""MOD.Core.MODSyncDictionary`2[[System.String, mscorlib],[System.String, mscorlib]], MOD.Core"", ""stand"": ""b2ab0d2ec4d346079c5738c79c8b909b"", ""move"": ""d7abb41d5713423b9d71759172fa9edf"", ""attack"": ""8832faa7d5364e84995fbc970e80b9cd"", ""hit"": ""830dc2ed00934f7f9196ab3115619720"", ""die"": ""927aca105ee74fe28184e68c6b7a3e7a"", ""jump"": ""d7abb41d5713423b9d71759172fa9edf""}",0,True,True,MSW_ORIGINAL_CONFIRMED,animationclip,"{""ko"": [""감시병"", ""상급기사A""]}",GET/POST MSW public v3 resources via validated wrapper,2026-09-12T07:29:16.733Z,D:\maplestory_levup\docs\art\output_audit\runs\20260912_162508_msw_origin_art_review\resource_batch_70.json,https://mod-resource-search-images.dn.nexoncdn.co.kr/maplestory_world/b2ab0d2ec4d346079c5738c79c8b909b.gif,D:\maplestory_levup\docs\art\output_audit\runs\20260912_162508_msw_origin_art_review\source_copies\b2ab0d2ec4d346079c5738c79c8b909b.gif,4f25e8edec3212301500477ac415153d34c037ee6fdca2cfc6a1311543f1da04,2026-09-12T07:30:22.243Z,4,4,17d2f271ccf1407ebd17c4ed837408a4|86365fda9a9d48f6b3b01d9873bdcd69|69d65cf644d64fb8bc4b67bb5331c30d|24ca42d572da4d1aa48766eaada7f72a,API does not expose immutable revision; query time + returned metadata + image SHA256 snapshot,D:\maplestory_levup\docs\art\images-input-packages-v2_4\AREA_19_IMAGES_INPUT_V2_4.zip,5577fd54205ef9e7d81a893a46744a58690e3649d48121c1f630fc57a1b2faf9,AREA_19_IMAGES_INPUT_V2_4/monsters/003_m_advanced_knight_a_상급기사_A/MONSTER_IMAGE.png,471c2852c512ce34cff9b94f8a4347b3566e386d190647c4a85d0feb702cd9cb,공식 exact-RUID clip 영상과 INPUT의 실루엣·몸색·얼굴/장비 구성을 직접 대조. 동일 개체로 읽힘. 흰 배경/투명화·동작 프레임 차이는 정체성 불일치로 보지 않음.,D:\maplestory_levup\docs\art\output_audit\runs\20260912_162508_msw_origin_art_review\boards\area_19_source_and_all_frames.png,GIF 전체 프레임 접촉시트; 9f 이상은 source_detail_01..05에서 첫/중간/끝 확대 추가,없음(정체성 확인 범위). attack/hit/die의 모든 별도 clip 및 엔진 렌더 검증은 범위 밖
area_19,m_advanced_knight_b,상급기사 B,advancedknightb,D:\maplestory_levup\RootDesk\MyDesk\Models\Monsters\AdvancedKnightB.model,3d6a1feec59f3757715f9c4595689ad24b3451a3c3784d68b9247e62fbab60b4,3a107a08957f442d8b3e191258198056,"{""$type"": ""MOD.Core.MODSyncDictionary`2[[System.String, mscorlib],[System.String, mscorlib]], MOD.Core"", ""stand"": ""3a107a08957f442d8b3e191258198056"", ""move"": ""64add2bbd775444781e07eb3e7ea4eb8"", ""attack"": ""7177428bb516441e8bc06c826090edf5"", ""hit"": ""e415d4dc7a2344b2aa41a6aa7d9f65c5"", ""die"": ""f31673f3c4d94163b33503a0a9e65d07"", ""jump"": ""64add2bbd775444781e07eb3e7ea4eb8""}",0,True,True,MSW_ORIGINAL_CONFIRMED,animationclip,"{""ko"": [""상급기사B""]}",GET/POST MSW public v3 resources via validated wrapper,2026-09-12T07:29:16.733Z,D:\maplestory_levup\docs\art\output_audit\runs\20260912_162508_msw_origin_art_review\resource_batch_70.json,https://mod-resource-search-images.dn.nexoncdn.co.kr/maplestory_world/3a107a08957f442d8b3e191258198056.gif,D:\maplestory_levup\docs\art\output_audit\runs\20260912_162508_msw_origin_art_review\source_copies\3a107a08957f442d8b3e191258198056.gif,38799a7fbea2d29a921aad4edc100f13621f1a77b32355aa684690b99f42f7a9,2026-09-12T07:30:22.399Z,4,4,78c21e2e08264e4db046a3e1481faf35|f5848ef3e9a44c4c8b72818f4f077dd1|06077857eb8a4a4bb2c441a37ee52169|9332902d595b4d4cb8c5fa7af5174bcb,API does not expose immutable revision; query time + returned metadata + image SHA256 snapshot,D:\maplestory_levup\docs\art\images-input-packages-v2_4\AREA_19_IMAGES_INPUT_V2_4.zip,5577fd54205ef9e7d81a893a46744a58690e3649d48121c1f630fc57a1b2faf9,AREA_19_IMAGES_INPUT_V2_4/monsters/004_m_advanced_knight_b_상급기사_B/MONSTER_IMAGE.png,a3d91d0df41111eaa2fc9a6a415f1906104efbd5b6fe66ab27a74731941eebf8,공식 exact-RUID clip 영상과 INPUT의 실루엣·몸색·얼굴/장비 구성을 직접 대조. 동일 개체로 읽힘. 흰 배경/투명화·동작 프레임 차이는 정체성 불일치로 보지 않음.,D:\maplestory_levup\docs\art\output_audit\runs\20260912_162508_msw_origin_art_review\boards\area_19_source_and_all_frames.png,GIF 전체 프레임 접촉시트; 9f 이상은 source_detail_01..05에서 첫/중간/끝 확대 추가,없음(정체성 확인 범위). attack/hit/die의 모든 별도 clip 및 엔진 렌더 검증은 범위 밖
area_19,m_cygnus,시그너스,cygnus,D:\maplestory_levup\RootDesk\MyDesk\Models\Monsters\Cygnus.model,e553605c9b523d0574dda1563b2312c0167a80adcef83dbad2fc06b376b1a15e,397136593bdb4e37b17d0d9e40ce0006,"{""$type"": ""MOD.Core.MODSyncDictionary`2[[System.String, mscorlib],[System.String, mscorlib]], MOD.Core"", ""stand"": ""397136593bdb4e37b17d0d9e40ce0006"", ""move"": ""d54109a127374a51bb997d8a972eb872"", ""attack"": ""acb756ed413f42b5979b34bbb0f0550e"", ""hit"": ""6ecb70f7268e44bbafe49e144458f7b6"", ""die"": ""1d4094d6cc11438b808392d78fb59290"", ""jump"": ""d54109a127374a51bb997d8a972eb872""}",0,True,True,MSW_ORIGINAL_CONFIRMED,animationclip,"{""ko"": [""시그너스""]}",GET/POST MSW public v3 resources via validated wrapper,2026-09-12T07:29:16.733Z,D:\maplestory_levup\docs\art\output_audit\runs\20260912_162508_msw_origin_art_review\resource_batch_70.json,https://mod-resource-search-images.dn.nexoncdn.co.kr/maplestory_world/397136593bdb4e37b17d0d9e40ce0006.gif,D:\maplestory_levup\docs\art\output_audit\runs\20260912_162508_msw_origin_art_review\source_copies\397136593bdb4e37b17d0d9e40ce0006.gif,63cb6794a1f9e7965762ba0cb1d3605a021080223d0293a0151881e5ac960acb,2026-09-12T07:30:22.456Z,8,8,69a9a8a7b4c1498ea1216b76293d5e37|f396be2b019d451ca1c955c901b63d7f|4297691ef8bb4d03bb7a778b8bc272cd|8f82172ef2a9435a953c2b772a1f1986|17ebfc6d6ee7409b85e8cf1e2e72483b|42f443efbab840b5bface75f1f2e125f|e04ac31af0094c2caabe267e5c67f910|8b59eeed3f2c44d29778cc8de15ecba8,API does not expose immutable revision; query time + returned metadata + image SHA256 snapshot,D:\maplestory_levup\docs\art\images-input-packages-v2_4\AREA_19_IMAGES_INPUT_V2_4.zip,5577fd54205ef9e7d81a893a46744a58690e3649d48121c1f630fc57a1b2faf9,AREA_19_IMAGES_INPUT_V2_4/monsters/005_m_cygnus_시그너스/MONSTER_IMAGE.png,1c3d1637bbfa21c51fd9ce3d5a4996e93968267ff48bcaa3d17c7c8386ea47bd,공식 exact-RUID clip 영상과 INPUT의 실루엣·몸색·얼굴/장비 구성을 직접 대조. 동일 개체로 읽힘. 흰 배경/투명화·동작 프레임 차이는 정체성 불일치로 보지 않음.,D:\maplestory_levup\docs\art\output_audit\runs\20260912_162508_msw_origin_art_review\boards\area_19_source_and_all_frames.png,GIF 전체 프레임 접촉시트; 9f 이상은 source_detail_01..05에서 첫/중간/끝 확대 추가,없음(정체성 확인 범위). attack/hit/die의 모든 별도 clip 및 엔진 렌더 검증은 범위 밖
area_20,m_mutant_dark_stump,변형된 다크 스텀프,mutantdarkstump,D:\maplestory_levup\RootDesk\MyDesk\Models\Monsters\MutantDarkStump.model,c81c465213e464cbad3ab241ca0c55c4813831a1919fc242b24370b846c9021f,9b09382f4ba6483eb11a931f49a68f9b,"{""$type"": ""MOD.Core.MODSyncDictionary`2[[System.String, mscorlib],[System.String, mscorlib]], MOD.Core"", ""stand"": ""9b09382f4ba6483eb11a931f49a68f9b"", ""move"": ""2ff809dab03c404f98720eee45f16c6f"", ""attack"": ""2c1861eb139d451694ca95351b4c9e40"", ""hit"": ""4600a70d2eb5443a8cb135722d8dda0f"", ""die"": ""ed9130c8fb714aecbc379a9e9cebf86a"", ""jump"": ""2ff809dab03c404f98720eee45f16c6f""}",0,True,True,MSW_ORIGINAL_CONFIRMED,animationclip,"{""ko"": [""변형된 다크 스텀프""]}",GET/POST MSW public v3 resources via validated wrapper,2026-09-12T07:29:16.733Z,D:\maplestory_levup\docs\art\output_audit\runs\20260912_162508_msw_origin_art_review\resource_batch_70.json,https://mod-resource-search-images.dn.nexoncdn.co.kr/maplestory_world/9b09382f4ba6483eb11a931f49a68f9b.gif,D:\maplestory_levup\docs\art\output_audit\runs\20260912_162508_msw_origin_art_review\source_copies\9b09382f4ba6483eb11a931f49a68f9b.gif,135c9ebaa869b5e692245ff39e8059f81c2fb90be8db07f148bdd3b327305db3,2026-09-12T07:30:22.357Z,6,6,95b07d49941c403dbb31bb16bbd05237|fc091743fd6b4f54a7726f9ca9e0df53|039bec2bf90d44fba9d80ca1a184336d|e2136552bb6149b09f96aa3b1099950d|2383beddf15449a08f019c238ffd78ae|365a8b214b504ea883f018751eef31dc,API does not expose immutable revision; query time + returned metadata + image SHA256 snapshot,D:\maplestory_levup\docs\art\images-input-packages-v2_4\AREA_20_IMAGES_INPUT_V2_4.zip,71bb337b9929b2142a7b99d3472615a9851fd2221d258557c1dfecd23fb76d3e,AREA_20_IMAGES_INPUT_V2_4/monsters/001_m_mutant_dark_stump_변형된_다크_스텀프/MONSTER_IMAGE.png,683913d349d659b469e53639b3fde78d4b26b8838eef1f04040eab6be068e8fe,공식 exact-RUID clip 영상과 INPUT의 실루엣·몸색·얼굴/장비 구성을 직접 대조. 동일 개체로 읽힘. 흰 배경/투명화·동작 프레임 차이는 정체성 불일치로 보지 않음.,D:\maplestory_levup\docs\art\output_audit\runs\20260912_162508_msw_origin_art_review\boards\area_20_source_and_all_frames.png,GIF 전체 프레임 접촉시트; 9f 이상은 source_detail_01..05에서 첫/중간/끝 확대 추가,없음(정체성 확인 범위). attack/hit/die의 모든 별도 clip 및 엔진 렌더 검증은 범위 밖
area_20,m_mutant_iron_hog,변형된 아이언호그,mutantironhog,D:\maplestory_levup\RootDesk\MyDesk\Models\Monsters\MutantIronHog.model,99267d29f403eba30b579459d73427743c7e3889cb44b4f9f8bfefd1ec4fd0c4,cd613d0025674a6f8b1cc7211054eb41,"{""$type"": ""MOD.Core.MODSyncDictionary`2[[System.String, mscorlib],[System.String, mscorlib]], MOD.Core"", ""stand"": ""cd613d0025674a6f8b1cc7211054eb41"", ""move"": ""a2b8994ba81a45e7942810afc34c8269"", ""attack"": ""bca2eb761f954f4d9e1c849dfd606fa7"", ""hit"": ""e6a7247cdb81462891d14f853405b620"", ""die"": ""ca62e832f026497fb0e4b6ba3f0fe594"", ""jump"": ""a2b8994ba81a45e7942810afc34c8269""}",0,True,True,MSW_ORIGINAL_CONFIRMED,animationclip,"{""ko"": [""변형된 아이언호그""]}",GET/POST MSW public v3 resources via validated wrapper,2026-09-12T07:29:16.733Z,D:\maplestory_levup\docs\art\output_audit\runs\20260912_162508_msw_origin_art_review\resource_batch_70.json,https://mod-resource-search-images.dn.nexoncdn.co.kr/maplestory_world/cd613d0025674a6f8b1cc7211054eb41.gif,D:\maplestory_levup\docs\art\output_audit\runs\20260912_162508_msw_origin_art_review\source_copies\cd613d0025674a6f8b1cc7211054eb41.gif,2d8bfbfe400f2d37b1a1a4af369153056dd34a0bfeeb51c8d894c4b85500f131,2026-09-12T07:30:22.389Z,6,6,34a6892f1fb3490d94ee78498d26e3fb|6a839252055f425ea45fe0d69ab956ee|91ec58a5a6714e21a2bb3d3f4223bd1c|3aca727acd5343a5b8bf17c8a20df0b3|e05412980d9e4f20a17c1922984cf8fb|c575627fb4c34eef9df45901189f6f00,API does not expose immutable revision; query time + returned metadata + image SHA256 snapshot,D:\maplestory_levup\docs\art\images-input-packages-v2_4\AREA_20_IMAGES_INPUT_V2_4.zip,71bb337b9929b2142a7b99d3472615a9851fd2221d258557c1dfecd23fb76d3e,AREA_20_IMAGES_INPUT_V2_4/monsters/002_m_mutant_iron_hog_변형된_아이언호그/MONSTER_IMAGE.png,d03e9d4e64b45908990e6e7ebaa7b0c774823968366b3dc9548e55d22f54e864,공식 exact-RUID clip 영상과 INPUT의 실루엣·몸색·얼굴/장비 구성을 직접 대조. 동일 개체로 읽힘. 흰 배경/투명화·동작 프레임 차이는 정체성 불일치로 보지 않음.,D:\maplestory_levup\docs\art\output_audit\runs\20260912_162508_msw_origin_art_review\boards\area_20_source_and_all_frames.png,GIF 전체 프레임 접촉시트; 9f 이상은 source_detail_01..05에서 첫/중간/끝 확대 추가,없음(정체성 확인 범위). attack/hit/die의 모든 별도 clip 및 엔진 렌더 검증은 범위 밖
area_20,m_mutant_stone_mask,변형된 스톤마스크,mutantstonemask,D:\maplestory_levup\RootDesk\MyDesk\Models\Monsters\MutantStoneMask.model,db044f2dc929e5e83a2a02448eab20406a5b3c469f5fa3fa3ca3669874f402ec,f020a220a2ad40a28d4920b790b32f3c,"{""$type"": ""MOD.Core.MODSyncDictionary`2[[System.String, mscorlib],[System.String, mscorlib]], MOD.Core"", ""stand"": ""f020a220a2ad40a28d4920b790b32f3c"", ""move"": ""e28e93a960fd4895a7fb7caa952da2ae"", ""attack"": ""ecdbd129d8c842c0ae3902ac7cf51655"", ""hit"": ""c4d646f16d364e949ed71d1f3a134777"", ""die"": ""5b0d4d5704eb4ec185e6a89d9f9b85cb"", ""jump"": ""e28e93a960fd4895a7fb7caa952da2ae""}",0,True,True,MSW_ORIGINAL_CONFIRMED,animationclip,"{""ko"": [""변형된 스톤마스크""]}",GET/POST MSW public v3 resources via validated wrapper,2026-09-12T07:29:16.733Z,D:\maplestory_levup\docs\art\output_audit\runs\20260912_162508_msw_origin_art_review\resource_batch_70.json,https://mod-resource-search-images.dn.nexoncdn.co.kr/maplestory_world/f020a220a2ad40a28d4920b790b32f3c.gif,D:\maplestory_levup\docs\art\output_audit\runs\20260912_162508_msw_origin_art_review\source_copies\f020a220a2ad40a28d4920b790b32f3c.gif,bbd255f979a10807b0e3f9c75fd62cace2f513e097a272d4502534ef584997a4,2026-09-12T07:30:22.493Z,6,6,6453017f873f4ca6bc64b3eaa2b0ff2b|4bf05e487441459393794ed2063821a5|4a666841df164a7b90566c4c8164262c|e7dbc58b4f554372aaa1de43d34671f0|f9ed3eeca42c4cc8ab6c90b85eee7b43|9429856460c3499691b7cdb07fabf8c5,API does not expose immutable revision; query time + returned metadata + image SHA256 snapshot,D:\maplestory_levup\docs\art\images-input-packages-v2_4\AREA_20_IMAGES_INPUT_V2_4.zip,71bb337b9929b2142a7b99d3472615a9851fd2221d258557c1dfecd23fb76d3e,AREA_20_IMAGES_INPUT_V2_4/monsters/003_m_mutant_stone_mask_변형된_스톤마스크/MONSTER_IMAGE.png,a0576538e9bc2c98529995603b9260c7bee7dce3eb639aa440430ffe3df75594,공식 exact-RUID clip 영상과 INPUT의 실루엣·몸색·얼굴/장비 구성을 직접 대조. 동일 개체로 읽힘. 흰 배경/투명화·동작 프레임 차이는 정체성 불일치로 보지 않음.,D:\maplestory_levup\docs\art\output_audit\runs\20260912_162508_msw_origin_art_review\boards\area_20_source_and_all_frames.png,GIF 전체 프레임 접촉시트; 9f 이상은 source_detail_01..05에서 첫/중간/끝 확대 추가,없음(정체성 확인 범위). attack/hit/die의 모든 별도 clip 및 엔진 렌더 검증은 범위 밖
area_20,m_ancient_dark_golem,에인션트 다크골렘,ancientdarkgolem,D:\maplestory_levup\RootDesk\MyDesk\Models\Monsters\AncientDarkGolem.model,952116a9157c9a75e413ef9903b482a2ad1641ed834ea5958dc397cab6fcfa54,f60c7188fcd544ef869845a34ff92b30,"{""$type"": ""MOD.Core.MODSyncDictionary`2[[System.String, mscorlib],[System.String, mscorlib]], MOD.Core"", ""stand"": ""f60c7188fcd544ef869845a34ff92b30"", ""move"": ""bc874a6c6bf841ff93ef69a63608cc54"", ""attack"": ""c8602ac340364fcaa699fe85c5306cc8"", ""hit"": ""7e59a15f8acd46c8bcc092d21cabafe0"", ""die"": ""683351ea798e44e88dc7030b04da7775"", ""jump"": ""bc874a6c6bf841ff93ef69a63608cc54""}",0,True,True,MSW_ORIGINAL_CONFIRMED,animationclip,"{""ko"": [""에인션트 다크골렘""]}",GET/POST MSW public v3 resources via validated wrapper,2026-09-12T07:29:16.733Z,D:\maplestory_levup\docs\art\output_audit\runs\20260912_162508_msw_origin_art_review\resource_batch_70.json,https://mod-resource-search-images.dn.nexoncdn.co.kr/maplestory_world/f60c7188fcd544ef869845a34ff92b30.gif,D:\maplestory_levup\docs\art\output_audit\runs\20260912_162508_msw_origin_art_review\source_copies\f60c7188fcd544ef869845a34ff92b30.gif,a0522797ec2bbd2df6e3da2c62939b77651ac9a6db2ae3429c837921673f7eaf,2026-09-12T07:30:22.510Z,6,6,dd4e5751dff2402f976e61b85779a0a2|1742abb294fb428aadd9b4d53d240917|bd4cd72787ee4c2e8b74e3cf02073e40|826f69cc7be64d2cab19b7b55598e96d|1dc764c0ff82414abe4071dfe0a91543|8b16d3a9a142490aab6d514321d7fd38,API does not expose immutable revision; query time + returned metadata + image SHA256 snapshot,D:\maplestory_levup\docs\art\images-input-packages-v2_4\AREA_20_IMAGES_INPUT_V2_4.zip,71bb337b9929b2142a7b99d3472615a9851fd2221d258557c1dfecd23fb76d3e,AREA_20_IMAGES_INPUT_V2_4/monsters/004_m_ancient_dark_golem_에인션트_다크골렘/MONSTER_IMAGE.png,9caac00e345cd8f2aa0e039e94a39cb4a945f3304951a0b0354743d0220f23b4,공식 exact-RUID clip 영상과 INPUT의 실루엣·몸색·얼굴/장비 구성을 직접 대조. 동일 개체로 읽힘. 흰 배경/투명화·동작 프레임 차이는 정체성 불일치로 보지 않음.,D:\maplestory_levup\docs\art\output_audit\runs\20260912_162508_msw_origin_art_review\boards\area_20_source_and_all_frames.png,GIF 전체 프레임 접촉시트; 9f 이상은 source_detail_01..05에서 첫/중간/끝 확대 추가,없음(정체성 확인 범위). attack/hit/die의 모든 별도 clip 및 엔진 렌더 검증은 범위 밖
area_20,m_mutant_stumpy,변형된 스텀피,mutantstumpy,D:\maplestory_levup\RootDesk\MyDesk\Models\Monsters\MutantStumpy.model,9718b4e3b49d2fef153047fa34e83659dafca393c0f9e23956bb9f697188c55f,fe3077e91e5442579b6cfaa6b4c59469,"{""$type"": ""MOD.Core.MODSyncDictionary`2[[System.String, mscorlib],[System.String, mscorlib]], MOD.Core"", ""stand"": ""fe3077e91e5442579b6cfaa6b4c59469"", ""move"": ""5f23e67504a7462fa7c8d9810b9d2652"", ""attack"": ""79485eff8f014179a09e512984f00fa7"", ""hit"": ""8e7127d18d384991b15febff4f3c8497"", ""die"": ""063d7e0a7933497289da2910e07412a5"", ""jump"": ""5f23e67504a7462fa7c8d9810b9d2652""}",0,True,True,MSW_ORIGINAL_CONFIRMED,animationclip,"{""ko"": [""변형된 스텀피""]}",GET/POST MSW public v3 resources via validated wrapper,2026-09-12T07:29:16.733Z,D:\maplestory_levup\docs\art\output_audit\runs\20260912_162508_msw_origin_art_review\resource_batch_70.json,https://mod-resource-search-images.dn.nexoncdn.co.kr/maplestory_world/fe3077e91e5442579b6cfaa6b4c59469.gif,D:\maplestory_levup\docs\art\output_audit\runs\20260912_162508_msw_origin_art_review\source_copies\fe3077e91e5442579b6cfaa6b4c59469.gif,26b721f8d6ea83b8076165ec4cede2377d5f917817908fee0a4458822561c0b8,2026-09-12T07:30:22.693Z,6,6,9bf93793255e48d88ad4debb790750df|6d37de08518b4b229f1406b676c676c7|276ae4c6a689469d9674dc6f810cde3d|9b7764dca77841e7be4d7c65b8137409|c0ecfab590f8402d9315caa17850ba7a|0f1e367081f4411baf6c021f6d001c5a,API does not expose immutable revision; query time + returned metadata + image SHA256 snapshot,D:\maplestory_levup\docs\art\images-input-packages-v2_4\AREA_20_IMAGES_INPUT_V2_4.zip,71bb337b9929b2142a7b99d3472615a9851fd2221d258557c1dfecd23fb76d3e,AREA_20_IMAGES_INPUT_V2_4/monsters/005_m_mutant_stumpy_변형된_스텀피/MONSTER_IMAGE.png,8f3a54507babc9b5252f8d7b8e94f04032df8ccd9bea21f4ad6756bcacd05e2d,공식 exact-RUID clip 영상과 INPUT의 실루엣·몸색·얼굴/장비 구성을 직접 대조. 동일 개체로 읽힘. 흰 배경/투명화·동작 프레임 차이는 정체성 불일치로 보지 않음.,D:\maplestory_levup\docs\art\output_audit\runs\20260912_162508_msw_origin_art_review\boards\area_20_source_and_all_frames.png,GIF 전체 프레임 접촉시트; 9f 이상은 source_detail_01..05에서 첫/중간/끝 확대 추가,없음(정체성 확인 범위). attack/hit/die의 모든 별도 clip 및 엔진 렌더 검증은 범위 밖
