area,monster_id,skill_id,role,frame,ruid,version,sha256,path
1,m_blue_snail,s_mon_blue_snail,ICON,,7c1a7e35b396432aa61872b4b520bbdc,6aa794eb731521fec39da71e,637261f5d01c0500bf2270159bf3a6dfc60e2ab445117048003fb39c4d1e2673,D:\maplestory_levup\docs\art\import-runs\ALL_AREAS_20260914_151243\staging\full\0000.png
1,m_blue_snail,s_mon_blue_snail,VFX,0,9f8475530aef418d8a229fa172134ce6,6aa794f064283f7d0548380a,fef5f5ef7798b391d8d8ca0dd7404b378ad2c14f84e4a92271a598afd652850c,D:\maplestory_levup\docs\art\import-runs\ALL_AREAS_20260914_151243\staging\full\0001.png
1,m_blue_snail,s_mon_blue_snail,VFX,1,7e232b7e063b4aa9a209589075495f9f,6aa79491080f20e595fd17f4,27a0f9950bfc950eff4539bae49d4e9198a184521abbaaf80da1285030aadea2,D:\maplestory_levup\docs\art\import-runs\ALL_AREAS_20260914_151243\staging\full\0002.png
1,m_blue_snail,s_mon_blue_snail,VFX,2,96fe1990167a4d55808da89bd9446086,6aa794b6cb73a580dcb777c4,e778adf5aac369417c9cf093be6791f65aa76f047289e4dc42c46bbd462b3b3c,D:\maplestory_levup\docs\art\import-runs\ALL_AREAS_20260914_151243\staging\full\0003.png
1,m_blue_snail,s_mon_blue_snail,VFX,3,b77ad4b43415466a8bb4725713fb7cac,6aa794c0cb73a580dcb777c8,172eb269246361d964baaaf28c1c1c99b8c183e44b24caaf02317baf480b76f1,D:\maplestory_levup\docs\art\import-runs\ALL_AREAS_20260914_151243\staging\full\0004.png
1,m_blue_snail,s_mon_blue_snail,VFX,4,dc367fc10b654b749f071b3e6915edce,6aa794c864283f7d054837fb,4640db08bca1d1c8b32043f5359bddebac98b6c71effddf8fe98e14afe021051,D:\maplestory_levup\docs\art\import-runs\ALL_AREAS_20260914_151243\staging\full\0005.png
1,m_blue_snail,s_mon_blue_snail,VFX,5,1fb0a121752d4957af975ed29acd5c1e,6aa794c7c91f1fc250f6e236,b5f3a8a11fb8ff0964f6d8f01fc58e4a9ed0a633ebb10ba782849a63a0cb665d,D:\maplestory_levup\docs\art\import-runs\ALL_AREAS_20260914_151243\staging\full\0006.png
1,m_blue_snail,s_mon_blue_snail,VFX,6,ec01db774e3741b68e974729fc1db36a,6aa794f7c91f1fc250f6e23a,68c679aa4b40d1c256f25fbd3aaba74625a71ff212b1dd9beb3c73ad1821a984,D:\maplestory_levup\docs\art\import-runs\ALL_AREAS_20260914_151243\staging\full\0007.png
1,m_blue_snail,s_mon_blue_snail,VFX,7,c1e67f9bf69d499e93a9e7530d0e46e8,6aa79503731521fec39da724,beb2cd108ba5078c692aa0aeaca24eb9b9fc89a4418486e9bf9dbad8f3db2108,D:\maplestory_levup\docs\art\import-runs\ALL_AREAS_20260914_151243\staging\full\0008.png
1,m_horny_mushroom,s_mon_horny_mushroom,ICON,,6e2afe97ab51495db2ad9d45be12a6e2,6aa794feca0a2020a0d87400,fc3b83966e96503b8e77fd7ee68c1163f58a9d314ae8957632fde71fb0456382,D:\maplestory_levup\docs\art\import-runs\ALL_AREAS_20260914_151243\staging\full\0009.png
1,m_mushmom,s_mon_mushmom,ICON,,e9fd9337e1c345b2b0b319eca6672725,6aa79619a77bc7d802864792,a1d75c353de834876d50277b0e1239bcfa205d19a847820e76ec59d15c0f4786,D:\maplestory_levup\docs\art\import-runs\ALL_AREAS_20260914_151243\staging\full\0010.png
1,m_mushmom,s_mon_mushmom,VFX,0,899ddc265060424d8517d87664b2ce4d,6aa7958d896a2707bf5dd9d9,599890f5401728364be1596f5164138bf113ea76e3be63ebdfcbaa39bf71ae65,D:\maplestory_levup\docs\art\import-runs\ALL_AREAS_20260914_151243\staging\full\0011.png
1,m_mushmom,s_mon_mushmom,VFX,1,0b78c17f76e844ee8c57921c547d6df9,6aa7959e4d77c6b480adcc39,2bba9d5b8e5acce570fcd761219eccaf7c07e856de09b13c82c251a04f9c11ec,D:\maplestory_levup\docs\art\import-runs\ALL_AREAS_20260914_151243\staging\full\0012.png
1,m_mushmom,s_mon_mushmom,VFX,2,3cdb66096e6047fa800c4015f3b6b0b6,6aa795af4d77c6b480adcc40,444b573b93ab5bc815f8d72dcaeac8d418e8c9486aa65660f33f3754a1bc7dfc,D:\maplestory_levup\docs\art\import-runs\ALL_AREAS_20260914_151243\staging\full\0013.png
1,m_mushmom,s_mon_mushmom,VFX,3,d2b23eec1183402992fbfaf7474204e2,6aa795c25d0dc263f8402aed,f078c9dc9e47fcc9e1d62bc73a96e9689d93239714b54767ecbc3113a78f3e08,D:\maplestory_levup\docs\art\import-runs\ALL_AREAS_20260914_151243\staging\full\0014.png
1,m_mushmom,s_mon_mushmom,VFX,4,78244ae992d8406fab46fd9d53475cd6,6aa795bd5d0dc263f8402aeb,6808427cec440084e3e1d34d44f82c91100c09bce2bdcfc2719494c3aca08c0b,D:\maplestory_levup\docs\art\import-runs\ALL_AREAS_20260914_151243\staging\full\0015.png
1,m_mushmom,s_mon_mushmom,VFX,5,2548e01d00184d9a8669242cd718a26d,6aa795da5d0dc263f8402af3,1d24ea6261d96e4c120d5e852879f9412e722ac243cdfda03deff5efd1add2e8,D:\maplestory_levup\docs\art\import-runs\ALL_AREAS_20260914_151243\staging\full\0016.png
1,m_mushmom,s_mon_mushmom,VFX,6,fde4e094001a47e4887a4a3bbac930e8,6aa795d34d77c6b480adcc4c,cc34fe5567d285514429bd5f3aa2470772f3d4ef54fc2fce7c261d26434b5698,D:\maplestory_levup\docs\art\import-runs\ALL_AREAS_20260914_151243\staging\full\0017.png
1,m_mushmom,s_mon_mushmom,VFX,7,2801b3a237234e36a5ce95ee26860840,6aa795de4d77c6b480adcc51,de6f50a6ecc94f5d3b08245dc6a1c3f0758a1c35b28a35851a1498eeceaaeae2,D:\maplestory_levup\docs\art\import-runs\ALL_AREAS_20260914_151243\staging\full\0018.png
1,m_mushmom,s_mon_mushmom,VFX,8,f82d373711d848a79ff488f628700cb1,6aa795ec4d77c6b480adcc54,4803696e72aa8f10b7dfbe34f72d7a5bccec751e98f54145d9d47f97bfdfa5ff,D:\maplestory_levup\docs\art\import-runs\ALL_AREAS_20260914_151243\staging\full\0019.png
1,m_mushmom,s_mon_mushmom,VFX,9,334c65844d5f4b2cbf357e46df94057b,6aa795e45d0dc263f8402af5,260af3ec57c63f61c4396b058cb51617c6dbd1c7641b566f5af97271c960f8a5,D:\maplestory_levup\docs\art\import-runs\ALL_AREAS_20260914_151243\staging\full\0020.png
1,m_mushmom,s_mon_mushmom,VFX,10,6ec0c9c916f34e0fa292e7c34169be9c,6aa795f5ca0a2020a0d8742e,52515e824c6c4cb9ac149cbffcc7eb8e4a067801deb9d8c4fc6e89bc2dcb703b,D:\maplestory_levup\docs\art\import-runs\ALL_AREAS_20260914_151243\staging\full\0021.png
1,m_mushmom,s_mon_mushmom,VFX,11,357e86c46ce74d4b8c7697a1b863a29d,6aa795fea77bc7d80286478c,6b8d5fc86af574469fd4981bd20c370a60cc453f100f59456edf09c132379d8d,D:\maplestory_levup\docs\art\import-runs\ALL_AREAS_20260914_151243\staging\full\0022.png
1,m_mushroom,s_mon_mushroom,ICON,,cf02e12a319d421ba5a0788cdb0e3b50,6aa79649ca0a2020a0d87446,f38c0a74f0e5d6eaaf91479da0cfe9ef5dbc09ff26d31edcf93985621fecb65d,D:\maplestory_levup\docs\art\import-runs\ALL_AREAS_20260914_151243\staging\full\0023.png
1,m_mushroom,s_mon_mushroom,VFX,0,3ecce04d2ad849d5be72838a8b366904,6aa796275d0dc263f8402b05,2047d902828d286e8f1b19631124651b697a6ebb98ad4c6303cd2e431431175f,D:\maplestory_levup\docs\art\import-runs\ALL_AREAS_20260914_151243\staging\full\0024.png
1,m_mushroom,s_mon_mushroom,VFX,1,2da3abeb3036413c97904244f1f839b4,6aa7960f4d77c6b480adcc5a,781087ab001870ac27fdae64e14010e92b5baa194553d7a03f3564c589433c1c,D:\maplestory_levup\docs\art\import-runs\ALL_AREAS_20260914_151243\staging\full\0025.png
1,m_mushroom,s_mon_mushroom,VFX,2,c3c3d17688584fe497861696ad3a5c61,6aa79615a77bc7d802864791,ee982109aa20364d96b5072f9f0e673c882415e250e59edab627fce905faaddd,D:\maplestory_levup\docs\art\import-runs\ALL_AREAS_20260914_151243\staging\full\0026.png
1,m_mushroom,s_mon_mushroom,VFX,3,3520b7305a064f99a852ec9456d18dc3,6aa796548b247671eef7afaa,dd4234052fe0f3a5a6870371ebb404c748e6a7673b9224d0a3c39147f6a850a3,D:\maplestory_levup\docs\art\import-runs\ALL_AREAS_20260914_151243\staging\full\0027.png
1,m_mushroom,s_mon_mushroom,VFX,4,bc4b56c1a4ca45219e516b9ae2abc832,6aa79629d119b909e68b2784,03dbbfee499c0a4f473f4591bd189fb298ed204cb1ffe9fdedf52a1e2e9563e4,D:\maplestory_levup\docs\art\import-runs\ALL_AREAS_20260914_151243\staging\full\0028.png
1,m_mushroom,s_mon_mushroom,VFX,5,2aa73c3764cd485bad5613014f562884,6aa79648a77bc7d80286479a,f72250b3092685be14a1d0d1711f427763318e7a0a75465656bb79ea8d1b1d4b,D:\maplestory_levup\docs\art\import-runs\ALL_AREAS_20260914_151243\staging\full\0029.png
1,m_mushroom,s_mon_mushroom,VFX,6,d55d27ef5b644422a01830a86632f89c,6aa7985f4a5ad954719f34b4,dd5d0bc9f437a441f70918a474f645f3a1b7a187614ca406f79b473b69a77d67,D:\maplestory_levup\docs\art\import-runs\ALL_AREAS_20260914_151243\staging\full\0030.png
1,m_mushroom,s_mon_mushroom,VFX,7,aedeb2899bae4a749d0a6a752040cb2c,6aa798a3d2156bd45f72d22e,a60bf38523c39634989602f314ee03c877aa91713ec3bc7b47718f058c29cff3,D:\maplestory_levup\docs\art\import-runs\ALL_AREAS_20260914_151243\staging\full\0031.png
1,m_snail,s_mon_snail_dew_trail,ICON,,dca130e6fcc74ff7889d3bb5a2cdce61,6aa7989aa77bc7d8028647db,8805fcc0cada1204f3dd001c1d2d0934aba790b55769f60a6881af25aec75b87,D:\maplestory_levup\docs\art\import-runs\ALL_AREAS_20260914_151243\staging\full\0032.png
1,m_snail,s_mon_snail_dew_trail,VFX,0,dc7e13dbdd1d4a33a718647c5aade1bb,6aa798934a5ad954719f34c9,0ff79dba891746b62e869d8cf44ff94c03c47ab50de83867013cc1bca50cf1fa,D:\maplestory_levup\docs\art\import-runs\ALL_AREAS_20260914_151243\staging\full\0033.png
1,m_snail,s_mon_snail_dew_trail,VFX,1,4ce31f7b6c1c4c07b180bcad53aa4c98,6aa796c93d2793a4363db19c,f611ab5b048816c297602f33c0a70f8cfb075a0152803d9154d1626816499bcb,D:\maplestory_levup\docs\art\import-runs\ALL_AREAS_20260914_151243\staging\full\0034.png
1,m_snail,s_mon_snail_dew_trail,VFX,2,6ee94619515d447f975d9021f6762eb5,6aa796afdd028465bf663d03,0fa822ce17591933f7675902a9f06a8be405d7eee21b42732463f14d76ea4476,D:\maplestory_levup\docs\art\import-runs\ALL_AREAS_20260914_151243\staging\full\0035.png
1,m_snail,s_mon_snail_dew_trail,VFX,3,b4b726d68b6f433ab24348f025ded9a5,6aa796df3d2793a4363db1ad,7a1c9007086f5e283da282f785dd8b00d19b8011bf7bd6d83f376ade9f406f6b,D:\maplestory_levup\docs\art\import-runs\ALL_AREAS_20260914_151243\staging\full\0036.png
1,m_snail,s_mon_snail_dew_trail,VFX,4,5c8e2c37a63a4955807b8d697782db30,6aa796f7cb73a580dcb777e9,7cb88943557724238eefe29a6cb356fad829b4f5aa3464ed3b8952046bba1dc4,D:\maplestory_levup\docs\art\import-runs\ALL_AREAS_20260914_151243\staging\full\0037.png
1,m_snail,s_mon_snail_dew_trail,VFX,5,ef0dda4a9f1a4478a4a69b5e155bcebc,6aa79713566d7f01ee61c831,dbe4e8dcdcb0815b847e77195e5dfd7f6df3e2bd784a69d71b6fddfaaacdcea5,D:\maplestory_levup\docs\art\import-runs\ALL_AREAS_20260914_151243\staging\full\0038.png
1,m_snail,s_mon_snail_dew_trail,VFX,6,6387e059de9e445b90ef0894bb1c86ad,6aa7971a1e4672497c5b4313,6c54dfa2bffaecc96a8e4613abfb48c57373d73f1c235bf6b402d3a8a4555147,D:\maplestory_levup\docs\art\import-runs\ALL_AREAS_20260914_151243\staging\full\0039.png
1,m_snail,s_mon_snail_dew_trail,VFX,7,226207b150f34ef6aa2dbbb930c66bc7,6aa797259776e56500b51977,a8c085610ddf46237fdfafd29e6a6abcf772f016ebdb994c5a1e12f6b468a789,D:\maplestory_levup\docs\art\import-runs\ALL_AREAS_20260914_151243\staging\full\0040.png
2,m_axe_stump,s_mon_axe_stump,ICON,,863967d57c9745fda84dfdb27682c3dd,6aa797194d77c6b480adcc74,286159381038ba427a1fdf2ac026bdd2eb76f860d699fb6121a42cefced8a852,D:\maplestory_levup\docs\art\import-runs\ALL_AREAS_20260914_151243\staging\full\0041.png
2,m_axe_stump,s_mon_axe_stump,VFX,0,9709c7c6568c4d71a3b7ed83bfebcaa9,6aa796ee9776e56500b51976,cae8a535522936f5a1c77527052cdbcb95a24b8d5ae147867bf212800dcb5d8b,D:\maplestory_levup\docs\art\import-runs\ALL_AREAS_20260914_151243\staging\full\0042.png
2,m_axe_stump,s_mon_axe_stump,VFX,1,dbc5a0783705434db07ed2527adccc20,6aa7971fcb73a580dcb777f1,fc02b9e1f31a6fee8921d15bb10db3300839077f6d82566d9fb3ee13309a3901,D:\maplestory_levup\docs\art\import-runs\ALL_AREAS_20260914_151243\staging\full\0043.png
2,m_axe_stump,s_mon_axe_stump,VFX,2,bff3f21d458a4be8b8db0ca0b298dd65,6aa797349776e56500b5197a,f25b039acca351882410cc952dea01691587e0f5a8758aa484195ddfd24c2956,D:\maplestory_levup\docs\art\import-runs\ALL_AREAS_20260914_151243\staging\full\0044.png
2,m_axe_stump,s_mon_axe_stump,VFX,3,a29e6c563f3240f89a142e43e6da99d6,6aa797419776e56500b5197d,6e39fe1849e74d62a3b05bf32b16f0bdbd71bbb6e0b8046fc2a267032806e75b,D:\maplestory_levup\docs\art\import-runs\ALL_AREAS_20260914_151243\staging\full\0045.png
2,m_axe_stump,s_mon_axe_stump,VFX,4,bf93221095bc4798a65db3477d29a3f5,6aa7973bd43d0c8ffe66a1d0,9671721b4729b163f83d52c2846133710894a4bbd1b5d3e2d27305ab24456356,D:\maplestory_levup\docs\art\import-runs\ALL_AREAS_20260914_151243\staging\full\0046.png
2,m_axe_stump,s_mon_axe_stump,VFX,5,77354053e34142c9b0b3b1748326c8bb,6aa79767ff7ea1f2f92ef9e7,cf442c744233c0e4d72c3d3d6f293c3e490fae0f017cec93ca7aff9842e9a158,D:\maplestory_levup\docs\art\import-runs\ALL_AREAS_20260914_151243\staging\full\0047.png
2,m_axe_stump,s_mon_axe_stump,VFX,6,0f43a284c1234a2f922e2a3aeff26b15,6aa79760566d7f01ee61c84e,678b6b6c757ac13244c8a1eb3440806de18350bc6301bcdfb2bf93a68c5b026c,D:\maplestory_levup\docs\art\import-runs\ALL_AREAS_20260914_151243\staging\full\0048.png
2,m_axe_stump,s_mon_axe_stump,VFX,7,c5b75d764cd24f3383d9cdb95e3ddecb,6aa7974c566d7f01ee61c841,fb5c3ed4e661a46f396dc0322b4671c282e1bae3046624ee697c9f76d4a4d898,D:\maplestory_levup\docs\art\import-runs\ALL_AREAS_20260914_151243\staging\full\0049.png
2,m_dark_axe_stump,s_mon_dark_axe_stump,ICON,,1b10aa5c127e43c8b67b8e3cd64a737b,6aa79792d43d0c8ffe66a1e5,c3d765667a707a2f162c3c01ca5e06d6543fc58ba464f21e21e258ac8a7b7470,D:\maplestory_levup\docs\art\import-runs\ALL_AREAS_20260914_151243\staging\full\0050.png
2,m_dark_axe_stump,s_mon_dark_axe_stump,VFX,0,6b453727715746d3ae204fc3951e3ae3,6aa7976c566d7f01ee61c853,e8265939b39e89647ae74d7640ea1a06236007eeb41072bb24b1cc5774175fae,D:\maplestory_levup\docs\art\import-runs\ALL_AREAS_20260914_151243\staging\full\0051.png
2,m_dark_axe_stump,s_mon_dark_axe_stump,VFX,1,ee8cbcc6f5af4e8683dcf6d48b64a629,6aa797b46e6e2b1b7bf10dd2,6ddf6f7d4077b6f3e15fb2f34df0d5c2ac24e711ff4881cd3f77042a4a157783,D:\maplestory_levup\docs\art\import-runs\ALL_AREAS_20260914_151243\staging\full\0052.png
2,m_dark_axe_stump,s_mon_dark_axe_stump,VFX,2,f62d239f0f9f4e00a1b23e3966e250ff,6aa79772d43d0c8ffe66a1dc,dae1b2982af099f7a488d0d41aa6b91b42cc5f1de995df684cb763417222248f,D:\maplestory_levup\docs\art\import-runs\ALL_AREAS_20260914_151243\staging\full\0053.png
2,m_dark_axe_stump,s_mon_dark_axe_stump,VFX,3,d4fe81a44e894f06b0118bc78b71fd39,6aa797666c1999f2c89764c7,d5668e98d5be0f6a96afcc70d5b75a094f3f782e2c803ce6ec3bc635d8479040,D:\maplestory_levup\docs\art\import-runs\ALL_AREAS_20260914_151243\staging\full\0054.png
2,m_dark_axe_stump,s_mon_dark_axe_stump,VFX,4,71b80676aa0146c19a19f2aef7c25ea0,6aa7978c9521f8039aa84a1d,8583beff4d4c6d8db063d43f16c97d8b00b70fd1868ba538f751c4856df016fa,D:\maplestory_levup\docs\art\import-runs\ALL_AREAS_20260914_151243\staging\full\0055.png
2,m_dark_axe_stump,s_mon_dark_axe_stump,VFX,5,d7880d1003ea4d329e658ccdc6e919bd,6aa797ba6c1999f2c89764ed,797198d9d0ca7dfb0627321d057a606a3728d988139655619f880bfb1e2fa9ab,D:\maplestory_levup\docs\art\import-runs\ALL_AREAS_20260914_151243\staging\full\0056.png
2,m_dark_axe_stump,s_mon_dark_axe_stump,VFX,6,7ae9913ecba04f5eb94b1f44a054e178,6aa797d86e6e2b1b7bf10de4,52bf5543a315b5791bc691138b5d3316ccb1365ad2cb58e0c84e8b1c17365e5e,D:\maplestory_levup\docs\art\import-runs\ALL_AREAS_20260914_151243\staging\full\0057.png
2,m_dark_axe_stump,s_mon_dark_axe_stump,VFX,7,6d44181fdb8f489ea84aec35d2ae568f,6aa797e264283f7d05483860,cf87079559138181c448fee33f8bca2a8d0a349cb9796653c0bd0941fc28f01e,D:\maplestory_levup\docs\art\import-runs\ALL_AREAS_20260914_151243\staging\full\0058.png
2,m_fire_boar,s_mon_fire_boar,ICON,,f1cdcec07b964736af9c03384ea995f1,6aa798314964baca293c2297,6220bf30711b2df52ea800b29fb932fedc91663de2d699957460dc6e9fe0f82a,D:\maplestory_levup\docs\art\import-runs\ALL_AREAS_20260914_151243\staging\full\0059.png
2,m_fire_boar,s_mon_fire_boar,VFX,0,9554c1f79fcb4874b8b245568031011e,6aa797b16e6e2b1b7bf10dcf,1769ea5df893bf6b7e2e3b83728a57265126827af3f379160f2db3d365293107,D:\maplestory_levup\docs\art\import-runs\ALL_AREAS_20260914_151243\staging\full\0060.png
2,m_fire_boar,s_mon_fire_boar,VFX,1,f5395678ce0548e69d33adfbaf9ab13b,6aa797c29521f8039aa84a3a,b87523d4d5fafa68b6ed7e231f9fec466b49b0f0630a5563608a2743e8d0c292,D:\maplestory_levup\docs\art\import-runs\ALL_AREAS_20260914_151243\staging\full\0061.png
2,m_fire_boar,s_mon_fire_boar,VFX,2,cf87f6942fc643d897a2064043cc5d95,6aa797d1dd28f6470c293ee4,220bfc5fd63cee2c3d85a3900f0b0d97368930e90a8d5701b53865de4edb9417,D:\maplestory_levup\docs\art\import-runs\ALL_AREAS_20260914_151243\staging\full\0062.png
2,m_fire_boar,s_mon_fire_boar,VFX,3,a1d0a09a37ee4ccd8888dcf659ebfb0d,6aa7981a5d0dc263f8402b40,a2ad767d1ec34027b57359123512c75376fbcb031f82cd54f5a525e615ad4096,D:\maplestory_levup\docs\art\import-runs\ALL_AREAS_20260914_151243\staging\full\0063.png
2,m_fire_boar,s_mon_fire_boar,VFX,4,46f9548cde414ba4b92ad3ac8a445389,6aa798134964baca293c2291,73c3d567cdd151bbf4594b3bfe11dd964b9a870639768c202d24aecaaba947bb,D:\maplestory_levup\docs\art\import-runs\ALL_AREAS_20260914_151243\staging\full\0064.png
2,m_fire_boar,s_mon_fire_boar,VFX,5,d2a18e563ce44e5a95e508034a1aa5e0,6aa7981e4964baca293c2293,ab55eeb74fb5a2f13b4696ac8e865972fd95433804e6f19d21b2e9f3fb5a1f21,D:\maplestory_levup\docs\art\import-runs\ALL_AREAS_20260914_151243\staging\full\0065.png
2,m_fire_boar,s_mon_fire_boar,VFX,6,42cd43c8d1084112884e473367ec8f98,6aa797fedd28f6470c293eed,ecfbc29818a8e5f7a7df38aab72745ac8c12406bc11f8aa8b8353a08589223e1,D:\maplestory_levup\docs\art\import-runs\ALL_AREAS_20260914_151243\staging\full\0066.png
2,m_fire_boar,s_mon_fire_boar,VFX,7,07dbb124de5e42ee8c5663609137f9e7,6aa7980164283f7d05483868,aa4894699bebfad16149e0fc7ddb88a08f7b2c36664e6e578f194e51bcfb17a8,D:\maplestory_levup\docs\art\import-runs\ALL_AREAS_20260914_151243\staging\full\0067.png
2,m_iron_hog,s_mon_iron_hog,ICON,,92dabe6725664b49a65b71c8c9ad9933,6aa798954a5ad954719f34cb,cb36c30a94456f6fa89fd34bb908f2767e2d37eed9f8e6d38cbd061595b8b137,D:\maplestory_levup\docs\art\import-runs\ALL_AREAS_20260914_151243\staging\full\0068.png
2,m_skeleton_commander,s_mon_skeleton_commander,ICON,,580fb483808f4c29b4dfa0961da12c2d,6aa79883a77bc7d8028647d5,c48e574820450254ba933c55003bd192df0632f0a4fca4db30fbf2d94520f878,D:\maplestory_levup\docs\art\import-runs\ALL_AREAS_20260914_151243\staging\full\0069.png
2,m_skeleton_commander,s_mon_skeleton_commander,VFX,0,0a3e1cbb6ffc473884262486187d6bd5,6aa79887d43d0c8ffe66a1fa,78450969d103ac4d8d3a8bf055cc95269c33b4542786e3495047fe5694807c0f,D:\maplestory_levup\docs\art\import-runs\ALL_AREAS_20260914_151243\staging\full\0070.png
2,m_skeleton_commander,s_mon_skeleton_commander,VFX,1,8fbbbcd264814b8f9084d61b528d5625,6aa798714964baca293c22a8,feefef06ac7d3206f655df30b55b191dc6e154e0ac0f344248c939f067d3a855,D:\maplestory_levup\docs\art\import-runs\ALL_AREAS_20260914_151243\staging\full\0071.png
2,m_skeleton_commander,s_mon_skeleton_commander,VFX,2,5f3582b89f944805a28009cbcd0e7304,6aa798275d0dc263f8402b42,ae39186d01d1592dc292de542a765feba366b86befe1c52e1a5d622ebe120caf,D:\maplestory_levup\docs\art\import-runs\ALL_AREAS_20260914_151243\staging\full\0072.png
2,m_skeleton_commander,s_mon_skeleton_commander,VFX,3,4e73d36faf7741b2ad3bb4ccc909d9da,6aa79880a77bc7d8028647d4,f08ec3aee6a6934b898747f142d77a6fd80786c0ababacc9145c93b0a70b29e5,D:\maplestory_levup\docs\art\import-runs\ALL_AREAS_20260914_151243\staging\full\0073.png
2,m_skeleton_commander,s_mon_skeleton_commander,VFX,4,0d9e6dbe44e04294af958ee2a0ec738f,6aa798a0bd3304e6b2159b76,b3b177a3267528fc7e2a3462f7a86cd18cd6d2f21053c0c9e1009810998e2b20,D:\maplestory_levup\docs\art\import-runs\ALL_AREAS_20260914_151243\staging\full\0074.png
2,m_skeleton_commander,s_mon_skeleton_commander,VFX,5,860cd685e56b40d5a3ed5e482d744835,6aa798aa5c07d346a4cd839d,9696f7284e1fd42bfbd061d762a669cab0d78021a418bc9f2f2c6b0e7238d7aa,D:\maplestory_levup\docs\art\import-runs\ALL_AREAS_20260914_151243\staging\full\0075.png
2,m_skeleton_commander,s_mon_skeleton_commander,VFX,6,6c4c7313c6a549c69b676617eefbd28e,6aa798b1a77bc7d8028647df,fdbd1ff62635b9ce67db6b3a6da5908d12aa8f0acfe6861087935feed4547c55,D:\maplestory_levup\docs\art\import-runs\ALL_AREAS_20260914_151243\staging\full\0076.png
2,m_skeleton_commander,s_mon_skeleton_commander,VFX,7,8d34edea0de74ec7856dcc14e5184ffa,6aa7984b4964baca293c229e,22d0c4639a252104306bd66681edd084faf4524bb8dfe07d67af306d30b50133,D:\maplestory_levup\docs\art\import-runs\ALL_AREAS_20260914_151243\staging\full\0077.png
2,m_stone_golem,s_mon_stone,ICON,,76348de1ce654d5a961d9c64baf7b370,6aa79892d43d0c8ffe66a1fd,25ee865021fe261a927fd0e7e2824b22daf12b2447af721d7a4b11035c6e859d,D:\maplestory_levup\docs\art\import-runs\ALL_AREAS_20260914_151243\staging\full\0078.png
2,m_stone_golem,s_mon_stone,VFX,0,e69f3f0977a047b19a2c75b554be26b6,6aa79887d2156bd45f72d229,4f326422159809d0a2505c596a40c98f0eb4d7058bff4a715073e7ddfa9247de,D:\maplestory_levup\docs\art\import-runs\ALL_AREAS_20260914_151243\staging\full\0079.png
2,m_stone_golem,s_mon_stone,VFX,1,d5ba309905b847b4a2991f54973dfe43,6aa79cda896a2707bf5ddaa7,09353647cf1b37da4cfcd4847965bedbae1eb2ecbc12ce07fb3c9e6b882ee87c,D:\maplestory_levup\docs\art\import-runs\ALL_AREAS_20260914_151243\staging\full\0080.png
2,m_stone_golem,s_mon_stone,VFX,2,c211839e744b47269eb946d64c455114,6aa79cd1d119b909e68b2872,8fd2a25b9157985a335bd2e40ad1e9f7f5566f89837c1acdf72d62ea817f723c,D:\maplestory_levup\docs\art\import-runs\ALL_AREAS_20260914_151243\staging\full\0081.png
2,m_stone_golem,s_mon_stone,VFX,3,65dd8c912a674d16882ea982fed6665a,6aa79ceb896a2707bf5ddab4,e62950c83530947663253524bff33fe6887fece86ec0c6db97ded9c79191bd6c,D:\maplestory_levup\docs\art\import-runs\ALL_AREAS_20260914_151243\staging\full\0082.png
2,m_stone_golem,s_mon_stone,VFX,4,5ac3dd0e38384c0cafe7f1a98f2f8de8,6aa79909941a9d6fddd87908,2fa87e451d231b8df87e304968b07028358391bd38a0ef59905498bd3a5d2e7d,D:\maplestory_levup\docs\art\import-runs\ALL_AREAS_20260914_151243\staging\full\0083.png
2,m_stone_golem,s_mon_stone,VFX,5,a9d65f018d774ac6bdc2dc666071808a,6aa79918941a9d6fddd8790c,2ff231d60829083b653410d24fcd1653a3f7542454eb88b99a4cfd132b6434d0,D:\maplestory_levup\docs\art\import-runs\ALL_AREAS_20260914_151243\staging\full\0084.png
2,m_stone_golem,s_mon_stone,VFX,6,12cc423118434edca5ca1c1fe9bfa12c,6aa7993b941a9d6fddd87913,37b046a9c386b87431287d75df23f07782bc4bade88c074796359248de0c9913,D:\maplestory_levup\docs\art\import-runs\ALL_AREAS_20260914_151243\staging\full\0085.png
2,m_stone_golem,s_mon_stone,VFX,7,0f0ebbc5ceed4ead8092d1523b34d78c,6aa79945941a9d6fddd87915,609e003ffe96945acd066495be783c5f538103c6c439f8acae96908bc553216c,D:\maplestory_levup\docs\art\import-runs\ALL_AREAS_20260914_151243\staging\full\0086.png
2,m_stumpy,s_mon_stumpy,ICON,,ccfb3398d2b740e8a1e881f16f380129,6aa7996a941a9d6fddd8791f,e0189ab294c795f99fcbcddc0f19d1a6e6345e91d4c3027e507b521cc87d27f1,D:\maplestory_levup\docs\art\import-runs\ALL_AREAS_20260914_151243\staging\full\0087.png
2,m_stumpy,s_mon_stumpy,VFX,0,e779e28c9b1e4fd2af885272529c1d54,6aa799614a5ad954719f34ff,3da76846421ce22addf92841ffdb7402f23d9249827a178c72623e3591cc056f,D:\maplestory_levup\docs\art\import-runs\ALL_AREAS_20260914_151243\staging\full\0088.png
2,m_stumpy,s_mon_stumpy,VFX,1,5dbb7d6f37c14314ade0599ea56e2223,6aa799694a5ad954719f3502,24c7b006fbc5084db31bbc3d4d63ecc4df44e9d89198e1dbfd3aa4f3e1ec633a,D:\maplestory_levup\docs\art\import-runs\ALL_AREAS_20260914_151243\staging\full\0089.png
2,m_stumpy,s_mon_stumpy,VFX,2,4e967aafb8c24ee19e8665a04fc80932,6aa7999d896a2707bf5dda2e,c5052e6d48dba681cb2acb3a5e7410459b09d77982adf88197fb484b578e2bdb,D:\maplestory_levup\docs\art\import-runs\ALL_AREAS_20260914_151243\staging\full\0090.png
2,m_stumpy,s_mon_stumpy,VFX,3,19459826d59c4eac9be6b7663e2ab401,6aa79980731521fec39da773,bbf68f4547273d25ce1eeb1102ef7b40629a8915b4c147906380400f1c83eee2,D:\maplestory_levup\docs\art\import-runs\ALL_AREAS_20260914_151243\staging\full\0091.png
2,m_stumpy,s_mon_stumpy,VFX,4,ce5aac2721f64f30af3e1f36d0fa8ff9,6aa799aa896a2707bf5dda33,ce96e31cdf3786448cb0b2b718f86806c3ce4649efadf6a11acb4cc6acc17fd3,D:\maplestory_levup\docs\art\import-runs\ALL_AREAS_20260914_151243\staging\full\0092.png
2,m_stumpy,s_mon_stumpy,VFX,5,20edf1c0539a4f37b32dcf0a95943555,6aa79c91bd3304e6b2159bfe,26cf2e6823550167828ce3bc477abfe8c48e71d75e88258c44d23631be80d8e6,D:\maplestory_levup\docs\art\import-runs\ALL_AREAS_20260914_151243\staging\full\0093.png
2,m_stumpy,s_mon_stumpy,VFX,6,2d7b1d88f7ef4598b3266e12ebc27eaf,6aa799819776e56500b519ca,cd98988b678f297d3c0cede2aee078647fbb129696e6993c338f418745966ed2,D:\maplestory_levup\docs\art\import-runs\ALL_AREAS_20260914_151243\staging\full\0094.png
2,m_stumpy,s_mon_stumpy,VFX,7,4dde5a40e068486280a95ba876533797,6aa799c5731521fec39da783,76a93a2f37234f51056b469885d316e15bc5b83108f0c2b40b698263fd16b66b,D:\maplestory_levup\docs\art\import-runs\ALL_AREAS_20260914_151243\staging\full\0095.png
2,m_stumpy,s_mon_stumpy,VFX,8,15930f5a2887411fb064709c7488575d,6aa79c85bd3304e6b2159bfb,81138afd21f37a5b0a9b4b0304d85dae1a56d1b97e433048070c47b1924e146f,D:\maplestory_levup\docs\art\import-runs\ALL_AREAS_20260914_151243\staging\full\0096.png
2,m_stumpy,s_mon_stumpy,VFX,9,9aa08332609c4bc0af009eaa31e10ef8,6aa79c7e4d77c6b480adce1c,a0975a8fe0c036fdfc98703c335a760d2895362e49a4a4b2d62001434c620c0c,D:\maplestory_levup\docs\art\import-runs\ALL_AREAS_20260914_151243\staging\full\0097.png
2,m_stumpy,s_mon_stumpy,VFX,10,7dad326e9a484b12bad31778fe0e9866,6aa79a066c1999f2c8976529,7ade2c6bb36e7f5fe390c12d8f0d3029cf6a3384510a0398d167c283a046d96b,D:\maplestory_levup\docs\art\import-runs\ALL_AREAS_20260914_151243\staging\full\0098.png
2,m_stumpy,s_mon_stumpy,VFX,11,c3102837d60d45b8926c80ea0392c594,6aa79c8bbd3304e6b2159bfc,68114507e504cca4302da5cb26bdcc4dc1bcfc0022bc6f18d01feea80b0a9293,D:\maplestory_levup\docs\art\import-runs\ALL_AREAS_20260914_151243\staging\full\0099.png
2,m_wild_boar,s_mon_wild_boar,ICON,,9cfec7ae0d99456bb583e2db17e8eda1,6aa79ca6da112e195ba2c164,029b2cf1437b8fbcbbe6aa8d16f5e5af8a77adb48207607bab6d2b9f8d30610c,D:\maplestory_levup\docs\art\import-runs\ALL_AREAS_20260914_151243\staging\full\0100.png
2,m_wild_boar,s_mon_wild_boar,VFX,0,8c2ebfcc557144b89771a2f06c44f157,6aa79cb7da112e195ba2c16b,e03d4696d034852280c592588922ce2f1ef7c452a33571effe589608a62eb248,D:\maplestory_levup\docs\art\import-runs\ALL_AREAS_20260914_151243\staging\full\0101.png
2,m_wild_boar,s_mon_wild_boar,VFX,1,1a6edaf52e8548568b569b06e5c5e561,6aa79cc05a42a19740c45e27,711a06f68bf88e70266120ed6540ce73e57797d3fac9258c129ead939a47471d,D:\maplestory_levup\docs\art\import-runs\ALL_AREAS_20260914_151243\staging\full\0102.png
2,m_wild_boar,s_mon_wild_boar,VFX,2,b1168c27f75d4ca9922d9388c98de450,6aa79cf4821b9a1b17d8119c,cf553a47f6bf0e5905f00af489e4f628d0737e490507b39ba7132abb4551fe8c,D:\maplestory_levup\docs\art\import-runs\ALL_AREAS_20260914_151243\staging\full\0103.png
2,m_wild_boar,s_mon_wild_boar,VFX,3,bdebfdc5f3b240c99c5caef8ecbd611b,6aa799db9776e56500b519e5,d01f449bb44f11f5e87c9bb9640a499e23f0196333f9f5b2088f87b58902629a,D:\maplestory_levup\docs\art\import-runs\ALL_AREAS_20260914_151243\staging\full\0104.png
2,m_wild_boar,s_mon_wild_boar,VFX,4,3994833e14824c368ae5c7518ae9bc7d,6aa79a664d77c6b480adccee,720bc20909ac7c7007a2acaec37b8c0cf041e0b07d3b988098f0f4e8e43d22b5,D:\maplestory_levup\docs\art\import-runs\ALL_AREAS_20260914_151243\staging\full\0105.png
2,m_wild_boar,s_mon_wild_boar,VFX,5,e22a276e42f647b89a3784a97228503b,6aa79a691e2dc5d6b4e9b3c4,32a875aace8292e9195f7b51598eac86e4908e1e44710123899faf335f7ab6ef,D:\maplestory_levup\docs\art\import-runs\ALL_AREAS_20260914_151243\staging\full\0106.png
2,m_wild_boar,s_mon_wild_boar,VFX,6,73f3c77b9fc2483d9cbf5ffa9584fd74,6aa79b3b7208d3e6c3f67cc4,6f7dd9bb4bd2817a0bd2845ebdc43897160000fd0817962851223b3ec2b77575,D:\maplestory_levup\docs\art\import-runs\ALL_AREAS_20260914_151243\staging\full\0107.png
2,m_wild_boar,s_mon_wild_boar,VFX,7,62b18b03384446af97ca7d07200f363d,6aa79a12941a9d6fddd87934,744b142a60cafe46d63abc0cb82eed1fb815e71abe1f13bd6dc347229658319b,D:\maplestory_levup\docs\art\import-runs\ALL_AREAS_20260914_151243\staging\full\0108.png
3,m_bubbling,s_mon_bubbling,ICON,,c0c1228427034f848f875368ce53365c,6aa79a1b941a9d6fddd8793d,e1a03ed910317bde601b751b55e3d68647b73f49885eb8b5c5ca5b08360a0e31,D:\maplestory_levup\docs\art\import-runs\ALL_AREAS_20260914_151243\staging\full\0109.png
3,m_dark_stump,s_mon_dark_stump,ICON,,a58824613d0b498cb3407c1e570ca4c8,6aa79a661e2dc5d6b4e9b3c3,a2b2baba3c9d883fcf84a7464d493261fe6464e8e1ee0fd281143d5888087203,D:\maplestory_levup\docs\art\import-runs\ALL_AREAS_20260914_151243\staging\full\0110.png
3,m_dark_stump,s_mon_dark_stump,VFX,0,78e0734c92424c0eace65af662946ea9,6aa79a874d77c6b480adcd0c,4cec78eba779e4fc2ae79d056b2e62491ca47ff03c457ed6b62ce496088252d5,D:\maplestory_levup\docs\art\import-runs\ALL_AREAS_20260914_151243\staging\full\0111.png
3,m_dark_stump,s_mon_dark_stump,VFX,1,989f4a6332ac48b0b6a1e9869c28d579,6aa79a9288413f765269bb4e,488aa4fb905559adeb5503e68de35cc1bd8cbadaef74852ad66392707293b471,D:\maplestory_levup\docs\art\import-runs\ALL_AREAS_20260914_151243\staging\full\0112.png
3,m_dark_stump,s_mon_dark_stump,VFX,2,5a05ce6a351a4bdd91f0116f85e401be,6aa79ad4ca0a2020a0d87542,17cf567e1aa493ee70e36e1b11254f509130e952f24a242040081968e5471446,D:\maplestory_levup\docs\art\import-runs\ALL_AREAS_20260914_151243\staging\full\0113.png
3,m_dark_stump,s_mon_dark_stump,VFX,3,b6d3c2c4a868410a9301539c58397810,6aa79b7acb73a580dcb7781e,fe423f28452300c5b97688c7a7cb31fd4f0a91075ed4c277ecd92b97fa22cfd2,D:\maplestory_levup\docs\art\import-runs\ALL_AREAS_20260914_151243\staging\full\0114.png
3,m_dark_stump,s_mon_dark_stump,VFX,4,725632e8526b43bca28f3b664873037d,6aa79b0b4a5ad954719f3540,1c4312c227a33bb844cbd4119a79facb13da2a2a5f861f3896371835a0606a3d,D:\maplestory_levup\docs\art\import-runs\ALL_AREAS_20260914_151243\staging\full\0115.png
3,m_dark_stump,s_mon_dark_stump,VFX,5,be33e45d1b814a1fa9b879c9c35a2e37,6aa79a79d119b909e68b27d3,99b3aaae6789591de46232b78c5b52290c220c8281f3f2ce631b373fab56bab5,D:\maplestory_levup\docs\art\import-runs\ALL_AREAS_20260914_151243\staging\full\0116.png
3,m_dark_stump,s_mon_dark_stump,VFX,6,e9999b4056ee46e5aa74e21b5219e513,6aa79a8388413f765269bb4b,13d7ff57adc0738baf886b577dc5ee5924af32345b3b75b896d54c799b8595b1,D:\maplestory_levup\docs\art\import-runs\ALL_AREAS_20260914_151243\staging\full\0117.png
3,m_dark_stump,s_mon_dark_stump,VFX,7,54983d0bde5543b8914fa4642509c352,6aa79abfda112e195ba2c125,fee3589749c8e26ae90bc4a1556d2ddfd8f711f3f5182aa1376efabec1c96556,D:\maplestory_levup\docs\art\import-runs\ALL_AREAS_20260914_151243\staging\full\0118.png
3,m_fairy,s_mon_fairy,ICON,,b81a700d0bfc4862845b4fb637daef7c,6aa79b0e1e2dc5d6b4e9b43f,3a18b6edab9a037cb0762598d087e094379e20e0570e7a12b25de0187580f5df,D:\maplestory_levup\docs\art\import-runs\ALL_AREAS_20260914_151243\staging\full\0119.png
3,m_fairy,s_mon_fairy,VFX,0,920f73e751a649e8ad8706f2659ac036,6aa79afcd119b909e68b2823,1d5f01438cc089e1cad3c3ccfe41cbcea5078192a81e7db2bdf7aba660f0fe8a,D:\maplestory_levup\docs\art\import-runs\ALL_AREAS_20260914_151243\staging\full\0120.png
3,m_fairy,s_mon_fairy,VFX,1,977f3c8366134af9a3b81eaefb859546,6aa79b46430112b1e65f2e1f,ef0f9163cb399784b0824f7cbdc40a1a35dd7bc6e3e3eb05de4792ec3ff0d298,D:\maplestory_levup\docs\art\import-runs\ALL_AREAS_20260914_151243\staging\full\0121.png
3,m_fairy,s_mon_fairy,VFX,2,436526afb7184c4cb0c8a75d61913bd8,6aa79b145c0e7e494b8d166d,19a9dd37c439b7e5222048178dfa75da94cbf40e23cc01f7ed7d5801dc6290c2,D:\maplestory_levup\docs\art\import-runs\ALL_AREAS_20260914_151243\staging\full\0122.png
3,m_fairy,s_mon_fairy,VFX,3,76e07fba10a3433fbc3f8164d31e9d90,6aa79ad07208d3e6c3f67c8f,73ecf2e58dc1a9ba37d2606dd3337c0481681a1a107623b2ac5a104142a34c33,D:\maplestory_levup\docs\art\import-runs\ALL_AREAS_20260914_151243\staging\full\0123.png
3,m_fairy,s_mon_fairy,VFX,4,447e0f9c328e4dc2ae5a337392f7b936,6aa79b963d2793a4363db239,62cb13dda9b7d035d3f8dfd05caa2cf9ffb94aaa2df4bf90c73b20d9f22274ca,D:\maplestory_levup\docs\art\import-runs\ALL_AREAS_20260914_151243\staging\full\0124.png
3,m_fairy,s_mon_fairy,VFX,5,555e33ecbb1e45d196f76cf2e7e7f2e9,6aa79ba3cb73a580dcb7785d,c43e9e309852e05be8c6eccbcdf2005898c3bcb01653f26fcc9d462d65140dec,D:\maplestory_levup\docs\art\import-runs\ALL_AREAS_20260914_151243\staging\full\0125.png
3,m_fairy,s_mon_fairy,VFX,6,9d5caf2a988e468f94d2c1e7fd7a790f,6aa79abc7208d3e6c3f67c88,86aee9210c06a7d842e488da8530d19b981e6d262cef4f801aa61ff28328dc98,D:\maplestory_levup\docs\art\import-runs\ALL_AREAS_20260914_151243\staging\full\0126.png
3,m_fairy,s_mon_fairy,VFX,7,31bd0f4576b749569ad3762724488720,6aa79af2da112e195ba2c14e,98ce77aaadbae6db5c9e2ab2ef9e03a0872653b4591d61fcbf4e2f7961e505ec,D:\maplestory_levup\docs\art\import-runs\ALL_AREAS_20260914_151243\staging\full\0127.png
3,m_faust,s_mon_faust,ICON,,c08b9d79749c45f3b5dbcde677b0886d,6aa79b56ff7ea1f2f92efaa1,a86d5eee1a58275c8b7d37b05874cd0012f04ffc69486f014845164fd1674f13,D:\maplestory_levup\docs\art\import-runs\ALL_AREAS_20260914_151243\staging\full\0128.png
3,m_faust,s_mon_faust,VFX,0,4c2bdeb65c9e40d3851c96d3b1879a32,6aa79b7b430112b1e65f2e54,f43f06cc9c8665f4f22d247bb4970349a341ad464348b2b63131fe4e5025a33c,D:\maplestory_levup\docs\art\import-runs\ALL_AREAS_20260914_151243\staging\full\0129.png
3,m_faust,s_mon_faust,VFX,1,f4ab94884eb04a45a0b37e61a54fe641,6aa79bad4d77c6b480adcdda,ed0563d6ac69ef678e1a6de5613372e4788d74eaedb6c926fb2718595e7769cb,D:\maplestory_levup\docs\art\import-runs\ALL_AREAS_20260914_151243\staging\full\0130.png
3,m_faust,s_mon_faust,VFX,2,a3c3c1b80078436da361be633612ede2,6aa79b1ad119b909e68b284e,766d229cd577e991dd8c8e8d63954bcecb394ebc938154c58cd1c7dc31843661,D:\maplestory_levup\docs\art\import-runs\ALL_AREAS_20260914_151243\staging\full\0131.png
3,m_faust,s_mon_faust,VFX,3,54c94d187e064336a429aa8eb7a65246,6aa79ad888413f765269bb60,dad2ff1008f6c36becee5c199ba87882748d4bad8e8d11db56f7ff412a02d1dd,D:\maplestory_levup\docs\art\import-runs\ALL_AREAS_20260914_151243\staging\full\0132.png
3,m_faust,s_mon_faust,VFX,4,ac8d9ee77e904e5dbc9f206f5a89aa02,6aa79befc91f1fc250f6e2e7,a73dadba8a66a16a692d0031df5b4485e8aa170eb3ffa5ba1a8896a8f561f5e4,D:\maplestory_levup\docs\art\import-runs\ALL_AREAS_20260914_151243\staging\full\0133.png
3,m_faust,s_mon_faust,VFX,5,ad619783f597410191aa2cf61426390e,6aa79b1b4a5ad954719f3553,3ed5ab912ec94a85d27692120b262de7c6b05f8e7dd7148780adbcf4d78c27fe,D:\maplestory_levup\docs\art\import-runs\ALL_AREAS_20260914_151243\staging\full\0134.png
3,m_faust,s_mon_faust,VFX,6,9ac7d32d4ac844a2912e1e464688c782,6aa79b5eff7ea1f2f92efaa6,8e59c2e8d1be2deaa717cdfeebe4f6804d48368970c97965cae399d847d8fe79,D:\maplestory_levup\docs\art\import-runs\ALL_AREAS_20260914_151243\staging\full\0135.png
3,m_faust,s_mon_faust,VFX,7,572e9c279c68447c8b8bbad8b7e08170,6aa79bf1ca0a2020a0d875a7,af6edc32cecdc2550bb45f14ad9d0c04cea15399bf8a4f471a2de036c5c58d84,D:\maplestory_levup\docs\art\import-runs\ALL_AREAS_20260914_151243\staging\full\0136.png
3,m_faust,s_mon_faust,VFX,8,5307702f2e0547e787d6f164b7d8fa7a,6aa79c624d77c6b480adce16,b483cbaaa3c3ec0b2db6e7907fca3821836e1c8d813b9109883cdd1efe58e3cc,D:\maplestory_levup\docs\art\import-runs\ALL_AREAS_20260914_151243\staging\full\0137.png
3,m_faust,s_mon_faust,VFX,9,e4f7ffc053484cee980d6654bbded6f9,6aa79b9a4d77c6b480adcdc6,48868e2a77d12f8ab48ddc03c0397d1d123d14c50adc0966aab0f2660483f11f,D:\maplestory_levup\docs\art\import-runs\ALL_AREAS_20260914_151243\staging\full\0138.png
3,m_faust,s_mon_faust,VFX,10,01c9fd4bd702417a9668753b713bc375,6aa79b5f9521f8039aa84ad6,21c97de08b4874029ca85eb930c521fed7382767dc99b78802ac642e4b5810d6,D:\maplestory_levup\docs\art\import-runs\ALL_AREAS_20260914_151243\staging\full\0139.png
3,m_faust,s_mon_faust,VFX,11,5659664bd3d741b284f01c0bb4fc9f73,6aa79ba1cb73a580dcb7785b,bcb90a1133b73681ecd73ca91075ef7f1d6e845b0f09e45f1921cf8f461eb68e,D:\maplestory_levup\docs\art\import-runs\ALL_AREAS_20260914_151243\staging\full\0140.png
3,m_slime,s_mon_slime,ICON,,3737989b17f045949fa45a978c003150,6aa79bf9dd028465bf663d86,251c2065c5f487425266c32094ad6b83433af518d4e322f0eb4ff331f0300d82,D:\maplestory_levup\docs\art\import-runs\ALL_AREAS_20260914_151243\staging\full\0141.png
3,m_slime,s_mon_slime,VFX,0,bc261d89981f4f639ff19ca9cd2d45c9,6aa79be99521f8039aa84b11,721fb396831d003d12bd6b27f8dd9850e08e522c63de23fb9e9100620dbada0d,D:\maplestory_levup\docs\art\import-runs\ALL_AREAS_20260914_151243\staging\full\0142.png
3,m_slime,s_mon_slime,VFX,1,3250e85ccb8842eda4594a465e82eb63,6aa79bd53d2793a4363db27e,0711dde3beb1986b1892d5ede812ec98143cd9aa203d3f2b4692836bcef1cb23,D:\maplestory_levup\docs\art\import-runs\ALL_AREAS_20260914_151243\staging\full\0143.png
3,m_slime,s_mon_slime,VFX,2,b6675e7acc134d77b93942fb5ce40ef0,6aa79be09521f8039aa84b07,a65621ce63a1d46777a6ee372e0963ebcb0fd0d2d1e74db8906523d227b26467,D:\maplestory_levup\docs\art\import-runs\ALL_AREAS_20260914_151243\staging\full\0144.png
3,m_slime,s_mon_slime,VFX,3,4b13b23f6a12456c90d1b634deade3be,6aa79bf7dd028465bf663d83,f151b1fbe459cd775a1fd1858061693c7c907e14ee3042df3bc32d764a75700e,D:\maplestory_levup\docs\art\import-runs\ALL_AREAS_20260914_151243\staging\full\0145.png
3,m_slime,s_mon_slime,VFX,4,03a81f145fd749beb6d8c810f95a3b3b,6aa79bde9521f8039aa84b03,f720abff97ae3865096794a590bd09e101fdb15c9c6d538bf7f8754f8301f23a,D:\maplestory_levup\docs\art\import-runs\ALL_AREAS_20260914_151243\staging\full\0146.png
3,m_slime,s_mon_slime,VFX,5,7fa0d014568f4d9f8916bcf2e986afa5,6aa79bc5ae1303950ca3185e,2e66b8f3f516a5c84406eec55b1da6e811fa09648f51bfa2e8c97cb5b00a92ef,D:\maplestory_levup\docs\art\import-runs\ALL_AREAS_20260914_151243\staging\full\0147.png
3,m_slime,s_mon_slime,VFX,6,3c783ea513914feca7d1f2af9b7abbc5,6aa79c43ca0a2020a0d875be,d87a37279f0fbd246a6faf360185740c57c3b5bcffc9b57bccbaa9814edf194a,D:\maplestory_levup\docs\art\import-runs\ALL_AREAS_20260914_151243\staging\full\0148.png
3,m_slime,s_mon_slime,VFX,7,2574043b52a2402ebc1b9e51b5e7764b,6aa79c359521f8039aa84b33,a2c527afdcb2696d3284af4a7bacf696613ddd7f69b1f5adc3d1ac102ba16ddd,D:\maplestory_levup\docs\art\import-runs\ALL_AREAS_20260914_151243\staging\full\0149.png
4,m_jr_wraith,s_mon_jr_wraith,ICON,,493884af48ab49a78d0fac7aa8c5de7a,6aa79bfc156a9b317386d716,7ce53e7bf23c70c59ba0fc19cdfacad52a4435cf3ab8e0b0b71693fdca433211,D:\maplestory_levup\docs\art\import-runs\ALL_AREAS_20260914_151243\staging\full\0150.png
4,m_jr_wraith,s_mon_jr_wraith,VFX,0,b5aa73922c624a7aaabb3aa94fe66336,6aa79c4ebd3304e6b2159be8,fc21cf7a782e1ab1765e5297080dd0c261d7dd867ce60ae44607c92401d927fb,D:\maplestory_levup\docs\art\import-runs\ALL_AREAS_20260914_151243\staging\full\0151.png
4,m_jr_wraith,s_mon_jr_wraith,VFX,1,e55e6931d5854e83b1b78948272fbec8,6aa79c87566d7f01ee61c8e7,c49a76bd68e4c77bf3c622baf51ea2be77ab62f7af921a83b64fa2f11ebda1c0,D:\maplestory_levup\docs\art\import-runs\ALL_AREAS_20260914_151243\staging\full\0152.png
4,m_jr_wraith,s_mon_jr_wraith,VFX,2,a97b58395f484c46a1c748c72a40870d,6aa79c797d5521b7dabe8f29,69419c7da01ef66291d1539bb3f581e0516bc7c9aafd9aa737e7ba0ceb3cd77e,D:\maplestory_levup\docs\art\import-runs\ALL_AREAS_20260914_151243\staging\full\0153.png
4,m_jr_wraith,s_mon_jr_wraith,VFX,3,e746c4a1b5de435d80baa4f898202bc5,6aa79c86566d7f01ee61c8e5,0b13d2a4c5b3bd498f413e0e82d7af23dea24f03b46e56089ffb5b42bf26dd58,D:\maplestory_levup\docs\art\import-runs\ALL_AREAS_20260914_151243\staging\full\0154.png
4,m_jr_wraith,s_mon_jr_wraith,VFX,4,0dbbd233429746f0807ac9c19083e9f8,6aa79c714d77c6b480adce1a,72df544a55ff5bc2003a49bffba9ba27c82e88cbfc63bd217b6dfbd750cd4e86,D:\maplestory_levup\docs\art\import-runs\ALL_AREAS_20260914_151243\staging\full\0155.png
4,m_jr_wraith,s_mon_jr_wraith,VFX,5,4cdc14dce45744debfb576db2e451b6b,6aa79c5edd028465bf663da8,98bfad9e9cfd574649fc9105c8b1685ff87240727748f368a24862fa9309ef81,D:\maplestory_levup\docs\art\import-runs\ALL_AREAS_20260914_151243\staging\full\0156.png
4,m_jr_wraith,s_mon_jr_wraith,VFX,6,dd36e56dfd5c4050b8e6287e5ec04472,6aa79c727d5521b7dabe8f26,024a5513f605cd0272a132b004a82b6da7854024c4de9b2c0dc108672601226c,D:\maplestory_levup\docs\art\import-runs\ALL_AREAS_20260914_151243\staging\full\0157.png
4,m_jr_wraith,s_mon_jr_wraith,VFX,7,f6418104329e4fcf8f0610016db02c28,6aa79c70bd3304e6b2159bf0,73d91873e872d09c7a6431daa5749344de3ecfb151517ea7706b40bb61d76535,D:\maplestory_levup\docs\art\import-runs\ALL_AREAS_20260914_151243\staging\full\0158.png
4,m_octopus,s_mon_octopus,ICON,,8934b8fd498248e79aceefea2019c608,6aa79c605a42a19740c45e1b,88a636236a7227b2aca5969ad1e286337f31c9b5006166bf5444d5921cb9677e,D:\maplestory_levup\docs\art\import-runs\ALL_AREAS_20260914_151243\staging\full\0159.png
4,m_octopus,s_mon_octopus,VFX,0,3633aa96aa454eef9ae7e59e168c649f,6aa79c7f566d7f01ee61c8e2,b582d845cbfb82d6091f690c2c0b7b0ed8e1dc45ecd65aa2dc0b61339bccc1de,D:\maplestory_levup\docs\art\import-runs\ALL_AREAS_20260914_151243\staging\full\0160.png
4,m_octopus,s_mon_octopus,VFX,1,891f74b98d044773a410e27f140f3d94,6aa79cd7d119b909e68b2879,5c51e59eaaac772eddeb342ff2c74365e447d65d2c58c994b9060e412acc8ed3,D:\maplestory_levup\docs\art\import-runs\ALL_AREAS_20260914_151243\staging\full\0161.png
4,m_octopus,s_mon_octopus,VFX,2,06fa590c6e184f718e64af5b5b6ee6b4,6aa79ce29776e56500b51a2d,d222aaa4d0d32c953d9118e3bd317946b2af6460560707ecae7d5c5dca1158f8,D:\maplestory_levup\docs\art\import-runs\ALL_AREAS_20260914_151243\staging\full\0162.png
4,m_octopus,s_mon_octopus,VFX,3,6f69fcc27801407d93195d464022e954,6aa79c804d77c6b480adce1d,b0db4665dab17d0e4d58d9cb52ac303a0c28973454dcae13634763bef2dae142,D:\maplestory_levup\docs\art\import-runs\ALL_AREAS_20260914_151243\staging\full\0163.png
4,m_octopus,s_mon_octopus,VFX,4,0afc44ac09b148a489e9202cf52b81a3,6aa79c867d5521b7dabe8f2f,c13881e92318ccbf023101272b26bbf83c92f632d05815e3f4a0436f4d2bd74d,D:\maplestory_levup\docs\art\import-runs\ALL_AREAS_20260914_151243\staging\full\0164.png
4,m_octopus,s_mon_octopus,VFX,5,68400502b4fd4e68b95755d4f8ac81b6,6aa79ca8da112e195ba2c165,7acb304c8d50f95d35d91b3859ffc252811fb903af051914ab7983bbc759a755,D:\maplestory_levup\docs\art\import-runs\ALL_AREAS_20260914_151243\staging\full\0165.png
4,m_octopus,s_mon_octopus,VFX,6,e0695277d46d44a283f048543260232a,6aa79ca4bd3304e6b2159c02,d35a6216c6b17d9d28eb2b44e2d81b862ad1c8e67ecc2177d51f09f9502072df,D:\maplestory_levup\docs\art\import-runs\ALL_AREAS_20260914_151243\staging\full\0166.png
4,m_octopus,s_mon_octopus,VFX,7,8bdaf5ffbc73439a984af2d5284c7bfe,6aa79c52bd3304e6b2159be9,3ec80a88b36e3c0c75ca9111bfa64dd2d503070a3750976e6f8f7e9e711c32b4,D:\maplestory_levup\docs\art\import-runs\ALL_AREAS_20260914_151243\staging\full\0167.png
4,m_shade,s_mon_shade,ICON,,8b3a46d1198a4d9bb22ea961654ace84,6aa79c997d5521b7dabe8f35,a260772adaf0fd1b94e0561dda935defdd089cf3c4591f24a39016ca46c11696,D:\maplestory_levup\docs\art\import-runs\ALL_AREAS_20260914_151243\staging\full\0168.png
4,m_shade,s_mon_shade,VFX,0,4919dec4978b4b7da766fadd900aa08a,6aa79caf896a2707bf5dda90,a5c5740d4842d975f9c8534a54076a111fd04f71b323f60f78d7a97f2eb8aef5,D:\maplestory_levup\docs\art\import-runs\ALL_AREAS_20260914_151243\staging\full\0169.png
4,m_shade,s_mon_shade,VFX,1,5d923997b052486aa28e8749a9affcac,6aa79ccd896a2707bf5dda96,a703db02418bc616aa754ded5688a454050077f4b2ed73e9869bebdf43b08ad6,D:\maplestory_levup\docs\art\import-runs\ALL_AREAS_20260914_151243\staging\full\0170.png
4,m_shade,s_mon_shade,VFX,2,6bd2c12bbfb542bca4862965e93ac15d,6aa79ca34d77c6b480adce24,a9e9357861aebc71f2fcc1d93dbf68237f844dd24ee8400f59e3233d9fd6554b,D:\maplestory_levup\docs\art\import-runs\ALL_AREAS_20260914_151243\staging\full\0171.png
4,m_shade,s_mon_shade,VFX,3,e93ac3d67f74439597f49e2fc6231509,6aa79cbdda112e195ba2c16e,fd7444487a9f809fe59890a85329bc2e9c82a7da8346298ee757ada72ed53a43,D:\maplestory_levup\docs\art\import-runs\ALL_AREAS_20260914_151243\staging\full\0172.png
4,m_shade,s_mon_shade,VFX,4,19f31891d51b4a2fbb2defe395823c49,6aa79ce66c1999f2c89765de,1344a607910df0cebf85e3713d52583e5d794824d7f9632e1c73ef14e51b98d8,D:\maplestory_levup\docs\art\import-runs\ALL_AREAS_20260914_151243\staging\full\0173.png
4,m_shade,s_mon_shade,VFX,5,a4309d4709404ad7a25ad8f3c1e23b68,6aa79cac896a2707bf5dda8f,874a557f8a640156e3d20249dc4474d76382d526f6f3ad4cf23b54ec7a7dc17c,D:\maplestory_levup\docs\art\import-runs\ALL_AREAS_20260914_151243\staging\full\0174.png
4,m_shade,s_mon_shade,VFX,6,e3e935b3434947f8bc45538a2917f057,6aa79ce5821b9a1b17d81196,260db454af18843de51ce2c80b02a5c8a56874fff9ec289af19781fcc70b8bc8,D:\maplestory_levup\docs\art\import-runs\ALL_AREAS_20260914_151243\staging\full\0175.png
4,m_shade,s_mon_shade,VFX,7,10595b0c90904810947145ea438776e1,6aa79ccf9776e56500b51a21,7ee47a8ff27d7cfd22f0078540db6543cc13b6d4475fe77c57eac09e66e9c01c,D:\maplestory_levup\docs\art\import-runs\ALL_AREAS_20260914_151243\staging\full\0176.png
4,m_shade,s_mon_shade,VFX,8,6c94d904e5de49a7b6564662d3067ec3,6aa79cf86c1999f2c89765e1,60be5cce3c14cbaec63df94eb07e3a50c8a755c476eb35312a6a1e94b5835f4c,D:\maplestory_levup\docs\art\import-runs\ALL_AREAS_20260914_151243\staging\full\0177.png
4,m_shade,s_mon_shade,VFX,9,e5c7a3946643426e97dad0951e5446c0,6aa79cc9da112e195ba2c176,d2fb3338409130bdbf1bf705fbfd4e68c679e4f3bd6899824c57da0249420df8,D:\maplestory_levup\docs\art\import-runs\ALL_AREAS_20260914_151243\staging\full\0178.png
4,m_shade,s_mon_shade,VFX,10,66b8a529f650449394f0b0f5f4f065c7,6aa79cfcda112e195ba2c186,f32ad50fee6777b81f6144b4da0ce0b1099b4738a98c69fbe234cbef35e45828,D:\maplestory_levup\docs\art\import-runs\ALL_AREAS_20260914_151243\staging\full\0179.png
4,m_shade,s_mon_shade,VFX,11,9e99dd9ef9804d5fafb7f8df60f616e7,6aa799a09776e56500b519d0,d58b9556f42116f8a80199d8f994ab5042f9324cc344e3c29a125d0c3eb90eaa,D:\maplestory_levup\docs\art\import-runs\ALL_AREAS_20260914_151243\staging\full\0180.png
4,m_stirge,s_mon_stirge,ICON,,5d106e419f2a4cc3b778ea6d29b27757,6aa7a3aa821b9a1b17d8122d,9d9bd1e03015a1b7e416ff4140bf349c54829da3d913e934da3b7c7985a05657,D:\maplestory_levup\docs\art\import-runs\ALL_AREAS_20260914_151243\staging\full\0181.png
4,m_wraith,s_mon_wraith,ICON,,6e96f02743e049429c9defd3ef464310,6aa7a3951e4672497c5b443b,4204fb16099d85e79ab447f2a62d1772e43278dbb13fdc10c1a5699e22cf1ad8,D:\maplestory_levup\docs\art\import-runs\ALL_AREAS_20260914_151243\staging\full\0182.png
5,m_blue_pig,s_mon_blue_pig,ICON,,7b47a3a139ff4da696137caa5413dd52,6aa79a12c91f1fc250f6e288,3224818592af0c1d5d05a616124ae4e74c1dd5601dbe517bf82a5932907c713f,D:\maplestory_levup\docs\art\import-runs\ALL_AREAS_20260914_151243\staging\full\0183.png
5,m_jellyfish,s_mon_jellyfish,ICON,,89695a39f8fa4fab9f89ddfc461f184b,6aa79f255d0dc263f8402c82,937a6865a5ac8d9829838017674a6ed3dbb3a2eac0517a6b9fee0ecd6d1ea58f,D:\maplestory_levup\docs\art\import-runs\ALL_AREAS_20260914_151243\staging\full\0184.png
5,m_king_clang,s_mon_king_clang,ICON,,b54358bd342b46cbad74d51a0aae4fb2,6aa79f355d0dc263f8402c88,6a34c44cb728ddca7f604f4ce249d925378769d8fc27a3c582d78ce0317658a3,D:\maplestory_levup\docs\art\import-runs\ALL_AREAS_20260914_151243\staging\full\0185.png
5,m_king_clang,s_mon_king_clang,VFX,0,cd65aacf57774bf78b9817fd101c8cf0,6aa7a4062014ee9cec1c8a9b,6bcee523b2bbf9b99d48a8d5cddf8cc644e00548651f9180925f5f0272877769,D:\maplestory_levup\docs\art\import-runs\ALL_AREAS_20260914_151243\staging\full\0186.png
5,m_king_clang,s_mon_king_clang,VFX,1,82daccad79024beb9a6f25b61632f90b,6aa79f61cb73a580dcb778b6,fb718ebe5d856de762fa20f2ed27c6b26bf59f7cbcbf656da119aafc33170734,D:\maplestory_levup\docs\art\import-runs\ALL_AREAS_20260914_151243\staging\full\0187.png
5,m_king_clang,s_mon_king_clang,VFX,2,36b21956324d4b3ea7f1cb7a588df32f,6aa79f514d77c6b480adce73,4a595e86ea07edffb354ba64958a38cc00bd663e1a047cfe842a9c0abb027a1a,D:\maplestory_levup\docs\art\import-runs\ALL_AREAS_20260914_151243\staging\full\0188.png
5,m_king_clang,s_mon_king_clang,VFX,3,fc18bbae77234a6b95711effe06afc96,6aa79f574d77c6b480adce78,d8bb3ac5f0fdea8d891a75a888ee06d881ca1250c98399b1a0faece44ae3f53c,D:\maplestory_levup\docs\art\import-runs\ALL_AREAS_20260914_151243\staging\full\0189.png
5,m_king_clang,s_mon_king_clang,VFX,4,aef2e618aff044fdbdf7aa98dd075300,6aa799d29776e56500b519e0,d35a735f5ec01409ed30a173d134b395ffbb085b160002ca18f9eb3c4a5076af,D:\maplestory_levup\docs\art\import-runs\ALL_AREAS_20260914_151243\staging\full\0190.png
5,m_king_clang,s_mon_king_clang,VFX,5,5005a99484794fd6bb4d6eb9f56cbabf,6aa79a3d5c07d346a4cd83c1,7835b18d77cacd2d366e6cc876892ce6535c5cade9bd9a12c12d83b2e21bf080,D:\maplestory_levup\docs\art\import-runs\ALL_AREAS_20260914_151243\staging\full\0191.png
5,m_king_clang,s_mon_king_clang,VFX,6,414876f98e1f4ea2b930d24d9aaeb0e9,6aa799dd896a2707bf5dda4c,f739e9ef98903d3a400b43223e6374d2428fd63acfb857a79dd83cd810220e6f,D:\maplestory_levup\docs\art\import-runs\ALL_AREAS_20260914_151243\staging\full\0192.png
5,m_king_clang,s_mon_king_clang,VFX,7,25ee5fce3df54266a1af93953d93fa8c,6aa79aa4821b9a1b17d81158,76710782b580e6fa0c6673b2b7905faa6e3603c29e5be70db5cf4206e9b3fdd2,D:\maplestory_levup\docs\art\import-runs\ALL_AREAS_20260914_151243\staging\full\0193.png
5,m_king_clang,s_mon_king_clang,VFX,8,91ea2f4e3016441a8c59bfa0e6c40a5a,6aa79a5a5d0dc263f8402c05,399a86e00b39ea89c52d89c41bf2c614038e2083c13f78ff96d9b0edb7d60623,D:\maplestory_levup\docs\art\import-runs\ALL_AREAS_20260914_151243\staging\full\0194.png
5,m_king_clang,s_mon_king_clang,VFX,9,8468c0496cc943d285681999bf8bea94,6aa79a37c91f1fc250f6e293,3dfa9c2b6d80be5a615085cf8e295d255722364f14b397b6608d009f0b743581,D:\maplestory_levup\docs\art\import-runs\ALL_AREAS_20260914_151243\staging\full\0195.png
5,m_king_clang,s_mon_king_clang,VFX,10,3924a98c2d5d4afaac7ef22661a68cda,6aa79a747208d3e6c3f67c4f,5edd1721b0e4ea177dd841eb00a19624fd1cca2ff9646ce8e0aedb449761bd54,D:\maplestory_levup\docs\art\import-runs\ALL_AREAS_20260914_151243\staging\full\0196.png
5,m_king_clang,s_mon_king_clang,VFX,11,10257691e8134f97ba17c74248f541a0,6aa79acdca0a2020a0d87533,e018d7b47d35ec6bd9950fbfd6f78744158d111d06cdec646b3ce132129245c1,D:\maplestory_levup\docs\art\import-runs\ALL_AREAS_20260914_151243\staging\full\0197.png
5,m_ribbon_pig,s_mon_ribbon_pig,ICON,,a2dea40f86164551866400f7db4ac782,6aa79aa0821b9a1b17d81151,7ecdfb16a7f7424216b49173fc1489b96e0322facba123d8f542b1c1ba52825f,D:\maplestory_levup\docs\art\import-runs\ALL_AREAS_20260914_151243\staging\full\0198.png
5,m_ribbon_pig,s_mon_ribbon_pig,VFX,0,4366010a86b442e49ec6fedb503bb8b0,6aa79a8ada112e195ba2c113,dec602698ec07766ec4b95d7500e3a8202e157f8398513233fb5971af44d1864,D:\maplestory_levup\docs\art\import-runs\ALL_AREAS_20260914_151243\staging\full\0199.png
5,m_ribbon_pig,s_mon_ribbon_pig,VFX,1,0b902ff118be41a2b2dc92bbb8803848,6aa79ab05c0e7e494b8d160b,a1e177931d924c437b9a9046a26e92158b19f3cbae24c4afa0cfe4d19786371b,D:\maplestory_levup\docs\art\import-runs\ALL_AREAS_20260914_151243\staging\full\0200.png
5,m_ribbon_pig,s_mon_ribbon_pig,VFX,2,fb012a83346d4b1682458b36093a10c8,6aa79b544a5ad954719f3579,85d4743e15379976b491fe5c3679ef3bfff2096636f412c072817e48beb8447c,D:\maplestory_levup\docs\art\import-runs\ALL_AREAS_20260914_151243\staging\full\0201.png
5,m_ribbon_pig,s_mon_ribbon_pig,VFX,3,4b0e73fcdf51411da9525e90175dff35,6aa79ae65c0e7e494b8d165b,f0ac36bbd7af1dc71f9fa6bcdd8adac5a773e7b92411f2e9bd48c7813f3c4504,D:\maplestory_levup\docs\art\import-runs\ALL_AREAS_20260914_151243\staging\full\0202.png
5,m_ribbon_pig,s_mon_ribbon_pig,VFX,4,fb6975ffc1d243caac830a3d4ad2cb79,6aa79a70c91f1fc250f6e2a7,c79c1d77e71b635098849585a1dfb49b0c045e5c2cd20d5be03341968840f1f2,D:\maplestory_levup\docs\art\import-runs\ALL_AREAS_20260914_151243\staging\full\0203.png
5,m_ribbon_pig,s_mon_ribbon_pig,VFX,5,dfb5608af50b4c3fb4c5745c141abed9,6aa79a7cc91f1fc250f6e2ac,bb869f81d007f139d7fb03838788ce0193aedf15308914068cff4dfa76108b4d,D:\maplestory_levup\docs\art\import-runs\ALL_AREAS_20260914_151243\staging\full\0204.png
5,m_ribbon_pig,s_mon_ribbon_pig,VFX,6,8bd5a440a3964582ac55a223152ab570,6aa79b06ff7ea1f2f92efa4e,805d33aa7cae9e95cda225a4a87b929cea613f569f808c50dd5ba680bc33003d,D:\maplestory_levup\docs\art\import-runs\ALL_AREAS_20260914_151243\staging\full\0205.png
5,m_ribbon_pig,s_mon_ribbon_pig,VFX,7,c33816c229044a73bb6fe3ee7c275fc2,6aa79b843d2793a4363db21f,17102867d9e6138988e784b6e8f1a819467bf531e4c6373f01aa34458ce77785,D:\maplestory_levup\docs\art\import-runs\ALL_AREAS_20260914_151243\staging\full\0206.png
5,m_starfish,s_mon_starfish,ICON,,76e9165c2a64463c86c52f491fd066d6,6aa79b3f7208d3e6c3f67cc6,be206d5831fb86b3aac3c2cb88b806bbcf6b062a30d95121ce5ef7c277fc36a6,D:\maplestory_levup\docs\art\import-runs\ALL_AREAS_20260914_151243\staging\full\0207.png
5,m_starfish,s_mon_starfish,VFX,0,6137c33ecb9341b3aea02271d7a69209,6aa79b0ad119b909e68b2839,501bc0a9ac29cdb45d5d601da733ef9771c8ed9f7b73f0b93e8c5e0cff858720,D:\maplestory_levup\docs\art\import-runs\ALL_AREAS_20260914_151243\staging\full\0208.png
5,m_starfish,s_mon_starfish,VFX,1,37ab625d70034045962a86abf355cf12,6aa79ba6156a9b317386d6d1,2f2ab9ecb0ce00a30d98fab674de9fe79ea48880fa42b86cb8d3a7ff45c2e772,D:\maplestory_levup\docs\art\import-runs\ALL_AREAS_20260914_151243\staging\full\0209.png
5,m_starfish,s_mon_starfish,VFX,2,e951ff9b459c423694739f9c924820d4,6aa79ae0ca0a2020a0d87559,a20087e55f6e11c0d5dbe74d96cbaeadb8899479891aa490b894cef2b4c66f0b,D:\maplestory_levup\docs\art\import-runs\ALL_AREAS_20260914_151243\staging\full\0210.png
5,m_starfish,s_mon_starfish,VFX,3,ae9e436c2dd34ff3b0102264c4364a15,6aa79b67430112b1e65f2e4a,8e025a6474166c9070ac16c4a8bb93e78cf20a962f92f48e12510f15b4a1b7b6,D:\maplestory_levup\docs\art\import-runs\ALL_AREAS_20260914_151243\staging\full\0211.png
5,m_starfish,s_mon_starfish,VFX,4,594fa6ccccbe4eb39d84c03d22a8eb53,6aa79b8a3d2793a4363db229,4765cff1804845da5043335def4e75c79f199b9e0bfe001fca84e2959ac883bc,D:\maplestory_levup\docs\art\import-runs\ALL_AREAS_20260914_151243\staging\full\0212.png
5,m_starfish,s_mon_starfish,VFX,5,3c6ba0d82faf4290a4b8abc430ab4a13,6aa79aa24d77c6b480adcd21,04bccb64f274a455c6242fd2f637fe13d3f0d28e3f3ba9cf02b9537ed3419a3f,D:\maplestory_levup\docs\art\import-runs\ALL_AREAS_20260914_151243\staging\full\0213.png
5,m_starfish,s_mon_starfish,VFX,6,8a5a8ae4f6a148579f0e912ebc297235,6aa79ad8ca0a2020a0d8754b,750688b9d33077fe0088fecbe411840b99961fdbe33e5d7eb0f42999e53820ec,D:\maplestory_levup\docs\art\import-runs\ALL_AREAS_20260914_151243\staging\full\0214.png
5,m_starfish,s_mon_starfish,VFX,7,55cb6305fbde4b93a25574d492484566,6aa79ad57208d3e6c3f67c92,b00fd7faa4a0fe0cc921acb0de60fe4746a12f2a810a95cba38ce68b2ad426fa,D:\maplestory_levup\docs\art\import-runs\ALL_AREAS_20260914_151243\staging\full\0215.png
7,m_copper_drake,s_mon_copper_drake,ICON,0,6f984a42ef9e4116ae0e2b1875f83339,6aa79b90d43d0c8ffe66a244,917389c723ae3d4e937ad0e3b8ac73934605afba168cf617b93ee78b4689378b,D:\maplestory_levup\docs\art\import-runs\ALL_AREAS_20260914_151243\staging\full\0216.png
7,m_drake,s_mon_drake,ICON,0,98506e84fbde4ce083f1cff8c431b80c,6aa79c049521f8039aa84b21,7491eca441b7b988474b0150e5a558f19551e405bf7df5dc240ef8a4344bc2e8,D:\maplestory_levup\docs\art\import-runs\ALL_AREAS_20260914_151243\staging\full\0217.png
7,m_drake,s_mon_drake,VFX,0,e95e9bab373643caaa44e7e9eafd6fed,6aa79b137208d3e6c3f67ca5,c57b5b63e20446ad6d5c2ebf56c5706c86a854497dda9d152093a7c48ff7bc09,D:\maplestory_levup\docs\art\import-runs\ALL_AREAS_20260914_151243\staging\full\0218.png
7,m_drake,s_mon_drake,VFX,1,9f88c4d0660a49dc9b0fe489eee04b52,6aa79b3a430112b1e65f2e10,71830029f2e19459f1ee680713d0d71eae0a2da1f1c0f4bf239ab12f593e100b,D:\maplestory_levup\docs\art\import-runs\ALL_AREAS_20260914_151243\staging\full\0219.png
7,m_drake,s_mon_drake,VFX,2,bf1394f6400942f48d2028c28bfc0f87,6aa79b59430112b1e65f2e3a,94ecec8ce99f1ff2bb4b06cc98eade8e7f2a71b8def4762eefc2dda0d93a3fc2,D:\maplestory_levup\docs\art\import-runs\ALL_AREAS_20260914_151243\staging\full\0220.png
7,m_drake,s_mon_drake,VFX,3,e9d6283683584988a7c02b70ba75a314,6aa79b75cb73a580dcb77816,213cce55ba13cace18d2c13158a580bf2be1349fe0a1097236feeac105cad649,D:\maplestory_levup\docs\art\import-runs\ALL_AREAS_20260914_151243\staging\full\0221.png
7,m_drake,s_mon_drake,VFX,4,fab8c492f5154aed8d7e5bbfa1323e1c,6aa79c4a4d77c6b480adce0f,13de808bca015cf6b670dde7dbd7128e2ae98cc00724412eb5010851ad1c42a8,D:\maplestory_levup\docs\art\import-runs\ALL_AREAS_20260914_151243\staging\full\0222.png
7,m_drake,s_mon_drake,VFX,5,8390104e3a674f1bb72371eb181310d5,6aa79c1e9521f8039aa84b2d,4468248234fc87ccd9de1dfa7ab9cb45d585fdec550fef4add0f74367d29885b,D:\maplestory_levup\docs\art\import-runs\ALL_AREAS_20260914_151243\staging\full\0223.png
7,m_drake,s_mon_drake,VFX,6,bdc5ee797df3437fb5302d3c3477a908,6aa7a47dd2156bd45f72d307,3301bab56f524dcd24a3b5b91f5d2ce223979f42fcbc07298423fe47a2433fb5,D:\maplestory_levup\docs\art\import-runs\ALL_AREAS_20260914_151243\staging\full\0224.png
7,m_drake,s_mon_drake,VFX,7,ff3d76fe90474d3eb0556b16b4a962f2,6aa79ba34d77c6b480adcdca,aa88422927ac813f85131e6bb50e52750e4825012931c5b0877adeee03cc261a,D:\maplestory_levup\docs\art\import-runs\ALL_AREAS_20260914_151243\staging\full\0225.png
7,m_jr_balrog,s_mon_jr_balrog,ICON,0,a3f5f0d3d0934cbc9405cd604270ae77,6aa79b60430112b1e65f2e3f,f6980e795c28cba4abac3be129af240f1bee2820e073675e9646f16ff53a0629,D:\maplestory_levup\docs\art\import-runs\ALL_AREAS_20260914_151243\staging\full\0226.png
7,m_jr_balrog,s_mon_jr_balrog,VFX,0,0e20724107234998aec25d4db167b10e,6aa79bf09521f8039aa84b12,09c55fa0fce314031e2349d607e79ae50a39573258c668582bd65f5fe5c884e2,D:\maplestory_levup\docs\art\import-runs\ALL_AREAS_20260914_151243\staging\full\0227.png
7,m_jr_balrog,s_mon_jr_balrog,VFX,1,ac3911733a2c460c95c6ede2bb384a3c,6aa79c40ca0a2020a0d875bd,6ddc208d87a1b910cd15fc71f88c05ff4ee6c52bff86bb066087e05707546db4,D:\maplestory_levup\docs\art\import-runs\ALL_AREAS_20260914_151243\staging\full\0228.png
7,m_jr_balrog,s_mon_jr_balrog,VFX,2,bc8c9a06f0f34a7e950f8b51fb1e6898,6aa79bdd156a9b317386d6fc,168d1c1c20490ded4316bd9f40188c9c890aa46038128a0ddd325563256b28a4,D:\maplestory_levup\docs\art\import-runs\ALL_AREAS_20260914_151243\staging\full\0229.png
7,m_jr_balrog,s_mon_jr_balrog,VFX,3,b07078fcef5442819d02d0966dae442b,6aa79bd3d43d0c8ffe66a272,0786133087eaf7ceb326cdc709eb2d79e4b11be0b64eb8e3b286a62217ba0aed,D:\maplestory_levup\docs\art\import-runs\ALL_AREAS_20260914_151243\staging\full\0230.png
7,m_jr_balrog,s_mon_jr_balrog,VFX,4,11bead92255d4008a03dbc5925fb88eb,6aa79c1e1e4672497c5b439a,ce3d4a21263817e0badacf33e198aab0d296c8f74f1051db4659fbf80a102f46,D:\maplestory_levup\docs\art\import-runs\ALL_AREAS_20260914_151243\staging\full\0231.png
7,m_jr_balrog,s_mon_jr_balrog,VFX,5,886e44ef41c447d1bc5ea7bd3033ad0b,6aa79be1941a9d6fddd879c6,fdee2d42235a4f980b0cf33b1b08e5b1d968a486aacb14186be1a35411a3866a,D:\maplestory_levup\docs\art\import-runs\ALL_AREAS_20260914_151243\staging\full\0232.png
7,m_jr_balrog,s_mon_jr_balrog,VFX,6,275f0254e2e340768fc644120447fcc5,6aa79c1d9521f8039aa84b2c,c88b428b2cdbc2f2cdc6d926c7139ffb34f028ccb5eeaa7b2769ecae6a357e36,D:\maplestory_levup\docs\art\import-runs\ALL_AREAS_20260914_151243\staging\full\0233.png
7,m_jr_balrog,s_mon_jr_balrog,VFX,7,e76c0c4120fe4c6aa1ef89a07c853a22,6aa79bfedd028465bf663d88,7320753c02864bb162fc53ebfc4e40d08a76a0ba4d5ce3bf65ca68ac83d5a661,D:\maplestory_levup\docs\art\import-runs\ALL_AREAS_20260914_151243\staging\full\0234.png
7,m_jr_balrog,s_mon_jr_balrog,VFX,8,8a7e5c7f52464301811005d741574448,6aa79c3b9521f8039aa84b35,d4881bf5dd8154194ed753dd23f0aba7ec7b782289e0c0b4790cacc276ca2679,D:\maplestory_levup\docs\art\import-runs\ALL_AREAS_20260914_151243\staging\full\0235.png
7,m_jr_balrog,s_mon_jr_balrog,VFX,9,5effe21c29e648fe9bc0e088eacbb734,6aa79c1a1e4672497c5b4395,7083198ae73008db45fa87c3823d4973af7e76f72085c6b1e4ee9924551789e3,D:\maplestory_levup\docs\art\import-runs\ALL_AREAS_20260914_151243\staging\full\0236.png
7,m_jr_balrog,s_mon_jr_balrog,VFX,10,29e14411bf3140b789f97e7c44b72e4f,6aa79c4bdd028465bf663da4,8d6ff7d84a5fd5508ab38e3a56584b9e7bd53768f80e83c8de7c1227acb55d5e,D:\maplestory_levup\docs\art\import-runs\ALL_AREAS_20260914_151243\staging\full\0237.png
7,m_jr_balrog,s_mon_jr_balrog,VFX,11,776bdbc2256a4147b2dbad97e8bcf59f,6aa79fbc64283f7d054838d7,7a0472a575160e375ea70e3bf96dba00c0dc9fa3297a0dd7b8f96a454cefdfd0,D:\maplestory_levup\docs\art\import-runs\ALL_AREAS_20260914_151243\staging\full\0238.png
7,m_tauromacis,s_mon_tauromacis,ICON,0,ee37ae932b544b19958aa2dac41ab1fd,6aa79c4d1e4672497c5b43a9,ce07d952031e086d4eca77aa8516e7345cf2eb5c6867264527550499686eed85,D:\maplestory_levup\docs\art\import-runs\ALL_AREAS_20260914_151243\staging\full\0239.png
7,m_tauromacis,s_mon_tauromacis,VFX,0,dc4293d1e34940f6ae85e05a6b66ffa5,6aa7a4cfcb73a580dcb77933,f257792651b4e529df38a02597782ad31183a41889302a6b8af2e4e21b50991b,D:\maplestory_levup\docs\art\import-runs\ALL_AREAS_20260914_151243\staging\full\0240.png
7,m_tauromacis,s_mon_tauromacis,VFX,1,003082142d9c4e508d1ca2f11015a070,6aa7a4b25868471004e71952,c38d269e79b64039dcf0510184dd822d59289dab08d3eacbfdc7751d3223abad,D:\maplestory_levup\docs\art\import-runs\ALL_AREAS_20260914_151243\staging\full\0241.png
7,m_tauromacis,s_mon_tauromacis,VFX,2,0125bf9d9793409fad770651d055a6ff,6aa7a4e1ff7ea1f2f92efbad,b004810ccd108bece5a8e5f51903fea9f6191f1223c370f13d51192741823130,D:\maplestory_levup\docs\art\import-runs\ALL_AREAS_20260914_151243\staging\full\0242.png
7,m_tauromacis,s_mon_tauromacis,VFX,3,c318c11db59d40c6892bf7aba767743c,6aa79f82896a2707bf5ddae4,76dd2bfb3a1f4b4fe8c3243f4912197048b5512678e0203a682e25ca36bc8158,D:\maplestory_levup\docs\art\import-runs\ALL_AREAS_20260914_151243\staging\full\0243.png
7,m_tauromacis,s_mon_tauromacis,VFX,4,766cb3e4c2af46458057be333ff71ef8,6aa79bd33d2793a4363db27b,8346e999c88eb945f9239c1bbba857d7f738997953d331175de3b24a0df36ab7,D:\maplestory_levup\docs\art\import-runs\ALL_AREAS_20260914_151243\staging\full\0244.png
7,m_tauromacis,s_mon_tauromacis,VFX,5,07154d657d4249d9a5d20483e0e60716,6aa79fb564283f7d054838d5,2cbe355720862d4a0c95bb95cc7a3c24ceaa039081753fa65288923d967f9f0e,D:\maplestory_levup\docs\art\import-runs\ALL_AREAS_20260914_151243\staging\full\0245.png
7,m_tauromacis,s_mon_tauromacis,VFX,6,2afcacc46cef4fd2a913cec3b1cf5564,6aa7a4e3d2156bd45f72d332,02f9e8b9086dd203db8b5c4e0204c0b9a6c7e53ca891d51582aa5afe978e0ca5,D:\maplestory_levup\docs\art\import-runs\ALL_AREAS_20260914_151243\staging\full\0246.png
7,m_tauromacis,s_mon_tauromacis,VFX,7,5bc2954bd0614fb2b2f2105493da228c,6aa7a01bcb73a580dcb778e6,df7d89ebd710da5af982f9cfff5ee2189676b193e5f2ddee1645568e6027fb45,D:\maplestory_levup\docs\art\import-runs\ALL_AREAS_20260914_151243\staging\full\0247.png
7,m_wild_kargo,s_mon_wild_kargo,ICON,0,d5f918a66acc4c379a9831acc4f3b8e3,6aa79febda112e195ba2c1c2,1b7d025aa19c40870743942f4c69b1f88fdb3f05ea97ff98503fe8ec56be0486,D:\maplestory_levup\docs\art\import-runs\ALL_AREAS_20260914_151243\staging\full\0248.png
7,m_wild_kargo,s_mon_wild_kargo,VFX,0,f48da5e1ea1b408f9f23e370ed9f5bfe,6aa79fe44f1e366285e14acd,2e9a29e11e3780622b60569c39353e9a5283e6c4b30bb693561792d28a5cd322,D:\maplestory_levup\docs\art\import-runs\ALL_AREAS_20260914_151243\staging\full\0249.png
7,m_wild_kargo,s_mon_wild_kargo,VFX,1,1d9f0d465bd04d9b95926083b08ad774,6aa7a4cdca0a2020a0d8767b,06aa654af5ba583d56c7a282f502acd847586b9898b913d2eff9cb1fb0867448,D:\maplestory_levup\docs\art\import-runs\ALL_AREAS_20260914_151243\staging\full\0250.png
7,m_wild_kargo,s_mon_wild_kargo,VFX,2,55a5da1b79fe4b7aa8aee3c770b47482,6aa7a00264283f7d054838f8,3174f02bac70df39f3c750d7e74dfde13b8b7b8d9bb3d4a722a9065d4002e1c2,D:\maplestory_levup\docs\art\import-runs\ALL_AREAS_20260914_151243\staging\full\0251.png
7,m_wild_kargo,s_mon_wild_kargo,VFX,3,2e0d40441ef5430ebe082b59847297bf,6aa7a0323c73239c553aa57a,543f8456a8f0c6d19a13d1854cfb180eab0be80520c193893cbcbae6f87d86dd,D:\maplestory_levup\docs\art\import-runs\ALL_AREAS_20260914_151243\staging\full\0252.png
7,m_wild_kargo,s_mon_wild_kargo,VFX,4,24cb7dd9cc3148679f1f40b9008fc183,6aa7a068da112e195ba2c206,af8a8d48c7744f2d0d676eb66a468b01cff5d74467a852efcc70af5202191912,D:\maplestory_levup\docs\art\import-runs\ALL_AREAS_20260914_151243\staging\full\0253.png
7,m_wild_kargo,s_mon_wild_kargo,VFX,5,716915dea2704bd0836a5420c6c3e94c,6aa7a1378b247671eef7b0a8,bf6d30d99d45a3bc40125624f2e4fc11574dac6e592a330bb653ded2e6be4392,D:\maplestory_levup\docs\art\import-runs\ALL_AREAS_20260914_151243\staging\full\0254.png
7,m_wild_kargo,s_mon_wild_kargo,VFX,6,57e1d4253d1e4643991a54f5dd6e51c7,6aa7a101821b9a1b17d811d7,cc960702fbdb206ccb60c3a533523e953828c324649e1aa60c77b4050ccc26c3,D:\maplestory_levup\docs\art\import-runs\ALL_AREAS_20260914_151243\staging\full\0255.png
7,m_wild_kargo,s_mon_wild_kargo,VFX,7,6ecb7a65a9ea4f2bb19c77763001b835,6aa7a0faa77bc7d802864918,048e26852f5a88ff6049250dfb3f4f7a0f7bd104f6d5562fca1cbfcb67ca7918,D:\maplestory_levup\docs\art\import-runs\ALL_AREAS_20260914_151243\staging\full\0256.png
7,m_zombie_mushroom,s_mon_zombie_mushroom,ICON,0,b34a7a467be446c1b66d28a20aa52a20,6aa7a10a076ca3015d78e39b,6b07c8e977d1b752cf8fc86bd29c67f6497b56ca2d50bb25200f4c56c48942a2,D:\maplestory_levup\docs\art\import-runs\ALL_AREAS_20260914_151243\staging\full\0257.png
8,m_eliza,s_mon_eliza,ICON,0,e5d3e3c8f9d347908af4142103476c75,6aa7a169d2156bd45f72d2ca,b9950c92302150621d61f50b69ab808a612ee91f4ac37bb0019a7bf62df2fb5d,D:\maplestory_levup\docs\art\import-runs\ALL_AREAS_20260914_151243\staging\full\0258.png
8,m_eliza,s_mon_eliza,VFX,0,dab56e9f13b04c2c96e37f2595343a30,6aa7a06d7208d3e6c3f67d40,efc084f3ff09159cab7a6264fb8c848275b6487a89e8206c747ed85ea1913ccd,D:\maplestory_levup\docs\art\import-runs\ALL_AREAS_20260914_151243\staging\full\0259.png
8,m_eliza,s_mon_eliza,VFX,1,d0ac7b471a064edc9648228d0eee6359,6aa7a0b3a77bc7d8028648ff,4f23020172fa01c5c43bd2fc0a7f9ea5a0a4b30de0db75b08ebc60251f2de641,D:\maplestory_levup\docs\art\import-runs\ALL_AREAS_20260914_151243\staging\full\0260.png
8,m_eliza,s_mon_eliza,VFX,2,51dbf7e99c13455ca96f089e64839933,6aa7a043da112e195ba2c1ef,b36767117fff3b60636939031c139214ef1da1378375df48412b99ee1caa068e,D:\maplestory_levup\docs\art\import-runs\ALL_AREAS_20260914_151243\staging\full\0261.png
8,m_eliza,s_mon_eliza,VFX,3,4b28965cfa8a4959bcb99303e13432d8,6aa7a0f69776e56500b51ab3,d8b127e7b759510ed3380d8168d50bd6396b6cecd01958a6d43794120c70dbab,D:\maplestory_levup\docs\art\import-runs\ALL_AREAS_20260914_151243\staging\full\0262.png
8,m_eliza,s_mon_eliza,VFX,4,5fe7e5c299034d0585bc463b017bd687,6aa7a0e99776e56500b51aa5,ef349c69ff409bf7e24269a173501db22da134d329d9d5f0849302ea0928c6ec,D:\maplestory_levup\docs\art\import-runs\ALL_AREAS_20260914_151243\staging\full\0263.png
8,m_eliza,s_mon_eliza,VFX,5,2e247d13632b4cb892f81988d4c58385,6aa7a1168b247671eef7b0a0,3fa54380a58a99e0011bfde41bf6a165f79a8540f4126ea5319e9a763f9f61d0,D:\maplestory_levup\docs\art\import-runs\ALL_AREAS_20260914_151243\staging\full\0264.png
8,m_eliza,s_mon_eliza,VFX,6,6b7fedada3c048f6b22169546847a3e7,6aa7a1066e6e2b1b7bf10f55,88ebf40f360b8a256b862a15d60b03a33d33139456f8b0dfcafb29e05d4af877,D:\maplestory_levup\docs\art\import-runs\ALL_AREAS_20260914_151243\staging\full\0265.png
8,m_eliza,s_mon_eliza,VFX,7,349987f4516f43f68a990e6cdd247a0b,6aa7a291ff7ea1f2f92efb4d,677263a4416d98db6ccf26115895edb23514490535d5264f4a28a95bd0a53de4,D:\maplestory_levup\docs\art\import-runs\ALL_AREAS_20260914_151243\staging\full\0266.png
8,m_eliza,s_mon_eliza,VFX,8,150f2f1e1f594a2ca80136f816fec6b2,6aa7a256bd3304e6b2159cb1,ce9fa5ad897b41a7df0be4ee7c3ac2bb2ea4aeb38028f31fa70b30ffb6de86d0,D:\maplestory_levup\docs\art\import-runs\ALL_AREAS_20260914_151243\staging\full\0267.png
8,m_eliza,s_mon_eliza,VFX,9,874114deab4942a99b3207b8a2a65842,6aa7a13e8b247671eef7b0ac,13787e0ef0ebcdd7040ad97635a653a7a214b7e9c0180b400d8ab4971978353d,D:\maplestory_levup\docs\art\import-runs\ALL_AREAS_20260914_151243\staging\full\0268.png
8,m_eliza,s_mon_eliza,VFX,10,cb8af9e059084e83b7c351f3df3fb703,6aa7a0e88b247671eef7b091,b8808194cd763d268894d172c23f04c31f3013b8c5f75b7d9a06c5c3b883d7cd,D:\maplestory_levup\docs\art\import-runs\ALL_AREAS_20260914_151243\staging\full\0269.png
8,m_eliza,s_mon_eliza,VFX,11,e4fef87ff53a452584ee6fc70d1f909e,6aa7a0b2821b9a1b17d811ca,981004d75e313311ceb51e424830b2dbec3ae648cc07208e30775536b6b1fe27,D:\maplestory_levup\docs\art\import-runs\ALL_AREAS_20260914_151243\staging\full\0270.png
8,m_jr_cellion,s_mon_jr_cellion,ICON,0,291ba49f71d7455dbae84451b95b3291,6aa7a1f1566d7f01ee61c97c,6bfe18a96cbc027bab02e198ffc6d6f2fc71688349b1283b9f68a30de81a8b00,D:\maplestory_levup\docs\art\import-runs\ALL_AREAS_20260914_151243\staging\full\0271.png
8,m_lunar_pixie,s_mon_lunar_pixie,ICON,0,14038bdf0e2843f9be20d8cebff8f4f3,6aa7a1428b247671eef7b0b0,ad8fb3e80c89da7cbafd36785f45ba0d6ba82c08aaffeb0ecf72ac014a855371,D:\maplestory_levup\docs\art\import-runs\ALL_AREAS_20260914_151243\staging\full\0272.png
8,m_lunar_pixie,s_mon_lunar_pixie,VFX,0,9044ef3744be49b9b1c5c02e60599316,6aa7a13a6e6e2b1b7bf10f67,853ea970393856257a0e33f397304367575e6a149dc0232a751e4830be72b4ab,D:\maplestory_levup\docs\art\import-runs\ALL_AREAS_20260914_151243\staging\full\0273.png
8,m_lunar_pixie,s_mon_lunar_pixie,VFX,1,4656192b73f14feca92c0b95a1b2b53b,6aa7a230430112b1e65f2eda,69a19d410510aa5dd97184a75b189fffa8b0920a203b86c1a41769ca896cbf57,D:\maplestory_levup\docs\art\import-runs\ALL_AREAS_20260914_151243\staging\full\0274.png
8,m_lunar_pixie,s_mon_lunar_pixie,VFX,2,be38531f64824659b0ef12856840ba61,6aa7a2c69776e56500b51aed,4292efda254536837bb34ecf30d3b5459635b6db17c448b74b9a64c74fe57a86,D:\maplestory_levup\docs\art\import-runs\ALL_AREAS_20260914_151243\staging\full\0275.png
8,m_lunar_pixie,s_mon_lunar_pixie,VFX,3,34eec17abb0743a1a0c5031b6008369c,6aa7a217821b9a1b17d81207,9f46b83f7f0ebda04582f42644090ed19f79df4d4690019a0fe5a1229b9ebd84,D:\maplestory_levup\docs\art\import-runs\ALL_AREAS_20260914_151243\staging\full\0276.png
8,m_lunar_pixie,s_mon_lunar_pixie,VFX,4,bc8cb020661d475b9b2ae182ef8f9648,6aa7a30dae1303950ca3191d,d82e885b89b844f4c14d09c3d2933b060ed77c340717514f9110fabc1f4fcd5e,D:\maplestory_levup\docs\art\import-runs\ALL_AREAS_20260914_151243\staging\full\0277.png
8,m_lunar_pixie,s_mon_lunar_pixie,VFX,5,1b9f1b031a414f7c9928f07445bcc308,6aa7a2e84f1e366285e14b5c,5b3ff3119a39593f9c8cb8c564e6f5e6359962c9efadb3a1c1c9aafd635b529e,D:\maplestory_levup\docs\art\import-runs\ALL_AREAS_20260914_151243\staging\full\0278.png
8,m_lunar_pixie,s_mon_lunar_pixie,VFX,6,baf47aab551b4ce69a39ed0418126885,6aa7a2957208d3e6c3f67ded,60fb898b4a6f72ea8a4e4ae6b52eb1a1dfb5d466e714da9b8ddae1d0ef99f46f,D:\maplestory_levup\docs\art\import-runs\ALL_AREAS_20260914_151243\staging\full\0279.png
8,m_lunar_pixie,s_mon_lunar_pixie,VFX,7,c5514324680e416cb30decdb6cd293fc,6aa7a1428b247671eef7b0af,3e8ae1b035dfb0ed0c99ce44eb3e797a97b67c991f764ab62039f49b2326e924,D:\maplestory_levup\docs\art\import-runs\ALL_AREAS_20260914_151243\staging\full\0280.png
8,m_luster_pixie,s_mon_luster_pixie,ICON,0,bd3610e81e624930888286f64ca89917,6aa79a09bd3304e6b2159b92,d8c1c5165a8986ad94ca1ca67e3ab684699938408301d089bafceee2e9dfbf8e,D:\maplestory_levup\docs\art\import-runs\ALL_AREAS_20260914_151243\staging\full\0281.png
8,m_star_pixie,s_mon_star_pixie,ICON,0,c47f536c508d4497887aa10c46188fdc,6aa79a461e2dc5d6b4e9b3b6,754d0f4ed5eb65757a8c3c183cad3430c426967d9430048570105c0be87df377,D:\maplestory_levup\docs\art\import-runs\ALL_AREAS_20260914_151243\staging\full\0282.png
8,m_star_pixie,s_mon_star_pixie,VFX,0,47afd9e3b8cd4085ba9a6e71539aca18,6aa799e5731521fec39da788,cac73c6955b96dc87e02b195d83f62b89370187b96b7a667b76f805b82cdadf6,D:\maplestory_levup\docs\art\import-runs\ALL_AREAS_20260914_151243\staging\full\0283.png
8,m_star_pixie,s_mon_star_pixie,VFX,1,607e1a40235e46a7a6ef93eb3d258bea,6aa79a535c07d346a4cd83ca,e752274c8c00bff50f6760f3cdecbeca8a8b4f3e0bed9bab1ff576d343048f8a,D:\maplestory_levup\docs\art\import-runs\ALL_AREAS_20260914_151243\staging\full\0284.png
8,m_star_pixie,s_mon_star_pixie,VFX,2,8214af8b6a1c488bae422d91d28a6200,6aa79a9288413f765269bb4f,1a3fe11b1465b3cec04a5a9079871d31b053d9a0262826c24d64b2d12563404f,D:\maplestory_levup\docs\art\import-runs\ALL_AREAS_20260914_151243\staging\full\0285.png
8,m_star_pixie,s_mon_star_pixie,VFX,3,a57b387b12aa4c9e90e9ba75aee28df2,6aa79a1cc91f1fc250f6e28a,a58c0bb791f6cefb6da6556596221390fa9beef90dc7a1ec176400f552a753f3,D:\maplestory_levup\docs\art\import-runs\ALL_AREAS_20260914_151243\staging\full\0286.png
8,m_star_pixie,s_mon_star_pixie,VFX,4,99251e81a23a49e18bb12f9ff5a410bb,6aa79a6d88413f765269bb3a,f2756af3165375df4368fab75e134add9c00f1650ab6ce4780b1a3e422593e80,D:\maplestory_levup\docs\art\import-runs\ALL_AREAS_20260914_151243\staging\full\0287.png
8,m_star_pixie,s_mon_star_pixie,VFX,5,48ce66329a1645ff9ae05f6d929cf8b2,6aa79a4bc91f1fc250f6e29e,dee141b125a280ef2dff73884620277faeeae5ceefa9d2ac89029ffa2fcae290,D:\maplestory_levup\docs\art\import-runs\ALL_AREAS_20260914_151243\staging\full\0288.png
8,m_star_pixie,s_mon_star_pixie,VFX,6,e8d4f2be400a4a5ea84cd572fe3aa139,6aa79a824d77c6b480adcd0b,f2736be7184df13ae8948cc33a56d014df77f77b441ae48949545418eb1ab6f4,D:\maplestory_levup\docs\art\import-runs\ALL_AREAS_20260914_151243\staging\full\0289.png
8,m_star_pixie,s_mon_star_pixie,VFX,7,7ff631629d2145e4b42225f4f597f1e3,6aa79a6c1e2dc5d6b4e9b3c6,769f4e27c068a1d2a0d2286d32edaee904eec6046a2cc89758f0a3039619fa63,D:\maplestory_levup\docs\art\import-runs\ALL_AREAS_20260914_151243\staging\full\0290.png
9,m_dark_jr_yeti,s_mon_dark_jr_yeti,ICON,0,cb65dd5a6aca44d894882c8c575ab95d,6aa79a825c07d346a4cd83dd,039b3cea65e4dbdef4add39d988dfd85adc36581141a119ef601e24bb774a2e2,D:\maplestory_levup\docs\art\import-runs\ALL_AREAS_20260914_151243\staging\full\0291.png
9,m_hector,s_mon_hector,ICON,0,c479f357cbc6428ab191872148ed2c2b,6aa79aa95c0e7e494b8d15fd,6f8106e606d5a944eb7a04b8fd9736071aec96bfa5b3b1b8229190802479ca1c,D:\maplestory_levup\docs\art\import-runs\ALL_AREAS_20260914_151243\staging\full\0292.png
9,m_hector,s_mon_hector,VFX,0,6e86291f9cfa46ed9fc56126c571fb09,6aa79ad15c0e7e494b8d1636,25343b04294a36c5e818387697f3eeda42aede04fcfc2f806db443d2714cc849,D:\maplestory_levup\docs\art\import-runs\ALL_AREAS_20260914_151243\staging\full\0293.png
9,m_hector,s_mon_hector,VFX,1,cd2d3d2f5c86488a8de76885e77843e0,6aa79b534a5ad954719f3578,7ff4f9a1fb79ff9c9a7b1750f0df482be1c2a6c6297aa34efbb951d4511f7744,D:\maplestory_levup\docs\art\import-runs\ALL_AREAS_20260914_151243\staging\full\0294.png
9,m_hector,s_mon_hector,VFX,2,c9f1e1b5376f414ea8970c351f684184,6aa79bd23d2793a4363db277,807607def26506a707c953b1d619fcad6b4e4170dae8ce0506afde8e4f58d6de,D:\maplestory_levup\docs\art\import-runs\ALL_AREAS_20260914_151243\staging\full\0295.png
9,m_hector,s_mon_hector,VFX,3,f258a85120474c7890d1a8cbceacb94c,6aa79a7f5c07d346a4cd83da,1b95521e6ffedcdd9bdfce442cd1e7e6dd183f01ee41a4f70ac01460f9c9874d,D:\maplestory_levup\docs\art\import-runs\ALL_AREAS_20260914_151243\staging\full\0296.png
9,m_hector,s_mon_hector,VFX,4,bfa48061aeca43ecbfcf82bf92a0a9be,6aa79a9f1e2dc5d6b4e9b3ee,1d82ba82534d46fd6860fae19f6c08ee86fc219cf84c5f5dc2e2aa8685506245,D:\maplestory_levup\docs\art\import-runs\ALL_AREAS_20260914_151243\staging\full\0297.png
9,m_hector,s_mon_hector,VFX,5,5b04036d3ffc42bd988002e656a98bdd,6aa79a991e2dc5d6b4e9b3e4,0f6a84fb88f02083a2df9f9662baf5a8225fa2f17cd10cdfe19b9e6bd6935eb1,D:\maplestory_levup\docs\art\import-runs\ALL_AREAS_20260914_151243\staging\full\0298.png
9,m_hector,s_mon_hector,VFX,6,2fa44c6647a548c6a34719f37ecaccd4,6aa79ae11e2dc5d6b4e9b3fe,8faf6424c19bf5bb468f73c9771dd03082f3189b1296200de5929229b0ab1c3e,D:\maplestory_levup\docs\art\import-runs\ALL_AREAS_20260914_151243\staging\full\0299.png
9,m_hector,s_mon_hector,VFX,7,abc167612b3d4576b27427ca5675fb22,6aa79aacca0a2020a0d87509,ba4352911461a7b5895ee5e0646b64df81f8b41a9308d839f920514ab5a60d9e,D:\maplestory_levup\docs\art\import-runs\ALL_AREAS_20260914_151243\staging\full\0300.png
9,m_jr_yeti,s_mon_jr_yeti,ICON,0,7ebe8a1857cc44c8bd78876e9e4b88a7,6aa79af31e2dc5d6b4e9b419,2961aaccb1dcea1ef710318c3d8c09192fb4fb7c907c4f9a95bbcd8dffb99caa,D:\maplestory_levup\docs\art\import-runs\ALL_AREAS_20260914_151243\staging\full\0301.png
9,m_snow_witch,s_mon_snow_witch,ICON,0,4b0bf6c141664d699983ef4c2c1f1fda,6aa79ae74a5ad954719f350c,1af865f1a0fbec442fdc4d6e27d811ea4ada783a780e3d539b51a7f81b57c30c,D:\maplestory_levup\docs\art\import-runs\ALL_AREAS_20260914_151243\staging\full\0302.png
9,m_snow_witch,s_mon_snow_witch,VFX,0,38d1ceb16e1446d4b033db6f1e74cc47,6aa79b1b7208d3e6c3f67cac,53b3b834d9ad2c4776c5b093a5672599b166b3efed3e18f7fae7915a4693738d,D:\maplestory_levup\docs\art\import-runs\ALL_AREAS_20260914_151243\staging\full\0303.png
9,m_snow_witch,s_mon_snow_witch,VFX,1,fda5e1f81a8f40fabc2b67b5a2a86d12,6aa79b474a5ad954719f3574,c91597211d27d74c6b95c3ba1f9e5729cfd159137c7211563c758f0a1cd4db1d,D:\maplestory_levup\docs\art\import-runs\ALL_AREAS_20260914_151243\staging\full\0304.png
9,m_snow_witch,s_mon_snow_witch,VFX,2,ee22ff3e5a3246d298a8f9b4aaa04f58,6aa79bb04d77c6b480adcddd,92ad729ce76def94c4d2991aeda42b7e49726da87bdc65ae44ba02ab2248584b,D:\maplestory_levup\docs\art\import-runs\ALL_AREAS_20260914_151243\staging\full\0305.png
9,m_snow_witch,s_mon_snow_witch,VFX,3,0dd7982780cb45678de913f29fb4d0d8,6aa79b4d4a5ad954719f3577,e2c24778b3d06357865fa05c383d77470dd2341f9bbdc4a43e4444a7c7051bf3,D:\maplestory_levup\docs\art\import-runs\ALL_AREAS_20260914_151243\staging\full\0306.png
9,m_snow_witch,s_mon_snow_witch,VFX,4,6a34997e32714346b5bfe7ac07cb24d2,6aa79bb94d77c6b480adcdea,ff1d2433e0ba7343d36639cc3811dfc11656634c5d8be2f4debdaed3af9ab450,D:\maplestory_levup\docs\art\import-runs\ALL_AREAS_20260914_151243\staging\full\0307.png
9,m_snow_witch,s_mon_snow_witch,VFX,5,ccc21f7376064686989d4d2241696c86,6aa79b82cb73a580dcb77826,b8358ef0e6db043c419c5d730e71eeea910904ca0b727c222d0a17c879bf1fac,D:\maplestory_levup\docs\art\import-runs\ALL_AREAS_20260914_151243\staging\full\0308.png
9,m_snow_witch,s_mon_snow_witch,VFX,6,63795c7fb0c34fac8f019d031a382d2a,6aa79b054a5ad954719f3539,3c87fa912920f5d84939dc55425888db839f6f8aa3ceb57e6b15a348f3c201cd,D:\maplestory_levup\docs\art\import-runs\ALL_AREAS_20260914_151243\staging\full\0309.png
9,m_snow_witch,s_mon_snow_witch,VFX,7,7a7f3d48f417445baba8892fe6feaa3e,6aa79b239521f8039aa84aa3,f1d71570205cfdb6e6f7031885cbc8260418a091134b4fb408728d6ecd90f9f3,D:\maplestory_levup\docs\art\import-runs\ALL_AREAS_20260914_151243\staging\full\0310.png
9,m_snow_witch,s_mon_snow_witch,VFX,8,62f131b6e08942ee975f4e352c89824c,6aa79b5d5c07d346a4cd840b,52979d046293d45e58c35ad6856f9855b9038ec8abefabc8adf32a743bf3dc42,D:\maplestory_levup\docs\art\import-runs\ALL_AREAS_20260914_151243\staging\full\0311.png
9,m_snow_witch,s_mon_snow_witch,VFX,9,fb7257f438ae4685a6f21f3090eac24a,6aa79bfd9521f8039aa84b1d,8ecd2f18c2b8fb9a6bde8a682a6c1057589b575fe890845714593a387ea967ec,D:\maplestory_levup\docs\art\import-runs\ALL_AREAS_20260914_151243\staging\full\0312.png
9,m_snow_witch,s_mon_snow_witch,VFX,10,74b063736b9844498c23bbf6c3f4a563,6aa79b9acb73a580dcb77850,3169d736ce4b0b777cb0a87a88060a48532fc9c26929deb42d708d7672379750,D:\maplestory_levup\docs\art\import-runs\ALL_AREAS_20260914_151243\staging\full\0313.png
9,m_snow_witch,s_mon_snow_witch,VFX,11,07201c5c020240158491e6113d3a1dec,6aa79afd4d77c6b480adcd41,e9b1a91a7779cb616adb2ebfd5667cd9c9100a2d07601f30b05915a2be1d29bc,D:\maplestory_levup\docs\art\import-runs\ALL_AREAS_20260914_151243\staging\full\0314.png
9,m_white_fang,s_mon_white_fang,ICON,0,217ce110ecd340a38f62ea71e7e40243,6aa79b404a5ad954719f3573,409be0c0258b9b0a48a96588c7b18e2e1dbca1a680c10b88fb4505e532343f03,D:\maplestory_levup\docs\art\import-runs\ALL_AREAS_20260914_151243\staging\full\0315.png
9,m_white_fang,s_mon_white_fang,VFX,0,51c45d07ea6d44089404dec22dacd8ce,6aa79b354a5ad954719f356e,c5931281d1c0961a029fca2527a49afa8c6b0a4fe1ef28970a8a5fb868ad3398,D:\maplestory_levup\docs\art\import-runs\ALL_AREAS_20260914_151243\staging\full\0316.png
9,m_white_fang,s_mon_white_fang,VFX,1,61a219d969c549ed9b8850c640d3be35,6aa79b394d77c6b480adcd77,a390d4373c329900d2d99d4434b064c33e3a56a77a12750c84731e6a71dfcc2a,D:\maplestory_levup\docs\art\import-runs\ALL_AREAS_20260914_151243\staging\full\0317.png
9,m_white_fang,s_mon_white_fang,VFX,2,ead46375a7c34e3681463ed63eb28a6d,6aa79b9d156a9b317386d6c2,1102036a5c6d044d8a7f65982f43ddf8954c7238054afc68a80c1b231ee44eb8,D:\maplestory_levup\docs\art\import-runs\ALL_AREAS_20260914_151243\staging\full\0318.png
9,m_white_fang,s_mon_white_fang,VFX,3,bfb6a623c9a04b63a88727b1aed15721,6aa79b92430112b1e65f2e6b,fe7cac9e03463f33c5087e3583ea5d4aabff6ab92dc1dde912603e61e8dc1ecf,D:\maplestory_levup\docs\art\import-runs\ALL_AREAS_20260914_151243\staging\full\0319.png
9,m_white_fang,s_mon_white_fang,VFX,4,2679fcb7170748f59fb5eb12d97cc3e5,6aa79c42dd028465bf663da1,13d2b894984b4179ecacd9086f6519645f765084ac5d5ededc003049966779a7,D:\maplestory_levup\docs\art\import-runs\ALL_AREAS_20260914_151243\staging\full\0320.png
9,m_white_fang,s_mon_white_fang,VFX,5,be340f387511437facf7e00ffe058a2b,6aa79c421e4672497c5b43a5,6f7cba990741cbc732bd1f667ded03d0e478152115b5042e3efce4d71e1d91df,D:\maplestory_levup\docs\art\import-runs\ALL_AREAS_20260914_151243\staging\full\0321.png
9,m_white_fang,s_mon_white_fang,VFX,6,a283210f78e942748f5b7b7767007436,6aa79ba84d77c6b480adcdd4,faefbbcc69f11172fa9e47ff2c48caee8ddd7f66d81b1575e6e1d47bde5f55c6,D:\maplestory_levup\docs\art\import-runs\ALL_AREAS_20260914_151243\staging\full\0322.png
9,m_white_fang,s_mon_white_fang,VFX,7,6d3c06ab0c354a12a765493814d3efa0,6aa79bc5156a9b317386d6ef,7f400ef9432889332893841e6c8c281c72869b5655823d5d8f2af4b8100f3f96,D:\maplestory_levup\docs\art\import-runs\ALL_AREAS_20260914_151243\staging\full\0323.png
10,m_bubble_fish,s_mon_bubble_fish,ICON,0,6f4d1eb8591a4ce78771981da1483483,6aa7a145076ca3015d78e3c3,62e49291089e6a71c35f9ec5d993c0fd90bbd252cce6d0c2e0e6ea2931109e1f,D:\maplestory_levup\docs\art\import-runs\ALL_AREAS_20260914_151243\staging\full\0324.png
10,m_mask_fish,s_mon_mask_fish,ICON,0,c4f2fbba76cb4c048cf31c192fde9c4b,6aa79c471e4672497c5b43a7,aafc865095a281d3def9ee42f6b8b0cd6331f3aeb09e4398c89d2bfee283863e,D:\maplestory_levup\docs\art\import-runs\ALL_AREAS_20260914_151243\staging\full\0325.png
10,m_pianus,s_mon_pianus,ICON,0,315839e0c5754b21b8156fce0e52588e,6aa79ba2d43d0c8ffe66a24e,277e62dda33b346473db8c17940a994a024bdbaf50e6805d16224a149fecbe58,D:\maplestory_levup\docs\art\import-runs\ALL_AREAS_20260914_151243\staging\full\0326.png
10,m_pianus,s_mon_pianus,VFX,0,fa51b93f5b2544c99ec2c024574a94d5,6aa79bcad43d0c8ffe66a26e,6ebe20c014ad5dda5e736e188692167939d6be2171782d35eed8af8391a83ba4,D:\maplestory_levup\docs\art\import-runs\ALL_AREAS_20260914_151243\staging\full\0327.png
10,m_pianus,s_mon_pianus,VFX,1,9e4211b3b2194f72afc8437233d7c2f8,6aa7a13b8b247671eef7b0aa,8ec3e5df7e1bece74b512bd2cd1714ce6820429bea49e53376aefd2b907e4c94,D:\maplestory_levup\docs\art\import-runs\ALL_AREAS_20260914_151243\staging\full\0328.png
10,m_pianus,s_mon_pianus,VFX,2,6bffac5d5c304a089f68b29e9257a5ff,6aa7a27a4f1e366285e14b12,88047a77f5bf869adcec526f174e7b991b10ebb3c8aa6e3030d1cd813c207794,D:\maplestory_levup\docs\art\import-runs\ALL_AREAS_20260914_151243\staging\full\0329.png
10,m_pianus,s_mon_pianus,VFX,3,94d5fc01b21d4794a9f151d1d535dc75,6aa7a2293c73239c553aa5ce,ee65ee49ed7f672a7199d5649b6b01d28952abfc6aa69d19acb2fc11dbcaafed,D:\maplestory_levup\docs\art\import-runs\ALL_AREAS_20260914_151243\staging\full\0330.png
10,m_pianus,s_mon_pianus,VFX,4,8b88aebfbc3c419bb78b4467fada9e99,6aa7a21d821b9a1b17d8120a,033693a3078a6ac0947eb2da4aec0e7e7bbf407bffbeda5f2bb21d067bc1626d,D:\maplestory_levup\docs\art\import-runs\ALL_AREAS_20260914_151243\staging\full\0331.png
10,m_pianus,s_mon_pianus,VFX,5,137c818289ba41a2a6c5b58f530fbe90,6aa7a2599521f8039aa84bc2,8d2a562b141b3f7fe581916b84b273136d737add10904d22fe8210cb55a1ca44,D:\maplestory_levup\docs\art\import-runs\ALL_AREAS_20260914_151243\staging\full\0332.png
10,m_pianus,s_mon_pianus,VFX,6,9e99a417fd8d49fe800021807b7e478d,6aa7a1fa430112b1e65f2ebe,cb03197b793aa73d141011051bfae08429963c71fd38bf72fc829307c303a2f7,D:\maplestory_levup\docs\art\import-runs\ALL_AREAS_20260914_151243\staging\full\0333.png
10,m_pianus,s_mon_pianus,VFX,7,eeb337e878eb413390c0cc11ab181e2d,6aa7a2957208d3e6c3f67dec,445001c1418dd7d805ac188de53c6562b148c3c570e687fd35e48b2a1f6cc9e6,D:\maplestory_levup\docs\art\import-runs\ALL_AREAS_20260914_151243\staging\full\0334.png
10,m_pianus,s_mon_pianus,VFX,8,4ca83230140f40d9bd6e83385bfc8c07,6aa7a30e6e6e2b1b7bf10f8d,9cd7d8740118adc18a764e647049c9c49c16ae7062a4948e652043c3e8d4fdec,D:\maplestory_levup\docs\art\import-runs\ALL_AREAS_20260914_151243\staging\full\0335.png
10,m_pianus,s_mon_pianus,VFX,9,1e7460c0095b4e039f7e5a85049cbdbd,6aa7a2253c73239c553aa5c6,917df78bd9d9d3da641dfe13e6a1ca5918a0a986a1e58a45adfaab52db0c398c,D:\maplestory_levup\docs\art\import-runs\ALL_AREAS_20260914_151243\staging\full\0336.png
10,m_pianus,s_mon_pianus,VFX,10,7a7aa8e4543d417fbd95381a4c4b3335,6aa7a2659521f8039aa84bc7,a1bda49c1f01a33505dc7a244c4910710827755a5bdcb1cd136db05aa814730a,D:\maplestory_levup\docs\art\import-runs\ALL_AREAS_20260914_151243\staging\full\0337.png
10,m_pianus,s_mon_pianus,VFX,11,0e85ce0bae0441189dd03ab99348e5fd,6aa7a2767208d3e6c3f67dda,7a5ac0c22bdd16d7bc53786fc8b9ef6a1d677697c1ba258ad3c7424858727a50,D:\maplestory_levup\docs\art\import-runs\ALL_AREAS_20260914_151243\staging\full\0338.png
10,m_shark,s_mon_shark,ICON,0,422cb310431f4ed9822a5fd230e96fcd,6aa79bf99521f8039aa84b16,0153a30aa5c3b60138a1075ebf8525f85f5328969994aeb073597681fd84545e,D:\maplestory_levup\docs\art\import-runs\ALL_AREAS_20260914_151243\staging\full\0339.png
10,m_shark,s_mon_shark,VFX,0,a7e9567aa4fd4222a3779e37962036e5,6aa79bf07208d3e6c3f67ce7,0c8286849e18b7d99ab846c42071bf3a33dabab54b627f0b4b9ef6b92017e6b9,D:\maplestory_levup\docs\art\import-runs\ALL_AREAS_20260914_151243\staging\full\0340.png
10,m_shark,s_mon_shark,VFX,1,1678e51c919345dbbb26cf09cb0b0e5b,6aa79c3bdd028465bf663d9e,df755184fb73557e40279c23b34f2fcc3ab48a430aa26bd4978ef725d9181f40,D:\maplestory_levup\docs\art\import-runs\ALL_AREAS_20260914_151243\staging\full\0341.png
10,m_shark,s_mon_shark,VFX,2,52807bb578734850b4ee786bff2d3464,6aa7a2ca4f1e366285e14b3d,e09e3c4c6c9a0b3346c4d897057ca513e5316096e633bd91cc190fcded5881e8,D:\maplestory_levup\docs\art\import-runs\ALL_AREAS_20260914_151243\staging\full\0342.png
10,m_shark,s_mon_shark,VFX,3,2add82619ba24cb68dee6a15f76c0f9e,6aa7a1a2080f20e595fd1946,196c760da9b20fb2dab862d5628b22e13e1eb0bd9f08b4b163e69d476ec96e70,D:\maplestory_levup\docs\art\import-runs\ALL_AREAS_20260914_151243\staging\full\0343.png
10,m_shark,s_mon_shark,VFX,4,e0c490b9708840a4b82be3ba8f7dbfd0,6aa7a1faae1303950ca318fc,fff81897b6728375c549cd22fb17e075765d88feca6340f02b202c6b3fdbd838,D:\maplestory_levup\docs\art\import-runs\ALL_AREAS_20260914_151243\staging\full\0344.png
10,m_shark,s_mon_shark,VFX,5,2f46ae581cae4eb1b65906e746c5ab3a,6aa79c58bd3304e6b2159bea,d96886c2d670d682b0aab6e89c51cafde383174409292e796ed2d69a2b282612,D:\maplestory_levup\docs\art\import-runs\ALL_AREAS_20260914_151243\staging\full\0345.png
10,m_shark,s_mon_shark,VFX,6,ca58dfa1cc894addb9694e9d6d033ef0,6aa79b844d77c6b480adcdaf,71e73bbeef46880346fdd102fc9ceb6c6ff7ddccbe2552764341d3d5cb8f5e43,D:\maplestory_levup\docs\art\import-runs\ALL_AREAS_20260914_151243\staging\full\0346.png
10,m_shark,s_mon_shark,VFX,7,18cbfae59aa3406a8d2a811dcbe8733a,6aa7a2fa4f1e366285e14b62,9999bce16f3bd128d15b4d4094d555f5cd4b566a6ce6c71048c4d17eafe95a3f,D:\maplestory_levup\docs\art\import-runs\ALL_AREAS_20260914_151243\staging\full\0347.png
10,m_squid,s_mon_squid,ICON,0,396cc922ef15461aaac39f62b6dd7a8f,6aa7a3004f1e366285e14b66,a848a1dfcea49617dc175e6d1c172f99c154b96a7646501e146ced800387dc5b,D:\maplestory_levup\docs\art\import-runs\ALL_AREAS_20260914_151243\staging\full\0348.png
10,m_squid,s_mon_squid,VFX,0,765cc9855e8b489bb3bbacd1ccf16ede,6aa7a27d9776e56500b51ad1,c4cfa42947c74b66a441e3718d89ff59df16dfc531915a90a5a242860c41c77b,D:\maplestory_levup\docs\art\import-runs\ALL_AREAS_20260914_151243\staging\full\0349.png
10,m_squid,s_mon_squid,VFX,1,c36767a6ec154118b887f836c6ac33e4,6aa7a3a81e2dc5d6b4e9b520,d5a66d17578acebea5ecd9913e6d25d44013190a5df65a3faa9f1a8235bd4519,D:\maplestory_levup\docs\art\import-runs\ALL_AREAS_20260914_151243\staging\full\0350.png
10,m_squid,s_mon_squid,VFX,2,18419bdf28944cb091107c9ea8706f5b,6aa7a3bdd43d0c8ffe66a332,7f6a47df44634b1f50d0222b7956ebf4d87ee3a2df37e036c03af6b849122774,D:\maplestory_levup\docs\art\import-runs\ALL_AREAS_20260914_151243\staging\full\0351.png
10,m_squid,s_mon_squid,VFX,3,bba98f68cdbb43e08452bd96a7ddd1fb,6aa7a3586e6e2b1b7bf10fa3,37e76ff5ad8a0b5a27c8bf8bbf67a103d415ac79107bb6762d93fcefb471f05b,D:\maplestory_levup\docs\art\import-runs\ALL_AREAS_20260914_151243\staging\full\0352.png
10,m_squid,s_mon_squid,VFX,4,6eeda6f31ac04ef8a1679675a4aed038,6aa79bf8ca0a2020a0d875aa,56648bc0c1ddcb37656d0453f29c911a61ec71b1f1af04cb25aaf8af714fb3d5,D:\maplestory_levup\docs\art\import-runs\ALL_AREAS_20260914_151243\staging\full\0353.png
10,m_squid,s_mon_squid,VFX,5,14fd7e69fde145fbab1e8250f66b26ff,6aa7a28abd3304e6b2159cc2,5ce8f616d52d6c5045591a6fb0bd4695f77117577f07387a1ae4067b9fa674c7,D:\maplestory_levup\docs\art\import-runs\ALL_AREAS_20260914_151243\staging\full\0354.png
10,m_squid,s_mon_squid,VFX,6,a6d982ca9f184fcca459cbb52c70a509,6aa7a3c4821b9a1b17d81235,52ed0095ff62e257f8f782c7f0d0f22494cee964fda19ec003a4d207d41b4a42,D:\maplestory_levup\docs\art\import-runs\ALL_AREAS_20260914_151243\staging\full\0355.png
10,m_squid,s_mon_squid,VFX,7,92568b2d60ba46338cd17032e1e50331,6aa7a237430112b1e65f2edf,ef2e4318f7ad4c1387652fd356229d73fe1ef615921358b18bbe1c25625ad112,D:\maplestory_levup\docs\art\import-runs\ALL_AREAS_20260914_151243\staging\full\0356.png
11,m_bloctopus,s_mon_bloctopus,ICON,0,fbcf38f419834f1cb8668d7d80a4bd3b,6aa7a3951e2dc5d6b4e9b51b,a0ac7e635a03c4e00aca0cff829af635f301fbafa4679d1bb6a9729a2a8a956c,D:\maplestory_levup\docs\art\import-runs\ALL_AREAS_20260914_151243\staging\full\0357.png
11,m_drumming_bunny,s_mon_drumming_bunny,ICON,0,1451fd9f2d94430a8b8db603f65d6a9c,6aa7a2be4f1e366285e14b2e,526ac6ba81d9ade3614b7869a4299cc560f785eb4d8c3c4d8475e29f462f4626,D:\maplestory_levup\docs\art\import-runs\ALL_AREAS_20260914_151243\staging\full\0358.png
11,m_drumming_bunny,s_mon_drumming_bunny,VFX,0,38898190f6e546ee8877ad51f2cbdd98,6aa7a2df4f1e366285e14b50,cc9290c5b43b112b611f9520ba56d278d2beca48319f3e0473da9bf1db9741a3,D:\maplestory_levup\docs\art\import-runs\ALL_AREAS_20260914_151243\staging\full\0359.png
11,m_drumming_bunny,s_mon_drumming_bunny,VFX,1,9104b0c5f518448d8c6f20fc5b3c888a,6aa7a429d2156bd45f72d2f8,40a7b054faf252e697b6b13b4a9bbed846898ddbbeaa18d2db88910e1d0cc486,D:\maplestory_levup\docs\art\import-runs\ALL_AREAS_20260914_151243\staging\full\0360.png
11,m_drumming_bunny,s_mon_drumming_bunny,VFX,2,5d5c674fda194b11955fa6bb81c4eff1,6aa7a32e896a2707bf5ddb40,0c13626c9d27f0917775d3c515246db490ae1ef1c2fed5016fd0f2664874ea7b,D:\maplestory_levup\docs\art\import-runs\ALL_AREAS_20260914_151243\staging\full\0361.png
11,m_drumming_bunny,s_mon_drumming_bunny,VFX,3,a0382cbaa91d4a3882d9a19d83b49d81,6aa7a341896a2707bf5ddb46,5fcf575753775a5e5a0e4aa9c38eea5cd4475a61be0c130205e08ed955353756,D:\maplestory_levup\docs\art\import-runs\ALL_AREAS_20260914_151243\staging\full\0362.png
11,m_drumming_bunny,s_mon_drumming_bunny,VFX,4,6018f0a592a04ade9c066c3352c3ef8a,6aa7a374b9028dbcc07a320a,e03d1fe2ac72bf54a703c88499b0b49b02576934d0709d564b372f031a259b69,D:\maplestory_levup\docs\art\import-runs\ALL_AREAS_20260914_151243\staging\full\0363.png
11,m_drumming_bunny,s_mon_drumming_bunny,VFX,5,e40fbcdb861648a299620988f6a05012,6aa7a2a87208d3e6c3f67e01,a93add37b684131eb9775637705b8e42a78eb214629c6449166d71340e6286c8,D:\maplestory_levup\docs\art\import-runs\ALL_AREAS_20260914_151243\staging\full\0364.png
11,m_drumming_bunny,s_mon_drumming_bunny,VFX,6,086037154f3c4b61b1fea7e535253868,6aa7a3a3d43d0c8ffe66a32c,3102264e3b33028c100e23cce9cdf166b691a4ee8e36210562e60edf07ded07f,D:\maplestory_levup\docs\art\import-runs\ALL_AREAS_20260914_151243\staging\full\0365.png
11,m_drumming_bunny,s_mon_drumming_bunny,VFX,7,efb4e29a2d2b4c97920b1e3d7d6c3285,6aa7a4327208d3e6c3f67e1f,46b0ce22a05051c68733388f85ab578800e6295cca861fba7848ddbe6d76bc16,D:\maplestory_levup\docs\art\import-runs\ALL_AREAS_20260914_151243\staging\full\0366.png
11,m_king_bloctopus,s_mon_king_bloctopus,ICON,0,0ae68ed9df0c434c8d676a5060338130,6aa7a3527d5521b7dabe8fe5,2d98362e96be8bda7b33ab313e2c115d174dcc1f0638a5975981652fb6cb764d,D:\maplestory_levup\docs\art\import-runs\ALL_AREAS_20260914_151243\staging\full\0367.png
11,m_king_bloctopus,s_mon_king_bloctopus,VFX,0,9210098f2979422fa7f9d5a3b0d4a493,6aa7a4045a42a19740c45f10,f60e571de95a0979fb97e8b09e82aa43acd82fce1ae79e844cbdcdf703b1c35a,D:\maplestory_levup\docs\art\import-runs\ALL_AREAS_20260914_151243\staging\full\0368.png
11,m_king_bloctopus,s_mon_king_bloctopus,VFX,1,47df54dcc9bf4977a393edacf26b29d9,6aa7a3b1d43d0c8ffe66a330,3ebed99b1ee2b6d5ba878493433aaadad7545e17dbaeb2145cb18673c7c303a1,D:\maplestory_levup\docs\art\import-runs\ALL_AREAS_20260914_151243\staging\full\0369.png
11,m_king_bloctopus,s_mon_king_bloctopus,VFX,2,43ad8b50c42a444b8c44c13bb9c58a90,6aa7a416c91f1fc250f6e319,2d81e635999f920deaae441713141ba0cfa2e70fc29b156e59191d306ff5f364,D:\maplestory_levup\docs\art\import-runs\ALL_AREAS_20260914_151243\staging\full\0370.png
11,m_king_bloctopus,s_mon_king_bloctopus,VFX,3,11f2833235d446e4b6e07c36d7d51045,6aa7a5026e6e2b1b7bf10fc4,83facb4f0b9dbf8b28ef84e5b7b27fc40a9c445f7dfb9cd78e55bb834c8bbfe3,D:\maplestory_levup\docs\art\import-runs\ALL_AREAS_20260914_151243\staging\full\0371.png
11,m_king_bloctopus,s_mon_king_bloctopus,VFX,4,3c29babeb1974a9f99d3940e9359eca4,6aa7a46b896a2707bf5ddb90,4a4fe1e23903e182810ab8964dee6efcab91c1a81902559af315d1703c9e7e5b,D:\maplestory_levup\docs\art\import-runs\ALL_AREAS_20260914_151243\staging\full\0372.png
11,m_king_bloctopus,s_mon_king_bloctopus,VFX,5,5439e06638344d48a77eebe47ca4d6d2,6aa7a3a1566d7f01ee61c9b1,60704983b56ad091e8c9d737c42bf14a4438d85e3f0a820e7ebb27b27789062a,D:\maplestory_levup\docs\art\import-runs\ALL_AREAS_20260914_151243\staging\full\0373.png
11,m_king_bloctopus,s_mon_king_bloctopus,VFX,6,b71eca02b20c4c21b5c812fbce41a2af,6aa7a411896a2707bf5ddb65,a9c4bc0697ca1d2fb2ffa738be1433ac7ab213e455145e5d358bc641c8da3fc6,D:\maplestory_levup\docs\art\import-runs\ALL_AREAS_20260914_151243\staging\full\0374.png
11,m_king_bloctopus,s_mon_king_bloctopus,VFX,7,63e61037a0ed48d081ea11d0d52e3613,6aa7a495d43d0c8ffe66a354,8fa3d9b52b9ca18b4f662d8c67cdc91d6f73b9882f0bcded7cdcddca0411f1cf,D:\maplestory_levup\docs\art\import-runs\ALL_AREAS_20260914_151243\staging\full\0375.png
11,m_ratz,s_mon_ratz,ICON,0,f6cc2742c9044dd4a76557c658c6bcf7,6aa7a3f82014ee9cec1c8a98,ff58aa3e20a95de6477a68f680bcd82562cb55aa9f462538538bfcd22bc04266,D:\maplestory_levup\docs\art\import-runs\ALL_AREAS_20260914_151243\staging\full\0376.png
11,m_rombot,s_mon_rombot,ICON,0,69e93a91ff9b4e6c8084b8530adbf121,6aa7a43b7208d3e6c3f67e28,9b6abedbfcf091f1287e54112972c77aa9f2f3828fa2c8cafa4cb336b5d707e0,D:\maplestory_levup\docs\art\import-runs\ALL_AREAS_20260914_151243\staging\full\0377.png
11,m_rombot,s_mon_rombot,VFX,0,0b84b64ad28d4494a6113b99207791d4,6aa7a51cda112e195ba2c278,a0cca50480367e363fd452a328f1804ab4ba3204c2c74de9b655e06abada534d,D:\maplestory_levup\docs\art\import-runs\ALL_AREAS_20260914_151243\staging\full\0378.png
11,m_rombot,s_mon_rombot,VFX,1,6df1cad4a1d44ccf891992d6ae342c45,6aa7a43cc91f1fc250f6e31c,02964c20d0be69ef8ec399d3d0236e46a2f6e60401569f45342eb9dfa2017686,D:\maplestory_levup\docs\art\import-runs\ALL_AREAS_20260914_151243\staging\full\0379.png
11,m_rombot,s_mon_rombot,VFX,2,ec9c03ddea29497a8ef4c2cf489f8374,6aa7a5308b247671eef7b0f3,c26c6a84d08386fef1953a6fcaa8d26dabe09e1e5808e350423ac47ee2c1a7d4,D:\maplestory_levup\docs\art\import-runs\ALL_AREAS_20260914_151243\staging\full\0380.png
11,m_rombot,s_mon_rombot,VFX,3,7bf60df656034ea7900dca4c68e6ea82,6aa7a413c91f1fc250f6e317,58b176e26a5af0ab5c64dbfd86828c6ae79282142b7cb94cc6c249315cd73b26,D:\maplestory_levup\docs\art\import-runs\ALL_AREAS_20260914_151243\staging\full\0381.png
11,m_rombot,s_mon_rombot,VFX,4,be6ee48699c245f4b04b1e248b6bc256,6aa7a46f896a2707bf5ddb93,d18aeb611acf6a6deddc449fe3058cf4038fa003dd36b6f02680a966e6b53efd,D:\maplestory_levup\docs\art\import-runs\ALL_AREAS_20260914_151243\staging\full\0382.png
11,m_rombot,s_mon_rombot,VFX,5,7b5068a2805c4503951d6d2e0bdf13b7,6aa7a4a6d43d0c8ffe66a360,3a1347f555f25c73481b4050d596aef319e28ea46b204ef0900663d06d0817c5,D:\maplestory_levup\docs\art\import-runs\ALL_AREAS_20260914_151243\staging\full\0383.png
11,m_rombot,s_mon_rombot,VFX,6,228c342b791141fc9beca616e059647f,6aa7a4c8ca0a2020a0d87679,aaf453c752551f0e2cafb40d7ccc85d1ce3e6bc06314b9f4b3cdf9bb16aa78c1,D:\maplestory_levup\docs\art\import-runs\ALL_AREAS_20260914_151243\staging\full\0384.png
11,m_rombot,s_mon_rombot,VFX,7,8461501a9bf64582bd2b27fbfc9257d0,6aa79fa064283f7d054838d1,dc0aa1b4f80be1225afd4d00a82336073c9090896fb965e7dfb28351857bb9fb,D:\maplestory_levup\docs\art\import-runs\ALL_AREAS_20260914_151243\staging\full\0385.png
11,m_rombot,s_mon_rombot,VFX,8,f6bc62e831da4cf9a731c0d26c1c867b,6aa79fc264283f7d054838d8,bae83dd21429add4da87cae0896ec21152475785f495f377a73fb521f299499e,D:\maplestory_levup\docs\art\import-runs\ALL_AREAS_20260914_151243\staging\full\0386.png
11,m_rombot,s_mon_rombot,VFX,9,62a5dcbc87cb40fc98f470339688403b,6aa7a4d0ca0a2020a0d8767e,8732f5554f66552a311b7636f329a2ec5042dbed0e3a4075cfbb6b1cbd570e68,D:\maplestory_levup\docs\art\import-runs\ALL_AREAS_20260914_151243\staging\full\0387.png
11,m_rombot,s_mon_rombot,VFX,10,2447dfbd141d4c6195999a3c9822152a,6aa79fe4da112e195ba2c1be,5a1179e1519646a698140edc413eec7c18330449865b3449a18404e88be3e91d,D:\maplestory_levup\docs\art\import-runs\ALL_AREAS_20260914_151243\staging\full\0388.png
11,m_rombot,s_mon_rombot,VFX,11,6e4d74282f824b0cabfd86b385d49f79,6aa7a4d8cb73a580dcb77936,8987741c823609dd5f516fc9609d396b8ed88c9e5344b7288592bb96b895b8c7,D:\maplestory_levup\docs\art\import-runs\ALL_AREAS_20260914_151243\staging\full\0389.png
12,m_brown_teddy,s_mon_brown_teddy,ICON,0,1fc1a22577b6404caf930354e057a5af,6aa7a4d64f1e366285e14b8a,66a70e30007057a8a2bd1a9e7ec12a7e6c3d4fab475747b74913c68941e61b8c,D:\maplestory_levup\docs\art\import-runs\ALL_AREAS_20260914_151243\staging\full\0390.png
12,m_chronos,s_mon_chronos,ICON,0,110a3cbbdc63450ea4b753e839c3549c,6aa7a532da112e195ba2c29c,8ef173f7b2b1828a9a1d0a1bea800dd65dbf8f53cacbc29de389580470760e00,D:\maplestory_levup\docs\art\import-runs\ALL_AREAS_20260914_151243\staging\full\0391.png
12,m_chronos,s_mon_chronos,VFX,0,16261045606f49cba66fe7b58eda89d8,6aa7a0095a42a19740c45eb1,bf63466978d4993e8f76fe8683debb6dfc14865173aa4a560b713934b64cb119,D:\maplestory_levup\docs\art\import-runs\ALL_AREAS_20260914_151243\staging\full\0392.png
12,m_chronos,s_mon_chronos,VFX,1,8d84ba7922e6425bbbf92eb0bbd7d677,6aa7a010bd3304e6b2159c60,27ed629feb76613f037137e83cdf158fffaf2c9356e85ca2f037a2f483604063,D:\maplestory_levup\docs\art\import-runs\ALL_AREAS_20260914_151243\staging\full\0393.png
12,m_chronos,s_mon_chronos,VFX,2,b6bfc354df09468e89b7b0f5eacc5605,6aa7a00a64283f7d054838fc,e6916a4cb668c5c54e1b0e4583093cc407a4560fe8958913555853efde5f6709,D:\maplestory_levup\docs\art\import-runs\ALL_AREAS_20260914_151243\staging\full\0394.png
12,m_chronos,s_mon_chronos,VFX,3,f12a1f2fc493433c8a5c8c2afbe729e2,6aa7a0473c73239c553aa588,65dbe21fc631a7c4fd4565417b4d152b004a7b6fe23cf54fdb10d593772ba56e,D:\maplestory_levup\docs\art\import-runs\ALL_AREAS_20260914_151243\staging\full\0395.png
12,m_chronos,s_mon_chronos,VFX,4,6f4b690cb3f146e0aa569452a3fed6e6,6aa7a053da112e195ba2c1f9,8d3728b01040cf65e9e1abfb394550ec30650d499a1b6978f8c1ad6b892765ab,D:\maplestory_levup\docs\art\import-runs\ALL_AREAS_20260914_151243\staging\full\0396.png
12,m_chronos,s_mon_chronos,VFX,5,343f70e340014eb1a637d583bedfbe0e,6aa7a0b064283f7d05483929,59e3d71a5639a495fcbdb877d2a157bf175d671ca6b52abe12658269d8ea497a,D:\maplestory_levup\docs\art\import-runs\ALL_AREAS_20260914_151243\staging\full\0397.png
12,m_chronos,s_mon_chronos,VFX,6,853827c299a641beb36cf55d0f3c7b5e,6aa7a0bc9776e56500b51a87,c657b1ce1ffdad8fef64c34873c7714fbc0177660574c8b4dafd68ec1df9bce9,D:\maplestory_levup\docs\art\import-runs\ALL_AREAS_20260914_151243\staging\full\0398.png
12,m_chronos,s_mon_chronos,VFX,7,667c3e8234e14314b15310030dd90911,6aa7a0e0a77bc7d80286490e,15fa10391efd4cf6845c842d1e368edbc68803f21668fcaf547c7a30b90b9dd3,D:\maplestory_levup\docs\art\import-runs\ALL_AREAS_20260914_151243\staging\full\0399.png
12,m_master_robo,s_mon_master_robo,ICON,0,7e7bc39c54bf4fdab52298b6dc9ce693,6aa7a182d2156bd45f72d2cd,1f469e39b5101f56f9398e09b5f38ce6b620b9d4d6854a10646f7e21981bcc77,D:\maplestory_levup\docs\art\import-runs\ALL_AREAS_20260914_151243\staging\full\0400.png
12,m_timer,s_mon_timer,ICON,0,8f6be02009d64c54922a6d1316cc0454,6aa7a04ebd3304e6b2159c77,01cdc9aeb1d39715de465cc69ae3b1a4755376bfefadfa1104815343f40f4d10,D:\maplestory_levup\docs\art\import-runs\ALL_AREAS_20260914_151243\staging\full\0401.png
12,m_timer,s_mon_timer,VFX,0,7278349b9d9a4ad88dfdb6fc2a036d6b,6aa7a0bbca0a2020a0d875f0,994bda92a34baa98b3498aff9a251214fdfe47e0d5eac2f6e074f7b9229fe266,D:\maplestory_levup\docs\art\import-runs\ALL_AREAS_20260914_151243\staging\full\0402.png
12,m_timer,s_mon_timer,VFX,1,af96f6bb5e044705a574d4d3a185194a,6aa7a04bbd3304e6b2159c76,f2b4932eab12522955511575abeab1ffb7b2c59aec76d1592641c2c96adfaaa8,D:\maplestory_levup\docs\art\import-runs\ALL_AREAS_20260914_151243\staging\full\0403.png
12,m_timer,s_mon_timer,VFX,2,e26fa49ad4594f2ca70219fdc0bd9af3,6aa7a0e0a77bc7d80286490f,995d21f7adf68d6f72f393c5ad16bfc8d3a8fe610faa85742f82556d41e30e88,D:\maplestory_levup\docs\art\import-runs\ALL_AREAS_20260914_151243\staging\full\0404.png
12,m_timer,s_mon_timer,VFX,3,ac3427d6e38540b2ab4ed485c7cea2f4,6aa7a12d7208d3e6c3f67d97,7bcd5657645bed35491ec86f24b27eb4617aca1fa87d824a0fedd9858b9d9b21,D:\maplestory_levup\docs\art\import-runs\ALL_AREAS_20260914_151243\staging\full\0405.png
12,m_timer,s_mon_timer,VFX,4,cb921f8f28ea474f96e215ee69a9a9b3,6aa7a1227208d3e6c3f67d95,5b1a298f96b911396c65c317b7270b08244c907cb9961058ab786e9fa788087b,D:\maplestory_levup\docs\art\import-runs\ALL_AREAS_20260914_151243\staging\full\0406.png
12,m_timer,s_mon_timer,VFX,5,ba1437f500c14c2cb1b24206a7e8ba0d,6aa7a1346e6e2b1b7bf10f64,31c5d264879d0412d91d8ef096107a79e75c0dc50d4db59f0298c055edb7a0d4,D:\maplestory_levup\docs\art\import-runs\ALL_AREAS_20260914_151243\staging\full\0407.png
12,m_timer,s_mon_timer,VFX,6,899de51b901942a19132fb63ad2b72cd,6aa7a2419521f8039aa84bb5,6c94dff46fb60de4ae9fa49607c91fcb98d82928adc530c3a8d67297b0ffd5a1,D:\maplestory_levup\docs\art\import-runs\ALL_AREAS_20260914_151243\staging\full\0408.png
12,m_timer,s_mon_timer,VFX,7,046d103cc12f4d7e91162a0102b4db48,6aa7a1f3ae1303950ca318f7,ec05e5b908bfe4d39e88b33d8b9aec9dbdf805eaff1fbea77e43723c01e14e69,D:\maplestory_levup\docs\art\import-runs\ALL_AREAS_20260914_151243\staging\full\0409.png
12,m_timer,s_mon_timer,VFX,8,042c28eb21cb4c818fd24eeac7879fcb,6aa7a0ac64283f7d05483928,06aa163cba658b9e921b0d34b14fffc1943a85d592563fb79268571aedd73922,D:\maplestory_levup\docs\art\import-runs\ALL_AREAS_20260914_151243\staging\full\0410.png
12,m_timer,s_mon_timer,VFX,9,6f9cbbdbff7b4978bd8cc726bf2da8cf,6aa7a15b6e6e2b1b7bf10f76,5dc885bbadb5e5320c827b317b3fed4d2313c9759c8298ff0b530356fa594ddf,D:\maplestory_levup\docs\art\import-runs\ALL_AREAS_20260914_151243\staging\full\0411.png
12,m_timer,s_mon_timer,VFX,10,c3353868c60048028ad0b3596fe06f06,6aa7a1fc566d7f01ee61c980,e6f764ffe4f90877039685df95868ff9c16a8d29a8e0da7328b6226aa731d93c,D:\maplestory_levup\docs\art\import-runs\ALL_AREAS_20260914_151243\staging\full\0412.png
12,m_timer,s_mon_timer,VFX,11,8705fad2f5de4916bf302a806de499e8,6aa7a1236e6e2b1b7bf10f5e,76109ed331e3cae7c224168dfc5bf9b12e9781e78a48dc1f5c87a8886e7aa6e0,D:\maplestory_levup\docs\art\import-runs\ALL_AREAS_20260914_151243\staging\full\0413.png
12,m_toy_trojan,s_mon_toy_trojan,ICON,0,614d0439bbc34596948a76056740bbfd,6aa7a1daae1303950ca318e7,dfd0e117e6b351ac1fc07260f17d8cf2f591a9816b876429389b5822170494e2,D:\maplestory_levup\docs\art\import-runs\ALL_AREAS_20260914_151243\staging\full\0414.png
12,m_toy_trojan,s_mon_toy_trojan,VFX,0,3a8fd59df1c64c9a9640165436d2e360,6aa7a1ae3d2793a4363db2d8,1c5c82f72419b6b85baa1351392d891a88a96b6ce5a20aaac7de029bead17463,D:\maplestory_levup\docs\art\import-runs\ALL_AREAS_20260914_151243\staging\full\0415.png
12,m_toy_trojan,s_mon_toy_trojan,VFX,1,826be63130dd4e18ae5b5bb948f9619f,6aa7a26f6d007cf3496278d1,99bde43f6d7101ae1cf94aa7dcd2c44c4584e31b981a23e6eb3dbc29fa53c2d1,D:\maplestory_levup\docs\art\import-runs\ALL_AREAS_20260914_151243\staging\full\0416.png
12,m_toy_trojan,s_mon_toy_trojan,VFX,2,c51fdc3b3fc74a67a0bead35da586a8f,6aa7a22e430112b1e65f2ed9,1da54c329cde7ef0322d0044e5a708e1394d34ec789865ac500684a1b19dd919,D:\maplestory_levup\docs\art\import-runs\ALL_AREAS_20260914_151243\staging\full\0417.png
12,m_toy_trojan,s_mon_toy_trojan,VFX,3,a97b91c201b348b0a54a6609e1cbb3ab,6aa7a31a4f1e366285e14b72,b652d1e56d40e0b4aea9ca47431e323af0e8431020d5b9a3555ba78813f1c42b,D:\maplestory_levup\docs\art\import-runs\ALL_AREAS_20260914_151243\staging\full\0418.png
12,m_toy_trojan,s_mon_toy_trojan,VFX,4,7c5cb00154b64597aae0134696a35b2a,6aa7a305896a2707bf5ddb3d,b91c926fdd1e1dc3c802205f50925f5b9821229b42a30196b1d51469a509b8f4,D:\maplestory_levup\docs\art\import-runs\ALL_AREAS_20260914_151243\staging\full\0419.png
12,m_toy_trojan,s_mon_toy_trojan,VFX,5,54be8061b63349fa9bd9d0b0ac402fc7,6aa7a1454a5ad954719f35e1,23b52ea849fe559d30dfc366e68c4941d82505ed8abe77965774834d3584a143,D:\maplestory_levup\docs\art\import-runs\ALL_AREAS_20260914_151243\staging\full\0420.png
12,m_toy_trojan,s_mon_toy_trojan,VFX,6,42d9b57ef9864aac8c7d652bf2ea5af6,6aa7a167076ca3015d78e3dc,5a99395ddc931e679ed08c4194153424eb6f98ef5916131f883688d1b7c526d1,D:\maplestory_levup\docs\art\import-runs\ALL_AREAS_20260914_151243\staging\full\0421.png
12,m_toy_trojan,s_mon_toy_trojan,VFX,7,830930c93e5940bf8a521491e9418f97,6aa7a172076ca3015d78e3e3,22fb02b5cecdb8dbd054af64cc447115e9afdb28dc5e582a1ceb9ba311199e2a,D:\maplestory_levup\docs\art\import-runs\ALL_AREAS_20260914_151243\staging\full\0422.png
13,m_deo,s_mon_deo,ICON,0,7dee23b3ac424f69905279cdd8640013,6aa7a1fd4a5ad954719f3602,3116e8711cadfc5bb95526223b5a9fc23cd997aceae03194efa842bc8799abc7,D:\maplestory_levup\docs\art\import-runs\ALL_AREAS_20260914_151243\staging\full\0423.png
13,m_deo,s_mon_deo,VFX,0,5fd6cf5eaaf142b3b148c26accb00969,6aa7a1ec4a5ad954719f35f8,03c4e635d462813b41ea48cc8d3183814b7577bf21c43d5cb63acdbc48a68cd0,D:\maplestory_levup\docs\art\import-runs\ALL_AREAS_20260914_151243\staging\full\0424.png
13,m_deo,s_mon_deo,VFX,1,0335277499504659bbe1ad27bf499bee,6aa7a2273c73239c553aa5c9,354e78aaa203e221c50bfa6aa46dec42ed895288ee3fdab384fac6ca10d322e5,D:\maplestory_levup\docs\art\import-runs\ALL_AREAS_20260914_151243\staging\full\0425.png
13,m_deo,s_mon_deo,VFX,2,67663cf74b6a401f9fb1a815dbd2a5c1,6aa7a2579521f8039aa84bc0,11d9e82220320a00741373445eeb452b26c9b1e41cd80316906ff41fd2a05c9f,D:\maplestory_levup\docs\art\import-runs\ALL_AREAS_20260914_151243\staging\full\0426.png
13,m_deo,s_mon_deo,VFX,3,8a5d72bf3e2248fd9a2f4ca279e0b87b,6aa7a2529521f8039aa84bbe,d28528b9ff86750f743cfe5283f760617e9e89c5e9f54af69f7767447014ee11,D:\maplestory_levup\docs\art\import-runs\ALL_AREAS_20260914_151243\staging\full\0427.png
13,m_deo,s_mon_deo,VFX,4,f3ca1d9dc0fa4fb89bb2ba6c19a46cd4,6aa7a234566d7f01ee61c992,b82f7b05105d76f74bd396409fde639a8ea5d68fa447fa8803c947d7e096df0f,D:\maplestory_levup\docs\art\import-runs\ALL_AREAS_20260914_151243\staging\full\0428.png
13,m_deo,s_mon_deo,VFX,5,26d8e36024274e7dacc08099afa56410,6aa7a1cbff7ea1f2f92efb1b,63150a035ed0a35ea20a13cf737f8b4c9f43bf1e3afd8a99042a354f47213312,D:\maplestory_levup\docs\art\import-runs\ALL_AREAS_20260914_151243\staging\full\0429.png
13,m_deo,s_mon_deo,VFX,6,54774fd5061a48ca8d765016297fcdde,6aa7a2823c73239c553aa5f3,ac75ea4bd5146bb7be3fb78f7980eb59997552c80c63de3bc10198caad0a4062,D:\maplestory_levup\docs\art\import-runs\ALL_AREAS_20260914_151243\staging\full\0430.png
13,m_deo,s_mon_deo,VFX,7,864969b6a3774e10b6d40b816b95712f,6aa7a350b9028dbcc07a31fb,3b722061ebeb9bcb8df1ed3380c022d8ff4027b23c71b55c85f8cd5100f63350,D:\maplestory_levup\docs\art\import-runs\ALL_AREAS_20260914_151243\staging\full\0431.png
13,m_deo,s_mon_deo,VFX,8,bd357d42340c4b0283fbb7593b600d64,6aa7a2413c73239c553aa5db,c8d34704f815f99ef4b191395a4388831068aba278efe586e1920009ccb5a25d,D:\maplestory_levup\docs\art\import-runs\ALL_AREAS_20260914_151243\staging\full\0432.png
13,m_deo,s_mon_deo,VFX,9,770f8c3fe23347fb9c70bfd8e55bd0b8,6aa7a3536e6e2b1b7bf10fa1,59003ebecdcf1381f126d3e880c281d8c5ea8046804ceb109f8d1631eda46910,D:\maplestory_levup\docs\art\import-runs\ALL_AREAS_20260914_151243\staging\full\0433.png
13,m_deo,s_mon_deo,VFX,10,abf03dfce060474fb819e66aee5f6748,6aa7a1e04a5ad954719f35f4,90d23137ccffed45fb3bd7609010d4b394bb8a46c936e69a68c56907610eb145,D:\maplestory_levup\docs\art\import-runs\ALL_AREAS_20260914_151243\staging\full\0434.png
13,m_deo,s_mon_deo,VFX,11,31dd314347a744308931709da8898655,6aa7a2489521f8039aa84bba,8df18329631c0d0233a19892f5a2410ea2283f4ae6d0d960b0179b79ae087507,D:\maplestory_levup\docs\art\import-runs\ALL_AREAS_20260914_151243\staging\full\0435.png
13,m_meercat,s_mon_meercat,ICON,0,0b27a819e3da41c089602e744691117f,6aa7a3486e6e2b1b7bf10f9c,eb6bac0841d6cbd56415a5c4126fa88ad62165d31ce3bb3cb279f111894fc3ef,D:\maplestory_levup\docs\art\import-runs\ALL_AREAS_20260914_151243\staging\full\0436.png
13,m_meercat,s_mon_meercat,VFX,0,58c540e8010849fca233cf463db14644,6aa7a1e4ae1303950ca318ed,e5af8619d32df6ae21ad71849ea524db5a93f8f44b57d8eaa870f74fd402edc0,D:\maplestory_levup\docs\art\import-runs\ALL_AREAS_20260914_151243\staging\full\0437.png
13,m_meercat,s_mon_meercat,VFX,1,266a890d8b3046d397aa578dcd6b32b7,6aa7a2ab7208d3e6c3f67e04,9947d76c469f0da3cca9cde4dad9884ae8082037a6730a96448a04739f0467c8,D:\maplestory_levup\docs\art\import-runs\ALL_AREAS_20260914_151243\staging\full\0438.png
13,m_meercat,s_mon_meercat,VFX,2,7b3564942b9a4bcfb5cb4001b10d541b,6aa7a34d896a2707bf5ddb4b,7b44bb9fda5d20142640374c14d77f08a43c2c73692066df645c152ad09a68be,D:\maplestory_levup\docs\art\import-runs\ALL_AREAS_20260914_151243\staging\full\0439.png
13,m_meercat,s_mon_meercat,VFX,3,add5898f2139481db897abd9a94f8e39,6aa7a415896a2707bf5ddb67,e2bc11ae2e1417b6f78fc3ebf3570802d373ef257500d46b46ba3081e35fe50a,D:\maplestory_levup\docs\art\import-runs\ALL_AREAS_20260914_151243\staging\full\0440.png
13,m_meercat,s_mon_meercat,VFX,4,a199952c4427441c9712bae319b115f6,6aa7a2be4f1e366285e14b2f,5993311dcada04edb50c3659bf92f99080ab87c9c40724014e3d050f4a1c3ea7,D:\maplestory_levup\docs\art\import-runs\ALL_AREAS_20260914_151243\staging\full\0441.png
13,m_meercat,s_mon_meercat,VFX,5,0c392fd5b0a847ef9714e1fbd37b0021,6aa7a3e6821b9a1b17d8123d,23df4b874b4066d141c784f879a74716dd0488a3c6d54d92ca60ed9d4ff0b0e6,D:\maplestory_levup\docs\art\import-runs\ALL_AREAS_20260914_151243\staging\full\0442.png
13,m_meercat,s_mon_meercat,VFX,6,9aafab61dc734a4bb2c17ef6b6391029,6aa7a2419521f8039aa84bb6,c6aa029b91588edc470f7072347b5eb1981f13ea652b0fbd092ac9555810294e,D:\maplestory_levup\docs\art\import-runs\ALL_AREAS_20260914_151243\staging\full\0443.png
13,m_meercat,s_mon_meercat,VFX,7,9ad6961246034fb9848e49071368a63f,6aa7a31b896a2707bf5ddb3e,06d52280401414ff86b60ba4c9c4794c5a336a9a26128f3c258c1cf71eba8569,D:\maplestory_levup\docs\art\import-runs\ALL_AREAS_20260914_151243\staging\full\0444.png
13,m_sand_dwarf,s_mon_sand_dwarf,ICON,0,1b753926d7784650a0373b276cff8701,6aa7a3a0821b9a1b17d8122a,71b10e7823ee6dc16280d978828ff3cd35342a5c0f66b0ac91d954d62a5c8994,D:\maplestory_levup\docs\art\import-runs\ALL_AREAS_20260914_151243\staging\full\0445.png
13,m_scarf_plead,s_mon_scarf_plead,ICON,0,c9a088e775fc416b839e1434847ea597,6aa7a34a896a2707bf5ddb4a,d5351f5ec26cf26b86918f17e507712e08513cb8217ab8aabc172abd61f4dfc6,D:\maplestory_levup\docs\art\import-runs\ALL_AREAS_20260914_151243\staging\full\0446.png
13,m_white_sand_rabbit,s_mon_white_sand_rabbit,ICON,0,16e3e641990f416ab5f1fd5eaf11e487,6aa7a2c64f1e366285e14b3a,407857440906fb8ae499e272b1a1184fc2a98799b0489faae5f82eba5172bc61,D:\maplestory_levup\docs\art\import-runs\ALL_AREAS_20260914_151243\staging\full\0447.png
13,m_white_sand_rabbit,s_mon_white_sand_rabbit,VFX,0,9e1efc87c9ef40be8a970fcdef02fb48,6aa7a2ee1e2dc5d6b4e9b4ff,f46e75157bc19ef02a6f08ff00620b8e8a158c4163069086a7248de78753074f,D:\maplestory_levup\docs\art\import-runs\ALL_AREAS_20260914_151243\staging\full\0448.png
13,m_white_sand_rabbit,s_mon_white_sand_rabbit,VFX,1,c06f3020ffcd4a6ab14961af7852ca0a,6aa7a3d3d43d0c8ffe66a33a,e6850d66f8aecc8bd2fa86cf4e7161896fa20bd47722fe651c624f1ff98e0853,D:\maplestory_levup\docs\art\import-runs\ALL_AREAS_20260914_151243\staging\full\0449.png
13,m_white_sand_rabbit,s_mon_white_sand_rabbit,VFX,2,92d8de6cefb14117bd4006a57b704778,6aa7a3383c73239c553aa603,e4d32989c16389583449194d518ba2a26305ec956a27d96f7ef970643f3f1f0f,D:\maplestory_levup\docs\art\import-runs\ALL_AREAS_20260914_151243\staging\full\0450.png
13,m_white_sand_rabbit,s_mon_white_sand_rabbit,VFX,3,2866b0f05f7f42faba3d327230fa28dd,6aa7a398821b9a1b17d81228,a069f805c438cd12d8fdaf278ce5682b1cd170365ff09d4b540e7192fd15f89d,D:\maplestory_levup\docs\art\import-runs\ALL_AREAS_20260914_151243\staging\full\0451.png
13,m_white_sand_rabbit,s_mon_white_sand_rabbit,VFX,4,139d1bdd46b34cbf9d799c8957c45caf,6aa7a2d71e2dc5d6b4e9b4f8,1b0b3e6633e758d3ef31301e78208c5bcb232c7ceff909126a41a06bb04fe108,D:\maplestory_levup\docs\art\import-runs\ALL_AREAS_20260914_151243\staging\full\0452.png
13,m_white_sand_rabbit,s_mon_white_sand_rabbit,VFX,5,25be243eb4fe4358aef7a701fa530f8d,6aa7a34e7d5521b7dabe8fe4,a602f8e5436d677f81289b24bdb3ebcd1236b701e1125e62bc8d511bb2d1be02,D:\maplestory_levup\docs\art\import-runs\ALL_AREAS_20260914_151243\staging\full\0453.png
13,m_white_sand_rabbit,s_mon_white_sand_rabbit,VFX,6,bc2a29be7f7044b6b16d0d12e5be811b,6aa7a38bd43d0c8ffe66a326,167649fd2d4414c5634419eb1c3aa28b009e0d1306b63339eea2d34d730326ba,D:\maplestory_levup\docs\art\import-runs\ALL_AREAS_20260914_151243\staging\full\0454.png
13,m_white_sand_rabbit,s_mon_white_sand_rabbit,VFX,7,732b2455a2924d38813ebb890a9a64bc,6aa7a2dd4f1e366285e14b4d,9cbd058834888e93495558044ec69e17a5ea6f8f22f6e37ead4add0f358e4cf4,D:\maplestory_levup\docs\art\import-runs\ALL_AREAS_20260914_151243\staging\full\0455.png
14,m_chimera,s_mon_chimera,ICON,0,aa101fafd18844c794398b1eea7bb0d5,6aa7a3653c73239c553aa610,a606e2d8ec6ea3e188949b1d844c4975ecfe3b490d5fc10edce357b498e5a17d,D:\maplestory_levup\docs\art\import-runs\ALL_AREAS_20260914_151243\staging\full\0456.png
14,m_chimera,s_mon_chimera,VFX,0,885257371dc54d26a23cd2ef30f838cf,6aa7a3fcd2156bd45f72d2f4,52be3e00f0e086d28619d57973dff7f3c54bc9e0794670c145b7679fc03804ba,D:\maplestory_levup\docs\art\import-runs\ALL_AREAS_20260914_151243\staging\full\0457.png
14,m_chimera,s_mon_chimera,VFX,1,bb809d7e3ade43a8a647dd74d12e9714,6aa7a3216e6e2b1b7bf10f91,2b608266999028f5b29df02ceb36e082e474cca2597990b91d85b3b867648961,D:\maplestory_levup\docs\art\import-runs\ALL_AREAS_20260914_151243\staging\full\0458.png
14,m_chimera,s_mon_chimera,VFX,2,2bf3dac362cd4aaba213303a847ee30c,6aa7a41c5a42a19740c45f18,e42b014814711b8674ab1737aa27729c3b2f4ad578f659788e8f9cd50cd83664,D:\maplestory_levup\docs\art\import-runs\ALL_AREAS_20260914_151243\staging\full\0459.png
14,m_chimera,s_mon_chimera,VFX,3,2d364cddb7ad48cfb9e3bfed71184d3a,6aa7a4a55868471004e7194a,29fc6ce662b75d7d7a86d6945ee04b68e6a1e9f7276be79996c0718dc34a56e2,D:\maplestory_levup\docs\art\import-runs\ALL_AREAS_20260914_151243\staging\full\0460.png
14,m_chimera,s_mon_chimera,VFX,4,30c4fbf39bbe4e2aa78304e01be6fb5d,6aa7a4654d77c6b480adcef1,3a924d1adc28bf6a2dfdd500771d249e551bef0ccbf3eb7e9b80381c09083e9e,D:\maplestory_levup\docs\art\import-runs\ALL_AREAS_20260914_151243\staging\full\0461.png
14,m_chimera,s_mon_chimera,VFX,5,a08ea4bcafef402cbb431ad774454ac2,6aa7a3643c73239c553aa60f,66c07e50794155b15d8e101f2a82dbf52b4c00e4ad87ccdacd860b31f4c55395,D:\maplestory_levup\docs\art\import-runs\ALL_AREAS_20260914_151243\staging\full\0462.png
14,m_chimera,s_mon_chimera,VFX,6,098040ca047a45408fd9937128191059,6aa7a3e3821b9a1b17d8123c,5bfda517a866971eb75eaa1449f9f7b721c16a6292745d52d7212ad93aac727c,D:\maplestory_levup\docs\art\import-runs\ALL_AREAS_20260914_151243\staging\full\0463.png
14,m_chimera,s_mon_chimera,VFX,7,0022536a6bdb4948b93ff5faeeda8aee,6aa7a3f45a42a19740c45f0c,1b1f879eb4162b575c6fa864f1184cb96f1305a18bcde55a2f71ac1820ee8082,D:\maplestory_levup\docs\art\import-runs\ALL_AREAS_20260914_151243\staging\full\0464.png
14,m_chimera,s_mon_chimera,VFX,8,92f66de6a7a24298ac4c14df2ad1b4a2,6aa7a3e4d2156bd45f72d2f0,47cb82690acc0b7245b1f81acb5b6fe05857bd5b86a54c676bbdfc46a7bac07d,D:\maplestory_levup\docs\art\import-runs\ALL_AREAS_20260914_151243\staging\full\0465.png
14,m_chimera,s_mon_chimera,VFX,9,12508c468dc04f41afda0a67eed16d57,6aa7a426d2156bd45f72d2f6,8830a2226b82344a5ffcf6551422fcf8de763a5cbf3264ab4c8e8317309050f6,D:\maplestory_levup\docs\art\import-runs\ALL_AREAS_20260914_151243\staging\full\0466.png
14,m_chimera,s_mon_chimera,VFX,10,1ae7604a3fb64765b2509e8cb369e29d,6aa7a44ed2156bd45f72d303,7a1d5ccef3fc525a30dbb22841112fe903c33389239fe33100a1e455cc5494f1,D:\maplestory_levup\docs\art\import-runs\ALL_AREAS_20260914_151243\staging\full\0467.png
14,m_chimera,s_mon_chimera,VFX,11,96d6f0b1b84342dc98832317318a9009,6aa7a3c1d43d0c8ffe66a333,c2816932f4c367900b64e77872d7aca0fe5b81dea09420eba723f18ea9dc3151,D:\maplestory_levup\docs\art\import-runs\ALL_AREAS_20260914_151243\staging\full\0468.png
14,m_cube_slime,s_mon_cube_slime,ICON,0,d6b1065422854fbab3ec53fa554e72ab,6aa7a4235a42a19740c45f1d,836758402dad2a010b6ce9c0cc167bd7fa60755e19e1e3bbd6b28351f6c8195d,D:\maplestory_levup\docs\art\import-runs\ALL_AREAS_20260914_151243\staging\full\0469.png
14,m_homun,s_mon_homun,ICON,0,dee84606a7fc4def9229d0e93f6826c2,6aa7a9299521f8039aa84d2d,7bbce748e6a419c789017baff66d11ee1250c70b17c814f51b1a463aeaeafc54,D:\maplestory_levup\docs\art\import-runs\ALL_AREAS_20260914_151243\staging\full\0470.png
14,m_homun,s_mon_homun,VFX,0,26bb8ae99de84ccfa1150026119590b4,6aa7a467896a2707bf5ddb8b,e176ec84105431ec8e2f1644aa54c7dda57fea2357efe63bb203141d3ed37cdf,D:\maplestory_levup\docs\art\import-runs\ALL_AREAS_20260914_151243\staging\full\0471.png
14,m_homun,s_mon_homun,VFX,1,d1afd8e434c944de91b1d4d5ed06e1ac,6aa7a488d2156bd45f72d312,3baf4aa8d483bd0b8ec858833fba5453aa6de9acc147b87fd944d29c3747de0e,D:\maplestory_levup\docs\art\import-runs\ALL_AREAS_20260914_151243\staging\full\0472.png
14,m_homun,s_mon_homun,VFX,2,02713545781f462d9c44ed56b363b037,6aa7a43c5a42a19740c45f27,66c238216a661b5048a54359578893af14e08383dc278530b62a48ce3a547049,D:\maplestory_levup\docs\art\import-runs\ALL_AREAS_20260914_151243\staging\full\0473.png
14,m_homun,s_mon_homun,VFX,3,01a724db790f492c86d5f0ea7158537d,6aa7a91fc91f1fc250f6e399,271b6bdc76a1ca95a74cfe451e2c3a5bb45ddff6a2b109d9a1ab4b77e36271fa,D:\maplestory_levup\docs\art\import-runs\ALL_AREAS_20260914_151243\staging\full\0474.png
14,m_homun,s_mon_homun,VFX,4,e61b329082ed4308b306e4946d3be37b,6aa7a4883c73239c553aa65e,693b93b56fd62333c996ac341dba837acbb8aac1332e4a7ee44b0e51c36092f0,D:\maplestory_levup\docs\art\import-runs\ALL_AREAS_20260914_151243\staging\full\0475.png
14,m_homun,s_mon_homun,VFX,5,94d5625390be46b28ec3de28d872ca79,6aa7a45e896a2707bf5ddb83,c2369095b48c3658cb645939e875c56344fb62822a18e2ef12f916c67078d2f3,D:\maplestory_levup\docs\art\import-runs\ALL_AREAS_20260914_151243\staging\full\0476.png
14,m_homun,s_mon_homun,VFX,6,9e5af5b0b41f4323adbd047e54459a9f,6aa7a5214f1e366285e14b9a,3a6c59c08d4074a562664ee040e2383d6ffedf1a2d19dc6cea8004bdd3b64179,D:\maplestory_levup\docs\art\import-runs\ALL_AREAS_20260914_151243\staging\full\0477.png
14,m_homun,s_mon_homun,VFX,7,99df7f64f94b423c805a3e6d3707cb89,6aa7a43e7208d3e6c3f67e2b,9d3d5cbd96302820b968f90cfcc5ebde74fc418d8c1d4facd572734dabf66b7e,D:\maplestory_levup\docs\art\import-runs\ALL_AREAS_20260914_151243\staging\full\0478.png
14,m_mithril_mutae,s_mon_mithril_mutae,ICON,0,34a217531eda463481061d5b7a976b4c,6aa7a4bfff7ea1f2f92efb92,9d4d8ca975f6ae0dd918b35a262dc7f1753ce5d53c840a1f48a5bb94ba307111,D:\maplestory_levup\docs\art\import-runs\ALL_AREAS_20260914_151243\staging\full\0479.png
14,m_roid,s_mon_roid,ICON,0,14b589cf6c7d4e61a18e0e98d7dfe0a0,6aa7a4df4f1e366285e14b91,06dc9c837338902e84f94c2f39f3fdf516d5b865a85cb0dedb82d406251c3aef,D:\maplestory_levup\docs\art\import-runs\ALL_AREAS_20260914_151243\staging\full\0480.png
14,m_roid,s_mon_roid,VFX,0,4d70a45425bd40169549ffdc4c0d3235,6aa7a51a4f1e366285e14b95,050f49bf5ccbad6d4a4c9164e7be76e5c664f009dc460b01174c80a1889c100c,D:\maplestory_levup\docs\art\import-runs\ALL_AREAS_20260914_151243\staging\full\0481.png
14,m_roid,s_mon_roid,VFX,1,e54b9a29c41f4eac8deff5bafcf7eb60,6aa7a53b4d77c6b480adcf37,82d66c7ad0ad77c7b6bf24c16e7e0b6d3944facef08f80fe1207fddba58316bc,D:\maplestory_levup\docs\art\import-runs\ALL_AREAS_20260914_151243\staging\full\0482.png
14,m_roid,s_mon_roid,VFX,2,47f27b56c1e1462eb205a76af9d78ca7,6aa7a002da112e195ba2c1d1,4b128ef139943a799e1464f7072979989045ed1919787a535dfb2cdec933a407,D:\maplestory_levup\docs\art\import-runs\ALL_AREAS_20260914_151243\staging\full\0483.png
14,m_roid,s_mon_roid,VFX,3,b69c5c8deb784fe09d493bd97b68def5,6aa79ffcda112e195ba2c1cb,97c5ae755f1c5a0c11332abf54f206c2405a490c00247409f0046e65466fdca1,D:\maplestory_levup\docs\art\import-runs\ALL_AREAS_20260914_151243\staging\full\0484.png
14,m_roid,s_mon_roid,VFX,4,05e0bea43ff546f7b23d0690c11c56c3,6aa7a04dda112e195ba2c1f2,6ac44546dc2292a39fdfc92d0c11d1ab15886dbb89210dab8b08aedf6e465ee0,D:\maplestory_levup\docs\art\import-runs\ALL_AREAS_20260914_151243\staging\full\0485.png
14,m_roid,s_mon_roid,VFX,5,944540f324254646a3f2727b7216995d,6aa7a013da112e195ba2c1d9,fccf8eee1a0c9076dcd38878fd8d804bfc41d539764ba9a380b0921ba7f7ac11,D:\maplestory_levup\docs\art\import-runs\ALL_AREAS_20260914_151243\staging\full\0486.png
14,m_roid,s_mon_roid,VFX,6,d5eb04cd2ba24cddbbd90fd3a31e7022,6aa7a05d7d5521b7dabe8f77,472a6c6c66294000ca5a49919ebaf23b8b82830f39fe059c15386d422bad5c28,D:\maplestory_levup\docs\art\import-runs\ALL_AREAS_20260914_151243\staging\full\0487.png
14,m_roid,s_mon_roid,VFX,7,8a557b8539e44e438291412efbbd6874,6aa7a0877d5521b7dabe8f86,49767275334f8506dc2fc140f34380f43fcd909fec309ee287fa965903089e76,D:\maplestory_levup\docs\art\import-runs\ALL_AREAS_20260914_151243\staging\full\0488.png
15,m_blue_flower_serpent,s_mon_blue_flower_serpent,ICON,0,6e88185eb7ab4b36a12943cec476b9e7,6aa7a07fda112e195ba2c217,2854bc16f7765fa697fdc5d6e659e7a94225f9e2d664c062f7845861dc991ce6,D:\maplestory_levup\docs\art\import-runs\ALL_AREAS_20260914_151243\staging\full\0489.png
15,m_peach_monkey,s_mon_peach_monkey,ICON,0,cd2a82549a084be78c060f312f02583a,6aa7a0af821b9a1b17d811c8,1b74ab7836b64146d4505c55d758cdf6568ae2d33baf6f9b13383b2a5d2904d1,D:\maplestory_levup\docs\art\import-runs\ALL_AREAS_20260914_151243\staging\full\0490.png
15,m_peach_monkey,s_mon_peach_monkey,VFX,0,da57af6fa2df47be8c5df2e1f989f174,6aa7a07c7208d3e6c3f67d54,3eb2e409b83485f0adc9fe60374bff88ae55aa1f6aa8cc1b0e599bd4cb344cd5,D:\maplestory_levup\docs\art\import-runs\ALL_AREAS_20260914_151243\staging\full\0491.png
15,m_peach_monkey,s_mon_peach_monkey,VFX,1,b01f90083bc74aaea82771cb530a9478,6aa7a1636e6e2b1b7bf10f7c,256ba268bf68ba2c3c5fa9db6ce92056955f7a16c8cd8e01c85df27394821f88,D:\maplestory_levup\docs\art\import-runs\ALL_AREAS_20260914_151243\staging\full\0492.png
15,m_peach_monkey,s_mon_peach_monkey,VFX,2,252f6586f69046049b25ef21479773bd,6aa7a0a0821b9a1b17d811c1,a243270ac2f401010e4c7135de47c934ea09509c246c5567594b9b27ce338dca,D:\maplestory_levup\docs\art\import-runs\ALL_AREAS_20260914_151243\staging\full\0493.png
15,m_peach_monkey,s_mon_peach_monkey,VFX,3,00d8de1ef2884d5cbb7ef8882b10d859,6aa7a03a3c73239c553aa580,ba8d55c0e539766d88203bfef90260e2646c36aa0c6c99b61037bed390f3aada,D:\maplestory_levup\docs\art\import-runs\ALL_AREAS_20260914_151243\staging\full\0494.png
15,m_peach_monkey,s_mon_peach_monkey,VFX,4,70a94fb0b742469586e20fcb13bb53a7,6aa7a13c076ca3015d78e3bb,4dbaaa2ad4049538731b014e133628e5b4f967ab2f3a1adbecbe39ae4b97f961,D:\maplestory_levup\docs\art\import-runs\ALL_AREAS_20260914_151243\staging\full\0495.png
15,m_peach_monkey,s_mon_peach_monkey,VFX,5,f89fe1f8bf7b4f7bafd4db57366aa4e5,6aa7a1306e6e2b1b7bf10f62,338365bfb8958118f68ce11ab2f818f085ab621ad8f1aa632699c0d8b5a3bc42,D:\maplestory_levup\docs\art\import-runs\ALL_AREAS_20260914_151243\staging\full\0496.png
15,m_peach_monkey,s_mon_peach_monkey,VFX,6,f2adc11300a04621ae255cb896629dae,6aa7a139076ca3015d78e3ba,a83d678f0601de1a515b5400c3363469e9597b9c03c4e3e633f3983017f5a8df,D:\maplestory_levup\docs\art\import-runs\ALL_AREAS_20260914_151243\staging\full\0497.png
15,m_peach_monkey,s_mon_peach_monkey,VFX,7,891e0dcd33b54e3587250e1d21690947,6aa7a19f3d2793a4363db2d6,cec551cb17c9fba0061cde6e42893d560e1aa3006e90a96d0ecfdc1564f87fc7,D:\maplestory_levup\docs\art\import-runs\ALL_AREAS_20260914_151243\staging\full\0498.png
15,m_straw_dummy,s_mon_straw_dummy,ICON,0,3e8d4c85efbf48f39a9ef4f005bc22cf,6aa7a1018b247671eef7b09d,038c720908a42735c40506b16e0ed01e5504a54f1f0eadf811c5e287c81c6d1b,D:\maplestory_levup\docs\art\import-runs\ALL_AREAS_20260914_151243\staging\full\0499.png
15,m_tae_roon,s_mon_tae_roon,ICON,0,874fa803baaa4d2c88b74632c36415a8,6aa7a165d2156bd45f72d2c7,b1756c6c9f3290c671f6eaecbdf5cc93c4a5227ba9a28d79002c7a6042505143,D:\maplestory_levup\docs\art\import-runs\ALL_AREAS_20260914_151243\staging\full\0500.png
15,m_tae_roon,s_mon_tae_roon,VFX,0,8c4b21e567e743a884f7d348239a4c1f,6aa7a1a14a5ad954719f35eb,84c0756078a4e96a715aa262ee376eed852d371686e3be53a45c2695df147616,D:\maplestory_levup\docs\art\import-runs\ALL_AREAS_20260914_151243\staging\full\0501.png
15,m_tae_roon,s_mon_tae_roon,VFX,1,86e50d98dc9e4702b4007576405d47a8,6aa7a108821b9a1b17d811db,b543b6019e00dbde5064e75f5c4a5d99a15b8581a3155886802312968809b21b,D:\maplestory_levup\docs\art\import-runs\ALL_AREAS_20260914_151243\staging\full\0502.png
15,m_tae_roon,s_mon_tae_roon,VFX,2,d17ebfd824124584afa0d9b2081155b1,6aa7a226821b9a1b17d8120d,22fe85ef6394ef59c3d0d99a223fcfd82f23052c511af905f9dccb98b414a8a7,D:\maplestory_levup\docs\art\import-runs\ALL_AREAS_20260914_151243\staging\full\0503.png
15,m_tae_roon,s_mon_tae_roon,VFX,3,09dcd3f22e8f4fe9834999f39aa8c550,6aa7a190d2156bd45f72d2d1,0464632a10bc036823ddaa69ab284b12c5d7c21e5da79ebfd7e29209b86f4a98,D:\maplestory_levup\docs\art\import-runs\ALL_AREAS_20260914_151243\staging\full\0504.png
15,m_tae_roon,s_mon_tae_roon,VFX,4,3790473d5db44d38a7cd01463d6336d7,6aa7a1a0566d7f01ee61c957,992bc83e34a80830a9e26e8c8a7e1c72d96719dc102662132d777ac4eb2ecbe3,D:\maplestory_levup\docs\art\import-runs\ALL_AREAS_20260914_151243\staging\full\0505.png
15,m_tae_roon,s_mon_tae_roon,VFX,5,d72b3bf21d3447b0b28ed2d59490256a,6aa7a1dbff7ea1f2f92efb22,23a6771c8fceeee268e2c90c507b049904d0fdede5baeba6d14062cdc3227c46,D:\maplestory_levup\docs\art\import-runs\ALL_AREAS_20260914_151243\staging\full\0506.png
15,m_tae_roon,s_mon_tae_roon,VFX,6,e89b0242456e4fe192a0c5267a4f5e7a,6aa7a2f11e4672497c5b443a,f92abaf67f369bdefe775d66819e0a9db3699e1c9d6aacafcb361e1c9dec58b5,D:\maplestory_levup\docs\art\import-runs\ALL_AREAS_20260914_151243\staging\full\0507.png
15,m_tae_roon,s_mon_tae_roon,VFX,7,238ff99d17eb4538bc3cc9df0353ff4d,6aa7a30eb9028dbcc07a31ee,c28af2a46e274212ac25bac98964567694f26d9cb18a83781d295ca519535cb0,D:\maplestory_levup\docs\art\import-runs\ALL_AREAS_20260914_151243\staging\full\0508.png
15,m_tae_roon,s_mon_tae_roon,VFX,8,f9e7436694924ea7bb9d5d2b4b405bd2,6aa7a119076ca3015d78e3a1,1e90118c9371e7f59d4b918e80fc8f528fee10c7aec3c5b3c0beba5e71813879,D:\maplestory_levup\docs\art\import-runs\ALL_AREAS_20260914_151243\staging\full\0509.png
15,m_tae_roon,s_mon_tae_roon,VFX,9,26ce844d93364bcc937fe087d5c652fa,6aa7a14d076ca3015d78e3ca,cedf1c595ad66cd8809e35587badaa6e00b56ff297b22af20d2119201f16548a,D:\maplestory_levup\docs\art\import-runs\ALL_AREAS_20260914_151243\staging\full\0510.png
15,m_tae_roon,s_mon_tae_roon,VFX,10,3e09b5bbcd734ab587ed5541e6864a11,6aa7a23088413f765269bbb6,81407ff97f36a1a07d6164642ca145d9d06b07cd0c092d79ce5fb9fce807e5ce,D:\maplestory_levup\docs\art\import-runs\ALL_AREAS_20260914_151243\staging\full\0511.png
15,m_tae_roon,s_mon_tae_roon,VFX,11,e09f6c101d864a2db09c1380a1021f56,6aa7a221430112b1e65f2ed0,40ad24d44b595ce0fe142bc28fcf78077c72b25a9a1d39eb0f222baccbc5584e,D:\maplestory_levup\docs\art\import-runs\ALL_AREAS_20260914_151243\staging\full\0512.png
15,m_wooden_dummy,s_mon_wooden_dummy,ICON,0,021fbc863175447a9bb4be2eb9f75518,6aa7a23388413f765269bbb7,692793049628afa5a636c637cd7076d7c45224c49282648f7aee9efc3010e6ef,D:\maplestory_levup\docs\art\import-runs\ALL_AREAS_20260914_151243\staging\full\0513.png
15,m_wooden_dummy,s_mon_wooden_dummy,VFX,0,c1ebfc4fcc7c4b0ab425a12b8482ed47,6aa7a24f9521f8039aa84bbc,725befbf28e481f92b3ad769c766d33d1bd9d3c467c455aec8dde5251119e311,D:\maplestory_levup\docs\art\import-runs\ALL_AREAS_20260914_151243\staging\full\0514.png
15,m_wooden_dummy,s_mon_wooden_dummy,VFX,1,fe8682c9d56a46caa323e4d3774c783a,6aa7a24088413f765269bbbb,8fd7f7c1d704f7eec4d4fea6432ddf79bafc4275f09b2d520e112a2dfd9128aa,D:\maplestory_levup\docs\art\import-runs\ALL_AREAS_20260914_151243\staging\full\0515.png
15,m_wooden_dummy,s_mon_wooden_dummy,VFX,2,c57ee2a2a92a4c58bd9dddb979a70b3a,6aa7a2d84f1e366285e14b46,a312ee0a932bcb250cb6efe97dd35de42cbeeb75ecb16e1387485c43c62d83eb,D:\maplestory_levup\docs\art\import-runs\ALL_AREAS_20260914_151243\staging\full\0516.png
15,m_wooden_dummy,s_mon_wooden_dummy,VFX,3,74d9895f47894dad8c5c1a56b9c06359,6aa7a3526e6e2b1b7bf10fa0,97eb95837200e9519d6d0d5c20602bec4d9d2b96c2ce9bea9af477d7fc1f04ee,D:\maplestory_levup\docs\art\import-runs\ALL_AREAS_20260914_151243\staging\full\0517.png
15,m_wooden_dummy,s_mon_wooden_dummy,VFX,4,01e8f6db0cf846559a0bf70cee15a761,6aa7a333b9028dbcc07a31f6,95878ab18cc4eb328729927681b5250e6c19d427b54d6f4784ecc685082f136a,D:\maplestory_levup\docs\art\import-runs\ALL_AREAS_20260914_151243\staging\full\0518.png
15,m_wooden_dummy,s_mon_wooden_dummy,VFX,5,b4898f3afe664e80a4ffc97c902f2af6,6aa7a27cff7ea1f2f92efb43,e9d8d564a603530a36484af8a39dc1ecd75c61ea60b2e84a43114f507088a5c8,D:\maplestory_levup\docs\art\import-runs\ALL_AREAS_20260914_151243\staging\full\0519.png
15,m_wooden_dummy,s_mon_wooden_dummy,VFX,6,77532eccbf364f4d8f32f4d13f55b13a,6aa7a2829776e56500b51ad7,bfa8939046546bc3260747470e5c466ca26415d6cea4175ce8e8ebec2fed6d7e,D:\maplestory_levup\docs\art\import-runs\ALL_AREAS_20260914_151243\staging\full\0520.png
15,m_wooden_dummy,s_mon_wooden_dummy,VFX,7,9a7ea81457604e3ca1e76fa0ccc0a996,6aa7a32eb9028dbcc07a31f4,09af6af587325bff6ae1f2e086181b827c5841a682f1d1ad74e1d4ef11df782a,D:\maplestory_levup\docs\art\import-runs\ALL_AREAS_20260914_151243\staging\full\0521.png
16,m_blood_harp,s_mon_blood_harp,ICON,0,7443aef55f09475f83f2ba1cd2735684,6aa7a2e54f1e366285e14b59,784c289c12f3bc09682655c669acabee5379febab21300cbcf037d4466cc05dd,D:\maplestory_levup\docs\art\import-runs\ALL_AREAS_20260914_151243\staging\full\0522.png
16,m_blood_harp,s_mon_blood_harp,VFX,0,fe015aa024a24acabdf5ef0ebaaaf631,6aa7a2937208d3e6c3f67de8,17fc40f4ed38937a1608ae495198eaaf013346483735207fb71b5e761dc78716,D:\maplestory_levup\docs\art\import-runs\ALL_AREAS_20260914_151243\staging\full\0523.png
16,m_blood_harp,s_mon_blood_harp,VFX,1,758aebfb2473476ba547d554851348a3,6aa7a19bd2156bd45f72d2d8,02ba29cfa20c698cd451f64b1163e3e3d4d8826bca5ae38ed9945b285f5fa8f7,D:\maplestory_levup\docs\art\import-runs\ALL_AREAS_20260914_151243\staging\full\0524.png
16,m_blood_harp,s_mon_blood_harp,VFX,2,83bd2b5367224153b8f4d631ab232ce7,6aa7a1eeff7ea1f2f92efb2d,dbe913fdf9a7c80536891b56904149a256275e5ced3dc1e82ce2e296bec1fe9d,D:\maplestory_levup\docs\art\import-runs\ALL_AREAS_20260914_151243\staging\full\0525.png
16,m_blood_harp,s_mon_blood_harp,VFX,3,3d85b5a375704beba18e6b96d4b92144,6aa7a33d7d5521b7dabe8fde,fc32f756a4146c316c65d8619b057e654baaa21ab1854e64840619ed96c0cf87,D:\maplestory_levup\docs\art\import-runs\ALL_AREAS_20260914_151243\staging\full\0526.png
16,m_blood_harp,s_mon_blood_harp,VFX,4,e7f3233f64544c4dbce30d0d710fe340,6aa7a2d19776e56500b51af3,71da3fd361529217fd6968a07d5c82713eed3e4c1d51483d22fd03718be6d938,D:\maplestory_levup\docs\art\import-runs\ALL_AREAS_20260914_151243\staging\full\0527.png
16,m_blood_harp,s_mon_blood_harp,VFX,5,cac7334d097b4ccf906a8b2eb09319f9,6aa7a2456d007cf3496278bc,f1330249048ba138146f8ec9084f605bd399b9fcc00b164d49addaa01dc0ec3f,D:\maplestory_levup\docs\art\import-runs\ALL_AREAS_20260914_151243\staging\full\0528.png
16,m_blood_harp,s_mon_blood_harp,VFX,6,faa31af498dc41f78365610c823386f8,6aa7a364896a2707bf5ddb53,80f2ed0badf7510d71b80d2d1b45c49c5842d8e64bef5293f85fa62c0824ef59,D:\maplestory_levup\docs\art\import-runs\ALL_AREAS_20260914_151243\staging\full\0529.png
16,m_blood_harp,s_mon_blood_harp,VFX,7,81856e1ec38c4990bb0bdeb7e915121f,6aa7a3e3896a2707bf5ddb5a,c2e5c3dcb7d69d624746b0911ee7dc36cd0690886ae3418d183f08ec187b4244,D:\maplestory_levup\docs\art\import-runs\ALL_AREAS_20260914_151243\staging\full\0530.png
16,m_blue_wyvern,s_mon_blue_wyvern,ICON,0,7e7f2cddb3a24349a2d96bdb3ac7b8f7,6aa7a28e156a9b317386d784,8abf0e1a6c3b529ad8d41c0d33b49305102dada6315d1da33c98bc69ae2e4162,D:\maplestory_levup\docs\art\import-runs\ALL_AREAS_20260914_151243\staging\full\0531.png
16,m_blue_wyvern,s_mon_blue_wyvern,VFX,0,0ed8fb478f2c41adaa53ed6e70ae7970,6aa7a35b6e6e2b1b7bf10fa4,768e343b984130d40d3c20fcb945fb03507b05336b67fda3157b9a9132e55745,D:\maplestory_levup\docs\art\import-runs\ALL_AREAS_20260914_151243\staging\full\0532.png
16,m_blue_wyvern,s_mon_blue_wyvern,VFX,1,d4340838cf8c4daba28b4a517e05c40a,6aa7a22a430112b1e65f2ed7,a202232cd8dd7dacbeea73ecdd6ea45522305d003a2240ff56f0939d6091ff9c,D:\maplestory_levup\docs\art\import-runs\ALL_AREAS_20260914_151243\staging\full\0533.png
16,m_blue_wyvern,s_mon_blue_wyvern,VFX,2,51ae65147fee4705b5234e1937604af7,6aa7a2203c73239c553aa5c1,d4bb7caddf103a04bcd6eae50212ff45e130de97c22c2f7f75673fca2b0fedff,D:\maplestory_levup\docs\art\import-runs\ALL_AREAS_20260914_151243\staging\full\0534.png
16,m_blue_wyvern,s_mon_blue_wyvern,VFX,3,8ffa9f1b72554a0ba9b83516823ca35e,6aa7a326896a2707bf5ddb3f,d929b506e1e6692449f9c62822a08d1d68a961fa8c3e3836c22ce044b1f20e07,D:\maplestory_levup\docs\art\import-runs\ALL_AREAS_20260914_151243\staging\full\0535.png
16,m_blue_wyvern,s_mon_blue_wyvern,VFX,4,91e8a99568564214b204552cd969fa80,6aa7a45b3c73239c553aa62b,ad28a369d3a9cb71b4500b134f758a46809c0eb7d41afd447cbfde5e5d49da35,D:\maplestory_levup\docs\art\import-runs\ALL_AREAS_20260914_151243\staging\full\0536.png
16,m_blue_wyvern,s_mon_blue_wyvern,VFX,5,1380016aa1d14f54b364ddae3cd626be,6aa7a450896a2707bf5ddb78,b333e40e02a7a0cd1e92c8aca1b1a6db88b27066abc5ce45c54e0dbd68e945eb,D:\maplestory_levup\docs\art\import-runs\ALL_AREAS_20260914_151243\staging\full\0537.png
16,m_blue_wyvern,s_mon_blue_wyvern,VFX,6,44cf087c535b4fdeaf00e7d6e9302997,6aa7a420d2156bd45f72d2f5,2f59fb28d4e283056e817b019f650a620892412bd3cc0f0200f1a7bc99a88c1f,D:\maplestory_levup\docs\art\import-runs\ALL_AREAS_20260914_151243\staging\full\0538.png
16,m_blue_wyvern,s_mon_blue_wyvern,VFX,7,8011416b00dc45cd98cd7cf4a09a985c,6aa7a34c6e6e2b1b7bf10f9d,f4d363d9d9bb40ce6a05b2fd30b429dc15e615055644fc1963c6865622db1342,D:\maplestory_levup\docs\art\import-runs\ALL_AREAS_20260914_151243\staging\full\0539.png
16,m_dark_wyvern,s_mon_dark_wyvern,ICON,0,e6985b0771d0474ea463fe15a3f8689c,6aa7a335896a2707bf5ddb42,6068820f65c72028c568f03d2f8b2e3c180a257700c980554cf0ed4f72ce829f,D:\maplestory_levup\docs\art\import-runs\ALL_AREAS_20260914_151243\staging\full\0540.png
16,m_harp,s_mon_harp,ICON,0,19428df20c01400da27ba3743eb8a3a7,6aa7a3124f1e366285e14b6d,bad42e4a2a5bdda161d34a55929806914ed1a3c70df5f8c3f6aabd3fe20a459d,D:\maplestory_levup\docs\art\import-runs\ALL_AREAS_20260914_151243\staging\full\0541.png
16,m_manon,s_mon_manon,ICON,0,fa3550b67c1f4d0c91b1ec9413526796,6aa7a2e51e2dc5d6b4e9b4fd,0842f03ab9e289f1478639ad7e193a77feb4ca81e9cd3c8ebc9b583f82c2916a,D:\maplestory_levup\docs\art\import-runs\ALL_AREAS_20260914_151243\staging\full\0542.png
16,m_manon,s_mon_manon,VFX,0,ea4fcad040aa43498da7be0d81f5d911,6aa7a4437208d3e6c3f67e30,6376468c85e23ae647910803b8f780a4ace67ef0cd19aec6fc28e8d233145852,D:\maplestory_levup\docs\art\import-runs\ALL_AREAS_20260914_151243\staging\full\0543.png
16,m_manon,s_mon_manon,VFX,1,a6934c8513494f27a06a0ba5ba67e054,6aa7a343896a2707bf5ddb47,833dc5d1c1dfab5f755b35255c731abc442ea9212e8c79728d9472ea088acdc3,D:\maplestory_levup\docs\art\import-runs\ALL_AREAS_20260914_151243\staging\full\0544.png
16,m_manon,s_mon_manon,VFX,2,8355b288d1674121beb86a11bd790beb,6aa7a3aebd3304e6b2159cc6,a6aff8cdc5539da80b7d62e375ab33f0e0c8c206541b5f2ba0d7b35e9086517d,D:\maplestory_levup\docs\art\import-runs\ALL_AREAS_20260914_151243\staging\full\0545.png
16,m_manon,s_mon_manon,VFX,3,583c5d0ebe2948b890479a2db12c359a,6aa7a47a3c73239c553aa650,3d498fb229d2277fb123b15cd810fcf41c8b999cf60c6c70e13cb118280feb36,D:\maplestory_levup\docs\art\import-runs\ALL_AREAS_20260914_151243\staging\full\0546.png
16,m_manon,s_mon_manon,VFX,4,9193538ee1dd451298a0f301daa6645d,6aa7a3813c73239c553aa619,6a107824cdfc534d21f56a890b0c8489a2feb3cd23445327d88ddf64cb73dec4,D:\maplestory_levup\docs\art\import-runs\ALL_AREAS_20260914_151243\staging\full\0547.png
16,m_manon,s_mon_manon,VFX,5,f39003ea21bb4c5991b3afb94b85c8d5,6aa7a527da112e195ba2c28d,32f26a3125ae127e732f492a8bd31587518ca10b283cd6e231d314923f29f79f,D:\maplestory_levup\docs\art\import-runs\ALL_AREAS_20260914_151243\staging\full\0548.png
16,m_manon,s_mon_manon,VFX,6,8c3b153f42254ecf95876cd5d0a33b54,6aa7a4e1d2156bd45f72d32f,469f040e3858cc1124eab53e505f65d40b4800ad9b2a13d11d51dd36510e5507,D:\maplestory_levup\docs\art\import-runs\ALL_AREAS_20260914_151243\staging\full\0549.png
16,m_manon,s_mon_manon,VFX,7,24100bdded0140219fdf6820e7eb6d72,6aa7a357896a2707bf5ddb4f,a72966d9b01e9a3759ef854aabcb5257a12e5a0f950f86d986b7b9e5254a6d74,D:\maplestory_levup\docs\art\import-runs\ALL_AREAS_20260914_151243\staging\full\0550.png
16,m_manon,s_mon_manon,VFX,8,444814645f37460290738dd7e130655e,6aa7a41a896a2707bf5ddb68,34294a393dd212192a11a7d021dafd574667feacda5502340df899ca5ed72d33,D:\maplestory_levup\docs\art\import-runs\ALL_AREAS_20260914_151243\staging\full\0551.png
16,m_manon,s_mon_manon,VFX,9,b2148028c93c4178989b0c18aa77b811,6aa7a3553c73239c553aa60b,29e3ef250c08dda1b1ef69e742c0e4742c851a9cf0df8a1caf32a73388c31992,D:\maplestory_levup\docs\art\import-runs\ALL_AREAS_20260914_151243\staging\full\0552.png
16,m_manon,s_mon_manon,VFX,10,6ff01bd6b0d347228f3cb2618f53111d,6aa7a46c7208d3e6c3f67e5d,9554bf5e2e799b010118461aa1b024c179d359210184d403615b0ec37a0e1b2a,D:\maplestory_levup\docs\art\import-runs\ALL_AREAS_20260914_151243\staging\full\0553.png
16,m_manon,s_mon_manon,VFX,11,c776e2bca67940a693d721f993cfc1ce,6aa7a41d7208d3e6c3f67e1b,bc51493b02aca3b892112ecf20d5080475101017f6bee3da1e813523e7646f94,D:\maplestory_levup\docs\art\import-runs\ALL_AREAS_20260914_151243\staging\full\0554.png
17,m_chief_memory_guardian,s_mon_chief_memory_guardian,ICON,0,d0fd0e7005c9482f83db588b534ee92e,6aa7a3d2821b9a1b17d81237,67b9daef0f00cbe02b55ff74ba1cc51ca9e3a4e772d952bbfe2fd52aeaff404c,D:\maplestory_levup\docs\art\import-runs\ALL_AREAS_20260914_151243\staging\full\0555.png
17,m_chief_memory_guardian,s_mon_chief_memory_guardian,VFX,0,315bb18be9e745ffae973f1e3a24db86,6aa7a496d43d0c8ffe66a356,28a67b3e9a176b99fc8616542edda2bce29a7e9e5c7db0a833a1bdc183e88fec,D:\maplestory_levup\docs\art\import-runs\ALL_AREAS_20260914_151243\staging\full\0556.png
17,m_chief_memory_guardian,s_mon_chief_memory_guardian,VFX,1,457ab07204824d4bae8f70b552722d2e,6aa7a8a164283f7d054839f9,bef69a24a4159d722fd584e61970ba2798308b65c59597c1526618e82ed353ae,D:\maplestory_levup\docs\art\import-runs\ALL_AREAS_20260914_151243\staging\full\0557.png
17,m_chief_memory_guardian,s_mon_chief_memory_guardian,VFX,2,48fa81c8ca9d433694a9675732343c59,6aa7a427d2156bd45f72d2f7,58d4eefa0e76a470d19ba6d01a9a3ef73f09ba11736095660152287224a4e3f1,D:\maplestory_levup\docs\art\import-runs\ALL_AREAS_20260914_151243\staging\full\0558.png
17,m_chief_memory_guardian,s_mon_chief_memory_guardian,VFX,3,b0febe51175f413d80c6a3692b08ac72,6aa7a4315a42a19740c45f21,2eee0fcc2d4b03fee5a1d78cea598700c48117cff1fb1efc96ba2d36e5496d6c,D:\maplestory_levup\docs\art\import-runs\ALL_AREAS_20260914_151243\staging\full\0559.png
17,m_chief_memory_guardian,s_mon_chief_memory_guardian,VFX,4,8561775f8cfb40acb52e91e944998b0f,6aa7a4c8ca0a2020a0d87678,c7673ef0ea4250450d11fe7994ecfc9f277936b1bb546900e1d6ff98395f4140,D:\maplestory_levup\docs\art\import-runs\ALL_AREAS_20260914_151243\staging\full\0560.png
17,m_chief_memory_guardian,s_mon_chief_memory_guardian,VFX,5,f4c6d217c1444a18a9bd4c22638ab8ba,6aa7a8b364283f7d05483a14,c8115ea49645b2d26f1ec3d1006be804ffbd512060c8af410036135a9c3bfba8,D:\maplestory_levup\docs\art\import-runs\ALL_AREAS_20260914_151243\staging\full\0561.png
17,m_chief_memory_guardian,s_mon_chief_memory_guardian,VFX,6,2bbeed3a3be740d8a4c008cf1d0a7858,6aa7a46fca0a2020a0d8764d,d1d52ae23ac6888ce848ebced6d9a30fd4effa3d90c06ec76fcf5d6407e00560,D:\maplestory_levup\docs\art\import-runs\ALL_AREAS_20260914_151243\staging\full\0562.png
17,m_chief_memory_guardian,s_mon_chief_memory_guardian,VFX,7,7137a9a3455b46f89be7b6e02b9a6329,6aa7a4677208d3e6c3f67e57,be43aef876265bf9d20c6f8bf9507567d42d0f1b60ca901881da9ee6c8ed96d4,D:\maplestory_levup\docs\art\import-runs\ALL_AREAS_20260914_151243\staging\full\0563.png
17,m_dodo,s_mon_dodo,ICON,0,d4ad881d19fc4d369477a29d1d401ef9,6aa7a496ca0a2020a0d8766a,9efff0e57c7a13f937d017818a5b55df676366db7b8f0e5c69e27e7da91ea03d,D:\maplestory_levup\docs\art\import-runs\ALL_AREAS_20260914_151243\staging\full\0564.png
17,m_dodo,s_mon_dodo,VFX,0,ada8a28246d943a29003d8a1e95dffd3,6aa7a446896a2707bf5ddb75,d3c019b33e8233aeaf9fa18aae5e321435df88b680bea155d3b3b02b9bbeffb9,D:\maplestory_levup\docs\art\import-runs\ALL_AREAS_20260914_151243\staging\full\0565.png
17,m_dodo,s_mon_dodo,VFX,1,49ada07913f7489388fa239a0bc27de7,6aa7a4c83c73239c553aa67b,60c035cc0b326f666b7c788946bcdb58bf0ab48f9384cc3af32f1c43b3d70c60,D:\maplestory_levup\docs\art\import-runs\ALL_AREAS_20260914_151243\staging\full\0566.png
17,m_dodo,s_mon_dodo,VFX,2,c485161cbf2141a19bc9b06ed1365826,6aa7a43d7208d3e6c3f67e2a,0312884c4e75285b2d701fd9d2f6ed31173d9ce50a38f30141c8644082e87b60,D:\maplestory_levup\docs\art\import-runs\ALL_AREAS_20260914_151243\staging\full\0567.png
17,m_dodo,s_mon_dodo,VFX,3,a85a37b9179b4b1fab1af34ab425a84b,6aa7a4ebcb73a580dcb77942,51966d74326b814111a1e82e9f99aacf1ffc983e5a37e1a13ada6ed4502045c1,D:\maplestory_levup\docs\art\import-runs\ALL_AREAS_20260914_151243\staging\full\0568.png
17,m_dodo,s_mon_dodo,VFX,4,e1723e797e0449548e4becb860f4dfcc,6aa7a535da112e195ba2c29f,05c55cdf6cebb90552a85d769d35c41adaa55776c7a7986b86f9ec5121664b3f,D:\maplestory_levup\docs\art\import-runs\ALL_AREAS_20260914_151243\staging\full\0569.png
17,m_dodo,s_mon_dodo,VFX,5,e0181c8afa3b4af28775e6ed53515909,6aa7a54bda112e195ba2c2b7,981d4a1a7821ffb79a686a62f1b1f5a486f34c3ce4b73b07da505c667c8bd091,D:\maplestory_levup\docs\art\import-runs\ALL_AREAS_20260914_151243\staging\full\0570.png
17,m_dodo,s_mon_dodo,VFX,6,126f1267264545ec8f0f994d0029018e,6aa7a55eda112e195ba2c2c3,3e2fddbcffb5d3dab33b43149f4c57a898f7183f2bd0502be91cfa7cabed3cdf,D:\maplestory_levup\docs\art\import-runs\ALL_AREAS_20260914_151243\staging\full\0571.png
17,m_dodo,s_mon_dodo,VFX,7,3c5d56ec11084e2f8fe056c84f750ed8,6aa7a8c5941a9d6fddd87b4d,415d38ccb0a77bd5a75fec282622d40fcc97a72d1b0a3f20d91b513eb4f6da1f,D:\maplestory_levup\docs\art\import-runs\ALL_AREAS_20260914_151243\staging\full\0572.png
17,m_dodo,s_mon_dodo,VFX,8,038b7b179d9443d29c9370dbf8ed8d55,6aa7a8ddc91f1fc250f6e34c,e8ed893ded273b0df4be5404f68deb75c88fbefdb303cc92080eb2a0fb8f0065,D:\maplestory_levup\docs\art\import-runs\ALL_AREAS_20260914_151243\staging\full\0573.png
17,m_dodo,s_mon_dodo,VFX,9,a6f6f32c1ed8425bb250a86009ef2b7a,6aa7a9060b6d483fb495c1b7,017f894a4730bbb57c83cdb4b8970de569fec2fb124e40baf396c2b36273f91a,D:\maplestory_levup\docs\art\import-runs\ALL_AREAS_20260914_151243\staging\full\0574.png
17,m_dodo,s_mon_dodo,VFX,10,5b505fa165434a719eeee87843e34ed7,6aa7a4833c73239c553aa656,a052fb05cc0f8ba058bb3eba9ab65bdfe9026d8c52eb16ed82fcb31ccdf1df88,D:\maplestory_levup\docs\art\import-runs\ALL_AREAS_20260914_151243\staging\full\0575.png
17,m_dodo,s_mon_dodo,VFX,11,1324064fc3d04ff094f0d77dad041022,6aa7a49ed43d0c8ffe66a35a,aace9c98cd7aa02d9b04b6cdc4ebca96aac55a342339aa126fedfcf9b57b2959,D:\maplestory_levup\docs\art\import-runs\ALL_AREAS_20260914_151243\staging\full\0576.png
17,m_memory_guardian,s_mon_memory_guardian,ICON,0,c1578b9e31214ed9abfc6d4ed42d9d6e,6aa7a5146e6e2b1b7bf10fcc,7aa4461b6419716cc79d008f50e5fca24857d99a4b1cff5deea45bd00c46a048,D:\maplestory_levup\docs\art\import-runs\ALL_AREAS_20260914_151243\staging\full\0577.png
17,m_memory_monk,s_mon_memory_monk,ICON,0,ca776fd465444db7958b5b7bcadd1d81,6aa7a52c4f1e366285e14ba0,723514e9bf18927de27e0e43316c5709e77059e98a8d59e376cfa37a8657913e,D:\maplestory_levup\docs\art\import-runs\ALL_AREAS_20260914_151243\staging\full\0578.png
17,m_memory_monk_trainee,s_mon_memory_monk_trainee,ICON,0,b7f5885a9ea241e4a8a570d37c724b3e,6aa7a51c6e6e2b1b7bf10fcf,e6e891363d87fd334fc9775e4739189cc68ee2bf274dd48620f4feaec53247ef,D:\maplestory_levup\docs\art\import-runs\ALL_AREAS_20260914_151243\staging\full\0579.png
17,m_memory_monk_trainee,s_mon_memory_monk_trainee,VFX,0,c1653125e6334c54b20a5baef0de908f,6aa7a50f4d77c6b480adcf2b,20f19f6c0d8b282c87875b3dfa8fa6ad7effbd583b6acf499a8bc0c0d0014a95,D:\maplestory_levup\docs\art\import-runs\ALL_AREAS_20260914_151243\staging\full\0580.png
17,m_memory_monk_trainee,s_mon_memory_monk_trainee,VFX,1,2d16e42332484860a42f4505d9805d8d,6aa7a54fda112e195ba2c2bb,62b7d4ea66c23877ab5d72d382794be304b1b3b5055ab25dafebe07ca6e7162b,D:\maplestory_levup\docs\art\import-runs\ALL_AREAS_20260914_151243\staging\full\0581.png
17,m_memory_monk_trainee,s_mon_memory_monk_trainee,VFX,2,ad8bf9a72ba443fabf0bcb3bea4b2514,6aa7a5418b247671eef7b0fa,52c4b4dfcb07387ea1331bf2e4e16aa1dcc14b6c6d2957916fb5fdde055e0cfe,D:\maplestory_levup\docs\art\import-runs\ALL_AREAS_20260914_151243\staging\full\0582.png
17,m_memory_monk_trainee,s_mon_memory_monk_trainee,VFX,3,dda2d1a0250d48588f48017c77a0e69e,6aa7a0b9a77bc7d802864900,f3e5b2d8e0dde27959789840e15403e92f4048dc9db051028b183096ef56ea30,D:\maplestory_levup\docs\art\import-runs\ALL_AREAS_20260914_151243\staging\full\0583.png
17,m_memory_monk_trainee,s_mon_memory_monk_trainee,VFX,4,c64ba0ae79d74cdda6b4c718a14365f7,6aa7a0757208d3e6c3f67d4c,8e624bae407182a6d552ae8d9d63c4f44b00e7170af78e95e746782b104d6524,D:\maplestory_levup\docs\art\import-runs\ALL_AREAS_20260914_151243\staging\full\0584.png
17,m_memory_monk_trainee,s_mon_memory_monk_trainee,VFX,5,60ef1e0a7e064d84a0f1773d1d5d7207,6aa7a0f19776e56500b51aae,6cebb2a89da3cc5241407a78249ddcc39fab4eee863d4fbe656d8fbe92fa990a,D:\maplestory_levup\docs\art\import-runs\ALL_AREAS_20260914_151243\staging\full\0585.png
17,m_memory_monk_trainee,s_mon_memory_monk_trainee,VFX,6,446f356c1c2b447590367c3c54df5a14,6aa7a116076ca3015d78e39e,9ae5a07a814efeccbea2211736b4efc48a9374d7b6b70fba294eef094d64aa60,D:\maplestory_levup\docs\art\import-runs\ALL_AREAS_20260914_151243\staging\full\0586.png
17,m_memory_monk_trainee,s_mon_memory_monk_trainee,VFX,7,18a5f62259714da6a572243d410a9044,6aa7a0a0ca0a2020a0d875e1,cac26143b1caaf2c0f7302714fa1055ae3cb2397cfebe9840e3812d949414923,D:\maplestory_levup\docs\art\import-runs\ALL_AREAS_20260914_151243\staging\full\0587.png
18,m_chief_gray,s_mon_chief_gray,ICON,0,6ff2992ccac0405aa62c04dc2beb4586,6aa7a034da112e195ba2c1e7,18a237f59fbb1a4b323a0027773375bf3fb1468865a6edaebef09037bf2031fe,D:\maplestory_levup\docs\art\import-runs\ALL_AREAS_20260914_151243\staging\full\0588.png
18,m_mateon,s_mon_mateon,ICON,0,47b4f8ecab4b441b85c73439b4d1be16,6aa7a0947208d3e6c3f67d64,69ae7e34f143989205d34578421e571c8c379b13ec67351f9a751a9bbdf1fbb3,D:\maplestory_levup\docs\art\import-runs\ALL_AREAS_20260914_151243\staging\full\0589.png
18,m_mateon,s_mon_mateon,VFX,0,e431498897024d748fe9c160252d6972,6aa7a030da112e195ba2c1e3,338eec074a8d5a97fa65c87cbc7798c8e09f2511b021620efd427fd9e826a299,D:\maplestory_levup\docs\art\import-runs\ALL_AREAS_20260914_151243\staging\full\0590.png
18,m_mateon,s_mon_mateon,VFX,1,07e95606534a4eccbda918e23fdb2966,6aa7a13d896a2707bf5ddb17,82d3132c4814887605c51d6af502e1873f3591c8b4bdbdc5846c14aee458e7fa,D:\maplestory_levup\docs\art\import-runs\ALL_AREAS_20260914_151243\staging\full\0591.png
18,m_mateon,s_mon_mateon,VFX,2,0dc32fe2089b4fe8a7bacd13686aa17f,6aa7a0d99776e56500b51a9a,af1f1061a2c66ab41e0b4140176f34021c97091d643f06c5dacf8e47f36850ec,D:\maplestory_levup\docs\art\import-runs\ALL_AREAS_20260914_151243\staging\full\0592.png
18,m_mateon,s_mon_mateon,VFX,3,752448ca763345d2b9908222dc51268c,6aa7a136076ca3015d78e3b7,9406821b4584a5e5ef4035143a6d0cfde857de4e0df6ecffa282c7ddc77f7ded,D:\maplestory_levup\docs\art\import-runs\ALL_AREAS_20260914_151243\staging\full\0593.png
18,m_mateon,s_mon_mateon,VFX,4,bc26f1195e624908a2c01d85a229b837,6aa7a1407208d3e6c3f67d99,ce6ba1228a701241fe92450954c3d2e80ce3d75d3ce91211f6fe999354e87fa3,D:\maplestory_levup\docs\art\import-runs\ALL_AREAS_20260914_151243\staging\full\0594.png
18,m_mateon,s_mon_mateon,VFX,5,cc9d2e4a475e4d61a9e327f7e878bc8c,6aa7a1d9566d7f01ee61c969,adf38e05791a40206fd4f2598c2d2b6ffef9458af7af2873408806e75126eb38,D:\maplestory_levup\docs\art\import-runs\ALL_AREAS_20260914_151243\staging\full\0595.png
18,m_mateon,s_mon_mateon,VFX,6,818b2defe6d344e0835c60527849d7fc,6aa7a0b99776e56500b51a84,3c327b8af66972a974132ff14c2646ada93ce400aea437c67e794c6dab719033,D:\maplestory_levup\docs\art\import-runs\ALL_AREAS_20260914_151243\staging\full\0596.png
18,m_mateon,s_mon_mateon,VFX,7,45d358b9de314c6e8635d0ed638b5349,6aa7a1106e6e2b1b7bf10f58,10524ff8d7bcd47276abd0a5d0429d6af5110bba0293b296c6f635bc0a8f02fb,D:\maplestory_levup\docs\art\import-runs\ALL_AREAS_20260914_151243\staging\full\0597.png
18,m_mecateon,s_mon_mecateon,ICON,0,47b01cd290b74eb3a7988c0c0653a31f,6aa7a0e0076ca3015d78e393,a39bc83561c0d2fdfa3a53b046aee68efc11fdb8167f9303f98c15079df2eae4,D:\maplestory_levup\docs\art\import-runs\ALL_AREAS_20260914_151243\staging\full\0598.png
18,m_mecateon,s_mon_mecateon,VFX,0,4d5291249948484aa68379dcd7b98177,6aa7a225430112b1e65f2ed4,8b270b0b6d8d978fb8e3b0ee9f95c96912923bec31f0820b82a903c6c2349f30,D:\maplestory_levup\docs\art\import-runs\ALL_AREAS_20260914_151243\staging\full\0599.png
18,m_mecateon,s_mon_mecateon,VFX,1,c0161f8df4164a6bb9a56976c629d03e,6aa7a1e8566d7f01ee61c975,5e59363b020a5fdf55fa456140eead0d594d1cfb585503d5984caedfbff027ca,D:\maplestory_levup\docs\art\import-runs\ALL_AREAS_20260914_151243\staging\full\0600.png
18,m_mecateon,s_mon_mecateon,VFX,2,ddc70dc0967946c887dc18268c5d4bdb,6aa7a1166e6e2b1b7bf10f5b,c4fcbebf2367177c8a1b2f911c96eaf3c27d776f204367e18ae117497ba62390,D:\maplestory_levup\docs\art\import-runs\ALL_AREAS_20260914_151243\staging\full\0601.png
18,m_mecateon,s_mon_mecateon,VFX,3,cf9f486c810440979f6a88080f7ce62d,6aa7a2409521f8039aa84bb4,6b02d3ea2f89619f8ce3a5e1adcff004ec1274bf873f0654a98310cd8a2b7fa2,D:\maplestory_levup\docs\art\import-runs\ALL_AREAS_20260914_151243\staging\full\0602.png
18,m_mecateon,s_mon_mecateon,VFX,4,41df8ac26739463ba84a3d9282875540,6aa7a1a0080f20e595fd1943,f1da78774373c5e0c37c9def1e541067607f28f0506eb620d42666a8384e67c3,D:\maplestory_levup\docs\art\import-runs\ALL_AREAS_20260914_151243\staging\full\0603.png
18,m_mecateon,s_mon_mecateon,VFX,5,50236bf5a83446d0bda06caf46d1b894,6aa7a1beae1303950ca318df,b6309299c1674defa1983f4b0e27f0449242bb55c1661dcf237f242988a26f26,D:\maplestory_levup\docs\art\import-runs\ALL_AREAS_20260914_151243\staging\full\0604.png
18,m_mecateon,s_mon_mecateon,VFX,6,beacfcbdcc1a413a8505cf3e3699c11b,6aa7a28fff7ea1f2f92efb4c,276af5924f746f0f12ac638b5f0907b9969058965ec757661b6361e526d6653c,D:\maplestory_levup\docs\art\import-runs\ALL_AREAS_20260914_151243\staging\full\0605.png
18,m_mecateon,s_mon_mecateon,VFX,7,aea818f1c45147faaea220341f462e79,6aa7a2b31e2dc5d6b4e9b4e8,59180dc288284dcea56ebc840f37574a74c4e437b82d8172f22256c0d0108a5a,D:\maplestory_levup\docs\art\import-runs\ALL_AREAS_20260914_151243\staging\full\0606.png
18,m_plateon,s_mon_plateon,ICON,0,dd74478929864e17b78a7d3bc76de4ff,6aa7a1266e6e2b1b7bf10f5f,62af2fd50b11389e3d9710c59a191dad8dfc0188a687c94a109b3fc0886b8a75,D:\maplestory_levup\docs\art\import-runs\ALL_AREAS_20260914_151243\staging\full\0607.png
18,m_zeno,s_mon_zeno,ICON,0,c3ae85cfe5e847149f0a10ffb6290ce0,6aa7a19d080f20e595fd1940,058016a3996b1661512abdc57631ba54055f124db0945e3141b1675e30bdbaa2,D:\maplestory_levup\docs\art\import-runs\ALL_AREAS_20260914_151243\staging\full\0608.png
18,m_zeno,s_mon_zeno,VFX,0,fe53821ff39349428228001b254a8493,6aa7a2644f1e366285e14b07,e8f2ac789ebb121f3e724dd16cf289c2e12508332d307bdeb571fb22f998c988,D:\maplestory_levup\docs\art\import-runs\ALL_AREAS_20260914_151243\staging\full\0609.png
18,m_zeno,s_mon_zeno,VFX,1,9968f6b6a06c47d3bed6a23caa6f031b,6aa7a1deae1303950ca318e8,faad496c7a0c5240192e7cb1ae2b637e97b0beb82a853b9b09c0fd797d87a076,D:\maplestory_levup\docs\art\import-runs\ALL_AREAS_20260914_151243\staging\full\0610.png
18,m_zeno,s_mon_zeno,VFX,2,ea909c7ce8534afcb9448da6066678c9,6aa7a24d6d007cf3496278c1,e3d6f4fe5a19f20d21b21f1acc91b247a378c5221a00530ed1b44b4d858dcd91,D:\maplestory_levup\docs\art\import-runs\ALL_AREAS_20260914_151243\staging\full\0611.png
18,m_zeno,s_mon_zeno,VFX,3,97283388a7fd40178f886064120faa5f,6aa7a2416d007cf3496278b9,646651aec0eaaf7b47c3d9127b1d8518ce5f0eafad6592ea6b9da8ab372c122f,D:\maplestory_levup\docs\art\import-runs\ALL_AREAS_20260914_151243\staging\full\0612.png
18,m_zeno,s_mon_zeno,VFX,4,c9b92309f9294e9fa9ff45579b251771,6aa7a3363c73239c553aa601,db89bd466bacfa3f4e025e2977cb6cfc759ab53c8fb2191a6edc25773fb33d9a,D:\maplestory_levup\docs\art\import-runs\ALL_AREAS_20260914_151243\staging\full\0613.png
18,m_zeno,s_mon_zeno,VFX,5,3ddd9ff5ba184eba9d2c28ff41e2743d,6aa7a16b076ca3015d78e3de,52ad4561ebdcad0bcb0ade4bea23c55d84b0ef9565bb369a3c5868605aab5335,D:\maplestory_levup\docs\art\import-runs\ALL_AREAS_20260914_151243\staging\full\0614.png
18,m_zeno,s_mon_zeno,VFX,6,f9ef5f461de94f269b54849af760a096,6aa7a2c04f1e366285e14b33,e053f6fe7c6c315ac3097e76a37aa3c81f9482fba5276b4dcb2ff055f1036914,D:\maplestory_levup\docs\art\import-runs\ALL_AREAS_20260914_151243\staging\full\0615.png
18,m_zeno,s_mon_zeno,VFX,7,41adf9fa23d648b69a3c15f89af74255,6aa7a2744f1e366285e14b0f,d8251dfb2f60be9e4cf7db0d36bf60471048f3b920d1d9952c3e4c682dc89261,D:\maplestory_levup\docs\art\import-runs\ALL_AREAS_20260914_151243\staging\full\0616.png
18,m_zeno,s_mon_zeno,VFX,8,bcdb10fcb0754ddf936a0771d57c20ab,6aa7a39f1e2dc5d6b4e9b51f,791dd32dac353833b29d93f2ac440509f722ea50912394b8d15283d621758634,D:\maplestory_levup\docs\art\import-runs\ALL_AREAS_20260914_151243\staging\full\0617.png
18,m_zeno,s_mon_zeno,VFX,9,2c4ad51aa5a54940b86d4e528785cc75,6aa7a347896a2707bf5ddb49,d6f95c9a29bc80782ae3843029be7cb046febd789e9742d4abbf2b3e70aca63c,D:\maplestory_levup\docs\art\import-runs\ALL_AREAS_20260914_151243\staging\full\0618.png
18,m_zeno,s_mon_zeno,VFX,10,6ba747eac39d4906a38948549e93ab92,6aa7a24d88413f765269bbbc,5977024c4a4b9e9ba95fff4a58b912478385815c70197f97ba1c95497c434e2f,D:\maplestory_levup\docs\art\import-runs\ALL_AREAS_20260914_151243\staging\full\0619.png
18,m_zeno,s_mon_zeno,VFX,11,f8ab88313d7b4159a3289aeb12cebafe,6aa7a2809776e56500b51ad4,f3ddf9406548e56d248f8921d7eb47ffdf70a48a19fbde7748c12101b9c782d0,D:\maplestory_levup\docs\art\import-runs\ALL_AREAS_20260914_151243\staging\full\0620.png
19,m_advanced_knight_a,s_mon_advanced_knight_a,ICON,0,bfe18a5704564e4c82fb3010814e09ad,6aa7a2ab4f1e366285e14b1c,2f98615d001cda028c4df3be6184d980cfaec36bc1655ef49f667fd8ba12fbd1,D:\maplestory_levup\docs\art\import-runs\ALL_AREAS_20260914_151243\staging\full\0621.png
19,m_advanced_knight_b,s_mon_advanced_knight_b,ICON,0,fec9ff232a244756924d013616d622be,6aa7a35e5868471004e7190c,0547ff9836515bebe935c5e6daa3dd701ce0a053f5ffa622250a8f03dcf54b75,D:\maplestory_levup\docs\art\import-runs\ALL_AREAS_20260914_151243\staging\full\0622.png
19,m_advanced_knight_b,s_mon_advanced_knight_b,VFX,0,7fc9154df1fa4b149be85c9bf48d775f,6aa7a191d2156bd45f72d2d2,71c705916965b9b1d752de2272fbb8fe217f572b1e8cc51cae8ed7206c6f0d76,D:\maplestory_levup\docs\art\import-runs\ALL_AREAS_20260914_151243\staging\full\0623.png
19,m_advanced_knight_b,s_mon_advanced_knight_b,VFX,1,75bacb76af9c41cdaaabdbae2f6bd096,6aa7a26f7208d3e6c3f67dd1,bf269efbd8aad02ea8fa884544a168cf183e223ce85f562760f193bcff659fcf,D:\maplestory_levup\docs\art\import-runs\ALL_AREAS_20260914_151243\staging\full\0624.png
19,m_advanced_knight_b,s_mon_advanced_knight_b,VFX,2,d05a74190d6a444faada79275037fa29,6aa7a2867208d3e6c3f67de3,4a77ae4ac1d04e7f2ace566284aed45f0453f43c1743526bfe8df4ea62cc851f,D:\maplestory_levup\docs\art\import-runs\ALL_AREAS_20260914_151243\staging\full\0625.png
19,m_advanced_knight_b,s_mon_advanced_knight_b,VFX,3,836479bd22134f2380cd1e0054f0943d,6aa7a2574f1e366285e14b02,aedcafd41080c24d9ee7af62ae6715ff95c1e265587d98f7b1b6e617367f826f,D:\maplestory_levup\docs\art\import-runs\ALL_AREAS_20260914_151243\staging\full\0626.png
19,m_advanced_knight_b,s_mon_advanced_knight_b,VFX,4,a84cfb6aac554c6cb8c8dba74fc6ac60,6aa7a2dc4f1e366285e14b4b,efe2a7d9442a4c0c50f065746d3e82630fae8b7fff7f013a315112200ce59b34,D:\maplestory_levup\docs\art\import-runs\ALL_AREAS_20260914_151243\staging\full\0627.png
19,m_advanced_knight_b,s_mon_advanced_knight_b,VFX,5,6a326f4b0bac410a84d10791ece2fca9,6aa7a394d43d0c8ffe66a328,e09990a94fc88560da36a29ac08722f96ec8329e962b9585fa70791944c7341b,D:\maplestory_levup\docs\art\import-runs\ALL_AREAS_20260914_151243\staging\full\0628.png
19,m_advanced_knight_b,s_mon_advanced_knight_b,VFX,6,c53648aaf4b0460eb4039cb395be847d,6aa7a38b3c73239c553aa61d,8b5620219dd171166aacdb584232493d7f3270c69265e0cf57ded981efed7f90,D:\maplestory_levup\docs\art\import-runs\ALL_AREAS_20260914_151243\staging\full\0629.png
19,m_advanced_knight_b,s_mon_advanced_knight_b,VFX,7,5e53f265c0ec4f82aa9933dd565c9966,6aa7a2aa7208d3e6c3f67e03,0f189b53370cf3fd8254f6b4c5636a58376eee1ae972422b4cb85bd00ba4695c,D:\maplestory_levup\docs\art\import-runs\ALL_AREAS_20260914_151243\staging\full\0630.png
19,m_cygnus,s_mon_cygnus,ICON,0,3812cbb00f9f4694a1d57b088839c695,6aa7a3d7821b9a1b17d81239,9329982a2b7164bcca4ecd6c7231b40067dd4bee609d40276e1731ace284f950,D:\maplestory_levup\docs\art\import-runs\ALL_AREAS_20260914_151243\staging\full\0631.png
19,m_cygnus,s_mon_cygnus,VFX,0,3fd71a1781a04a8792be7728f7c56688,6aa7a24e3c73239c553aa5e2,9b77f42a8dbc7277322af3c6772adfe73c79dd346dba4ed76d015f0412c9364e,D:\maplestory_levup\docs\art\import-runs\ALL_AREAS_20260914_151243\staging\full\0632.png
19,m_cygnus,s_mon_cygnus,VFX,1,3736d072352d4305b11600cd127af686,6aa7a30e4f1e366285e14b6b,cb18a792d6e474b6a9a351d1ea9b5be6be4303e43864ff77555245bbe302b6ed,D:\maplestory_levup\docs\art\import-runs\ALL_AREAS_20260914_151243\staging\full\0633.png
19,m_cygnus,s_mon_cygnus,VFX,2,2a4569292a924a298902b744f7f4df7c,6aa7a3c12014ee9cec1c8a89,498d6e8c20035d642a46bb4dfb8c7c0187a91ed3a5c44e3c6cd63c6307d6aa60,D:\maplestory_levup\docs\art\import-runs\ALL_AREAS_20260914_151243\staging\full\0634.png
19,m_cygnus,s_mon_cygnus,VFX,3,3abc6ff636154646b193dc776b5ca1aa,6aa7a8dfc91f1fc250f6e356,479cb4fb4fe6ff7a12aaf358601f3e95eb6053a91c845b8d6d59a0968d46a195,D:\maplestory_levup\docs\art\import-runs\ALL_AREAS_20260914_151243\staging\full\0635.png
19,m_cygnus,s_mon_cygnus,VFX,4,9e874546a93b492195b5403c028532e4,6aa7a30d7d5521b7dabe8fdc,fad325c177b9a67e620d58b15345806c0f4f1b7009ce7bd0a7afc3711727bc25,D:\maplestory_levup\docs\art\import-runs\ALL_AREAS_20260914_151243\staging\full\0636.png
19,m_cygnus,s_mon_cygnus,VFX,5,e0e8c801e9d345739015f19afe2a50ab,6aa7a3c4d43d0c8ffe66a334,2000e4fd63a0af6effa9f9549a10fd95b93f51fef0b7a33ce8bcad6b05ee60a0,D:\maplestory_levup\docs\art\import-runs\ALL_AREAS_20260914_151243\staging\full\0637.png
19,m_cygnus,s_mon_cygnus,VFX,6,7ca25326699a48088315a64de8a8007e,6aa7a38b1e2dc5d6b4e9b516,2fe93bf66aae128341eed1ed190831763df4ce289428e847d637ccb1dc059d6a,D:\maplestory_levup\docs\art\import-runs\ALL_AREAS_20260914_151243\staging\full\0638.png
19,m_cygnus,s_mon_cygnus,VFX,7,6cb205e939014ed48571dc4d822365a6,6aa7a3407d5521b7dabe8fdf,6dcc90573ca555d314bf48d3c5987636d2ac5f917f046fd4bbf959b03c81f393,D:\maplestory_levup\docs\art\import-runs\ALL_AREAS_20260914_151243\staging\full\0639.png
19,m_cygnus,s_mon_cygnus,VFX,8,87eb23df67184315a86e5289981fbb41,6aa7a2e44f1e366285e14b57,c0fe374adf6f6199afb9f969fea734f05b439e5bf21002c6f4d51aade00b26c6,D:\maplestory_levup\docs\art\import-runs\ALL_AREAS_20260914_151243\staging\full\0640.png
19,m_cygnus,s_mon_cygnus,VFX,9,59edd5e11b3c4f5081e546ea900e6f9a,6aa7a3b3566d7f01ee61c9b6,7521e2cab920c60c0b1aaf5706476400d3b4a9529af16c28fe5244c69ad7cbf3,D:\maplestory_levup\docs\art\import-runs\ALL_AREAS_20260914_151243\staging\full\0641.png
19,m_cygnus,s_mon_cygnus,VFX,10,e32283ac76dd4cd2bdd2c8913490d679,6aa7a3c1821b9a1b17d81234,1f7abefe0e38c927e925fb6baf8504f18842162378004c94b6b53e4707f92612,D:\maplestory_levup\docs\art\import-runs\ALL_AREAS_20260914_151243\staging\full\0642.png
19,m_cygnus,s_mon_cygnus,VFX,11,4d66ce64d7ef4358b81eb4c5e5ba3211,6aa7a32d6e6e2b1b7bf10f93,0f1b0af9093a9d38c8255d89cb60905ecc44c7149e8dffd9563a570578860be5,D:\maplestory_levup\docs\art\import-runs\ALL_AREAS_20260914_151243\staging\full\0643.png
19,m_official_knight_c,s_mon_official_knight_c,ICON,0,99a9861ca1df4c0fb4ee2e68fc27f28e,6aa7a3a0d43d0c8ffe66a32b,7964ba708dd62a75fec8c6d12ba7c39662c37d15616c142339009d475aed0789,D:\maplestory_levup\docs\art\import-runs\ALL_AREAS_20260914_151243\staging\full\0644.png
19,m_official_knight_c,s_mon_official_knight_c,VFX,0,8dfad88ad54d487583fa1ae0185226c9,6aa7a3be2014ee9cec1c8a88,71ccbd0a07fcc1be89a21198dd6fe2fe61836eb6f7d1fe4ae4073bd9d539be47,D:\maplestory_levup\docs\art\import-runs\ALL_AREAS_20260914_151243\staging\full\0645.png
19,m_official_knight_c,s_mon_official_knight_c,VFX,1,55c3e79ecc814df99953306accdfca70,6aa7a3843c73239c553aa61b,ea1df2906c751052560448222102984fdc237e66d8a0656f627d06d2b40d7ba3,D:\maplestory_levup\docs\art\import-runs\ALL_AREAS_20260914_151243\staging\full\0646.png
19,m_official_knight_c,s_mon_official_knight_c,VFX,2,df256b2b5b774db88ca0c445358917a2,6aa7a3f8896a2707bf5ddb61,4b2040e03b4e9d10ef060886eb4d54c80d58ca0e5348775bdfaf268c46278fe6,D:\maplestory_levup\docs\art\import-runs\ALL_AREAS_20260914_151243\staging\full\0647.png
19,m_official_knight_c,s_mon_official_knight_c,VFX,3,fe476aa68c2949c5b7259258bb6c61f1,6aa7a4beca0a2020a0d8766f,49c1fcaf15aa8a63ec80cd619ae3358f9bcfda471d671b29f166e1aa39eef235,D:\maplestory_levup\docs\art\import-runs\ALL_AREAS_20260914_151243\staging\full\0648.png
19,m_official_knight_c,s_mon_official_knight_c,VFX,4,b124cbcb19d34c749442b8d8c9a18d08,6aa7a45c7208d3e6c3f67e46,bc8ed7e0bf1fe688e64839e060360171190e18de83fec0904f1883353604e28e,D:\maplestory_levup\docs\art\import-runs\ALL_AREAS_20260914_151243\staging\full\0649.png
19,m_official_knight_c,s_mon_official_knight_c,VFX,5,dbe408ea694a4c9b9c78381039f53af9,6aa7a339896a2707bf5ddb44,6bb1dd49d4970ddd7e29f9674bcc59637a7d89824608dda6c7b72d7bd329936d,D:\maplestory_levup\docs\art\import-runs\ALL_AREAS_20260914_151243\staging\full\0650.png
19,m_official_knight_c,s_mon_official_knight_c,VFX,6,382f5cb0205741b9bc9957c3bc473e99,6aa7a404c91f1fc250f6e315,ad90aefa596f4d1322810d293c2e140e3ab700fd56c2a2c67b3443c7d183f71a,D:\maplestory_levup\docs\art\import-runs\ALL_AREAS_20260914_151243\staging\full\0651.png
19,m_official_knight_c,s_mon_official_knight_c,VFX,7,ea4a0db1ae444986b3a57f744adee43e,6aa7a3d7566d7f01ee61c9c0,4491f0d9a1395f314e1b78656fb93c3ecd1b71b7a814d4461b8df3ca599f7758,D:\maplestory_levup\docs\art\import-runs\ALL_AREAS_20260914_151243\staging\full\0652.png
19,m_official_knight_d,s_mon_official_knight_d,ICON,0,831ae4aa15ea4a1e9a2d6738eeeef4e7,6aa7a4122014ee9cec1c8a9e,89d594e9b15c3c1d0541a9c462878c60de021a1bd08071ec6c1b1fe9718270db,D:\maplestory_levup\docs\art\import-runs\ALL_AREAS_20260914_151243\staging\full\0653.png
20,m_ancient_dark_golem,s_mon_ancient_dark_golem,ICON,0,8e2cd13877c84117a96b101b44a85415,6aa7a444896a2707bf5ddb74,7207eb25b7494f6be6dc505eb8afa38fa71846e8f44604a3ebafa9b7d9efcc70,D:\maplestory_levup\docs\art\import-runs\ALL_AREAS_20260914_151243\staging\full\0654.png
20,m_ancient_dark_golem,s_mon_ancient_dark_golem,VFX,0,055a53fd94b5465695a6ef3c30fc3f13,6aa7a4335a42a19740c45f23,b2bbcda426cf59136cd153a2ea5ee478f87d280ad78a8b6e55fa208c174ebebd,D:\maplestory_levup\docs\art\import-runs\ALL_AREAS_20260914_151243\staging\full\0655.png
20,m_ancient_dark_golem,s_mon_ancient_dark_golem,VFX,1,6c9c10dcec0e482db526445b61b1b8fa,6aa7a3b4d43d0c8ffe66a331,a5c075a567c4efa24bf8d47d639e9f91fd2d6d8a469e129da3f7b9f102935f3d,D:\maplestory_levup\docs\art\import-runs\ALL_AREAS_20260914_151243\staging\full\0656.png
20,m_ancient_dark_golem,s_mon_ancient_dark_golem,VFX,2,44229b12ee9c4c5f80c49f43f86b68f0,6aa7a41c896a2707bf5ddb69,8f12f28592ed493ce3bb7fbedf4c78a873d852568f136abed324d72c6f96c3d5,D:\maplestory_levup\docs\art\import-runs\ALL_AREAS_20260914_151243\staging\full\0657.png
20,m_ancient_dark_golem,s_mon_ancient_dark_golem,VFX,3,86b7f4d5f7794dcd9237001c5aef47d7,6aa7a9361e2dc5d6b4e9b5a3,73193795163c99d74854e2a1fd566a440b7561a042f65b031234e27a9ef0b25d,D:\maplestory_levup\docs\art\import-runs\ALL_AREAS_20260914_151243\staging\full\0658.png
20,m_ancient_dark_golem,s_mon_ancient_dark_golem,VFX,4,4a486eb50a384354b5f501312a5dcc6a,6aa7a45d5a42a19740c45f3d,a19d2ff6b886380d36e44fa5a574f6d87c6cd25a2b7bf5a3f38fda139c4a3466,D:\maplestory_levup\docs\art\import-runs\ALL_AREAS_20260914_151243\staging\full\0659.png
20,m_ancient_dark_golem,s_mon_ancient_dark_golem,VFX,5,e1fd86c0d9e348b8862f50faf74b3906,6aa7a4205a42a19740c45f1b,fe7bfe6701d661b97e472c7c4feead3b3053465f10c88038854e2b782ad63ce9,D:\maplestory_levup\docs\art\import-runs\ALL_AREAS_20260914_151243\staging\full\0660.png
20,m_ancient_dark_golem,s_mon_ancient_dark_golem,VFX,6,5dd401e84f59445ba62175d6e080c0d7,6aa7a4e9ff7ea1f2f92efbb5,97e2c2530bc811806f120307b683dbb6e0839840d26e3aa8a268a0327bd56368,D:\maplestory_levup\docs\art\import-runs\ALL_AREAS_20260914_151243\staging\full\0661.png
20,m_ancient_dark_golem,s_mon_ancient_dark_golem,VFX,7,a1d442e5a6cc4f88929889a23853c4e0,6aa7a8f93c73239c553aa728,1d0be74a433e35f837d7973fe0dae142c8213fbc9ca0b754a68f904d090f90d9,D:\maplestory_levup\docs\art\import-runs\ALL_AREAS_20260914_151243\staging\full\0662.png
20,m_mutant_dark_stump,s_mon_mutant_dark_stump,ICON,0,6b6ca190b6eb45da871b072757415946,6aa7a4567208d3e6c3f67e41,3b41a863bc665bbe63df511bd7b429e871a9962d88d4cdc5cc18411e78dbb05a,D:\maplestory_levup\docs\art\import-runs\ALL_AREAS_20260914_151243\staging\full\0663.png
20,m_mutant_iron_hog,s_mon_mutant_iron_hog,ICON,0,bbf9a5dd73b14d3f944d71987ddfb052,6aa7a44f5a42a19740c45f36,f38de0c8ab05689c8d28b8c99141340b1dc6d2090d8c44a0b7c3a11cdb4e8161,D:\maplestory_levup\docs\art\import-runs\ALL_AREAS_20260914_151243\staging\full\0664.png
20,m_mutant_iron_hog,s_mon_mutant_iron_hog,VFX,0,ec2de6f4839e4448b73aa0207be696b1,6aa7a5605c0e7e494b8d1789,671b5dee46a4aea286a8864406b7e1e98581b72b36c502be1b8d2df5c3297e5b,D:\maplestory_levup\docs\art\import-runs\ALL_AREAS_20260914_151243\staging\full\0665.png
20,m_mutant_iron_hog,s_mon_mutant_iron_hog,VFX,1,1dad6777cad6435e90a204a9535dbd3d,6aa7a473430112b1e65f2ef1,09f6184d792f1aca131941a23e0f2c8291ccc14d614a9e6057d28121d04fcd8a,D:\maplestory_levup\docs\art\import-runs\ALL_AREAS_20260914_151243\staging\full\0666.png
20,m_mutant_iron_hog,s_mon_mutant_iron_hog,VFX,2,9ed49a7d2ef54ab98dc81b41854b8c3b,6aa7a54c8b247671eef7b100,42aa7a336b803e10800008459d5caa6c0fced1e65c9130bea41e7727102f6047,D:\maplestory_levup\docs\art\import-runs\ALL_AREAS_20260914_151243\staging\full\0667.png
20,m_mutant_iron_hog,s_mon_mutant_iron_hog,VFX,3,bf87b7e1ade947dfbfd455dda30d35f9,6aa7a4b7ff7ea1f2f92efb89,b6788d6ff6a43cf437e2f858f63038cad475b49201fdd65e4e71e2e648139baf,D:\maplestory_levup\docs\art\import-runs\ALL_AREAS_20260914_151243\staging\full\0668.png
20,m_mutant_iron_hog,s_mon_mutant_iron_hog,VFX,4,a785c46da34d4cc6a835e8491bc513e2,6aa7a4a0d2156bd45f72d318,3627f3a7bb942647460828070b94f8b7f59f7e10f20ef8cfa31a11b7c5f30535,D:\maplestory_levup\docs\art\import-runs\ALL_AREAS_20260914_151243\staging\full\0669.png
20,m_mutant_iron_hog,s_mon_mutant_iron_hog,VFX,5,749c09bc77024f9fb069bc0653b04dcf,6aa7a506ff7ea1f2f92efbc7,b7ec0d4da85474efafd1a84821770b0d0c6605790f8abae8f650802688cec091,D:\maplestory_levup\docs\art\import-runs\ALL_AREAS_20260914_151243\staging\full\0670.png
20,m_mutant_iron_hog,s_mon_mutant_iron_hog,VFX,6,a45f0e3cc97f45e28f295b920b24c3ff,6aa7a5435c0e7e494b8d1776,c980edcda7135192df34f064712c05585cad0b906c48f1ecfffd427b8be0a20e,D:\maplestory_levup\docs\art\import-runs\ALL_AREAS_20260914_151243\staging\full\0671.png
20,m_mutant_iron_hog,s_mon_mutant_iron_hog,VFX,7,d6a9f44fd2634097b8d3940490a9fc8c,6aa7a5056e6e2b1b7bf10fc5,8dcfd1a5852b07b47ba568ead7fe9d78fc139430460c2f949990a6fda3c6267e,D:\maplestory_levup\docs\art\import-runs\ALL_AREAS_20260914_151243\staging\full\0672.png
20,m_mutant_stone_mask,s_mon_mutant_stone_mask,ICON,0,bac675f8cdd64432b196b98ca24f037c,6aa7a55fda112e195ba2c2c4,9ce07e91eb102397aecf2682d3785c15bf454dcf93d38c841131891193219400,D:\maplestory_levup\docs\art\import-runs\ALL_AREAS_20260914_151243\staging\full\0673.png
20,m_mutant_stumpy,s_mon_mutant_stumpy,ICON,0,120e51c8415b4b70ae736cbd9186d17a,6aa7a941bd3304e6b2159f94,958657634e18c850fbfbb56a186d4bb1beaafb33bf1020c2b2e23fa5810f00ac,D:\maplestory_levup\docs\art\import-runs\ALL_AREAS_20260914_151243\staging\full\0674.png
20,m_mutant_stumpy,s_mon_mutant_stumpy,VFX,0,6f361fde8ea048168e18a5590768c6a5,6aa7a91b4964baca293c23c1,00812d193b290166e66b90cb4f63d1c79c1ccd07017b76616997b1dea2bb73ba,D:\maplestory_levup\docs\art\import-runs\ALL_AREAS_20260914_151243\staging\full\0675.png
20,m_mutant_stumpy,s_mon_mutant_stumpy,VFX,1,16e4c46d22cd4a319a3a1964b9eb4506,6aa7a48bd2156bd45f72d314,30f668eaca397dff699065fe1d7ba3c3d1f2c9e8e2b4d9175faa6d8bc6ed6954,D:\maplestory_levup\docs\art\import-runs\ALL_AREAS_20260914_151243\staging\full\0676.png
20,m_mutant_stumpy,s_mon_mutant_stumpy,VFX,2,283bb9cfd3cc41bb8193cd135c77f7fc,6aa7a50d7d5521b7dabe9018,2dc4567835b5c33c9aa746c4973169e34200a7c6512a5a3314218a0d93eb2733,D:\maplestory_levup\docs\art\import-runs\ALL_AREAS_20260914_151243\staging\full\0677.png
20,m_mutant_stumpy,s_mon_mutant_stumpy,VFX,3,8dcc8e6986f14177ab3cffc23915c2f1,6aa7a5226e6e2b1b7bf10fd1,8322c266075c6e66b1d24eda63356be2fd98c64e8253cea02b7e90546a4ad9f1,D:\maplestory_levup\docs\art\import-runs\ALL_AREAS_20260914_151243\staging\full\0678.png
20,m_mutant_stumpy,s_mon_mutant_stumpy,VFX,4,a61436a20b924ab9848a7c5bf1bbaf60,6aa7a4e44f1e366285e14b93,d9c3e94f7772aacfe326e30bb6b7578fc6648bb90ade38ecfd794569ed9dbd01,D:\maplestory_levup\docs\art\import-runs\ALL_AREAS_20260914_151243\staging\full\0679.png
20,m_mutant_stumpy,s_mon_mutant_stumpy,VFX,5,febe838079a648caab4f5de9c607362d,6aa7a526da112e195ba2c28b,61e365d6ed8ee7be6f84b0ec23340500d9a9804952819723858421356fcf8c07,D:\maplestory_levup\docs\art\import-runs\ALL_AREAS_20260914_151243\staging\full\0680.png
20,m_mutant_stumpy,s_mon_mutant_stumpy,VFX,6,ca5f0ae164c04f9f8d3b1b61366c4592,6aa7a519da112e195ba2c274,4f74c850d7c79e46caae9092df679f5f09053b2937f6652756ae54278d68fee0,D:\maplestory_levup\docs\art\import-runs\ALL_AREAS_20260914_151243\staging\full\0681.png
20,m_mutant_stumpy,s_mon_mutant_stumpy,VFX,7,f59db907d1464e259330ca39621875ab,6aa7a4d9d2156bd45f72d32b,cab9e9ac8daff94374fc481ca8dbb8ad7fd007dc7952915c0be1c5fb7bfee3e0,D:\maplestory_levup\docs\art\import-runs\ALL_AREAS_20260914_151243\staging\full\0682.png
20,m_mutant_stumpy,s_mon_mutant_stumpy,VFX,8,87cc7599a6a24d9ca380c4d18a6eb499,6aa7a55c8b247671eef7b10d,f86c7f10f26e822168bc3e7f275e44dcac3879357472069d7e1f4cd7117aa1da,D:\maplestory_levup\docs\art\import-runs\ALL_AREAS_20260914_151243\staging\full\0683.png
20,m_mutant_stumpy,s_mon_mutant_stumpy,VFX,9,ccb97588a21b45f69efdd8505ba81252,6aa7a518da112e195ba2c270,62c5f2ee1e22476d35f44524cdd3d1adcd957042fa910c5dc060d69a6cc773c4,D:\maplestory_levup\docs\art\import-runs\ALL_AREAS_20260914_151243\staging\full\0684.png
20,m_mutant_stumpy,s_mon_mutant_stumpy,VFX,10,e5df6e2dba2e4b3bae82c2701987dca4,6aa7a51eda112e195ba2c27e,a9bd780cd9c06d1637c2314b40b04213380dbd47d5b4d3bedcfef2e4b5bcd777,D:\maplestory_levup\docs\art\import-runs\ALL_AREAS_20260914_151243\staging\full\0685.png
20,m_mutant_stumpy,s_mon_mutant_stumpy,VFX,11,9c22525d006a435b951f9cd771f70a93,6aa7a558da112e195ba2c2be,80117a292e836fc915d9372e0fc2fdc906256726c557e09aa5de9c0080ff9d0a,D:\maplestory_levup\docs\art\import-runs\ALL_AREAS_20260914_151243\staging\full\0686.png
