area_id,monster_id,skill_id,skill_type,effect_role,current_field,current_layer,current_ruid,decision,new_file_set,target_field,target_layer,attach_to,player_behavior,monster_behavior,delay_seconds,duration_seconds,loop,frame_timing,coordinate_unit,direction,flip_x,scale,pivot,offset,image_internal_vs_engine,source_evidence,notes,generation_required,runtime_use,targeting_range,monster_targeting_range,impact_radius,impact_delay,max_targets,contract_status
area_01,m_snail,s_mon_snail_dew_trail,액티브,APPROVED_REUSE_CAST_VFX+ICON,layer_ruids|icon_ruid,approved single layer,6097484d513a4fde82ad15557fdc81d3|c0699b32529049c68de3d13022479bf9,APPROVED_REUSE,approved_reuse/AREA_00/* (byte-identical),layer_ruids|icon_ruid,approved mapping only,caster,AREA 00 report: left/right playback verified,AREA 00 report: monster caster playback verified,0,0.8,false,8 frames × 0.10s; same 384×384 RGBA canvas,runtime offset=world unit; drift=world unit/s; art=pixel canvas; pivot=normalized,approved left/right behavior,approved runtime behavior,1,"(0.5,0.5) planned registration pivot; no autocrop/recenter","(0,0) approved",approved frames preserved; no regeneration,runtime_evidence/RUNTIME_CODE_EVIDENCE.md; ASSET_BINDING_PLAN.md,신규 생성 금지; reuse manifest SHA must match,false,true,n/a,n/a,n/a,n/a,n/a,READY
area_01,m_blue_snail,s_mon_blue_snail,버프,APPROVED_REUSE_CAST_VFX+ICON,layer_ruids|icon_ruid,approved single layer,f1fc98b763c24a0bb99d8ce8453a4c8f|6e7da13ea5924763bebb7aa4b851eb96,APPROVED_REUSE,approved_reuse/AREA_00/* (byte-identical),layer_ruids|icon_ruid,approved mapping only,caster,AREA 00 report: left/right playback verified,AREA 00 report: monster caster playback verified,0,0.8,false,8 frames × 0.10s; same 256×256 RGBA canvas,runtime offset=world unit; drift=world unit/s; art=pixel canvas; pivot=normalized,approved left/right behavior,approved runtime behavior,1,"(0.5,0.5) planned registration pivot; no autocrop/recenter","(0,0) approved",approved frames preserved; no regeneration,runtime_evidence/RUNTIME_CODE_EVIDENCE.md; ASSET_BINDING_PLAN.md,신규 생성 금지; reuse manifest SHA must match,false,true,n/a,n/a,n/a,n/a,n/a,READY
area_01,m_mushroom,s_mon_mushroom,액티브,CAST_VFX,layer_ruids,visual stack L1..L3,9c927f6388e74628b1050dfc8490246c|9c927f6388e74628b1050dfc8490246c|9c927f6388e74628b1050dfc8490246c,REPLACE_PLANNED,VFX/F00... -> accepted AnimationClip,layer_ruids,replace visual stack as one accepted primary clip; do not duplicate across old layers automatically,caster at PlayCast time,"플레이어: 즉시 시전자 중심 원형 피해 판정 후 CAST. 몬스터: 축소 반경의 시전자 중심 원형 판정이 실제 명중한 경우에만 CAST. CAST는 시전자 원점+h, 좌측 대상/시선이면 FlipX. L1 9c927f6388e74628b1050dfc8490246c animationclip/clip delay=0s duration=0.55s scale=0.38 offset=(-0.28,0)wu drift=(-0.28,0.12)wu/s; L2 9c927f6388e74628b1050dfc8490246c animationclip/clip delay=0.08s duration=0.6s scale=0.36 offset=(0,0.04)wu drift=(0,0.18)wu/s; L3 9c927f6388e74628b1050dfc8490246c animationclip/clip delay=0.16s duration=0.65s scale=0.34 offset=(0.28,-0.04)wu drift=(0.28,0.12)wu/s","플레이어: 즉시 시전자 중심 원형 피해 판정 후 CAST. 몬스터: 축소 반경의 시전자 중심 원형 판정이 실제 명중한 경우에만 CAST. CAST는 시전자 원점+h, 좌측 대상/시선이면 FlipX. L1 9c927f6388e74628b1050dfc8490246c animationclip/clip delay=0s duration=0.55s scale=0.38 offset=(-0.28,0)wu drift=(-0.28,0.12)wu/s; L2 9c927f6388e74628b1050dfc8490246c animationclip/clip delay=0.08s duration=0.6s scale=0.36 offset=(0,0.04)wu drift=(0,0.18)wu/s; L3 9c927f6388e74628b1050dfc8490246c animationclip/clip delay=0.16s duration=0.65s scale=0.34 offset=(0.28,-0.04)wu drift=(0.28,0.12)wu/s",0 planned primary clip,0.80,false,8 frames × 0.10s; same 384×384 RGBA canvas,runtime offset=world unit; drift=world unit/s; art=pixel canvas; pivot=normalized,right-authored; role contract controls use,defense=false; attack based on player look/monster hit target,UNRESOLVED_IMPORT_PREVIEW,"(0.5,0.5) planned registration pivot; no autocrop/recenter",preserve current gameplay origin; final visual offset unresolved until labeled preview,"local build-up/impact only; layer drift, dash, projectile translation remain engine-owned",runtime_evidence/RUNTIME_CODE_EVIDENCE.md; ASSET_BINDING_PLAN.md,old layers remain KEEP until art approval; exact final scale/offset is not invented in INPUT,true,true,n/a,n/a,n/a,n/a,n/a,READY
area_01,m_mushroom,s_mon_mushroom,액티브,CURRENT_CAST_LAYER,layer_ruids,L1,9c927f6388e74628b1050dfc8490246c,KEEP,none until approved replacement,layer_ruids,L1,caster,current layer recipe,current layer recipe,0,0.55,false,8 frames × 0.10s; same 384×384 RGBA canvas,runtime offset=world unit; drift=world unit/s; art=pixel canvas; pivot=normalized,engine FlipX by caster/target,SkillEffect.SpawnLayer,0.38,"(0.5,0.5) planned registration pivot; no autocrop/recenter","(-0.28,0) world unit","engine drift (-0.28,0.12) world unit/s",runtime_evidence/RUNTIME_CODE_EVIDENCE.md; ASSET_BINDING_PLAN.md,기존 리소스는 신규 아트 승인·반입 전까지 유지,false,true,n/a,n/a,n/a,n/a,n/a,READY
area_01,m_mushroom,s_mon_mushroom,액티브,CURRENT_CAST_LAYER,layer_ruids,L2,9c927f6388e74628b1050dfc8490246c,KEEP,none until approved replacement,layer_ruids,L2,map entity spawned at caster position sampled when delayed SpawnLayer executes,current layer recipe,current layer recipe,0.08,0.6,false,8 frames × 0.10s; same 384×384 RGBA canvas,runtime offset=world unit; drift=world unit/s; art=pixel canvas; pivot=normalized,engine FlipX by caster/target,SkillEffect.SpawnLayer,0.36,"(0.5,0.5) planned registration pivot; no autocrop/recenter","(0,0.04) world unit",position sampled at execution; after spawn map entity applies configured drift and does not follow caster,runtime_evidence/RUNTIME_CODE_EVIDENCE.md; ASSET_BINDING_PLAN.md,기존 리소스는 신규 아트 승인·반입 전까지 유지,false,true,n/a,n/a,n/a,n/a,n/a,READY
area_01,m_mushroom,s_mon_mushroom,액티브,CURRENT_CAST_LAYER,layer_ruids,L3,9c927f6388e74628b1050dfc8490246c,KEEP,none until approved replacement,layer_ruids,L3,map entity spawned at caster position sampled when delayed SpawnLayer executes,current layer recipe,current layer recipe,0.16,0.65,false,8 frames × 0.10s; same 384×384 RGBA canvas,runtime offset=world unit; drift=world unit/s; art=pixel canvas; pivot=normalized,engine FlipX by caster/target,SkillEffect.SpawnLayer,0.34,"(0.5,0.5) planned registration pivot; no autocrop/recenter","(0.28,-0.04) world unit",position sampled at execution; after spawn map entity applies configured drift and does not follow caster,runtime_evidence/RUNTIME_CODE_EVIDENCE.md; ASSET_BINDING_PLAN.md,기존 리소스는 신규 아트 승인·반입 전까지 유지,false,true,n/a,n/a,n/a,n/a,n/a,READY
area_01,m_mushroom,s_mon_mushroom,액티브,ICON,icon_ruid,UI,6923ce8064e4445d8e63176645943fb1,REPLACE_PLANNED,ICON/icon.png 256×256 RGBA,icon_ruid,UI icon,UI,inventory/skill UI,not world VFX,n/a,static,false,8 frames × 0.10s; same 384×384 RGBA canvas,runtime offset=world unit; drift=world unit/s; art=pixel canvas; pivot=normalized,none,false,UI layout controlled,"(0.5,0.5) planned registration pivot; no autocrop/recenter",UI layout controlled,static centered motif,runtime_evidence/RUNTIME_CODE_EVIDENCE.md; ASSET_BINDING_PLAN.md,VFX와 색·질감 언어 일치; 몬스터 원본을 그대로 복사하지 않음,true,ui,n/a,n/a,n/a,n/a,n/a,READY
area_01,m_mushmom,s_mon_mushmom,액티브,CAST_VFX,layer_ruids,visual stack L1..L3,05113e9dc86448cb8581731824106d75|86734a2715504c10b1e50ae810609e25|9c927f6388e74628b1050dfc8490246c,REPLACE_PLANNED,VFX/F00... -> accepted AnimationClip,layer_ruids,replace visual stack as one accepted primary clip; do not duplicate across old layers automatically,caster at PlayCast time,"플레이어: 즉시 시전자 중심 원형 피해 판정 후 CAST. 몬스터: 축소 반경의 시전자 중심 원형 판정이 실제 명중한 경우에만 CAST. CAST는 시전자 원점+h, 좌측 대상/시선이면 FlipX. L1 05113e9dc86448cb8581731824106d75 animationclip/clip delay=0s duration=0.75s scale=0.9 offset=(0,-0.08)wu drift=(0,0)wu/s; L2 86734a2715504c10b1e50ae810609e25 animationclip/clip delay=0.1s duration=0.72s scale=1.15 offset=(0,-0.08)wu drift=(0,0)wu/s; L3 9c927f6388e74628b1050dfc8490246c animationclip/clip delay=0.22s duration=0.7s scale=0.72 offset=(0,0)wu drift=(0,0.18)wu/s","플레이어: 즉시 시전자 중심 원형 피해 판정 후 CAST. 몬스터: 축소 반경의 시전자 중심 원형 판정이 실제 명중한 경우에만 CAST. CAST는 시전자 원점+h, 좌측 대상/시선이면 FlipX. L1 05113e9dc86448cb8581731824106d75 animationclip/clip delay=0s duration=0.75s scale=0.9 offset=(0,-0.08)wu drift=(0,0)wu/s; L2 86734a2715504c10b1e50ae810609e25 animationclip/clip delay=0.1s duration=0.72s scale=1.15 offset=(0,-0.08)wu drift=(0,0)wu/s; L3 9c927f6388e74628b1050dfc8490246c animationclip/clip delay=0.22s duration=0.7s scale=0.72 offset=(0,0)wu drift=(0,0.18)wu/s",0 planned primary clip,0.96,false,12 frames × 0.08s; same 512×512 RGBA canvas,runtime offset=world unit; drift=world unit/s; art=pixel canvas; pivot=normalized,right-authored; role contract controls use,defense=false; attack based on player look/monster hit target,UNRESOLVED_IMPORT_PREVIEW,"(0.5,0.5) planned registration pivot; no autocrop/recenter",preserve current gameplay origin; final visual offset unresolved until labeled preview,"local build-up/impact only; layer drift, dash, projectile translation remain engine-owned",runtime_evidence/RUNTIME_CODE_EVIDENCE.md; ASSET_BINDING_PLAN.md,old layers remain KEEP until art approval; exact final scale/offset is not invented in INPUT,true,true,n/a,n/a,n/a,n/a,n/a,READY
area_01,m_mushmom,s_mon_mushmom,액티브,CURRENT_CAST_LAYER,layer_ruids,L1,05113e9dc86448cb8581731824106d75,KEEP,none until approved replacement,layer_ruids,L1,caster,current layer recipe,current layer recipe,0,0.75,false,12 frames × 0.08s; same 512×512 RGBA canvas,runtime offset=world unit; drift=world unit/s; art=pixel canvas; pivot=normalized,engine FlipX by caster/target,SkillEffect.SpawnLayer,0.9,"(0.5,0.5) planned registration pivot; no autocrop/recenter","(0,-0.08) world unit","engine drift (0,0) world unit/s",runtime_evidence/RUNTIME_CODE_EVIDENCE.md; ASSET_BINDING_PLAN.md,기존 리소스는 신규 아트 승인·반입 전까지 유지,false,true,n/a,n/a,n/a,n/a,n/a,READY
area_01,m_mushmom,s_mon_mushmom,액티브,CURRENT_CAST_LAYER,layer_ruids,L2,86734a2715504c10b1e50ae810609e25,KEEP,none until approved replacement,layer_ruids,L2,map entity spawned at caster position sampled when delayed SpawnLayer executes,current layer recipe,current layer recipe,0.1,0.72,false,12 frames × 0.08s; same 512×512 RGBA canvas,runtime offset=world unit; drift=world unit/s; art=pixel canvas; pivot=normalized,engine FlipX by caster/target,SkillEffect.SpawnLayer,1.15,"(0.5,0.5) planned registration pivot; no autocrop/recenter","(0,-0.08) world unit",position sampled at execution; after spawn map entity applies configured drift and does not follow caster,runtime_evidence/RUNTIME_CODE_EVIDENCE.md; ASSET_BINDING_PLAN.md,기존 리소스는 신규 아트 승인·반입 전까지 유지,false,true,n/a,n/a,n/a,n/a,n/a,READY
area_01,m_mushmom,s_mon_mushmom,액티브,CURRENT_CAST_LAYER,layer_ruids,L3,9c927f6388e74628b1050dfc8490246c,KEEP,none until approved replacement,layer_ruids,L3,map entity spawned at caster position sampled when delayed SpawnLayer executes,current layer recipe,current layer recipe,0.22,0.7,false,12 frames × 0.08s; same 512×512 RGBA canvas,runtime offset=world unit; drift=world unit/s; art=pixel canvas; pivot=normalized,engine FlipX by caster/target,SkillEffect.SpawnLayer,0.72,"(0.5,0.5) planned registration pivot; no autocrop/recenter","(0,0) world unit",position sampled at execution; after spawn map entity applies configured drift and does not follow caster,runtime_evidence/RUNTIME_CODE_EVIDENCE.md; ASSET_BINDING_PLAN.md,기존 리소스는 신규 아트 승인·반입 전까지 유지,false,true,n/a,n/a,n/a,n/a,n/a,READY
area_01,m_mushmom,s_mon_mushmom,액티브,ICON,icon_ruid,UI,0b09a6a325c54caca2282859ae624b22,REPLACE_PLANNED,ICON/icon.png 256×256 RGBA,icon_ruid,UI icon,UI,inventory/skill UI,not world VFX,n/a,static,false,12 frames × 0.08s; same 512×512 RGBA canvas,runtime offset=world unit; drift=world unit/s; art=pixel canvas; pivot=normalized,none,false,UI layout controlled,"(0.5,0.5) planned registration pivot; no autocrop/recenter",UI layout controlled,static centered motif,runtime_evidence/RUNTIME_CODE_EVIDENCE.md; ASSET_BINDING_PLAN.md,VFX와 색·질감 언어 일치; 몬스터 원본을 그대로 복사하지 않음,true,ui,n/a,n/a,n/a,n/a,n/a,READY
area_01,m_horny_mushroom,s_mon_horny_mushroom,패시브,REFERENCE_VFX,none,none,,REFERENCE_ONLY,VFX/F00... (preview/reference only),none,none,not runtime,inventory ownership applies stat; no CAST,no passive CAST path,n/a,preview only,false,6 frames × 0.10s; same 256×256 RGBA canvas,runtime offset=world unit; drift=world unit/s; art=pixel canvas; pivot=normalized,art reference only,n/a,n/a,"(0.5,0.5) planned registration pivot; no autocrop/recenter",n/a,reference animation only; never auto-import,runtime_evidence/RUNTIME_CODE_EVIDENCE.md; ASSET_BINDING_PLAN.md,현행 런타임 VFX 없음,true,false,n/a,n/a,n/a,n/a,n/a,READY
area_01,m_horny_mushroom,s_mon_horny_mushroom,패시브,ICON,icon_ruid,UI,0928f98bbd114efc935696c1200c9d39,REPLACE_PLANNED,ICON/icon.png 256×256 RGBA,icon_ruid,UI icon,UI,inventory/skill UI,not world VFX,n/a,static,false,6 frames × 0.10s; same 256×256 RGBA canvas,runtime offset=world unit; drift=world unit/s; art=pixel canvas; pivot=normalized,none,false,UI layout controlled,"(0.5,0.5) planned registration pivot; no autocrop/recenter",UI layout controlled,static centered motif,runtime_evidence/RUNTIME_CODE_EVIDENCE.md; ASSET_BINDING_PLAN.md,VFX와 색·질감 언어 일치; 몬스터 원본을 그대로 복사하지 않음,true,ui,n/a,n/a,n/a,n/a,n/a,READY
area_02,m_stone_golem,s_mon_stone,버프,SELF_BUFF_CAST_VFX,layer_ruids,visual stack L1..L2,05113e9dc86448cb8581731824106d75|86734a2715504c10b1e50ae810609e25,REPLACE_PLANNED,VFX/F00... -> accepted AnimationClip,layer_ruids,replace visual stack as one accepted primary clip; do not duplicate across old layers automatically,caster at PlayCast time,"플레이어/몬스터 모두 자기 자신에게 효과 적용 성공 후 시전자 원점+h에 CAST 재생, FlipX 없음. L1 05113e9dc86448cb8581731824106d75 animationclip/clip delay=0s duration=0.65s scale=0.8 offset=(0,-0.06)wu drift=(0,0)wu/s; L2 86734a2715504c10b1e50ae810609e25 animationclip/clip delay=0.12s duration=0.72s scale=0.9 offset=(0,-0.06)wu drift=(0,0)wu/s","플레이어/몬스터 모두 자기 자신에게 효과 적용 성공 후 시전자 원점+h에 CAST 재생, FlipX 없음. L1 05113e9dc86448cb8581731824106d75 animationclip/clip delay=0s duration=0.65s scale=0.8 offset=(0,-0.06)wu drift=(0,0)wu/s; L2 86734a2715504c10b1e50ae810609e25 animationclip/clip delay=0.12s duration=0.72s scale=0.9 offset=(0,-0.06)wu drift=(0,0)wu/s",0 planned primary clip,0.80,false,8 frames × 0.10s; same 256×256 RGBA canvas,runtime offset=world unit; drift=world unit/s; art=pixel canvas; pivot=normalized,right-authored; role contract controls use,defense=false; attack based on player look/monster hit target,UNRESOLVED_IMPORT_PREVIEW,"(0.5,0.5) planned registration pivot; no autocrop/recenter",preserve current gameplay origin; final visual offset unresolved until labeled preview,"local build-up/impact only; layer drift, dash, projectile translation remain engine-owned",runtime_evidence/RUNTIME_CODE_EVIDENCE.md; ASSET_BINDING_PLAN.md,old layers remain KEEP until art approval; exact final scale/offset is not invented in INPUT,true,true,n/a,n/a,n/a,n/a,n/a,READY
area_02,m_stone_golem,s_mon_stone,버프,CURRENT_CAST_LAYER,layer_ruids,L1,05113e9dc86448cb8581731824106d75,KEEP,none until approved replacement,layer_ruids,L1,caster,current layer recipe,current layer recipe,0,0.65,false,8 frames × 0.10s; same 256×256 RGBA canvas,runtime offset=world unit; drift=world unit/s; art=pixel canvas; pivot=normalized,engine FlipX by caster/target,SkillEffect.SpawnLayer,0.8,"(0.5,0.5) planned registration pivot; no autocrop/recenter","(0,-0.06) world unit","engine drift (0,0) world unit/s",runtime_evidence/RUNTIME_CODE_EVIDENCE.md; ASSET_BINDING_PLAN.md,기존 리소스는 신규 아트 승인·반입 전까지 유지,false,true,n/a,n/a,n/a,n/a,n/a,READY
area_02,m_stone_golem,s_mon_stone,버프,CURRENT_CAST_LAYER,layer_ruids,L2,86734a2715504c10b1e50ae810609e25,KEEP,none until approved replacement,layer_ruids,L2,map entity spawned at caster position sampled when delayed SpawnLayer executes,current layer recipe,current layer recipe,0.12,0.72,false,8 frames × 0.10s; same 256×256 RGBA canvas,runtime offset=world unit; drift=world unit/s; art=pixel canvas; pivot=normalized,engine FlipX by caster/target,SkillEffect.SpawnLayer,0.9,"(0.5,0.5) planned registration pivot; no autocrop/recenter","(0,-0.06) world unit",position sampled at execution; after spawn map entity applies configured drift and does not follow caster,runtime_evidence/RUNTIME_CODE_EVIDENCE.md; ASSET_BINDING_PLAN.md,기존 리소스는 신규 아트 승인·반입 전까지 유지,false,true,n/a,n/a,n/a,n/a,n/a,READY
area_02,m_stone_golem,s_mon_stone,버프,ICON,icon_ruid,UI,cba9471e009f46ee9c786f31d29c3848,REPLACE_PLANNED,ICON/icon.png 256×256 RGBA,icon_ruid,UI icon,UI,inventory/skill UI,not world VFX,n/a,static,false,8 frames × 0.10s; same 256×256 RGBA canvas,runtime offset=world unit; drift=world unit/s; art=pixel canvas; pivot=normalized,none,false,UI layout controlled,"(0.5,0.5) planned registration pivot; no autocrop/recenter",UI layout controlled,static centered motif,runtime_evidence/RUNTIME_CODE_EVIDENCE.md; ASSET_BINDING_PLAN.md,VFX와 색·질감 언어 일치; 몬스터 원본을 그대로 복사하지 않음,true,ui,n/a,n/a,n/a,n/a,n/a,READY
area_02,m_axe_stump,s_mon_axe_stump,액티브,CAST_VFX,layer_ruids,visual stack L1..L2,0207c85c05dd4c4eac12f9ee735d0545|997628810df4448f9e534bc426d6794a,REPLACE_PLANNED,VFX/F00... -> accepted AnimationClip,layer_ruids,replace visual stack as one accepted primary clip; do not duplicate across old layers automatically,caster at PlayCast time,"플레이어: 즉시 시전자 중심 원형 피해 판정 후 CAST. 몬스터: 축소 반경의 시전자 중심 원형 판정이 실제 명중한 경우에만 CAST. CAST는 시전자 원점+h, 좌측 대상/시선이면 FlipX. L1 0207c85c05dd4c4eac12f9ee735d0545 animationclip/clip delay=0s duration=0.55s scale=0.7 offset=(0.05,0)wu drift=(0.3,0)wu/s; L2 997628810df4448f9e534bc426d6794a animationclip/clip delay=0.14s duration=0.48s scale=0.62 offset=(0.65,0)wu drift=(0,0)wu/s","플레이어: 즉시 시전자 중심 원형 피해 판정 후 CAST. 몬스터: 축소 반경의 시전자 중심 원형 판정이 실제 명중한 경우에만 CAST. CAST는 시전자 원점+h, 좌측 대상/시선이면 FlipX. L1 0207c85c05dd4c4eac12f9ee735d0545 animationclip/clip delay=0s duration=0.55s scale=0.7 offset=(0.05,0)wu drift=(0.3,0)wu/s; L2 997628810df4448f9e534bc426d6794a animationclip/clip delay=0.14s duration=0.48s scale=0.62 offset=(0.65,0)wu drift=(0,0)wu/s",0 planned primary clip,0.80,false,8 frames × 0.10s; same 384×384 RGBA canvas,runtime offset=world unit; drift=world unit/s; art=pixel canvas; pivot=normalized,right-authored; role contract controls use,defense=false; attack based on player look/monster hit target,UNRESOLVED_IMPORT_PREVIEW,"(0.5,0.5) planned registration pivot; no autocrop/recenter",preserve current gameplay origin; final visual offset unresolved until labeled preview,"local build-up/impact only; layer drift, dash, projectile translation remain engine-owned",runtime_evidence/RUNTIME_CODE_EVIDENCE.md; ASSET_BINDING_PLAN.md,old layers remain KEEP until art approval; exact final scale/offset is not invented in INPUT,true,true,n/a,n/a,n/a,n/a,n/a,READY
area_02,m_axe_stump,s_mon_axe_stump,액티브,CURRENT_CAST_LAYER,layer_ruids,L1,0207c85c05dd4c4eac12f9ee735d0545,KEEP,none until approved replacement,layer_ruids,L1,caster,current layer recipe,current layer recipe,0,0.55,false,8 frames × 0.10s; same 384×384 RGBA canvas,runtime offset=world unit; drift=world unit/s; art=pixel canvas; pivot=normalized,engine FlipX by caster/target,SkillEffect.SpawnLayer,0.7,"(0.5,0.5) planned registration pivot; no autocrop/recenter","(0.05,0) world unit","engine drift (0.3,0) world unit/s",runtime_evidence/RUNTIME_CODE_EVIDENCE.md; ASSET_BINDING_PLAN.md,기존 리소스는 신규 아트 승인·반입 전까지 유지,false,true,n/a,n/a,n/a,n/a,n/a,READY
area_02,m_axe_stump,s_mon_axe_stump,액티브,CURRENT_CAST_LAYER,layer_ruids,L2,997628810df4448f9e534bc426d6794a,KEEP,none until approved replacement,layer_ruids,L2,map entity spawned at caster position sampled when delayed SpawnLayer executes,current layer recipe,current layer recipe,0.14,0.48,false,8 frames × 0.10s; same 384×384 RGBA canvas,runtime offset=world unit; drift=world unit/s; art=pixel canvas; pivot=normalized,engine FlipX by caster/target,SkillEffect.SpawnLayer,0.62,"(0.5,0.5) planned registration pivot; no autocrop/recenter","(0.65,0) world unit",position sampled at execution; after spawn map entity applies configured drift and does not follow caster,runtime_evidence/RUNTIME_CODE_EVIDENCE.md; ASSET_BINDING_PLAN.md,기존 리소스는 신규 아트 승인·반입 전까지 유지,false,true,n/a,n/a,n/a,n/a,n/a,READY
area_02,m_axe_stump,s_mon_axe_stump,액티브,ICON,icon_ruid,UI,b03001aaa4cf4dfe82d34a48c58cb342,REPLACE_PLANNED,ICON/icon.png 256×256 RGBA,icon_ruid,UI icon,UI,inventory/skill UI,not world VFX,n/a,static,false,8 frames × 0.10s; same 384×384 RGBA canvas,runtime offset=world unit; drift=world unit/s; art=pixel canvas; pivot=normalized,none,false,UI layout controlled,"(0.5,0.5) planned registration pivot; no autocrop/recenter",UI layout controlled,static centered motif,runtime_evidence/RUNTIME_CODE_EVIDENCE.md; ASSET_BINDING_PLAN.md,VFX와 색·질감 언어 일치; 몬스터 원본을 그대로 복사하지 않음,true,ui,n/a,n/a,n/a,n/a,n/a,READY
area_02,m_dark_axe_stump,s_mon_dark_axe_stump,액티브,CAST_VFX,layer_ruids,visual stack L1..L2,a77ea54c400e4b56a44ed05091a0ae53|a77ea54c400e4b56a44ed05091a0ae53,REPLACE_PLANNED,VFX/F00... -> accepted AnimationClip,layer_ruids,replace visual stack as one accepted primary clip; do not duplicate across old layers automatically,caster at PlayCast time,"플레이어: 즉시 시전자 중심 원형 피해 판정 후 CAST. 몬스터: 축소 반경의 시전자 중심 원형 판정이 실제 명중한 경우에만 CAST. CAST는 시전자 원점+h, 좌측 대상/시선이면 FlipX. L1 a77ea54c400e4b56a44ed05091a0ae53 animationclip/clip delay=0s duration=0.82s scale=0.82 offset=(-0.28,-0.12)wu drift=(0,0)wu/s; L2 a77ea54c400e4b56a44ed05091a0ae53 animationclip/clip delay=0.12s duration=0.82s scale=0.82 offset=(0.28,-0.12)wu drift=(0,0)wu/s","플레이어: 즉시 시전자 중심 원형 피해 판정 후 CAST. 몬스터: 축소 반경의 시전자 중심 원형 판정이 실제 명중한 경우에만 CAST. CAST는 시전자 원점+h, 좌측 대상/시선이면 FlipX. L1 a77ea54c400e4b56a44ed05091a0ae53 animationclip/clip delay=0s duration=0.82s scale=0.82 offset=(-0.28,-0.12)wu drift=(0,0)wu/s; L2 a77ea54c400e4b56a44ed05091a0ae53 animationclip/clip delay=0.12s duration=0.82s scale=0.82 offset=(0.28,-0.12)wu drift=(0,0)wu/s",0 planned primary clip,0.80,false,8 frames × 0.10s; same 384×384 RGBA canvas,runtime offset=world unit; drift=world unit/s; art=pixel canvas; pivot=normalized,right-authored; role contract controls use,defense=false; attack based on player look/monster hit target,UNRESOLVED_IMPORT_PREVIEW,"(0.5,0.5) planned registration pivot; no autocrop/recenter",preserve current gameplay origin; final visual offset unresolved until labeled preview,"local build-up/impact only; layer drift, dash, projectile translation remain engine-owned",runtime_evidence/RUNTIME_CODE_EVIDENCE.md; ASSET_BINDING_PLAN.md,old layers remain KEEP until art approval; exact final scale/offset is not invented in INPUT,true,true,n/a,n/a,n/a,n/a,n/a,READY
area_02,m_dark_axe_stump,s_mon_dark_axe_stump,액티브,CURRENT_CAST_LAYER,layer_ruids,L1,a77ea54c400e4b56a44ed05091a0ae53,KEEP,none until approved replacement,layer_ruids,L1,caster,current layer recipe,current layer recipe,0,0.82,false,8 frames × 0.10s; same 384×384 RGBA canvas,runtime offset=world unit; drift=world unit/s; art=pixel canvas; pivot=normalized,engine FlipX by caster/target,SkillEffect.SpawnLayer,0.82,"(0.5,0.5) planned registration pivot; no autocrop/recenter","(-0.28,-0.12) world unit","engine drift (0,0) world unit/s",runtime_evidence/RUNTIME_CODE_EVIDENCE.md; ASSET_BINDING_PLAN.md,기존 리소스는 신규 아트 승인·반입 전까지 유지,false,true,n/a,n/a,n/a,n/a,n/a,READY
area_02,m_dark_axe_stump,s_mon_dark_axe_stump,액티브,CURRENT_CAST_LAYER,layer_ruids,L2,a77ea54c400e4b56a44ed05091a0ae53,KEEP,none until approved replacement,layer_ruids,L2,map entity spawned at caster position sampled when delayed SpawnLayer executes,current layer recipe,current layer recipe,0.12,0.82,false,8 frames × 0.10s; same 384×384 RGBA canvas,runtime offset=world unit; drift=world unit/s; art=pixel canvas; pivot=normalized,engine FlipX by caster/target,SkillEffect.SpawnLayer,0.82,"(0.5,0.5) planned registration pivot; no autocrop/recenter","(0.28,-0.12) world unit",position sampled at execution; after spawn map entity applies configured drift and does not follow caster,runtime_evidence/RUNTIME_CODE_EVIDENCE.md; ASSET_BINDING_PLAN.md,기존 리소스는 신규 아트 승인·반입 전까지 유지,false,true,n/a,n/a,n/a,n/a,n/a,READY
area_02,m_dark_axe_stump,s_mon_dark_axe_stump,액티브,ICON,icon_ruid,UI,0fbbe12552664c5f87944ff56a630178,REPLACE_PLANNED,ICON/icon.png 256×256 RGBA,icon_ruid,UI icon,UI,inventory/skill UI,not world VFX,n/a,static,false,8 frames × 0.10s; same 384×384 RGBA canvas,runtime offset=world unit; drift=world unit/s; art=pixel canvas; pivot=normalized,none,false,UI layout controlled,"(0.5,0.5) planned registration pivot; no autocrop/recenter",UI layout controlled,static centered motif,runtime_evidence/RUNTIME_CODE_EVIDENCE.md; ASSET_BINDING_PLAN.md,VFX와 색·질감 언어 일치; 몬스터 원본을 그대로 복사하지 않음,true,ui,n/a,n/a,n/a,n/a,n/a,READY
area_02,m_wild_boar,s_mon_wild_boar,액티브,IMPACT_CAST_VFX,layer_ruids,visual stack L1..L2,0207c85c05dd4c4eac12f9ee735d0545|79c9b3b094dd49eda90e80d178f0ff28,REPLACE_PLANNED,VFX/F00... -> accepted AnimationClip,layer_ruids,replace visual stack as one accepted primary clip; do not duplicate across old layers automatically,caster at PlayCast time,"플레이어: 8방향으로 5.0wu를 0.2초 이동하고 계산 도착점에서 피해 판정; 직후 CAST는 서버가 보는 시전자 위치에 부착되어 계산 도착점과 일치가 보장되지 않음. 몬스터: dash_distance 분기 없이 즉시 시전자 중심 원형 판정 후 명중 시 CAST. L1 0207c85c05dd4c4eac12f9ee735d0545 animationclip/clip delay=0s duration=0.55s scale=0.75 offset=(-0.15,-0.15)wu drift=(0,0)wu/s; L2 79c9b3b094dd49eda90e80d178f0ff28 animationclip/clip delay=0.16s duration=0.65s scale=0.7 offset=(0.55,-0.12)wu drift=(0,0)wu/s","플레이어: 8방향으로 5.0wu를 0.2초 이동하고 계산 도착점에서 피해 판정; 직후 CAST는 서버가 보는 시전자 위치에 부착되어 계산 도착점과 일치가 보장되지 않음. 몬스터: dash_distance 분기 없이 즉시 시전자 중심 원형 판정 후 명중 시 CAST. L1 0207c85c05dd4c4eac12f9ee735d0545 animationclip/clip delay=0s duration=0.55s scale=0.75 offset=(-0.15,-0.15)wu drift=(0,0)wu/s; L2 79c9b3b094dd49eda90e80d178f0ff28 animationclip/clip delay=0.16s duration=0.65s scale=0.7 offset=(0.55,-0.12)wu drift=(0,0)wu/s",0 planned primary clip,0.80,false,8 frames × 0.10s; same 256×256 RGBA canvas,runtime offset=world unit; drift=world unit/s; art=pixel canvas; pivot=normalized,right-authored; role contract controls use,defense=false; attack based on player look/monster hit target,UNRESOLVED_IMPORT_PREVIEW,"(0.5,0.5) planned registration pivot; no autocrop/recenter",preserve current gameplay origin; final visual offset unresolved until labeled preview,"local build-up/impact only; layer drift, dash, projectile translation remain engine-owned",runtime_evidence/RUNTIME_CODE_EVIDENCE.md; ASSET_BINDING_PLAN.md,old layers remain KEEP until art approval; exact final scale/offset is not invented in INPUT,true,true,n/a,n/a,n/a,n/a,n/a,READY
area_02,m_wild_boar,s_mon_wild_boar,액티브,CURRENT_CAST_LAYER,layer_ruids,L1,0207c85c05dd4c4eac12f9ee735d0545,KEEP,none until approved replacement,layer_ruids,L1,caster,current layer recipe,current layer recipe,0,0.55,false,8 frames × 0.10s; same 256×256 RGBA canvas,runtime offset=world unit; drift=world unit/s; art=pixel canvas; pivot=normalized,engine FlipX by caster/target,SkillEffect.SpawnLayer,0.75,"(0.5,0.5) planned registration pivot; no autocrop/recenter","(-0.15,-0.15) world unit","engine drift (0,0) world unit/s",runtime_evidence/RUNTIME_CODE_EVIDENCE.md; ASSET_BINDING_PLAN.md,기존 리소스는 신규 아트 승인·반입 전까지 유지,false,true,n/a,n/a,n/a,n/a,n/a,READY
area_02,m_wild_boar,s_mon_wild_boar,액티브,CURRENT_CAST_LAYER,layer_ruids,L2,79c9b3b094dd49eda90e80d178f0ff28,KEEP,none until approved replacement,layer_ruids,L2,map entity spawned at caster position sampled when delayed SpawnLayer executes,current layer recipe,current layer recipe,0.16,0.65,false,8 frames × 0.10s; same 256×256 RGBA canvas,runtime offset=world unit; drift=world unit/s; art=pixel canvas; pivot=normalized,engine FlipX by caster/target,SkillEffect.SpawnLayer,0.7,"(0.5,0.5) planned registration pivot; no autocrop/recenter","(0.55,-0.12) world unit",position sampled at execution; after spawn map entity applies configured drift and does not follow caster,runtime_evidence/RUNTIME_CODE_EVIDENCE.md; ASSET_BINDING_PLAN.md,기존 리소스는 신규 아트 승인·반입 전까지 유지,false,true,n/a,n/a,n/a,n/a,n/a,READY
area_02,m_wild_boar,s_mon_wild_boar,액티브,ICON,icon_ruid,UI,b656b6744e204375a345782b5119aea2,REPLACE_PLANNED,ICON/icon.png 256×256 RGBA,icon_ruid,UI icon,UI,inventory/skill UI,not world VFX,n/a,static,false,8 frames × 0.10s; same 256×256 RGBA canvas,runtime offset=world unit; drift=world unit/s; art=pixel canvas; pivot=normalized,none,false,UI layout controlled,"(0.5,0.5) planned registration pivot; no autocrop/recenter",UI layout controlled,static centered motif,runtime_evidence/RUNTIME_CODE_EVIDENCE.md; ASSET_BINDING_PLAN.md,VFX와 색·질감 언어 일치; 몬스터 원본을 그대로 복사하지 않음,true,ui,n/a,n/a,n/a,n/a,n/a,READY
area_02,m_iron_hog,s_mon_iron_hog,패시브,REFERENCE_VFX,none,none,,REFERENCE_ONLY,VFX/F00... (preview/reference only),none,none,not runtime,inventory ownership applies stat; no CAST,no passive CAST path,n/a,preview only,false,6 frames × 0.10s; same 256×256 RGBA canvas,runtime offset=world unit; drift=world unit/s; art=pixel canvas; pivot=normalized,art reference only,n/a,n/a,"(0.5,0.5) planned registration pivot; no autocrop/recenter",n/a,reference animation only; never auto-import,runtime_evidence/RUNTIME_CODE_EVIDENCE.md; ASSET_BINDING_PLAN.md,현행 런타임 VFX 없음,true,false,n/a,n/a,n/a,n/a,n/a,READY
area_02,m_iron_hog,s_mon_iron_hog,패시브,ICON,icon_ruid,UI,da712fe9654b4ea2940cee669043bceb,REPLACE_PLANNED,ICON/icon.png 256×256 RGBA,icon_ruid,UI icon,UI,inventory/skill UI,not world VFX,n/a,static,false,6 frames × 0.10s; same 256×256 RGBA canvas,runtime offset=world unit; drift=world unit/s; art=pixel canvas; pivot=normalized,none,false,UI layout controlled,"(0.5,0.5) planned registration pivot; no autocrop/recenter",UI layout controlled,static centered motif,runtime_evidence/RUNTIME_CODE_EVIDENCE.md; ASSET_BINDING_PLAN.md,VFX와 색·질감 언어 일치; 몬스터 원본을 그대로 복사하지 않음,true,ui,n/a,n/a,n/a,n/a,n/a,READY
area_02,m_skeleton_commander,s_mon_skeleton_commander,액티브,CAST_VFX,layer_ruids,visual stack L1..L3,db2b67de20f5418cb7b5050ce0641df1|05113e9dc86448cb8581731824106d75|997628810df4448f9e534bc426d6794a,REPLACE_PLANNED,VFX/F00... -> accepted AnimationClip,layer_ruids,replace visual stack as one accepted primary clip; do not duplicate across old layers automatically,caster at PlayCast time,"플레이어: 즉시 시전자 중심 원형 피해 판정 후 CAST. 몬스터: 축소 반경의 시전자 중심 원형 판정이 실제 명중한 경우에만 CAST. CAST는 시전자 원점+h, 좌측 대상/시선이면 FlipX. L1 db2b67de20f5418cb7b5050ce0641df1 animationclip/clip delay=0s duration=0.58s scale=0.55 offset=(0,-0.08)wu drift=(0,0)wu/s; L2 05113e9dc86448cb8581731824106d75 animationclip/clip delay=0.1s duration=0.62s scale=0.75 offset=(-0.25,-0.05)wu drift=(0,0)wu/s; L3 997628810df4448f9e534bc426d6794a animationclip/clip delay=0.18s duration=0.5s scale=0.6 offset=(0.25,0)wu drift=(0,0)wu/s","플레이어: 즉시 시전자 중심 원형 피해 판정 후 CAST. 몬스터: 축소 반경의 시전자 중심 원형 판정이 실제 명중한 경우에만 CAST. CAST는 시전자 원점+h, 좌측 대상/시선이면 FlipX. L1 db2b67de20f5418cb7b5050ce0641df1 animationclip/clip delay=0s duration=0.58s scale=0.55 offset=(0,-0.08)wu drift=(0,0)wu/s; L2 05113e9dc86448cb8581731824106d75 animationclip/clip delay=0.1s duration=0.62s scale=0.75 offset=(-0.25,-0.05)wu drift=(0,0)wu/s; L3 997628810df4448f9e534bc426d6794a animationclip/clip delay=0.18s duration=0.5s scale=0.6 offset=(0.25,0)wu drift=(0,0)wu/s",0 planned primary clip,0.80,false,8 frames × 0.10s; same 384×384 RGBA canvas,runtime offset=world unit; drift=world unit/s; art=pixel canvas; pivot=normalized,right-authored; role contract controls use,defense=false; attack based on player look/monster hit target,UNRESOLVED_IMPORT_PREVIEW,"(0.5,0.5) planned registration pivot; no autocrop/recenter",preserve current gameplay origin; final visual offset unresolved until labeled preview,"local build-up/impact only; layer drift, dash, projectile translation remain engine-owned",runtime_evidence/RUNTIME_CODE_EVIDENCE.md; ASSET_BINDING_PLAN.md,old layers remain KEEP until art approval; exact final scale/offset is not invented in INPUT,true,true,n/a,n/a,n/a,n/a,n/a,READY
area_02,m_skeleton_commander,s_mon_skeleton_commander,액티브,CURRENT_CAST_LAYER,layer_ruids,L1,db2b67de20f5418cb7b5050ce0641df1,KEEP,none until approved replacement,layer_ruids,L1,caster,current layer recipe,current layer recipe,0,0.58,false,8 frames × 0.10s; same 384×384 RGBA canvas,runtime offset=world unit; drift=world unit/s; art=pixel canvas; pivot=normalized,engine FlipX by caster/target,SkillEffect.SpawnLayer,0.55,"(0.5,0.5) planned registration pivot; no autocrop/recenter","(0,-0.08) world unit","engine drift (0,0) world unit/s",runtime_evidence/RUNTIME_CODE_EVIDENCE.md; ASSET_BINDING_PLAN.md,기존 리소스는 신규 아트 승인·반입 전까지 유지,false,true,n/a,n/a,n/a,n/a,n/a,READY
area_02,m_skeleton_commander,s_mon_skeleton_commander,액티브,CURRENT_CAST_LAYER,layer_ruids,L2,05113e9dc86448cb8581731824106d75,KEEP,none until approved replacement,layer_ruids,L2,map entity spawned at caster position sampled when delayed SpawnLayer executes,current layer recipe,current layer recipe,0.1,0.62,false,8 frames × 0.10s; same 384×384 RGBA canvas,runtime offset=world unit; drift=world unit/s; art=pixel canvas; pivot=normalized,engine FlipX by caster/target,SkillEffect.SpawnLayer,0.75,"(0.5,0.5) planned registration pivot; no autocrop/recenter","(-0.25,-0.05) world unit",position sampled at execution; after spawn map entity applies configured drift and does not follow caster,runtime_evidence/RUNTIME_CODE_EVIDENCE.md; ASSET_BINDING_PLAN.md,기존 리소스는 신규 아트 승인·반입 전까지 유지,false,true,n/a,n/a,n/a,n/a,n/a,READY
area_02,m_skeleton_commander,s_mon_skeleton_commander,액티브,CURRENT_CAST_LAYER,layer_ruids,L3,997628810df4448f9e534bc426d6794a,KEEP,none until approved replacement,layer_ruids,L3,map entity spawned at caster position sampled when delayed SpawnLayer executes,current layer recipe,current layer recipe,0.18,0.5,false,8 frames × 0.10s; same 384×384 RGBA canvas,runtime offset=world unit; drift=world unit/s; art=pixel canvas; pivot=normalized,engine FlipX by caster/target,SkillEffect.SpawnLayer,0.6,"(0.5,0.5) planned registration pivot; no autocrop/recenter","(0.25,0) world unit",position sampled at execution; after spawn map entity applies configured drift and does not follow caster,runtime_evidence/RUNTIME_CODE_EVIDENCE.md; ASSET_BINDING_PLAN.md,기존 리소스는 신규 아트 승인·반입 전까지 유지,false,true,n/a,n/a,n/a,n/a,n/a,READY
area_02,m_skeleton_commander,s_mon_skeleton_commander,액티브,ICON,icon_ruid,UI,637abac61bd14f788b157d6aaf1fa08f,REPLACE_PLANNED,ICON/icon.png 256×256 RGBA,icon_ruid,UI icon,UI,inventory/skill UI,not world VFX,n/a,static,false,8 frames × 0.10s; same 384×384 RGBA canvas,runtime offset=world unit; drift=world unit/s; art=pixel canvas; pivot=normalized,none,false,UI layout controlled,"(0.5,0.5) planned registration pivot; no autocrop/recenter",UI layout controlled,static centered motif,runtime_evidence/RUNTIME_CODE_EVIDENCE.md; ASSET_BINDING_PLAN.md,VFX와 색·질감 언어 일치; 몬스터 원본을 그대로 복사하지 않음,true,ui,n/a,n/a,n/a,n/a,n/a,READY
area_02,m_fire_boar,s_mon_fire_boar,액티브,CAST_VFX,layer_ruids,visual stack L1..L2,0207c85c05dd4c4eac12f9ee735d0545|a610b14bbc55477cbc78777a5a2e7ed1,REPLACE_PLANNED,VFX/F00... -> accepted AnimationClip,layer_ruids,replace visual stack as one accepted primary clip; do not duplicate across old layers automatically,caster at PlayCast time,"플레이어: 즉시 시전자 중심 원형 피해 판정 후 CAST. 몬스터: 축소 반경의 시전자 중심 원형 판정이 실제 명중한 경우에만 CAST. CAST는 시전자 원점+h, 좌측 대상/시선이면 FlipX. L1 0207c85c05dd4c4eac12f9ee735d0545 animationclip/clip delay=0s duration=0.52s scale=0.45 offset=(-0.15,-0.15)wu drift=(0,0)wu/s; L2 a610b14bbc55477cbc78777a5a2e7ed1 animationclip/clip delay=0.1s duration=0.7s scale=0.95 offset=(0.25,0)wu drift=(0,0)wu/s","플레이어: 즉시 시전자 중심 원형 피해 판정 후 CAST. 몬스터: 축소 반경의 시전자 중심 원형 판정이 실제 명중한 경우에만 CAST. CAST는 시전자 원점+h, 좌측 대상/시선이면 FlipX. L1 0207c85c05dd4c4eac12f9ee735d0545 animationclip/clip delay=0s duration=0.52s scale=0.45 offset=(-0.15,-0.15)wu drift=(0,0)wu/s; L2 a610b14bbc55477cbc78777a5a2e7ed1 animationclip/clip delay=0.1s duration=0.7s scale=0.95 offset=(0.25,0)wu drift=(0,0)wu/s",0 planned primary clip,0.80,false,8 frames × 0.10s; same 384×384 RGBA canvas,runtime offset=world unit; drift=world unit/s; art=pixel canvas; pivot=normalized,right-authored; role contract controls use,defense=false; attack based on player look/monster hit target,UNRESOLVED_IMPORT_PREVIEW,"(0.5,0.5) planned registration pivot; no autocrop/recenter",preserve current gameplay origin; final visual offset unresolved until labeled preview,"local build-up/impact only; layer drift, dash, projectile translation remain engine-owned",runtime_evidence/RUNTIME_CODE_EVIDENCE.md; ASSET_BINDING_PLAN.md,old layers remain KEEP until art approval; exact final scale/offset is not invented in INPUT,true,true,n/a,n/a,n/a,n/a,n/a,READY
area_02,m_fire_boar,s_mon_fire_boar,액티브,CURRENT_CAST_LAYER,layer_ruids,L1,0207c85c05dd4c4eac12f9ee735d0545,KEEP,none until approved replacement,layer_ruids,L1,caster,current layer recipe,current layer recipe,0,0.52,false,8 frames × 0.10s; same 384×384 RGBA canvas,runtime offset=world unit; drift=world unit/s; art=pixel canvas; pivot=normalized,engine FlipX by caster/target,SkillEffect.SpawnLayer,0.45,"(0.5,0.5) planned registration pivot; no autocrop/recenter","(-0.15,-0.15) world unit","engine drift (0,0) world unit/s",runtime_evidence/RUNTIME_CODE_EVIDENCE.md; ASSET_BINDING_PLAN.md,기존 리소스는 신규 아트 승인·반입 전까지 유지,false,true,n/a,n/a,n/a,n/a,n/a,READY
area_02,m_fire_boar,s_mon_fire_boar,액티브,CURRENT_CAST_LAYER,layer_ruids,L2,a610b14bbc55477cbc78777a5a2e7ed1,KEEP,none until approved replacement,layer_ruids,L2,map entity spawned at caster position sampled when delayed SpawnLayer executes,current layer recipe,current layer recipe,0.1,0.7,false,8 frames × 0.10s; same 384×384 RGBA canvas,runtime offset=world unit; drift=world unit/s; art=pixel canvas; pivot=normalized,engine FlipX by caster/target,SkillEffect.SpawnLayer,0.95,"(0.5,0.5) planned registration pivot; no autocrop/recenter","(0.25,0) world unit",position sampled at execution; after spawn map entity applies configured drift and does not follow caster,runtime_evidence/RUNTIME_CODE_EVIDENCE.md; ASSET_BINDING_PLAN.md,기존 리소스는 신규 아트 승인·반입 전까지 유지,false,true,n/a,n/a,n/a,n/a,n/a,READY
area_02,m_fire_boar,s_mon_fire_boar,액티브,ICON,icon_ruid,UI,f960bb921fb44bea91c95ea6b95f1d85,REPLACE_PLANNED,ICON/icon.png 256×256 RGBA,icon_ruid,UI icon,UI,inventory/skill UI,not world VFX,n/a,static,false,8 frames × 0.10s; same 384×384 RGBA canvas,runtime offset=world unit; drift=world unit/s; art=pixel canvas; pivot=normalized,none,false,UI layout controlled,"(0.5,0.5) planned registration pivot; no autocrop/recenter",UI layout controlled,static centered motif,runtime_evidence/RUNTIME_CODE_EVIDENCE.md; ASSET_BINDING_PLAN.md,VFX와 색·질감 언어 일치; 몬스터 원본을 그대로 복사하지 않음,true,ui,n/a,n/a,n/a,n/a,n/a,READY
area_02,m_stumpy,s_mon_stumpy,액티브,PROJECTILE,projectile_ruid,moving entity sprite,c6b3f052e977479ea5ad5329ce0981ca,REPLACE_PLANNED,PROJECTILE/F00.png...F03.png -> accepted AnimationClip,projectile_ruid,SkillProjectile SpriteRenderer,moving projectile entity,engine moves toward aimed/nearest target then hit at arrival,engine moves toward player then hit at arrival,0,0.35 entity lifetime; 0.32 art playback,false,4 frames × 0.08s = 0.32s one-shot; 0.03s lifetime margin,runtime offset=world unit; drift=world unit/s; art=pixel canvas; pivot=normalized,engine translation + ZRotation only; art direction-neutral,none in actual PROJECTILE path,current model/preview check at import,"(0.5,0.5) planned registration pivot; no autocrop/recenter",spawn at caster + skill_effect_height,frames animate local form only; engine owns translation and ZRotation,runtime_evidence/RUNTIME_CODE_EVIDENCE.md; ASSET_BINDING_PLAN.md,CAST fields absent; PROJECTILE+ICON only. Import must author non-loop clip at 0.08s/frame; runtime not run in V2.2.,true,true,5,3.335,0.8,0.35,unlimited,READY
area_02,m_stumpy,s_mon_stumpy,액티브,ICON,icon_ruid,UI,383249b0f9254764aa758b1bcc9bfee9,REPLACE_PLANNED,ICON/icon.png 256×256 RGBA,icon_ruid,UI icon,UI,inventory/skill UI,not world VFX,n/a,static,false,12 frames × 0.08s; same 512×512 RGBA canvas,runtime offset=world unit; drift=world unit/s; art=pixel canvas; pivot=normalized,none,false,UI layout controlled,"(0.5,0.5) planned registration pivot; no autocrop/recenter",UI layout controlled,static centered motif,runtime_evidence/RUNTIME_CODE_EVIDENCE.md; ASSET_BINDING_PLAN.md,VFX와 색·질감 언어 일치; 몬스터 원본을 그대로 복사하지 않음,true,ui,5,3.335,0.8,0.35,unlimited,READY
area_03,m_slime,s_mon_slime,액티브,APPROVED_REUSE_CAST_VFX+ICON,layer_ruids|icon_ruid,approved single layer,0ea4bec10d4c43f3aaded74dec60ca44|79543e5ad88d423ba676e55d69aa432c,APPROVED_REUSE,approved_reuse/AREA_00/* (byte-identical),layer_ruids|icon_ruid,approved mapping only,caster,AREA 00 report: left/right playback verified,AREA 00 report: monster caster playback verified,0,0.8,false,8 frames × 0.10s; same 256×256 RGBA canvas,runtime offset=world unit; drift=world unit/s; art=pixel canvas; pivot=normalized,approved left/right behavior,approved runtime behavior,1,"(0.5,0.5) planned registration pivot; no autocrop/recenter","(0,0) approved",approved frames preserved; no regeneration,runtime_evidence/RUNTIME_CODE_EVIDENCE.md; ASSET_BINDING_PLAN.md,신규 생성 금지; reuse manifest SHA must match,false,true,n/a,n/a,n/a,n/a,n/a,READY
area_03,m_dark_stump,s_mon_dark_stump,버프,SELF_BUFF_CAST_VFX,layer_ruids,visual stack L1..L2,a77ea54c400e4b56a44ed05091a0ae53|566b0886b4cf4f3997a29ecd3a1954b5,REPLACE_PLANNED,VFX/F00... -> accepted AnimationClip,layer_ruids,replace visual stack as one accepted primary clip; do not duplicate across old layers automatically,caster at PlayCast time,"플레이어/몬스터 모두 자기 자신에게 효과 적용 성공 후 시전자 원점+h에 CAST 재생, FlipX 없음. L1 a77ea54c400e4b56a44ed05091a0ae53 animationclip/clip delay=0s duration=0.75s scale=0.7 offset=(0,0)wu drift=(0,0)wu/s; L2 566b0886b4cf4f3997a29ecd3a1954b5 animationclip/clip delay=0.1s duration=0.75s scale=0.55 offset=(0,0)wu drift=(0,0)wu/s","플레이어/몬스터 모두 자기 자신에게 효과 적용 성공 후 시전자 원점+h에 CAST 재생, FlipX 없음. L1 a77ea54c400e4b56a44ed05091a0ae53 animationclip/clip delay=0s duration=0.75s scale=0.7 offset=(0,0)wu drift=(0,0)wu/s; L2 566b0886b4cf4f3997a29ecd3a1954b5 animationclip/clip delay=0.1s duration=0.75s scale=0.55 offset=(0,0)wu drift=(0,0)wu/s",0 planned primary clip,0.80,false,8 frames × 0.10s; same 256×256 RGBA canvas,runtime offset=world unit; drift=world unit/s; art=pixel canvas; pivot=normalized,right-authored; role contract controls use,defense=false; attack based on player look/monster hit target,UNRESOLVED_IMPORT_PREVIEW,"(0.5,0.5) planned registration pivot; no autocrop/recenter",preserve current gameplay origin; final visual offset unresolved until labeled preview,"local build-up/impact only; layer drift, dash, projectile translation remain engine-owned",runtime_evidence/RUNTIME_CODE_EVIDENCE.md; ASSET_BINDING_PLAN.md,old layers remain KEEP until art approval; exact final scale/offset is not invented in INPUT,true,true,n/a,n/a,n/a,n/a,n/a,READY
area_03,m_dark_stump,s_mon_dark_stump,버프,CURRENT_CAST_LAYER,layer_ruids,L1,a77ea54c400e4b56a44ed05091a0ae53,KEEP,none until approved replacement,layer_ruids,L1,caster,current layer recipe,current layer recipe,0,0.75,false,8 frames × 0.10s; same 256×256 RGBA canvas,runtime offset=world unit; drift=world unit/s; art=pixel canvas; pivot=normalized,engine FlipX by caster/target,SkillEffect.SpawnLayer,0.7,"(0.5,0.5) planned registration pivot; no autocrop/recenter","(0,0) world unit","engine drift (0,0) world unit/s",runtime_evidence/RUNTIME_CODE_EVIDENCE.md; ASSET_BINDING_PLAN.md,기존 리소스는 신규 아트 승인·반입 전까지 유지,false,true,n/a,n/a,n/a,n/a,n/a,READY
area_03,m_dark_stump,s_mon_dark_stump,버프,CURRENT_CAST_LAYER,layer_ruids,L2,566b0886b4cf4f3997a29ecd3a1954b5,KEEP,none until approved replacement,layer_ruids,L2,map entity spawned at caster position sampled when delayed SpawnLayer executes,current layer recipe,current layer recipe,0.1,0.75,false,8 frames × 0.10s; same 256×256 RGBA canvas,runtime offset=world unit; drift=world unit/s; art=pixel canvas; pivot=normalized,engine FlipX by caster/target,SkillEffect.SpawnLayer,0.55,"(0.5,0.5) planned registration pivot; no autocrop/recenter","(0,0) world unit",position sampled at execution; after spawn map entity applies configured drift and does not follow caster,runtime_evidence/RUNTIME_CODE_EVIDENCE.md; ASSET_BINDING_PLAN.md,기존 리소스는 신규 아트 승인·반입 전까지 유지,false,true,n/a,n/a,n/a,n/a,n/a,READY
area_03,m_dark_stump,s_mon_dark_stump,버프,ICON,icon_ruid,UI,8061aa7a332b4e7ba783b3cd582ebb4b,REPLACE_PLANNED,ICON/icon.png 256×256 RGBA,icon_ruid,UI icon,UI,inventory/skill UI,not world VFX,n/a,static,false,8 frames × 0.10s; same 256×256 RGBA canvas,runtime offset=world unit; drift=world unit/s; art=pixel canvas; pivot=normalized,none,false,UI layout controlled,"(0.5,0.5) planned registration pivot; no autocrop/recenter",UI layout controlled,static centered motif,runtime_evidence/RUNTIME_CODE_EVIDENCE.md; ASSET_BINDING_PLAN.md,VFX와 색·질감 언어 일치; 몬스터 원본을 그대로 복사하지 않음,true,ui,n/a,n/a,n/a,n/a,n/a,READY
area_03,m_bubbling,s_mon_bubbling,패시브,REFERENCE_VFX,none,none,,REFERENCE_ONLY,VFX/F00... (preview/reference only),none,none,not runtime,inventory ownership applies stat; no CAST,no passive CAST path,n/a,preview only,false,6 frames × 0.10s; same 256×256 RGBA canvas,runtime offset=world unit; drift=world unit/s; art=pixel canvas; pivot=normalized,art reference only,n/a,n/a,"(0.5,0.5) planned registration pivot; no autocrop/recenter",n/a,reference animation only; never auto-import,runtime_evidence/RUNTIME_CODE_EVIDENCE.md; ASSET_BINDING_PLAN.md,현행 런타임 VFX 없음,true,false,n/a,n/a,n/a,n/a,n/a,READY
area_03,m_bubbling,s_mon_bubbling,패시브,ICON,icon_ruid,UI,572a7a12dcb449bcb0582fc2ccf5be07,REPLACE_PLANNED,ICON/icon.png 256×256 RGBA,icon_ruid,UI icon,UI,inventory/skill UI,not world VFX,n/a,static,false,6 frames × 0.10s; same 256×256 RGBA canvas,runtime offset=world unit; drift=world unit/s; art=pixel canvas; pivot=normalized,none,false,UI layout controlled,"(0.5,0.5) planned registration pivot; no autocrop/recenter",UI layout controlled,static centered motif,runtime_evidence/RUNTIME_CODE_EVIDENCE.md; ASSET_BINDING_PLAN.md,VFX와 색·질감 언어 일치; 몬스터 원본을 그대로 복사하지 않음,true,ui,n/a,n/a,n/a,n/a,n/a,READY
area_03,m_fairy,s_mon_fairy,액티브,CAST_VFX,layer_ruids,visual stack L1..L2,9defa2b61ad94ae3bc50d707979770e6|9defa2b61ad94ae3bc50d707979770e6,REPLACE_PLANNED,VFX/F00... -> accepted AnimationClip,layer_ruids,replace visual stack as one accepted primary clip; do not duplicate across old layers automatically,caster at PlayCast time,"플레이어: 즉시 시전자 중심 원형 피해 판정 후 CAST. 몬스터: 축소 반경의 시전자 중심 원형 판정이 실제 명중한 경우에만 CAST. CAST는 시전자 원점+h, 좌측 대상/시선이면 FlipX. L1 9defa2b61ad94ae3bc50d707979770e6 animationclip/clip delay=0s duration=0.65s scale=0.42 offset=(-0.14,0.1)wu drift=(-0.12,0)wu/s; L2 9defa2b61ad94ae3bc50d707979770e6 animationclip/clip delay=0.12s duration=0.9s scale=0.7 offset=(0.14,0.15)wu drift=(0.12,0)wu/s","플레이어: 즉시 시전자 중심 원형 피해 판정 후 CAST. 몬스터: 축소 반경의 시전자 중심 원형 판정이 실제 명중한 경우에만 CAST. CAST는 시전자 원점+h, 좌측 대상/시선이면 FlipX. L1 9defa2b61ad94ae3bc50d707979770e6 animationclip/clip delay=0s duration=0.65s scale=0.42 offset=(-0.14,0.1)wu drift=(-0.12,0)wu/s; L2 9defa2b61ad94ae3bc50d707979770e6 animationclip/clip delay=0.12s duration=0.9s scale=0.7 offset=(0.14,0.15)wu drift=(0.12,0)wu/s",0 planned primary clip,0.80,false,8 frames × 0.10s; same 384×384 RGBA canvas,runtime offset=world unit; drift=world unit/s; art=pixel canvas; pivot=normalized,right-authored; role contract controls use,defense=false; attack based on player look/monster hit target,UNRESOLVED_IMPORT_PREVIEW,"(0.5,0.5) planned registration pivot; no autocrop/recenter",preserve current gameplay origin; final visual offset unresolved until labeled preview,"local build-up/impact only; layer drift, dash, projectile translation remain engine-owned",runtime_evidence/RUNTIME_CODE_EVIDENCE.md; ASSET_BINDING_PLAN.md,old layers remain KEEP until art approval; exact final scale/offset is not invented in INPUT,true,true,n/a,n/a,n/a,n/a,n/a,READY
area_03,m_fairy,s_mon_fairy,액티브,CURRENT_CAST_LAYER,layer_ruids,L1,9defa2b61ad94ae3bc50d707979770e6,KEEP,none until approved replacement,layer_ruids,L1,caster,current layer recipe,current layer recipe,0,0.65,false,8 frames × 0.10s; same 384×384 RGBA canvas,runtime offset=world unit; drift=world unit/s; art=pixel canvas; pivot=normalized,engine FlipX by caster/target,SkillEffect.SpawnLayer,0.42,"(0.5,0.5) planned registration pivot; no autocrop/recenter","(-0.14,0.1) world unit","engine drift (-0.12,0) world unit/s",runtime_evidence/RUNTIME_CODE_EVIDENCE.md; ASSET_BINDING_PLAN.md,기존 리소스는 신규 아트 승인·반입 전까지 유지,false,true,n/a,n/a,n/a,n/a,n/a,READY
area_03,m_fairy,s_mon_fairy,액티브,CURRENT_CAST_LAYER,layer_ruids,L2,9defa2b61ad94ae3bc50d707979770e6,KEEP,none until approved replacement,layer_ruids,L2,map entity spawned at caster position sampled when delayed SpawnLayer executes,current layer recipe,current layer recipe,0.12,0.9,false,8 frames × 0.10s; same 384×384 RGBA canvas,runtime offset=world unit; drift=world unit/s; art=pixel canvas; pivot=normalized,engine FlipX by caster/target,SkillEffect.SpawnLayer,0.7,"(0.5,0.5) planned registration pivot; no autocrop/recenter","(0.14,0.15) world unit",position sampled at execution; after spawn map entity applies configured drift and does not follow caster,runtime_evidence/RUNTIME_CODE_EVIDENCE.md; ASSET_BINDING_PLAN.md,기존 리소스는 신규 아트 승인·반입 전까지 유지,false,true,n/a,n/a,n/a,n/a,n/a,READY
area_03,m_fairy,s_mon_fairy,액티브,ICON,icon_ruid,UI,5f5ebe88b8f2426195c793b3440012e4,REPLACE_PLANNED,ICON/icon.png 256×256 RGBA,icon_ruid,UI icon,UI,inventory/skill UI,not world VFX,n/a,static,false,8 frames × 0.10s; same 384×384 RGBA canvas,runtime offset=world unit; drift=world unit/s; art=pixel canvas; pivot=normalized,none,false,UI layout controlled,"(0.5,0.5) planned registration pivot; no autocrop/recenter",UI layout controlled,static centered motif,runtime_evidence/RUNTIME_CODE_EVIDENCE.md; ASSET_BINDING_PLAN.md,VFX와 색·질감 언어 일치; 몬스터 원본을 그대로 복사하지 않음,true,ui,n/a,n/a,n/a,n/a,n/a,READY
area_03,m_faust,s_mon_faust,액티브,CAST_VFX,layer_ruids,visual stack L1..L2,22444db0645d47f48f300f36b3d90e4b|9051254fb84a4a898f3d99a213a896ec,REPLACE_PLANNED,VFX/F00... -> accepted AnimationClip,layer_ruids,replace visual stack as one accepted primary clip; do not duplicate across old layers automatically,caster at PlayCast time,"CAST는 시전자 원점+h에서 재생하고 projectile_ruid 49b21aaa1d574ba787149841a31bf1a5는 엔진이 목표까지 0.35초 이동·회전. 피해는 도착 타이머 뒤 착탄점에서 판정. L1 22444db0645d47f48f300f36b3d90e4b animationclip/clip delay=0s duration=0.9s scale=0.55 offset=(0,0.1)wu drift=(0,0)wu/s; L2 9051254fb84a4a898f3d99a213a896ec animationclip/clip delay=0.18s duration=0.75s scale=0.7 offset=(0,0.05)wu drift=(0,0)wu/s","CAST는 시전자 원점+h에서 재생하고 projectile_ruid 49b21aaa1d574ba787149841a31bf1a5는 엔진이 목표까지 0.35초 이동·회전. 피해는 도착 타이머 뒤 착탄점에서 판정. L1 22444db0645d47f48f300f36b3d90e4b animationclip/clip delay=0s duration=0.9s scale=0.55 offset=(0,0.1)wu drift=(0,0)wu/s; L2 9051254fb84a4a898f3d99a213a896ec animationclip/clip delay=0.18s duration=0.75s scale=0.7 offset=(0,0.05)wu drift=(0,0)wu/s",0 planned primary clip,0.96,false,12 frames × 0.08s; same 512×512 RGBA canvas,runtime offset=world unit; drift=world unit/s; art=pixel canvas; pivot=normalized,right-authored; role contract controls use,defense=false; attack based on player look/monster hit target,UNRESOLVED_IMPORT_PREVIEW,"(0.5,0.5) planned registration pivot; no autocrop/recenter",preserve current gameplay origin; final visual offset unresolved until labeled preview,"local build-up/impact only; layer drift, dash, projectile translation remain engine-owned",runtime_evidence/RUNTIME_CODE_EVIDENCE.md; ASSET_BINDING_PLAN.md,old layers remain KEEP until art approval; exact final scale/offset is not invented in INPUT,true,true,4,2.668,0.8,0.35,unlimited,READY
area_03,m_faust,s_mon_faust,액티브,CURRENT_CAST_LAYER,layer_ruids,L1,22444db0645d47f48f300f36b3d90e4b,KEEP,none until approved replacement,layer_ruids,L1,caster,current layer recipe,current layer recipe,0,0.9,false,12 frames × 0.08s; same 512×512 RGBA canvas,runtime offset=world unit; drift=world unit/s; art=pixel canvas; pivot=normalized,engine FlipX by caster/target,SkillEffect.SpawnLayer,0.55,"(0.5,0.5) planned registration pivot; no autocrop/recenter","(0,0.1) world unit","engine drift (0,0) world unit/s",runtime_evidence/RUNTIME_CODE_EVIDENCE.md; ASSET_BINDING_PLAN.md,기존 리소스는 신규 아트 승인·반입 전까지 유지,false,true,4,2.668,0.8,0.35,unlimited,READY
area_03,m_faust,s_mon_faust,액티브,CURRENT_CAST_LAYER,layer_ruids,L2,9051254fb84a4a898f3d99a213a896ec,KEEP,none until approved replacement,layer_ruids,L2,map entity spawned at caster position sampled when delayed SpawnLayer executes,current layer recipe,current layer recipe,0.18,0.75,false,12 frames × 0.08s; same 512×512 RGBA canvas,runtime offset=world unit; drift=world unit/s; art=pixel canvas; pivot=normalized,engine FlipX by caster/target,SkillEffect.SpawnLayer,0.7,"(0.5,0.5) planned registration pivot; no autocrop/recenter","(0,0.05) world unit",position sampled at execution; after spawn map entity applies configured drift and does not follow caster,runtime_evidence/RUNTIME_CODE_EVIDENCE.md; ASSET_BINDING_PLAN.md,기존 리소스는 신규 아트 승인·반입 전까지 유지,false,true,4,2.668,0.8,0.35,unlimited,READY
area_03,m_faust,s_mon_faust,액티브,PROJECTILE,projectile_ruid,moving entity sprite,49b21aaa1d574ba787149841a31bf1a5,KEEP,none in required V2.1 scope,projectile_ruid,SkillProjectile SpriteRenderer,moving projectile entity,engine travel then arrival hit,engine travel then arrival hit,0,0.35,false,12 frames × 0.08s; same 512×512 RGBA canvas,runtime offset=world unit; drift=world unit/s; art=pixel canvas; pivot=normalized,engine translation + ZRotation only,none in actual PROJECTILE path,current,"(0.5,0.5) planned registration pivot; no autocrop/recenter",caster/target + skill_effect_height,engine owns translation/spin; existing projectile art retained,runtime_evidence/RUNTIME_CODE_EVIDENCE.md; ASSET_BINDING_PLAN.md,KEEP: existing projectile art remains outside required V2.2 generation scope; additional approval required to replace,false,true,4,2.668,0.8,0.35,unlimited,READY
area_03,m_faust,s_mon_faust,액티브,ICON,icon_ruid,UI,c07ed26000af460a8438a3486e16f3ec,REPLACE_PLANNED,ICON/icon.png 256×256 RGBA,icon_ruid,UI icon,UI,inventory/skill UI,not world VFX,n/a,static,false,12 frames × 0.08s; same 512×512 RGBA canvas,runtime offset=world unit; drift=world unit/s; art=pixel canvas; pivot=normalized,none,false,UI layout controlled,"(0.5,0.5) planned registration pivot; no autocrop/recenter",UI layout controlled,static centered motif,runtime_evidence/RUNTIME_CODE_EVIDENCE.md; ASSET_BINDING_PLAN.md,VFX와 색·질감 언어 일치; 몬스터 원본을 그대로 복사하지 않음,true,ui,4,2.668,0.8,0.35,unlimited,READY
area_04,m_octopus,s_mon_octopus,액티브,CAST_VFX,layer_ruids,visual stack L1..L2,69656381a8e04edcbb8a2c8599567ab3|544b4092b87a41948b74e6645d530b88,REPLACE_PLANNED,VFX/F00... -> accepted AnimationClip,layer_ruids,replace visual stack as one accepted primary clip; do not duplicate across old layers automatically,caster at PlayCast time,"플레이어: 즉시 시전자 중심 원형 피해 판정 후 CAST. 몬스터: 축소 반경의 시전자 중심 원형 판정이 실제 명중한 경우에만 CAST. CAST는 시전자 원점+h, 좌측 대상/시선이면 FlipX. L1 69656381a8e04edcbb8a2c8599567ab3 animationclip/clip delay=0s duration=0.6s scale=0.62 offset=(0,0.02)wu drift=(0,0)wu/s; L2 544b4092b87a41948b74e6645d530b88 animationclip/clip delay=0.1s duration=0.75s scale=0.72 offset=(0,0.05)wu drift=(0,0)wu/s","플레이어: 즉시 시전자 중심 원형 피해 판정 후 CAST. 몬스터: 축소 반경의 시전자 중심 원형 판정이 실제 명중한 경우에만 CAST. CAST는 시전자 원점+h, 좌측 대상/시선이면 FlipX. L1 69656381a8e04edcbb8a2c8599567ab3 animationclip/clip delay=0s duration=0.6s scale=0.62 offset=(0,0.02)wu drift=(0,0)wu/s; L2 544b4092b87a41948b74e6645d530b88 animationclip/clip delay=0.1s duration=0.75s scale=0.72 offset=(0,0.05)wu drift=(0,0)wu/s",0 planned primary clip,0.80,false,8 frames × 0.10s; same 384×384 RGBA canvas,runtime offset=world unit; drift=world unit/s; art=pixel canvas; pivot=normalized,right-authored; role contract controls use,defense=false; attack based on player look/monster hit target,UNRESOLVED_IMPORT_PREVIEW,"(0.5,0.5) planned registration pivot; no autocrop/recenter",preserve current gameplay origin; final visual offset unresolved until labeled preview,"local build-up/impact only; layer drift, dash, projectile translation remain engine-owned",runtime_evidence/RUNTIME_CODE_EVIDENCE.md; ASSET_BINDING_PLAN.md,old layers remain KEEP until art approval; exact final scale/offset is not invented in INPUT,true,true,n/a,n/a,n/a,n/a,n/a,READY
area_04,m_octopus,s_mon_octopus,액티브,CURRENT_CAST_LAYER,layer_ruids,L1,69656381a8e04edcbb8a2c8599567ab3,KEEP,none until approved replacement,layer_ruids,L1,caster,current layer recipe,current layer recipe,0,0.6,false,8 frames × 0.10s; same 384×384 RGBA canvas,runtime offset=world unit; drift=world unit/s; art=pixel canvas; pivot=normalized,engine FlipX by caster/target,SkillEffect.SpawnLayer,0.62,"(0.5,0.5) planned registration pivot; no autocrop/recenter","(0,0.02) world unit","engine drift (0,0) world unit/s",runtime_evidence/RUNTIME_CODE_EVIDENCE.md; ASSET_BINDING_PLAN.md,기존 리소스는 신규 아트 승인·반입 전까지 유지,false,true,n/a,n/a,n/a,n/a,n/a,READY
area_04,m_octopus,s_mon_octopus,액티브,CURRENT_CAST_LAYER,layer_ruids,L2,544b4092b87a41948b74e6645d530b88,KEEP,none until approved replacement,layer_ruids,L2,map entity spawned at caster position sampled when delayed SpawnLayer executes,current layer recipe,current layer recipe,0.1,0.75,false,8 frames × 0.10s; same 384×384 RGBA canvas,runtime offset=world unit; drift=world unit/s; art=pixel canvas; pivot=normalized,engine FlipX by caster/target,SkillEffect.SpawnLayer,0.72,"(0.5,0.5) planned registration pivot; no autocrop/recenter","(0,0.05) world unit",position sampled at execution; after spawn map entity applies configured drift and does not follow caster,runtime_evidence/RUNTIME_CODE_EVIDENCE.md; ASSET_BINDING_PLAN.md,기존 리소스는 신규 아트 승인·반입 전까지 유지,false,true,n/a,n/a,n/a,n/a,n/a,READY
area_04,m_octopus,s_mon_octopus,액티브,ICON,icon_ruid,UI,0af9fd3ccfb540799043da5e580aebbd,REPLACE_PLANNED,ICON/icon.png 256×256 RGBA,icon_ruid,UI icon,UI,inventory/skill UI,not world VFX,n/a,static,false,8 frames × 0.10s; same 384×384 RGBA canvas,runtime offset=world unit; drift=world unit/s; art=pixel canvas; pivot=normalized,none,false,UI layout controlled,"(0.5,0.5) planned registration pivot; no autocrop/recenter",UI layout controlled,static centered motif,runtime_evidence/RUNTIME_CODE_EVIDENCE.md; ASSET_BINDING_PLAN.md,VFX와 색·질감 언어 일치; 몬스터 원본을 그대로 복사하지 않음,true,ui,n/a,n/a,n/a,n/a,n/a,READY
area_04,m_stirge,s_mon_stirge,패시브,REFERENCE_VFX,none,none,,REFERENCE_ONLY,VFX/F00... (preview/reference only),none,none,not runtime,inventory ownership applies stat; no CAST,no passive CAST path,n/a,preview only,false,6 frames × 0.10s; same 256×256 RGBA canvas,runtime offset=world unit; drift=world unit/s; art=pixel canvas; pivot=normalized,art reference only,n/a,n/a,"(0.5,0.5) planned registration pivot; no autocrop/recenter",n/a,reference animation only; never auto-import,runtime_evidence/RUNTIME_CODE_EVIDENCE.md; ASSET_BINDING_PLAN.md,현행 런타임 VFX 없음,true,false,n/a,n/a,n/a,n/a,n/a,READY
area_04,m_stirge,s_mon_stirge,패시브,ICON,icon_ruid,UI,dcfc97ad90e146d08a46225082ae590b,REPLACE_PLANNED,ICON/icon.png 256×256 RGBA,icon_ruid,UI icon,UI,inventory/skill UI,not world VFX,n/a,static,false,6 frames × 0.10s; same 256×256 RGBA canvas,runtime offset=world unit; drift=world unit/s; art=pixel canvas; pivot=normalized,none,false,UI layout controlled,"(0.5,0.5) planned registration pivot; no autocrop/recenter",UI layout controlled,static centered motif,runtime_evidence/RUNTIME_CODE_EVIDENCE.md; ASSET_BINDING_PLAN.md,VFX와 색·질감 언어 일치; 몬스터 원본을 그대로 복사하지 않음,true,ui,n/a,n/a,n/a,n/a,n/a,READY
area_04,m_jr_wraith,s_mon_jr_wraith,액티브,CAST_VFX,layer_ruids,visual stack L1..L2,c4f8dce4ee2745cda0f211514605261b|01dbde634dd944e685b45727289bd9b8,REPLACE_PLANNED,VFX/F00... -> accepted AnimationClip,layer_ruids,replace visual stack as one accepted primary clip; do not duplicate across old layers automatically,caster at PlayCast time,"플레이어: 즉시 시전자 중심 원형 피해 판정 후 CAST. 몬스터: 축소 반경의 시전자 중심 원형 판정이 실제 명중한 경우에만 CAST. CAST는 시전자 원점+h, 좌측 대상/시선이면 FlipX. L1 c4f8dce4ee2745cda0f211514605261b animationclip/clip delay=0s duration=0.62s scale=0.6 offset=(0,0.08)wu drift=(0,0)wu/s; L2 01dbde634dd944e685b45727289bd9b8 animationclip/clip delay=0.12s duration=0.75s scale=0.75 offset=(0,0.05)wu drift=(0,0)wu/s","플레이어: 즉시 시전자 중심 원형 피해 판정 후 CAST. 몬스터: 축소 반경의 시전자 중심 원형 판정이 실제 명중한 경우에만 CAST. CAST는 시전자 원점+h, 좌측 대상/시선이면 FlipX. L1 c4f8dce4ee2745cda0f211514605261b animationclip/clip delay=0s duration=0.62s scale=0.6 offset=(0,0.08)wu drift=(0,0)wu/s; L2 01dbde634dd944e685b45727289bd9b8 animationclip/clip delay=0.12s duration=0.75s scale=0.75 offset=(0,0.05)wu drift=(0,0)wu/s",0 planned primary clip,0.80,false,8 frames × 0.10s; same 384×384 RGBA canvas,runtime offset=world unit; drift=world unit/s; art=pixel canvas; pivot=normalized,right-authored; role contract controls use,defense=false; attack based on player look/monster hit target,UNRESOLVED_IMPORT_PREVIEW,"(0.5,0.5) planned registration pivot; no autocrop/recenter",preserve current gameplay origin; final visual offset unresolved until labeled preview,"local build-up/impact only; layer drift, dash, projectile translation remain engine-owned",runtime_evidence/RUNTIME_CODE_EVIDENCE.md; ASSET_BINDING_PLAN.md,old layers remain KEEP until art approval; exact final scale/offset is not invented in INPUT,true,true,n/a,n/a,n/a,n/a,n/a,READY
area_04,m_jr_wraith,s_mon_jr_wraith,액티브,CURRENT_CAST_LAYER,layer_ruids,L1,c4f8dce4ee2745cda0f211514605261b,KEEP,none until approved replacement,layer_ruids,L1,caster,current layer recipe,current layer recipe,0,0.62,false,8 frames × 0.10s; same 384×384 RGBA canvas,runtime offset=world unit; drift=world unit/s; art=pixel canvas; pivot=normalized,engine FlipX by caster/target,SkillEffect.SpawnLayer,0.6,"(0.5,0.5) planned registration pivot; no autocrop/recenter","(0,0.08) world unit","engine drift (0,0) world unit/s",runtime_evidence/RUNTIME_CODE_EVIDENCE.md; ASSET_BINDING_PLAN.md,기존 리소스는 신규 아트 승인·반입 전까지 유지,false,true,n/a,n/a,n/a,n/a,n/a,READY
area_04,m_jr_wraith,s_mon_jr_wraith,액티브,CURRENT_CAST_LAYER,layer_ruids,L2,01dbde634dd944e685b45727289bd9b8,KEEP,none until approved replacement,layer_ruids,L2,map entity spawned at caster position sampled when delayed SpawnLayer executes,current layer recipe,current layer recipe,0.12,0.75,false,8 frames × 0.10s; same 384×384 RGBA canvas,runtime offset=world unit; drift=world unit/s; art=pixel canvas; pivot=normalized,engine FlipX by caster/target,SkillEffect.SpawnLayer,0.75,"(0.5,0.5) planned registration pivot; no autocrop/recenter","(0,0.05) world unit",position sampled at execution; after spawn map entity applies configured drift and does not follow caster,runtime_evidence/RUNTIME_CODE_EVIDENCE.md; ASSET_BINDING_PLAN.md,기존 리소스는 신규 아트 승인·반입 전까지 유지,false,true,n/a,n/a,n/a,n/a,n/a,READY
area_04,m_jr_wraith,s_mon_jr_wraith,액티브,ICON,icon_ruid,UI,c2b8ef247cb243268aae39b3d51f89e7,REPLACE_PLANNED,ICON/icon.png 256×256 RGBA,icon_ruid,UI icon,UI,inventory/skill UI,not world VFX,n/a,static,false,8 frames × 0.10s; same 384×384 RGBA canvas,runtime offset=world unit; drift=world unit/s; art=pixel canvas; pivot=normalized,none,false,UI layout controlled,"(0.5,0.5) planned registration pivot; no autocrop/recenter",UI layout controlled,static centered motif,runtime_evidence/RUNTIME_CODE_EVIDENCE.md; ASSET_BINDING_PLAN.md,VFX와 색·질감 언어 일치; 몬스터 원본을 그대로 복사하지 않음,true,ui,n/a,n/a,n/a,n/a,n/a,READY
area_04,m_wraith,s_mon_wraith,패시브,REFERENCE_VFX,none,none,,REFERENCE_ONLY,VFX/F00... (preview/reference only),none,none,not runtime,inventory ownership applies stat; no CAST,no passive CAST path,n/a,preview only,false,6 frames × 0.10s; same 256×256 RGBA canvas,runtime offset=world unit; drift=world unit/s; art=pixel canvas; pivot=normalized,art reference only,n/a,n/a,"(0.5,0.5) planned registration pivot; no autocrop/recenter",n/a,reference animation only; never auto-import,runtime_evidence/RUNTIME_CODE_EVIDENCE.md; ASSET_BINDING_PLAN.md,현행 런타임 VFX 없음,true,false,n/a,n/a,n/a,n/a,n/a,READY
area_04,m_wraith,s_mon_wraith,패시브,ICON,icon_ruid,UI,71a82cb186bb41799e6dbb3a421cb474,REPLACE_PLANNED,ICON/icon.png 256×256 RGBA,icon_ruid,UI icon,UI,inventory/skill UI,not world VFX,n/a,static,false,6 frames × 0.10s; same 256×256 RGBA canvas,runtime offset=world unit; drift=world unit/s; art=pixel canvas; pivot=normalized,none,false,UI layout controlled,"(0.5,0.5) planned registration pivot; no autocrop/recenter",UI layout controlled,static centered motif,runtime_evidence/RUNTIME_CODE_EVIDENCE.md; ASSET_BINDING_PLAN.md,VFX와 색·질감 언어 일치; 몬스터 원본을 그대로 복사하지 않음,true,ui,n/a,n/a,n/a,n/a,n/a,READY
area_04,m_shade,s_mon_shade,액티브,CAST_VFX,layer_ruids,visual stack L1..L2,c4f8dce4ee2745cda0f211514605261b|544b4092b87a41948b74e6645d530b88,REPLACE_PLANNED,VFX/F00... -> accepted AnimationClip,layer_ruids,replace visual stack as one accepted primary clip; do not duplicate across old layers automatically,caster at PlayCast time,"플레이어: 즉시 시전자 중심 원형 피해 판정 후 CAST. 몬스터: 축소 반경의 시전자 중심 원형 판정이 실제 명중한 경우에만 CAST. CAST는 시전자 원점+h, 좌측 대상/시선이면 FlipX. L1 c4f8dce4ee2745cda0f211514605261b animationclip/clip delay=0s duration=0.65s scale=1 offset=(0,0.08)wu drift=(0,0)wu/s; L2 544b4092b87a41948b74e6645d530b88 animationclip/clip delay=0.12s duration=0.8s scale=0.9 offset=(0,0.05)wu drift=(0,0)wu/s","플레이어: 즉시 시전자 중심 원형 피해 판정 후 CAST. 몬스터: 축소 반경의 시전자 중심 원형 판정이 실제 명중한 경우에만 CAST. CAST는 시전자 원점+h, 좌측 대상/시선이면 FlipX. L1 c4f8dce4ee2745cda0f211514605261b animationclip/clip delay=0s duration=0.65s scale=1 offset=(0,0.08)wu drift=(0,0)wu/s; L2 544b4092b87a41948b74e6645d530b88 animationclip/clip delay=0.12s duration=0.8s scale=0.9 offset=(0,0.05)wu drift=(0,0)wu/s",0 planned primary clip,0.96,false,12 frames × 0.08s; same 512×512 RGBA canvas,runtime offset=world unit; drift=world unit/s; art=pixel canvas; pivot=normalized,right-authored; role contract controls use,defense=false; attack based on player look/monster hit target,UNRESOLVED_IMPORT_PREVIEW,"(0.5,0.5) planned registration pivot; no autocrop/recenter",preserve current gameplay origin; final visual offset unresolved until labeled preview,"local build-up/impact only; layer drift, dash, projectile translation remain engine-owned",runtime_evidence/RUNTIME_CODE_EVIDENCE.md; ASSET_BINDING_PLAN.md,old layers remain KEEP until art approval; exact final scale/offset is not invented in INPUT,true,true,n/a,n/a,n/a,n/a,n/a,READY
area_04,m_shade,s_mon_shade,액티브,CURRENT_CAST_LAYER,layer_ruids,L1,c4f8dce4ee2745cda0f211514605261b,KEEP,none until approved replacement,layer_ruids,L1,caster,current layer recipe,current layer recipe,0,0.65,false,12 frames × 0.08s; same 512×512 RGBA canvas,runtime offset=world unit; drift=world unit/s; art=pixel canvas; pivot=normalized,engine FlipX by caster/target,SkillEffect.SpawnLayer,1,"(0.5,0.5) planned registration pivot; no autocrop/recenter","(0,0.08) world unit","engine drift (0,0) world unit/s",runtime_evidence/RUNTIME_CODE_EVIDENCE.md; ASSET_BINDING_PLAN.md,기존 리소스는 신규 아트 승인·반입 전까지 유지,false,true,n/a,n/a,n/a,n/a,n/a,READY
area_04,m_shade,s_mon_shade,액티브,CURRENT_CAST_LAYER,layer_ruids,L2,544b4092b87a41948b74e6645d530b88,KEEP,none until approved replacement,layer_ruids,L2,map entity spawned at caster position sampled when delayed SpawnLayer executes,current layer recipe,current layer recipe,0.12,0.8,false,12 frames × 0.08s; same 512×512 RGBA canvas,runtime offset=world unit; drift=world unit/s; art=pixel canvas; pivot=normalized,engine FlipX by caster/target,SkillEffect.SpawnLayer,0.9,"(0.5,0.5) planned registration pivot; no autocrop/recenter","(0,0.05) world unit",position sampled at execution; after spawn map entity applies configured drift and does not follow caster,runtime_evidence/RUNTIME_CODE_EVIDENCE.md; ASSET_BINDING_PLAN.md,기존 리소스는 신규 아트 승인·반입 전까지 유지,false,true,n/a,n/a,n/a,n/a,n/a,READY
area_04,m_shade,s_mon_shade,액티브,ICON,icon_ruid,UI,25f430af296748f39f48de4a6a6faea7,REPLACE_PLANNED,ICON/icon.png 256×256 RGBA,icon_ruid,UI icon,UI,inventory/skill UI,not world VFX,n/a,static,false,12 frames × 0.08s; same 512×512 RGBA canvas,runtime offset=world unit; drift=world unit/s; art=pixel canvas; pivot=normalized,none,false,UI layout controlled,"(0.5,0.5) planned registration pivot; no autocrop/recenter",UI layout controlled,static centered motif,runtime_evidence/RUNTIME_CODE_EVIDENCE.md; ASSET_BINDING_PLAN.md,VFX와 색·질감 언어 일치; 몬스터 원본을 그대로 복사하지 않음,true,ui,n/a,n/a,n/a,n/a,n/a,READY
area_05,m_ribbon_pig,s_mon_ribbon_pig,액티브,IMPACT_CAST_VFX,layer_ruids,visual stack L1..L2,0207c85c05dd4c4eac12f9ee735d0545|057c2da13da2492c95cb92db424803db,REPLACE_PLANNED,VFX/F00... -> accepted AnimationClip,layer_ruids,replace visual stack as one accepted primary clip; do not duplicate across old layers automatically,caster at PlayCast time,"플레이어: 8방향으로 5.5wu를 0.2초 이동하고 계산 도착점에서 피해 판정; 직후 CAST는 서버가 보는 시전자 위치에 부착되어 계산 도착점과 일치가 보장되지 않음. 몬스터: dash_distance 분기 없이 즉시 시전자 중심 원형 판정 후 명중 시 CAST. L1 0207c85c05dd4c4eac12f9ee735d0545 animationclip/clip delay=0s duration=0.52s scale=0.55 offset=(-0.1,-0.05)wu drift=(0,0)wu/s; L2 057c2da13da2492c95cb92db424803db animationclip/clip delay=0.04s duration=0.65s scale=0.58 offset=(0.2,0)wu drift=(0.9,0)wu/s","플레이어: 8방향으로 5.5wu를 0.2초 이동하고 계산 도착점에서 피해 판정; 직후 CAST는 서버가 보는 시전자 위치에 부착되어 계산 도착점과 일치가 보장되지 않음. 몬스터: dash_distance 분기 없이 즉시 시전자 중심 원형 판정 후 명중 시 CAST. L1 0207c85c05dd4c4eac12f9ee735d0545 animationclip/clip delay=0s duration=0.52s scale=0.55 offset=(-0.1,-0.05)wu drift=(0,0)wu/s; L2 057c2da13da2492c95cb92db424803db animationclip/clip delay=0.04s duration=0.65s scale=0.58 offset=(0.2,0)wu drift=(0.9,0)wu/s",0 planned primary clip,0.80,false,8 frames × 0.10s; same 384×384 RGBA canvas,runtime offset=world unit; drift=world unit/s; art=pixel canvas; pivot=normalized,right-authored; role contract controls use,defense=false; attack based on player look/monster hit target,UNRESOLVED_IMPORT_PREVIEW,"(0.5,0.5) planned registration pivot; no autocrop/recenter",preserve current gameplay origin; final visual offset unresolved until labeled preview,"local build-up/impact only; layer drift, dash, projectile translation remain engine-owned",runtime_evidence/RUNTIME_CODE_EVIDENCE.md; ASSET_BINDING_PLAN.md,old layers remain KEEP until art approval; exact final scale/offset is not invented in INPUT,true,true,n/a,n/a,n/a,n/a,n/a,READY
area_05,m_ribbon_pig,s_mon_ribbon_pig,액티브,CURRENT_CAST_LAYER,layer_ruids,L1,0207c85c05dd4c4eac12f9ee735d0545,KEEP,none until approved replacement,layer_ruids,L1,caster,current layer recipe,current layer recipe,0,0.52,false,8 frames × 0.10s; same 384×384 RGBA canvas,runtime offset=world unit; drift=world unit/s; art=pixel canvas; pivot=normalized,engine FlipX by caster/target,SkillEffect.SpawnLayer,0.55,"(0.5,0.5) planned registration pivot; no autocrop/recenter","(-0.1,-0.05) world unit","engine drift (0,0) world unit/s",runtime_evidence/RUNTIME_CODE_EVIDENCE.md; ASSET_BINDING_PLAN.md,기존 리소스는 신규 아트 승인·반입 전까지 유지,false,true,n/a,n/a,n/a,n/a,n/a,READY
area_05,m_ribbon_pig,s_mon_ribbon_pig,액티브,CURRENT_CAST_LAYER,layer_ruids,L2,057c2da13da2492c95cb92db424803db,KEEP,none until approved replacement,layer_ruids,L2,map entity spawned at caster position sampled when delayed SpawnLayer executes,current layer recipe,current layer recipe,0.04,0.65,false,8 frames × 0.10s; same 384×384 RGBA canvas,runtime offset=world unit; drift=world unit/s; art=pixel canvas; pivot=normalized,engine FlipX by caster/target,SkillEffect.SpawnLayer,0.58,"(0.5,0.5) planned registration pivot; no autocrop/recenter","(0.2,0) world unit",position sampled at execution; after spawn map entity applies configured drift and does not follow caster,runtime_evidence/RUNTIME_CODE_EVIDENCE.md; ASSET_BINDING_PLAN.md,기존 리소스는 신규 아트 승인·반입 전까지 유지,false,true,n/a,n/a,n/a,n/a,n/a,READY
area_05,m_ribbon_pig,s_mon_ribbon_pig,액티브,ICON,icon_ruid,UI,de5f2ecbd5ae4a7c9fe5c25f1ed9728a,REPLACE_PLANNED,ICON/icon.png 256×256 RGBA,icon_ruid,UI icon,UI,inventory/skill UI,not world VFX,n/a,static,false,8 frames × 0.10s; same 384×384 RGBA canvas,runtime offset=world unit; drift=world unit/s; art=pixel canvas; pivot=normalized,none,false,UI layout controlled,"(0.5,0.5) planned registration pivot; no autocrop/recenter",UI layout controlled,static centered motif,runtime_evidence/RUNTIME_CODE_EVIDENCE.md; ASSET_BINDING_PLAN.md,VFX와 색·질감 언어 일치; 몬스터 원본을 그대로 복사하지 않음,true,ui,n/a,n/a,n/a,n/a,n/a,READY
area_05,m_blue_pig,s_mon_blue_pig,패시브,REFERENCE_VFX,none,none,,REFERENCE_ONLY,VFX/F00... (preview/reference only),none,none,not runtime,inventory ownership applies stat; no CAST,no passive CAST path,n/a,preview only,false,6 frames × 0.10s; same 256×256 RGBA canvas,runtime offset=world unit; drift=world unit/s; art=pixel canvas; pivot=normalized,art reference only,n/a,n/a,"(0.5,0.5) planned registration pivot; no autocrop/recenter",n/a,reference animation only; never auto-import,runtime_evidence/RUNTIME_CODE_EVIDENCE.md; ASSET_BINDING_PLAN.md,현행 런타임 VFX 없음,true,false,n/a,n/a,n/a,n/a,n/a,READY
area_05,m_blue_pig,s_mon_blue_pig,패시브,ICON,icon_ruid,UI,a04302b1969248d2a7de250f3cb654b5,REPLACE_PLANNED,ICON/icon.png 256×256 RGBA,icon_ruid,UI icon,UI,inventory/skill UI,not world VFX,n/a,static,false,6 frames × 0.10s; same 256×256 RGBA canvas,runtime offset=world unit; drift=world unit/s; art=pixel canvas; pivot=normalized,none,false,UI layout controlled,"(0.5,0.5) planned registration pivot; no autocrop/recenter",UI layout controlled,static centered motif,runtime_evidence/RUNTIME_CODE_EVIDENCE.md; ASSET_BINDING_PLAN.md,VFX와 색·질감 언어 일치; 몬스터 원본을 그대로 복사하지 않음,true,ui,n/a,n/a,n/a,n/a,n/a,READY
area_05,m_starfish,s_mon_starfish,액티브,CAST_VFX,layer_ruids,visual stack L1..L2,69656381a8e04edcbb8a2c8599567ab3|2c12c1e835a04c2a9ec1c5724846a7b6,REPLACE_PLANNED,VFX/F00... -> accepted AnimationClip,layer_ruids,replace visual stack as one accepted primary clip; do not duplicate across old layers automatically,caster at PlayCast time,"플레이어: 즉시 시전자 중심 원형 피해 판정 후 CAST. 몬스터: 축소 반경의 시전자 중심 원형 판정이 실제 명중한 경우에만 CAST. CAST는 시전자 원점+h, 좌측 대상/시선이면 FlipX. L1 69656381a8e04edcbb8a2c8599567ab3 animationclip/clip delay=0s duration=0.55s scale=0.55 offset=(0,0)wu drift=(0,0)wu/s; L2 2c12c1e835a04c2a9ec1c5724846a7b6 animationclip/clip delay=0.06s duration=0.68s scale=0.72 offset=(0,0)wu drift=(0,0)wu/s","플레이어: 즉시 시전자 중심 원형 피해 판정 후 CAST. 몬스터: 축소 반경의 시전자 중심 원형 판정이 실제 명중한 경우에만 CAST. CAST는 시전자 원점+h, 좌측 대상/시선이면 FlipX. L1 69656381a8e04edcbb8a2c8599567ab3 animationclip/clip delay=0s duration=0.55s scale=0.55 offset=(0,0)wu drift=(0,0)wu/s; L2 2c12c1e835a04c2a9ec1c5724846a7b6 animationclip/clip delay=0.06s duration=0.68s scale=0.72 offset=(0,0)wu drift=(0,0)wu/s",0 planned primary clip,0.80,false,8 frames × 0.10s; same 384×384 RGBA canvas,runtime offset=world unit; drift=world unit/s; art=pixel canvas; pivot=normalized,right-authored; role contract controls use,defense=false; attack based on player look/monster hit target,UNRESOLVED_IMPORT_PREVIEW,"(0.5,0.5) planned registration pivot; no autocrop/recenter",preserve current gameplay origin; final visual offset unresolved until labeled preview,"local build-up/impact only; layer drift, dash, projectile translation remain engine-owned",runtime_evidence/RUNTIME_CODE_EVIDENCE.md; ASSET_BINDING_PLAN.md,old layers remain KEEP until art approval; exact final scale/offset is not invented in INPUT,true,true,n/a,n/a,n/a,n/a,n/a,READY
area_05,m_starfish,s_mon_starfish,액티브,CURRENT_CAST_LAYER,layer_ruids,L1,69656381a8e04edcbb8a2c8599567ab3,KEEP,none until approved replacement,layer_ruids,L1,caster,current layer recipe,current layer recipe,0,0.55,false,8 frames × 0.10s; same 384×384 RGBA canvas,runtime offset=world unit; drift=world unit/s; art=pixel canvas; pivot=normalized,engine FlipX by caster/target,SkillEffect.SpawnLayer,0.55,"(0.5,0.5) planned registration pivot; no autocrop/recenter","(0,0) world unit","engine drift (0,0) world unit/s",runtime_evidence/RUNTIME_CODE_EVIDENCE.md; ASSET_BINDING_PLAN.md,기존 리소스는 신규 아트 승인·반입 전까지 유지,false,true,n/a,n/a,n/a,n/a,n/a,READY
area_05,m_starfish,s_mon_starfish,액티브,CURRENT_CAST_LAYER,layer_ruids,L2,2c12c1e835a04c2a9ec1c5724846a7b6,KEEP,none until approved replacement,layer_ruids,L2,map entity spawned at caster position sampled when delayed SpawnLayer executes,current layer recipe,current layer recipe,0.06,0.68,false,8 frames × 0.10s; same 384×384 RGBA canvas,runtime offset=world unit; drift=world unit/s; art=pixel canvas; pivot=normalized,engine FlipX by caster/target,SkillEffect.SpawnLayer,0.72,"(0.5,0.5) planned registration pivot; no autocrop/recenter","(0,0) world unit",position sampled at execution; after spawn map entity applies configured drift and does not follow caster,runtime_evidence/RUNTIME_CODE_EVIDENCE.md; ASSET_BINDING_PLAN.md,기존 리소스는 신규 아트 승인·반입 전까지 유지,false,true,n/a,n/a,n/a,n/a,n/a,READY
area_05,m_starfish,s_mon_starfish,액티브,ICON,icon_ruid,UI,c65619c9037a4018a344e1625fe2a753,REPLACE_PLANNED,ICON/icon.png 256×256 RGBA,icon_ruid,UI icon,UI,inventory/skill UI,not world VFX,n/a,static,false,8 frames × 0.10s; same 384×384 RGBA canvas,runtime offset=world unit; drift=world unit/s; art=pixel canvas; pivot=normalized,none,false,UI layout controlled,"(0.5,0.5) planned registration pivot; no autocrop/recenter",UI layout controlled,static centered motif,runtime_evidence/RUNTIME_CODE_EVIDENCE.md; ASSET_BINDING_PLAN.md,VFX와 색·질감 언어 일치; 몬스터 원본을 그대로 복사하지 않음,true,ui,n/a,n/a,n/a,n/a,n/a,READY
area_05,m_jellyfish,s_mon_jellyfish,패시브,REFERENCE_VFX,none,none,,REFERENCE_ONLY,VFX/F00... (preview/reference only),none,none,not runtime,inventory ownership applies stat; no CAST,no passive CAST path,n/a,preview only,false,6 frames × 0.10s; same 256×256 RGBA canvas,runtime offset=world unit; drift=world unit/s; art=pixel canvas; pivot=normalized,art reference only,n/a,n/a,"(0.5,0.5) planned registration pivot; no autocrop/recenter",n/a,reference animation only; never auto-import,runtime_evidence/RUNTIME_CODE_EVIDENCE.md; ASSET_BINDING_PLAN.md,현행 런타임 VFX 없음,true,false,n/a,n/a,n/a,n/a,n/a,READY
area_05,m_jellyfish,s_mon_jellyfish,패시브,ICON,icon_ruid,UI,2403c0085abe432b8120278f1c82442c,REPLACE_PLANNED,ICON/icon.png 256×256 RGBA,icon_ruid,UI icon,UI,inventory/skill UI,not world VFX,n/a,static,false,6 frames × 0.10s; same 256×256 RGBA canvas,runtime offset=world unit; drift=world unit/s; art=pixel canvas; pivot=normalized,none,false,UI layout controlled,"(0.5,0.5) planned registration pivot; no autocrop/recenter",UI layout controlled,static centered motif,runtime_evidence/RUNTIME_CODE_EVIDENCE.md; ASSET_BINDING_PLAN.md,VFX와 색·질감 언어 일치; 몬스터 원본을 그대로 복사하지 않음,true,ui,n/a,n/a,n/a,n/a,n/a,READY
area_05,m_king_clang,s_mon_king_clang,액티브,CAST_VFX,layer_ruids,visual stack L1..L2,c57b15ccc8dd408b98c627617144d3cd|8394705c13394b78a8b9a38e1313cb22,REPLACE_PLANNED,VFX/F00... -> accepted AnimationClip,layer_ruids,replace visual stack as one accepted primary clip; do not duplicate across old layers automatically,caster at PlayCast time,"플레이어: 즉시 시전자 중심 원형 피해 판정 후 CAST. 몬스터: 축소 반경의 시전자 중심 원형 판정이 실제 명중한 경우에만 CAST. CAST는 시전자 원점+h, 좌측 대상/시선이면 FlipX. L1 c57b15ccc8dd408b98c627617144d3cd animationclip/clip delay=0s duration=0.64s scale=1.0 offset=(0,0)wu drift=(0,0)wu/s; L2 8394705c13394b78a8b9a38e1313cb22 animationclip/clip delay=0.16s duration=0.78s scale=1.3 offset=(0,0)wu drift=(0,0)wu/s","플레이어: 즉시 시전자 중심 원형 피해 판정 후 CAST. 몬스터: 축소 반경의 시전자 중심 원형 판정이 실제 명중한 경우에만 CAST. CAST는 시전자 원점+h, 좌측 대상/시선이면 FlipX. L1 c57b15ccc8dd408b98c627617144d3cd animationclip/clip delay=0s duration=0.64s scale=1.0 offset=(0,0)wu drift=(0,0)wu/s; L2 8394705c13394b78a8b9a38e1313cb22 animationclip/clip delay=0.16s duration=0.78s scale=1.3 offset=(0,0)wu drift=(0,0)wu/s",0 planned primary clip,0.96,false,12 frames × 0.08s; same 512×512 RGBA canvas,runtime offset=world unit; drift=world unit/s; art=pixel canvas; pivot=normalized,right-authored; role contract controls use,defense=false; attack based on player look/monster hit target,UNRESOLVED_IMPORT_PREVIEW,"(0.5,0.5) planned registration pivot; no autocrop/recenter",preserve current gameplay origin; final visual offset unresolved until labeled preview,"local build-up/impact only; layer drift, dash, projectile translation remain engine-owned",runtime_evidence/RUNTIME_CODE_EVIDENCE.md; ASSET_BINDING_PLAN.md,old layers remain KEEP until art approval; exact final scale/offset is not invented in INPUT,true,true,n/a,n/a,n/a,n/a,n/a,READY
area_05,m_king_clang,s_mon_king_clang,액티브,CURRENT_CAST_LAYER,layer_ruids,L1,c57b15ccc8dd408b98c627617144d3cd,KEEP,none until approved replacement,layer_ruids,L1,caster,current layer recipe,current layer recipe,0,0.64,false,12 frames × 0.08s; same 512×512 RGBA canvas,runtime offset=world unit; drift=world unit/s; art=pixel canvas; pivot=normalized,engine FlipX by caster/target,SkillEffect.SpawnLayer,1.0,"(0.5,0.5) planned registration pivot; no autocrop/recenter","(0,0) world unit","engine drift (0,0) world unit/s",runtime_evidence/RUNTIME_CODE_EVIDENCE.md; ASSET_BINDING_PLAN.md,기존 리소스는 신규 아트 승인·반입 전까지 유지,false,true,n/a,n/a,n/a,n/a,n/a,READY
area_05,m_king_clang,s_mon_king_clang,액티브,CURRENT_CAST_LAYER,layer_ruids,L2,8394705c13394b78a8b9a38e1313cb22,KEEP,none until approved replacement,layer_ruids,L2,map entity spawned at caster position sampled when delayed SpawnLayer executes,current layer recipe,current layer recipe,0.16,0.78,false,12 frames × 0.08s; same 512×512 RGBA canvas,runtime offset=world unit; drift=world unit/s; art=pixel canvas; pivot=normalized,engine FlipX by caster/target,SkillEffect.SpawnLayer,1.3,"(0.5,0.5) planned registration pivot; no autocrop/recenter","(0,0) world unit",position sampled at execution; after spawn map entity applies configured drift and does not follow caster,runtime_evidence/RUNTIME_CODE_EVIDENCE.md; ASSET_BINDING_PLAN.md,기존 리소스는 신규 아트 승인·반입 전까지 유지,false,true,n/a,n/a,n/a,n/a,n/a,READY
area_05,m_king_clang,s_mon_king_clang,액티브,ICON,icon_ruid,UI,thumbnail://cddcc91429d24abbb0c071135ace8b39,REPLACE_PLANNED,ICON/icon.png 256×256 RGBA,icon_ruid,UI icon,UI,inventory/skill UI,not world VFX,n/a,static,false,12 frames × 0.08s; same 512×512 RGBA canvas,runtime offset=world unit; drift=world unit/s; art=pixel canvas; pivot=normalized,none,false,UI layout controlled,"(0.5,0.5) planned registration pivot; no autocrop/recenter",UI layout controlled,static centered motif,runtime_evidence/RUNTIME_CODE_EVIDENCE.md; ASSET_BINDING_PLAN.md,VFX와 색·질감 언어 일치; 몬스터 원본을 그대로 복사하지 않음,true,ui,n/a,n/a,n/a,n/a,n/a,READY
area_07,m_zombie_mushroom,s_mon_zombie_mushroom,패시브,REFERENCE_VFX,none,none,,REFERENCE_ONLY,VFX/F00... (preview/reference only),none,none,not runtime,inventory ownership applies stat; no CAST,no passive CAST path,n/a,preview only,false,6 frames × 0.10s; same 256×256 RGBA canvas,runtime offset=world unit; drift=world unit/s; art=pixel canvas; pivot=normalized,art reference only,n/a,n/a,"(0.5,0.5) planned registration pivot; no autocrop/recenter",n/a,reference animation only; never auto-import,runtime_evidence/RUNTIME_CODE_EVIDENCE.md; ASSET_BINDING_PLAN.md,현행 런타임 VFX 없음,true,false,n/a,n/a,n/a,n/a,n/a,READY
area_07,m_zombie_mushroom,s_mon_zombie_mushroom,패시브,ICON,icon_ruid,UI,thumbnail://3ee3fc0f4d2e443cbb9ec424dd2c012f,REPLACE_PLANNED,ICON/icon.png 256×256 RGBA,icon_ruid,UI icon,UI,inventory/skill UI,not world VFX,n/a,static,false,6 frames × 0.10s; same 256×256 RGBA canvas,runtime offset=world unit; drift=world unit/s; art=pixel canvas; pivot=normalized,none,false,UI layout controlled,"(0.5,0.5) planned registration pivot; no autocrop/recenter",UI layout controlled,static centered motif,runtime_evidence/RUNTIME_CODE_EVIDENCE.md; ASSET_BINDING_PLAN.md,VFX와 색·질감 언어 일치; 몬스터 원본을 그대로 복사하지 않음,true,ui,n/a,n/a,n/a,n/a,n/a,READY
area_07,m_copper_drake,s_mon_copper_drake,패시브,REFERENCE_VFX,none,none,,REFERENCE_ONLY,VFX/F00... (preview/reference only),none,none,not runtime,inventory ownership applies stat; no CAST,no passive CAST path,n/a,preview only,false,6 frames × 0.10s; same 256×256 RGBA canvas,runtime offset=world unit; drift=world unit/s; art=pixel canvas; pivot=normalized,art reference only,n/a,n/a,"(0.5,0.5) planned registration pivot; no autocrop/recenter",n/a,reference animation only; never auto-import,runtime_evidence/RUNTIME_CODE_EVIDENCE.md; ASSET_BINDING_PLAN.md,현행 런타임 VFX 없음,true,false,n/a,n/a,n/a,n/a,n/a,READY
area_07,m_copper_drake,s_mon_copper_drake,패시브,ICON,icon_ruid,UI,thumbnail://da160cd4b78c479ab8dfaa225b2dcd47,REPLACE_PLANNED,ICON/icon.png 256×256 RGBA,icon_ruid,UI icon,UI,inventory/skill UI,not world VFX,n/a,static,false,6 frames × 0.10s; same 256×256 RGBA canvas,runtime offset=world unit; drift=world unit/s; art=pixel canvas; pivot=normalized,none,false,UI layout controlled,"(0.5,0.5) planned registration pivot; no autocrop/recenter",UI layout controlled,static centered motif,runtime_evidence/RUNTIME_CODE_EVIDENCE.md; ASSET_BINDING_PLAN.md,VFX와 색·질감 언어 일치; 몬스터 원본을 그대로 복사하지 않음,true,ui,n/a,n/a,n/a,n/a,n/a,READY
area_07,m_drake,s_mon_drake,액티브,CAST_VFX,layer_ruids,visual stack L1..L2,5638984319fd476ca3d89e2aaca7f32a|a610b14bbc55477cbc78777a5a2e7ed1,REPLACE_PLANNED,VFX/F00... -> accepted AnimationClip,layer_ruids,replace visual stack as one accepted primary clip; do not duplicate across old layers automatically,caster at PlayCast time,"플레이어: 즉시 시전자 중심 원형 피해 판정 후 CAST. 몬스터: 축소 반경의 시전자 중심 원형 판정이 실제 명중한 경우에만 CAST. CAST는 시전자 원점+h, 좌측 대상/시선이면 FlipX. L1 5638984319fd476ca3d89e2aaca7f32a animationclip/clip delay=0s duration=0.65s scale=0.8 offset=(0,0)wu drift=(0,0)wu/s; L2 a610b14bbc55477cbc78777a5a2e7ed1 animationclip/clip delay=0.12s duration=0.78s scale=0.95 offset=(0,0)wu drift=(0,0)wu/s","플레이어: 즉시 시전자 중심 원형 피해 판정 후 CAST. 몬스터: 축소 반경의 시전자 중심 원형 판정이 실제 명중한 경우에만 CAST. CAST는 시전자 원점+h, 좌측 대상/시선이면 FlipX. L1 5638984319fd476ca3d89e2aaca7f32a animationclip/clip delay=0s duration=0.65s scale=0.8 offset=(0,0)wu drift=(0,0)wu/s; L2 a610b14bbc55477cbc78777a5a2e7ed1 animationclip/clip delay=0.12s duration=0.78s scale=0.95 offset=(0,0)wu drift=(0,0)wu/s",0 planned primary clip,0.80,false,8 frames × 0.10s; same 384×384 RGBA canvas,runtime offset=world unit; drift=world unit/s; art=pixel canvas; pivot=normalized,right-authored; role contract controls use,defense=false; attack based on player look/monster hit target,UNRESOLVED_IMPORT_PREVIEW,"(0.5,0.5) planned registration pivot; no autocrop/recenter",preserve current gameplay origin; final visual offset unresolved until labeled preview,"local build-up/impact only; layer drift, dash, projectile translation remain engine-owned",runtime_evidence/RUNTIME_CODE_EVIDENCE.md; ASSET_BINDING_PLAN.md,old layers remain KEEP until art approval; exact final scale/offset is not invented in INPUT,true,true,n/a,n/a,n/a,n/a,n/a,READY
area_07,m_drake,s_mon_drake,액티브,CURRENT_CAST_LAYER,layer_ruids,L1,5638984319fd476ca3d89e2aaca7f32a,KEEP,none until approved replacement,layer_ruids,L1,caster,current layer recipe,current layer recipe,0,0.65,false,8 frames × 0.10s; same 384×384 RGBA canvas,runtime offset=world unit; drift=world unit/s; art=pixel canvas; pivot=normalized,engine FlipX by caster/target,SkillEffect.SpawnLayer,0.8,"(0.5,0.5) planned registration pivot; no autocrop/recenter","(0,0) world unit","engine drift (0,0) world unit/s",runtime_evidence/RUNTIME_CODE_EVIDENCE.md; ASSET_BINDING_PLAN.md,기존 리소스는 신규 아트 승인·반입 전까지 유지,false,true,n/a,n/a,n/a,n/a,n/a,READY
area_07,m_drake,s_mon_drake,액티브,CURRENT_CAST_LAYER,layer_ruids,L2,a610b14bbc55477cbc78777a5a2e7ed1,KEEP,none until approved replacement,layer_ruids,L2,map entity spawned at caster position sampled when delayed SpawnLayer executes,current layer recipe,current layer recipe,0.12,0.78,false,8 frames × 0.10s; same 384×384 RGBA canvas,runtime offset=world unit; drift=world unit/s; art=pixel canvas; pivot=normalized,engine FlipX by caster/target,SkillEffect.SpawnLayer,0.95,"(0.5,0.5) planned registration pivot; no autocrop/recenter","(0,0) world unit",position sampled at execution; after spawn map entity applies configured drift and does not follow caster,runtime_evidence/RUNTIME_CODE_EVIDENCE.md; ASSET_BINDING_PLAN.md,기존 리소스는 신규 아트 승인·반입 전까지 유지,false,true,n/a,n/a,n/a,n/a,n/a,READY
area_07,m_drake,s_mon_drake,액티브,ICON,icon_ruid,UI,thumbnail://f8cfac4e30394735861603f6bfcb1932,REPLACE_PLANNED,ICON/icon.png 256×256 RGBA,icon_ruid,UI icon,UI,inventory/skill UI,not world VFX,n/a,static,false,8 frames × 0.10s; same 384×384 RGBA canvas,runtime offset=world unit; drift=world unit/s; art=pixel canvas; pivot=normalized,none,false,UI layout controlled,"(0.5,0.5) planned registration pivot; no autocrop/recenter",UI layout controlled,static centered motif,runtime_evidence/RUNTIME_CODE_EVIDENCE.md; ASSET_BINDING_PLAN.md,VFX와 색·질감 언어 일치; 몬스터 원본을 그대로 복사하지 않음,true,ui,n/a,n/a,n/a,n/a,n/a,READY
area_07,m_wild_kargo,s_mon_wild_kargo,액티브,IMPACT_CAST_VFX,layer_ruids,visual stack L1..L2,0207c85c05dd4c4eac12f9ee735d0545|057c2da13da2492c95cb92db424803db,REPLACE_PLANNED,VFX/F00... -> accepted AnimationClip,layer_ruids,replace visual stack as one accepted primary clip; do not duplicate across old layers automatically,caster at PlayCast time,"플레이어: 8방향으로 6.2wu를 0.2초 이동하고 계산 도착점에서 피해 판정; 직후 CAST는 서버가 보는 시전자 위치에 부착되어 계산 도착점과 일치가 보장되지 않음. 몬스터: dash_distance 분기 없이 즉시 시전자 중심 원형 판정 후 명중 시 CAST. L1 0207c85c05dd4c4eac12f9ee735d0545 animationclip/clip delay=0s duration=0.52s scale=0.65 offset=(0,0)wu drift=(1.0,0)wu/s; L2 057c2da13da2492c95cb92db424803db animationclip/clip delay=0.04s duration=0.65s scale=0.72 offset=(0,0)wu drift=(0,0)wu/s","플레이어: 8방향으로 6.2wu를 0.2초 이동하고 계산 도착점에서 피해 판정; 직후 CAST는 서버가 보는 시전자 위치에 부착되어 계산 도착점과 일치가 보장되지 않음. 몬스터: dash_distance 분기 없이 즉시 시전자 중심 원형 판정 후 명중 시 CAST. L1 0207c85c05dd4c4eac12f9ee735d0545 animationclip/clip delay=0s duration=0.52s scale=0.65 offset=(0,0)wu drift=(1.0,0)wu/s; L2 057c2da13da2492c95cb92db424803db animationclip/clip delay=0.04s duration=0.65s scale=0.72 offset=(0,0)wu drift=(0,0)wu/s",0 planned primary clip,0.80,false,8 frames × 0.10s; same 384×384 RGBA canvas,runtime offset=world unit; drift=world unit/s; art=pixel canvas; pivot=normalized,right-authored; role contract controls use,defense=false; attack based on player look/monster hit target,UNRESOLVED_IMPORT_PREVIEW,"(0.5,0.5) planned registration pivot; no autocrop/recenter",preserve current gameplay origin; final visual offset unresolved until labeled preview,"local build-up/impact only; layer drift, dash, projectile translation remain engine-owned",runtime_evidence/RUNTIME_CODE_EVIDENCE.md; ASSET_BINDING_PLAN.md,old layers remain KEEP until art approval; exact final scale/offset is not invented in INPUT,true,true,n/a,n/a,n/a,n/a,n/a,READY
area_07,m_wild_kargo,s_mon_wild_kargo,액티브,CURRENT_CAST_LAYER,layer_ruids,L1,0207c85c05dd4c4eac12f9ee735d0545,KEEP,none until approved replacement,layer_ruids,L1,caster,current layer recipe,current layer recipe,0,0.52,false,8 frames × 0.10s; same 384×384 RGBA canvas,runtime offset=world unit; drift=world unit/s; art=pixel canvas; pivot=normalized,engine FlipX by caster/target,SkillEffect.SpawnLayer,0.65,"(0.5,0.5) planned registration pivot; no autocrop/recenter","(0,0) world unit","engine drift (1.0,0) world unit/s",runtime_evidence/RUNTIME_CODE_EVIDENCE.md; ASSET_BINDING_PLAN.md,기존 리소스는 신규 아트 승인·반입 전까지 유지,false,true,n/a,n/a,n/a,n/a,n/a,READY
area_07,m_wild_kargo,s_mon_wild_kargo,액티브,CURRENT_CAST_LAYER,layer_ruids,L2,057c2da13da2492c95cb92db424803db,KEEP,none until approved replacement,layer_ruids,L2,map entity spawned at caster position sampled when delayed SpawnLayer executes,current layer recipe,current layer recipe,0.04,0.65,false,8 frames × 0.10s; same 384×384 RGBA canvas,runtime offset=world unit; drift=world unit/s; art=pixel canvas; pivot=normalized,engine FlipX by caster/target,SkillEffect.SpawnLayer,0.72,"(0.5,0.5) planned registration pivot; no autocrop/recenter","(0,0) world unit",position sampled at execution; after spawn map entity applies configured drift and does not follow caster,runtime_evidence/RUNTIME_CODE_EVIDENCE.md; ASSET_BINDING_PLAN.md,기존 리소스는 신규 아트 승인·반입 전까지 유지,false,true,n/a,n/a,n/a,n/a,n/a,READY
area_07,m_wild_kargo,s_mon_wild_kargo,액티브,ICON,icon_ruid,UI,thumbnail://7d1c1d17eff44687b35ca0d5108084dc,REPLACE_PLANNED,ICON/icon.png 256×256 RGBA,icon_ruid,UI icon,UI,inventory/skill UI,not world VFX,n/a,static,false,8 frames × 0.10s; same 384×384 RGBA canvas,runtime offset=world unit; drift=world unit/s; art=pixel canvas; pivot=normalized,none,false,UI layout controlled,"(0.5,0.5) planned registration pivot; no autocrop/recenter",UI layout controlled,static centered motif,runtime_evidence/RUNTIME_CODE_EVIDENCE.md; ASSET_BINDING_PLAN.md,VFX와 색·질감 언어 일치; 몬스터 원본을 그대로 복사하지 않음,true,ui,n/a,n/a,n/a,n/a,n/a,READY
area_07,m_jr_balrog,s_mon_jr_balrog,액티브,CAST_VFX,layer_ruids,visual stack L1..L2,5638984319fd476ca3d89e2aaca7f32a|a610b14bbc55477cbc78777a5a2e7ed1,REPLACE_PLANNED,VFX/F00... -> accepted AnimationClip,layer_ruids,replace visual stack as one accepted primary clip; do not duplicate across old layers automatically,caster at PlayCast time,"플레이어: 즉시 시전자 중심 원형 피해 판정 후 CAST. 몬스터: 축소 반경의 시전자 중심 원형 판정이 실제 명중한 경우에만 CAST. CAST는 시전자 원점+h, 좌측 대상/시선이면 FlipX. L1 5638984319fd476ca3d89e2aaca7f32a animationclip/clip delay=0s duration=0.85s scale=1 offset=(0,0)wu drift=(0,0)wu/s; L2 a610b14bbc55477cbc78777a5a2e7ed1 animationclip/clip delay=0.15s duration=0.7s scale=1.15 offset=(0,0)wu drift=(0,0)wu/s","플레이어: 즉시 시전자 중심 원형 피해 판정 후 CAST. 몬스터: 축소 반경의 시전자 중심 원형 판정이 실제 명중한 경우에만 CAST. CAST는 시전자 원점+h, 좌측 대상/시선이면 FlipX. L1 5638984319fd476ca3d89e2aaca7f32a animationclip/clip delay=0s duration=0.85s scale=1 offset=(0,0)wu drift=(0,0)wu/s; L2 a610b14bbc55477cbc78777a5a2e7ed1 animationclip/clip delay=0.15s duration=0.7s scale=1.15 offset=(0,0)wu drift=(0,0)wu/s",0 planned primary clip,0.96,false,12 frames × 0.08s; same 512×512 RGBA canvas,runtime offset=world unit; drift=world unit/s; art=pixel canvas; pivot=normalized,right-authored; role contract controls use,defense=false; attack based on player look/monster hit target,UNRESOLVED_IMPORT_PREVIEW,"(0.5,0.5) planned registration pivot; no autocrop/recenter",preserve current gameplay origin; final visual offset unresolved until labeled preview,"local build-up/impact only; layer drift, dash, projectile translation remain engine-owned",runtime_evidence/RUNTIME_CODE_EVIDENCE.md; ASSET_BINDING_PLAN.md,old layers remain KEEP until art approval; exact final scale/offset is not invented in INPUT,true,true,n/a,n/a,n/a,n/a,n/a,READY
area_07,m_jr_balrog,s_mon_jr_balrog,액티브,CURRENT_CAST_LAYER,layer_ruids,L1,5638984319fd476ca3d89e2aaca7f32a,KEEP,none until approved replacement,layer_ruids,L1,caster,current layer recipe,current layer recipe,0,0.85,false,12 frames × 0.08s; same 512×512 RGBA canvas,runtime offset=world unit; drift=world unit/s; art=pixel canvas; pivot=normalized,engine FlipX by caster/target,SkillEffect.SpawnLayer,1,"(0.5,0.5) planned registration pivot; no autocrop/recenter","(0,0) world unit","engine drift (0,0) world unit/s",runtime_evidence/RUNTIME_CODE_EVIDENCE.md; ASSET_BINDING_PLAN.md,기존 리소스는 신규 아트 승인·반입 전까지 유지,false,true,n/a,n/a,n/a,n/a,n/a,READY
area_07,m_jr_balrog,s_mon_jr_balrog,액티브,CURRENT_CAST_LAYER,layer_ruids,L2,a610b14bbc55477cbc78777a5a2e7ed1,KEEP,none until approved replacement,layer_ruids,L2,map entity spawned at caster position sampled when delayed SpawnLayer executes,current layer recipe,current layer recipe,0.15,0.7,false,12 frames × 0.08s; same 512×512 RGBA canvas,runtime offset=world unit; drift=world unit/s; art=pixel canvas; pivot=normalized,engine FlipX by caster/target,SkillEffect.SpawnLayer,1.15,"(0.5,0.5) planned registration pivot; no autocrop/recenter","(0,0) world unit",position sampled at execution; after spawn map entity applies configured drift and does not follow caster,runtime_evidence/RUNTIME_CODE_EVIDENCE.md; ASSET_BINDING_PLAN.md,기존 리소스는 신규 아트 승인·반입 전까지 유지,false,true,n/a,n/a,n/a,n/a,n/a,READY
area_07,m_jr_balrog,s_mon_jr_balrog,액티브,ICON,icon_ruid,UI,e5591a8f17a84f7d966499a0048cf15a,REPLACE_PLANNED,ICON/icon.png 256×256 RGBA,icon_ruid,UI icon,UI,inventory/skill UI,not world VFX,n/a,static,false,12 frames × 0.08s; same 512×512 RGBA canvas,runtime offset=world unit; drift=world unit/s; art=pixel canvas; pivot=normalized,none,false,UI layout controlled,"(0.5,0.5) planned registration pivot; no autocrop/recenter",UI layout controlled,static centered motif,runtime_evidence/RUNTIME_CODE_EVIDENCE.md; ASSET_BINDING_PLAN.md,VFX와 색·질감 언어 일치; 몬스터 원본을 그대로 복사하지 않음,true,ui,n/a,n/a,n/a,n/a,n/a,READY
area_07,m_tauromacis,s_mon_tauromacis,액티브,CAST_VFX,layer_ruids,visual stack L1..L1,3cbd85dcfe3c41c4989adec59385c257,REPLACE_PLANNED,VFX/F00... -> accepted AnimationClip,layer_ruids,replace visual stack as one accepted primary clip; do not duplicate across old layers automatically,caster at PlayCast time,"플레이어: 즉시 시전자 중심 원형 피해 판정 후 CAST. 몬스터: 축소 반경의 시전자 중심 원형 판정이 실제 명중한 경우에만 CAST. CAST는 시전자 원점+h, 좌측 대상/시선이면 FlipX. L1 3cbd85dcfe3c41c4989adec59385c257 animationclip/clip delay=0.08s duration=0.82s scale=1.2 offset=(0,0)wu drift=(0,0)wu/s","플레이어: 즉시 시전자 중심 원형 피해 판정 후 CAST. 몬스터: 축소 반경의 시전자 중심 원형 판정이 실제 명중한 경우에만 CAST. CAST는 시전자 원점+h, 좌측 대상/시선이면 FlipX. L1 3cbd85dcfe3c41c4989adec59385c257 animationclip/clip delay=0.08s duration=0.82s scale=1.2 offset=(0,0)wu drift=(0,0)wu/s",0 planned primary clip,0.80,false,8 frames × 0.10s; same 384×384 RGBA canvas,runtime offset=world unit; drift=world unit/s; art=pixel canvas; pivot=normalized,right-authored; role contract controls use,defense=false; attack based on player look/monster hit target,UNRESOLVED_IMPORT_PREVIEW,"(0.5,0.5) planned registration pivot; no autocrop/recenter",preserve current gameplay origin; final visual offset unresolved until labeled preview,"local build-up/impact only; layer drift, dash, projectile translation remain engine-owned",runtime_evidence/RUNTIME_CODE_EVIDENCE.md; ASSET_BINDING_PLAN.md,old layers remain KEEP until art approval; exact final scale/offset is not invented in INPUT,true,true,n/a,n/a,n/a,n/a,n/a,READY
area_07,m_tauromacis,s_mon_tauromacis,액티브,CURRENT_CAST_LAYER,layer_ruids,L1,3cbd85dcfe3c41c4989adec59385c257,KEEP,none until approved replacement,layer_ruids,L1,map entity spawned at caster position sampled when delayed SpawnLayer executes,current layer recipe,current layer recipe,0.08,0.82,false,8 frames × 0.10s; same 384×384 RGBA canvas,runtime offset=world unit; drift=world unit/s; art=pixel canvas; pivot=normalized,engine FlipX by caster/target,SkillEffect.SpawnLayer,1.2,"(0.5,0.5) planned registration pivot; no autocrop/recenter","(0,0) world unit",position sampled at execution; after spawn map entity applies configured drift and does not follow caster,runtime_evidence/RUNTIME_CODE_EVIDENCE.md; ASSET_BINDING_PLAN.md,기존 리소스는 신규 아트 승인·반입 전까지 유지,false,true,n/a,n/a,n/a,n/a,n/a,READY
area_07,m_tauromacis,s_mon_tauromacis,액티브,ICON,icon_ruid,UI,thumbnail://5ef751fd743e41609bf98e03de4df51c,REPLACE_PLANNED,ICON/icon.png 256×256 RGBA,icon_ruid,UI icon,UI,inventory/skill UI,not world VFX,n/a,static,false,8 frames × 0.10s; same 384×384 RGBA canvas,runtime offset=world unit; drift=world unit/s; art=pixel canvas; pivot=normalized,none,false,UI layout controlled,"(0.5,0.5) planned registration pivot; no autocrop/recenter",UI layout controlled,static centered motif,runtime_evidence/RUNTIME_CODE_EVIDENCE.md; ASSET_BINDING_PLAN.md,VFX와 색·질감 언어 일치; 몬스터 원본을 그대로 복사하지 않음,true,ui,n/a,n/a,n/a,n/a,n/a,READY
area_08,m_star_pixie,s_mon_star_pixie,액티브,CAST_VFX,layer_ruids,visual stack L1..L2,78e3188f0fc14797a8383658e626e3ea|6ffbabe486c24e5ea6cda2c54022033b,REPLACE_PLANNED,VFX/F00... -> accepted AnimationClip,layer_ruids,replace visual stack as one accepted primary clip; do not duplicate across old layers automatically,caster at PlayCast time,"CAST는 시전자 원점+h에서 재생하고 projectile_ruid b61e7e2a50b2405794f88fdddf44b73a는 엔진이 목표까지 0.35초 이동·회전. 피해는 도착 타이머 뒤 착탄점에서 판정. L1 78e3188f0fc14797a8383658e626e3ea animationclip/clip delay=0s duration=0.62s scale=0.72 offset=(0,0)wu drift=(0,0)wu/s; L2 6ffbabe486c24e5ea6cda2c54022033b animationclip/clip delay=0.18s duration=0.58s scale=0.7 offset=(0,0)wu drift=(0,0)wu/s","CAST는 시전자 원점+h에서 재생하고 projectile_ruid b61e7e2a50b2405794f88fdddf44b73a는 엔진이 목표까지 0.35초 이동·회전. 피해는 도착 타이머 뒤 착탄점에서 판정. L1 78e3188f0fc14797a8383658e626e3ea animationclip/clip delay=0s duration=0.62s scale=0.72 offset=(0,0)wu drift=(0,0)wu/s; L2 6ffbabe486c24e5ea6cda2c54022033b animationclip/clip delay=0.18s duration=0.58s scale=0.7 offset=(0,0)wu drift=(0,0)wu/s",0 planned primary clip,0.80,false,8 frames × 0.10s; same 384×384 RGBA canvas,runtime offset=world unit; drift=world unit/s; art=pixel canvas; pivot=normalized,right-authored; role contract controls use,defense=false; attack based on player look/monster hit target,UNRESOLVED_IMPORT_PREVIEW,"(0.5,0.5) planned registration pivot; no autocrop/recenter",preserve current gameplay origin; final visual offset unresolved until labeled preview,"local build-up/impact only; layer drift, dash, projectile translation remain engine-owned",runtime_evidence/RUNTIME_CODE_EVIDENCE.md; ASSET_BINDING_PLAN.md,old layers remain KEEP until art approval; exact final scale/offset is not invented in INPUT,true,true,6,4.002000000000001,0.8,0.35,1,READY
area_08,m_star_pixie,s_mon_star_pixie,액티브,CURRENT_CAST_LAYER,layer_ruids,L1,78e3188f0fc14797a8383658e626e3ea,KEEP,none until approved replacement,layer_ruids,L1,caster,current layer recipe,current layer recipe,0,0.62,false,8 frames × 0.10s; same 384×384 RGBA canvas,runtime offset=world unit; drift=world unit/s; art=pixel canvas; pivot=normalized,engine FlipX by caster/target,SkillEffect.SpawnLayer,0.72,"(0.5,0.5) planned registration pivot; no autocrop/recenter","(0,0) world unit","engine drift (0,0) world unit/s",runtime_evidence/RUNTIME_CODE_EVIDENCE.md; ASSET_BINDING_PLAN.md,기존 리소스는 신규 아트 승인·반입 전까지 유지,false,true,6,4.002000000000001,0.8,0.35,1,READY
area_08,m_star_pixie,s_mon_star_pixie,액티브,CURRENT_CAST_LAYER,layer_ruids,L2,6ffbabe486c24e5ea6cda2c54022033b,KEEP,none until approved replacement,layer_ruids,L2,map entity spawned at caster position sampled when delayed SpawnLayer executes,current layer recipe,current layer recipe,0.18,0.58,false,8 frames × 0.10s; same 384×384 RGBA canvas,runtime offset=world unit; drift=world unit/s; art=pixel canvas; pivot=normalized,engine FlipX by caster/target,SkillEffect.SpawnLayer,0.7,"(0.5,0.5) planned registration pivot; no autocrop/recenter","(0,0) world unit",position sampled at execution; after spawn map entity applies configured drift and does not follow caster,runtime_evidence/RUNTIME_CODE_EVIDENCE.md; ASSET_BINDING_PLAN.md,기존 리소스는 신규 아트 승인·반입 전까지 유지,false,true,6,4.002000000000001,0.8,0.35,1,READY
area_08,m_star_pixie,s_mon_star_pixie,액티브,PROJECTILE,projectile_ruid,moving entity sprite,b61e7e2a50b2405794f88fdddf44b73a,KEEP,none in required V2.1 scope,projectile_ruid,SkillProjectile SpriteRenderer,moving projectile entity,engine travel then arrival hit,engine travel then arrival hit,0,0.35,false,8 frames × 0.10s; same 384×384 RGBA canvas,runtime offset=world unit; drift=world unit/s; art=pixel canvas; pivot=normalized,engine translation + ZRotation only,none in actual PROJECTILE path,current,"(0.5,0.5) planned registration pivot; no autocrop/recenter",caster/target + skill_effect_height,engine owns translation/spin; existing projectile art retained,runtime_evidence/RUNTIME_CODE_EVIDENCE.md; ASSET_BINDING_PLAN.md,KEEP: existing projectile art remains outside required V2.2 generation scope; additional approval required to replace,false,true,6,4.002000000000001,0.8,0.35,1,READY
area_08,m_star_pixie,s_mon_star_pixie,액티브,ICON,icon_ruid,UI,thumbnail://ca136923b7e84267af993bdbabada385,REPLACE_PLANNED,ICON/icon.png 256×256 RGBA,icon_ruid,UI icon,UI,inventory/skill UI,not world VFX,n/a,static,false,8 frames × 0.10s; same 384×384 RGBA canvas,runtime offset=world unit; drift=world unit/s; art=pixel canvas; pivot=normalized,none,false,UI layout controlled,"(0.5,0.5) planned registration pivot; no autocrop/recenter",UI layout controlled,static centered motif,runtime_evidence/RUNTIME_CODE_EVIDENCE.md; ASSET_BINDING_PLAN.md,VFX와 색·질감 언어 일치; 몬스터 원본을 그대로 복사하지 않음,true,ui,6,4.002000000000001,0.8,0.35,1,READY
area_08,m_jr_cellion,s_mon_jr_cellion,패시브,REFERENCE_VFX,none,none,,REFERENCE_ONLY,VFX/F00... (preview/reference only),none,none,not runtime,inventory ownership applies stat; no CAST,no passive CAST path,n/a,preview only,false,6 frames × 0.10s; same 256×256 RGBA canvas,runtime offset=world unit; drift=world unit/s; art=pixel canvas; pivot=normalized,art reference only,n/a,n/a,"(0.5,0.5) planned registration pivot; no autocrop/recenter",n/a,reference animation only; never auto-import,runtime_evidence/RUNTIME_CODE_EVIDENCE.md; ASSET_BINDING_PLAN.md,현행 런타임 VFX 없음,true,false,n/a,n/a,n/a,n/a,n/a,READY
area_08,m_jr_cellion,s_mon_jr_cellion,패시브,ICON,icon_ruid,UI,thumbnail://016bc9a459104e2a8a2fea03d7130519,REPLACE_PLANNED,ICON/icon.png 256×256 RGBA,icon_ruid,UI icon,UI,inventory/skill UI,not world VFX,n/a,static,false,6 frames × 0.10s; same 256×256 RGBA canvas,runtime offset=world unit; drift=world unit/s; art=pixel canvas; pivot=normalized,none,false,UI layout controlled,"(0.5,0.5) planned registration pivot; no autocrop/recenter",UI layout controlled,static centered motif,runtime_evidence/RUNTIME_CODE_EVIDENCE.md; ASSET_BINDING_PLAN.md,VFX와 색·질감 언어 일치; 몬스터 원본을 그대로 복사하지 않음,true,ui,n/a,n/a,n/a,n/a,n/a,READY
area_08,m_lunar_pixie,s_mon_lunar_pixie,액티브,CAST_VFX,layer_ruids,visual stack L1..L2,e7ee1a40564c43afbced2da544471266|6d96350411834e2b90a2fe18ff542159,REPLACE_PLANNED,VFX/F00... -> accepted AnimationClip,layer_ruids,replace visual stack as one accepted primary clip; do not duplicate across old layers automatically,caster at PlayCast time,"CAST는 시전자 원점+h에서 재생하고 projectile_ruid 4f6509d9539f4d76a9bb4e8f17e12cc7는 엔진이 목표까지 0.35초 이동·회전. 피해는 도착 타이머 뒤 착탄점에서 판정. L1 e7ee1a40564c43afbced2da544471266 animationclip/clip delay=0s duration=0.68s scale=0.8 offset=(0,0)wu drift=(0,0)wu/s; L2 6d96350411834e2b90a2fe18ff542159 animationclip/clip delay=0.2s duration=0.62s scale=0.75 offset=(0,0)wu drift=(0,0)wu/s","CAST는 시전자 원점+h에서 재생하고 projectile_ruid 4f6509d9539f4d76a9bb4e8f17e12cc7는 엔진이 목표까지 0.35초 이동·회전. 피해는 도착 타이머 뒤 착탄점에서 판정. L1 e7ee1a40564c43afbced2da544471266 animationclip/clip delay=0s duration=0.68s scale=0.8 offset=(0,0)wu drift=(0,0)wu/s; L2 6d96350411834e2b90a2fe18ff542159 animationclip/clip delay=0.2s duration=0.62s scale=0.75 offset=(0,0)wu drift=(0,0)wu/s",0 planned primary clip,0.80,false,8 frames × 0.10s; same 384×384 RGBA canvas,runtime offset=world unit; drift=world unit/s; art=pixel canvas; pivot=normalized,right-authored; role contract controls use,defense=false; attack based on player look/monster hit target,UNRESOLVED_IMPORT_PREVIEW,"(0.5,0.5) planned registration pivot; no autocrop/recenter",preserve current gameplay origin; final visual offset unresolved until labeled preview,"local build-up/impact only; layer drift, dash, projectile translation remain engine-owned",runtime_evidence/RUNTIME_CODE_EVIDENCE.md; ASSET_BINDING_PLAN.md,old layers remain KEEP until art approval; exact final scale/offset is not invented in INPUT,true,true,6.4,4.268800000000001,0.8,0.35,1,READY
area_08,m_lunar_pixie,s_mon_lunar_pixie,액티브,CURRENT_CAST_LAYER,layer_ruids,L1,e7ee1a40564c43afbced2da544471266,KEEP,none until approved replacement,layer_ruids,L1,caster,current layer recipe,current layer recipe,0,0.68,false,8 frames × 0.10s; same 384×384 RGBA canvas,runtime offset=world unit; drift=world unit/s; art=pixel canvas; pivot=normalized,engine FlipX by caster/target,SkillEffect.SpawnLayer,0.8,"(0.5,0.5) planned registration pivot; no autocrop/recenter","(0,0) world unit","engine drift (0,0) world unit/s",runtime_evidence/RUNTIME_CODE_EVIDENCE.md; ASSET_BINDING_PLAN.md,기존 리소스는 신규 아트 승인·반입 전까지 유지,false,true,6.4,4.268800000000001,0.8,0.35,1,READY
area_08,m_lunar_pixie,s_mon_lunar_pixie,액티브,CURRENT_CAST_LAYER,layer_ruids,L2,6d96350411834e2b90a2fe18ff542159,KEEP,none until approved replacement,layer_ruids,L2,map entity spawned at caster position sampled when delayed SpawnLayer executes,current layer recipe,current layer recipe,0.2,0.62,false,8 frames × 0.10s; same 384×384 RGBA canvas,runtime offset=world unit; drift=world unit/s; art=pixel canvas; pivot=normalized,engine FlipX by caster/target,SkillEffect.SpawnLayer,0.75,"(0.5,0.5) planned registration pivot; no autocrop/recenter","(0,0) world unit",position sampled at execution; after spawn map entity applies configured drift and does not follow caster,runtime_evidence/RUNTIME_CODE_EVIDENCE.md; ASSET_BINDING_PLAN.md,기존 리소스는 신규 아트 승인·반입 전까지 유지,false,true,6.4,4.268800000000001,0.8,0.35,1,READY
area_08,m_lunar_pixie,s_mon_lunar_pixie,액티브,PROJECTILE,projectile_ruid,moving entity sprite,4f6509d9539f4d76a9bb4e8f17e12cc7,KEEP,none in required V2.1 scope,projectile_ruid,SkillProjectile SpriteRenderer,moving projectile entity,engine travel then arrival hit,engine travel then arrival hit,0,0.35,false,8 frames × 0.10s; same 384×384 RGBA canvas,runtime offset=world unit; drift=world unit/s; art=pixel canvas; pivot=normalized,engine translation + ZRotation only,none in actual PROJECTILE path,current,"(0.5,0.5) planned registration pivot; no autocrop/recenter",caster/target + skill_effect_height,engine owns translation/spin; existing projectile art retained,runtime_evidence/RUNTIME_CODE_EVIDENCE.md; ASSET_BINDING_PLAN.md,KEEP: existing projectile art remains outside required V2.2 generation scope; additional approval required to replace,false,true,6.4,4.268800000000001,0.8,0.35,1,READY
area_08,m_lunar_pixie,s_mon_lunar_pixie,액티브,ICON,icon_ruid,UI,thumbnail://ff4a57bc3d4a4488b0053c33f4c3369f,REPLACE_PLANNED,ICON/icon.png 256×256 RGBA,icon_ruid,UI icon,UI,inventory/skill UI,not world VFX,n/a,static,false,8 frames × 0.10s; same 384×384 RGBA canvas,runtime offset=world unit; drift=world unit/s; art=pixel canvas; pivot=normalized,none,false,UI layout controlled,"(0.5,0.5) planned registration pivot; no autocrop/recenter",UI layout controlled,static centered motif,runtime_evidence/RUNTIME_CODE_EVIDENCE.md; ASSET_BINDING_PLAN.md,VFX와 색·질감 언어 일치; 몬스터 원본을 그대로 복사하지 않음,true,ui,6.4,4.268800000000001,0.8,0.35,1,READY
area_08,m_luster_pixie,s_mon_luster_pixie,패시브,REFERENCE_VFX,none,none,,REFERENCE_ONLY,VFX/F00... (preview/reference only),none,none,not runtime,inventory ownership applies stat; no CAST,no passive CAST path,n/a,preview only,false,6 frames × 0.10s; same 256×256 RGBA canvas,runtime offset=world unit; drift=world unit/s; art=pixel canvas; pivot=normalized,art reference only,n/a,n/a,"(0.5,0.5) planned registration pivot; no autocrop/recenter",n/a,reference animation only; never auto-import,runtime_evidence/RUNTIME_CODE_EVIDENCE.md; ASSET_BINDING_PLAN.md,현행 런타임 VFX 없음,true,false,n/a,n/a,n/a,n/a,n/a,READY
area_08,m_luster_pixie,s_mon_luster_pixie,패시브,ICON,icon_ruid,UI,thumbnail://35f555b27d3a4d438224a29e73fac305,REPLACE_PLANNED,ICON/icon.png 256×256 RGBA,icon_ruid,UI icon,UI,inventory/skill UI,not world VFX,n/a,static,false,6 frames × 0.10s; same 256×256 RGBA canvas,runtime offset=world unit; drift=world unit/s; art=pixel canvas; pivot=normalized,none,false,UI layout controlled,"(0.5,0.5) planned registration pivot; no autocrop/recenter",UI layout controlled,static centered motif,runtime_evidence/RUNTIME_CODE_EVIDENCE.md; ASSET_BINDING_PLAN.md,VFX와 색·질감 언어 일치; 몬스터 원본을 그대로 복사하지 않음,true,ui,n/a,n/a,n/a,n/a,n/a,READY
area_08,m_eliza,s_mon_eliza,액티브,CAST_VFX,layer_ruids,visual stack L1..L2,b14b3dbca0504af28e8d085c12b22000|1660382723ff40c296845e8ded7bbc86,REPLACE_PLANNED,VFX/F00... -> accepted AnimationClip,layer_ruids,replace visual stack as one accepted primary clip; do not duplicate across old layers automatically,caster at PlayCast time,"플레이어: 즉시 시전자 중심 원형 피해 판정 후 CAST. 몬스터: 축소 반경의 시전자 중심 원형 판정이 실제 명중한 경우에만 CAST. CAST는 시전자 원점+h, 좌측 대상/시선이면 FlipX. L1 b14b3dbca0504af28e8d085c12b22000 animationclip/clip delay=0s duration=0.72s scale=1.05 offset=(0,0)wu drift=(0,0)wu/s; L2 1660382723ff40c296845e8ded7bbc86 animationclip/clip delay=0.22s duration=0.85s scale=1.25 offset=(0,0)wu drift=(0,0)wu/s","플레이어: 즉시 시전자 중심 원형 피해 판정 후 CAST. 몬스터: 축소 반경의 시전자 중심 원형 판정이 실제 명중한 경우에만 CAST. CAST는 시전자 원점+h, 좌측 대상/시선이면 FlipX. L1 b14b3dbca0504af28e8d085c12b22000 animationclip/clip delay=0s duration=0.72s scale=1.05 offset=(0,0)wu drift=(0,0)wu/s; L2 1660382723ff40c296845e8ded7bbc86 animationclip/clip delay=0.22s duration=0.85s scale=1.25 offset=(0,0)wu drift=(0,0)wu/s",0 planned primary clip,0.96,false,12 frames × 0.08s; same 512×512 RGBA canvas,runtime offset=world unit; drift=world unit/s; art=pixel canvas; pivot=normalized,right-authored; role contract controls use,defense=false; attack based on player look/monster hit target,UNRESOLVED_IMPORT_PREVIEW,"(0.5,0.5) planned registration pivot; no autocrop/recenter",preserve current gameplay origin; final visual offset unresolved until labeled preview,"local build-up/impact only; layer drift, dash, projectile translation remain engine-owned",runtime_evidence/RUNTIME_CODE_EVIDENCE.md; ASSET_BINDING_PLAN.md,old layers remain KEEP until art approval; exact final scale/offset is not invented in INPUT,true,true,n/a,n/a,n/a,n/a,n/a,READY
area_08,m_eliza,s_mon_eliza,액티브,CURRENT_CAST_LAYER,layer_ruids,L1,b14b3dbca0504af28e8d085c12b22000,KEEP,none until approved replacement,layer_ruids,L1,caster,current layer recipe,current layer recipe,0,0.72,false,12 frames × 0.08s; same 512×512 RGBA canvas,runtime offset=world unit; drift=world unit/s; art=pixel canvas; pivot=normalized,engine FlipX by caster/target,SkillEffect.SpawnLayer,1.05,"(0.5,0.5) planned registration pivot; no autocrop/recenter","(0,0) world unit","engine drift (0,0) world unit/s",runtime_evidence/RUNTIME_CODE_EVIDENCE.md; ASSET_BINDING_PLAN.md,기존 리소스는 신규 아트 승인·반입 전까지 유지,false,true,n/a,n/a,n/a,n/a,n/a,READY
area_08,m_eliza,s_mon_eliza,액티브,CURRENT_CAST_LAYER,layer_ruids,L2,1660382723ff40c296845e8ded7bbc86,KEEP,none until approved replacement,layer_ruids,L2,map entity spawned at caster position sampled when delayed SpawnLayer executes,current layer recipe,current layer recipe,0.22,0.85,false,12 frames × 0.08s; same 512×512 RGBA canvas,runtime offset=world unit; drift=world unit/s; art=pixel canvas; pivot=normalized,engine FlipX by caster/target,SkillEffect.SpawnLayer,1.25,"(0.5,0.5) planned registration pivot; no autocrop/recenter","(0,0) world unit",position sampled at execution; after spawn map entity applies configured drift and does not follow caster,runtime_evidence/RUNTIME_CODE_EVIDENCE.md; ASSET_BINDING_PLAN.md,기존 리소스는 신규 아트 승인·반입 전까지 유지,false,true,n/a,n/a,n/a,n/a,n/a,READY
area_08,m_eliza,s_mon_eliza,액티브,ICON,icon_ruid,UI,thumbnail://d458879e2e2949f2bb2e915ff67fbc64,REPLACE_PLANNED,ICON/icon.png 256×256 RGBA,icon_ruid,UI icon,UI,inventory/skill UI,not world VFX,n/a,static,false,12 frames × 0.08s; same 512×512 RGBA canvas,runtime offset=world unit; drift=world unit/s; art=pixel canvas; pivot=normalized,none,false,UI layout controlled,"(0.5,0.5) planned registration pivot; no autocrop/recenter",UI layout controlled,static centered motif,runtime_evidence/RUNTIME_CODE_EVIDENCE.md; ASSET_BINDING_PLAN.md,VFX와 색·질감 언어 일치; 몬스터 원본을 그대로 복사하지 않음,true,ui,n/a,n/a,n/a,n/a,n/a,READY
area_09,m_jr_yeti,s_mon_jr_yeti,패시브,REFERENCE_VFX,none,none,,REFERENCE_ONLY,VFX/F00... (preview/reference only),none,none,not runtime,inventory ownership applies stat; no CAST,no passive CAST path,n/a,preview only,false,6 frames × 0.10s; same 256×256 RGBA canvas,runtime offset=world unit; drift=world unit/s; art=pixel canvas; pivot=normalized,art reference only,n/a,n/a,"(0.5,0.5) planned registration pivot; no autocrop/recenter",n/a,reference animation only; never auto-import,runtime_evidence/RUNTIME_CODE_EVIDENCE.md; ASSET_BINDING_PLAN.md,현행 런타임 VFX 없음,true,false,n/a,n/a,n/a,n/a,n/a,READY
area_09,m_jr_yeti,s_mon_jr_yeti,패시브,ICON,icon_ruid,UI,thumbnail://1975dd704eec461ab49bdeb0c11c54d9,REPLACE_PLANNED,ICON/icon.png 256×256 RGBA,icon_ruid,UI icon,UI,inventory/skill UI,not world VFX,n/a,static,false,6 frames × 0.10s; same 256×256 RGBA canvas,runtime offset=world unit; drift=world unit/s; art=pixel canvas; pivot=normalized,none,false,UI layout controlled,"(0.5,0.5) planned registration pivot; no autocrop/recenter",UI layout controlled,static centered motif,runtime_evidence/RUNTIME_CODE_EVIDENCE.md; ASSET_BINDING_PLAN.md,VFX와 색·질감 언어 일치; 몬스터 원본을 그대로 복사하지 않음,true,ui,n/a,n/a,n/a,n/a,n/a,READY
area_09,m_dark_jr_yeti,s_mon_dark_jr_yeti,패시브,REFERENCE_VFX,none,none,,REFERENCE_ONLY,VFX/F00... (preview/reference only),none,none,not runtime,inventory ownership applies stat; no CAST,no passive CAST path,n/a,preview only,false,6 frames × 0.10s; same 256×256 RGBA canvas,runtime offset=world unit; drift=world unit/s; art=pixel canvas; pivot=normalized,art reference only,n/a,n/a,"(0.5,0.5) planned registration pivot; no autocrop/recenter",n/a,reference animation only; never auto-import,runtime_evidence/RUNTIME_CODE_EVIDENCE.md; ASSET_BINDING_PLAN.md,현행 런타임 VFX 없음,true,false,n/a,n/a,n/a,n/a,n/a,READY
area_09,m_dark_jr_yeti,s_mon_dark_jr_yeti,패시브,ICON,icon_ruid,UI,thumbnail://ce56cf9613174f80976dab5b61f7b604,REPLACE_PLANNED,ICON/icon.png 256×256 RGBA,icon_ruid,UI icon,UI,inventory/skill UI,not world VFX,n/a,static,false,6 frames × 0.10s; same 256×256 RGBA canvas,runtime offset=world unit; drift=world unit/s; art=pixel canvas; pivot=normalized,none,false,UI layout controlled,"(0.5,0.5) planned registration pivot; no autocrop/recenter",UI layout controlled,static centered motif,runtime_evidence/RUNTIME_CODE_EVIDENCE.md; ASSET_BINDING_PLAN.md,VFX와 색·질감 언어 일치; 몬스터 원본을 그대로 복사하지 않음,true,ui,n/a,n/a,n/a,n/a,n/a,READY
area_09,m_hector,s_mon_hector,액티브,IMPACT_CAST_VFX,layer_ruids,visual stack L1..L2,b9d0ab716c054c58a18c0c38b07695a5|7a41e40ee7d846908e29ec10b94630b0,REPLACE_PLANNED,VFX/F00... -> accepted AnimationClip,layer_ruids,replace visual stack as one accepted primary clip; do not duplicate across old layers automatically,caster at PlayCast time,"플레이어: 8방향으로 6.5wu를 0.2초 이동하고 계산 도착점에서 피해 판정; 직후 CAST는 서버가 보는 시전자 위치에 부착되어 계산 도착점과 일치가 보장되지 않음. 몬스터: dash_distance 분기 없이 즉시 시전자 중심 원형 판정 후 명중 시 CAST. L1 b9d0ab716c054c58a18c0c38b07695a5 animationclip/clip delay=0s duration=0.58s scale=0.82 offset=(0,0)wu drift=(1.0,0)wu/s; L2 7a41e40ee7d846908e29ec10b94630b0 animationclip/clip delay=0.12s duration=0.62s scale=0.78 offset=(0,0)wu drift=(0,0)wu/s","플레이어: 8방향으로 6.5wu를 0.2초 이동하고 계산 도착점에서 피해 판정; 직후 CAST는 서버가 보는 시전자 위치에 부착되어 계산 도착점과 일치가 보장되지 않음. 몬스터: dash_distance 분기 없이 즉시 시전자 중심 원형 판정 후 명중 시 CAST. L1 b9d0ab716c054c58a18c0c38b07695a5 animationclip/clip delay=0s duration=0.58s scale=0.82 offset=(0,0)wu drift=(1.0,0)wu/s; L2 7a41e40ee7d846908e29ec10b94630b0 animationclip/clip delay=0.12s duration=0.62s scale=0.78 offset=(0,0)wu drift=(0,0)wu/s",0 planned primary clip,0.80,false,8 frames × 0.10s; same 384×384 RGBA canvas,runtime offset=world unit; drift=world unit/s; art=pixel canvas; pivot=normalized,right-authored; role contract controls use,defense=false; attack based on player look/monster hit target,UNRESOLVED_IMPORT_PREVIEW,"(0.5,0.5) planned registration pivot; no autocrop/recenter",preserve current gameplay origin; final visual offset unresolved until labeled preview,"local build-up/impact only; layer drift, dash, projectile translation remain engine-owned",runtime_evidence/RUNTIME_CODE_EVIDENCE.md; ASSET_BINDING_PLAN.md,old layers remain KEEP until art approval; exact final scale/offset is not invented in INPUT,true,true,n/a,n/a,n/a,n/a,n/a,READY
area_09,m_hector,s_mon_hector,액티브,CURRENT_CAST_LAYER,layer_ruids,L1,b9d0ab716c054c58a18c0c38b07695a5,KEEP,none until approved replacement,layer_ruids,L1,caster,current layer recipe,current layer recipe,0,0.58,false,8 frames × 0.10s; same 384×384 RGBA canvas,runtime offset=world unit; drift=world unit/s; art=pixel canvas; pivot=normalized,engine FlipX by caster/target,SkillEffect.SpawnLayer,0.82,"(0.5,0.5) planned registration pivot; no autocrop/recenter","(0,0) world unit","engine drift (1.0,0) world unit/s",runtime_evidence/RUNTIME_CODE_EVIDENCE.md; ASSET_BINDING_PLAN.md,기존 리소스는 신규 아트 승인·반입 전까지 유지,false,true,n/a,n/a,n/a,n/a,n/a,READY
area_09,m_hector,s_mon_hector,액티브,CURRENT_CAST_LAYER,layer_ruids,L2,7a41e40ee7d846908e29ec10b94630b0,KEEP,none until approved replacement,layer_ruids,L2,map entity spawned at caster position sampled when delayed SpawnLayer executes,current layer recipe,current layer recipe,0.12,0.62,false,8 frames × 0.10s; same 384×384 RGBA canvas,runtime offset=world unit; drift=world unit/s; art=pixel canvas; pivot=normalized,engine FlipX by caster/target,SkillEffect.SpawnLayer,0.78,"(0.5,0.5) planned registration pivot; no autocrop/recenter","(0,0) world unit",position sampled at execution; after spawn map entity applies configured drift and does not follow caster,runtime_evidence/RUNTIME_CODE_EVIDENCE.md; ASSET_BINDING_PLAN.md,기존 리소스는 신규 아트 승인·반입 전까지 유지,false,true,n/a,n/a,n/a,n/a,n/a,READY
area_09,m_hector,s_mon_hector,액티브,ICON,icon_ruid,UI,thumbnail://7dcc64a4725b4777b8f86a5404b4d4cc,REPLACE_PLANNED,ICON/icon.png 256×256 RGBA,icon_ruid,UI icon,UI,inventory/skill UI,not world VFX,n/a,static,false,8 frames × 0.10s; same 384×384 RGBA canvas,runtime offset=world unit; drift=world unit/s; art=pixel canvas; pivot=normalized,none,false,UI layout controlled,"(0.5,0.5) planned registration pivot; no autocrop/recenter",UI layout controlled,static centered motif,runtime_evidence/RUNTIME_CODE_EVIDENCE.md; ASSET_BINDING_PLAN.md,VFX와 색·질감 언어 일치; 몬스터 원본을 그대로 복사하지 않음,true,ui,n/a,n/a,n/a,n/a,n/a,READY
area_09,m_white_fang,s_mon_white_fang,액티브,CAST_VFX,layer_ruids,visual stack L1..L2,dd098279908940fa938d3c5cb3dda732|9fae493a549a4396a2f1378c39f7386f,REPLACE_PLANNED,VFX/F00... -> accepted AnimationClip,layer_ruids,replace visual stack as one accepted primary clip; do not duplicate across old layers automatically,caster at PlayCast time,"플레이어: 즉시 시전자 중심 원형 피해 판정 후 CAST. 몬스터: 축소 반경의 시전자 중심 원형 판정이 실제 명중한 경우에만 CAST. CAST는 시전자 원점+h, 좌측 대상/시선이면 FlipX. L1 dd098279908940fa938d3c5cb3dda732 animationclip/clip delay=0s duration=0.65s scale=0.9 offset=(0,0)wu drift=(0,0)wu/s; L2 9fae493a549a4396a2f1378c39f7386f animationclip/clip delay=0.15s duration=0.72s scale=0.85 offset=(0,0)wu drift=(0,0)wu/s","플레이어: 즉시 시전자 중심 원형 피해 판정 후 CAST. 몬스터: 축소 반경의 시전자 중심 원형 판정이 실제 명중한 경우에만 CAST. CAST는 시전자 원점+h, 좌측 대상/시선이면 FlipX. L1 dd098279908940fa938d3c5cb3dda732 animationclip/clip delay=0s duration=0.65s scale=0.9 offset=(0,0)wu drift=(0,0)wu/s; L2 9fae493a549a4396a2f1378c39f7386f animationclip/clip delay=0.15s duration=0.72s scale=0.85 offset=(0,0)wu drift=(0,0)wu/s",0 planned primary clip,0.80,false,8 frames × 0.10s; same 384×384 RGBA canvas,runtime offset=world unit; drift=world unit/s; art=pixel canvas; pivot=normalized,right-authored; role contract controls use,defense=false; attack based on player look/monster hit target,UNRESOLVED_IMPORT_PREVIEW,"(0.5,0.5) planned registration pivot; no autocrop/recenter",preserve current gameplay origin; final visual offset unresolved until labeled preview,"local build-up/impact only; layer drift, dash, projectile translation remain engine-owned",runtime_evidence/RUNTIME_CODE_EVIDENCE.md; ASSET_BINDING_PLAN.md,old layers remain KEEP until art approval; exact final scale/offset is not invented in INPUT,true,true,n/a,n/a,n/a,n/a,n/a,READY
area_09,m_white_fang,s_mon_white_fang,액티브,CURRENT_CAST_LAYER,layer_ruids,L1,dd098279908940fa938d3c5cb3dda732,KEEP,none until approved replacement,layer_ruids,L1,caster,current layer recipe,current layer recipe,0,0.65,false,8 frames × 0.10s; same 384×384 RGBA canvas,runtime offset=world unit; drift=world unit/s; art=pixel canvas; pivot=normalized,engine FlipX by caster/target,SkillEffect.SpawnLayer,0.9,"(0.5,0.5) planned registration pivot; no autocrop/recenter","(0,0) world unit","engine drift (0,0) world unit/s",runtime_evidence/RUNTIME_CODE_EVIDENCE.md; ASSET_BINDING_PLAN.md,기존 리소스는 신규 아트 승인·반입 전까지 유지,false,true,n/a,n/a,n/a,n/a,n/a,READY
area_09,m_white_fang,s_mon_white_fang,액티브,CURRENT_CAST_LAYER,layer_ruids,L2,9fae493a549a4396a2f1378c39f7386f,KEEP,none until approved replacement,layer_ruids,L2,map entity spawned at caster position sampled when delayed SpawnLayer executes,current layer recipe,current layer recipe,0.15,0.72,false,8 frames × 0.10s; same 384×384 RGBA canvas,runtime offset=world unit; drift=world unit/s; art=pixel canvas; pivot=normalized,engine FlipX by caster/target,SkillEffect.SpawnLayer,0.85,"(0.5,0.5) planned registration pivot; no autocrop/recenter","(0,0) world unit",position sampled at execution; after spawn map entity applies configured drift and does not follow caster,runtime_evidence/RUNTIME_CODE_EVIDENCE.md; ASSET_BINDING_PLAN.md,기존 리소스는 신규 아트 승인·반입 전까지 유지,false,true,n/a,n/a,n/a,n/a,n/a,READY
area_09,m_white_fang,s_mon_white_fang,액티브,ICON,icon_ruid,UI,thumbnail://aaa3b506804d4418b025da47dbb65b3f,REPLACE_PLANNED,ICON/icon.png 256×256 RGBA,icon_ruid,UI icon,UI,inventory/skill UI,not world VFX,n/a,static,false,8 frames × 0.10s; same 384×384 RGBA canvas,runtime offset=world unit; drift=world unit/s; art=pixel canvas; pivot=normalized,none,false,UI layout controlled,"(0.5,0.5) planned registration pivot; no autocrop/recenter",UI layout controlled,static centered motif,runtime_evidence/RUNTIME_CODE_EVIDENCE.md; ASSET_BINDING_PLAN.md,VFX와 색·질감 언어 일치; 몬스터 원본을 그대로 복사하지 않음,true,ui,n/a,n/a,n/a,n/a,n/a,READY
area_09,m_snow_witch,s_mon_snow_witch,액티브,CAST_VFX,layer_ruids,visual stack L1..L3,f55dd57a708e43238b64715c02bb06cc|c5a807748e9443348e5b14162948f26b|0719861214fa45578488a1083f49df5a,REPLACE_PLANNED,VFX/F00... -> accepted AnimationClip,layer_ruids,replace visual stack as one accepted primary clip; do not duplicate across old layers automatically,caster at PlayCast time,"플레이어: 즉시 시전자 중심 원형 피해 판정 후 CAST. 몬스터: 축소 반경의 시전자 중심 원형 판정이 실제 명중한 경우에만 CAST. CAST는 시전자 원점+h, 좌측 대상/시선이면 FlipX. L1 f55dd57a708e43238b64715c02bb06cc animationclip/clip delay=0s duration=0.72s scale=0.8 offset=(0,0)wu drift=(0,0)wu/s; L2 c5a807748e9443348e5b14162948f26b animationclip/clip delay=0.16s duration=0.8s scale=1.0 offset=(0,0)wu drift=(0,0)wu/s; L3 0719861214fa45578488a1083f49df5a animationclip/clip delay=0.3s duration=0.92s scale=1.2 offset=(0,0)wu drift=(0,0)wu/s","플레이어: 즉시 시전자 중심 원형 피해 판정 후 CAST. 몬스터: 축소 반경의 시전자 중심 원형 판정이 실제 명중한 경우에만 CAST. CAST는 시전자 원점+h, 좌측 대상/시선이면 FlipX. L1 f55dd57a708e43238b64715c02bb06cc animationclip/clip delay=0s duration=0.72s scale=0.8 offset=(0,0)wu drift=(0,0)wu/s; L2 c5a807748e9443348e5b14162948f26b animationclip/clip delay=0.16s duration=0.8s scale=1.0 offset=(0,0)wu drift=(0,0)wu/s; L3 0719861214fa45578488a1083f49df5a animationclip/clip delay=0.3s duration=0.92s scale=1.2 offset=(0,0)wu drift=(0,0)wu/s",0 planned primary clip,0.96,false,12 frames × 0.08s; same 512×512 RGBA canvas,runtime offset=world unit; drift=world unit/s; art=pixel canvas; pivot=normalized,right-authored; role contract controls use,defense=false; attack based on player look/monster hit target,UNRESOLVED_IMPORT_PREVIEW,"(0.5,0.5) planned registration pivot; no autocrop/recenter",preserve current gameplay origin; final visual offset unresolved until labeled preview,"local build-up/impact only; layer drift, dash, projectile translation remain engine-owned",runtime_evidence/RUNTIME_CODE_EVIDENCE.md; ASSET_BINDING_PLAN.md,old layers remain KEEP until art approval; exact final scale/offset is not invented in INPUT,true,true,n/a,n/a,n/a,n/a,n/a,READY
area_09,m_snow_witch,s_mon_snow_witch,액티브,CURRENT_CAST_LAYER,layer_ruids,L1,f55dd57a708e43238b64715c02bb06cc,KEEP,none until approved replacement,layer_ruids,L1,caster,current layer recipe,current layer recipe,0,0.72,false,12 frames × 0.08s; same 512×512 RGBA canvas,runtime offset=world unit; drift=world unit/s; art=pixel canvas; pivot=normalized,engine FlipX by caster/target,SkillEffect.SpawnLayer,0.8,"(0.5,0.5) planned registration pivot; no autocrop/recenter","(0,0) world unit","engine drift (0,0) world unit/s",runtime_evidence/RUNTIME_CODE_EVIDENCE.md; ASSET_BINDING_PLAN.md,기존 리소스는 신규 아트 승인·반입 전까지 유지,false,true,n/a,n/a,n/a,n/a,n/a,READY
area_09,m_snow_witch,s_mon_snow_witch,액티브,CURRENT_CAST_LAYER,layer_ruids,L2,c5a807748e9443348e5b14162948f26b,KEEP,none until approved replacement,layer_ruids,L2,map entity spawned at caster position sampled when delayed SpawnLayer executes,current layer recipe,current layer recipe,0.16,0.8,false,12 frames × 0.08s; same 512×512 RGBA canvas,runtime offset=world unit; drift=world unit/s; art=pixel canvas; pivot=normalized,engine FlipX by caster/target,SkillEffect.SpawnLayer,1.0,"(0.5,0.5) planned registration pivot; no autocrop/recenter","(0,0) world unit",position sampled at execution; after spawn map entity applies configured drift and does not follow caster,runtime_evidence/RUNTIME_CODE_EVIDENCE.md; ASSET_BINDING_PLAN.md,기존 리소스는 신규 아트 승인·반입 전까지 유지,false,true,n/a,n/a,n/a,n/a,n/a,READY
area_09,m_snow_witch,s_mon_snow_witch,액티브,CURRENT_CAST_LAYER,layer_ruids,L3,0719861214fa45578488a1083f49df5a,KEEP,none until approved replacement,layer_ruids,L3,map entity spawned at caster position sampled when delayed SpawnLayer executes,current layer recipe,current layer recipe,0.3,0.92,false,12 frames × 0.08s; same 512×512 RGBA canvas,runtime offset=world unit; drift=world unit/s; art=pixel canvas; pivot=normalized,engine FlipX by caster/target,SkillEffect.SpawnLayer,1.2,"(0.5,0.5) planned registration pivot; no autocrop/recenter","(0,0) world unit",position sampled at execution; after spawn map entity applies configured drift and does not follow caster,runtime_evidence/RUNTIME_CODE_EVIDENCE.md; ASSET_BINDING_PLAN.md,기존 리소스는 신규 아트 승인·반입 전까지 유지,false,true,n/a,n/a,n/a,n/a,n/a,READY
area_09,m_snow_witch,s_mon_snow_witch,액티브,ICON,icon_ruid,UI,thumbnail://4b50438f59154f41aba918b2d28bb8d2,REPLACE_PLANNED,ICON/icon.png 256×256 RGBA,icon_ruid,UI icon,UI,inventory/skill UI,not world VFX,n/a,static,false,12 frames × 0.08s; same 512×512 RGBA canvas,runtime offset=world unit; drift=world unit/s; art=pixel canvas; pivot=normalized,none,false,UI layout controlled,"(0.5,0.5) planned registration pivot; no autocrop/recenter",UI layout controlled,static centered motif,runtime_evidence/RUNTIME_CODE_EVIDENCE.md; ASSET_BINDING_PLAN.md,VFX와 색·질감 언어 일치; 몬스터 원본을 그대로 복사하지 않음,true,ui,n/a,n/a,n/a,n/a,n/a,READY
area_10,m_bubble_fish,s_mon_bubble_fish,패시브,REFERENCE_VFX,none,none,,REFERENCE_ONLY,VFX/F00... (preview/reference only),none,none,not runtime,inventory ownership applies stat; no CAST,no passive CAST path,n/a,preview only,false,6 frames × 0.10s; same 256×256 RGBA canvas,runtime offset=world unit; drift=world unit/s; art=pixel canvas; pivot=normalized,art reference only,n/a,n/a,"(0.5,0.5) planned registration pivot; no autocrop/recenter",n/a,reference animation only; never auto-import,runtime_evidence/RUNTIME_CODE_EVIDENCE.md; ASSET_BINDING_PLAN.md,현행 런타임 VFX 없음,true,false,n/a,n/a,n/a,n/a,n/a,READY
area_10,m_bubble_fish,s_mon_bubble_fish,패시브,ICON,icon_ruid,UI,thumbnail://c968133e75534a1b933d28da29c4e584,REPLACE_PLANNED,ICON/icon.png 256×256 RGBA,icon_ruid,UI icon,UI,inventory/skill UI,not world VFX,n/a,static,false,6 frames × 0.10s; same 256×256 RGBA canvas,runtime offset=world unit; drift=world unit/s; art=pixel canvas; pivot=normalized,none,false,UI layout controlled,"(0.5,0.5) planned registration pivot; no autocrop/recenter",UI layout controlled,static centered motif,runtime_evidence/RUNTIME_CODE_EVIDENCE.md; ASSET_BINDING_PLAN.md,VFX와 색·질감 언어 일치; 몬스터 원본을 그대로 복사하지 않음,true,ui,n/a,n/a,n/a,n/a,n/a,READY
area_10,m_mask_fish,s_mon_mask_fish,패시브,REFERENCE_VFX,none,none,,REFERENCE_ONLY,VFX/F00... (preview/reference only),none,none,not runtime,inventory ownership applies stat; no CAST,no passive CAST path,n/a,preview only,false,6 frames × 0.10s; same 256×256 RGBA canvas,runtime offset=world unit; drift=world unit/s; art=pixel canvas; pivot=normalized,art reference only,n/a,n/a,"(0.5,0.5) planned registration pivot; no autocrop/recenter",n/a,reference animation only; never auto-import,runtime_evidence/RUNTIME_CODE_EVIDENCE.md; ASSET_BINDING_PLAN.md,현행 런타임 VFX 없음,true,false,n/a,n/a,n/a,n/a,n/a,READY
area_10,m_mask_fish,s_mon_mask_fish,패시브,ICON,icon_ruid,UI,thumbnail://fb9037f43fcd442a971ee007b9f7cc26,REPLACE_PLANNED,ICON/icon.png 256×256 RGBA,icon_ruid,UI icon,UI,inventory/skill UI,not world VFX,n/a,static,false,6 frames × 0.10s; same 256×256 RGBA canvas,runtime offset=world unit; drift=world unit/s; art=pixel canvas; pivot=normalized,none,false,UI layout controlled,"(0.5,0.5) planned registration pivot; no autocrop/recenter",UI layout controlled,static centered motif,runtime_evidence/RUNTIME_CODE_EVIDENCE.md; ASSET_BINDING_PLAN.md,VFX와 색·질감 언어 일치; 몬스터 원본을 그대로 복사하지 않음,true,ui,n/a,n/a,n/a,n/a,n/a,READY
area_10,m_squid,s_mon_squid,액티브,CAST_VFX,layer_ruids,visual stack L1..L1,0906c3a7455940ce9e9db0b0f0278741,REPLACE_PLANNED,VFX/F00... -> accepted AnimationClip,layer_ruids,replace visual stack as one accepted primary clip; do not duplicate across old layers automatically,caster at PlayCast time,"플레이어: 즉시 시전자 중심 원형 피해 판정 후 CAST. 몬스터: 축소 반경의 시전자 중심 원형 판정이 실제 명중한 경우에만 CAST. CAST는 시전자 원점+h, 좌측 대상/시선이면 FlipX. L1 0906c3a7455940ce9e9db0b0f0278741 animationclip/clip delay=0.12s duration=0.82s scale=1.15 offset=(0,0)wu drift=(0,0)wu/s","플레이어: 즉시 시전자 중심 원형 피해 판정 후 CAST. 몬스터: 축소 반경의 시전자 중심 원형 판정이 실제 명중한 경우에만 CAST. CAST는 시전자 원점+h, 좌측 대상/시선이면 FlipX. L1 0906c3a7455940ce9e9db0b0f0278741 animationclip/clip delay=0.12s duration=0.82s scale=1.15 offset=(0,0)wu drift=(0,0)wu/s",0 planned primary clip,0.80,false,8 frames × 0.10s; same 384×384 RGBA canvas,runtime offset=world unit; drift=world unit/s; art=pixel canvas; pivot=normalized,right-authored; role contract controls use,defense=false; attack based on player look/monster hit target,UNRESOLVED_IMPORT_PREVIEW,"(0.5,0.5) planned registration pivot; no autocrop/recenter",preserve current gameplay origin; final visual offset unresolved until labeled preview,"local build-up/impact only; layer drift, dash, projectile translation remain engine-owned",runtime_evidence/RUNTIME_CODE_EVIDENCE.md; ASSET_BINDING_PLAN.md,old layers remain KEEP until art approval; exact final scale/offset is not invented in INPUT,true,true,n/a,n/a,n/a,n/a,n/a,READY
area_10,m_squid,s_mon_squid,액티브,CURRENT_CAST_LAYER,layer_ruids,L1,0906c3a7455940ce9e9db0b0f0278741,KEEP,none until approved replacement,layer_ruids,L1,map entity spawned at caster position sampled when delayed SpawnLayer executes,current layer recipe,current layer recipe,0.12,0.82,false,8 frames × 0.10s; same 384×384 RGBA canvas,runtime offset=world unit; drift=world unit/s; art=pixel canvas; pivot=normalized,engine FlipX by caster/target,SkillEffect.SpawnLayer,1.15,"(0.5,0.5) planned registration pivot; no autocrop/recenter","(0,0) world unit",position sampled at execution; after spawn map entity applies configured drift and does not follow caster,runtime_evidence/RUNTIME_CODE_EVIDENCE.md; ASSET_BINDING_PLAN.md,기존 리소스는 신규 아트 승인·반입 전까지 유지,false,true,n/a,n/a,n/a,n/a,n/a,READY
area_10,m_squid,s_mon_squid,액티브,ICON,icon_ruid,UI,thumbnail://013b3e6ba18249269e4a1b85c536a0d9,REPLACE_PLANNED,ICON/icon.png 256×256 RGBA,icon_ruid,UI icon,UI,inventory/skill UI,not world VFX,n/a,static,false,8 frames × 0.10s; same 384×384 RGBA canvas,runtime offset=world unit; drift=world unit/s; art=pixel canvas; pivot=normalized,none,false,UI layout controlled,"(0.5,0.5) planned registration pivot; no autocrop/recenter",UI layout controlled,static centered motif,runtime_evidence/RUNTIME_CODE_EVIDENCE.md; ASSET_BINDING_PLAN.md,VFX와 색·질감 언어 일치; 몬스터 원본을 그대로 복사하지 않음,true,ui,n/a,n/a,n/a,n/a,n/a,READY
area_10,m_shark,s_mon_shark,액티브,CAST_VFX,layer_ruids,visual stack L1..L1,a6ab8a49e4174a29bd45a835ed6d3460,REPLACE_PLANNED,VFX/F00... -> accepted AnimationClip,layer_ruids,replace visual stack as one accepted primary clip; do not duplicate across old layers automatically,caster at PlayCast time,"CAST는 시전자 원점+h에서 재생하고 projectile_ruid 209c4567073b424e8d445cea7efb80e3는 엔진이 목표까지 0.35초 이동·회전. 피해는 도착 타이머 뒤 착탄점에서 판정. L1 a6ab8a49e4174a29bd45a835ed6d3460 animationclip/clip delay=0.22s duration=0.72s scale=1.0 offset=(0,0)wu drift=(0,0)wu/s","CAST는 시전자 원점+h에서 재생하고 projectile_ruid 209c4567073b424e8d445cea7efb80e3는 엔진이 목표까지 0.35초 이동·회전. 피해는 도착 타이머 뒤 착탄점에서 판정. L1 a6ab8a49e4174a29bd45a835ed6d3460 animationclip/clip delay=0.22s duration=0.72s scale=1.0 offset=(0,0)wu drift=(0,0)wu/s",0 planned primary clip,0.80,false,8 frames × 0.10s; same 384×384 RGBA canvas,runtime offset=world unit; drift=world unit/s; art=pixel canvas; pivot=normalized,right-authored; role contract controls use,defense=false; attack based on player look/monster hit target,UNRESOLVED_IMPORT_PREVIEW,"(0.5,0.5) planned registration pivot; no autocrop/recenter",preserve current gameplay origin; final visual offset unresolved until labeled preview,"local build-up/impact only; layer drift, dash, projectile translation remain engine-owned",runtime_evidence/RUNTIME_CODE_EVIDENCE.md; ASSET_BINDING_PLAN.md,old layers remain KEEP until art approval; exact final scale/offset is not invented in INPUT,true,true,6.5,4.335500000000001,0.8,0.35,1,READY
area_10,m_shark,s_mon_shark,액티브,CURRENT_CAST_LAYER,layer_ruids,L1,a6ab8a49e4174a29bd45a835ed6d3460,KEEP,none until approved replacement,layer_ruids,L1,map entity spawned at caster position sampled when delayed SpawnLayer executes,current layer recipe,current layer recipe,0.22,0.72,false,8 frames × 0.10s; same 384×384 RGBA canvas,runtime offset=world unit; drift=world unit/s; art=pixel canvas; pivot=normalized,engine FlipX by caster/target,SkillEffect.SpawnLayer,1.0,"(0.5,0.5) planned registration pivot; no autocrop/recenter","(0,0) world unit",position sampled at execution; after spawn map entity applies configured drift and does not follow caster,runtime_evidence/RUNTIME_CODE_EVIDENCE.md; ASSET_BINDING_PLAN.md,기존 리소스는 신규 아트 승인·반입 전까지 유지,false,true,6.5,4.335500000000001,0.8,0.35,1,READY
area_10,m_shark,s_mon_shark,액티브,PROJECTILE,projectile_ruid,moving entity sprite,209c4567073b424e8d445cea7efb80e3,KEEP,none in required V2.1 scope,projectile_ruid,SkillProjectile SpriteRenderer,moving projectile entity,engine travel then arrival hit,engine travel then arrival hit,0,0.35,false,8 frames × 0.10s; same 384×384 RGBA canvas,runtime offset=world unit; drift=world unit/s; art=pixel canvas; pivot=normalized,engine translation + ZRotation only,none in actual PROJECTILE path,current,"(0.5,0.5) planned registration pivot; no autocrop/recenter",caster/target + skill_effect_height,engine owns translation/spin; existing projectile art retained,runtime_evidence/RUNTIME_CODE_EVIDENCE.md; ASSET_BINDING_PLAN.md,KEEP: existing projectile art remains outside required V2.2 generation scope; additional approval required to replace,false,true,6.5,4.335500000000001,0.8,0.35,1,READY
area_10,m_shark,s_mon_shark,액티브,ICON,icon_ruid,UI,thumbnail://b95f05df46124b3485d0a15bb79b10fb,REPLACE_PLANNED,ICON/icon.png 256×256 RGBA,icon_ruid,UI icon,UI,inventory/skill UI,not world VFX,n/a,static,false,8 frames × 0.10s; same 384×384 RGBA canvas,runtime offset=world unit; drift=world unit/s; art=pixel canvas; pivot=normalized,none,false,UI layout controlled,"(0.5,0.5) planned registration pivot; no autocrop/recenter",UI layout controlled,static centered motif,runtime_evidence/RUNTIME_CODE_EVIDENCE.md; ASSET_BINDING_PLAN.md,VFX와 색·질감 언어 일치; 몬스터 원본을 그대로 복사하지 않음,true,ui,6.5,4.335500000000001,0.8,0.35,1,READY
area_10,m_pianus,s_mon_pianus,액티브,CAST_VFX,layer_ruids,visual stack L1..L2,3822f5bc47af488585cef2f0929ec811|306a9aafa3fb43498f1b783b85512305,REPLACE_PLANNED,VFX/F00... -> accepted AnimationClip,layer_ruids,replace visual stack as one accepted primary clip; do not duplicate across old layers automatically,caster at PlayCast time,"플레이어: 즉시 시전자 중심 원형 피해 판정 후 CAST. 몬스터: 축소 반경의 시전자 중심 원형 판정이 실제 명중한 경우에만 CAST. CAST는 시전자 원점+h, 좌측 대상/시선이면 FlipX. L1 3822f5bc47af488585cef2f0929ec811 animationclip/clip delay=0s duration=0.82s scale=1.2 offset=(0,0)wu drift=(0,0)wu/s; L2 306a9aafa3fb43498f1b783b85512305 animationclip/clip delay=0.25s duration=0.95s scale=1.35 offset=(0,0)wu drift=(0,0)wu/s","플레이어: 즉시 시전자 중심 원형 피해 판정 후 CAST. 몬스터: 축소 반경의 시전자 중심 원형 판정이 실제 명중한 경우에만 CAST. CAST는 시전자 원점+h, 좌측 대상/시선이면 FlipX. L1 3822f5bc47af488585cef2f0929ec811 animationclip/clip delay=0s duration=0.82s scale=1.2 offset=(0,0)wu drift=(0,0)wu/s; L2 306a9aafa3fb43498f1b783b85512305 animationclip/clip delay=0.25s duration=0.95s scale=1.35 offset=(0,0)wu drift=(0,0)wu/s",0 planned primary clip,0.96,false,12 frames × 0.08s; same 512×512 RGBA canvas,runtime offset=world unit; drift=world unit/s; art=pixel canvas; pivot=normalized,right-authored; role contract controls use,defense=false; attack based on player look/monster hit target,UNRESOLVED_IMPORT_PREVIEW,"(0.5,0.5) planned registration pivot; no autocrop/recenter",preserve current gameplay origin; final visual offset unresolved until labeled preview,"local build-up/impact only; layer drift, dash, projectile translation remain engine-owned",runtime_evidence/RUNTIME_CODE_EVIDENCE.md; ASSET_BINDING_PLAN.md,old layers remain KEEP until art approval; exact final scale/offset is not invented in INPUT,true,true,n/a,n/a,n/a,n/a,n/a,READY
area_10,m_pianus,s_mon_pianus,액티브,CURRENT_CAST_LAYER,layer_ruids,L1,3822f5bc47af488585cef2f0929ec811,KEEP,none until approved replacement,layer_ruids,L1,caster,current layer recipe,current layer recipe,0,0.82,false,12 frames × 0.08s; same 512×512 RGBA canvas,runtime offset=world unit; drift=world unit/s; art=pixel canvas; pivot=normalized,engine FlipX by caster/target,SkillEffect.SpawnLayer,1.2,"(0.5,0.5) planned registration pivot; no autocrop/recenter","(0,0) world unit","engine drift (0,0) world unit/s",runtime_evidence/RUNTIME_CODE_EVIDENCE.md; ASSET_BINDING_PLAN.md,기존 리소스는 신규 아트 승인·반입 전까지 유지,false,true,n/a,n/a,n/a,n/a,n/a,READY
area_10,m_pianus,s_mon_pianus,액티브,CURRENT_CAST_LAYER,layer_ruids,L2,306a9aafa3fb43498f1b783b85512305,KEEP,none until approved replacement,layer_ruids,L2,map entity spawned at caster position sampled when delayed SpawnLayer executes,current layer recipe,current layer recipe,0.25,0.95,false,12 frames × 0.08s; same 512×512 RGBA canvas,runtime offset=world unit; drift=world unit/s; art=pixel canvas; pivot=normalized,engine FlipX by caster/target,SkillEffect.SpawnLayer,1.35,"(0.5,0.5) planned registration pivot; no autocrop/recenter","(0,0) world unit",position sampled at execution; after spawn map entity applies configured drift and does not follow caster,runtime_evidence/RUNTIME_CODE_EVIDENCE.md; ASSET_BINDING_PLAN.md,기존 리소스는 신규 아트 승인·반입 전까지 유지,false,true,n/a,n/a,n/a,n/a,n/a,READY
area_10,m_pianus,s_mon_pianus,액티브,ICON,icon_ruid,UI,thumbnail://207c5d6dcee243ad9a141397244ba9a9,REPLACE_PLANNED,ICON/icon.png 256×256 RGBA,icon_ruid,UI icon,UI,inventory/skill UI,not world VFX,n/a,static,false,12 frames × 0.08s; same 512×512 RGBA canvas,runtime offset=world unit; drift=world unit/s; art=pixel canvas; pivot=normalized,none,false,UI layout controlled,"(0.5,0.5) planned registration pivot; no autocrop/recenter",UI layout controlled,static centered motif,runtime_evidence/RUNTIME_CODE_EVIDENCE.md; ASSET_BINDING_PLAN.md,VFX와 색·질감 언어 일치; 몬스터 원본을 그대로 복사하지 않음,true,ui,n/a,n/a,n/a,n/a,n/a,READY
area_11,m_ratz,s_mon_ratz,패시브,REFERENCE_VFX,none,none,,REFERENCE_ONLY,VFX/F00... (preview/reference only),none,none,not runtime,inventory ownership applies stat; no CAST,no passive CAST path,n/a,preview only,false,6 frames × 0.10s; same 256×256 RGBA canvas,runtime offset=world unit; drift=world unit/s; art=pixel canvas; pivot=normalized,art reference only,n/a,n/a,"(0.5,0.5) planned registration pivot; no autocrop/recenter",n/a,reference animation only; never auto-import,runtime_evidence/RUNTIME_CODE_EVIDENCE.md; ASSET_BINDING_PLAN.md,현행 런타임 VFX 없음,true,false,n/a,n/a,n/a,n/a,n/a,READY
area_11,m_ratz,s_mon_ratz,패시브,ICON,icon_ruid,UI,thumbnail://383e34f2a8584a96a01b80a8fadbb813,REPLACE_PLANNED,ICON/icon.png 256×256 RGBA,icon_ruid,UI icon,UI,inventory/skill UI,not world VFX,n/a,static,false,6 frames × 0.10s; same 256×256 RGBA canvas,runtime offset=world unit; drift=world unit/s; art=pixel canvas; pivot=normalized,none,false,UI layout controlled,"(0.5,0.5) planned registration pivot; no autocrop/recenter",UI layout controlled,static centered motif,runtime_evidence/RUNTIME_CODE_EVIDENCE.md; ASSET_BINDING_PLAN.md,VFX와 색·질감 언어 일치; 몬스터 원본을 그대로 복사하지 않음,true,ui,n/a,n/a,n/a,n/a,n/a,READY
area_11,m_drumming_bunny,s_mon_drumming_bunny,액티브,CAST_VFX,layer_ruids,visual stack L1..L1,91c5d5dd661e4e079271b4446f7eb262,REPLACE_PLANNED,VFX/F00... -> accepted AnimationClip,layer_ruids,replace visual stack as one accepted primary clip; do not duplicate across old layers automatically,caster at PlayCast time,"플레이어: 즉시 시전자 중심 원형 피해 판정 후 CAST. 몬스터: 축소 반경의 시전자 중심 원형 판정이 실제 명중한 경우에만 CAST. CAST는 시전자 원점+h, 좌측 대상/시선이면 FlipX. L1 91c5d5dd661e4e079271b4446f7eb262 animationclip/clip delay=0s duration=0.75s scale=0.9 offset=(0,0)wu drift=(0,0)wu/s","플레이어: 즉시 시전자 중심 원형 피해 판정 후 CAST. 몬스터: 축소 반경의 시전자 중심 원형 판정이 실제 명중한 경우에만 CAST. CAST는 시전자 원점+h, 좌측 대상/시선이면 FlipX. L1 91c5d5dd661e4e079271b4446f7eb262 animationclip/clip delay=0s duration=0.75s scale=0.9 offset=(0,0)wu drift=(0,0)wu/s",0 planned primary clip,0.80,false,8 frames × 0.10s; same 384×384 RGBA canvas,runtime offset=world unit; drift=world unit/s; art=pixel canvas; pivot=normalized,right-authored; role contract controls use,defense=false; attack based on player look/monster hit target,UNRESOLVED_IMPORT_PREVIEW,"(0.5,0.5) planned registration pivot; no autocrop/recenter",preserve current gameplay origin; final visual offset unresolved until labeled preview,"local build-up/impact only; layer drift, dash, projectile translation remain engine-owned",runtime_evidence/RUNTIME_CODE_EVIDENCE.md; ASSET_BINDING_PLAN.md,old layers remain KEEP until art approval; exact final scale/offset is not invented in INPUT,true,true,n/a,n/a,n/a,n/a,n/a,READY
area_11,m_drumming_bunny,s_mon_drumming_bunny,액티브,CURRENT_CAST_LAYER,layer_ruids,L1,91c5d5dd661e4e079271b4446f7eb262,KEEP,none until approved replacement,layer_ruids,L1,caster,current layer recipe,current layer recipe,0,0.75,false,8 frames × 0.10s; same 384×384 RGBA canvas,runtime offset=world unit; drift=world unit/s; art=pixel canvas; pivot=normalized,engine FlipX by caster/target,SkillEffect.SpawnLayer,0.9,"(0.5,0.5) planned registration pivot; no autocrop/recenter","(0,0) world unit","engine drift (0,0) world unit/s",runtime_evidence/RUNTIME_CODE_EVIDENCE.md; ASSET_BINDING_PLAN.md,기존 리소스는 신규 아트 승인·반입 전까지 유지,false,true,n/a,n/a,n/a,n/a,n/a,READY
area_11,m_drumming_bunny,s_mon_drumming_bunny,액티브,ICON,icon_ruid,UI,thumbnail://20283346c1db42b593fdddb218ea769a,REPLACE_PLANNED,ICON/icon.png 256×256 RGBA,icon_ruid,UI icon,UI,inventory/skill UI,not world VFX,n/a,static,false,8 frames × 0.10s; same 384×384 RGBA canvas,runtime offset=world unit; drift=world unit/s; art=pixel canvas; pivot=normalized,none,false,UI layout controlled,"(0.5,0.5) planned registration pivot; no autocrop/recenter",UI layout controlled,static centered motif,runtime_evidence/RUNTIME_CODE_EVIDENCE.md; ASSET_BINDING_PLAN.md,VFX와 색·질감 언어 일치; 몬스터 원본을 그대로 복사하지 않음,true,ui,n/a,n/a,n/a,n/a,n/a,READY
area_11,m_bloctopus,s_mon_bloctopus,패시브,REFERENCE_VFX,none,none,,REFERENCE_ONLY,VFX/F00... (preview/reference only),none,none,not runtime,inventory ownership applies stat; no CAST,no passive CAST path,n/a,preview only,false,6 frames × 0.10s; same 256×256 RGBA canvas,runtime offset=world unit; drift=world unit/s; art=pixel canvas; pivot=normalized,art reference only,n/a,n/a,"(0.5,0.5) planned registration pivot; no autocrop/recenter",n/a,reference animation only; never auto-import,runtime_evidence/RUNTIME_CODE_EVIDENCE.md; ASSET_BINDING_PLAN.md,현행 런타임 VFX 없음,true,false,n/a,n/a,n/a,n/a,n/a,READY
area_11,m_bloctopus,s_mon_bloctopus,패시브,ICON,icon_ruid,UI,thumbnail://826410e1bd4e4a12a612ab642c19c705,REPLACE_PLANNED,ICON/icon.png 256×256 RGBA,icon_ruid,UI icon,UI,inventory/skill UI,not world VFX,n/a,static,false,6 frames × 0.10s; same 256×256 RGBA canvas,runtime offset=world unit; drift=world unit/s; art=pixel canvas; pivot=normalized,none,false,UI layout controlled,"(0.5,0.5) planned registration pivot; no autocrop/recenter",UI layout controlled,static centered motif,runtime_evidence/RUNTIME_CODE_EVIDENCE.md; ASSET_BINDING_PLAN.md,VFX와 색·질감 언어 일치; 몬스터 원본을 그대로 복사하지 않음,true,ui,n/a,n/a,n/a,n/a,n/a,READY
area_11,m_king_bloctopus,s_mon_king_bloctopus,액티브,CAST_VFX,layer_ruids,visual stack L1..L1,e53471f0f7114343907be7beb520751f,REPLACE_PLANNED,VFX/F00... -> accepted AnimationClip,layer_ruids,replace visual stack as one accepted primary clip; do not duplicate across old layers automatically,caster at PlayCast time,"CAST는 시전자 원점+h에서 재생하고 projectile_ruid a2da67e687994755a8943c2bcf871902는 엔진이 목표까지 0.35초 이동·회전. 피해는 도착 타이머 뒤 착탄점에서 판정. L1 e53471f0f7114343907be7beb520751f animationclip/clip delay=0.22s duration=0.65s scale=0.9 offset=(0,0)wu drift=(0,0)wu/s","CAST는 시전자 원점+h에서 재생하고 projectile_ruid a2da67e687994755a8943c2bcf871902는 엔진이 목표까지 0.35초 이동·회전. 피해는 도착 타이머 뒤 착탄점에서 판정. L1 e53471f0f7114343907be7beb520751f animationclip/clip delay=0.22s duration=0.65s scale=0.9 offset=(0,0)wu drift=(0,0)wu/s",0 planned primary clip,0.80,false,8 frames × 0.10s; same 384×384 RGBA canvas,runtime offset=world unit; drift=world unit/s; art=pixel canvas; pivot=normalized,right-authored; role contract controls use,defense=false; attack based on player look/monster hit target,UNRESOLVED_IMPORT_PREVIEW,"(0.5,0.5) planned registration pivot; no autocrop/recenter",preserve current gameplay origin; final visual offset unresolved until labeled preview,"local build-up/impact only; layer drift, dash, projectile translation remain engine-owned",runtime_evidence/RUNTIME_CODE_EVIDENCE.md; ASSET_BINDING_PLAN.md,old layers remain KEEP until art approval; exact final scale/offset is not invented in INPUT,true,true,6.8,4.5356000000000005,0.8,0.35,1,READY
area_11,m_king_bloctopus,s_mon_king_bloctopus,액티브,CURRENT_CAST_LAYER,layer_ruids,L1,e53471f0f7114343907be7beb520751f,KEEP,none until approved replacement,layer_ruids,L1,map entity spawned at caster position sampled when delayed SpawnLayer executes,current layer recipe,current layer recipe,0.22,0.65,false,8 frames × 0.10s; same 384×384 RGBA canvas,runtime offset=world unit; drift=world unit/s; art=pixel canvas; pivot=normalized,engine FlipX by caster/target,SkillEffect.SpawnLayer,0.9,"(0.5,0.5) planned registration pivot; no autocrop/recenter","(0,0) world unit",position sampled at execution; after spawn map entity applies configured drift and does not follow caster,runtime_evidence/RUNTIME_CODE_EVIDENCE.md; ASSET_BINDING_PLAN.md,기존 리소스는 신규 아트 승인·반입 전까지 유지,false,true,6.8,4.5356000000000005,0.8,0.35,1,READY
area_11,m_king_bloctopus,s_mon_king_bloctopus,액티브,PROJECTILE,projectile_ruid,moving entity sprite,a2da67e687994755a8943c2bcf871902,KEEP,none in required V2.1 scope,projectile_ruid,SkillProjectile SpriteRenderer,moving projectile entity,engine travel then arrival hit,engine travel then arrival hit,0,0.35,false,8 frames × 0.10s; same 384×384 RGBA canvas,runtime offset=world unit; drift=world unit/s; art=pixel canvas; pivot=normalized,engine translation + ZRotation only,none in actual PROJECTILE path,current,"(0.5,0.5) planned registration pivot; no autocrop/recenter",caster/target + skill_effect_height,engine owns translation/spin; existing projectile art retained,runtime_evidence/RUNTIME_CODE_EVIDENCE.md; ASSET_BINDING_PLAN.md,KEEP: existing projectile art remains outside required V2.2 generation scope; additional approval required to replace,false,true,6.8,4.5356000000000005,0.8,0.35,1,READY
area_11,m_king_bloctopus,s_mon_king_bloctopus,액티브,ICON,icon_ruid,UI,thumbnail://cb5eb9faaf68477292af0b710e383c9d,REPLACE_PLANNED,ICON/icon.png 256×256 RGBA,icon_ruid,UI icon,UI,inventory/skill UI,not world VFX,n/a,static,false,8 frames × 0.10s; same 384×384 RGBA canvas,runtime offset=world unit; drift=world unit/s; art=pixel canvas; pivot=normalized,none,false,UI layout controlled,"(0.5,0.5) planned registration pivot; no autocrop/recenter",UI layout controlled,static centered motif,runtime_evidence/RUNTIME_CODE_EVIDENCE.md; ASSET_BINDING_PLAN.md,VFX와 색·질감 언어 일치; 몬스터 원본을 그대로 복사하지 않음,true,ui,6.8,4.5356000000000005,0.8,0.35,1,READY
area_11,m_rombot,s_mon_rombot,액티브,CAST_VFX,layer_ruids,visual stack L1..L2,91c5d5dd661e4e079271b4446f7eb262|06bbe7d534094761b54b147f3a79ca38,REPLACE_PLANNED,VFX/F00... -> accepted AnimationClip,layer_ruids,replace visual stack as one accepted primary clip; do not duplicate across old layers automatically,caster at PlayCast time,"플레이어: 즉시 시전자 중심 원형 피해 판정 후 CAST. 몬스터: 축소 반경의 시전자 중심 원형 판정이 실제 명중한 경우에만 CAST. CAST는 시전자 원점+h, 좌측 대상/시선이면 FlipX. L1 91c5d5dd661e4e079271b4446f7eb262 animationclip/clip delay=0s duration=0.72s scale=1.1 offset=(0,0)wu drift=(0,0)wu/s; L2 06bbe7d534094761b54b147f3a79ca38 animationclip/clip delay=0.18s duration=0.8s scale=0.8 offset=(0,0)wu drift=(0,0)wu/s","플레이어: 즉시 시전자 중심 원형 피해 판정 후 CAST. 몬스터: 축소 반경의 시전자 중심 원형 판정이 실제 명중한 경우에만 CAST. CAST는 시전자 원점+h, 좌측 대상/시선이면 FlipX. L1 91c5d5dd661e4e079271b4446f7eb262 animationclip/clip delay=0s duration=0.72s scale=1.1 offset=(0,0)wu drift=(0,0)wu/s; L2 06bbe7d534094761b54b147f3a79ca38 animationclip/clip delay=0.18s duration=0.8s scale=0.8 offset=(0,0)wu drift=(0,0)wu/s",0 planned primary clip,0.96,false,12 frames × 0.08s; same 512×512 RGBA canvas,runtime offset=world unit; drift=world unit/s; art=pixel canvas; pivot=normalized,right-authored; role contract controls use,defense=false; attack based on player look/monster hit target,UNRESOLVED_IMPORT_PREVIEW,"(0.5,0.5) planned registration pivot; no autocrop/recenter",preserve current gameplay origin; final visual offset unresolved until labeled preview,"local build-up/impact only; layer drift, dash, projectile translation remain engine-owned",runtime_evidence/RUNTIME_CODE_EVIDENCE.md; ASSET_BINDING_PLAN.md,old layers remain KEEP until art approval; exact final scale/offset is not invented in INPUT,true,true,n/a,n/a,n/a,n/a,n/a,READY
area_11,m_rombot,s_mon_rombot,액티브,CURRENT_CAST_LAYER,layer_ruids,L1,91c5d5dd661e4e079271b4446f7eb262,KEEP,none until approved replacement,layer_ruids,L1,caster,current layer recipe,current layer recipe,0,0.72,false,12 frames × 0.08s; same 512×512 RGBA canvas,runtime offset=world unit; drift=world unit/s; art=pixel canvas; pivot=normalized,engine FlipX by caster/target,SkillEffect.SpawnLayer,1.1,"(0.5,0.5) planned registration pivot; no autocrop/recenter","(0,0) world unit","engine drift (0,0) world unit/s",runtime_evidence/RUNTIME_CODE_EVIDENCE.md; ASSET_BINDING_PLAN.md,기존 리소스는 신규 아트 승인·반입 전까지 유지,false,true,n/a,n/a,n/a,n/a,n/a,READY
area_11,m_rombot,s_mon_rombot,액티브,CURRENT_CAST_LAYER,layer_ruids,L2,06bbe7d534094761b54b147f3a79ca38,KEEP,none until approved replacement,layer_ruids,L2,map entity spawned at caster position sampled when delayed SpawnLayer executes,current layer recipe,current layer recipe,0.18,0.8,false,12 frames × 0.08s; same 512×512 RGBA canvas,runtime offset=world unit; drift=world unit/s; art=pixel canvas; pivot=normalized,engine FlipX by caster/target,SkillEffect.SpawnLayer,0.8,"(0.5,0.5) planned registration pivot; no autocrop/recenter","(0,0) world unit",position sampled at execution; after spawn map entity applies configured drift and does not follow caster,runtime_evidence/RUNTIME_CODE_EVIDENCE.md; ASSET_BINDING_PLAN.md,기존 리소스는 신규 아트 승인·반입 전까지 유지,false,true,n/a,n/a,n/a,n/a,n/a,READY
area_11,m_rombot,s_mon_rombot,액티브,ICON,icon_ruid,UI,thumbnail://b41def4288404055b3b8850daa99cfbf,REPLACE_PLANNED,ICON/icon.png 256×256 RGBA,icon_ruid,UI icon,UI,inventory/skill UI,not world VFX,n/a,static,false,12 frames × 0.08s; same 512×512 RGBA canvas,runtime offset=world unit; drift=world unit/s; art=pixel canvas; pivot=normalized,none,false,UI layout controlled,"(0.5,0.5) planned registration pivot; no autocrop/recenter",UI layout controlled,static centered motif,runtime_evidence/RUNTIME_CODE_EVIDENCE.md; ASSET_BINDING_PLAN.md,VFX와 색·질감 언어 일치; 몬스터 원본을 그대로 복사하지 않음,true,ui,n/a,n/a,n/a,n/a,n/a,READY
area_12,m_brown_teddy,s_mon_brown_teddy,패시브,REFERENCE_VFX,none,none,,REFERENCE_ONLY,VFX/F00... (preview/reference only),none,none,not runtime,inventory ownership applies stat; no CAST,no passive CAST path,n/a,preview only,false,6 frames × 0.10s; same 256×256 RGBA canvas,runtime offset=world unit; drift=world unit/s; art=pixel canvas; pivot=normalized,art reference only,n/a,n/a,"(0.5,0.5) planned registration pivot; no autocrop/recenter",n/a,reference animation only; never auto-import,runtime_evidence/RUNTIME_CODE_EVIDENCE.md; ASSET_BINDING_PLAN.md,현행 런타임 VFX 없음,true,false,n/a,n/a,n/a,n/a,n/a,READY
area_12,m_brown_teddy,s_mon_brown_teddy,패시브,ICON,icon_ruid,UI,thumbnail://46fd51a318b64738a36beeb3db02a970,REPLACE_PLANNED,ICON/icon.png 256×256 RGBA,icon_ruid,UI icon,UI,inventory/skill UI,not world VFX,n/a,static,false,6 frames × 0.10s; same 256×256 RGBA canvas,runtime offset=world unit; drift=world unit/s; art=pixel canvas; pivot=normalized,none,false,UI layout controlled,"(0.5,0.5) planned registration pivot; no autocrop/recenter",UI layout controlled,static centered motif,runtime_evidence/RUNTIME_CODE_EVIDENCE.md; ASSET_BINDING_PLAN.md,VFX와 색·질감 언어 일치; 몬스터 원본을 그대로 복사하지 않음,true,ui,n/a,n/a,n/a,n/a,n/a,READY
area_12,m_toy_trojan,s_mon_toy_trojan,액티브,IMPACT_CAST_VFX,layer_ruids,visual stack L1..L1,fc4857ea48be477c9546c775e0f31d49,REPLACE_PLANNED,VFX/F00... -> accepted AnimationClip,layer_ruids,replace visual stack as one accepted primary clip; do not duplicate across old layers automatically,caster at PlayCast time,"플레이어: 8방향으로 6.8wu를 0.2초 이동하고 계산 도착점에서 피해 판정; 직후 CAST는 서버가 보는 시전자 위치에 부착되어 계산 도착점과 일치가 보장되지 않음. 몬스터: dash_distance 분기 없이 즉시 시전자 중심 원형 판정 후 명중 시 CAST. L1 fc4857ea48be477c9546c775e0f31d49 animationclip/clip delay=0s duration=0.7s scale=0.72 offset=(0,0)wu drift=(1.0,0)wu/s","플레이어: 8방향으로 6.8wu를 0.2초 이동하고 계산 도착점에서 피해 판정; 직후 CAST는 서버가 보는 시전자 위치에 부착되어 계산 도착점과 일치가 보장되지 않음. 몬스터: dash_distance 분기 없이 즉시 시전자 중심 원형 판정 후 명중 시 CAST. L1 fc4857ea48be477c9546c775e0f31d49 animationclip/clip delay=0s duration=0.7s scale=0.72 offset=(0,0)wu drift=(1.0,0)wu/s",0 planned primary clip,0.80,false,8 frames × 0.10s; same 384×384 RGBA canvas,runtime offset=world unit; drift=world unit/s; art=pixel canvas; pivot=normalized,right-authored; role contract controls use,defense=false; attack based on player look/monster hit target,UNRESOLVED_IMPORT_PREVIEW,"(0.5,0.5) planned registration pivot; no autocrop/recenter",preserve current gameplay origin; final visual offset unresolved until labeled preview,"local build-up/impact only; layer drift, dash, projectile translation remain engine-owned",runtime_evidence/RUNTIME_CODE_EVIDENCE.md; ASSET_BINDING_PLAN.md,old layers remain KEEP until art approval; exact final scale/offset is not invented in INPUT,true,true,n/a,n/a,n/a,n/a,n/a,READY
area_12,m_toy_trojan,s_mon_toy_trojan,액티브,CURRENT_CAST_LAYER,layer_ruids,L1,fc4857ea48be477c9546c775e0f31d49,KEEP,none until approved replacement,layer_ruids,L1,caster,current layer recipe,current layer recipe,0,0.7,false,8 frames × 0.10s; same 384×384 RGBA canvas,runtime offset=world unit; drift=world unit/s; art=pixel canvas; pivot=normalized,engine FlipX by caster/target,SkillEffect.SpawnLayer,0.72,"(0.5,0.5) planned registration pivot; no autocrop/recenter","(0,0) world unit","engine drift (1.0,0) world unit/s",runtime_evidence/RUNTIME_CODE_EVIDENCE.md; ASSET_BINDING_PLAN.md,기존 리소스는 신규 아트 승인·반입 전까지 유지,false,true,n/a,n/a,n/a,n/a,n/a,READY
area_12,m_toy_trojan,s_mon_toy_trojan,액티브,ICON,icon_ruid,UI,thumbnail://f9a2d6e8feaf4c90a3e00d022932fdaa,REPLACE_PLANNED,ICON/icon.png 256×256 RGBA,icon_ruid,UI icon,UI,inventory/skill UI,not world VFX,n/a,static,false,8 frames × 0.10s; same 384×384 RGBA canvas,runtime offset=world unit; drift=world unit/s; art=pixel canvas; pivot=normalized,none,false,UI layout controlled,"(0.5,0.5) planned registration pivot; no autocrop/recenter",UI layout controlled,static centered motif,runtime_evidence/RUNTIME_CODE_EVIDENCE.md; ASSET_BINDING_PLAN.md,VFX와 색·질감 언어 일치; 몬스터 원본을 그대로 복사하지 않음,true,ui,n/a,n/a,n/a,n/a,n/a,READY
area_12,m_master_robo,s_mon_master_robo,패시브,REFERENCE_VFX,none,none,,REFERENCE_ONLY,VFX/F00... (preview/reference only),none,none,not runtime,inventory ownership applies stat; no CAST,no passive CAST path,n/a,preview only,false,6 frames × 0.10s; same 256×256 RGBA canvas,runtime offset=world unit; drift=world unit/s; art=pixel canvas; pivot=normalized,art reference only,n/a,n/a,"(0.5,0.5) planned registration pivot; no autocrop/recenter",n/a,reference animation only; never auto-import,runtime_evidence/RUNTIME_CODE_EVIDENCE.md; ASSET_BINDING_PLAN.md,현행 런타임 VFX 없음,true,false,n/a,n/a,n/a,n/a,n/a,READY
area_12,m_master_robo,s_mon_master_robo,패시브,ICON,icon_ruid,UI,thumbnail://f5d65e28cb0e4990bf5727015f22e0f1,REPLACE_PLANNED,ICON/icon.png 256×256 RGBA,icon_ruid,UI icon,UI,inventory/skill UI,not world VFX,n/a,static,false,6 frames × 0.10s; same 256×256 RGBA canvas,runtime offset=world unit; drift=world unit/s; art=pixel canvas; pivot=normalized,none,false,UI layout controlled,"(0.5,0.5) planned registration pivot; no autocrop/recenter",UI layout controlled,static centered motif,runtime_evidence/RUNTIME_CODE_EVIDENCE.md; ASSET_BINDING_PLAN.md,VFX와 색·질감 언어 일치; 몬스터 원본을 그대로 복사하지 않음,true,ui,n/a,n/a,n/a,n/a,n/a,READY
area_12,m_chronos,s_mon_chronos,액티브,CAST_VFX,layer_ruids,visual stack L1..L1,e5558e07445143b6999f20246768a3fe,REPLACE_PLANNED,VFX/F00... -> accepted AnimationClip,layer_ruids,replace visual stack as one accepted primary clip; do not duplicate across old layers automatically,caster at PlayCast time,"플레이어: 즉시 시전자 중심 원형 피해 판정 후 CAST. 몬스터: 축소 반경의 시전자 중심 원형 판정이 실제 명중한 경우에만 CAST. CAST는 시전자 원점+h, 좌측 대상/시선이면 FlipX. L1 e5558e07445143b6999f20246768a3fe animationclip/clip delay=0.12s duration=0.8s scale=0.9 offset=(0,0)wu drift=(0,0)wu/s","플레이어: 즉시 시전자 중심 원형 피해 판정 후 CAST. 몬스터: 축소 반경의 시전자 중심 원형 판정이 실제 명중한 경우에만 CAST. CAST는 시전자 원점+h, 좌측 대상/시선이면 FlipX. L1 e5558e07445143b6999f20246768a3fe animationclip/clip delay=0.12s duration=0.8s scale=0.9 offset=(0,0)wu drift=(0,0)wu/s",0 planned primary clip,0.80,false,8 frames × 0.10s; same 384×384 RGBA canvas,runtime offset=world unit; drift=world unit/s; art=pixel canvas; pivot=normalized,right-authored; role contract controls use,defense=false; attack based on player look/monster hit target,UNRESOLVED_IMPORT_PREVIEW,"(0.5,0.5) planned registration pivot; no autocrop/recenter",preserve current gameplay origin; final visual offset unresolved until labeled preview,"local build-up/impact only; layer drift, dash, projectile translation remain engine-owned",runtime_evidence/RUNTIME_CODE_EVIDENCE.md; ASSET_BINDING_PLAN.md,old layers remain KEEP until art approval; exact final scale/offset is not invented in INPUT,true,true,n/a,n/a,n/a,n/a,n/a,READY
area_12,m_chronos,s_mon_chronos,액티브,CURRENT_CAST_LAYER,layer_ruids,L1,e5558e07445143b6999f20246768a3fe,KEEP,none until approved replacement,layer_ruids,L1,map entity spawned at caster position sampled when delayed SpawnLayer executes,current layer recipe,current layer recipe,0.12,0.8,false,8 frames × 0.10s; same 384×384 RGBA canvas,runtime offset=world unit; drift=world unit/s; art=pixel canvas; pivot=normalized,engine FlipX by caster/target,SkillEffect.SpawnLayer,0.9,"(0.5,0.5) planned registration pivot; no autocrop/recenter","(0,0) world unit",position sampled at execution; after spawn map entity applies configured drift and does not follow caster,runtime_evidence/RUNTIME_CODE_EVIDENCE.md; ASSET_BINDING_PLAN.md,기존 리소스는 신규 아트 승인·반입 전까지 유지,false,true,n/a,n/a,n/a,n/a,n/a,READY
area_12,m_chronos,s_mon_chronos,액티브,ICON,icon_ruid,UI,thumbnail://1356c7ad27254459aaf789b51a75875c,REPLACE_PLANNED,ICON/icon.png 256×256 RGBA,icon_ruid,UI icon,UI,inventory/skill UI,not world VFX,n/a,static,false,8 frames × 0.10s; same 384×384 RGBA canvas,runtime offset=world unit; drift=world unit/s; art=pixel canvas; pivot=normalized,none,false,UI layout controlled,"(0.5,0.5) planned registration pivot; no autocrop/recenter",UI layout controlled,static centered motif,runtime_evidence/RUNTIME_CODE_EVIDENCE.md; ASSET_BINDING_PLAN.md,VFX와 색·질감 언어 일치; 몬스터 원본을 그대로 복사하지 않음,true,ui,n/a,n/a,n/a,n/a,n/a,READY
area_12,m_timer,s_mon_timer,액티브,CAST_VFX,layer_ruids,visual stack L1..L2,e5558e07445143b6999f20246768a3fe|3ef6b2dcc75f4d4990e6e7f106bda49e,REPLACE_PLANNED,VFX/F00... -> accepted AnimationClip,layer_ruids,replace visual stack as one accepted primary clip; do not duplicate across old layers automatically,caster at PlayCast time,"플레이어: 즉시 시전자 중심 원형 피해 판정 후 CAST. 몬스터: 축소 반경의 시전자 중심 원형 판정이 실제 명중한 경우에만 CAST. CAST는 시전자 원점+h, 좌측 대상/시선이면 FlipX. L1 e5558e07445143b6999f20246768a3fe animationclip/clip delay=0s duration=0.78s scale=1 offset=(0,0)wu drift=(0,0)wu/s; L2 3ef6b2dcc75f4d4990e6e7f106bda49e animationclip/clip delay=0.2s duration=0.88s scale=0.85 offset=(0,0)wu drift=(0,0)wu/s","플레이어: 즉시 시전자 중심 원형 피해 판정 후 CAST. 몬스터: 축소 반경의 시전자 중심 원형 판정이 실제 명중한 경우에만 CAST. CAST는 시전자 원점+h, 좌측 대상/시선이면 FlipX. L1 e5558e07445143b6999f20246768a3fe animationclip/clip delay=0s duration=0.78s scale=1 offset=(0,0)wu drift=(0,0)wu/s; L2 3ef6b2dcc75f4d4990e6e7f106bda49e animationclip/clip delay=0.2s duration=0.88s scale=0.85 offset=(0,0)wu drift=(0,0)wu/s",0 planned primary clip,0.96,false,12 frames × 0.08s; same 512×512 RGBA canvas,runtime offset=world unit; drift=world unit/s; art=pixel canvas; pivot=normalized,right-authored; role contract controls use,defense=false; attack based on player look/monster hit target,UNRESOLVED_IMPORT_PREVIEW,"(0.5,0.5) planned registration pivot; no autocrop/recenter",preserve current gameplay origin; final visual offset unresolved until labeled preview,"local build-up/impact only; layer drift, dash, projectile translation remain engine-owned",runtime_evidence/RUNTIME_CODE_EVIDENCE.md; ASSET_BINDING_PLAN.md,old layers remain KEEP until art approval; exact final scale/offset is not invented in INPUT,true,true,n/a,n/a,n/a,n/a,n/a,READY
area_12,m_timer,s_mon_timer,액티브,CURRENT_CAST_LAYER,layer_ruids,L1,e5558e07445143b6999f20246768a3fe,KEEP,none until approved replacement,layer_ruids,L1,caster,current layer recipe,current layer recipe,0,0.78,false,12 frames × 0.08s; same 512×512 RGBA canvas,runtime offset=world unit; drift=world unit/s; art=pixel canvas; pivot=normalized,engine FlipX by caster/target,SkillEffect.SpawnLayer,1,"(0.5,0.5) planned registration pivot; no autocrop/recenter","(0,0) world unit","engine drift (0,0) world unit/s",runtime_evidence/RUNTIME_CODE_EVIDENCE.md; ASSET_BINDING_PLAN.md,기존 리소스는 신규 아트 승인·반입 전까지 유지,false,true,n/a,n/a,n/a,n/a,n/a,READY
area_12,m_timer,s_mon_timer,액티브,CURRENT_CAST_LAYER,layer_ruids,L2,3ef6b2dcc75f4d4990e6e7f106bda49e,KEEP,none until approved replacement,layer_ruids,L2,map entity spawned at caster position sampled when delayed SpawnLayer executes,current layer recipe,current layer recipe,0.2,0.88,false,12 frames × 0.08s; same 512×512 RGBA canvas,runtime offset=world unit; drift=world unit/s; art=pixel canvas; pivot=normalized,engine FlipX by caster/target,SkillEffect.SpawnLayer,0.85,"(0.5,0.5) planned registration pivot; no autocrop/recenter","(0,0) world unit",position sampled at execution; after spawn map entity applies configured drift and does not follow caster,runtime_evidence/RUNTIME_CODE_EVIDENCE.md; ASSET_BINDING_PLAN.md,기존 리소스는 신규 아트 승인·반입 전까지 유지,false,true,n/a,n/a,n/a,n/a,n/a,READY
area_12,m_timer,s_mon_timer,액티브,ICON,icon_ruid,UI,thumbnail://cbdd230e5cd34b7b9eeb1cd206d19f34,REPLACE_PLANNED,ICON/icon.png 256×256 RGBA,icon_ruid,UI icon,UI,inventory/skill UI,not world VFX,n/a,static,false,12 frames × 0.08s; same 512×512 RGBA canvas,runtime offset=world unit; drift=world unit/s; art=pixel canvas; pivot=normalized,none,false,UI layout controlled,"(0.5,0.5) planned registration pivot; no autocrop/recenter",UI layout controlled,static centered motif,runtime_evidence/RUNTIME_CODE_EVIDENCE.md; ASSET_BINDING_PLAN.md,VFX와 색·질감 언어 일치; 몬스터 원본을 그대로 복사하지 않음,true,ui,n/a,n/a,n/a,n/a,n/a,READY
area_13,m_white_sand_rabbit,s_mon_white_sand_rabbit,액티브,CAST_VFX,layer_ruids,visual stack L1..L1,201c4ae9d7c24438b56fb4d731ed9245,REPLACE_PLANNED,VFX/F00... -> accepted AnimationClip,layer_ruids,replace visual stack as one accepted primary clip; do not duplicate across old layers automatically,caster at PlayCast time,"플레이어: 즉시 시전자 중심 원형 피해 판정 후 CAST. 몬스터: 축소 반경의 시전자 중심 원형 판정이 실제 명중한 경우에만 CAST. CAST는 시전자 원점+h, 좌측 대상/시선이면 FlipX. L1 201c4ae9d7c24438b56fb4d731ed9245 animationclip/clip delay=0.12s duration=0.72s scale=0.85 offset=(0,0)wu drift=(0,0)wu/s","플레이어: 즉시 시전자 중심 원형 피해 판정 후 CAST. 몬스터: 축소 반경의 시전자 중심 원형 판정이 실제 명중한 경우에만 CAST. CAST는 시전자 원점+h, 좌측 대상/시선이면 FlipX. L1 201c4ae9d7c24438b56fb4d731ed9245 animationclip/clip delay=0.12s duration=0.72s scale=0.85 offset=(0,0)wu drift=(0,0)wu/s",0 planned primary clip,0.80,false,8 frames × 0.10s; same 384×384 RGBA canvas,runtime offset=world unit; drift=world unit/s; art=pixel canvas; pivot=normalized,right-authored; role contract controls use,defense=false; attack based on player look/monster hit target,UNRESOLVED_IMPORT_PREVIEW,"(0.5,0.5) planned registration pivot; no autocrop/recenter",preserve current gameplay origin; final visual offset unresolved until labeled preview,"local build-up/impact only; layer drift, dash, projectile translation remain engine-owned",runtime_evidence/RUNTIME_CODE_EVIDENCE.md; ASSET_BINDING_PLAN.md,old layers remain KEEP until art approval; exact final scale/offset is not invented in INPUT,true,true,n/a,n/a,n/a,n/a,n/a,READY
area_13,m_white_sand_rabbit,s_mon_white_sand_rabbit,액티브,CURRENT_CAST_LAYER,layer_ruids,L1,201c4ae9d7c24438b56fb4d731ed9245,KEEP,none until approved replacement,layer_ruids,L1,map entity spawned at caster position sampled when delayed SpawnLayer executes,current layer recipe,current layer recipe,0.12,0.72,false,8 frames × 0.10s; same 384×384 RGBA canvas,runtime offset=world unit; drift=world unit/s; art=pixel canvas; pivot=normalized,engine FlipX by caster/target,SkillEffect.SpawnLayer,0.85,"(0.5,0.5) planned registration pivot; no autocrop/recenter","(0,0) world unit",position sampled at execution; after spawn map entity applies configured drift and does not follow caster,runtime_evidence/RUNTIME_CODE_EVIDENCE.md; ASSET_BINDING_PLAN.md,기존 리소스는 신규 아트 승인·반입 전까지 유지,false,true,n/a,n/a,n/a,n/a,n/a,READY
area_13,m_white_sand_rabbit,s_mon_white_sand_rabbit,액티브,ICON,icon_ruid,UI,thumbnail://981c64ae30bd4f98aef886e9314d8e64,REPLACE_PLANNED,ICON/icon.png 256×256 RGBA,icon_ruid,UI icon,UI,inventory/skill UI,not world VFX,n/a,static,false,8 frames × 0.10s; same 384×384 RGBA canvas,runtime offset=world unit; drift=world unit/s; art=pixel canvas; pivot=normalized,none,false,UI layout controlled,"(0.5,0.5) planned registration pivot; no autocrop/recenter",UI layout controlled,static centered motif,runtime_evidence/RUNTIME_CODE_EVIDENCE.md; ASSET_BINDING_PLAN.md,VFX와 색·질감 언어 일치; 몬스터 원본을 그대로 복사하지 않음,true,ui,n/a,n/a,n/a,n/a,n/a,READY
area_13,m_scarf_plead,s_mon_scarf_plead,패시브,REFERENCE_VFX,none,none,,REFERENCE_ONLY,VFX/F00... (preview/reference only),none,none,not runtime,inventory ownership applies stat; no CAST,no passive CAST path,n/a,preview only,false,6 frames × 0.10s; same 256×256 RGBA canvas,runtime offset=world unit; drift=world unit/s; art=pixel canvas; pivot=normalized,art reference only,n/a,n/a,"(0.5,0.5) planned registration pivot; no autocrop/recenter",n/a,reference animation only; never auto-import,runtime_evidence/RUNTIME_CODE_EVIDENCE.md; ASSET_BINDING_PLAN.md,현행 런타임 VFX 없음,true,false,n/a,n/a,n/a,n/a,n/a,READY
area_13,m_scarf_plead,s_mon_scarf_plead,패시브,ICON,icon_ruid,UI,thumbnail://30e7faf77c6c41d583f341c234220597,REPLACE_PLANNED,ICON/icon.png 256×256 RGBA,icon_ruid,UI icon,UI,inventory/skill UI,not world VFX,n/a,static,false,6 frames × 0.10s; same 256×256 RGBA canvas,runtime offset=world unit; drift=world unit/s; art=pixel canvas; pivot=normalized,none,false,UI layout controlled,"(0.5,0.5) planned registration pivot; no autocrop/recenter",UI layout controlled,static centered motif,runtime_evidence/RUNTIME_CODE_EVIDENCE.md; ASSET_BINDING_PLAN.md,VFX와 색·질감 언어 일치; 몬스터 원본을 그대로 복사하지 않음,true,ui,n/a,n/a,n/a,n/a,n/a,READY
area_13,m_meercat,s_mon_meercat,액티브,CAST_VFX,layer_ruids,visual stack L1..L1,412bce166c844b07ba1b4aa3ddcd53fa,REPLACE_PLANNED,VFX/F00... -> accepted AnimationClip,layer_ruids,replace visual stack as one accepted primary clip; do not duplicate across old layers automatically,caster at PlayCast time,"플레이어: 즉시 시전자 중심 원형 피해 판정 후 CAST. 몬스터: 축소 반경의 시전자 중심 원형 판정이 실제 명중한 경우에만 CAST. CAST는 시전자 원점+h, 좌측 대상/시선이면 FlipX. L1 412bce166c844b07ba1b4aa3ddcd53fa animationclip/clip delay=0s duration=0.74s scale=0.9 offset=(0,0)wu drift=(0,0)wu/s","플레이어: 즉시 시전자 중심 원형 피해 판정 후 CAST. 몬스터: 축소 반경의 시전자 중심 원형 판정이 실제 명중한 경우에만 CAST. CAST는 시전자 원점+h, 좌측 대상/시선이면 FlipX. L1 412bce166c844b07ba1b4aa3ddcd53fa animationclip/clip delay=0s duration=0.74s scale=0.9 offset=(0,0)wu drift=(0,0)wu/s",0 planned primary clip,0.80,false,8 frames × 0.10s; same 384×384 RGBA canvas,runtime offset=world unit; drift=world unit/s; art=pixel canvas; pivot=normalized,right-authored; role contract controls use,defense=false; attack based on player look/monster hit target,UNRESOLVED_IMPORT_PREVIEW,"(0.5,0.5) planned registration pivot; no autocrop/recenter",preserve current gameplay origin; final visual offset unresolved until labeled preview,"local build-up/impact only; layer drift, dash, projectile translation remain engine-owned",runtime_evidence/RUNTIME_CODE_EVIDENCE.md; ASSET_BINDING_PLAN.md,old layers remain KEEP until art approval; exact final scale/offset is not invented in INPUT,true,true,n/a,n/a,n/a,n/a,n/a,READY
area_13,m_meercat,s_mon_meercat,액티브,CURRENT_CAST_LAYER,layer_ruids,L1,412bce166c844b07ba1b4aa3ddcd53fa,KEEP,none until approved replacement,layer_ruids,L1,caster,current layer recipe,current layer recipe,0,0.74,false,8 frames × 0.10s; same 384×384 RGBA canvas,runtime offset=world unit; drift=world unit/s; art=pixel canvas; pivot=normalized,engine FlipX by caster/target,SkillEffect.SpawnLayer,0.9,"(0.5,0.5) planned registration pivot; no autocrop/recenter","(0,0) world unit","engine drift (0,0) world unit/s",runtime_evidence/RUNTIME_CODE_EVIDENCE.md; ASSET_BINDING_PLAN.md,기존 리소스는 신규 아트 승인·반입 전까지 유지,false,true,n/a,n/a,n/a,n/a,n/a,READY
area_13,m_meercat,s_mon_meercat,액티브,ICON,icon_ruid,UI,thumbnail://fc3c2944ce44425c8d7f302a8610b886,REPLACE_PLANNED,ICON/icon.png 256×256 RGBA,icon_ruid,UI icon,UI,inventory/skill UI,not world VFX,n/a,static,false,8 frames × 0.10s; same 384×384 RGBA canvas,runtime offset=world unit; drift=world unit/s; art=pixel canvas; pivot=normalized,none,false,UI layout controlled,"(0.5,0.5) planned registration pivot; no autocrop/recenter",UI layout controlled,static centered motif,runtime_evidence/RUNTIME_CODE_EVIDENCE.md; ASSET_BINDING_PLAN.md,VFX와 색·질감 언어 일치; 몬스터 원본을 그대로 복사하지 않음,true,ui,n/a,n/a,n/a,n/a,n/a,READY
area_13,m_sand_dwarf,s_mon_sand_dwarf,패시브,REFERENCE_VFX,none,none,,REFERENCE_ONLY,VFX/F00... (preview/reference only),none,none,not runtime,inventory ownership applies stat; no CAST,no passive CAST path,n/a,preview only,false,6 frames × 0.10s; same 256×256 RGBA canvas,runtime offset=world unit; drift=world unit/s; art=pixel canvas; pivot=normalized,art reference only,n/a,n/a,"(0.5,0.5) planned registration pivot; no autocrop/recenter",n/a,reference animation only; never auto-import,runtime_evidence/RUNTIME_CODE_EVIDENCE.md; ASSET_BINDING_PLAN.md,현행 런타임 VFX 없음,true,false,n/a,n/a,n/a,n/a,n/a,READY
area_13,m_sand_dwarf,s_mon_sand_dwarf,패시브,ICON,icon_ruid,UI,thumbnail://64f166fa4e5445bc982071dea297d988,REPLACE_PLANNED,ICON/icon.png 256×256 RGBA,icon_ruid,UI icon,UI,inventory/skill UI,not world VFX,n/a,static,false,6 frames × 0.10s; same 256×256 RGBA canvas,runtime offset=world unit; drift=world unit/s; art=pixel canvas; pivot=normalized,none,false,UI layout controlled,"(0.5,0.5) planned registration pivot; no autocrop/recenter",UI layout controlled,static centered motif,runtime_evidence/RUNTIME_CODE_EVIDENCE.md; ASSET_BINDING_PLAN.md,VFX와 색·질감 언어 일치; 몬스터 원본을 그대로 복사하지 않음,true,ui,n/a,n/a,n/a,n/a,n/a,READY
area_13,m_deo,s_mon_deo,액티브,CAST_VFX,layer_ruids,visual stack L1..L2,98cd61bf1b2c4ff496455ad956cd95d5|9af96df994cf4794882fec71c027da2b,REPLACE_PLANNED,VFX/F00... -> accepted AnimationClip,layer_ruids,replace visual stack as one accepted primary clip; do not duplicate across old layers automatically,caster at PlayCast time,"플레이어: 즉시 시전자 중심 원형 피해 판정 후 CAST. 몬스터: 축소 반경의 시전자 중심 원형 판정이 실제 명중한 경우에만 CAST. CAST는 시전자 원점+h, 좌측 대상/시선이면 FlipX. L1 98cd61bf1b2c4ff496455ad956cd95d5 animationclip/clip delay=0s duration=0.78s scale=1.05 offset=(0,0)wu drift=(0,0)wu/s; L2 9af96df994cf4794882fec71c027da2b animationclip/clip delay=0.2s duration=0.9s scale=0.85 offset=(0,0)wu drift=(0,0)wu/s","플레이어: 즉시 시전자 중심 원형 피해 판정 후 CAST. 몬스터: 축소 반경의 시전자 중심 원형 판정이 실제 명중한 경우에만 CAST. CAST는 시전자 원점+h, 좌측 대상/시선이면 FlipX. L1 98cd61bf1b2c4ff496455ad956cd95d5 animationclip/clip delay=0s duration=0.78s scale=1.05 offset=(0,0)wu drift=(0,0)wu/s; L2 9af96df994cf4794882fec71c027da2b animationclip/clip delay=0.2s duration=0.9s scale=0.85 offset=(0,0)wu drift=(0,0)wu/s",0 planned primary clip,0.96,false,12 frames × 0.08s; same 512×512 RGBA canvas,runtime offset=world unit; drift=world unit/s; art=pixel canvas; pivot=normalized,right-authored; role contract controls use,defense=false; attack based on player look/monster hit target,UNRESOLVED_IMPORT_PREVIEW,"(0.5,0.5) planned registration pivot; no autocrop/recenter",preserve current gameplay origin; final visual offset unresolved until labeled preview,"local build-up/impact only; layer drift, dash, projectile translation remain engine-owned",runtime_evidence/RUNTIME_CODE_EVIDENCE.md; ASSET_BINDING_PLAN.md,old layers remain KEEP until art approval; exact final scale/offset is not invented in INPUT,true,true,n/a,n/a,n/a,n/a,n/a,READY
area_13,m_deo,s_mon_deo,액티브,CURRENT_CAST_LAYER,layer_ruids,L1,98cd61bf1b2c4ff496455ad956cd95d5,KEEP,none until approved replacement,layer_ruids,L1,caster,current layer recipe,current layer recipe,0,0.78,false,12 frames × 0.08s; same 512×512 RGBA canvas,runtime offset=world unit; drift=world unit/s; art=pixel canvas; pivot=normalized,engine FlipX by caster/target,SkillEffect.SpawnLayer,1.05,"(0.5,0.5) planned registration pivot; no autocrop/recenter","(0,0) world unit","engine drift (0,0) world unit/s",runtime_evidence/RUNTIME_CODE_EVIDENCE.md; ASSET_BINDING_PLAN.md,기존 리소스는 신규 아트 승인·반입 전까지 유지,false,true,n/a,n/a,n/a,n/a,n/a,READY
area_13,m_deo,s_mon_deo,액티브,CURRENT_CAST_LAYER,layer_ruids,L2,9af96df994cf4794882fec71c027da2b,KEEP,none until approved replacement,layer_ruids,L2,map entity spawned at caster position sampled when delayed SpawnLayer executes,current layer recipe,current layer recipe,0.2,0.9,false,12 frames × 0.08s; same 512×512 RGBA canvas,runtime offset=world unit; drift=world unit/s; art=pixel canvas; pivot=normalized,engine FlipX by caster/target,SkillEffect.SpawnLayer,0.85,"(0.5,0.5) planned registration pivot; no autocrop/recenter","(0,0) world unit",position sampled at execution; after spawn map entity applies configured drift and does not follow caster,runtime_evidence/RUNTIME_CODE_EVIDENCE.md; ASSET_BINDING_PLAN.md,기존 리소스는 신규 아트 승인·반입 전까지 유지,false,true,n/a,n/a,n/a,n/a,n/a,READY
area_13,m_deo,s_mon_deo,액티브,ICON,icon_ruid,UI,thumbnail://6cf930e280f44694a0a0feedbfd855ed,REPLACE_PLANNED,ICON/icon.png 256×256 RGBA,icon_ruid,UI icon,UI,inventory/skill UI,not world VFX,n/a,static,false,12 frames × 0.08s; same 512×512 RGBA canvas,runtime offset=world unit; drift=world unit/s; art=pixel canvas; pivot=normalized,none,false,UI layout controlled,"(0.5,0.5) planned registration pivot; no autocrop/recenter",UI layout controlled,static centered motif,runtime_evidence/RUNTIME_CODE_EVIDENCE.md; ASSET_BINDING_PLAN.md,VFX와 색·질감 언어 일치; 몬스터 원본을 그대로 복사하지 않음,true,ui,n/a,n/a,n/a,n/a,n/a,READY
area_14,m_cube_slime,s_mon_cube_slime,패시브,REFERENCE_VFX,none,none,,REFERENCE_ONLY,VFX/F00... (preview/reference only),none,none,not runtime,inventory ownership applies stat; no CAST,no passive CAST path,n/a,preview only,false,6 frames × 0.10s; same 256×256 RGBA canvas,runtime offset=world unit; drift=world unit/s; art=pixel canvas; pivot=normalized,art reference only,n/a,n/a,"(0.5,0.5) planned registration pivot; no autocrop/recenter",n/a,reference animation only; never auto-import,runtime_evidence/RUNTIME_CODE_EVIDENCE.md; ASSET_BINDING_PLAN.md,현행 런타임 VFX 없음,true,false,n/a,n/a,n/a,n/a,n/a,READY
area_14,m_cube_slime,s_mon_cube_slime,패시브,ICON,icon_ruid,UI,thumbnail://e93e27480f1043ef8e51fa3b0906a4d9,REPLACE_PLANNED,ICON/icon.png 256×256 RGBA,icon_ruid,UI icon,UI,inventory/skill UI,not world VFX,n/a,static,false,6 frames × 0.10s; same 256×256 RGBA canvas,runtime offset=world unit; drift=world unit/s; art=pixel canvas; pivot=normalized,none,false,UI layout controlled,"(0.5,0.5) planned registration pivot; no autocrop/recenter",UI layout controlled,static centered motif,runtime_evidence/RUNTIME_CODE_EVIDENCE.md; ASSET_BINDING_PLAN.md,VFX와 색·질감 언어 일치; 몬스터 원본을 그대로 복사하지 않음,true,ui,n/a,n/a,n/a,n/a,n/a,READY
area_14,m_mithril_mutae,s_mon_mithril_mutae,패시브,REFERENCE_VFX,none,none,,REFERENCE_ONLY,VFX/F00... (preview/reference only),none,none,not runtime,inventory ownership applies stat; no CAST,no passive CAST path,n/a,preview only,false,6 frames × 0.10s; same 256×256 RGBA canvas,runtime offset=world unit; drift=world unit/s; art=pixel canvas; pivot=normalized,art reference only,n/a,n/a,"(0.5,0.5) planned registration pivot; no autocrop/recenter",n/a,reference animation only; never auto-import,runtime_evidence/RUNTIME_CODE_EVIDENCE.md; ASSET_BINDING_PLAN.md,현행 런타임 VFX 없음,true,false,n/a,n/a,n/a,n/a,n/a,READY
area_14,m_mithril_mutae,s_mon_mithril_mutae,패시브,ICON,icon_ruid,UI,thumbnail://b06abb18fb52476d8bc7bdd5e46abe19,REPLACE_PLANNED,ICON/icon.png 256×256 RGBA,icon_ruid,UI icon,UI,inventory/skill UI,not world VFX,n/a,static,false,6 frames × 0.10s; same 256×256 RGBA canvas,runtime offset=world unit; drift=world unit/s; art=pixel canvas; pivot=normalized,none,false,UI layout controlled,"(0.5,0.5) planned registration pivot; no autocrop/recenter",UI layout controlled,static centered motif,runtime_evidence/RUNTIME_CODE_EVIDENCE.md; ASSET_BINDING_PLAN.md,VFX와 색·질감 언어 일치; 몬스터 원본을 그대로 복사하지 않음,true,ui,n/a,n/a,n/a,n/a,n/a,READY
area_14,m_homun,s_mon_homun,액티브,CAST_VFX,layer_ruids,visual stack L1..L1,127defcb953144368b79da1417f8b4b4,REPLACE_PLANNED,VFX/F00... -> accepted AnimationClip,layer_ruids,replace visual stack as one accepted primary clip; do not duplicate across old layers automatically,caster at PlayCast time,"플레이어: 즉시 시전자 중심 원형 피해 판정 후 CAST. 몬스터: 축소 반경의 시전자 중심 원형 판정이 실제 명중한 경우에만 CAST. CAST는 시전자 원점+h, 좌측 대상/시선이면 FlipX. L1 127defcb953144368b79da1417f8b4b4 animationclip/clip delay=0s duration=0.82s scale=0.9 offset=(0,0)wu drift=(0,0)wu/s","플레이어: 즉시 시전자 중심 원형 피해 판정 후 CAST. 몬스터: 축소 반경의 시전자 중심 원형 판정이 실제 명중한 경우에만 CAST. CAST는 시전자 원점+h, 좌측 대상/시선이면 FlipX. L1 127defcb953144368b79da1417f8b4b4 animationclip/clip delay=0s duration=0.82s scale=0.9 offset=(0,0)wu drift=(0,0)wu/s",0 planned primary clip,0.80,false,8 frames × 0.10s; same 384×384 RGBA canvas,runtime offset=world unit; drift=world unit/s; art=pixel canvas; pivot=normalized,right-authored; role contract controls use,defense=false; attack based on player look/monster hit target,UNRESOLVED_IMPORT_PREVIEW,"(0.5,0.5) planned registration pivot; no autocrop/recenter",preserve current gameplay origin; final visual offset unresolved until labeled preview,"local build-up/impact only; layer drift, dash, projectile translation remain engine-owned",runtime_evidence/RUNTIME_CODE_EVIDENCE.md; ASSET_BINDING_PLAN.md,old layers remain KEEP until art approval; exact final scale/offset is not invented in INPUT,true,true,n/a,n/a,n/a,n/a,n/a,READY
area_14,m_homun,s_mon_homun,액티브,CURRENT_CAST_LAYER,layer_ruids,L1,127defcb953144368b79da1417f8b4b4,KEEP,none until approved replacement,layer_ruids,L1,caster,current layer recipe,current layer recipe,0,0.82,false,8 frames × 0.10s; same 384×384 RGBA canvas,runtime offset=world unit; drift=world unit/s; art=pixel canvas; pivot=normalized,engine FlipX by caster/target,SkillEffect.SpawnLayer,0.9,"(0.5,0.5) planned registration pivot; no autocrop/recenter","(0,0) world unit","engine drift (0,0) world unit/s",runtime_evidence/RUNTIME_CODE_EVIDENCE.md; ASSET_BINDING_PLAN.md,기존 리소스는 신규 아트 승인·반입 전까지 유지,false,true,n/a,n/a,n/a,n/a,n/a,READY
area_14,m_homun,s_mon_homun,액티브,ICON,icon_ruid,UI,thumbnail://8f0fb531779d41738664009091d7b017,REPLACE_PLANNED,ICON/icon.png 256×256 RGBA,icon_ruid,UI icon,UI,inventory/skill UI,not world VFX,n/a,static,false,8 frames × 0.10s; same 384×384 RGBA canvas,runtime offset=world unit; drift=world unit/s; art=pixel canvas; pivot=normalized,none,false,UI layout controlled,"(0.5,0.5) planned registration pivot; no autocrop/recenter",UI layout controlled,static centered motif,runtime_evidence/RUNTIME_CODE_EVIDENCE.md; ASSET_BINDING_PLAN.md,VFX와 색·질감 언어 일치; 몬스터 원본을 그대로 복사하지 않음,true,ui,n/a,n/a,n/a,n/a,n/a,READY
area_14,m_roid,s_mon_roid,액티브,CAST_VFX,layer_ruids,visual stack L1..L1,3ff44a80daba4bb4a903778e036f551d,REPLACE_PLANNED,VFX/F00... -> accepted AnimationClip,layer_ruids,replace visual stack as one accepted primary clip; do not duplicate across old layers automatically,caster at PlayCast time,"CAST는 시전자 원점+h에서 재생하고 projectile_ruid e51545cbf94349f59f4431e2e76d2cdc는 엔진이 목표까지 0.35초 이동·회전. 피해는 도착 타이머 뒤 착탄점에서 판정. L1 3ff44a80daba4bb4a903778e036f551d animationclip/clip delay=0.2s duration=0.72s scale=0.9 offset=(0,0)wu drift=(0,0)wu/s","CAST는 시전자 원점+h에서 재생하고 projectile_ruid e51545cbf94349f59f4431e2e76d2cdc는 엔진이 목표까지 0.35초 이동·회전. 피해는 도착 타이머 뒤 착탄점에서 판정. L1 3ff44a80daba4bb4a903778e036f551d animationclip/clip delay=0.2s duration=0.72s scale=0.9 offset=(0,0)wu drift=(0,0)wu/s",0 planned primary clip,0.80,false,8 frames × 0.10s; same 384×384 RGBA canvas,runtime offset=world unit; drift=world unit/s; art=pixel canvas; pivot=normalized,right-authored; role contract controls use,defense=false; attack based on player look/monster hit target,UNRESOLVED_IMPORT_PREVIEW,"(0.5,0.5) planned registration pivot; no autocrop/recenter",preserve current gameplay origin; final visual offset unresolved until labeled preview,"local build-up/impact only; layer drift, dash, projectile translation remain engine-owned",runtime_evidence/RUNTIME_CODE_EVIDENCE.md; ASSET_BINDING_PLAN.md,old layers remain KEEP until art approval; exact final scale/offset is not invented in INPUT,true,true,7,4.6690000000000005,0.8,0.35,1,READY
area_14,m_roid,s_mon_roid,액티브,CURRENT_CAST_LAYER,layer_ruids,L1,3ff44a80daba4bb4a903778e036f551d,KEEP,none until approved replacement,layer_ruids,L1,map entity spawned at caster position sampled when delayed SpawnLayer executes,current layer recipe,current layer recipe,0.2,0.72,false,8 frames × 0.10s; same 384×384 RGBA canvas,runtime offset=world unit; drift=world unit/s; art=pixel canvas; pivot=normalized,engine FlipX by caster/target,SkillEffect.SpawnLayer,0.9,"(0.5,0.5) planned registration pivot; no autocrop/recenter","(0,0) world unit",position sampled at execution; after spawn map entity applies configured drift and does not follow caster,runtime_evidence/RUNTIME_CODE_EVIDENCE.md; ASSET_BINDING_PLAN.md,기존 리소스는 신규 아트 승인·반입 전까지 유지,false,true,7,4.6690000000000005,0.8,0.35,1,READY
area_14,m_roid,s_mon_roid,액티브,PROJECTILE,projectile_ruid,moving entity sprite,e51545cbf94349f59f4431e2e76d2cdc,KEEP,none in required V2.1 scope,projectile_ruid,SkillProjectile SpriteRenderer,moving projectile entity,engine travel then arrival hit,engine travel then arrival hit,0,0.35,false,8 frames × 0.10s; same 384×384 RGBA canvas,runtime offset=world unit; drift=world unit/s; art=pixel canvas; pivot=normalized,engine translation + ZRotation only,none in actual PROJECTILE path,current,"(0.5,0.5) planned registration pivot; no autocrop/recenter",caster/target + skill_effect_height,engine owns translation/spin; existing projectile art retained,runtime_evidence/RUNTIME_CODE_EVIDENCE.md; ASSET_BINDING_PLAN.md,KEEP: existing projectile art remains outside required V2.2 generation scope; additional approval required to replace,false,true,7,4.6690000000000005,0.8,0.35,1,READY
area_14,m_roid,s_mon_roid,액티브,ICON,icon_ruid,UI,thumbnail://364bc76e0cc3429ea8ca758319ec7678,REPLACE_PLANNED,ICON/icon.png 256×256 RGBA,icon_ruid,UI icon,UI,inventory/skill UI,not world VFX,n/a,static,false,8 frames × 0.10s; same 384×384 RGBA canvas,runtime offset=world unit; drift=world unit/s; art=pixel canvas; pivot=normalized,none,false,UI layout controlled,"(0.5,0.5) planned registration pivot; no autocrop/recenter",UI layout controlled,static centered motif,runtime_evidence/RUNTIME_CODE_EVIDENCE.md; ASSET_BINDING_PLAN.md,VFX와 색·질감 언어 일치; 몬스터 원본을 그대로 복사하지 않음,true,ui,7,4.6690000000000005,0.8,0.35,1,READY
area_14,m_chimera,s_mon_chimera,액티브,CAST_VFX,layer_ruids,visual stack L1..L2,127defcb953144368b79da1417f8b4b4|ec7b571a85244965b296d26e6511e06d,REPLACE_PLANNED,VFX/F00... -> accepted AnimationClip,layer_ruids,replace visual stack as one accepted primary clip; do not duplicate across old layers automatically,caster at PlayCast time,"CAST는 시전자 원점+h에서 재생하고 projectile_ruid ab113d9a5ca5402d85ecc2ab7a4f51a1는 엔진이 목표까지 0.35초 이동·회전. 피해는 도착 타이머 뒤 착탄점에서 판정. L1 127defcb953144368b79da1417f8b4b4 animationclip/clip delay=0.2s duration=0.8s scale=1.05 offset=(0,0)wu drift=(0,0)wu/s; L2 ec7b571a85244965b296d26e6511e06d animationclip/clip delay=0s duration=0.9s scale=0.85 offset=(0,0)wu drift=(0,0)wu/s","CAST는 시전자 원점+h에서 재생하고 projectile_ruid ab113d9a5ca5402d85ecc2ab7a4f51a1는 엔진이 목표까지 0.35초 이동·회전. 피해는 도착 타이머 뒤 착탄점에서 판정. L1 127defcb953144368b79da1417f8b4b4 animationclip/clip delay=0.2s duration=0.8s scale=1.05 offset=(0,0)wu drift=(0,0)wu/s; L2 ec7b571a85244965b296d26e6511e06d animationclip/clip delay=0s duration=0.9s scale=0.85 offset=(0,0)wu drift=(0,0)wu/s",0 planned primary clip,0.96,false,12 frames × 0.08s; same 512×512 RGBA canvas,runtime offset=world unit; drift=world unit/s; art=pixel canvas; pivot=normalized,right-authored; role contract controls use,defense=false; attack based on player look/monster hit target,UNRESOLVED_IMPORT_PREVIEW,"(0.5,0.5) planned registration pivot; no autocrop/recenter",preserve current gameplay origin; final visual offset unresolved until labeled preview,"local build-up/impact only; layer drift, dash, projectile translation remain engine-owned",runtime_evidence/RUNTIME_CODE_EVIDENCE.md; ASSET_BINDING_PLAN.md,old layers remain KEEP until art approval; exact final scale/offset is not invented in INPUT,true,true,6.8,4.5356000000000005,0.8,0.35,unlimited,READY
area_14,m_chimera,s_mon_chimera,액티브,CURRENT_CAST_LAYER,layer_ruids,L1,127defcb953144368b79da1417f8b4b4,KEEP,none until approved replacement,layer_ruids,L1,map entity spawned at caster position sampled when delayed SpawnLayer executes,current layer recipe,current layer recipe,0.2,0.8,false,12 frames × 0.08s; same 512×512 RGBA canvas,runtime offset=world unit; drift=world unit/s; art=pixel canvas; pivot=normalized,engine FlipX by caster/target,SkillEffect.SpawnLayer,1.05,"(0.5,0.5) planned registration pivot; no autocrop/recenter","(0,0) world unit",position sampled at execution; after spawn map entity applies configured drift and does not follow caster,runtime_evidence/RUNTIME_CODE_EVIDENCE.md; ASSET_BINDING_PLAN.md,기존 리소스는 신규 아트 승인·반입 전까지 유지,false,true,6.8,4.5356000000000005,0.8,0.35,unlimited,READY
area_14,m_chimera,s_mon_chimera,액티브,CURRENT_CAST_LAYER,layer_ruids,L2,ec7b571a85244965b296d26e6511e06d,KEEP,none until approved replacement,layer_ruids,L2,caster,current layer recipe,current layer recipe,0,0.9,false,12 frames × 0.08s; same 512×512 RGBA canvas,runtime offset=world unit; drift=world unit/s; art=pixel canvas; pivot=normalized,engine FlipX by caster/target,SkillEffect.SpawnLayer,0.85,"(0.5,0.5) planned registration pivot; no autocrop/recenter","(0,0) world unit","engine drift (0,0) world unit/s",runtime_evidence/RUNTIME_CODE_EVIDENCE.md; ASSET_BINDING_PLAN.md,기존 리소스는 신규 아트 승인·반입 전까지 유지,false,true,6.8,4.5356000000000005,0.8,0.35,unlimited,READY
area_14,m_chimera,s_mon_chimera,액티브,PROJECTILE,projectile_ruid,moving entity sprite,ab113d9a5ca5402d85ecc2ab7a4f51a1,KEEP,none in required V2.1 scope,projectile_ruid,SkillProjectile SpriteRenderer,moving projectile entity,engine travel then arrival hit,engine travel then arrival hit,0,0.35,false,12 frames × 0.08s; same 512×512 RGBA canvas,runtime offset=world unit; drift=world unit/s; art=pixel canvas; pivot=normalized,engine translation + ZRotation only,none in actual PROJECTILE path,current,"(0.5,0.5) planned registration pivot; no autocrop/recenter",caster/target + skill_effect_height,engine owns translation/spin; existing projectile art retained,runtime_evidence/RUNTIME_CODE_EVIDENCE.md; ASSET_BINDING_PLAN.md,KEEP: existing projectile art remains outside required V2.2 generation scope; additional approval required to replace,false,true,6.8,4.5356000000000005,0.8,0.35,unlimited,READY
area_14,m_chimera,s_mon_chimera,액티브,ICON,icon_ruid,UI,thumbnail://3f5236d28b1f409797fe7c4b48743b8a,REPLACE_PLANNED,ICON/icon.png 256×256 RGBA,icon_ruid,UI icon,UI,inventory/skill UI,not world VFX,n/a,static,false,12 frames × 0.08s; same 512×512 RGBA canvas,runtime offset=world unit; drift=world unit/s; art=pixel canvas; pivot=normalized,none,false,UI layout controlled,"(0.5,0.5) planned registration pivot; no autocrop/recenter",UI layout controlled,static centered motif,runtime_evidence/RUNTIME_CODE_EVIDENCE.md; ASSET_BINDING_PLAN.md,VFX와 색·질감 언어 일치; 몬스터 원본을 그대로 복사하지 않음,true,ui,6.8,4.5356000000000005,0.8,0.35,unlimited,READY
area_15,m_straw_dummy,s_mon_straw_dummy,패시브,REFERENCE_VFX,none,none,,REFERENCE_ONLY,VFX/F00... (preview/reference only),none,none,not runtime,inventory ownership applies stat; no CAST,no passive CAST path,n/a,preview only,false,6 frames × 0.10s; same 256×256 RGBA canvas,runtime offset=world unit; drift=world unit/s; art=pixel canvas; pivot=normalized,art reference only,n/a,n/a,"(0.5,0.5) planned registration pivot; no autocrop/recenter",n/a,reference animation only; never auto-import,runtime_evidence/RUNTIME_CODE_EVIDENCE.md; ASSET_BINDING_PLAN.md,현행 런타임 VFX 없음,true,false,n/a,n/a,n/a,n/a,n/a,READY
area_15,m_straw_dummy,s_mon_straw_dummy,패시브,ICON,icon_ruid,UI,thumbnail://4b1d55e35ae9462b944297691025429a,REPLACE_PLANNED,ICON/icon.png 256×256 RGBA,icon_ruid,UI icon,UI,inventory/skill UI,not world VFX,n/a,static,false,6 frames × 0.10s; same 256×256 RGBA canvas,runtime offset=world unit; drift=world unit/s; art=pixel canvas; pivot=normalized,none,false,UI layout controlled,"(0.5,0.5) planned registration pivot; no autocrop/recenter",UI layout controlled,static centered motif,runtime_evidence/RUNTIME_CODE_EVIDENCE.md; ASSET_BINDING_PLAN.md,VFX와 색·질감 언어 일치; 몬스터 원본을 그대로 복사하지 않음,true,ui,n/a,n/a,n/a,n/a,n/a,READY
area_15,m_wooden_dummy,s_mon_wooden_dummy,액티브,CAST_VFX,layer_ruids,visual stack L1..L2,1ad77c5bc77f4ee3a7b212d6394f0b13|7598c7485ce9483b8b1178386b7d8f73,REPLACE_PLANNED,VFX/F00... -> accepted AnimationClip,layer_ruids,replace visual stack as one accepted primary clip; do not duplicate across old layers automatically,caster at PlayCast time,"플레이어: 즉시 시전자 중심 원형 피해 판정 후 CAST. 몬스터: 축소 반경의 시전자 중심 원형 판정이 실제 명중한 경우에만 CAST. CAST는 시전자 원점+h, 좌측 대상/시선이면 FlipX. L1 1ad77c5bc77f4ee3a7b212d6394f0b13 animationclip/clip delay=0s duration=0.7s scale=0.9 offset=(0,0)wu drift=(0,0)wu/s; L2 7598c7485ce9483b8b1178386b7d8f73 animationclip/clip delay=0.22s duration=0.55s scale=1.05 offset=(0,0)wu drift=(0,0)wu/s","플레이어: 즉시 시전자 중심 원형 피해 판정 후 CAST. 몬스터: 축소 반경의 시전자 중심 원형 판정이 실제 명중한 경우에만 CAST. CAST는 시전자 원점+h, 좌측 대상/시선이면 FlipX. L1 1ad77c5bc77f4ee3a7b212d6394f0b13 animationclip/clip delay=0s duration=0.7s scale=0.9 offset=(0,0)wu drift=(0,0)wu/s; L2 7598c7485ce9483b8b1178386b7d8f73 animationclip/clip delay=0.22s duration=0.55s scale=1.05 offset=(0,0)wu drift=(0,0)wu/s",0 planned primary clip,0.80,false,8 frames × 0.10s; same 384×384 RGBA canvas,runtime offset=world unit; drift=world unit/s; art=pixel canvas; pivot=normalized,right-authored; role contract controls use,defense=false; attack based on player look/monster hit target,UNRESOLVED_IMPORT_PREVIEW,"(0.5,0.5) planned registration pivot; no autocrop/recenter",preserve current gameplay origin; final visual offset unresolved until labeled preview,"local build-up/impact only; layer drift, dash, projectile translation remain engine-owned",runtime_evidence/RUNTIME_CODE_EVIDENCE.md; ASSET_BINDING_PLAN.md,old layers remain KEEP until art approval; exact final scale/offset is not invented in INPUT,true,true,n/a,n/a,n/a,n/a,n/a,READY
area_15,m_wooden_dummy,s_mon_wooden_dummy,액티브,CURRENT_CAST_LAYER,layer_ruids,L1,1ad77c5bc77f4ee3a7b212d6394f0b13,KEEP,none until approved replacement,layer_ruids,L1,caster,current layer recipe,current layer recipe,0,0.7,false,8 frames × 0.10s; same 384×384 RGBA canvas,runtime offset=world unit; drift=world unit/s; art=pixel canvas; pivot=normalized,engine FlipX by caster/target,SkillEffect.SpawnLayer,0.9,"(0.5,0.5) planned registration pivot; no autocrop/recenter","(0,0) world unit","engine drift (0,0) world unit/s",runtime_evidence/RUNTIME_CODE_EVIDENCE.md; ASSET_BINDING_PLAN.md,기존 리소스는 신규 아트 승인·반입 전까지 유지,false,true,n/a,n/a,n/a,n/a,n/a,READY
area_15,m_wooden_dummy,s_mon_wooden_dummy,액티브,CURRENT_CAST_LAYER,layer_ruids,L2,7598c7485ce9483b8b1178386b7d8f73,KEEP,none until approved replacement,layer_ruids,L2,map entity spawned at caster position sampled when delayed SpawnLayer executes,current layer recipe,current layer recipe,0.22,0.55,false,8 frames × 0.10s; same 384×384 RGBA canvas,runtime offset=world unit; drift=world unit/s; art=pixel canvas; pivot=normalized,engine FlipX by caster/target,SkillEffect.SpawnLayer,1.05,"(0.5,0.5) planned registration pivot; no autocrop/recenter","(0,0) world unit",position sampled at execution; after spawn map entity applies configured drift and does not follow caster,runtime_evidence/RUNTIME_CODE_EVIDENCE.md; ASSET_BINDING_PLAN.md,기존 리소스는 신규 아트 승인·반입 전까지 유지,false,true,n/a,n/a,n/a,n/a,n/a,READY
area_15,m_wooden_dummy,s_mon_wooden_dummy,액티브,ICON,icon_ruid,UI,thumbnail://91ff481190624f0fa850c86c8d3bdbde,REPLACE_PLANNED,ICON/icon.png 256×256 RGBA,icon_ruid,UI icon,UI,inventory/skill UI,not world VFX,n/a,static,false,8 frames × 0.10s; same 384×384 RGBA canvas,runtime offset=world unit; drift=world unit/s; art=pixel canvas; pivot=normalized,none,false,UI layout controlled,"(0.5,0.5) planned registration pivot; no autocrop/recenter",UI layout controlled,static centered motif,runtime_evidence/RUNTIME_CODE_EVIDENCE.md; ASSET_BINDING_PLAN.md,VFX와 색·질감 언어 일치; 몬스터 원본을 그대로 복사하지 않음,true,ui,n/a,n/a,n/a,n/a,n/a,READY
area_15,m_peach_monkey,s_mon_peach_monkey,액티브,CAST_VFX,layer_ruids,visual stack L1..L1,b22bb4955588482cbe450b97cff20c19,REPLACE_PLANNED,VFX/F00... -> accepted AnimationClip,layer_ruids,replace visual stack as one accepted primary clip; do not duplicate across old layers automatically,caster at PlayCast time,"CAST는 시전자 원점+h에서 재생하고 projectile_ruid 9ca14ee512b1489cbb54b2b9833388cd는 엔진이 목표까지 0.35초 이동·회전. 피해는 도착 타이머 뒤 착탄점에서 판정. L1 b22bb4955588482cbe450b97cff20c19 animationclip/clip delay=0s duration=0.65s scale=1 offset=(0,0)wu drift=(0,0)wu/s","CAST는 시전자 원점+h에서 재생하고 projectile_ruid 9ca14ee512b1489cbb54b2b9833388cd는 엔진이 목표까지 0.35초 이동·회전. 피해는 도착 타이머 뒤 착탄점에서 판정. L1 b22bb4955588482cbe450b97cff20c19 animationclip/clip delay=0s duration=0.65s scale=1 offset=(0,0)wu drift=(0,0)wu/s",0 planned primary clip,0.80,false,8 frames × 0.10s; same 384×384 RGBA canvas,runtime offset=world unit; drift=world unit/s; art=pixel canvas; pivot=normalized,right-authored; role contract controls use,defense=false; attack based on player look/monster hit target,UNRESOLVED_IMPORT_PREVIEW,"(0.5,0.5) planned registration pivot; no autocrop/recenter",preserve current gameplay origin; final visual offset unresolved until labeled preview,"local build-up/impact only; layer drift, dash, projectile translation remain engine-owned",runtime_evidence/RUNTIME_CODE_EVIDENCE.md; ASSET_BINDING_PLAN.md,old layers remain KEEP until art approval; exact final scale/offset is not invented in INPUT,true,true,7,4.6690000000000005,0.8,0.35,1,READY
area_15,m_peach_monkey,s_mon_peach_monkey,액티브,CURRENT_CAST_LAYER,layer_ruids,L1,b22bb4955588482cbe450b97cff20c19,KEEP,none until approved replacement,layer_ruids,L1,caster,current layer recipe,current layer recipe,0,0.65,false,8 frames × 0.10s; same 384×384 RGBA canvas,runtime offset=world unit; drift=world unit/s; art=pixel canvas; pivot=normalized,engine FlipX by caster/target,SkillEffect.SpawnLayer,1,"(0.5,0.5) planned registration pivot; no autocrop/recenter","(0,0) world unit","engine drift (0,0) world unit/s",runtime_evidence/RUNTIME_CODE_EVIDENCE.md; ASSET_BINDING_PLAN.md,기존 리소스는 신규 아트 승인·반입 전까지 유지,false,true,7,4.6690000000000005,0.8,0.35,1,READY
area_15,m_peach_monkey,s_mon_peach_monkey,액티브,PROJECTILE,projectile_ruid,moving entity sprite,9ca14ee512b1489cbb54b2b9833388cd,KEEP,none in required V2.1 scope,projectile_ruid,SkillProjectile SpriteRenderer,moving projectile entity,engine travel then arrival hit,engine travel then arrival hit,0,0.35,false,8 frames × 0.10s; same 384×384 RGBA canvas,runtime offset=world unit; drift=world unit/s; art=pixel canvas; pivot=normalized,engine translation + ZRotation only,none in actual PROJECTILE path,current,"(0.5,0.5) planned registration pivot; no autocrop/recenter",caster/target + skill_effect_height,engine owns translation/spin; existing projectile art retained,runtime_evidence/RUNTIME_CODE_EVIDENCE.md; ASSET_BINDING_PLAN.md,KEEP: existing projectile art remains outside required V2.2 generation scope; additional approval required to replace,false,true,7,4.6690000000000005,0.8,0.35,1,READY
area_15,m_peach_monkey,s_mon_peach_monkey,액티브,ICON,icon_ruid,UI,thumbnail://15e255981ed54cf092a136b1526aa055,REPLACE_PLANNED,ICON/icon.png 256×256 RGBA,icon_ruid,UI icon,UI,inventory/skill UI,not world VFX,n/a,static,false,8 frames × 0.10s; same 384×384 RGBA canvas,runtime offset=world unit; drift=world unit/s; art=pixel canvas; pivot=normalized,none,false,UI layout controlled,"(0.5,0.5) planned registration pivot; no autocrop/recenter",UI layout controlled,static centered motif,runtime_evidence/RUNTIME_CODE_EVIDENCE.md; ASSET_BINDING_PLAN.md,VFX와 색·질감 언어 일치; 몬스터 원본을 그대로 복사하지 않음,true,ui,7,4.6690000000000005,0.8,0.35,1,READY
area_15,m_blue_flower_serpent,s_mon_blue_flower_serpent,패시브,REFERENCE_VFX,none,none,,REFERENCE_ONLY,VFX/F00... (preview/reference only),none,none,not runtime,inventory ownership applies stat; no CAST,no passive CAST path,n/a,preview only,false,6 frames × 0.10s; same 256×256 RGBA canvas,runtime offset=world unit; drift=world unit/s; art=pixel canvas; pivot=normalized,art reference only,n/a,n/a,"(0.5,0.5) planned registration pivot; no autocrop/recenter",n/a,reference animation only; never auto-import,runtime_evidence/RUNTIME_CODE_EVIDENCE.md; ASSET_BINDING_PLAN.md,현행 런타임 VFX 없음,true,false,n/a,n/a,n/a,n/a,n/a,READY
area_15,m_blue_flower_serpent,s_mon_blue_flower_serpent,패시브,ICON,icon_ruid,UI,thumbnail://75dc3d98cc1243298dca02fd708bcb34,REPLACE_PLANNED,ICON/icon.png 256×256 RGBA,icon_ruid,UI icon,UI,inventory/skill UI,not world VFX,n/a,static,false,6 frames × 0.10s; same 256×256 RGBA canvas,runtime offset=world unit; drift=world unit/s; art=pixel canvas; pivot=normalized,none,false,UI layout controlled,"(0.5,0.5) planned registration pivot; no autocrop/recenter",UI layout controlled,static centered motif,runtime_evidence/RUNTIME_CODE_EVIDENCE.md; ASSET_BINDING_PLAN.md,VFX와 색·질감 언어 일치; 몬스터 원본을 그대로 복사하지 않음,true,ui,n/a,n/a,n/a,n/a,n/a,READY
area_15,m_tae_roon,s_mon_tae_roon,액티브,CAST_VFX,layer_ruids,visual stack L1..L2,353079a9d111455ab55d75577f9d7967|8e38989c6f3d4f87876d37e431ee11c1,REPLACE_PLANNED,VFX/F00... -> accepted AnimationClip,layer_ruids,replace visual stack as one accepted primary clip; do not duplicate across old layers automatically,caster at PlayCast time,"CAST는 시전자 원점+h에서 재생하고 projectile_ruid 5328a3875a32437784c949579f259a00는 엔진이 목표까지 0.35초 이동·회전. 피해는 도착 타이머 뒤 착탄점에서 판정. L1 353079a9d111455ab55d75577f9d7967 animationclip/clip delay=0s duration=0.75s scale=1.05 offset=(0,0)wu drift=(0,0)wu/s; L2 8e38989c6f3d4f87876d37e431ee11c1 animationclip/clip delay=0.2s duration=0.85s scale=1.1 offset=(0,0)wu drift=(0,0)wu/s","CAST는 시전자 원점+h에서 재생하고 projectile_ruid 5328a3875a32437784c949579f259a00는 엔진이 목표까지 0.35초 이동·회전. 피해는 도착 타이머 뒤 착탄점에서 판정. L1 353079a9d111455ab55d75577f9d7967 animationclip/clip delay=0s duration=0.75s scale=1.05 offset=(0,0)wu drift=(0,0)wu/s; L2 8e38989c6f3d4f87876d37e431ee11c1 animationclip/clip delay=0.2s duration=0.85s scale=1.1 offset=(0,0)wu drift=(0,0)wu/s",0 planned primary clip,0.96,false,12 frames × 0.08s; same 512×512 RGBA canvas,runtime offset=world unit; drift=world unit/s; art=pixel canvas; pivot=normalized,right-authored; role contract controls use,defense=false; attack based on player look/monster hit target,UNRESOLVED_IMPORT_PREVIEW,"(0.5,0.5) planned registration pivot; no autocrop/recenter",preserve current gameplay origin; final visual offset unresolved until labeled preview,"local build-up/impact only; layer drift, dash, projectile translation remain engine-owned",runtime_evidence/RUNTIME_CODE_EVIDENCE.md; ASSET_BINDING_PLAN.md,old layers remain KEEP until art approval; exact final scale/offset is not invented in INPUT,true,true,6.6,4.4022,0.8,0.35,unlimited,READY
area_15,m_tae_roon,s_mon_tae_roon,액티브,CURRENT_CAST_LAYER,layer_ruids,L1,353079a9d111455ab55d75577f9d7967,KEEP,none until approved replacement,layer_ruids,L1,caster,current layer recipe,current layer recipe,0,0.75,false,12 frames × 0.08s; same 512×512 RGBA canvas,runtime offset=world unit; drift=world unit/s; art=pixel canvas; pivot=normalized,engine FlipX by caster/target,SkillEffect.SpawnLayer,1.05,"(0.5,0.5) planned registration pivot; no autocrop/recenter","(0,0) world unit","engine drift (0,0) world unit/s",runtime_evidence/RUNTIME_CODE_EVIDENCE.md; ASSET_BINDING_PLAN.md,기존 리소스는 신규 아트 승인·반입 전까지 유지,false,true,6.6,4.4022,0.8,0.35,unlimited,READY
area_15,m_tae_roon,s_mon_tae_roon,액티브,CURRENT_CAST_LAYER,layer_ruids,L2,8e38989c6f3d4f87876d37e431ee11c1,KEEP,none until approved replacement,layer_ruids,L2,map entity spawned at caster position sampled when delayed SpawnLayer executes,current layer recipe,current layer recipe,0.2,0.85,false,12 frames × 0.08s; same 512×512 RGBA canvas,runtime offset=world unit; drift=world unit/s; art=pixel canvas; pivot=normalized,engine FlipX by caster/target,SkillEffect.SpawnLayer,1.1,"(0.5,0.5) planned registration pivot; no autocrop/recenter","(0,0) world unit",position sampled at execution; after spawn map entity applies configured drift and does not follow caster,runtime_evidence/RUNTIME_CODE_EVIDENCE.md; ASSET_BINDING_PLAN.md,기존 리소스는 신규 아트 승인·반입 전까지 유지,false,true,6.6,4.4022,0.8,0.35,unlimited,READY
area_15,m_tae_roon,s_mon_tae_roon,액티브,PROJECTILE,projectile_ruid,moving entity sprite,5328a3875a32437784c949579f259a00,KEEP,none in required V2.1 scope,projectile_ruid,SkillProjectile SpriteRenderer,moving projectile entity,engine travel then arrival hit,engine travel then arrival hit,0,0.35,false,12 frames × 0.08s; same 512×512 RGBA canvas,runtime offset=world unit; drift=world unit/s; art=pixel canvas; pivot=normalized,engine translation + ZRotation only,none in actual PROJECTILE path,current,"(0.5,0.5) planned registration pivot; no autocrop/recenter",caster/target + skill_effect_height,engine owns translation/spin; existing projectile art retained,runtime_evidence/RUNTIME_CODE_EVIDENCE.md; ASSET_BINDING_PLAN.md,KEEP: existing projectile art remains outside required V2.2 generation scope; additional approval required to replace,false,true,6.6,4.4022,0.8,0.35,unlimited,READY
area_15,m_tae_roon,s_mon_tae_roon,액티브,ICON,icon_ruid,UI,thumbnail://0e1e782401624d7693959777c0b16ebe,REPLACE_PLANNED,ICON/icon.png 256×256 RGBA,icon_ruid,UI icon,UI,inventory/skill UI,not world VFX,n/a,static,false,12 frames × 0.08s; same 512×512 RGBA canvas,runtime offset=world unit; drift=world unit/s; art=pixel canvas; pivot=normalized,none,false,UI layout controlled,"(0.5,0.5) planned registration pivot; no autocrop/recenter",UI layout controlled,static centered motif,runtime_evidence/RUNTIME_CODE_EVIDENCE.md; ASSET_BINDING_PLAN.md,VFX와 색·질감 언어 일치; 몬스터 원본을 그대로 복사하지 않음,true,ui,6.6,4.4022,0.8,0.35,unlimited,READY
area_16,m_harp,s_mon_harp,패시브,REFERENCE_VFX,none,none,,REFERENCE_ONLY,VFX/F00... (preview/reference only),none,none,not runtime,inventory ownership applies stat; no CAST,no passive CAST path,n/a,preview only,false,6 frames × 0.10s; same 256×256 RGBA canvas,runtime offset=world unit; drift=world unit/s; art=pixel canvas; pivot=normalized,art reference only,n/a,n/a,"(0.5,0.5) planned registration pivot; no autocrop/recenter",n/a,reference animation only; never auto-import,runtime_evidence/RUNTIME_CODE_EVIDENCE.md; ASSET_BINDING_PLAN.md,현행 런타임 VFX 없음,true,false,n/a,n/a,n/a,n/a,n/a,READY
area_16,m_harp,s_mon_harp,패시브,ICON,icon_ruid,UI,thumbnail://96bd8dd2077844d1a0e5ce6b956d94ef,REPLACE_PLANNED,ICON/icon.png 256×256 RGBA,icon_ruid,UI icon,UI,inventory/skill UI,not world VFX,n/a,static,false,6 frames × 0.10s; same 256×256 RGBA canvas,runtime offset=world unit; drift=world unit/s; art=pixel canvas; pivot=normalized,none,false,UI layout controlled,"(0.5,0.5) planned registration pivot; no autocrop/recenter",UI layout controlled,static centered motif,runtime_evidence/RUNTIME_CODE_EVIDENCE.md; ASSET_BINDING_PLAN.md,VFX와 색·질감 언어 일치; 몬스터 원본을 그대로 복사하지 않음,true,ui,n/a,n/a,n/a,n/a,n/a,READY
area_16,m_blood_harp,s_mon_blood_harp,액티브,CAST_VFX,layer_ruids,visual stack L1..L2,1f2bdb3b15a145ea8f3db3fbfb61296b|518e72a0592d48b3b3e451be46a4f39e,REPLACE_PLANNED,VFX/F00... -> accepted AnimationClip,layer_ruids,replace visual stack as one accepted primary clip; do not duplicate across old layers automatically,caster at PlayCast time,"플레이어: 즉시 시전자 중심 원형 피해 판정 후 CAST. 몬스터: 축소 반경의 시전자 중심 원형 판정이 실제 명중한 경우에만 CAST. CAST는 시전자 원점+h, 좌측 대상/시선이면 FlipX. L1 1f2bdb3b15a145ea8f3db3fbfb61296b animationclip/clip delay=0s duration=0.68s scale=.95 offset=(0,0)wu drift=(0,0)wu/s; L2 518e72a0592d48b3b3e451be46a4f39e animationclip/clip delay=0.18s duration=0.78s scale=1.05 offset=(0,0)wu drift=(0,0)wu/s","플레이어: 즉시 시전자 중심 원형 피해 판정 후 CAST. 몬스터: 축소 반경의 시전자 중심 원형 판정이 실제 명중한 경우에만 CAST. CAST는 시전자 원점+h, 좌측 대상/시선이면 FlipX. L1 1f2bdb3b15a145ea8f3db3fbfb61296b animationclip/clip delay=0s duration=0.68s scale=.95 offset=(0,0)wu drift=(0,0)wu/s; L2 518e72a0592d48b3b3e451be46a4f39e animationclip/clip delay=0.18s duration=0.78s scale=1.05 offset=(0,0)wu drift=(0,0)wu/s",0 planned primary clip,0.80,false,8 frames × 0.10s; same 384×384 RGBA canvas,runtime offset=world unit; drift=world unit/s; art=pixel canvas; pivot=normalized,right-authored; role contract controls use,defense=false; attack based on player look/monster hit target,UNRESOLVED_IMPORT_PREVIEW,"(0.5,0.5) planned registration pivot; no autocrop/recenter",preserve current gameplay origin; final visual offset unresolved until labeled preview,"local build-up/impact only; layer drift, dash, projectile translation remain engine-owned",runtime_evidence/RUNTIME_CODE_EVIDENCE.md; ASSET_BINDING_PLAN.md,old layers remain KEEP until art approval; exact final scale/offset is not invented in INPUT,true,true,n/a,n/a,n/a,n/a,n/a,READY
area_16,m_blood_harp,s_mon_blood_harp,액티브,CURRENT_CAST_LAYER,layer_ruids,L1,1f2bdb3b15a145ea8f3db3fbfb61296b,KEEP,none until approved replacement,layer_ruids,L1,caster,current layer recipe,current layer recipe,0,0.68,false,8 frames × 0.10s; same 384×384 RGBA canvas,runtime offset=world unit; drift=world unit/s; art=pixel canvas; pivot=normalized,engine FlipX by caster/target,SkillEffect.SpawnLayer,.95,"(0.5,0.5) planned registration pivot; no autocrop/recenter","(0,0) world unit","engine drift (0,0) world unit/s",runtime_evidence/RUNTIME_CODE_EVIDENCE.md; ASSET_BINDING_PLAN.md,기존 리소스는 신규 아트 승인·반입 전까지 유지,false,true,n/a,n/a,n/a,n/a,n/a,READY
area_16,m_blood_harp,s_mon_blood_harp,액티브,CURRENT_CAST_LAYER,layer_ruids,L2,518e72a0592d48b3b3e451be46a4f39e,KEEP,none until approved replacement,layer_ruids,L2,map entity spawned at caster position sampled when delayed SpawnLayer executes,current layer recipe,current layer recipe,0.18,0.78,false,8 frames × 0.10s; same 384×384 RGBA canvas,runtime offset=world unit; drift=world unit/s; art=pixel canvas; pivot=normalized,engine FlipX by caster/target,SkillEffect.SpawnLayer,1.05,"(0.5,0.5) planned registration pivot; no autocrop/recenter","(0,0) world unit",position sampled at execution; after spawn map entity applies configured drift and does not follow caster,runtime_evidence/RUNTIME_CODE_EVIDENCE.md; ASSET_BINDING_PLAN.md,기존 리소스는 신규 아트 승인·반입 전까지 유지,false,true,n/a,n/a,n/a,n/a,n/a,READY
area_16,m_blood_harp,s_mon_blood_harp,액티브,ICON,icon_ruid,UI,thumbnail://8c2ec5bf58894061a19479ed7545637b,REPLACE_PLANNED,ICON/icon.png 256×256 RGBA,icon_ruid,UI icon,UI,inventory/skill UI,not world VFX,n/a,static,false,8 frames × 0.10s; same 384×384 RGBA canvas,runtime offset=world unit; drift=world unit/s; art=pixel canvas; pivot=normalized,none,false,UI layout controlled,"(0.5,0.5) planned registration pivot; no autocrop/recenter",UI layout controlled,static centered motif,runtime_evidence/RUNTIME_CODE_EVIDENCE.md; ASSET_BINDING_PLAN.md,VFX와 색·질감 언어 일치; 몬스터 원본을 그대로 복사하지 않음,true,ui,n/a,n/a,n/a,n/a,n/a,READY
area_16,m_blue_wyvern,s_mon_blue_wyvern,액티브,CAST_VFX,layer_ruids,visual stack L1..L2,01663ed8b2a94562956e8029a79c03b5|1215ca4153664cb18a207cddcc5ab22c,REPLACE_PLANNED,VFX/F00... -> accepted AnimationClip,layer_ruids,replace visual stack as one accepted primary clip; do not duplicate across old layers automatically,caster at PlayCast time,"플레이어: 즉시 시전자 중심 원형 피해 판정 후 CAST. 몬스터: 축소 반경의 시전자 중심 원형 판정이 실제 명중한 경우에만 CAST. CAST는 시전자 원점+h, 좌측 대상/시선이면 FlipX. L1 01663ed8b2a94562956e8029a79c03b5 animationclip/clip delay=0s duration=0.72s scale=1 offset=(0,0)wu drift=(0,0)wu/s; L2 1215ca4153664cb18a207cddcc5ab22c animationclip/clip delay=0.2s duration=0.82s scale=1.05 offset=(0,0)wu drift=(0,0)wu/s","플레이어: 즉시 시전자 중심 원형 피해 판정 후 CAST. 몬스터: 축소 반경의 시전자 중심 원형 판정이 실제 명중한 경우에만 CAST. CAST는 시전자 원점+h, 좌측 대상/시선이면 FlipX. L1 01663ed8b2a94562956e8029a79c03b5 animationclip/clip delay=0s duration=0.72s scale=1 offset=(0,0)wu drift=(0,0)wu/s; L2 1215ca4153664cb18a207cddcc5ab22c animationclip/clip delay=0.2s duration=0.82s scale=1.05 offset=(0,0)wu drift=(0,0)wu/s",0 planned primary clip,0.80,false,8 frames × 0.10s; same 384×384 RGBA canvas,runtime offset=world unit; drift=world unit/s; art=pixel canvas; pivot=normalized,right-authored; role contract controls use,defense=false; attack based on player look/monster hit target,UNRESOLVED_IMPORT_PREVIEW,"(0.5,0.5) planned registration pivot; no autocrop/recenter",preserve current gameplay origin; final visual offset unresolved until labeled preview,"local build-up/impact only; layer drift, dash, projectile translation remain engine-owned",runtime_evidence/RUNTIME_CODE_EVIDENCE.md; ASSET_BINDING_PLAN.md,old layers remain KEEP until art approval; exact final scale/offset is not invented in INPUT,true,true,n/a,n/a,n/a,n/a,n/a,READY
area_16,m_blue_wyvern,s_mon_blue_wyvern,액티브,CURRENT_CAST_LAYER,layer_ruids,L1,01663ed8b2a94562956e8029a79c03b5,KEEP,none until approved replacement,layer_ruids,L1,caster,current layer recipe,current layer recipe,0,0.72,false,8 frames × 0.10s; same 384×384 RGBA canvas,runtime offset=world unit; drift=world unit/s; art=pixel canvas; pivot=normalized,engine FlipX by caster/target,SkillEffect.SpawnLayer,1,"(0.5,0.5) planned registration pivot; no autocrop/recenter","(0,0) world unit","engine drift (0,0) world unit/s",runtime_evidence/RUNTIME_CODE_EVIDENCE.md; ASSET_BINDING_PLAN.md,기존 리소스는 신규 아트 승인·반입 전까지 유지,false,true,n/a,n/a,n/a,n/a,n/a,READY
area_16,m_blue_wyvern,s_mon_blue_wyvern,액티브,CURRENT_CAST_LAYER,layer_ruids,L2,1215ca4153664cb18a207cddcc5ab22c,KEEP,none until approved replacement,layer_ruids,L2,map entity spawned at caster position sampled when delayed SpawnLayer executes,current layer recipe,current layer recipe,0.2,0.82,false,8 frames × 0.10s; same 384×384 RGBA canvas,runtime offset=world unit; drift=world unit/s; art=pixel canvas; pivot=normalized,engine FlipX by caster/target,SkillEffect.SpawnLayer,1.05,"(0.5,0.5) planned registration pivot; no autocrop/recenter","(0,0) world unit",position sampled at execution; after spawn map entity applies configured drift and does not follow caster,runtime_evidence/RUNTIME_CODE_EVIDENCE.md; ASSET_BINDING_PLAN.md,기존 리소스는 신규 아트 승인·반입 전까지 유지,false,true,n/a,n/a,n/a,n/a,n/a,READY
area_16,m_blue_wyvern,s_mon_blue_wyvern,액티브,ICON,icon_ruid,UI,thumbnail://07bc82953fca4677bc00f74680ec337b,REPLACE_PLANNED,ICON/icon.png 256×256 RGBA,icon_ruid,UI icon,UI,inventory/skill UI,not world VFX,n/a,static,false,8 frames × 0.10s; same 384×384 RGBA canvas,runtime offset=world unit; drift=world unit/s; art=pixel canvas; pivot=normalized,none,false,UI layout controlled,"(0.5,0.5) planned registration pivot; no autocrop/recenter",UI layout controlled,static centered motif,runtime_evidence/RUNTIME_CODE_EVIDENCE.md; ASSET_BINDING_PLAN.md,VFX와 색·질감 언어 일치; 몬스터 원본을 그대로 복사하지 않음,true,ui,n/a,n/a,n/a,n/a,n/a,READY
area_16,m_dark_wyvern,s_mon_dark_wyvern,패시브,REFERENCE_VFX,none,none,,REFERENCE_ONLY,VFX/F00... (preview/reference only),none,none,not runtime,inventory ownership applies stat; no CAST,no passive CAST path,n/a,preview only,false,6 frames × 0.10s; same 256×256 RGBA canvas,runtime offset=world unit; drift=world unit/s; art=pixel canvas; pivot=normalized,art reference only,n/a,n/a,"(0.5,0.5) planned registration pivot; no autocrop/recenter",n/a,reference animation only; never auto-import,runtime_evidence/RUNTIME_CODE_EVIDENCE.md; ASSET_BINDING_PLAN.md,현행 런타임 VFX 없음,true,false,n/a,n/a,n/a,n/a,n/a,READY
area_16,m_dark_wyvern,s_mon_dark_wyvern,패시브,ICON,icon_ruid,UI,thumbnail://2d932a6e7989426a9856fb5fc2d0e59f,REPLACE_PLANNED,ICON/icon.png 256×256 RGBA,icon_ruid,UI icon,UI,inventory/skill UI,not world VFX,n/a,static,false,6 frames × 0.10s; same 256×256 RGBA canvas,runtime offset=world unit; drift=world unit/s; art=pixel canvas; pivot=normalized,none,false,UI layout controlled,"(0.5,0.5) planned registration pivot; no autocrop/recenter",UI layout controlled,static centered motif,runtime_evidence/RUNTIME_CODE_EVIDENCE.md; ASSET_BINDING_PLAN.md,VFX와 색·질감 언어 일치; 몬스터 원본을 그대로 복사하지 않음,true,ui,n/a,n/a,n/a,n/a,n/a,READY
area_16,m_manon,s_mon_manon,액티브,CAST_VFX,layer_ruids,visual stack L1..L3,5ac6554c0ea94009bbd9389df0542339|b6b5849af24a416ab1680a1dced9697f|128fe611ea9347aab589c5b5d4d8fc5b,REPLACE_PLANNED,VFX/F00... -> accepted AnimationClip,layer_ruids,replace visual stack as one accepted primary clip; do not duplicate across old layers automatically,caster at PlayCast time,"플레이어: 즉시 시전자 중심 원형 피해 판정 후 CAST. 몬스터: 축소 반경의 시전자 중심 원형 판정이 실제 명중한 경우에만 CAST. CAST는 시전자 원점+h, 좌측 대상/시선이면 FlipX. L1 5ac6554c0ea94009bbd9389df0542339 animationclip/clip delay=0s duration=.72s scale=1 offset=(0,0)wu drift=(0,0)wu/s; L2 b6b5849af24a416ab1680a1dced9697f animationclip/clip delay=0.17s duration=.76s scale=1.08 offset=(0,0)wu drift=(0,0)wu/s; L3 128fe611ea9347aab589c5b5d4d8fc5b animationclip/clip delay=0.34s duration=.82s scale=1.16 offset=(0,0)wu drift=(0,0)wu/s","플레이어: 즉시 시전자 중심 원형 피해 판정 후 CAST. 몬스터: 축소 반경의 시전자 중심 원형 판정이 실제 명중한 경우에만 CAST. CAST는 시전자 원점+h, 좌측 대상/시선이면 FlipX. L1 5ac6554c0ea94009bbd9389df0542339 animationclip/clip delay=0s duration=.72s scale=1 offset=(0,0)wu drift=(0,0)wu/s; L2 b6b5849af24a416ab1680a1dced9697f animationclip/clip delay=0.17s duration=.76s scale=1.08 offset=(0,0)wu drift=(0,0)wu/s; L3 128fe611ea9347aab589c5b5d4d8fc5b animationclip/clip delay=0.34s duration=.82s scale=1.16 offset=(0,0)wu drift=(0,0)wu/s",0 planned primary clip,0.96,false,12 frames × 0.08s; same 512×512 RGBA canvas,runtime offset=world unit; drift=world unit/s; art=pixel canvas; pivot=normalized,right-authored; role contract controls use,defense=false; attack based on player look/monster hit target,UNRESOLVED_IMPORT_PREVIEW,"(0.5,0.5) planned registration pivot; no autocrop/recenter",preserve current gameplay origin; final visual offset unresolved until labeled preview,"local build-up/impact only; layer drift, dash, projectile translation remain engine-owned",runtime_evidence/RUNTIME_CODE_EVIDENCE.md; ASSET_BINDING_PLAN.md,old layers remain KEEP until art approval; exact final scale/offset is not invented in INPUT,true,true,n/a,n/a,n/a,n/a,n/a,READY
area_16,m_manon,s_mon_manon,액티브,CURRENT_CAST_LAYER,layer_ruids,L1,5ac6554c0ea94009bbd9389df0542339,KEEP,none until approved replacement,layer_ruids,L1,caster,current layer recipe,current layer recipe,0,.72,false,12 frames × 0.08s; same 512×512 RGBA canvas,runtime offset=world unit; drift=world unit/s; art=pixel canvas; pivot=normalized,engine FlipX by caster/target,SkillEffect.SpawnLayer,1,"(0.5,0.5) planned registration pivot; no autocrop/recenter","(0,0) world unit","engine drift (0,0) world unit/s",runtime_evidence/RUNTIME_CODE_EVIDENCE.md; ASSET_BINDING_PLAN.md,기존 리소스는 신규 아트 승인·반입 전까지 유지,false,true,n/a,n/a,n/a,n/a,n/a,READY
area_16,m_manon,s_mon_manon,액티브,CURRENT_CAST_LAYER,layer_ruids,L2,b6b5849af24a416ab1680a1dced9697f,KEEP,none until approved replacement,layer_ruids,L2,map entity spawned at caster position sampled when delayed SpawnLayer executes,current layer recipe,current layer recipe,0.17,.76,false,12 frames × 0.08s; same 512×512 RGBA canvas,runtime offset=world unit; drift=world unit/s; art=pixel canvas; pivot=normalized,engine FlipX by caster/target,SkillEffect.SpawnLayer,1.08,"(0.5,0.5) planned registration pivot; no autocrop/recenter","(0,0) world unit",position sampled at execution; after spawn map entity applies configured drift and does not follow caster,runtime_evidence/RUNTIME_CODE_EVIDENCE.md; ASSET_BINDING_PLAN.md,기존 리소스는 신규 아트 승인·반입 전까지 유지,false,true,n/a,n/a,n/a,n/a,n/a,READY
area_16,m_manon,s_mon_manon,액티브,CURRENT_CAST_LAYER,layer_ruids,L3,128fe611ea9347aab589c5b5d4d8fc5b,KEEP,none until approved replacement,layer_ruids,L3,map entity spawned at caster position sampled when delayed SpawnLayer executes,current layer recipe,current layer recipe,0.34,.82,false,12 frames × 0.08s; same 512×512 RGBA canvas,runtime offset=world unit; drift=world unit/s; art=pixel canvas; pivot=normalized,engine FlipX by caster/target,SkillEffect.SpawnLayer,1.16,"(0.5,0.5) planned registration pivot; no autocrop/recenter","(0,0) world unit",position sampled at execution; after spawn map entity applies configured drift and does not follow caster,runtime_evidence/RUNTIME_CODE_EVIDENCE.md; ASSET_BINDING_PLAN.md,기존 리소스는 신규 아트 승인·반입 전까지 유지,false,true,n/a,n/a,n/a,n/a,n/a,READY
area_16,m_manon,s_mon_manon,액티브,ICON,icon_ruid,UI,thumbnail://b8cdd7920392456f99272649c7cb7c2d,REPLACE_PLANNED,ICON/icon.png 256×256 RGBA,icon_ruid,UI icon,UI,inventory/skill UI,not world VFX,n/a,static,false,12 frames × 0.08s; same 512×512 RGBA canvas,runtime offset=world unit; drift=world unit/s; art=pixel canvas; pivot=normalized,none,false,UI layout controlled,"(0.5,0.5) planned registration pivot; no autocrop/recenter",UI layout controlled,static centered motif,runtime_evidence/RUNTIME_CODE_EVIDENCE.md; ASSET_BINDING_PLAN.md,VFX와 색·질감 언어 일치; 몬스터 원본을 그대로 복사하지 않음,true,ui,n/a,n/a,n/a,n/a,n/a,READY
area_17,m_memory_monk,s_mon_memory_monk,패시브,REFERENCE_VFX,none,none,,REFERENCE_ONLY,VFX/F00... (preview/reference only),none,none,not runtime,inventory ownership applies stat; no CAST,no passive CAST path,n/a,preview only,false,6 frames × 0.10s; same 256×256 RGBA canvas,runtime offset=world unit; drift=world unit/s; art=pixel canvas; pivot=normalized,art reference only,n/a,n/a,"(0.5,0.5) planned registration pivot; no autocrop/recenter",n/a,reference animation only; never auto-import,runtime_evidence/RUNTIME_CODE_EVIDENCE.md; ASSET_BINDING_PLAN.md,현행 런타임 VFX 없음,true,false,n/a,n/a,n/a,n/a,n/a,READY
area_17,m_memory_monk,s_mon_memory_monk,패시브,ICON,icon_ruid,UI,thumbnail://36ff7a667243465caef855b4fb7b9f84,REPLACE_PLANNED,ICON/icon.png 256×256 RGBA,icon_ruid,UI icon,UI,inventory/skill UI,not world VFX,n/a,static,false,6 frames × 0.10s; same 256×256 RGBA canvas,runtime offset=world unit; drift=world unit/s; art=pixel canvas; pivot=normalized,none,false,UI layout controlled,"(0.5,0.5) planned registration pivot; no autocrop/recenter",UI layout controlled,static centered motif,runtime_evidence/RUNTIME_CODE_EVIDENCE.md; ASSET_BINDING_PLAN.md,VFX와 색·질감 언어 일치; 몬스터 원본을 그대로 복사하지 않음,true,ui,n/a,n/a,n/a,n/a,n/a,READY
area_17,m_memory_monk_trainee,s_mon_memory_monk_trainee,액티브,CAST_VFX,layer_ruids,visual stack L1..L2,1ea2d50c388645df9502190ef8092d94|c25e7243baaf4b21bb70ee10dcd33890,REPLACE_PLANNED,VFX/F00... -> accepted AnimationClip,layer_ruids,replace visual stack as one accepted primary clip; do not duplicate across old layers automatically,caster at PlayCast time,"플레이어: 즉시 시전자 중심 원형 피해 판정 후 CAST. 몬스터: 축소 반경의 시전자 중심 원형 판정이 실제 명중한 경우에만 CAST. CAST는 시전자 원점+h, 좌측 대상/시선이면 FlipX. L1 1ea2d50c388645df9502190ef8092d94 animationclip/clip delay=0s duration=.72s scale=1 offset=(0,0)wu drift=(0,0)wu/s; L2 c25e7243baaf4b21bb70ee10dcd33890 animationclip/clip delay=0.2s duration=.82s scale=1.08 offset=(0,0)wu drift=(0,0)wu/s","플레이어: 즉시 시전자 중심 원형 피해 판정 후 CAST. 몬스터: 축소 반경의 시전자 중심 원형 판정이 실제 명중한 경우에만 CAST. CAST는 시전자 원점+h, 좌측 대상/시선이면 FlipX. L1 1ea2d50c388645df9502190ef8092d94 animationclip/clip delay=0s duration=.72s scale=1 offset=(0,0)wu drift=(0,0)wu/s; L2 c25e7243baaf4b21bb70ee10dcd33890 animationclip/clip delay=0.2s duration=.82s scale=1.08 offset=(0,0)wu drift=(0,0)wu/s",0 planned primary clip,0.80,false,8 frames × 0.10s; same 384×384 RGBA canvas,runtime offset=world unit; drift=world unit/s; art=pixel canvas; pivot=normalized,right-authored; role contract controls use,defense=false; attack based on player look/monster hit target,UNRESOLVED_IMPORT_PREVIEW,"(0.5,0.5) planned registration pivot; no autocrop/recenter",preserve current gameplay origin; final visual offset unresolved until labeled preview,"local build-up/impact only; layer drift, dash, projectile translation remain engine-owned",runtime_evidence/RUNTIME_CODE_EVIDENCE.md; ASSET_BINDING_PLAN.md,old layers remain KEEP until art approval; exact final scale/offset is not invented in INPUT,true,true,n/a,n/a,n/a,n/a,n/a,READY
area_17,m_memory_monk_trainee,s_mon_memory_monk_trainee,액티브,CURRENT_CAST_LAYER,layer_ruids,L1,1ea2d50c388645df9502190ef8092d94,KEEP,none until approved replacement,layer_ruids,L1,caster,current layer recipe,current layer recipe,0,.72,false,8 frames × 0.10s; same 384×384 RGBA canvas,runtime offset=world unit; drift=world unit/s; art=pixel canvas; pivot=normalized,engine FlipX by caster/target,SkillEffect.SpawnLayer,1,"(0.5,0.5) planned registration pivot; no autocrop/recenter","(0,0) world unit","engine drift (0,0) world unit/s",runtime_evidence/RUNTIME_CODE_EVIDENCE.md; ASSET_BINDING_PLAN.md,기존 리소스는 신규 아트 승인·반입 전까지 유지,false,true,n/a,n/a,n/a,n/a,n/a,READY
area_17,m_memory_monk_trainee,s_mon_memory_monk_trainee,액티브,CURRENT_CAST_LAYER,layer_ruids,L2,c25e7243baaf4b21bb70ee10dcd33890,KEEP,none until approved replacement,layer_ruids,L2,map entity spawned at caster position sampled when delayed SpawnLayer executes,current layer recipe,current layer recipe,0.2,.82,false,8 frames × 0.10s; same 384×384 RGBA canvas,runtime offset=world unit; drift=world unit/s; art=pixel canvas; pivot=normalized,engine FlipX by caster/target,SkillEffect.SpawnLayer,1.08,"(0.5,0.5) planned registration pivot; no autocrop/recenter","(0,0) world unit",position sampled at execution; after spawn map entity applies configured drift and does not follow caster,runtime_evidence/RUNTIME_CODE_EVIDENCE.md; ASSET_BINDING_PLAN.md,기존 리소스는 신규 아트 승인·반입 전까지 유지,false,true,n/a,n/a,n/a,n/a,n/a,READY
area_17,m_memory_monk_trainee,s_mon_memory_monk_trainee,액티브,ICON,icon_ruid,UI,thumbnail://699e78db5d3a48578388d33dc333258a,REPLACE_PLANNED,ICON/icon.png 256×256 RGBA,icon_ruid,UI icon,UI,inventory/skill UI,not world VFX,n/a,static,false,8 frames × 0.10s; same 384×384 RGBA canvas,runtime offset=world unit; drift=world unit/s; art=pixel canvas; pivot=normalized,none,false,UI layout controlled,"(0.5,0.5) planned registration pivot; no autocrop/recenter",UI layout controlled,static centered motif,runtime_evidence/RUNTIME_CODE_EVIDENCE.md; ASSET_BINDING_PLAN.md,VFX와 색·질감 언어 일치; 몬스터 원본을 그대로 복사하지 않음,true,ui,n/a,n/a,n/a,n/a,n/a,READY
area_17,m_memory_guardian,s_mon_memory_guardian,패시브,REFERENCE_VFX,none,none,,REFERENCE_ONLY,VFX/F00... (preview/reference only),none,none,not runtime,inventory ownership applies stat; no CAST,no passive CAST path,n/a,preview only,false,6 frames × 0.10s; same 256×256 RGBA canvas,runtime offset=world unit; drift=world unit/s; art=pixel canvas; pivot=normalized,art reference only,n/a,n/a,"(0.5,0.5) planned registration pivot; no autocrop/recenter",n/a,reference animation only; never auto-import,runtime_evidence/RUNTIME_CODE_EVIDENCE.md; ASSET_BINDING_PLAN.md,현행 런타임 VFX 없음,true,false,n/a,n/a,n/a,n/a,n/a,READY
area_17,m_memory_guardian,s_mon_memory_guardian,패시브,ICON,icon_ruid,UI,thumbnail://0b258556de2e401e97014ae48fe96b7a,REPLACE_PLANNED,ICON/icon.png 256×256 RGBA,icon_ruid,UI icon,UI,inventory/skill UI,not world VFX,n/a,static,false,6 frames × 0.10s; same 256×256 RGBA canvas,runtime offset=world unit; drift=world unit/s; art=pixel canvas; pivot=normalized,none,false,UI layout controlled,"(0.5,0.5) planned registration pivot; no autocrop/recenter",UI layout controlled,static centered motif,runtime_evidence/RUNTIME_CODE_EVIDENCE.md; ASSET_BINDING_PLAN.md,VFX와 색·질감 언어 일치; 몬스터 원본을 그대로 복사하지 않음,true,ui,n/a,n/a,n/a,n/a,n/a,READY
area_17,m_chief_memory_guardian,s_mon_chief_memory_guardian,액티브,CAST_VFX,layer_ruids,visual stack L1..L2,4147dea424e9475ca1a61773421a3397|aa3d9ed3c4a3435298afcb494ac7fcac,REPLACE_PLANNED,VFX/F00... -> accepted AnimationClip,layer_ruids,replace visual stack as one accepted primary clip; do not duplicate across old layers automatically,caster at PlayCast time,"플레이어: 즉시 시전자 중심 원형 피해 판정 후 CAST. 몬스터: 축소 반경의 시전자 중심 원형 판정이 실제 명중한 경우에만 CAST. CAST는 시전자 원점+h, 좌측 대상/시선이면 FlipX. L1 4147dea424e9475ca1a61773421a3397 animationclip/clip delay=0s duration=.74s scale=1 offset=(0,0)wu drift=(0,0)wu/s; L2 aa3d9ed3c4a3435298afcb494ac7fcac animationclip/clip delay=.22s duration=.86s scale=1.12 offset=(0,0)wu drift=(0,0)wu/s","플레이어: 즉시 시전자 중심 원형 피해 판정 후 CAST. 몬스터: 축소 반경의 시전자 중심 원형 판정이 실제 명중한 경우에만 CAST. CAST는 시전자 원점+h, 좌측 대상/시선이면 FlipX. L1 4147dea424e9475ca1a61773421a3397 animationclip/clip delay=0s duration=.74s scale=1 offset=(0,0)wu drift=(0,0)wu/s; L2 aa3d9ed3c4a3435298afcb494ac7fcac animationclip/clip delay=.22s duration=.86s scale=1.12 offset=(0,0)wu drift=(0,0)wu/s",0 planned primary clip,0.80,false,8 frames × 0.10s; same 384×384 RGBA canvas,runtime offset=world unit; drift=world unit/s; art=pixel canvas; pivot=normalized,right-authored; role contract controls use,defense=false; attack based on player look/monster hit target,UNRESOLVED_IMPORT_PREVIEW,"(0.5,0.5) planned registration pivot; no autocrop/recenter",preserve current gameplay origin; final visual offset unresolved until labeled preview,"local build-up/impact only; layer drift, dash, projectile translation remain engine-owned",runtime_evidence/RUNTIME_CODE_EVIDENCE.md; ASSET_BINDING_PLAN.md,old layers remain KEEP until art approval; exact final scale/offset is not invented in INPUT,true,true,n/a,n/a,n/a,n/a,n/a,READY
area_17,m_chief_memory_guardian,s_mon_chief_memory_guardian,액티브,CURRENT_CAST_LAYER,layer_ruids,L1,4147dea424e9475ca1a61773421a3397,KEEP,none until approved replacement,layer_ruids,L1,caster,current layer recipe,current layer recipe,0,.74,false,8 frames × 0.10s; same 384×384 RGBA canvas,runtime offset=world unit; drift=world unit/s; art=pixel canvas; pivot=normalized,engine FlipX by caster/target,SkillEffect.SpawnLayer,1,"(0.5,0.5) planned registration pivot; no autocrop/recenter","(0,0) world unit","engine drift (0,0) world unit/s",runtime_evidence/RUNTIME_CODE_EVIDENCE.md; ASSET_BINDING_PLAN.md,기존 리소스는 신규 아트 승인·반입 전까지 유지,false,true,n/a,n/a,n/a,n/a,n/a,READY
area_17,m_chief_memory_guardian,s_mon_chief_memory_guardian,액티브,CURRENT_CAST_LAYER,layer_ruids,L2,aa3d9ed3c4a3435298afcb494ac7fcac,KEEP,none until approved replacement,layer_ruids,L2,map entity spawned at caster position sampled when delayed SpawnLayer executes,current layer recipe,current layer recipe,.22,.86,false,8 frames × 0.10s; same 384×384 RGBA canvas,runtime offset=world unit; drift=world unit/s; art=pixel canvas; pivot=normalized,engine FlipX by caster/target,SkillEffect.SpawnLayer,1.12,"(0.5,0.5) planned registration pivot; no autocrop/recenter","(0,0) world unit",position sampled at execution; after spawn map entity applies configured drift and does not follow caster,runtime_evidence/RUNTIME_CODE_EVIDENCE.md; ASSET_BINDING_PLAN.md,기존 리소스는 신규 아트 승인·반입 전까지 유지,false,true,n/a,n/a,n/a,n/a,n/a,READY
area_17,m_chief_memory_guardian,s_mon_chief_memory_guardian,액티브,ICON,icon_ruid,UI,thumbnail://de30bc44af34409eb14d46100dc4e48e,REPLACE_PLANNED,ICON/icon.png 256×256 RGBA,icon_ruid,UI icon,UI,inventory/skill UI,not world VFX,n/a,static,false,8 frames × 0.10s; same 384×384 RGBA canvas,runtime offset=world unit; drift=world unit/s; art=pixel canvas; pivot=normalized,none,false,UI layout controlled,"(0.5,0.5) planned registration pivot; no autocrop/recenter",UI layout controlled,static centered motif,runtime_evidence/RUNTIME_CODE_EVIDENCE.md; ASSET_BINDING_PLAN.md,VFX와 색·질감 언어 일치; 몬스터 원본을 그대로 복사하지 않음,true,ui,n/a,n/a,n/a,n/a,n/a,READY
area_17,m_dodo,s_mon_dodo,액티브,CAST_VFX,layer_ruids,visual stack L1..L2,ee1dc1a6f4e6452b860a43ce291c62a3|cf2fe8e1a8954e7099bd2243cfb908d7,REPLACE_PLANNED,VFX/F00... -> accepted AnimationClip,layer_ruids,replace visual stack as one accepted primary clip; do not duplicate across old layers automatically,caster at PlayCast time,"CAST는 시전자 원점+h에서 재생하고 projectile_ruid 72e16f10f6ec4cf0a1fe3146e73f0856는 엔진이 목표까지 0.35초 이동·회전. 피해는 도착 타이머 뒤 착탄점에서 판정. L1 ee1dc1a6f4e6452b860a43ce291c62a3 animationclip/clip delay=0s duration=.8s scale=1.1 offset=(0,0)wu drift=(0,0)wu/s; L2 cf2fe8e1a8954e7099bd2243cfb908d7 animationclip/clip delay=.22s duration=.92s scale=1.18 offset=(0,0)wu drift=(0,0)wu/s","CAST는 시전자 원점+h에서 재생하고 projectile_ruid 72e16f10f6ec4cf0a1fe3146e73f0856는 엔진이 목표까지 0.35초 이동·회전. 피해는 도착 타이머 뒤 착탄점에서 판정. L1 ee1dc1a6f4e6452b860a43ce291c62a3 animationclip/clip delay=0s duration=.8s scale=1.1 offset=(0,0)wu drift=(0,0)wu/s; L2 cf2fe8e1a8954e7099bd2243cfb908d7 animationclip/clip delay=.22s duration=.92s scale=1.18 offset=(0,0)wu drift=(0,0)wu/s",0 planned primary clip,0.96,false,12 frames × 0.08s; same 512×512 RGBA canvas,runtime offset=world unit; drift=world unit/s; art=pixel canvas; pivot=normalized,right-authored; role contract controls use,defense=false; attack based on player look/monster hit target,UNRESOLVED_IMPORT_PREVIEW,"(0.5,0.5) planned registration pivot; no autocrop/recenter",preserve current gameplay origin; final visual offset unresolved until labeled preview,"local build-up/impact only; layer drift, dash, projectile translation remain engine-owned",runtime_evidence/RUNTIME_CODE_EVIDENCE.md; ASSET_BINDING_PLAN.md,old layers remain KEEP until art approval; exact final scale/offset is not invented in INPUT,true,true,7,4.6690000000000005,0.8,0.35,unlimited,READY
area_17,m_dodo,s_mon_dodo,액티브,CURRENT_CAST_LAYER,layer_ruids,L1,ee1dc1a6f4e6452b860a43ce291c62a3,KEEP,none until approved replacement,layer_ruids,L1,caster,current layer recipe,current layer recipe,0,.8,false,12 frames × 0.08s; same 512×512 RGBA canvas,runtime offset=world unit; drift=world unit/s; art=pixel canvas; pivot=normalized,engine FlipX by caster/target,SkillEffect.SpawnLayer,1.1,"(0.5,0.5) planned registration pivot; no autocrop/recenter","(0,0) world unit","engine drift (0,0) world unit/s",runtime_evidence/RUNTIME_CODE_EVIDENCE.md; ASSET_BINDING_PLAN.md,기존 리소스는 신규 아트 승인·반입 전까지 유지,false,true,7,4.6690000000000005,0.8,0.35,unlimited,READY
area_17,m_dodo,s_mon_dodo,액티브,CURRENT_CAST_LAYER,layer_ruids,L2,cf2fe8e1a8954e7099bd2243cfb908d7,KEEP,none until approved replacement,layer_ruids,L2,map entity spawned at caster position sampled when delayed SpawnLayer executes,current layer recipe,current layer recipe,.22,.92,false,12 frames × 0.08s; same 512×512 RGBA canvas,runtime offset=world unit; drift=world unit/s; art=pixel canvas; pivot=normalized,engine FlipX by caster/target,SkillEffect.SpawnLayer,1.18,"(0.5,0.5) planned registration pivot; no autocrop/recenter","(0,0) world unit",position sampled at execution; after spawn map entity applies configured drift and does not follow caster,runtime_evidence/RUNTIME_CODE_EVIDENCE.md; ASSET_BINDING_PLAN.md,기존 리소스는 신규 아트 승인·반입 전까지 유지,false,true,7,4.6690000000000005,0.8,0.35,unlimited,READY
area_17,m_dodo,s_mon_dodo,액티브,PROJECTILE,projectile_ruid,moving entity sprite,72e16f10f6ec4cf0a1fe3146e73f0856,KEEP,none in required V2.1 scope,projectile_ruid,SkillProjectile SpriteRenderer,moving projectile entity,engine travel then arrival hit,engine travel then arrival hit,0,0.35,false,12 frames × 0.08s; same 512×512 RGBA canvas,runtime offset=world unit; drift=world unit/s; art=pixel canvas; pivot=normalized,engine translation + ZRotation only,none in actual PROJECTILE path,current,"(0.5,0.5) planned registration pivot; no autocrop/recenter",caster/target + skill_effect_height,engine owns translation/spin; existing projectile art retained,runtime_evidence/RUNTIME_CODE_EVIDENCE.md; ASSET_BINDING_PLAN.md,KEEP: existing projectile art remains outside required V2.2 generation scope; additional approval required to replace,false,true,7,4.6690000000000005,0.8,0.35,unlimited,READY
area_17,m_dodo,s_mon_dodo,액티브,ICON,icon_ruid,UI,thumbnail://2d63f90f9d464f7192713ad9209e9e63,REPLACE_PLANNED,ICON/icon.png 256×256 RGBA,icon_ruid,UI icon,UI,inventory/skill UI,not world VFX,n/a,static,false,12 frames × 0.08s; same 512×512 RGBA canvas,runtime offset=world unit; drift=world unit/s; art=pixel canvas; pivot=normalized,none,false,UI layout controlled,"(0.5,0.5) planned registration pivot; no autocrop/recenter",UI layout controlled,static centered motif,runtime_evidence/RUNTIME_CODE_EVIDENCE.md; ASSET_BINDING_PLAN.md,VFX와 색·질감 언어 일치; 몬스터 원본을 그대로 복사하지 않음,true,ui,7,4.6690000000000005,0.8,0.35,unlimited,READY
area_18,m_mateon,s_mon_mateon,액티브,CAST_VFX,layer_ruids,visual stack L1..L2,70f170cb7f644da28dc93915a8e70dd9|e9d2e8cba2aa4245ae29cfb516746a04,REPLACE_PLANNED,VFX/F00... -> accepted AnimationClip,layer_ruids,replace visual stack as one accepted primary clip; do not duplicate across old layers automatically,caster at PlayCast time,"CAST는 시전자 원점+h에서 재생하고 projectile_ruid 22db356cc60940089b7f5d592c7d5813는 엔진이 목표까지 0.35초 이동·회전. 피해는 도착 타이머 뒤 착탄점에서 판정. L1 70f170cb7f644da28dc93915a8e70dd9 animationclip/clip delay=0s duration=.65s scale=1 offset=(0,0)wu drift=(0,0)wu/s; L2 e9d2e8cba2aa4245ae29cfb516746a04 animationclip/clip delay=.2s duration=.78s scale=1.08 offset=(0,0)wu drift=(0,0)wu/s","CAST는 시전자 원점+h에서 재생하고 projectile_ruid 22db356cc60940089b7f5d592c7d5813는 엔진이 목표까지 0.35초 이동·회전. 피해는 도착 타이머 뒤 착탄점에서 판정. L1 70f170cb7f644da28dc93915a8e70dd9 animationclip/clip delay=0s duration=.65s scale=1 offset=(0,0)wu drift=(0,0)wu/s; L2 e9d2e8cba2aa4245ae29cfb516746a04 animationclip/clip delay=.2s duration=.78s scale=1.08 offset=(0,0)wu drift=(0,0)wu/s",0 planned primary clip,0.80,false,8 frames × 0.10s; same 384×384 RGBA canvas,runtime offset=world unit; drift=world unit/s; art=pixel canvas; pivot=normalized,right-authored; role contract controls use,defense=false; attack based on player look/monster hit target,UNRESOLVED_IMPORT_PREVIEW,"(0.5,0.5) planned registration pivot; no autocrop/recenter",preserve current gameplay origin; final visual offset unresolved until labeled preview,"local build-up/impact only; layer drift, dash, projectile translation remain engine-owned",runtime_evidence/RUNTIME_CODE_EVIDENCE.md; ASSET_BINDING_PLAN.md,old layers remain KEEP until art approval; exact final scale/offset is not invented in INPUT,true,true,7.4,4.9358,0.8,0.35,1,READY
area_18,m_mateon,s_mon_mateon,액티브,CURRENT_CAST_LAYER,layer_ruids,L1,70f170cb7f644da28dc93915a8e70dd9,KEEP,none until approved replacement,layer_ruids,L1,caster,current layer recipe,current layer recipe,0,.65,false,8 frames × 0.10s; same 384×384 RGBA canvas,runtime offset=world unit; drift=world unit/s; art=pixel canvas; pivot=normalized,engine FlipX by caster/target,SkillEffect.SpawnLayer,1,"(0.5,0.5) planned registration pivot; no autocrop/recenter","(0,0) world unit","engine drift (0,0) world unit/s",runtime_evidence/RUNTIME_CODE_EVIDENCE.md; ASSET_BINDING_PLAN.md,기존 리소스는 신규 아트 승인·반입 전까지 유지,false,true,7.4,4.9358,0.8,0.35,1,READY
area_18,m_mateon,s_mon_mateon,액티브,CURRENT_CAST_LAYER,layer_ruids,L2,e9d2e8cba2aa4245ae29cfb516746a04,KEEP,none until approved replacement,layer_ruids,L2,map entity spawned at caster position sampled when delayed SpawnLayer executes,current layer recipe,current layer recipe,.2,.78,false,8 frames × 0.10s; same 384×384 RGBA canvas,runtime offset=world unit; drift=world unit/s; art=pixel canvas; pivot=normalized,engine FlipX by caster/target,SkillEffect.SpawnLayer,1.08,"(0.5,0.5) planned registration pivot; no autocrop/recenter","(0,0) world unit",position sampled at execution; after spawn map entity applies configured drift and does not follow caster,runtime_evidence/RUNTIME_CODE_EVIDENCE.md; ASSET_BINDING_PLAN.md,기존 리소스는 신규 아트 승인·반입 전까지 유지,false,true,7.4,4.9358,0.8,0.35,1,READY
area_18,m_mateon,s_mon_mateon,액티브,PROJECTILE,projectile_ruid,moving entity sprite,22db356cc60940089b7f5d592c7d5813,KEEP,none in required V2.1 scope,projectile_ruid,SkillProjectile SpriteRenderer,moving projectile entity,engine travel then arrival hit,engine travel then arrival hit,0,0.35,false,8 frames × 0.10s; same 384×384 RGBA canvas,runtime offset=world unit; drift=world unit/s; art=pixel canvas; pivot=normalized,engine translation + ZRotation only,none in actual PROJECTILE path,current,"(0.5,0.5) planned registration pivot; no autocrop/recenter",caster/target + skill_effect_height,engine owns translation/spin; existing projectile art retained,runtime_evidence/RUNTIME_CODE_EVIDENCE.md; ASSET_BINDING_PLAN.md,KEEP: existing projectile art remains outside required V2.2 generation scope; additional approval required to replace,false,true,7.4,4.9358,0.8,0.35,1,READY
area_18,m_mateon,s_mon_mateon,액티브,ICON,icon_ruid,UI,thumbnail://53043af9433844258a090f3b231ce39f,REPLACE_PLANNED,ICON/icon.png 256×256 RGBA,icon_ruid,UI icon,UI,inventory/skill UI,not world VFX,n/a,static,false,8 frames × 0.10s; same 384×384 RGBA canvas,runtime offset=world unit; drift=world unit/s; art=pixel canvas; pivot=normalized,none,false,UI layout controlled,"(0.5,0.5) planned registration pivot; no autocrop/recenter",UI layout controlled,static centered motif,runtime_evidence/RUNTIME_CODE_EVIDENCE.md; ASSET_BINDING_PLAN.md,VFX와 색·질감 언어 일치; 몬스터 원본을 그대로 복사하지 않음,true,ui,7.4,4.9358,0.8,0.35,1,READY
area_18,m_plateon,s_mon_plateon,패시브,REFERENCE_VFX,none,none,,REFERENCE_ONLY,VFX/F00... (preview/reference only),none,none,not runtime,inventory ownership applies stat; no CAST,no passive CAST path,n/a,preview only,false,6 frames × 0.10s; same 256×256 RGBA canvas,runtime offset=world unit; drift=world unit/s; art=pixel canvas; pivot=normalized,art reference only,n/a,n/a,"(0.5,0.5) planned registration pivot; no autocrop/recenter",n/a,reference animation only; never auto-import,runtime_evidence/RUNTIME_CODE_EVIDENCE.md; ASSET_BINDING_PLAN.md,현행 런타임 VFX 없음,true,false,n/a,n/a,n/a,n/a,n/a,READY
area_18,m_plateon,s_mon_plateon,패시브,ICON,icon_ruid,UI,thumbnail://e03cf5ce06784947b45ce95afb70927c,REPLACE_PLANNED,ICON/icon.png 256×256 RGBA,icon_ruid,UI icon,UI,inventory/skill UI,not world VFX,n/a,static,false,6 frames × 0.10s; same 256×256 RGBA canvas,runtime offset=world unit; drift=world unit/s; art=pixel canvas; pivot=normalized,none,false,UI layout controlled,"(0.5,0.5) planned registration pivot; no autocrop/recenter",UI layout controlled,static centered motif,runtime_evidence/RUNTIME_CODE_EVIDENCE.md; ASSET_BINDING_PLAN.md,VFX와 색·질감 언어 일치; 몬스터 원본을 그대로 복사하지 않음,true,ui,n/a,n/a,n/a,n/a,n/a,READY
area_18,m_mecateon,s_mon_mecateon,액티브,CAST_VFX,layer_ruids,visual stack L1..L2,50eff4b9b8064efa8db5246e7a912c4d|1fe5c891382642d3aa35a89414f43fce,REPLACE_PLANNED,VFX/F00... -> accepted AnimationClip,layer_ruids,replace visual stack as one accepted primary clip; do not duplicate across old layers automatically,caster at PlayCast time,"플레이어: 즉시 시전자 중심 원형 피해 판정 후 CAST. 몬스터: 축소 반경의 시전자 중심 원형 판정이 실제 명중한 경우에만 CAST. CAST는 시전자 원점+h, 좌측 대상/시선이면 FlipX. L1 50eff4b9b8064efa8db5246e7a912c4d animationclip/clip delay=0s duration=.72s scale=1 offset=(0,0)wu drift=(0,0)wu/s; L2 1fe5c891382642d3aa35a89414f43fce animationclip/clip delay=.2s duration=.84s scale=1.12 offset=(0,0)wu drift=(0,0)wu/s","플레이어: 즉시 시전자 중심 원형 피해 판정 후 CAST. 몬스터: 축소 반경의 시전자 중심 원형 판정이 실제 명중한 경우에만 CAST. CAST는 시전자 원점+h, 좌측 대상/시선이면 FlipX. L1 50eff4b9b8064efa8db5246e7a912c4d animationclip/clip delay=0s duration=.72s scale=1 offset=(0,0)wu drift=(0,0)wu/s; L2 1fe5c891382642d3aa35a89414f43fce animationclip/clip delay=.2s duration=.84s scale=1.12 offset=(0,0)wu drift=(0,0)wu/s",0 planned primary clip,0.80,false,8 frames × 0.10s; same 384×384 RGBA canvas,runtime offset=world unit; drift=world unit/s; art=pixel canvas; pivot=normalized,right-authored; role contract controls use,defense=false; attack based on player look/monster hit target,UNRESOLVED_IMPORT_PREVIEW,"(0.5,0.5) planned registration pivot; no autocrop/recenter",preserve current gameplay origin; final visual offset unresolved until labeled preview,"local build-up/impact only; layer drift, dash, projectile translation remain engine-owned",runtime_evidence/RUNTIME_CODE_EVIDENCE.md; ASSET_BINDING_PLAN.md,old layers remain KEEP until art approval; exact final scale/offset is not invented in INPUT,true,true,n/a,n/a,n/a,n/a,n/a,READY
area_18,m_mecateon,s_mon_mecateon,액티브,CURRENT_CAST_LAYER,layer_ruids,L1,50eff4b9b8064efa8db5246e7a912c4d,KEEP,none until approved replacement,layer_ruids,L1,caster,current layer recipe,current layer recipe,0,.72,false,8 frames × 0.10s; same 384×384 RGBA canvas,runtime offset=world unit; drift=world unit/s; art=pixel canvas; pivot=normalized,engine FlipX by caster/target,SkillEffect.SpawnLayer,1,"(0.5,0.5) planned registration pivot; no autocrop/recenter","(0,0) world unit","engine drift (0,0) world unit/s",runtime_evidence/RUNTIME_CODE_EVIDENCE.md; ASSET_BINDING_PLAN.md,기존 리소스는 신규 아트 승인·반입 전까지 유지,false,true,n/a,n/a,n/a,n/a,n/a,READY
area_18,m_mecateon,s_mon_mecateon,액티브,CURRENT_CAST_LAYER,layer_ruids,L2,1fe5c891382642d3aa35a89414f43fce,KEEP,none until approved replacement,layer_ruids,L2,map entity spawned at caster position sampled when delayed SpawnLayer executes,current layer recipe,current layer recipe,.2,.84,false,8 frames × 0.10s; same 384×384 RGBA canvas,runtime offset=world unit; drift=world unit/s; art=pixel canvas; pivot=normalized,engine FlipX by caster/target,SkillEffect.SpawnLayer,1.12,"(0.5,0.5) planned registration pivot; no autocrop/recenter","(0,0) world unit",position sampled at execution; after spawn map entity applies configured drift and does not follow caster,runtime_evidence/RUNTIME_CODE_EVIDENCE.md; ASSET_BINDING_PLAN.md,기존 리소스는 신규 아트 승인·반입 전까지 유지,false,true,n/a,n/a,n/a,n/a,n/a,READY
area_18,m_mecateon,s_mon_mecateon,액티브,ICON,icon_ruid,UI,thumbnail://1509ce195a5c49a0aea5f9b189ce7edb,REPLACE_PLANNED,ICON/icon.png 256×256 RGBA,icon_ruid,UI icon,UI,inventory/skill UI,not world VFX,n/a,static,false,8 frames × 0.10s; same 384×384 RGBA canvas,runtime offset=world unit; drift=world unit/s; art=pixel canvas; pivot=normalized,none,false,UI layout controlled,"(0.5,0.5) planned registration pivot; no autocrop/recenter",UI layout controlled,static centered motif,runtime_evidence/RUNTIME_CODE_EVIDENCE.md; ASSET_BINDING_PLAN.md,VFX와 색·질감 언어 일치; 몬스터 원본을 그대로 복사하지 않음,true,ui,n/a,n/a,n/a,n/a,n/a,READY
area_18,m_chief_gray,s_mon_chief_gray,패시브,REFERENCE_VFX,none,none,,REFERENCE_ONLY,VFX/F00... (preview/reference only),none,none,not runtime,inventory ownership applies stat; no CAST,no passive CAST path,n/a,preview only,false,6 frames × 0.10s; same 256×256 RGBA canvas,runtime offset=world unit; drift=world unit/s; art=pixel canvas; pivot=normalized,art reference only,n/a,n/a,"(0.5,0.5) planned registration pivot; no autocrop/recenter",n/a,reference animation only; never auto-import,runtime_evidence/RUNTIME_CODE_EVIDENCE.md; ASSET_BINDING_PLAN.md,현행 런타임 VFX 없음,true,false,n/a,n/a,n/a,n/a,n/a,READY
area_18,m_chief_gray,s_mon_chief_gray,패시브,ICON,icon_ruid,UI,thumbnail://48027185a78d470da83199b478bed48b,REPLACE_PLANNED,ICON/icon.png 256×256 RGBA,icon_ruid,UI icon,UI,inventory/skill UI,not world VFX,n/a,static,false,6 frames × 0.10s; same 256×256 RGBA canvas,runtime offset=world unit; drift=world unit/s; art=pixel canvas; pivot=normalized,none,false,UI layout controlled,"(0.5,0.5) planned registration pivot; no autocrop/recenter",UI layout controlled,static centered motif,runtime_evidence/RUNTIME_CODE_EVIDENCE.md; ASSET_BINDING_PLAN.md,VFX와 색·질감 언어 일치; 몬스터 원본을 그대로 복사하지 않음,true,ui,n/a,n/a,n/a,n/a,n/a,READY
area_18,m_zeno,s_mon_zeno,액티브,CAST_VFX,layer_ruids,visual stack L1..L2,908710847a0249c98cf8e935dfb1ddd8|c68a17e01f83412882ac127cda104ee3,REPLACE_PLANNED,VFX/F00... -> accepted AnimationClip,layer_ruids,replace visual stack as one accepted primary clip; do not duplicate across old layers automatically,caster at PlayCast time,"플레이어: 즉시 시전자 중심 원형 피해 판정 후 CAST. 몬스터: 축소 반경의 시전자 중심 원형 판정이 실제 명중한 경우에만 CAST. CAST는 시전자 원점+h, 좌측 대상/시선이면 FlipX. L1 908710847a0249c98cf8e935dfb1ddd8 animationclip/clip delay=0s duration=.82s scale=1.15 offset=(0,0)wu drift=(0,0)wu/s; L2 c68a17e01f83412882ac127cda104ee3 animationclip/clip delay=.24s duration=.96s scale=1.22 offset=(0,0)wu drift=(0,0)wu/s","플레이어: 즉시 시전자 중심 원형 피해 판정 후 CAST. 몬스터: 축소 반경의 시전자 중심 원형 판정이 실제 명중한 경우에만 CAST. CAST는 시전자 원점+h, 좌측 대상/시선이면 FlipX. L1 908710847a0249c98cf8e935dfb1ddd8 animationclip/clip delay=0s duration=.82s scale=1.15 offset=(0,0)wu drift=(0,0)wu/s; L2 c68a17e01f83412882ac127cda104ee3 animationclip/clip delay=.24s duration=.96s scale=1.22 offset=(0,0)wu drift=(0,0)wu/s",0 planned primary clip,0.96,false,12 frames × 0.08s; same 512×512 RGBA canvas,runtime offset=world unit; drift=world unit/s; art=pixel canvas; pivot=normalized,right-authored; role contract controls use,defense=false; attack based on player look/monster hit target,UNRESOLVED_IMPORT_PREVIEW,"(0.5,0.5) planned registration pivot; no autocrop/recenter",preserve current gameplay origin; final visual offset unresolved until labeled preview,"local build-up/impact only; layer drift, dash, projectile translation remain engine-owned",runtime_evidence/RUNTIME_CODE_EVIDENCE.md; ASSET_BINDING_PLAN.md,old layers remain KEEP until art approval; exact final scale/offset is not invented in INPUT,true,true,n/a,n/a,n/a,n/a,n/a,READY
area_18,m_zeno,s_mon_zeno,액티브,CURRENT_CAST_LAYER,layer_ruids,L1,908710847a0249c98cf8e935dfb1ddd8,KEEP,none until approved replacement,layer_ruids,L1,caster,current layer recipe,current layer recipe,0,.82,false,12 frames × 0.08s; same 512×512 RGBA canvas,runtime offset=world unit; drift=world unit/s; art=pixel canvas; pivot=normalized,engine FlipX by caster/target,SkillEffect.SpawnLayer,1.15,"(0.5,0.5) planned registration pivot; no autocrop/recenter","(0,0) world unit","engine drift (0,0) world unit/s",runtime_evidence/RUNTIME_CODE_EVIDENCE.md; ASSET_BINDING_PLAN.md,기존 리소스는 신규 아트 승인·반입 전까지 유지,false,true,n/a,n/a,n/a,n/a,n/a,READY
area_18,m_zeno,s_mon_zeno,액티브,CURRENT_CAST_LAYER,layer_ruids,L2,c68a17e01f83412882ac127cda104ee3,KEEP,none until approved replacement,layer_ruids,L2,map entity spawned at caster position sampled when delayed SpawnLayer executes,current layer recipe,current layer recipe,.24,.96,false,12 frames × 0.08s; same 512×512 RGBA canvas,runtime offset=world unit; drift=world unit/s; art=pixel canvas; pivot=normalized,engine FlipX by caster/target,SkillEffect.SpawnLayer,1.22,"(0.5,0.5) planned registration pivot; no autocrop/recenter","(0,0) world unit",position sampled at execution; after spawn map entity applies configured drift and does not follow caster,runtime_evidence/RUNTIME_CODE_EVIDENCE.md; ASSET_BINDING_PLAN.md,기존 리소스는 신규 아트 승인·반입 전까지 유지,false,true,n/a,n/a,n/a,n/a,n/a,READY
area_18,m_zeno,s_mon_zeno,액티브,ICON,icon_ruid,UI,thumbnail://689bc520bc2544abb62ec505ca91aab4,REPLACE_PLANNED,ICON/icon.png 256×256 RGBA,icon_ruid,UI icon,UI,inventory/skill UI,not world VFX,n/a,static,false,12 frames × 0.08s; same 512×512 RGBA canvas,runtime offset=world unit; drift=world unit/s; art=pixel canvas; pivot=normalized,none,false,UI layout controlled,"(0.5,0.5) planned registration pivot; no autocrop/recenter",UI layout controlled,static centered motif,runtime_evidence/RUNTIME_CODE_EVIDENCE.md; ASSET_BINDING_PLAN.md,VFX와 색·질감 언어 일치; 몬스터 원본을 그대로 복사하지 않음,true,ui,n/a,n/a,n/a,n/a,n/a,READY
area_19,m_official_knight_c,s_mon_official_knight_c,액티브,CAST_VFX,layer_ruids,visual stack L1..L2,1a648542a3b447f594b5c331cf44503f|439308ddd0bf4405a8463340c67a464b,REPLACE_PLANNED,VFX/F00... -> accepted AnimationClip,layer_ruids,replace visual stack as one accepted primary clip; do not duplicate across old layers automatically,caster at PlayCast time,"플레이어: 즉시 시전자 중심 원형 피해 판정 후 CAST. 몬스터: 축소 반경의 시전자 중심 원형 판정이 실제 명중한 경우에만 CAST. CAST는 시전자 원점+h, 좌측 대상/시선이면 FlipX. L1 1a648542a3b447f594b5c331cf44503f animationclip/clip delay=0s duration=.7s scale=1 offset=(0,0)wu drift=(0,0)wu/s; L2 439308ddd0bf4405a8463340c67a464b animationclip/clip delay=.17s duration=.78s scale=1.1 offset=(0,0)wu drift=(0,0)wu/s","플레이어: 즉시 시전자 중심 원형 피해 판정 후 CAST. 몬스터: 축소 반경의 시전자 중심 원형 판정이 실제 명중한 경우에만 CAST. CAST는 시전자 원점+h, 좌측 대상/시선이면 FlipX. L1 1a648542a3b447f594b5c331cf44503f animationclip/clip delay=0s duration=.7s scale=1 offset=(0,0)wu drift=(0,0)wu/s; L2 439308ddd0bf4405a8463340c67a464b animationclip/clip delay=.17s duration=.78s scale=1.1 offset=(0,0)wu drift=(0,0)wu/s",0 planned primary clip,0.80,false,8 frames × 0.10s; same 384×384 RGBA canvas,runtime offset=world unit; drift=world unit/s; art=pixel canvas; pivot=normalized,right-authored; role contract controls use,defense=false; attack based on player look/monster hit target,UNRESOLVED_IMPORT_PREVIEW,"(0.5,0.5) planned registration pivot; no autocrop/recenter",preserve current gameplay origin; final visual offset unresolved until labeled preview,"local build-up/impact only; layer drift, dash, projectile translation remain engine-owned",runtime_evidence/RUNTIME_CODE_EVIDENCE.md; ASSET_BINDING_PLAN.md,old layers remain KEEP until art approval; exact final scale/offset is not invented in INPUT,true,true,n/a,n/a,n/a,n/a,n/a,READY
area_19,m_official_knight_c,s_mon_official_knight_c,액티브,CURRENT_CAST_LAYER,layer_ruids,L1,1a648542a3b447f594b5c331cf44503f,KEEP,none until approved replacement,layer_ruids,L1,caster,current layer recipe,current layer recipe,0,.7,false,8 frames × 0.10s; same 384×384 RGBA canvas,runtime offset=world unit; drift=world unit/s; art=pixel canvas; pivot=normalized,engine FlipX by caster/target,SkillEffect.SpawnLayer,1,"(0.5,0.5) planned registration pivot; no autocrop/recenter","(0,0) world unit","engine drift (0,0) world unit/s",runtime_evidence/RUNTIME_CODE_EVIDENCE.md; ASSET_BINDING_PLAN.md,기존 리소스는 신규 아트 승인·반입 전까지 유지,false,true,n/a,n/a,n/a,n/a,n/a,READY
area_19,m_official_knight_c,s_mon_official_knight_c,액티브,CURRENT_CAST_LAYER,layer_ruids,L2,439308ddd0bf4405a8463340c67a464b,KEEP,none until approved replacement,layer_ruids,L2,map entity spawned at caster position sampled when delayed SpawnLayer executes,current layer recipe,current layer recipe,.17,.78,false,8 frames × 0.10s; same 384×384 RGBA canvas,runtime offset=world unit; drift=world unit/s; art=pixel canvas; pivot=normalized,engine FlipX by caster/target,SkillEffect.SpawnLayer,1.1,"(0.5,0.5) planned registration pivot; no autocrop/recenter","(0,0) world unit",position sampled at execution; after spawn map entity applies configured drift and does not follow caster,runtime_evidence/RUNTIME_CODE_EVIDENCE.md; ASSET_BINDING_PLAN.md,기존 리소스는 신규 아트 승인·반입 전까지 유지,false,true,n/a,n/a,n/a,n/a,n/a,READY
area_19,m_official_knight_c,s_mon_official_knight_c,액티브,ICON,icon_ruid,UI,thumbnail://da57403b50694b12bf0e19aa3a64112d,REPLACE_PLANNED,ICON/icon.png 256×256 RGBA,icon_ruid,UI icon,UI,inventory/skill UI,not world VFX,n/a,static,false,8 frames × 0.10s; same 384×384 RGBA canvas,runtime offset=world unit; drift=world unit/s; art=pixel canvas; pivot=normalized,none,false,UI layout controlled,"(0.5,0.5) planned registration pivot; no autocrop/recenter",UI layout controlled,static centered motif,runtime_evidence/RUNTIME_CODE_EVIDENCE.md; ASSET_BINDING_PLAN.md,VFX와 색·질감 언어 일치; 몬스터 원본을 그대로 복사하지 않음,true,ui,n/a,n/a,n/a,n/a,n/a,READY
area_19,m_official_knight_d,s_mon_official_knight_d,패시브,REFERENCE_VFX,none,none,,REFERENCE_ONLY,VFX/F00... (preview/reference only),none,none,not runtime,inventory ownership applies stat; no CAST,no passive CAST path,n/a,preview only,false,6 frames × 0.10s; same 256×256 RGBA canvas,runtime offset=world unit; drift=world unit/s; art=pixel canvas; pivot=normalized,art reference only,n/a,n/a,"(0.5,0.5) planned registration pivot; no autocrop/recenter",n/a,reference animation only; never auto-import,runtime_evidence/RUNTIME_CODE_EVIDENCE.md; ASSET_BINDING_PLAN.md,현행 런타임 VFX 없음,true,false,n/a,n/a,n/a,n/a,n/a,READY
area_19,m_official_knight_d,s_mon_official_knight_d,패시브,ICON,icon_ruid,UI,thumbnail://1b11119e13474135882191d052342552,REPLACE_PLANNED,ICON/icon.png 256×256 RGBA,icon_ruid,UI icon,UI,inventory/skill UI,not world VFX,n/a,static,false,6 frames × 0.10s; same 256×256 RGBA canvas,runtime offset=world unit; drift=world unit/s; art=pixel canvas; pivot=normalized,none,false,UI layout controlled,"(0.5,0.5) planned registration pivot; no autocrop/recenter",UI layout controlled,static centered motif,runtime_evidence/RUNTIME_CODE_EVIDENCE.md; ASSET_BINDING_PLAN.md,VFX와 색·질감 언어 일치; 몬스터 원본을 그대로 복사하지 않음,true,ui,n/a,n/a,n/a,n/a,n/a,READY
area_19,m_advanced_knight_a,s_mon_advanced_knight_a,패시브,REFERENCE_VFX,none,none,,REFERENCE_ONLY,VFX/F00... (preview/reference only),none,none,not runtime,inventory ownership applies stat; no CAST,no passive CAST path,n/a,preview only,false,6 frames × 0.10s; same 256×256 RGBA canvas,runtime offset=world unit; drift=world unit/s; art=pixel canvas; pivot=normalized,art reference only,n/a,n/a,"(0.5,0.5) planned registration pivot; no autocrop/recenter",n/a,reference animation only; never auto-import,runtime_evidence/RUNTIME_CODE_EVIDENCE.md; ASSET_BINDING_PLAN.md,현행 런타임 VFX 없음,true,false,n/a,n/a,n/a,n/a,n/a,READY
area_19,m_advanced_knight_a,s_mon_advanced_knight_a,패시브,ICON,icon_ruid,UI,thumbnail://b2ab0d2ec4d346079c5738c79c8b909b,REPLACE_PLANNED,ICON/icon.png 256×256 RGBA,icon_ruid,UI icon,UI,inventory/skill UI,not world VFX,n/a,static,false,6 frames × 0.10s; same 256×256 RGBA canvas,runtime offset=world unit; drift=world unit/s; art=pixel canvas; pivot=normalized,none,false,UI layout controlled,"(0.5,0.5) planned registration pivot; no autocrop/recenter",UI layout controlled,static centered motif,runtime_evidence/RUNTIME_CODE_EVIDENCE.md; ASSET_BINDING_PLAN.md,VFX와 색·질감 언어 일치; 몬스터 원본을 그대로 복사하지 않음,true,ui,n/a,n/a,n/a,n/a,n/a,READY
area_19,m_advanced_knight_b,s_mon_advanced_knight_b,액티브,CAST_VFX,layer_ruids,visual stack L1..L2,89e2fa1739754ade99ddca6ca3653182|8a8c83af487246b89a8f4e4ff92edd66,REPLACE_PLANNED,VFX/F00... -> accepted AnimationClip,layer_ruids,replace visual stack as one accepted primary clip; do not duplicate across old layers automatically,caster at PlayCast time,"플레이어: 즉시 시전자 중심 원형 피해 판정 후 CAST. 몬스터: 축소 반경의 시전자 중심 원형 판정이 실제 명중한 경우에만 CAST. CAST는 시전자 원점+h, 좌측 대상/시선이면 FlipX. L1 89e2fa1739754ade99ddca6ca3653182 animationclip/clip delay=0s duration=.78s scale=1.05 offset=(0,0)wu drift=(0,0)wu/s; L2 8a8c83af487246b89a8f4e4ff92edd66 animationclip/clip delay=.2s duration=.88s scale=1.14 offset=(0,0)wu drift=(0,0)wu/s","플레이어: 즉시 시전자 중심 원형 피해 판정 후 CAST. 몬스터: 축소 반경의 시전자 중심 원형 판정이 실제 명중한 경우에만 CAST. CAST는 시전자 원점+h, 좌측 대상/시선이면 FlipX. L1 89e2fa1739754ade99ddca6ca3653182 animationclip/clip delay=0s duration=.78s scale=1.05 offset=(0,0)wu drift=(0,0)wu/s; L2 8a8c83af487246b89a8f4e4ff92edd66 animationclip/clip delay=.2s duration=.88s scale=1.14 offset=(0,0)wu drift=(0,0)wu/s",0 planned primary clip,0.80,false,8 frames × 0.10s; same 384×384 RGBA canvas,runtime offset=world unit; drift=world unit/s; art=pixel canvas; pivot=normalized,right-authored; role contract controls use,defense=false; attack based on player look/monster hit target,UNRESOLVED_IMPORT_PREVIEW,"(0.5,0.5) planned registration pivot; no autocrop/recenter",preserve current gameplay origin; final visual offset unresolved until labeled preview,"local build-up/impact only; layer drift, dash, projectile translation remain engine-owned",runtime_evidence/RUNTIME_CODE_EVIDENCE.md; ASSET_BINDING_PLAN.md,old layers remain KEEP until art approval; exact final scale/offset is not invented in INPUT,true,true,n/a,n/a,n/a,n/a,n/a,READY
area_19,m_advanced_knight_b,s_mon_advanced_knight_b,액티브,CURRENT_CAST_LAYER,layer_ruids,L1,89e2fa1739754ade99ddca6ca3653182,KEEP,none until approved replacement,layer_ruids,L1,caster,current layer recipe,current layer recipe,0,.78,false,8 frames × 0.10s; same 384×384 RGBA canvas,runtime offset=world unit; drift=world unit/s; art=pixel canvas; pivot=normalized,engine FlipX by caster/target,SkillEffect.SpawnLayer,1.05,"(0.5,0.5) planned registration pivot; no autocrop/recenter","(0,0) world unit","engine drift (0,0) world unit/s",runtime_evidence/RUNTIME_CODE_EVIDENCE.md; ASSET_BINDING_PLAN.md,기존 리소스는 신규 아트 승인·반입 전까지 유지,false,true,n/a,n/a,n/a,n/a,n/a,READY
area_19,m_advanced_knight_b,s_mon_advanced_knight_b,액티브,CURRENT_CAST_LAYER,layer_ruids,L2,8a8c83af487246b89a8f4e4ff92edd66,KEEP,none until approved replacement,layer_ruids,L2,map entity spawned at caster position sampled when delayed SpawnLayer executes,current layer recipe,current layer recipe,.2,.88,false,8 frames × 0.10s; same 384×384 RGBA canvas,runtime offset=world unit; drift=world unit/s; art=pixel canvas; pivot=normalized,engine FlipX by caster/target,SkillEffect.SpawnLayer,1.14,"(0.5,0.5) planned registration pivot; no autocrop/recenter","(0,0) world unit",position sampled at execution; after spawn map entity applies configured drift and does not follow caster,runtime_evidence/RUNTIME_CODE_EVIDENCE.md; ASSET_BINDING_PLAN.md,기존 리소스는 신규 아트 승인·반입 전까지 유지,false,true,n/a,n/a,n/a,n/a,n/a,READY
area_19,m_advanced_knight_b,s_mon_advanced_knight_b,액티브,ICON,icon_ruid,UI,thumbnail://3a107a08957f442d8b3e191258198056,REPLACE_PLANNED,ICON/icon.png 256×256 RGBA,icon_ruid,UI icon,UI,inventory/skill UI,not world VFX,n/a,static,false,8 frames × 0.10s; same 384×384 RGBA canvas,runtime offset=world unit; drift=world unit/s; art=pixel canvas; pivot=normalized,none,false,UI layout controlled,"(0.5,0.5) planned registration pivot; no autocrop/recenter",UI layout controlled,static centered motif,runtime_evidence/RUNTIME_CODE_EVIDENCE.md; ASSET_BINDING_PLAN.md,VFX와 색·질감 언어 일치; 몬스터 원본을 그대로 복사하지 않음,true,ui,n/a,n/a,n/a,n/a,n/a,READY
area_19,m_cygnus,s_mon_cygnus,액티브,CAST_VFX,layer_ruids,visual stack L1..L2,1c8327eff1fa4321bef0fe5410a6ddef|875053c636494f6d807b803dd95bc3eb,REPLACE_PLANNED,VFX/F00... -> accepted AnimationClip,layer_ruids,replace visual stack as one accepted primary clip; do not duplicate across old layers automatically,caster at PlayCast time,"플레이어: 즉시 시전자 중심 원형 피해 판정 후 CAST. 몬스터: 축소 반경의 시전자 중심 원형 판정이 실제 명중한 경우에만 CAST. CAST는 시전자 원점+h, 좌측 대상/시선이면 FlipX. L1 1c8327eff1fa4321bef0fe5410a6ddef animationclip/clip delay=0s duration=.9s scale=1.18 offset=(0,0)wu drift=(0,0)wu/s; L2 875053c636494f6d807b803dd95bc3eb animationclip/clip delay=.28s duration=1.02s scale=1.28 offset=(0,0)wu drift=(0,0)wu/s","플레이어: 즉시 시전자 중심 원형 피해 판정 후 CAST. 몬스터: 축소 반경의 시전자 중심 원형 판정이 실제 명중한 경우에만 CAST. CAST는 시전자 원점+h, 좌측 대상/시선이면 FlipX. L1 1c8327eff1fa4321bef0fe5410a6ddef animationclip/clip delay=0s duration=.9s scale=1.18 offset=(0,0)wu drift=(0,0)wu/s; L2 875053c636494f6d807b803dd95bc3eb animationclip/clip delay=.28s duration=1.02s scale=1.28 offset=(0,0)wu drift=(0,0)wu/s",0 planned primary clip,0.96,false,12 frames × 0.08s; same 512×512 RGBA canvas,runtime offset=world unit; drift=world unit/s; art=pixel canvas; pivot=normalized,right-authored; role contract controls use,defense=false; attack based on player look/monster hit target,UNRESOLVED_IMPORT_PREVIEW,"(0.5,0.5) planned registration pivot; no autocrop/recenter",preserve current gameplay origin; final visual offset unresolved until labeled preview,"local build-up/impact only; layer drift, dash, projectile translation remain engine-owned",runtime_evidence/RUNTIME_CODE_EVIDENCE.md; ASSET_BINDING_PLAN.md,old layers remain KEEP until art approval; exact final scale/offset is not invented in INPUT,true,true,n/a,n/a,n/a,n/a,n/a,READY
area_19,m_cygnus,s_mon_cygnus,액티브,CURRENT_CAST_LAYER,layer_ruids,L1,1c8327eff1fa4321bef0fe5410a6ddef,KEEP,none until approved replacement,layer_ruids,L1,caster,current layer recipe,current layer recipe,0,.9,false,12 frames × 0.08s; same 512×512 RGBA canvas,runtime offset=world unit; drift=world unit/s; art=pixel canvas; pivot=normalized,engine FlipX by caster/target,SkillEffect.SpawnLayer,1.18,"(0.5,0.5) planned registration pivot; no autocrop/recenter","(0,0) world unit","engine drift (0,0) world unit/s",runtime_evidence/RUNTIME_CODE_EVIDENCE.md; ASSET_BINDING_PLAN.md,기존 리소스는 신규 아트 승인·반입 전까지 유지,false,true,n/a,n/a,n/a,n/a,n/a,READY
area_19,m_cygnus,s_mon_cygnus,액티브,CURRENT_CAST_LAYER,layer_ruids,L2,875053c636494f6d807b803dd95bc3eb,KEEP,none until approved replacement,layer_ruids,L2,map entity spawned at caster position sampled when delayed SpawnLayer executes,current layer recipe,current layer recipe,.28,1.02,false,12 frames × 0.08s; same 512×512 RGBA canvas,runtime offset=world unit; drift=world unit/s; art=pixel canvas; pivot=normalized,engine FlipX by caster/target,SkillEffect.SpawnLayer,1.28,"(0.5,0.5) planned registration pivot; no autocrop/recenter","(0,0) world unit",position sampled at execution; after spawn map entity applies configured drift and does not follow caster,runtime_evidence/RUNTIME_CODE_EVIDENCE.md; ASSET_BINDING_PLAN.md,기존 리소스는 신규 아트 승인·반입 전까지 유지,false,true,n/a,n/a,n/a,n/a,n/a,READY
area_19,m_cygnus,s_mon_cygnus,액티브,ICON,icon_ruid,UI,thumbnail://397136593bdb4e37b17d0d9e40ce0006,REPLACE_PLANNED,ICON/icon.png 256×256 RGBA,icon_ruid,UI icon,UI,inventory/skill UI,not world VFX,n/a,static,false,12 frames × 0.08s; same 512×512 RGBA canvas,runtime offset=world unit; drift=world unit/s; art=pixel canvas; pivot=normalized,none,false,UI layout controlled,"(0.5,0.5) planned registration pivot; no autocrop/recenter",UI layout controlled,static centered motif,runtime_evidence/RUNTIME_CODE_EVIDENCE.md; ASSET_BINDING_PLAN.md,VFX와 색·질감 언어 일치; 몬스터 원본을 그대로 복사하지 않음,true,ui,n/a,n/a,n/a,n/a,n/a,READY
area_20,m_mutant_dark_stump,s_mon_mutant_dark_stump,패시브,REFERENCE_VFX,none,none,,REFERENCE_ONLY,VFX/F00... (preview/reference only),none,none,not runtime,inventory ownership applies stat; no CAST,no passive CAST path,n/a,preview only,false,6 frames × 0.10s; same 256×256 RGBA canvas,runtime offset=world unit; drift=world unit/s; art=pixel canvas; pivot=normalized,art reference only,n/a,n/a,"(0.5,0.5) planned registration pivot; no autocrop/recenter",n/a,reference animation only; never auto-import,runtime_evidence/RUNTIME_CODE_EVIDENCE.md; ASSET_BINDING_PLAN.md,현행 런타임 VFX 없음,true,false,n/a,n/a,n/a,n/a,n/a,READY
area_20,m_mutant_dark_stump,s_mon_mutant_dark_stump,패시브,ICON,icon_ruid,UI,thumbnail://9b09382f4ba6483eb11a931f49a68f9b,REPLACE_PLANNED,ICON/icon.png 256×256 RGBA,icon_ruid,UI icon,UI,inventory/skill UI,not world VFX,n/a,static,false,6 frames × 0.10s; same 256×256 RGBA canvas,runtime offset=world unit; drift=world unit/s; art=pixel canvas; pivot=normalized,none,false,UI layout controlled,"(0.5,0.5) planned registration pivot; no autocrop/recenter",UI layout controlled,static centered motif,runtime_evidence/RUNTIME_CODE_EVIDENCE.md; ASSET_BINDING_PLAN.md,VFX와 색·질감 언어 일치; 몬스터 원본을 그대로 복사하지 않음,true,ui,n/a,n/a,n/a,n/a,n/a,READY
area_20,m_mutant_iron_hog,s_mon_mutant_iron_hog,액티브,IMPACT_CAST_VFX,layer_ruids,visual stack L1..L2,9d71fbaf9b154c51bbdb481eaa2fc52f|a29334463fbf4a7bbc8e4cb7325229b7,REPLACE_PLANNED,VFX/F00... -> accepted AnimationClip,layer_ruids,replace visual stack as one accepted primary clip; do not duplicate across old layers automatically,caster at PlayCast time,"플레이어: 8방향으로 6.8wu를 0.2초 이동하고 계산 도착점에서 피해 판정; 직후 CAST는 서버가 보는 시전자 위치에 부착되어 계산 도착점과 일치가 보장되지 않음. 몬스터: dash_distance 분기 없이 즉시 시전자 중심 원형 판정 후 명중 시 CAST. L1 9d71fbaf9b154c51bbdb481eaa2fc52f animationclip/clip delay=0s duration=.68s scale=1.02 offset=(0,0)wu drift=(0,0)wu/s; L2 a29334463fbf4a7bbc8e4cb7325229b7 animationclip/clip delay=.18s duration=.78s scale=1.12 offset=(0,0)wu drift=(0,0)wu/s","플레이어: 8방향으로 6.8wu를 0.2초 이동하고 계산 도착점에서 피해 판정; 직후 CAST는 서버가 보는 시전자 위치에 부착되어 계산 도착점과 일치가 보장되지 않음. 몬스터: dash_distance 분기 없이 즉시 시전자 중심 원형 판정 후 명중 시 CAST. L1 9d71fbaf9b154c51bbdb481eaa2fc52f animationclip/clip delay=0s duration=.68s scale=1.02 offset=(0,0)wu drift=(0,0)wu/s; L2 a29334463fbf4a7bbc8e4cb7325229b7 animationclip/clip delay=.18s duration=.78s scale=1.12 offset=(0,0)wu drift=(0,0)wu/s",0 planned primary clip,0.80,false,8 frames × 0.10s; same 384×384 RGBA canvas,runtime offset=world unit; drift=world unit/s; art=pixel canvas; pivot=normalized,right-authored; role contract controls use,defense=false; attack based on player look/monster hit target,UNRESOLVED_IMPORT_PREVIEW,"(0.5,0.5) planned registration pivot; no autocrop/recenter",preserve current gameplay origin; final visual offset unresolved until labeled preview,"local build-up/impact only; layer drift, dash, projectile translation remain engine-owned",runtime_evidence/RUNTIME_CODE_EVIDENCE.md; ASSET_BINDING_PLAN.md,old layers remain KEEP until art approval; exact final scale/offset is not invented in INPUT,true,true,n/a,n/a,n/a,n/a,n/a,READY
area_20,m_mutant_iron_hog,s_mon_mutant_iron_hog,액티브,CURRENT_CAST_LAYER,layer_ruids,L1,9d71fbaf9b154c51bbdb481eaa2fc52f,KEEP,none until approved replacement,layer_ruids,L1,caster,current layer recipe,current layer recipe,0,.68,false,8 frames × 0.10s; same 384×384 RGBA canvas,runtime offset=world unit; drift=world unit/s; art=pixel canvas; pivot=normalized,engine FlipX by caster/target,SkillEffect.SpawnLayer,1.02,"(0.5,0.5) planned registration pivot; no autocrop/recenter","(0,0) world unit","engine drift (0,0) world unit/s",runtime_evidence/RUNTIME_CODE_EVIDENCE.md; ASSET_BINDING_PLAN.md,기존 리소스는 신규 아트 승인·반입 전까지 유지,false,true,n/a,n/a,n/a,n/a,n/a,READY
area_20,m_mutant_iron_hog,s_mon_mutant_iron_hog,액티브,CURRENT_CAST_LAYER,layer_ruids,L2,a29334463fbf4a7bbc8e4cb7325229b7,KEEP,none until approved replacement,layer_ruids,L2,map entity spawned at caster position sampled when delayed SpawnLayer executes,current layer recipe,current layer recipe,.18,.78,false,8 frames × 0.10s; same 384×384 RGBA canvas,runtime offset=world unit; drift=world unit/s; art=pixel canvas; pivot=normalized,engine FlipX by caster/target,SkillEffect.SpawnLayer,1.12,"(0.5,0.5) planned registration pivot; no autocrop/recenter","(0,0) world unit",position sampled at execution; after spawn map entity applies configured drift and does not follow caster,runtime_evidence/RUNTIME_CODE_EVIDENCE.md; ASSET_BINDING_PLAN.md,기존 리소스는 신규 아트 승인·반입 전까지 유지,false,true,n/a,n/a,n/a,n/a,n/a,READY
area_20,m_mutant_iron_hog,s_mon_mutant_iron_hog,액티브,ICON,icon_ruid,UI,thumbnail://cd613d0025674a6f8b1cc7211054eb41,REPLACE_PLANNED,ICON/icon.png 256×256 RGBA,icon_ruid,UI icon,UI,inventory/skill UI,not world VFX,n/a,static,false,8 frames × 0.10s; same 384×384 RGBA canvas,runtime offset=world unit; drift=world unit/s; art=pixel canvas; pivot=normalized,none,false,UI layout controlled,"(0.5,0.5) planned registration pivot; no autocrop/recenter",UI layout controlled,static centered motif,runtime_evidence/RUNTIME_CODE_EVIDENCE.md; ASSET_BINDING_PLAN.md,VFX와 색·질감 언어 일치; 몬스터 원본을 그대로 복사하지 않음,true,ui,n/a,n/a,n/a,n/a,n/a,READY
area_20,m_mutant_stone_mask,s_mon_mutant_stone_mask,패시브,REFERENCE_VFX,none,none,,REFERENCE_ONLY,VFX/F00... (preview/reference only),none,none,not runtime,inventory ownership applies stat; no CAST,no passive CAST path,n/a,preview only,false,6 frames × 0.10s; same 256×256 RGBA canvas,runtime offset=world unit; drift=world unit/s; art=pixel canvas; pivot=normalized,art reference only,n/a,n/a,"(0.5,0.5) planned registration pivot; no autocrop/recenter",n/a,reference animation only; never auto-import,runtime_evidence/RUNTIME_CODE_EVIDENCE.md; ASSET_BINDING_PLAN.md,현행 런타임 VFX 없음,true,false,n/a,n/a,n/a,n/a,n/a,READY
area_20,m_mutant_stone_mask,s_mon_mutant_stone_mask,패시브,ICON,icon_ruid,UI,thumbnail://f020a220a2ad40a28d4920b790b32f3c,REPLACE_PLANNED,ICON/icon.png 256×256 RGBA,icon_ruid,UI icon,UI,inventory/skill UI,not world VFX,n/a,static,false,6 frames × 0.10s; same 256×256 RGBA canvas,runtime offset=world unit; drift=world unit/s; art=pixel canvas; pivot=normalized,none,false,UI layout controlled,"(0.5,0.5) planned registration pivot; no autocrop/recenter",UI layout controlled,static centered motif,runtime_evidence/RUNTIME_CODE_EVIDENCE.md; ASSET_BINDING_PLAN.md,VFX와 색·질감 언어 일치; 몬스터 원본을 그대로 복사하지 않음,true,ui,n/a,n/a,n/a,n/a,n/a,READY
area_20,m_ancient_dark_golem,s_mon_ancient_dark_golem,액티브,CAST_VFX,layer_ruids,visual stack L1..L2,3803b5c17bf04b56bef115b3afbf388b|6ad623bf86ad46f0ad423c10e383a28e,REPLACE_PLANNED,VFX/F00... -> accepted AnimationClip,layer_ruids,replace visual stack as one accepted primary clip; do not duplicate across old layers automatically,caster at PlayCast time,"플레이어: 즉시 시전자 중심 원형 피해 판정 후 CAST. 몬스터: 축소 반경의 시전자 중심 원형 판정이 실제 명중한 경우에만 CAST. CAST는 시전자 원점+h, 좌측 대상/시선이면 FlipX. L1 3803b5c17bf04b56bef115b3afbf388b animationclip/clip delay=0s duration=.9s scale=1.14 offset=(0,0)wu drift=(0,0)wu/s; L2 6ad623bf86ad46f0ad423c10e383a28e animationclip/clip delay=.3s duration=1.0s scale=1.25 offset=(0,0)wu drift=(0,0)wu/s","플레이어: 즉시 시전자 중심 원형 피해 판정 후 CAST. 몬스터: 축소 반경의 시전자 중심 원형 판정이 실제 명중한 경우에만 CAST. CAST는 시전자 원점+h, 좌측 대상/시선이면 FlipX. L1 3803b5c17bf04b56bef115b3afbf388b animationclip/clip delay=0s duration=.9s scale=1.14 offset=(0,0)wu drift=(0,0)wu/s; L2 6ad623bf86ad46f0ad423c10e383a28e animationclip/clip delay=.3s duration=1.0s scale=1.25 offset=(0,0)wu drift=(0,0)wu/s",0 planned primary clip,0.80,false,8 frames × 0.10s; same 384×384 RGBA canvas,runtime offset=world unit; drift=world unit/s; art=pixel canvas; pivot=normalized,right-authored; role contract controls use,defense=false; attack based on player look/monster hit target,UNRESOLVED_IMPORT_PREVIEW,"(0.5,0.5) planned registration pivot; no autocrop/recenter",preserve current gameplay origin; final visual offset unresolved until labeled preview,"local build-up/impact only; layer drift, dash, projectile translation remain engine-owned",runtime_evidence/RUNTIME_CODE_EVIDENCE.md; ASSET_BINDING_PLAN.md,old layers remain KEEP until art approval; exact final scale/offset is not invented in INPUT,true,true,n/a,n/a,n/a,n/a,n/a,READY
area_20,m_ancient_dark_golem,s_mon_ancient_dark_golem,액티브,CURRENT_CAST_LAYER,layer_ruids,L1,3803b5c17bf04b56bef115b3afbf388b,KEEP,none until approved replacement,layer_ruids,L1,caster,current layer recipe,current layer recipe,0,.9,false,8 frames × 0.10s; same 384×384 RGBA canvas,runtime offset=world unit; drift=world unit/s; art=pixel canvas; pivot=normalized,engine FlipX by caster/target,SkillEffect.SpawnLayer,1.14,"(0.5,0.5) planned registration pivot; no autocrop/recenter","(0,0) world unit","engine drift (0,0) world unit/s",runtime_evidence/RUNTIME_CODE_EVIDENCE.md; ASSET_BINDING_PLAN.md,기존 리소스는 신규 아트 승인·반입 전까지 유지,false,true,n/a,n/a,n/a,n/a,n/a,READY
area_20,m_ancient_dark_golem,s_mon_ancient_dark_golem,액티브,CURRENT_CAST_LAYER,layer_ruids,L2,6ad623bf86ad46f0ad423c10e383a28e,KEEP,none until approved replacement,layer_ruids,L2,map entity spawned at caster position sampled when delayed SpawnLayer executes,current layer recipe,current layer recipe,.3,1.0,false,8 frames × 0.10s; same 384×384 RGBA canvas,runtime offset=world unit; drift=world unit/s; art=pixel canvas; pivot=normalized,engine FlipX by caster/target,SkillEffect.SpawnLayer,1.25,"(0.5,0.5) planned registration pivot; no autocrop/recenter","(0,0) world unit",position sampled at execution; after spawn map entity applies configured drift and does not follow caster,runtime_evidence/RUNTIME_CODE_EVIDENCE.md; ASSET_BINDING_PLAN.md,기존 리소스는 신규 아트 승인·반입 전까지 유지,false,true,n/a,n/a,n/a,n/a,n/a,READY
area_20,m_ancient_dark_golem,s_mon_ancient_dark_golem,액티브,ICON,icon_ruid,UI,thumbnail://f60c7188fcd544ef869845a34ff92b30,REPLACE_PLANNED,ICON/icon.png 256×256 RGBA,icon_ruid,UI icon,UI,inventory/skill UI,not world VFX,n/a,static,false,8 frames × 0.10s; same 384×384 RGBA canvas,runtime offset=world unit; drift=world unit/s; art=pixel canvas; pivot=normalized,none,false,UI layout controlled,"(0.5,0.5) planned registration pivot; no autocrop/recenter",UI layout controlled,static centered motif,runtime_evidence/RUNTIME_CODE_EVIDENCE.md; ASSET_BINDING_PLAN.md,VFX와 색·질감 언어 일치; 몬스터 원본을 그대로 복사하지 않음,true,ui,n/a,n/a,n/a,n/a,n/a,READY
area_20,m_mutant_stumpy,s_mon_mutant_stumpy,액티브,CAST_VFX,layer_ruids,visual stack L1..L2,e79a4d871f6a4cbdbf75a7126982013e|dfb0126bee6f48fb9bdb289bddef870b,REPLACE_PLANNED,VFX/F00... -> accepted AnimationClip,layer_ruids,replace visual stack as one accepted primary clip; do not duplicate across old layers automatically,caster at PlayCast time,"플레이어: 즉시 시전자 중심 원형 피해 판정 후 CAST. 몬스터: 축소 반경의 시전자 중심 원형 판정이 실제 명중한 경우에만 CAST. CAST는 시전자 원점+h, 좌측 대상/시선이면 FlipX. L1 e79a4d871f6a4cbdbf75a7126982013e animationclip/clip delay=0s duration=.88s scale=1.16 offset=(0,0)wu drift=(0,0)wu/s; L2 dfb0126bee6f48fb9bdb289bddef870b animationclip/clip delay=.24s duration=1.02s scale=1.3 offset=(0,0)wu drift=(0,0)wu/s","플레이어: 즉시 시전자 중심 원형 피해 판정 후 CAST. 몬스터: 축소 반경의 시전자 중심 원형 판정이 실제 명중한 경우에만 CAST. CAST는 시전자 원점+h, 좌측 대상/시선이면 FlipX. L1 e79a4d871f6a4cbdbf75a7126982013e animationclip/clip delay=0s duration=.88s scale=1.16 offset=(0,0)wu drift=(0,0)wu/s; L2 dfb0126bee6f48fb9bdb289bddef870b animationclip/clip delay=.24s duration=1.02s scale=1.3 offset=(0,0)wu drift=(0,0)wu/s",0 planned primary clip,0.96,false,12 frames × 0.08s; same 512×512 RGBA canvas,runtime offset=world unit; drift=world unit/s; art=pixel canvas; pivot=normalized,right-authored; role contract controls use,defense=false; attack based on player look/monster hit target,UNRESOLVED_IMPORT_PREVIEW,"(0.5,0.5) planned registration pivot; no autocrop/recenter",preserve current gameplay origin; final visual offset unresolved until labeled preview,"local build-up/impact only; layer drift, dash, projectile translation remain engine-owned",runtime_evidence/RUNTIME_CODE_EVIDENCE.md; ASSET_BINDING_PLAN.md,old layers remain KEEP until art approval; exact final scale/offset is not invented in INPUT,true,true,n/a,n/a,n/a,n/a,n/a,READY
area_20,m_mutant_stumpy,s_mon_mutant_stumpy,액티브,CURRENT_CAST_LAYER,layer_ruids,L1,e79a4d871f6a4cbdbf75a7126982013e,KEEP,none until approved replacement,layer_ruids,L1,caster,current layer recipe,current layer recipe,0,.88,false,12 frames × 0.08s; same 512×512 RGBA canvas,runtime offset=world unit; drift=world unit/s; art=pixel canvas; pivot=normalized,engine FlipX by caster/target,SkillEffect.SpawnLayer,1.16,"(0.5,0.5) planned registration pivot; no autocrop/recenter","(0,0) world unit","engine drift (0,0) world unit/s",runtime_evidence/RUNTIME_CODE_EVIDENCE.md; ASSET_BINDING_PLAN.md,기존 리소스는 신규 아트 승인·반입 전까지 유지,false,true,n/a,n/a,n/a,n/a,n/a,READY
area_20,m_mutant_stumpy,s_mon_mutant_stumpy,액티브,CURRENT_CAST_LAYER,layer_ruids,L2,dfb0126bee6f48fb9bdb289bddef870b,KEEP,none until approved replacement,layer_ruids,L2,map entity spawned at caster position sampled when delayed SpawnLayer executes,current layer recipe,current layer recipe,.24,1.02,false,12 frames × 0.08s; same 512×512 RGBA canvas,runtime offset=world unit; drift=world unit/s; art=pixel canvas; pivot=normalized,engine FlipX by caster/target,SkillEffect.SpawnLayer,1.3,"(0.5,0.5) planned registration pivot; no autocrop/recenter","(0,0) world unit",position sampled at execution; after spawn map entity applies configured drift and does not follow caster,runtime_evidence/RUNTIME_CODE_EVIDENCE.md; ASSET_BINDING_PLAN.md,기존 리소스는 신규 아트 승인·반입 전까지 유지,false,true,n/a,n/a,n/a,n/a,n/a,READY
area_20,m_mutant_stumpy,s_mon_mutant_stumpy,액티브,ICON,icon_ruid,UI,thumbnail://fe3077e91e5442579b6cfaa6b4c59469,REPLACE_PLANNED,ICON/icon.png 256×256 RGBA,icon_ruid,UI icon,UI,inventory/skill UI,not world VFX,n/a,static,false,12 frames × 0.08s; same 512×512 RGBA canvas,runtime offset=world unit; drift=world unit/s; art=pixel canvas; pivot=normalized,none,false,UI layout controlled,"(0.5,0.5) planned registration pivot; no autocrop/recenter",UI layout controlled,static centered motif,runtime_evidence/RUNTIME_CODE_EVIDENCE.md; ASSET_BINDING_PLAN.md,VFX와 색·질감 언어 일치; 몬스터 원본을 그대로 복사하지 않음,true,ui,n/a,n/a,n/a,n/a,n/a,READY
