area_id,monster_id,skill_id,role,frame_index,source_zip,source_path,output_path,source_sha256,output_sha256,byte_preserved
area_01,m_snail,s_mon_snail_dew_trail,ICON,0,AREA_01_IMAGES_OUTPUT.zip,monsters/001_m_snail_달팽이/ICON/001_m_snail_s_mon_snail_dew_trail_ICON.png,monsters/001_m_snail_달팽이/ICON/001_m_snail_s_mon_snail_dew_trail_ICON.png,9e4c5c2bf3f0edd39e3de4855d0eb2c16a049d879a88fe104fb91e5eb76a5446,9e4c5c2bf3f0edd39e3de4855d0eb2c16a049d879a88fe104fb91e5eb76a5446,PASS
area_01,m_snail,s_mon_snail_dew_trail,CAST_VFX,0,AREA_01_IMAGES_OUTPUT.zip,monsters/001_m_snail_달팽이/CAST/001_m_snail_s_mon_snail_dew_trail_CAST_F00.png,monsters/001_m_snail_달팽이/CAST/001_m_snail_s_mon_snail_dew_trail_CAST_F00.png,b7e74d47734d5b6bbcdbe3c68d99ed67b360eff4c6c73bcf4b141ba69b4d3525,b7e74d47734d5b6bbcdbe3c68d99ed67b360eff4c6c73bcf4b141ba69b4d3525,PASS
area_01,m_snail,s_mon_snail_dew_trail,CAST_VFX,1,AREA_01_IMAGES_OUTPUT.zip,monsters/001_m_snail_달팽이/CAST/001_m_snail_s_mon_snail_dew_trail_CAST_F01.png,monsters/001_m_snail_달팽이/CAST/001_m_snail_s_mon_snail_dew_trail_CAST_F01.png,41302b32898fa0136beeba6c6959da7694f35bab7bf6c63a4f6b0f9a45e94b7b,41302b32898fa0136beeba6c6959da7694f35bab7bf6c63a4f6b0f9a45e94b7b,PASS
area_01,m_snail,s_mon_snail_dew_trail,CAST_VFX,2,AREA_01_IMAGES_OUTPUT.zip,monsters/001_m_snail_달팽이/CAST/001_m_snail_s_mon_snail_dew_trail_CAST_F02.png,monsters/001_m_snail_달팽이/CAST/001_m_snail_s_mon_snail_dew_trail_CAST_F02.png,3e4aec6879b1765ebe8a38bdc3caf37b17cb412d113d5b3272e125f39ced6df8,3e4aec6879b1765ebe8a38bdc3caf37b17cb412d113d5b3272e125f39ced6df8,PASS
area_01,m_snail,s_mon_snail_dew_trail,CAST_VFX,3,AREA_01_IMAGES_OUTPUT.zip,monsters/001_m_snail_달팽이/CAST/001_m_snail_s_mon_snail_dew_trail_CAST_F03.png,monsters/001_m_snail_달팽이/CAST/001_m_snail_s_mon_snail_dew_trail_CAST_F03.png,f9d41b208b4b5211ec7192e517b63e83b9584c97a27140e408efc1381954ba0b,f9d41b208b4b5211ec7192e517b63e83b9584c97a27140e408efc1381954ba0b,PASS
area_01,m_snail,s_mon_snail_dew_trail,CAST_VFX,4,AREA_01_IMAGES_OUTPUT.zip,monsters/001_m_snail_달팽이/CAST/001_m_snail_s_mon_snail_dew_trail_CAST_F04.png,monsters/001_m_snail_달팽이/CAST/001_m_snail_s_mon_snail_dew_trail_CAST_F04.png,f74cc1f1679ee8075bb00b561de00036e26927f29630e28641ab8cb550dcf873,f74cc1f1679ee8075bb00b561de00036e26927f29630e28641ab8cb550dcf873,PASS
area_01,m_snail,s_mon_snail_dew_trail,CAST_VFX,5,AREA_01_IMAGES_OUTPUT.zip,monsters/001_m_snail_달팽이/CAST/001_m_snail_s_mon_snail_dew_trail_CAST_F05.png,monsters/001_m_snail_달팽이/CAST/001_m_snail_s_mon_snail_dew_trail_CAST_F05.png,e42797fa98dd5ebd9ece312428850a4d002758e900040402c20a9a3c67b7e006,e42797fa98dd5ebd9ece312428850a4d002758e900040402c20a9a3c67b7e006,PASS
area_01,m_snail,s_mon_snail_dew_trail,CAST_VFX,6,AREA_01_IMAGES_OUTPUT.zip,monsters/001_m_snail_달팽이/CAST/001_m_snail_s_mon_snail_dew_trail_CAST_F06.png,monsters/001_m_snail_달팽이/CAST/001_m_snail_s_mon_snail_dew_trail_CAST_F06.png,6fcb2783109b7be3a201ced278d107019a85b1b508ff10f9e8db2b8ef80d5f7f,6fcb2783109b7be3a201ced278d107019a85b1b508ff10f9e8db2b8ef80d5f7f,PASS
area_01,m_snail,s_mon_snail_dew_trail,CAST_VFX,7,AREA_01_IMAGES_OUTPUT.zip,monsters/001_m_snail_달팽이/CAST/001_m_snail_s_mon_snail_dew_trail_CAST_F07.png,monsters/001_m_snail_달팽이/CAST/001_m_snail_s_mon_snail_dew_trail_CAST_F07.png,a10fa4be7113d815469390317d352bf33593777576ef66f81ebeae5055159c9a,a10fa4be7113d815469390317d352bf33593777576ef66f81ebeae5055159c9a,PASS
area_01,m_blue_snail,s_mon_blue_snail,ICON,0,AREA_01_IMAGES_OUTPUT.zip,monsters/002_m_blue_snail_파란_달팽이/ICON/002_m_blue_snail_s_mon_blue_snail_ICON.png,monsters/002_m_blue_snail_파란_달팽이/ICON/002_m_blue_snail_s_mon_blue_snail_ICON.png,defd113ea3c59d8b570f73a79533b4253b5e72f789347e13aaa6cdbfefe65d27,defd113ea3c59d8b570f73a79533b4253b5e72f789347e13aaa6cdbfefe65d27,PASS
area_01,m_blue_snail,s_mon_blue_snail,CAST_VFX,0,AREA_01_IMAGES_OUTPUT.zip,monsters/002_m_blue_snail_파란_달팽이/CAST/002_m_blue_snail_s_mon_blue_snail_CAST_F00.png,monsters/002_m_blue_snail_파란_달팽이/CAST/002_m_blue_snail_s_mon_blue_snail_CAST_F00.png,d7b55014803cf9feed39d079ceb5deef7bf7f2780bfbbca351f8b3f6c00d8b7c,d7b55014803cf9feed39d079ceb5deef7bf7f2780bfbbca351f8b3f6c00d8b7c,PASS
area_01,m_blue_snail,s_mon_blue_snail,CAST_VFX,1,AREA_01_IMAGES_OUTPUT.zip,monsters/002_m_blue_snail_파란_달팽이/CAST/002_m_blue_snail_s_mon_blue_snail_CAST_F01.png,monsters/002_m_blue_snail_파란_달팽이/CAST/002_m_blue_snail_s_mon_blue_snail_CAST_F01.png,cfac5775668a4cbc3538bc0bf5d3128c156420b4b10154719e7b40b2f3e954c8,cfac5775668a4cbc3538bc0bf5d3128c156420b4b10154719e7b40b2f3e954c8,PASS
area_01,m_blue_snail,s_mon_blue_snail,CAST_VFX,2,AREA_01_IMAGES_OUTPUT.zip,monsters/002_m_blue_snail_파란_달팽이/CAST/002_m_blue_snail_s_mon_blue_snail_CAST_F02.png,monsters/002_m_blue_snail_파란_달팽이/CAST/002_m_blue_snail_s_mon_blue_snail_CAST_F02.png,9c712f7984fa7cee2a34642bb6ea82d48e65ff40136722336230d5c108ed5cde,9c712f7984fa7cee2a34642bb6ea82d48e65ff40136722336230d5c108ed5cde,PASS
area_01,m_blue_snail,s_mon_blue_snail,CAST_VFX,3,AREA_01_IMAGES_OUTPUT.zip,monsters/002_m_blue_snail_파란_달팽이/CAST/002_m_blue_snail_s_mon_blue_snail_CAST_F03.png,monsters/002_m_blue_snail_파란_달팽이/CAST/002_m_blue_snail_s_mon_blue_snail_CAST_F03.png,9637aba5fa8311195959dfb12a284ce6ae384861e8b7e861b18c2a5fa9a6ff13,9637aba5fa8311195959dfb12a284ce6ae384861e8b7e861b18c2a5fa9a6ff13,PASS
area_01,m_blue_snail,s_mon_blue_snail,CAST_VFX,4,AREA_01_IMAGES_OUTPUT.zip,monsters/002_m_blue_snail_파란_달팽이/CAST/002_m_blue_snail_s_mon_blue_snail_CAST_F04.png,monsters/002_m_blue_snail_파란_달팽이/CAST/002_m_blue_snail_s_mon_blue_snail_CAST_F04.png,0bce8d96d2dbfc9ed65f5735bf440ff5467d1e6daddf44769af7c501530720b7,0bce8d96d2dbfc9ed65f5735bf440ff5467d1e6daddf44769af7c501530720b7,PASS
area_01,m_blue_snail,s_mon_blue_snail,CAST_VFX,5,AREA_01_IMAGES_OUTPUT.zip,monsters/002_m_blue_snail_파란_달팽이/CAST/002_m_blue_snail_s_mon_blue_snail_CAST_F05.png,monsters/002_m_blue_snail_파란_달팽이/CAST/002_m_blue_snail_s_mon_blue_snail_CAST_F05.png,7c711af880e09179d6e35cb0592244949ccf816ed2e0e843fb141e36b2f39d23,7c711af880e09179d6e35cb0592244949ccf816ed2e0e843fb141e36b2f39d23,PASS
area_01,m_blue_snail,s_mon_blue_snail,CAST_VFX,6,AREA_01_IMAGES_OUTPUT.zip,monsters/002_m_blue_snail_파란_달팽이/CAST/002_m_blue_snail_s_mon_blue_snail_CAST_F06.png,monsters/002_m_blue_snail_파란_달팽이/CAST/002_m_blue_snail_s_mon_blue_snail_CAST_F06.png,1a97d84716a4518c8af8262bb8cf503d43d9737ed0db3b262308d6a508bb0653,1a97d84716a4518c8af8262bb8cf503d43d9737ed0db3b262308d6a508bb0653,PASS
area_01,m_blue_snail,s_mon_blue_snail,CAST_VFX,7,AREA_01_IMAGES_OUTPUT.zip,monsters/002_m_blue_snail_파란_달팽이/CAST/002_m_blue_snail_s_mon_blue_snail_CAST_F07.png,monsters/002_m_blue_snail_파란_달팽이/CAST/002_m_blue_snail_s_mon_blue_snail_CAST_F07.png,d28d8ff99b111634ba2a755761085a260dda2100f83cf2e729812242dc98f7c1,d28d8ff99b111634ba2a755761085a260dda2100f83cf2e729812242dc98f7c1,PASS
area_01,m_mushroom,s_mon_mushroom,ICON,0,AREA_01_IMAGES_OUTPUT.zip,monsters/003_m_mushroom_주황_버섯/ICON/003_m_mushroom_s_mon_mushroom_ICON.png,ICON/003_m_mushroom_s_mon_mushroom_ICON.png,418e8d5744d14d41f673a4f4bcd0bf8851013345baf02b86e4f3e40bbb968fcf,418e8d5744d14d41f673a4f4bcd0bf8851013345baf02b86e4f3e40bbb968fcf,PASS
area_01,m_mushroom,s_mon_mushroom,CAST_VFX,0,AREA_01_IMAGES_OUTPUT.zip,monsters/003_m_mushroom_주황_버섯/CAST/003_m_mushroom_s_mon_mushroom_CAST_F00.png,CAST/003_m_mushroom_s_mon_mushroom_CAST_F00.png,8e91de1708861cdd0b9a0c1059b1a87bd1e1d64ffa303619fb7fe6298f5e41db,8e91de1708861cdd0b9a0c1059b1a87bd1e1d64ffa303619fb7fe6298f5e41db,PASS
area_01,m_mushroom,s_mon_mushroom,CAST_VFX,1,AREA_01_IMAGES_OUTPUT.zip,monsters/003_m_mushroom_주황_버섯/CAST/003_m_mushroom_s_mon_mushroom_CAST_F01.png,CAST/003_m_mushroom_s_mon_mushroom_CAST_F01.png,3aae8e5b878cb29b5849b461d805f57092e6eafc699812915037b13f356ea6ea,3aae8e5b878cb29b5849b461d805f57092e6eafc699812915037b13f356ea6ea,PASS
area_01,m_mushroom,s_mon_mushroom,CAST_VFX,2,AREA_01_IMAGES_OUTPUT.zip,monsters/003_m_mushroom_주황_버섯/CAST/003_m_mushroom_s_mon_mushroom_CAST_F02.png,CAST/003_m_mushroom_s_mon_mushroom_CAST_F02.png,9835ce8057220f24db89dd19dc10611e33b2d1fa009f1fd2a6f3fb404e62711f,9835ce8057220f24db89dd19dc10611e33b2d1fa009f1fd2a6f3fb404e62711f,PASS
area_01,m_mushroom,s_mon_mushroom,CAST_VFX,3,AREA_01_IMAGES_OUTPUT.zip,monsters/003_m_mushroom_주황_버섯/CAST/003_m_mushroom_s_mon_mushroom_CAST_F03.png,CAST/003_m_mushroom_s_mon_mushroom_CAST_F03.png,a7952df960598212dc4776638a69be40f6812b50b6574187f539a0e90985a0d8,a7952df960598212dc4776638a69be40f6812b50b6574187f539a0e90985a0d8,PASS
area_01,m_mushroom,s_mon_mushroom,CAST_VFX,4,AREA_01_IMAGES_OUTPUT.zip,monsters/003_m_mushroom_주황_버섯/CAST/003_m_mushroom_s_mon_mushroom_CAST_F04.png,CAST/003_m_mushroom_s_mon_mushroom_CAST_F04.png,cfc62fd0b8c691b0aa4c431c5f72fb5c387bb5a03e3caf8a7f33dd9a1c0bc538,cfc62fd0b8c691b0aa4c431c5f72fb5c387bb5a03e3caf8a7f33dd9a1c0bc538,PASS
area_01,m_mushroom,s_mon_mushroom,CAST_VFX,5,AREA_01_IMAGES_OUTPUT.zip,monsters/003_m_mushroom_주황_버섯/CAST/003_m_mushroom_s_mon_mushroom_CAST_F05.png,CAST/003_m_mushroom_s_mon_mushroom_CAST_F05.png,f29195265514338fe34f237a7d51ed8c9858e3404b34f6996e16b58b0513f516,f29195265514338fe34f237a7d51ed8c9858e3404b34f6996e16b58b0513f516,PASS
area_01,m_mushroom,s_mon_mushroom,CAST_VFX,6,AREA_01_IMAGES_OUTPUT.zip,monsters/003_m_mushroom_주황_버섯/CAST/003_m_mushroom_s_mon_mushroom_CAST_F06.png,CAST/003_m_mushroom_s_mon_mushroom_CAST_F06.png,059ee28bbb562138091299c31696649ec4a633df0c4a4833fb24a95b003c4fb0,059ee28bbb562138091299c31696649ec4a633df0c4a4833fb24a95b003c4fb0,PASS
area_01,m_mushroom,s_mon_mushroom,CAST_VFX,7,AREA_01_IMAGES_OUTPUT.zip,monsters/003_m_mushroom_주황_버섯/CAST/003_m_mushroom_s_mon_mushroom_CAST_F07.png,CAST/003_m_mushroom_s_mon_mushroom_CAST_F07.png,3d58e23958b929bb35333c6c394140f39dd7208158c936d930634e0bdebeac49,3d58e23958b929bb35333c6c394140f39dd7208158c936d930634e0bdebeac49,PASS
area_01,m_mushmom,s_mon_mushmom,ICON,0,AREA_01_IMAGES_OUTPUT.zip,monsters/004_m_mushmom_머쉬맘/ICON/004_m_mushmom_s_mon_mushmom_ICON.png,ICON/004_m_mushmom_s_mon_mushmom_ICON.png,717e6678ae0895b704b10685d7e530727d37e88821ff523d48d09f93978a3a0e,717e6678ae0895b704b10685d7e530727d37e88821ff523d48d09f93978a3a0e,PASS
area_01,m_mushmom,s_mon_mushmom,CAST_VFX,0,AREA_01_IMAGES_OUTPUT.zip,monsters/004_m_mushmom_머쉬맘/CAST/004_m_mushmom_s_mon_mushmom_CAST_F00.png,CAST/004_m_mushmom_s_mon_mushmom_CAST_F00.png,afed07ec9b37f009fee2ead17976c362e99f7fa56422da7f186add24d718b97a,afed07ec9b37f009fee2ead17976c362e99f7fa56422da7f186add24d718b97a,PASS
area_01,m_mushmom,s_mon_mushmom,CAST_VFX,1,AREA_01_IMAGES_OUTPUT.zip,monsters/004_m_mushmom_머쉬맘/CAST/004_m_mushmom_s_mon_mushmom_CAST_F01.png,CAST/004_m_mushmom_s_mon_mushmom_CAST_F01.png,7b5121aa3c54d1fd21039a7b7793ab5b706803003c465da2fbe6cf4e9346ba94,7b5121aa3c54d1fd21039a7b7793ab5b706803003c465da2fbe6cf4e9346ba94,PASS
area_01,m_mushmom,s_mon_mushmom,CAST_VFX,2,AREA_01_IMAGES_OUTPUT.zip,monsters/004_m_mushmom_머쉬맘/CAST/004_m_mushmom_s_mon_mushmom_CAST_F02.png,CAST/004_m_mushmom_s_mon_mushmom_CAST_F02.png,e935bd37208ae7aebca14ba88ff81e97ee723e62428d0fda2718b92e05347c45,e935bd37208ae7aebca14ba88ff81e97ee723e62428d0fda2718b92e05347c45,PASS
area_01,m_mushmom,s_mon_mushmom,CAST_VFX,3,AREA_01_IMAGES_OUTPUT.zip,monsters/004_m_mushmom_머쉬맘/CAST/004_m_mushmom_s_mon_mushmom_CAST_F03.png,CAST/004_m_mushmom_s_mon_mushmom_CAST_F03.png,92fcea9edbc400e72a96027f446c4c8e326741bf3cc26b6842bbe0d04364a8cb,92fcea9edbc400e72a96027f446c4c8e326741bf3cc26b6842bbe0d04364a8cb,PASS
area_01,m_mushmom,s_mon_mushmom,CAST_VFX,4,AREA_01_IMAGES_OUTPUT.zip,monsters/004_m_mushmom_머쉬맘/CAST/004_m_mushmom_s_mon_mushmom_CAST_F04.png,CAST/004_m_mushmom_s_mon_mushmom_CAST_F04.png,79a8dd6a3800978c1ab8a503f6cac8899a62e90013976d30ceaa4f60640bb85c,79a8dd6a3800978c1ab8a503f6cac8899a62e90013976d30ceaa4f60640bb85c,PASS
area_01,m_mushmom,s_mon_mushmom,CAST_VFX,5,AREA_01_IMAGES_OUTPUT.zip,monsters/004_m_mushmom_머쉬맘/CAST/004_m_mushmom_s_mon_mushmom_CAST_F05.png,CAST/004_m_mushmom_s_mon_mushmom_CAST_F05.png,27585bfc6299b4a2aa881a654768e72b0a42b2d393c680c646bb38510df59be4,27585bfc6299b4a2aa881a654768e72b0a42b2d393c680c646bb38510df59be4,PASS
area_01,m_mushmom,s_mon_mushmom,CAST_VFX,6,AREA_01_IMAGES_OUTPUT.zip,monsters/004_m_mushmom_머쉬맘/CAST/004_m_mushmom_s_mon_mushmom_CAST_F06.png,CAST/004_m_mushmom_s_mon_mushmom_CAST_F06.png,82dff5342a293de13499248298b8175346585e56f945d93060c11f73b353edd1,82dff5342a293de13499248298b8175346585e56f945d93060c11f73b353edd1,PASS
area_01,m_mushmom,s_mon_mushmom,CAST_VFX,7,AREA_01_IMAGES_OUTPUT.zip,monsters/004_m_mushmom_머쉬맘/CAST/004_m_mushmom_s_mon_mushmom_CAST_F07.png,CAST/004_m_mushmom_s_mon_mushmom_CAST_F07.png,e18f145a450d1379b244ecea204400b6a7c6f6614d6c89b10a9aceeb6498b931,e18f145a450d1379b244ecea204400b6a7c6f6614d6c89b10a9aceeb6498b931,PASS
area_01,m_mushmom,s_mon_mushmom,CAST_VFX,8,AREA_01_IMAGES_OUTPUT.zip,monsters/004_m_mushmom_머쉬맘/CAST/004_m_mushmom_s_mon_mushmom_CAST_F08.png,CAST/004_m_mushmom_s_mon_mushmom_CAST_F08.png,969b755645b909e35ab9c83c83c474eed3ca0204b8814a710e15427fb86a92c3,969b755645b909e35ab9c83c83c474eed3ca0204b8814a710e15427fb86a92c3,PASS
area_01,m_mushmom,s_mon_mushmom,CAST_VFX,9,AREA_01_IMAGES_OUTPUT.zip,monsters/004_m_mushmom_머쉬맘/CAST/004_m_mushmom_s_mon_mushmom_CAST_F09.png,CAST/004_m_mushmom_s_mon_mushmom_CAST_F09.png,6718fb27b0c2d2e4bcc34a32ecdf595c87bf7651bf092234a251564af5c5dba6,6718fb27b0c2d2e4bcc34a32ecdf595c87bf7651bf092234a251564af5c5dba6,PASS
area_01,m_mushmom,s_mon_mushmom,CAST_VFX,10,AREA_01_IMAGES_OUTPUT.zip,monsters/004_m_mushmom_머쉬맘/CAST/004_m_mushmom_s_mon_mushmom_CAST_F10.png,CAST/004_m_mushmom_s_mon_mushmom_CAST_F10.png,428b72817619062f5e13440073fe30567fba4a8f64e6e9b1eeabf5d346687614,428b72817619062f5e13440073fe30567fba4a8f64e6e9b1eeabf5d346687614,PASS
area_01,m_mushmom,s_mon_mushmom,CAST_VFX,11,AREA_01_IMAGES_OUTPUT.zip,monsters/004_m_mushmom_머쉬맘/CAST/004_m_mushmom_s_mon_mushmom_CAST_F11.png,CAST/004_m_mushmom_s_mon_mushmom_CAST_F11.png,57b3f031a096a29d5a7f4f151b5b1a276757051664b96a6ce5437f75b548681a,57b3f031a096a29d5a7f4f151b5b1a276757051664b96a6ce5437f75b548681a,PASS
area_01,m_horny_mushroom,s_mon_horny_mushroom,ICON,0,AREA_01_IMAGES_OUTPUT.zip,monsters/005_m_horny_mushroom_뿔버섯/ICON/005_m_horny_mushroom_s_mon_horny_mushroom_ICON.png,ICON/005_m_horny_mushroom_s_mon_horny_mushroom_ICON.png,7d241fc303b55cbcdf8b5b618c13ef4f1a808e04e5dee183953131c05b730dac,7d241fc303b55cbcdf8b5b618c13ef4f1a808e04e5dee183953131c05b730dac,PASS
area_01,m_horny_mushroom,s_mon_horny_mushroom,REFERENCE_VFX,0,AREA_01_IMAGES_OUTPUT.zip,monsters/005_m_horny_mushroom_뿔버섯/REFERENCE/005_m_horny_mushroom_s_mon_horny_mushroom_REFERENCE_F00.png,REFERENCE/005_m_horny_mushroom_s_mon_horny_mushroom_REFERENCE_F00.png,5ae988bcbfda2bdc21b6f57386d1bdeb20e0ed69319f162b5c127051ac28d2c5,5ae988bcbfda2bdc21b6f57386d1bdeb20e0ed69319f162b5c127051ac28d2c5,PASS
area_01,m_horny_mushroom,s_mon_horny_mushroom,REFERENCE_VFX,1,AREA_01_IMAGES_OUTPUT.zip,monsters/005_m_horny_mushroom_뿔버섯/REFERENCE/005_m_horny_mushroom_s_mon_horny_mushroom_REFERENCE_F01.png,REFERENCE/005_m_horny_mushroom_s_mon_horny_mushroom_REFERENCE_F01.png,40cfaa0b168f2901c266195f3cdbd02174943f90b9d6a7f4e37324a34184bde8,40cfaa0b168f2901c266195f3cdbd02174943f90b9d6a7f4e37324a34184bde8,PASS
area_01,m_horny_mushroom,s_mon_horny_mushroom,REFERENCE_VFX,2,AREA_01_IMAGES_OUTPUT.zip,monsters/005_m_horny_mushroom_뿔버섯/REFERENCE/005_m_horny_mushroom_s_mon_horny_mushroom_REFERENCE_F02.png,REFERENCE/005_m_horny_mushroom_s_mon_horny_mushroom_REFERENCE_F02.png,8c5d58ad0d09113a05d0962e865ff1ef46af9fa8ed2837fb7f49a54e8ff6b435,8c5d58ad0d09113a05d0962e865ff1ef46af9fa8ed2837fb7f49a54e8ff6b435,PASS
area_01,m_horny_mushroom,s_mon_horny_mushroom,REFERENCE_VFX,3,AREA_01_IMAGES_OUTPUT.zip,monsters/005_m_horny_mushroom_뿔버섯/REFERENCE/005_m_horny_mushroom_s_mon_horny_mushroom_REFERENCE_F03.png,REFERENCE/005_m_horny_mushroom_s_mon_horny_mushroom_REFERENCE_F03.png,1d8f44bc31db8cd8969e3a215ae6ce302ccf23c6817ff77c09dcb0621a3dc95e,1d8f44bc31db8cd8969e3a215ae6ce302ccf23c6817ff77c09dcb0621a3dc95e,PASS
area_01,m_horny_mushroom,s_mon_horny_mushroom,REFERENCE_VFX,4,AREA_01_IMAGES_OUTPUT.zip,monsters/005_m_horny_mushroom_뿔버섯/REFERENCE/005_m_horny_mushroom_s_mon_horny_mushroom_REFERENCE_F04.png,REFERENCE/005_m_horny_mushroom_s_mon_horny_mushroom_REFERENCE_F04.png,16f78dcc84b5c2ef8aa5fb3efb6483e4aa54ee9ae58e2b76b04bc92ca403230a,16f78dcc84b5c2ef8aa5fb3efb6483e4aa54ee9ae58e2b76b04bc92ca403230a,PASS
area_01,m_horny_mushroom,s_mon_horny_mushroom,REFERENCE_VFX,5,AREA_01_IMAGES_OUTPUT.zip,monsters/005_m_horny_mushroom_뿔버섯/REFERENCE/005_m_horny_mushroom_s_mon_horny_mushroom_REFERENCE_F05.png,REFERENCE/005_m_horny_mushroom_s_mon_horny_mushroom_REFERENCE_F05.png,fbcefba40158b8b8864fed046786ce8312c378b9731cd8731b5300ba534b2f48,fbcefba40158b8b8864fed046786ce8312c378b9731cd8731b5300ba534b2f48,PASS
area_02,m_stone_golem,s_mon_stone,ICON,0,AREA_02_IMAGES_OUTPUT.zip,ICON/001_m_stone_golem_s_mon_stone_ICON.png,ICON/001_m_stone_golem_s_mon_stone_ICON.png,c5a45e3b3d1a0752a958e495426b0725edc2fef4b6369dd7c701b1e8f7c939dc,c5a45e3b3d1a0752a958e495426b0725edc2fef4b6369dd7c701b1e8f7c939dc,PASS
area_02,m_stone_golem,s_mon_stone,CAST_VFX,0,AREA_02_IMAGES_OUTPUT.zip,CAST/001_m_stone_golem_s_mon_stone_CAST_F00.png,CAST/001_m_stone_golem_s_mon_stone_CAST_F00.png,c382e0399b443795c1edcb818e142c6499e70a8f78a78bc859eee027c324a08c,c382e0399b443795c1edcb818e142c6499e70a8f78a78bc859eee027c324a08c,PASS
area_02,m_stone_golem,s_mon_stone,CAST_VFX,1,AREA_02_IMAGES_OUTPUT.zip,CAST/001_m_stone_golem_s_mon_stone_CAST_F01.png,CAST/001_m_stone_golem_s_mon_stone_CAST_F01.png,e64725abc356a8477921c2c45759e68c56a76e400fcb006bf0c963401922823e,e64725abc356a8477921c2c45759e68c56a76e400fcb006bf0c963401922823e,PASS
area_02,m_stone_golem,s_mon_stone,CAST_VFX,2,AREA_02_IMAGES_OUTPUT.zip,CAST/001_m_stone_golem_s_mon_stone_CAST_F02.png,CAST/001_m_stone_golem_s_mon_stone_CAST_F02.png,f0ff864e47ad3365f6ec7310f27e58683870316d53a23500d3b30266b744bb12,f0ff864e47ad3365f6ec7310f27e58683870316d53a23500d3b30266b744bb12,PASS
area_02,m_stone_golem,s_mon_stone,CAST_VFX,3,AREA_02_IMAGES_OUTPUT.zip,CAST/001_m_stone_golem_s_mon_stone_CAST_F03.png,CAST/001_m_stone_golem_s_mon_stone_CAST_F03.png,43ad84ead0b070d894cf559ea3276e36d7389006fb27024e742d71ff2a464893,43ad84ead0b070d894cf559ea3276e36d7389006fb27024e742d71ff2a464893,PASS
area_02,m_stone_golem,s_mon_stone,CAST_VFX,4,AREA_02_IMAGES_OUTPUT.zip,CAST/001_m_stone_golem_s_mon_stone_CAST_F04.png,CAST/001_m_stone_golem_s_mon_stone_CAST_F04.png,ab45b156bda57c38854b72523293752a41ea2bd39819394ef95dc239632061fa,ab45b156bda57c38854b72523293752a41ea2bd39819394ef95dc239632061fa,PASS
area_02,m_stone_golem,s_mon_stone,CAST_VFX,5,AREA_02_IMAGES_OUTPUT.zip,CAST/001_m_stone_golem_s_mon_stone_CAST_F05.png,CAST/001_m_stone_golem_s_mon_stone_CAST_F05.png,8683b08231953685668c3a83af175ea424ec63c94fd3ec0fcc86357a62fdf838,8683b08231953685668c3a83af175ea424ec63c94fd3ec0fcc86357a62fdf838,PASS
area_02,m_stone_golem,s_mon_stone,CAST_VFX,6,AREA_02_IMAGES_OUTPUT.zip,CAST/001_m_stone_golem_s_mon_stone_CAST_F06.png,CAST/001_m_stone_golem_s_mon_stone_CAST_F06.png,b14214f8b6fa00febb47ab833d5d2c85622ea4041723b02b99bcc21505b923e9,b14214f8b6fa00febb47ab833d5d2c85622ea4041723b02b99bcc21505b923e9,PASS
area_02,m_stone_golem,s_mon_stone,CAST_VFX,7,AREA_02_IMAGES_OUTPUT.zip,CAST/001_m_stone_golem_s_mon_stone_CAST_F07.png,CAST/001_m_stone_golem_s_mon_stone_CAST_F07.png,adf92c1b55b5e7b30b1ca0a8b867be6a32bb70e1e0f0f169ccf8681010a691bf,adf92c1b55b5e7b30b1ca0a8b867be6a32bb70e1e0f0f169ccf8681010a691bf,PASS
area_02,m_axe_stump,s_mon_axe_stump,ICON,0,AREA_02_IMAGES_OUTPUT.zip,ICON/002_m_axe_stump_s_mon_axe_stump_ICON.png,ICON/002_m_axe_stump_s_mon_axe_stump_ICON.png,182c9fdde631482a09eb6e915e55e88c26e4002e1dcdfc0da033d5925c26f1a1,182c9fdde631482a09eb6e915e55e88c26e4002e1dcdfc0da033d5925c26f1a1,PASS
area_02,m_axe_stump,s_mon_axe_stump,CAST_VFX,0,AREA_02_IMAGES_OUTPUT.zip,CAST/002_m_axe_stump_s_mon_axe_stump_CAST_F00.png,CAST/002_m_axe_stump_s_mon_axe_stump_CAST_F00.png,097e383f6b9c6bc0067e19712b9b4bf2af0289dca4882a31f7c4d521a629ea36,097e383f6b9c6bc0067e19712b9b4bf2af0289dca4882a31f7c4d521a629ea36,PASS
area_02,m_axe_stump,s_mon_axe_stump,CAST_VFX,1,AREA_02_IMAGES_OUTPUT.zip,CAST/002_m_axe_stump_s_mon_axe_stump_CAST_F01.png,CAST/002_m_axe_stump_s_mon_axe_stump_CAST_F01.png,532fdb022f44b573c4f69a6b69fbcbfeb873e58a35992f9a048e887a4a88b60e,532fdb022f44b573c4f69a6b69fbcbfeb873e58a35992f9a048e887a4a88b60e,PASS
area_02,m_axe_stump,s_mon_axe_stump,CAST_VFX,2,AREA_02_IMAGES_OUTPUT.zip,CAST/002_m_axe_stump_s_mon_axe_stump_CAST_F02.png,CAST/002_m_axe_stump_s_mon_axe_stump_CAST_F02.png,1ef1d114d6a1312994c0add9eed8af1915bd0a986a551945230d968180e41e55,1ef1d114d6a1312994c0add9eed8af1915bd0a986a551945230d968180e41e55,PASS
area_02,m_axe_stump,s_mon_axe_stump,CAST_VFX,3,AREA_02_IMAGES_OUTPUT.zip,CAST/002_m_axe_stump_s_mon_axe_stump_CAST_F03.png,CAST/002_m_axe_stump_s_mon_axe_stump_CAST_F03.png,f62ac75e2f036504192cdc3c2f8b4cbe7ca66c3ce9a8eaa1b01fb752cc378f8f,f62ac75e2f036504192cdc3c2f8b4cbe7ca66c3ce9a8eaa1b01fb752cc378f8f,PASS
area_02,m_axe_stump,s_mon_axe_stump,CAST_VFX,4,AREA_02_IMAGES_OUTPUT.zip,CAST/002_m_axe_stump_s_mon_axe_stump_CAST_F04.png,CAST/002_m_axe_stump_s_mon_axe_stump_CAST_F04.png,a566f006a17d9e8a9b55e61de6f451aa67b34d419405d033f0139bb443b7bb69,a566f006a17d9e8a9b55e61de6f451aa67b34d419405d033f0139bb443b7bb69,PASS
area_02,m_axe_stump,s_mon_axe_stump,CAST_VFX,5,AREA_02_IMAGES_OUTPUT.zip,CAST/002_m_axe_stump_s_mon_axe_stump_CAST_F05.png,CAST/002_m_axe_stump_s_mon_axe_stump_CAST_F05.png,402be16bedba65ac6daa8600635057101cab2bf079c01e831b9d5dc1af98ff27,402be16bedba65ac6daa8600635057101cab2bf079c01e831b9d5dc1af98ff27,PASS
area_02,m_axe_stump,s_mon_axe_stump,CAST_VFX,6,AREA_02_IMAGES_OUTPUT.zip,CAST/002_m_axe_stump_s_mon_axe_stump_CAST_F06.png,CAST/002_m_axe_stump_s_mon_axe_stump_CAST_F06.png,4d7bf53b1614f9fce14fa279b918af202e0174945286088c54d4b137ce338077,4d7bf53b1614f9fce14fa279b918af202e0174945286088c54d4b137ce338077,PASS
area_02,m_axe_stump,s_mon_axe_stump,CAST_VFX,7,AREA_02_IMAGES_OUTPUT.zip,CAST/002_m_axe_stump_s_mon_axe_stump_CAST_F07.png,CAST/002_m_axe_stump_s_mon_axe_stump_CAST_F07.png,cd7a9d9f54a3269fa9da2176b6caeb9698823a43e9a273459e6c02bfe3127d2b,cd7a9d9f54a3269fa9da2176b6caeb9698823a43e9a273459e6c02bfe3127d2b,PASS
area_02,m_dark_axe_stump,s_mon_dark_axe_stump,ICON,0,AREA_02_IMAGES_OUTPUT.zip,ICON/003_m_dark_axe_stump_s_mon_dark_axe_stump_ICON.png,ICON/003_m_dark_axe_stump_s_mon_dark_axe_stump_ICON.png,10719c46c2d26d28db8a0e0fc2a548c2560fa73620c943867a9004badea35545,10719c46c2d26d28db8a0e0fc2a548c2560fa73620c943867a9004badea35545,PASS
area_02,m_dark_axe_stump,s_mon_dark_axe_stump,CAST_VFX,0,AREA_02_IMAGES_OUTPUT.zip,CAST/003_m_dark_axe_stump_s_mon_dark_axe_stump_CAST_F00.png,CAST/003_m_dark_axe_stump_s_mon_dark_axe_stump_CAST_F00.png,6f4b132e8bd9e2b93da0f056fca3bfe0a76e60b6da35af4211cc783f4491b776,6f4b132e8bd9e2b93da0f056fca3bfe0a76e60b6da35af4211cc783f4491b776,PASS
area_02,m_dark_axe_stump,s_mon_dark_axe_stump,CAST_VFX,1,AREA_02_IMAGES_OUTPUT.zip,CAST/003_m_dark_axe_stump_s_mon_dark_axe_stump_CAST_F01.png,CAST/003_m_dark_axe_stump_s_mon_dark_axe_stump_CAST_F01.png,b5b7c234d99532d7bc22d7a65a455a99dc2dc86fc2c56a70228de5f28d7baa9e,b5b7c234d99532d7bc22d7a65a455a99dc2dc86fc2c56a70228de5f28d7baa9e,PASS
area_02,m_dark_axe_stump,s_mon_dark_axe_stump,CAST_VFX,2,AREA_02_IMAGES_OUTPUT.zip,CAST/003_m_dark_axe_stump_s_mon_dark_axe_stump_CAST_F02.png,CAST/003_m_dark_axe_stump_s_mon_dark_axe_stump_CAST_F02.png,fa1afebed8523e5bb1a2cd05b2d47c9edc21fd343922cf0fb6a968042b1160d4,fa1afebed8523e5bb1a2cd05b2d47c9edc21fd343922cf0fb6a968042b1160d4,PASS
area_02,m_dark_axe_stump,s_mon_dark_axe_stump,CAST_VFX,3,AREA_02_IMAGES_OUTPUT.zip,CAST/003_m_dark_axe_stump_s_mon_dark_axe_stump_CAST_F03.png,CAST/003_m_dark_axe_stump_s_mon_dark_axe_stump_CAST_F03.png,0a22e9519a99082b409b8e9a1d8cf0d8b599d29b5d3f711643db4e682f592354,0a22e9519a99082b409b8e9a1d8cf0d8b599d29b5d3f711643db4e682f592354,PASS
area_02,m_dark_axe_stump,s_mon_dark_axe_stump,CAST_VFX,4,AREA_02_IMAGES_OUTPUT.zip,CAST/003_m_dark_axe_stump_s_mon_dark_axe_stump_CAST_F04.png,CAST/003_m_dark_axe_stump_s_mon_dark_axe_stump_CAST_F04.png,4965b08a07c8c76a51c087dd341209a0c25354ea8cf0e37b6dd44eb5418d1668,4965b08a07c8c76a51c087dd341209a0c25354ea8cf0e37b6dd44eb5418d1668,PASS
area_02,m_dark_axe_stump,s_mon_dark_axe_stump,CAST_VFX,5,AREA_02_IMAGES_OUTPUT.zip,CAST/003_m_dark_axe_stump_s_mon_dark_axe_stump_CAST_F05.png,CAST/003_m_dark_axe_stump_s_mon_dark_axe_stump_CAST_F05.png,22a9adef16b49b9818cf31c79010386447eca8e31c4950bec94f2b20d7518991,22a9adef16b49b9818cf31c79010386447eca8e31c4950bec94f2b20d7518991,PASS
area_02,m_dark_axe_stump,s_mon_dark_axe_stump,CAST_VFX,6,AREA_02_IMAGES_OUTPUT.zip,CAST/003_m_dark_axe_stump_s_mon_dark_axe_stump_CAST_F06.png,CAST/003_m_dark_axe_stump_s_mon_dark_axe_stump_CAST_F06.png,6ab38e24811be0fbfe9761c729e10e8b73c869f724153c914454af51d6318e39,6ab38e24811be0fbfe9761c729e10e8b73c869f724153c914454af51d6318e39,PASS
area_02,m_dark_axe_stump,s_mon_dark_axe_stump,CAST_VFX,7,AREA_02_IMAGES_OUTPUT.zip,CAST/003_m_dark_axe_stump_s_mon_dark_axe_stump_CAST_F07.png,CAST/003_m_dark_axe_stump_s_mon_dark_axe_stump_CAST_F07.png,a1d0222911a0a59a696ef242fc49cdfc90009ce0625f2ba885c47892184dd521,a1d0222911a0a59a696ef242fc49cdfc90009ce0625f2ba885c47892184dd521,PASS
area_02,m_wild_boar,s_mon_wild_boar,ICON,0,AREA_02_IMAGES_OUTPUT.zip,ICON/004_m_wild_boar_s_mon_wild_boar_ICON.png,ICON/004_m_wild_boar_s_mon_wild_boar_ICON.png,188f5e83cffd069c055154686055a8c383d81feb5d58efed986da1bedde93203,188f5e83cffd069c055154686055a8c383d81feb5d58efed986da1bedde93203,PASS
area_02,m_wild_boar,s_mon_wild_boar,CAST_VFX,0,AREA_02_IMAGES_OUTPUT.zip,CAST/004_m_wild_boar_s_mon_wild_boar_CAST_F00.png,CAST/004_m_wild_boar_s_mon_wild_boar_CAST_F00.png,a56b3cc73c2f05410446e4b62d421ba7f8e6204743a59a136c5a94ab8d1c891a,a56b3cc73c2f05410446e4b62d421ba7f8e6204743a59a136c5a94ab8d1c891a,PASS
area_02,m_wild_boar,s_mon_wild_boar,CAST_VFX,1,AREA_02_IMAGES_OUTPUT.zip,CAST/004_m_wild_boar_s_mon_wild_boar_CAST_F01.png,CAST/004_m_wild_boar_s_mon_wild_boar_CAST_F01.png,9ed370c0e8297eec14b82f46930a3b1ef3470a3f63229c3d8a65e7d00d1c85d7,9ed370c0e8297eec14b82f46930a3b1ef3470a3f63229c3d8a65e7d00d1c85d7,PASS
area_02,m_wild_boar,s_mon_wild_boar,CAST_VFX,2,AREA_02_IMAGES_OUTPUT.zip,CAST/004_m_wild_boar_s_mon_wild_boar_CAST_F02.png,CAST/004_m_wild_boar_s_mon_wild_boar_CAST_F02.png,6c421a28b3a2aa9a17c112eda51c34e375df7845a9f1490894174f3c77270ac4,6c421a28b3a2aa9a17c112eda51c34e375df7845a9f1490894174f3c77270ac4,PASS
area_02,m_wild_boar,s_mon_wild_boar,CAST_VFX,3,AREA_02_IMAGES_OUTPUT.zip,CAST/004_m_wild_boar_s_mon_wild_boar_CAST_F03.png,CAST/004_m_wild_boar_s_mon_wild_boar_CAST_F03.png,797ff9ede453d61a197c88fd0ff35a7d5c7a809065e08a2dfd21e1e7725b3bb7,797ff9ede453d61a197c88fd0ff35a7d5c7a809065e08a2dfd21e1e7725b3bb7,PASS
area_02,m_wild_boar,s_mon_wild_boar,CAST_VFX,4,AREA_02_IMAGES_OUTPUT.zip,CAST/004_m_wild_boar_s_mon_wild_boar_CAST_F04.png,CAST/004_m_wild_boar_s_mon_wild_boar_CAST_F04.png,b75cb59d6eea0d95e7e6c292ac34e5ed79885b320869d1c2ff16b2bdd8c4c26e,b75cb59d6eea0d95e7e6c292ac34e5ed79885b320869d1c2ff16b2bdd8c4c26e,PASS
area_02,m_wild_boar,s_mon_wild_boar,CAST_VFX,5,AREA_02_IMAGES_OUTPUT.zip,CAST/004_m_wild_boar_s_mon_wild_boar_CAST_F05.png,CAST/004_m_wild_boar_s_mon_wild_boar_CAST_F05.png,9a0c5d4257f7624c8c62c4df571dc3f9cc504613e4fba33dda2a82a12ce9343e,9a0c5d4257f7624c8c62c4df571dc3f9cc504613e4fba33dda2a82a12ce9343e,PASS
area_02,m_wild_boar,s_mon_wild_boar,CAST_VFX,6,AREA_02_IMAGES_OUTPUT.zip,CAST/004_m_wild_boar_s_mon_wild_boar_CAST_F06.png,CAST/004_m_wild_boar_s_mon_wild_boar_CAST_F06.png,fc80d46172986057a9276ea6a59b2eabfd549a5f8b99fcfb444dfb96b84373ba,fc80d46172986057a9276ea6a59b2eabfd549a5f8b99fcfb444dfb96b84373ba,PASS
area_02,m_wild_boar,s_mon_wild_boar,CAST_VFX,7,AREA_02_IMAGES_OUTPUT.zip,CAST/004_m_wild_boar_s_mon_wild_boar_CAST_F07.png,CAST/004_m_wild_boar_s_mon_wild_boar_CAST_F07.png,3a3e3b2b8d3f9c69df227261bdf6e2ec4df8b8e895f5d4b6cf477a0ee984ed84,3a3e3b2b8d3f9c69df227261bdf6e2ec4df8b8e895f5d4b6cf477a0ee984ed84,PASS
area_02,m_iron_hog,s_mon_iron_hog,ICON,0,AREA_02_IMAGES_OUTPUT.zip,ICON/005_m_iron_hog_s_mon_iron_hog_ICON.png,ICON/005_m_iron_hog_s_mon_iron_hog_ICON.png,44ff33bc8734ac38179f12a76b0876cbbbc5ad370abb328aa59bdc7e25ca8d71,44ff33bc8734ac38179f12a76b0876cbbbc5ad370abb328aa59bdc7e25ca8d71,PASS
area_02,m_iron_hog,s_mon_iron_hog,REFERENCE_VFX,0,AREA_02_IMAGES_OUTPUT.zip,REFERENCE/005_m_iron_hog_s_mon_iron_hog_REFERENCE_F00.png,REFERENCE/005_m_iron_hog_s_mon_iron_hog_REFERENCE_F00.png,81f5001913db36c0a48952cadcad7be70b38ade54f1fa20950071dbb220fcd0a,81f5001913db36c0a48952cadcad7be70b38ade54f1fa20950071dbb220fcd0a,PASS
area_02,m_iron_hog,s_mon_iron_hog,REFERENCE_VFX,1,AREA_02_IMAGES_OUTPUT.zip,REFERENCE/005_m_iron_hog_s_mon_iron_hog_REFERENCE_F01.png,REFERENCE/005_m_iron_hog_s_mon_iron_hog_REFERENCE_F01.png,f73b3e0569d1df6909d37457fcce17cedf1b21125395819612342de93cae4c79,f73b3e0569d1df6909d37457fcce17cedf1b21125395819612342de93cae4c79,PASS
area_02,m_iron_hog,s_mon_iron_hog,REFERENCE_VFX,2,AREA_02_IMAGES_OUTPUT.zip,REFERENCE/005_m_iron_hog_s_mon_iron_hog_REFERENCE_F02.png,REFERENCE/005_m_iron_hog_s_mon_iron_hog_REFERENCE_F02.png,8e2ff2b6727e802671a6f9f6455715d25d4ab2b1148f013818093cec70f0731c,8e2ff2b6727e802671a6f9f6455715d25d4ab2b1148f013818093cec70f0731c,PASS
area_02,m_iron_hog,s_mon_iron_hog,REFERENCE_VFX,3,AREA_02_IMAGES_OUTPUT.zip,REFERENCE/005_m_iron_hog_s_mon_iron_hog_REFERENCE_F03.png,REFERENCE/005_m_iron_hog_s_mon_iron_hog_REFERENCE_F03.png,feda6790a3533b4f5a0d46a497a1d5d0b170d8947c925ca3e2018a0fdd1cc96e,feda6790a3533b4f5a0d46a497a1d5d0b170d8947c925ca3e2018a0fdd1cc96e,PASS
area_02,m_iron_hog,s_mon_iron_hog,REFERENCE_VFX,4,AREA_02_IMAGES_OUTPUT.zip,REFERENCE/005_m_iron_hog_s_mon_iron_hog_REFERENCE_F04.png,REFERENCE/005_m_iron_hog_s_mon_iron_hog_REFERENCE_F04.png,3e028b3d91f526fa284701a86a2610efa80a69c811554f6d7bec5c12d8f7a5fd,3e028b3d91f526fa284701a86a2610efa80a69c811554f6d7bec5c12d8f7a5fd,PASS
area_02,m_iron_hog,s_mon_iron_hog,REFERENCE_VFX,5,AREA_02_IMAGES_OUTPUT.zip,REFERENCE/005_m_iron_hog_s_mon_iron_hog_REFERENCE_F05.png,REFERENCE/005_m_iron_hog_s_mon_iron_hog_REFERENCE_F05.png,61a12d71c8837474696f356d2fc3c2e8f92993c02f6d4b090347a8631bc70f47,61a12d71c8837474696f356d2fc3c2e8f92993c02f6d4b090347a8631bc70f47,PASS
area_02,m_skeleton_commander,s_mon_skeleton_commander,ICON,0,AREA_02_IMAGES_OUTPUT.zip,ICON/006_m_skeleton_commander_s_mon_skeleton_commander_ICON.png,ICON/006_m_skeleton_commander_s_mon_skeleton_commander_ICON.png,a0a34c66a6cf1cf185e9dc155fd421db67ce34799eb90b1dff346117a4274817,a0a34c66a6cf1cf185e9dc155fd421db67ce34799eb90b1dff346117a4274817,PASS
area_02,m_skeleton_commander,s_mon_skeleton_commander,CAST_VFX,0,AREA_02_IMAGES_OUTPUT.zip,CAST/006_m_skeleton_commander_s_mon_skeleton_commander_CAST_F00.png,CAST/006_m_skeleton_commander_s_mon_skeleton_commander_CAST_F00.png,a8d8f474c4839269bb658a705d62ae1220e5795cf12ce3d080fe5eb157c7402c,a8d8f474c4839269bb658a705d62ae1220e5795cf12ce3d080fe5eb157c7402c,PASS
area_02,m_skeleton_commander,s_mon_skeleton_commander,CAST_VFX,1,AREA_02_IMAGES_OUTPUT.zip,CAST/006_m_skeleton_commander_s_mon_skeleton_commander_CAST_F01.png,CAST/006_m_skeleton_commander_s_mon_skeleton_commander_CAST_F01.png,7c0e1e7afb0c2e0ce82e8ccbb9d19645351a568b0353442a9dd37f99e105dce7,7c0e1e7afb0c2e0ce82e8ccbb9d19645351a568b0353442a9dd37f99e105dce7,PASS
area_02,m_skeleton_commander,s_mon_skeleton_commander,CAST_VFX,2,AREA_02_IMAGES_OUTPUT.zip,CAST/006_m_skeleton_commander_s_mon_skeleton_commander_CAST_F02.png,CAST/006_m_skeleton_commander_s_mon_skeleton_commander_CAST_F02.png,47bd7bf16a54e65ca54547ef074fcd1cb0dd03916ed01e0509ee01c484fd3307,47bd7bf16a54e65ca54547ef074fcd1cb0dd03916ed01e0509ee01c484fd3307,PASS
area_02,m_skeleton_commander,s_mon_skeleton_commander,CAST_VFX,3,AREA_02_IMAGES_OUTPUT.zip,CAST/006_m_skeleton_commander_s_mon_skeleton_commander_CAST_F03.png,CAST/006_m_skeleton_commander_s_mon_skeleton_commander_CAST_F03.png,87d74c517c6498d37d4df2d9c6998e3583c54cf42b70800275a900eac214390c,87d74c517c6498d37d4df2d9c6998e3583c54cf42b70800275a900eac214390c,PASS
area_02,m_skeleton_commander,s_mon_skeleton_commander,CAST_VFX,4,AREA_02_IMAGES_OUTPUT.zip,CAST/006_m_skeleton_commander_s_mon_skeleton_commander_CAST_F04.png,CAST/006_m_skeleton_commander_s_mon_skeleton_commander_CAST_F04.png,bdc17e7476626bce16715666d8d05eabfa1ef8c0330b65db9f5733acd5d10ae5,bdc17e7476626bce16715666d8d05eabfa1ef8c0330b65db9f5733acd5d10ae5,PASS
area_02,m_skeleton_commander,s_mon_skeleton_commander,CAST_VFX,5,AREA_02_IMAGES_OUTPUT.zip,CAST/006_m_skeleton_commander_s_mon_skeleton_commander_CAST_F05.png,CAST/006_m_skeleton_commander_s_mon_skeleton_commander_CAST_F05.png,e4f7a32778aa9b5a7e5b5cf3f97ea44afb2b5f8aad6d95582e32271d17bf0545,e4f7a32778aa9b5a7e5b5cf3f97ea44afb2b5f8aad6d95582e32271d17bf0545,PASS
area_02,m_skeleton_commander,s_mon_skeleton_commander,CAST_VFX,6,AREA_02_IMAGES_OUTPUT.zip,CAST/006_m_skeleton_commander_s_mon_skeleton_commander_CAST_F06.png,CAST/006_m_skeleton_commander_s_mon_skeleton_commander_CAST_F06.png,88ba0b565d1f65319ade660ad5679bcba55b25a746f49733da8d8c177630b433,88ba0b565d1f65319ade660ad5679bcba55b25a746f49733da8d8c177630b433,PASS
area_02,m_skeleton_commander,s_mon_skeleton_commander,CAST_VFX,7,AREA_02_IMAGES_OUTPUT.zip,CAST/006_m_skeleton_commander_s_mon_skeleton_commander_CAST_F07.png,CAST/006_m_skeleton_commander_s_mon_skeleton_commander_CAST_F07.png,c5b648d9efcdc521b84e436e9ed491f9652f406e20912b312847599efa93e389,c5b648d9efcdc521b84e436e9ed491f9652f406e20912b312847599efa93e389,PASS
area_02,m_fire_boar,s_mon_fire_boar,ICON,0,AREA_02_IMAGES_OUTPUT.zip,ICON/007_m_fire_boar_s_mon_fire_boar_ICON.png,ICON/007_m_fire_boar_s_mon_fire_boar_ICON.png,f222c42163c778a58a4d854c8c251e8e152ee859889546b7d834f39877acd337,f222c42163c778a58a4d854c8c251e8e152ee859889546b7d834f39877acd337,PASS
area_02,m_fire_boar,s_mon_fire_boar,CAST_VFX,0,AREA_02_IMAGES_OUTPUT.zip,CAST/007_m_fire_boar_s_mon_fire_boar_CAST_F00.png,CAST/007_m_fire_boar_s_mon_fire_boar_CAST_F00.png,f033d03d98e284f52edcf65ccf36cc282689d3831153252edd1f475e7a7c5309,f033d03d98e284f52edcf65ccf36cc282689d3831153252edd1f475e7a7c5309,PASS
area_02,m_fire_boar,s_mon_fire_boar,CAST_VFX,1,AREA_02_IMAGES_OUTPUT.zip,CAST/007_m_fire_boar_s_mon_fire_boar_CAST_F01.png,CAST/007_m_fire_boar_s_mon_fire_boar_CAST_F01.png,47e3f0af976296e060b829880e0d83020f89f67cd9eed2a95bf23080d8ad930d,47e3f0af976296e060b829880e0d83020f89f67cd9eed2a95bf23080d8ad930d,PASS
area_02,m_fire_boar,s_mon_fire_boar,CAST_VFX,2,AREA_02_IMAGES_OUTPUT.zip,CAST/007_m_fire_boar_s_mon_fire_boar_CAST_F02.png,CAST/007_m_fire_boar_s_mon_fire_boar_CAST_F02.png,f21da410ab212092b778f9cce6480c494908e9d2bf156175e186507b4f5f5eee,f21da410ab212092b778f9cce6480c494908e9d2bf156175e186507b4f5f5eee,PASS
area_02,m_fire_boar,s_mon_fire_boar,CAST_VFX,3,AREA_02_IMAGES_OUTPUT.zip,CAST/007_m_fire_boar_s_mon_fire_boar_CAST_F03.png,CAST/007_m_fire_boar_s_mon_fire_boar_CAST_F03.png,0d791fb56e161b97168d6fa88f4831d344ae9becf4e9f4a297f4310b794ea643,0d791fb56e161b97168d6fa88f4831d344ae9becf4e9f4a297f4310b794ea643,PASS
area_02,m_fire_boar,s_mon_fire_boar,CAST_VFX,4,AREA_02_IMAGES_OUTPUT.zip,CAST/007_m_fire_boar_s_mon_fire_boar_CAST_F04.png,CAST/007_m_fire_boar_s_mon_fire_boar_CAST_F04.png,e0b21010c4c034049e6dc3bb694c88890aa0330379f86dbceace86b31ce9bd01,e0b21010c4c034049e6dc3bb694c88890aa0330379f86dbceace86b31ce9bd01,PASS
area_02,m_fire_boar,s_mon_fire_boar,CAST_VFX,5,AREA_02_IMAGES_OUTPUT.zip,CAST/007_m_fire_boar_s_mon_fire_boar_CAST_F05.png,CAST/007_m_fire_boar_s_mon_fire_boar_CAST_F05.png,e1485e75760d89738560f31d1e22f3f8bdd58c6bd2f41e01136030d7530082bd,e1485e75760d89738560f31d1e22f3f8bdd58c6bd2f41e01136030d7530082bd,PASS
area_02,m_fire_boar,s_mon_fire_boar,CAST_VFX,6,AREA_02_IMAGES_OUTPUT.zip,CAST/007_m_fire_boar_s_mon_fire_boar_CAST_F06.png,CAST/007_m_fire_boar_s_mon_fire_boar_CAST_F06.png,2c2894cc0aeb1bb9bf5fe74611d341a15bd99c02bff5106b840b91eb719fddb9,2c2894cc0aeb1bb9bf5fe74611d341a15bd99c02bff5106b840b91eb719fddb9,PASS
area_02,m_fire_boar,s_mon_fire_boar,CAST_VFX,7,AREA_02_IMAGES_OUTPUT.zip,CAST/007_m_fire_boar_s_mon_fire_boar_CAST_F07.png,CAST/007_m_fire_boar_s_mon_fire_boar_CAST_F07.png,7b0f408488dca61ff3f8224b1441dec959e72012c8fc0fb4ef923cf443fc675a,7b0f408488dca61ff3f8224b1441dec959e72012c8fc0fb4ef923cf443fc675a,PASS
area_02,m_stumpy,s_mon_stumpy,ICON,0,AREA_02_IMAGES_OUTPUT.zip,ICON/008_m_stumpy_s_mon_stumpy_ICON.png,ICON/008_m_stumpy_s_mon_stumpy_ICON.png,1af317cfab03aac908e1ee3f0995325704ef3def7a8999c70624613cfe3c6b20,1af317cfab03aac908e1ee3f0995325704ef3def7a8999c70624613cfe3c6b20,PASS
area_02,m_stumpy,s_mon_stumpy,PROJECTILE,0,AREA_02_IMAGES_OUTPUT.zip,PROJECTILE/008_m_stumpy_s_mon_stumpy_PROJECTILE_F00.png,PROJECTILE/008_m_stumpy_s_mon_stumpy_PROJECTILE_F00.png,d37510346a1e6ee956c0f28b226cbdd6fc39500ff904f760caf6de0c35a44673,d37510346a1e6ee956c0f28b226cbdd6fc39500ff904f760caf6de0c35a44673,PASS
area_02,m_stumpy,s_mon_stumpy,PROJECTILE,1,AREA_02_IMAGES_OUTPUT.zip,PROJECTILE/008_m_stumpy_s_mon_stumpy_PROJECTILE_F01.png,PROJECTILE/008_m_stumpy_s_mon_stumpy_PROJECTILE_F01.png,137118b16b2cdc0874c79301091ddd8da5e74d87985a806cbb32e1087c3bd628,137118b16b2cdc0874c79301091ddd8da5e74d87985a806cbb32e1087c3bd628,PASS
area_02,m_stumpy,s_mon_stumpy,PROJECTILE,2,AREA_02_IMAGES_OUTPUT.zip,PROJECTILE/008_m_stumpy_s_mon_stumpy_PROJECTILE_F02.png,PROJECTILE/008_m_stumpy_s_mon_stumpy_PROJECTILE_F02.png,f286d9cd4b8e70d007083de1c3232b4c8aa9f82cae96e6f63e26d2b3de6a8f0f,f286d9cd4b8e70d007083de1c3232b4c8aa9f82cae96e6f63e26d2b3de6a8f0f,PASS
area_02,m_stumpy,s_mon_stumpy,PROJECTILE,3,AREA_02_IMAGES_OUTPUT.zip,PROJECTILE/008_m_stumpy_s_mon_stumpy_PROJECTILE_F03.png,PROJECTILE/008_m_stumpy_s_mon_stumpy_PROJECTILE_F03.png,3ed2e4c9284483a2bd5b9e07a88c69b340efc04873c1c2a3c0762c772dc99ae0,3ed2e4c9284483a2bd5b9e07a88c69b340efc04873c1c2a3c0762c772dc99ae0,PASS
area_03,m_slime,s_mon_slime,ICON,0,AREA_03_IMAGES_OUTPUT.zip,monsters/001_m_slime_슬라임/ICON/001_m_slime_s_mon_slime_ICON.png,monsters/001_m_slime_슬라임/ICON/001_m_slime_s_mon_slime_ICON.png,c4deb5eb4a24ea52d0e79ee12d2d9d73156ccc70de448cf5c902f7cfe1470b90,c4deb5eb4a24ea52d0e79ee12d2d9d73156ccc70de448cf5c902f7cfe1470b90,PASS
area_03,m_slime,s_mon_slime,CAST_VFX,0,AREA_03_IMAGES_OUTPUT.zip,monsters/001_m_slime_슬라임/CAST/001_m_slime_s_mon_slime_CAST_F00.png,monsters/001_m_slime_슬라임/CAST/001_m_slime_s_mon_slime_CAST_F00.png,8ea04631a8e2c5dda4644971dff0da46374f0516107a6c4078a22ed49eb84932,8ea04631a8e2c5dda4644971dff0da46374f0516107a6c4078a22ed49eb84932,PASS
area_03,m_slime,s_mon_slime,CAST_VFX,1,AREA_03_IMAGES_OUTPUT.zip,monsters/001_m_slime_슬라임/CAST/001_m_slime_s_mon_slime_CAST_F01.png,monsters/001_m_slime_슬라임/CAST/001_m_slime_s_mon_slime_CAST_F01.png,a77604fc3e50d5c9fdf674f58e6e1c57cb0cf8339b88450916e15c8b1833854c,a77604fc3e50d5c9fdf674f58e6e1c57cb0cf8339b88450916e15c8b1833854c,PASS
area_03,m_slime,s_mon_slime,CAST_VFX,2,AREA_03_IMAGES_OUTPUT.zip,monsters/001_m_slime_슬라임/CAST/001_m_slime_s_mon_slime_CAST_F02.png,monsters/001_m_slime_슬라임/CAST/001_m_slime_s_mon_slime_CAST_F02.png,ede62a4e5c2af755bf5a5bc759b33ab174bc95764b296a2c5bae4bcacd3e8fef,ede62a4e5c2af755bf5a5bc759b33ab174bc95764b296a2c5bae4bcacd3e8fef,PASS
area_03,m_slime,s_mon_slime,CAST_VFX,3,AREA_03_IMAGES_OUTPUT.zip,monsters/001_m_slime_슬라임/CAST/001_m_slime_s_mon_slime_CAST_F03.png,monsters/001_m_slime_슬라임/CAST/001_m_slime_s_mon_slime_CAST_F03.png,7cb6d63a2e7a22ff318eb2349445368849f079f6bfbdcc6b4d85faffe8c388a0,7cb6d63a2e7a22ff318eb2349445368849f079f6bfbdcc6b4d85faffe8c388a0,PASS
area_03,m_slime,s_mon_slime,CAST_VFX,4,AREA_03_IMAGES_OUTPUT.zip,monsters/001_m_slime_슬라임/CAST/001_m_slime_s_mon_slime_CAST_F04.png,monsters/001_m_slime_슬라임/CAST/001_m_slime_s_mon_slime_CAST_F04.png,142c9cb3c8fa789b4879c1ada3acf47e3da5fd019874363eb394a9d6582f3b4b,142c9cb3c8fa789b4879c1ada3acf47e3da5fd019874363eb394a9d6582f3b4b,PASS
area_03,m_slime,s_mon_slime,CAST_VFX,5,AREA_03_IMAGES_OUTPUT.zip,monsters/001_m_slime_슬라임/CAST/001_m_slime_s_mon_slime_CAST_F05.png,monsters/001_m_slime_슬라임/CAST/001_m_slime_s_mon_slime_CAST_F05.png,21fb25a7fd72d26a6b3957326d232c4282d5c2018072a44907d0516d7bee63ca,21fb25a7fd72d26a6b3957326d232c4282d5c2018072a44907d0516d7bee63ca,PASS
area_03,m_slime,s_mon_slime,CAST_VFX,6,AREA_03_IMAGES_OUTPUT.zip,monsters/001_m_slime_슬라임/CAST/001_m_slime_s_mon_slime_CAST_F06.png,monsters/001_m_slime_슬라임/CAST/001_m_slime_s_mon_slime_CAST_F06.png,d39b9691e36c96e2d79d8d1bff5d2168f4938a571b6f56b6a0ec6aa0bd225db3,d39b9691e36c96e2d79d8d1bff5d2168f4938a571b6f56b6a0ec6aa0bd225db3,PASS
area_03,m_slime,s_mon_slime,CAST_VFX,7,AREA_03_IMAGES_OUTPUT.zip,monsters/001_m_slime_슬라임/CAST/001_m_slime_s_mon_slime_CAST_F07.png,monsters/001_m_slime_슬라임/CAST/001_m_slime_s_mon_slime_CAST_F07.png,3ef9a4d717b38c5f0755081303dab9fee17828fd647429da314c8eccb905f348,3ef9a4d717b38c5f0755081303dab9fee17828fd647429da314c8eccb905f348,PASS
area_03,m_dark_stump,s_mon_dark_stump,ICON,0,AREA_03_IMAGES_OUTPUT.zip,monsters/002_m_dark_stump/ICON/002_m_dark_stump_s_mon_dark_stump_ICON.png,ICON/002_m_dark_stump_s_mon_dark_stump_ICON.png,bbb40ccb5e6a5d162cc261967999daa155f14d30bc6f4ab9ffe711658d15acd7,bbb40ccb5e6a5d162cc261967999daa155f14d30bc6f4ab9ffe711658d15acd7,PASS
area_03,m_dark_stump,s_mon_dark_stump,CAST_VFX,0,AREA_03_IMAGES_OUTPUT.zip,monsters/002_m_dark_stump/CAST/002_m_dark_stump_s_mon_dark_stump_CAST_F00.png,CAST/002_m_dark_stump_s_mon_dark_stump_CAST_F00.png,82103610ea85d52562101ff1fe9ea6540a33290a3e735559c092e82190c62765,82103610ea85d52562101ff1fe9ea6540a33290a3e735559c092e82190c62765,PASS
area_03,m_dark_stump,s_mon_dark_stump,CAST_VFX,1,AREA_03_IMAGES_OUTPUT.zip,monsters/002_m_dark_stump/CAST/002_m_dark_stump_s_mon_dark_stump_CAST_F01.png,CAST/002_m_dark_stump_s_mon_dark_stump_CAST_F01.png,fcf41c214b497f8a4f82bb398915c45df27488be887d1f403581381b68c86c94,fcf41c214b497f8a4f82bb398915c45df27488be887d1f403581381b68c86c94,PASS
area_03,m_dark_stump,s_mon_dark_stump,CAST_VFX,2,AREA_03_IMAGES_OUTPUT.zip,monsters/002_m_dark_stump/CAST/002_m_dark_stump_s_mon_dark_stump_CAST_F02.png,CAST/002_m_dark_stump_s_mon_dark_stump_CAST_F02.png,69bbde2f5ae7f1c9c69bca421d05e8f93e0739f554a7f545c27658cf1e11f44f,69bbde2f5ae7f1c9c69bca421d05e8f93e0739f554a7f545c27658cf1e11f44f,PASS
area_03,m_dark_stump,s_mon_dark_stump,CAST_VFX,3,AREA_03_IMAGES_OUTPUT.zip,monsters/002_m_dark_stump/CAST/002_m_dark_stump_s_mon_dark_stump_CAST_F03.png,CAST/002_m_dark_stump_s_mon_dark_stump_CAST_F03.png,8957148a837cf402e69dc212c1b470594602412cbd6bd9f104abaf6980d382fb,8957148a837cf402e69dc212c1b470594602412cbd6bd9f104abaf6980d382fb,PASS
area_03,m_dark_stump,s_mon_dark_stump,CAST_VFX,4,AREA_03_IMAGES_OUTPUT.zip,monsters/002_m_dark_stump/CAST/002_m_dark_stump_s_mon_dark_stump_CAST_F04.png,CAST/002_m_dark_stump_s_mon_dark_stump_CAST_F04.png,481372f600a30d68f9ba3c964608a3f1ff4369a4675bd970a4e40d60a944c083,481372f600a30d68f9ba3c964608a3f1ff4369a4675bd970a4e40d60a944c083,PASS
area_03,m_dark_stump,s_mon_dark_stump,CAST_VFX,5,AREA_03_IMAGES_OUTPUT.zip,monsters/002_m_dark_stump/CAST/002_m_dark_stump_s_mon_dark_stump_CAST_F05.png,CAST/002_m_dark_stump_s_mon_dark_stump_CAST_F05.png,278b58a28b0076a99add1876dc3db35b78cbc558c071e2a9f4eff0c11d058e98,278b58a28b0076a99add1876dc3db35b78cbc558c071e2a9f4eff0c11d058e98,PASS
area_03,m_dark_stump,s_mon_dark_stump,CAST_VFX,6,AREA_03_IMAGES_OUTPUT.zip,monsters/002_m_dark_stump/CAST/002_m_dark_stump_s_mon_dark_stump_CAST_F06.png,CAST/002_m_dark_stump_s_mon_dark_stump_CAST_F06.png,babe9050d68164e2ab44611e1f5492dbd5a3506bfa7cc217955440b831a365fb,babe9050d68164e2ab44611e1f5492dbd5a3506bfa7cc217955440b831a365fb,PASS
area_03,m_dark_stump,s_mon_dark_stump,CAST_VFX,7,AREA_03_IMAGES_OUTPUT.zip,monsters/002_m_dark_stump/CAST/002_m_dark_stump_s_mon_dark_stump_CAST_F07.png,CAST/002_m_dark_stump_s_mon_dark_stump_CAST_F07.png,fc0ccc5fb28f6f8c188a88048bd795972122c432e6704c2da8c8d14df8dfda84,fc0ccc5fb28f6f8c188a88048bd795972122c432e6704c2da8c8d14df8dfda84,PASS
area_03,m_bubbling,s_mon_bubbling,ICON,0,AREA_03_IMAGES_OUTPUT.zip,monsters/003_m_bubbling/ICON/003_m_bubbling_s_mon_bubbling_ICON.png,ICON/003_m_bubbling_s_mon_bubbling_ICON.png,2157f3bd56a919121d9baafce8c3fb49a7ec15c79164ec011101c4947825235e,2157f3bd56a919121d9baafce8c3fb49a7ec15c79164ec011101c4947825235e,PASS
area_03,m_bubbling,s_mon_bubbling,REFERENCE_VFX,0,AREA_03_IMAGES_OUTPUT.zip,monsters/003_m_bubbling/REFERENCE/003_m_bubbling_s_mon_bubbling_REFERENCE_F00.png,REFERENCE/003_m_bubbling_s_mon_bubbling_REFERENCE_F00.png,bc4d0b6f7faa6b5e50e3673a19b08cf2f7c051398947a30044e0e493bb3a0635,bc4d0b6f7faa6b5e50e3673a19b08cf2f7c051398947a30044e0e493bb3a0635,PASS
area_03,m_bubbling,s_mon_bubbling,REFERENCE_VFX,1,AREA_03_IMAGES_OUTPUT.zip,monsters/003_m_bubbling/REFERENCE/003_m_bubbling_s_mon_bubbling_REFERENCE_F01.png,REFERENCE/003_m_bubbling_s_mon_bubbling_REFERENCE_F01.png,747f072c406d833561a8bc694c9c0bc737197ae862cc398d1b7a2565db0c4613,747f072c406d833561a8bc694c9c0bc737197ae862cc398d1b7a2565db0c4613,PASS
area_03,m_bubbling,s_mon_bubbling,REFERENCE_VFX,2,AREA_03_IMAGES_OUTPUT.zip,monsters/003_m_bubbling/REFERENCE/003_m_bubbling_s_mon_bubbling_REFERENCE_F02.png,REFERENCE/003_m_bubbling_s_mon_bubbling_REFERENCE_F02.png,745e7d42f49546d6bf9db78c777816b2b4a6c252e1ee4aacb79f06664d43584e,745e7d42f49546d6bf9db78c777816b2b4a6c252e1ee4aacb79f06664d43584e,PASS
area_03,m_bubbling,s_mon_bubbling,REFERENCE_VFX,3,AREA_03_IMAGES_OUTPUT.zip,monsters/003_m_bubbling/REFERENCE/003_m_bubbling_s_mon_bubbling_REFERENCE_F03.png,REFERENCE/003_m_bubbling_s_mon_bubbling_REFERENCE_F03.png,e8bdfa995f8ef660392f99f552c074580d37e80c612650d5670d7c842f825567,e8bdfa995f8ef660392f99f552c074580d37e80c612650d5670d7c842f825567,PASS
area_03,m_bubbling,s_mon_bubbling,REFERENCE_VFX,4,AREA_03_IMAGES_OUTPUT.zip,monsters/003_m_bubbling/REFERENCE/003_m_bubbling_s_mon_bubbling_REFERENCE_F04.png,REFERENCE/003_m_bubbling_s_mon_bubbling_REFERENCE_F04.png,0ff9972b3f35eeceb39b6ef1069f323562c667c2b511efc270e72ffd8c5c46db,0ff9972b3f35eeceb39b6ef1069f323562c667c2b511efc270e72ffd8c5c46db,PASS
area_03,m_bubbling,s_mon_bubbling,REFERENCE_VFX,5,AREA_03_IMAGES_OUTPUT.zip,monsters/003_m_bubbling/REFERENCE/003_m_bubbling_s_mon_bubbling_REFERENCE_F05.png,REFERENCE/003_m_bubbling_s_mon_bubbling_REFERENCE_F05.png,65698f0114910dbd84ae0644cda3604144d10f6b6eb956a600e105162ad86a46,65698f0114910dbd84ae0644cda3604144d10f6b6eb956a600e105162ad86a46,PASS
area_03,m_fairy,s_mon_fairy,ICON,0,AREA_03_IMAGES_OUTPUT.zip,monsters/004_m_fairy/ICON/004_m_fairy_s_mon_fairy_ICON.png,ICON/004_m_fairy_s_mon_fairy_ICON.png,ea4f73461d0ad3d76c3cfe6b5e53bc23dd7f873765bf1da9313fbea1b9f24d9f,ea4f73461d0ad3d76c3cfe6b5e53bc23dd7f873765bf1da9313fbea1b9f24d9f,PASS
area_03,m_fairy,s_mon_fairy,CAST_VFX,0,AREA_03_IMAGES_OUTPUT.zip,monsters/004_m_fairy/CAST/004_m_fairy_s_mon_fairy_CAST_F00.png,CAST/004_m_fairy_s_mon_fairy_CAST_F00.png,aa9630926ea55a51173782a2a87660495dca42dfca32812d0d42ea70abd8f1d5,aa9630926ea55a51173782a2a87660495dca42dfca32812d0d42ea70abd8f1d5,PASS
area_03,m_fairy,s_mon_fairy,CAST_VFX,1,AREA_03_IMAGES_OUTPUT.zip,monsters/004_m_fairy/CAST/004_m_fairy_s_mon_fairy_CAST_F01.png,CAST/004_m_fairy_s_mon_fairy_CAST_F01.png,a6e934a55099875af3a1b6e1e9c2e976b0a1f68b461ae46efcc1a48dc33c72c3,a6e934a55099875af3a1b6e1e9c2e976b0a1f68b461ae46efcc1a48dc33c72c3,PASS
area_03,m_fairy,s_mon_fairy,CAST_VFX,2,AREA_03_IMAGES_OUTPUT.zip,monsters/004_m_fairy/CAST/004_m_fairy_s_mon_fairy_CAST_F02.png,CAST/004_m_fairy_s_mon_fairy_CAST_F02.png,9516ebd329c698e5fb050daaaf2190ff5600963913da04018c6c3c7e7c2b5f91,9516ebd329c698e5fb050daaaf2190ff5600963913da04018c6c3c7e7c2b5f91,PASS
area_03,m_fairy,s_mon_fairy,CAST_VFX,3,AREA_03_IMAGES_OUTPUT.zip,monsters/004_m_fairy/CAST/004_m_fairy_s_mon_fairy_CAST_F03.png,CAST/004_m_fairy_s_mon_fairy_CAST_F03.png,3bf2f933b1eea3dc62e9270e5de2f670a45d27e86d45bd7a0881ff9a549f15bf,3bf2f933b1eea3dc62e9270e5de2f670a45d27e86d45bd7a0881ff9a549f15bf,PASS
area_03,m_fairy,s_mon_fairy,CAST_VFX,4,AREA_03_IMAGES_OUTPUT.zip,monsters/004_m_fairy/CAST/004_m_fairy_s_mon_fairy_CAST_F04.png,CAST/004_m_fairy_s_mon_fairy_CAST_F04.png,a0627a07d4aeeb6e607c1fd7feae1ee7d9be5f8869374caaac2d8cbb83b25459,a0627a07d4aeeb6e607c1fd7feae1ee7d9be5f8869374caaac2d8cbb83b25459,PASS
area_03,m_fairy,s_mon_fairy,CAST_VFX,5,AREA_03_IMAGES_OUTPUT.zip,monsters/004_m_fairy/CAST/004_m_fairy_s_mon_fairy_CAST_F05.png,CAST/004_m_fairy_s_mon_fairy_CAST_F05.png,5a067022604a813df6fa4f1d97dedfee24ddd923243804151f2903434b6c86a3,5a067022604a813df6fa4f1d97dedfee24ddd923243804151f2903434b6c86a3,PASS
area_03,m_fairy,s_mon_fairy,CAST_VFX,6,AREA_03_IMAGES_OUTPUT.zip,monsters/004_m_fairy/CAST/004_m_fairy_s_mon_fairy_CAST_F06.png,CAST/004_m_fairy_s_mon_fairy_CAST_F06.png,54eb8ad24de6bba7baf6c40830b1ccac20e6a244b7c6d25517baac102ff0995a,54eb8ad24de6bba7baf6c40830b1ccac20e6a244b7c6d25517baac102ff0995a,PASS
area_03,m_fairy,s_mon_fairy,CAST_VFX,7,AREA_03_IMAGES_OUTPUT.zip,monsters/004_m_fairy/CAST/004_m_fairy_s_mon_fairy_CAST_F07.png,CAST/004_m_fairy_s_mon_fairy_CAST_F07.png,64a6573309f52513702592da1d798e13d9e107f6ba51e36589a59f235bcc4879,64a6573309f52513702592da1d798e13d9e107f6ba51e36589a59f235bcc4879,PASS
area_03,m_faust,s_mon_faust,ICON,0,AREA_03_IMAGES_OUTPUT.zip,monsters/005_m_faust/ICON/005_m_faust_s_mon_faust_ICON.png,ICON/005_m_faust_s_mon_faust_ICON.png,063c48823259a1ba7a4b32bba756cb62e15a30f1f4ee25ac3c7fa80eb444eb1f,063c48823259a1ba7a4b32bba756cb62e15a30f1f4ee25ac3c7fa80eb444eb1f,PASS
area_03,m_faust,s_mon_faust,CAST_VFX,0,AREA_03_IMAGES_OUTPUT.zip,monsters/005_m_faust/CAST/005_m_faust_s_mon_faust_CAST_F00.png,CAST/005_m_faust_s_mon_faust_CAST_F00.png,e3456ecddc44b299beb6e9cfaeed9f5e572326069bda99e7189ac4b39e6951a2,e3456ecddc44b299beb6e9cfaeed9f5e572326069bda99e7189ac4b39e6951a2,PASS
area_03,m_faust,s_mon_faust,CAST_VFX,1,AREA_03_IMAGES_OUTPUT.zip,monsters/005_m_faust/CAST/005_m_faust_s_mon_faust_CAST_F01.png,CAST/005_m_faust_s_mon_faust_CAST_F01.png,5c378add58cfd51603f596cc9eb81ab0cf861d75d752854d217981c2e3d50a2d,5c378add58cfd51603f596cc9eb81ab0cf861d75d752854d217981c2e3d50a2d,PASS
area_03,m_faust,s_mon_faust,CAST_VFX,2,AREA_03_IMAGES_OUTPUT.zip,monsters/005_m_faust/CAST/005_m_faust_s_mon_faust_CAST_F02.png,CAST/005_m_faust_s_mon_faust_CAST_F02.png,bd964a72e82b7ec1585a971b14f559443f4a7bd38d48c27b53e529052d29af92,bd964a72e82b7ec1585a971b14f559443f4a7bd38d48c27b53e529052d29af92,PASS
area_03,m_faust,s_mon_faust,CAST_VFX,3,AREA_03_IMAGES_OUTPUT.zip,monsters/005_m_faust/CAST/005_m_faust_s_mon_faust_CAST_F03.png,CAST/005_m_faust_s_mon_faust_CAST_F03.png,bcddf83bb60bc0fbb5f4760e19bc8374999245b4370ab8700d493d1dfece2167,bcddf83bb60bc0fbb5f4760e19bc8374999245b4370ab8700d493d1dfece2167,PASS
area_03,m_faust,s_mon_faust,CAST_VFX,4,AREA_03_IMAGES_OUTPUT.zip,monsters/005_m_faust/CAST/005_m_faust_s_mon_faust_CAST_F04.png,CAST/005_m_faust_s_mon_faust_CAST_F04.png,308c73f79222eb35e2916a9b298469034b2b433b2ed0761a803c4d3e7224552f,308c73f79222eb35e2916a9b298469034b2b433b2ed0761a803c4d3e7224552f,PASS
area_03,m_faust,s_mon_faust,CAST_VFX,5,AREA_03_IMAGES_OUTPUT.zip,monsters/005_m_faust/CAST/005_m_faust_s_mon_faust_CAST_F05.png,CAST/005_m_faust_s_mon_faust_CAST_F05.png,142890544b2c10d176fd00471ca431cdf715e4b537668fc2b7c27dd43913df9c,142890544b2c10d176fd00471ca431cdf715e4b537668fc2b7c27dd43913df9c,PASS
area_03,m_faust,s_mon_faust,CAST_VFX,6,AREA_03_IMAGES_OUTPUT.zip,monsters/005_m_faust/CAST/005_m_faust_s_mon_faust_CAST_F06.png,CAST/005_m_faust_s_mon_faust_CAST_F06.png,02261c0056a2e6c0194107ffd84ffd6a78c9fd56d1fa08fb454811a1f092f0bc,02261c0056a2e6c0194107ffd84ffd6a78c9fd56d1fa08fb454811a1f092f0bc,PASS
area_03,m_faust,s_mon_faust,CAST_VFX,7,AREA_03_IMAGES_OUTPUT.zip,monsters/005_m_faust/CAST/005_m_faust_s_mon_faust_CAST_F07.png,CAST/005_m_faust_s_mon_faust_CAST_F07.png,9039347d6b8155a2c04d03fa16cb0171137becb51b451de64af74d7204ce394d,9039347d6b8155a2c04d03fa16cb0171137becb51b451de64af74d7204ce394d,PASS
area_03,m_faust,s_mon_faust,CAST_VFX,8,AREA_03_IMAGES_OUTPUT.zip,monsters/005_m_faust/CAST/005_m_faust_s_mon_faust_CAST_F08.png,CAST/005_m_faust_s_mon_faust_CAST_F08.png,89d1a6d274696d0a3642f3c01c82395611b38171ea6b696e99c3fb158d1cea3a,89d1a6d274696d0a3642f3c01c82395611b38171ea6b696e99c3fb158d1cea3a,PASS
area_03,m_faust,s_mon_faust,CAST_VFX,9,AREA_03_IMAGES_OUTPUT.zip,monsters/005_m_faust/CAST/005_m_faust_s_mon_faust_CAST_F09.png,CAST/005_m_faust_s_mon_faust_CAST_F09.png,9aaa892eaed61fb12f0c40faed4e68fe11255e15ce7b7c12fcb0e293d3374f46,9aaa892eaed61fb12f0c40faed4e68fe11255e15ce7b7c12fcb0e293d3374f46,PASS
area_03,m_faust,s_mon_faust,CAST_VFX,10,AREA_03_IMAGES_OUTPUT.zip,monsters/005_m_faust/CAST/005_m_faust_s_mon_faust_CAST_F10.png,CAST/005_m_faust_s_mon_faust_CAST_F10.png,8c0e9a1e5ce4b6e72c3fbe7609a6dc030b95bd5a9b762ad580e6909b55253e6c,8c0e9a1e5ce4b6e72c3fbe7609a6dc030b95bd5a9b762ad580e6909b55253e6c,PASS
area_03,m_faust,s_mon_faust,CAST_VFX,11,AREA_03_IMAGES_OUTPUT.zip,monsters/005_m_faust/CAST/005_m_faust_s_mon_faust_CAST_F11.png,CAST/005_m_faust_s_mon_faust_CAST_F11.png,cab2f041b58bbf3c9ad9f24cf764e711226c4854b95797d27c8587bdb971f828,cab2f041b58bbf3c9ad9f24cf764e711226c4854b95797d27c8587bdb971f828,PASS
area_03,m_faust,s_mon_faust,PROJECTILE,0,AREA_03_IMAGES_OUTPUT.zip,monsters/005_m_faust/PROJECTILE/005_m_faust_s_mon_faust_PROJECTILE_F00.png,PROJECTILE/005_m_faust_s_mon_faust_PROJECTILE_F00.png,d43769fdfac4284c0a9f416b1b1230d4ed292a8ed5e61bdbb23d0abb1f1a392d,d43769fdfac4284c0a9f416b1b1230d4ed292a8ed5e61bdbb23d0abb1f1a392d,PASS
area_03,m_faust,s_mon_faust,PROJECTILE,1,AREA_03_IMAGES_OUTPUT.zip,monsters/005_m_faust/PROJECTILE/005_m_faust_s_mon_faust_PROJECTILE_F01.png,PROJECTILE/005_m_faust_s_mon_faust_PROJECTILE_F01.png,dead1550c379880003ab12f3970b0f1aff79e262701af786b3a940ddc60d14ca,dead1550c379880003ab12f3970b0f1aff79e262701af786b3a940ddc60d14ca,PASS
area_03,m_faust,s_mon_faust,PROJECTILE,2,AREA_03_IMAGES_OUTPUT.zip,monsters/005_m_faust/PROJECTILE/005_m_faust_s_mon_faust_PROJECTILE_F02.png,PROJECTILE/005_m_faust_s_mon_faust_PROJECTILE_F02.png,2f6094c288a4c4ba480b14f952593b9db41741f5b61e7894d6445236fa3f3ff9,2f6094c288a4c4ba480b14f952593b9db41741f5b61e7894d6445236fa3f3ff9,PASS
area_03,m_faust,s_mon_faust,PROJECTILE,3,AREA_03_IMAGES_OUTPUT.zip,monsters/005_m_faust/PROJECTILE/005_m_faust_s_mon_faust_PROJECTILE_F03.png,PROJECTILE/005_m_faust_s_mon_faust_PROJECTILE_F03.png,2fcb4826d38e496b58fd3b3bef97eb2b9401106e33a8cc8bd97ff409deb80deb,2fcb4826d38e496b58fd3b3bef97eb2b9401106e33a8cc8bd97ff409deb80deb,PASS
area_04,m_octopus,s_mon_octopus,ICON,0,AREA_04_IMAGES_OUTPUT.zip,ICON/001_m_octopus_s_mon_octopus_ICON.png,ICON/001_m_octopus_s_mon_octopus_ICON.png,731648dd246ed4f18e896c23e43ea0cb7ca7416f9c74d33edaedd3c651a58fed,731648dd246ed4f18e896c23e43ea0cb7ca7416f9c74d33edaedd3c651a58fed,PASS
area_04,m_octopus,s_mon_octopus,CAST_VFX,0,AREA_04_IMAGES_OUTPUT.zip,CAST/001_m_octopus_s_mon_octopus_CAST_F00.png,CAST/001_m_octopus_s_mon_octopus_CAST_F00.png,8e143b360ed09f195058a22c0e641ff33188d78dc39234a65851b1731f3e72bd,8e143b360ed09f195058a22c0e641ff33188d78dc39234a65851b1731f3e72bd,PASS
area_04,m_octopus,s_mon_octopus,CAST_VFX,1,AREA_04_IMAGES_OUTPUT.zip,CAST/001_m_octopus_s_mon_octopus_CAST_F01.png,CAST/001_m_octopus_s_mon_octopus_CAST_F01.png,f6cf8d5939a130b382065a1bc8884ae344ba3828937cc666e72f772e923a4dc8,f6cf8d5939a130b382065a1bc8884ae344ba3828937cc666e72f772e923a4dc8,PASS
area_04,m_octopus,s_mon_octopus,CAST_VFX,2,AREA_04_IMAGES_OUTPUT.zip,CAST/001_m_octopus_s_mon_octopus_CAST_F02.png,CAST/001_m_octopus_s_mon_octopus_CAST_F02.png,c11b0913552065766a202cd91070f64c00fad3419ce4cf9b3a226203900c8d20,c11b0913552065766a202cd91070f64c00fad3419ce4cf9b3a226203900c8d20,PASS
area_04,m_octopus,s_mon_octopus,CAST_VFX,3,AREA_04_IMAGES_OUTPUT.zip,CAST/001_m_octopus_s_mon_octopus_CAST_F03.png,CAST/001_m_octopus_s_mon_octopus_CAST_F03.png,b47f4e96975de260ad729bdb34d3fb1f8eade75e55515de888081a52705e30e4,b47f4e96975de260ad729bdb34d3fb1f8eade75e55515de888081a52705e30e4,PASS
area_04,m_octopus,s_mon_octopus,CAST_VFX,4,AREA_04_IMAGES_OUTPUT.zip,CAST/001_m_octopus_s_mon_octopus_CAST_F04.png,CAST/001_m_octopus_s_mon_octopus_CAST_F04.png,967250226112e7ba279b6395456becf80907e70bfeefac6c1df965cd27021cab,967250226112e7ba279b6395456becf80907e70bfeefac6c1df965cd27021cab,PASS
area_04,m_octopus,s_mon_octopus,CAST_VFX,5,AREA_04_IMAGES_OUTPUT.zip,CAST/001_m_octopus_s_mon_octopus_CAST_F05.png,CAST/001_m_octopus_s_mon_octopus_CAST_F05.png,41e755d9cca0190cec1e3a74c81332612fce145ea3bb912dbda879ced3efd29f,41e755d9cca0190cec1e3a74c81332612fce145ea3bb912dbda879ced3efd29f,PASS
area_04,m_octopus,s_mon_octopus,CAST_VFX,6,AREA_04_IMAGES_OUTPUT.zip,CAST/001_m_octopus_s_mon_octopus_CAST_F06.png,CAST/001_m_octopus_s_mon_octopus_CAST_F06.png,13427113c3d23d44f4bbdeb8088e167dac8420f0342dc25b2b2db0b717f0920e,13427113c3d23d44f4bbdeb8088e167dac8420f0342dc25b2b2db0b717f0920e,PASS
area_04,m_octopus,s_mon_octopus,CAST_VFX,7,AREA_04_IMAGES_OUTPUT.zip,CAST/001_m_octopus_s_mon_octopus_CAST_F07.png,CAST/001_m_octopus_s_mon_octopus_CAST_F07.png,3afed08fbb9d7f4aa1beed91bb84596127be5eedf41d31e99d639b10e8795072,3afed08fbb9d7f4aa1beed91bb84596127be5eedf41d31e99d639b10e8795072,PASS
area_04,m_stirge,s_mon_stirge,ICON,0,AREA_04_IMAGES_OUTPUT.zip,ICON/002_m_stirge_s_mon_stirge_ICON.png,ICON/002_m_stirge_s_mon_stirge_ICON.png,abd16166cad027da5ad72f692972bca8edfc98c71982326c44a64f332897fcab,abd16166cad027da5ad72f692972bca8edfc98c71982326c44a64f332897fcab,PASS
area_04,m_stirge,s_mon_stirge,REFERENCE_VFX,0,AREA_04_IMAGES_OUTPUT.zip,REFERENCE/002_m_stirge_s_mon_stirge_REFERENCE_F00.png,REFERENCE/002_m_stirge_s_mon_stirge_REFERENCE_F00.png,52ff12260aad1d05e5f2c25039c26c1f5c055571e209eca0185e1fb698f76150,52ff12260aad1d05e5f2c25039c26c1f5c055571e209eca0185e1fb698f76150,PASS
area_04,m_stirge,s_mon_stirge,REFERENCE_VFX,1,AREA_04_IMAGES_OUTPUT.zip,REFERENCE/002_m_stirge_s_mon_stirge_REFERENCE_F01.png,REFERENCE/002_m_stirge_s_mon_stirge_REFERENCE_F01.png,2529d6c144289bb373ae196fca05b68f36264c3901350f86b0ed98793780caa8,2529d6c144289bb373ae196fca05b68f36264c3901350f86b0ed98793780caa8,PASS
area_04,m_stirge,s_mon_stirge,REFERENCE_VFX,2,AREA_04_IMAGES_OUTPUT.zip,REFERENCE/002_m_stirge_s_mon_stirge_REFERENCE_F02.png,REFERENCE/002_m_stirge_s_mon_stirge_REFERENCE_F02.png,da363ae7010558f3dd4d1ccea943f7be2070b4ec9b7c418e8d224973e2d2a777,da363ae7010558f3dd4d1ccea943f7be2070b4ec9b7c418e8d224973e2d2a777,PASS
area_04,m_stirge,s_mon_stirge,REFERENCE_VFX,3,AREA_04_IMAGES_OUTPUT.zip,REFERENCE/002_m_stirge_s_mon_stirge_REFERENCE_F03.png,REFERENCE/002_m_stirge_s_mon_stirge_REFERENCE_F03.png,97a16413f293d76c892275aee3693640592e7a9ae8a04ac32bd6ac97e5c83ba0,97a16413f293d76c892275aee3693640592e7a9ae8a04ac32bd6ac97e5c83ba0,PASS
area_04,m_stirge,s_mon_stirge,REFERENCE_VFX,4,AREA_04_IMAGES_OUTPUT.zip,REFERENCE/002_m_stirge_s_mon_stirge_REFERENCE_F04.png,REFERENCE/002_m_stirge_s_mon_stirge_REFERENCE_F04.png,16fa2d473031301ed02cf6dfc713bb3022d6b45f80dee7946ac5fe5814557c85,16fa2d473031301ed02cf6dfc713bb3022d6b45f80dee7946ac5fe5814557c85,PASS
area_04,m_stirge,s_mon_stirge,REFERENCE_VFX,5,AREA_04_IMAGES_OUTPUT.zip,REFERENCE/002_m_stirge_s_mon_stirge_REFERENCE_F05.png,REFERENCE/002_m_stirge_s_mon_stirge_REFERENCE_F05.png,0911bc0d3386b18bab416823d44eac8ac6e14442e05494f71029a07ca0f97fc9,0911bc0d3386b18bab416823d44eac8ac6e14442e05494f71029a07ca0f97fc9,PASS
area_04,m_jr_wraith,s_mon_jr_wraith,ICON,0,AREA_04_IMAGES_OUTPUT.zip,ICON/003_m_jr_wraith_s_mon_jr_wraith_ICON.png,ICON/003_m_jr_wraith_s_mon_jr_wraith_ICON.png,19db9bdea0c9b2c09c90121ed0d823e7422cd06c3f9999ad0e67591dd04af184,19db9bdea0c9b2c09c90121ed0d823e7422cd06c3f9999ad0e67591dd04af184,PASS
area_04,m_jr_wraith,s_mon_jr_wraith,CAST_VFX,0,AREA_04_IMAGES_OUTPUT.zip,CAST/003_m_jr_wraith_s_mon_jr_wraith_CAST_F00.png,CAST/003_m_jr_wraith_s_mon_jr_wraith_CAST_F00.png,92f2e1fbcf12ed514f16e6259ef5225fc6bc30f110efbbe98bdcbe0c09cf8192,92f2e1fbcf12ed514f16e6259ef5225fc6bc30f110efbbe98bdcbe0c09cf8192,PASS
area_04,m_jr_wraith,s_mon_jr_wraith,CAST_VFX,1,AREA_04_IMAGES_OUTPUT.zip,CAST/003_m_jr_wraith_s_mon_jr_wraith_CAST_F01.png,CAST/003_m_jr_wraith_s_mon_jr_wraith_CAST_F01.png,14e50eeabf04435920cf6785a3f96d5b02ca0090a5f76060e3d8fa92643e1159,14e50eeabf04435920cf6785a3f96d5b02ca0090a5f76060e3d8fa92643e1159,PASS
area_04,m_jr_wraith,s_mon_jr_wraith,CAST_VFX,2,AREA_04_IMAGES_OUTPUT.zip,CAST/003_m_jr_wraith_s_mon_jr_wraith_CAST_F02.png,CAST/003_m_jr_wraith_s_mon_jr_wraith_CAST_F02.png,d203cdda070479f1b02990c60fb4acadec9e1f3397bbb15beb703408fac8a23a,d203cdda070479f1b02990c60fb4acadec9e1f3397bbb15beb703408fac8a23a,PASS
area_04,m_jr_wraith,s_mon_jr_wraith,CAST_VFX,3,AREA_04_IMAGES_OUTPUT.zip,CAST/003_m_jr_wraith_s_mon_jr_wraith_CAST_F03.png,CAST/003_m_jr_wraith_s_mon_jr_wraith_CAST_F03.png,ac9f58408a5f656e9ce1eadff3f76cc439126fcd0d7f2835d15287c2f7b1358f,ac9f58408a5f656e9ce1eadff3f76cc439126fcd0d7f2835d15287c2f7b1358f,PASS
area_04,m_jr_wraith,s_mon_jr_wraith,CAST_VFX,4,AREA_04_IMAGES_OUTPUT.zip,CAST/003_m_jr_wraith_s_mon_jr_wraith_CAST_F04.png,CAST/003_m_jr_wraith_s_mon_jr_wraith_CAST_F04.png,dc82e116d5b54b865347d50e117e5d477b5382dc6fde24eab768399ff283f7a2,dc82e116d5b54b865347d50e117e5d477b5382dc6fde24eab768399ff283f7a2,PASS
area_04,m_jr_wraith,s_mon_jr_wraith,CAST_VFX,5,AREA_04_IMAGES_OUTPUT.zip,CAST/003_m_jr_wraith_s_mon_jr_wraith_CAST_F05.png,CAST/003_m_jr_wraith_s_mon_jr_wraith_CAST_F05.png,b9a9d38fb24f25cf02ace4207ccdb3014920b2bddf80479b4af4fe3f04d11da9,b9a9d38fb24f25cf02ace4207ccdb3014920b2bddf80479b4af4fe3f04d11da9,PASS
area_04,m_jr_wraith,s_mon_jr_wraith,CAST_VFX,6,AREA_04_IMAGES_OUTPUT.zip,CAST/003_m_jr_wraith_s_mon_jr_wraith_CAST_F06.png,CAST/003_m_jr_wraith_s_mon_jr_wraith_CAST_F06.png,6685b20a4a8aff654a25abfe2c580140694f5308327cc384ac09588083c30ddf,6685b20a4a8aff654a25abfe2c580140694f5308327cc384ac09588083c30ddf,PASS
area_04,m_jr_wraith,s_mon_jr_wraith,CAST_VFX,7,AREA_04_IMAGES_OUTPUT.zip,CAST/003_m_jr_wraith_s_mon_jr_wraith_CAST_F07.png,CAST/003_m_jr_wraith_s_mon_jr_wraith_CAST_F07.png,882572e406e190ff4c3246678f1adb143699a7d037973ef9f47d9f02690be02d,882572e406e190ff4c3246678f1adb143699a7d037973ef9f47d9f02690be02d,PASS
area_04,m_wraith,s_mon_wraith,ICON,0,AREA_04_IMAGES_OUTPUT.zip,ICON/004_m_wraith_s_mon_wraith_ICON.png,ICON/004_m_wraith_s_mon_wraith_ICON.png,d6264b1fe76138b602b782e040d4266acc676d64393b1083583cccfb2524a176,d6264b1fe76138b602b782e040d4266acc676d64393b1083583cccfb2524a176,PASS
area_04,m_wraith,s_mon_wraith,REFERENCE_VFX,0,AREA_04_IMAGES_OUTPUT.zip,REFERENCE/004_m_wraith_s_mon_wraith_REFERENCE_F00.png,REFERENCE/004_m_wraith_s_mon_wraith_REFERENCE_F00.png,505d3cd3890e8e922c64c8b0fbc8c24e9bd9d2c30573ec51d77598c81ba60365,505d3cd3890e8e922c64c8b0fbc8c24e9bd9d2c30573ec51d77598c81ba60365,PASS
area_04,m_wraith,s_mon_wraith,REFERENCE_VFX,1,AREA_04_IMAGES_OUTPUT.zip,REFERENCE/004_m_wraith_s_mon_wraith_REFERENCE_F01.png,REFERENCE/004_m_wraith_s_mon_wraith_REFERENCE_F01.png,55c8894c7ce987f085ab25d155360b1e2ef4d7140369d6afb9ec2a9ae7c67b05,55c8894c7ce987f085ab25d155360b1e2ef4d7140369d6afb9ec2a9ae7c67b05,PASS
area_04,m_wraith,s_mon_wraith,REFERENCE_VFX,2,AREA_04_IMAGES_OUTPUT.zip,REFERENCE/004_m_wraith_s_mon_wraith_REFERENCE_F02.png,REFERENCE/004_m_wraith_s_mon_wraith_REFERENCE_F02.png,07783623989639287f7d6c1c310ed8b3ca3b8cc606bd081feb3db81036c81485,07783623989639287f7d6c1c310ed8b3ca3b8cc606bd081feb3db81036c81485,PASS
area_04,m_wraith,s_mon_wraith,REFERENCE_VFX,3,AREA_04_IMAGES_OUTPUT.zip,REFERENCE/004_m_wraith_s_mon_wraith_REFERENCE_F03.png,REFERENCE/004_m_wraith_s_mon_wraith_REFERENCE_F03.png,55373e17532374e4b1d6a2f0bfbf582313c88fc65b770336c5e11567f586234a,55373e17532374e4b1d6a2f0bfbf582313c88fc65b770336c5e11567f586234a,PASS
area_04,m_wraith,s_mon_wraith,REFERENCE_VFX,4,AREA_04_IMAGES_OUTPUT.zip,REFERENCE/004_m_wraith_s_mon_wraith_REFERENCE_F04.png,REFERENCE/004_m_wraith_s_mon_wraith_REFERENCE_F04.png,455b3309540a8ae07469f5ff2a0b3d0232053963a2aaac7978b0eb1e9cce61c3,455b3309540a8ae07469f5ff2a0b3d0232053963a2aaac7978b0eb1e9cce61c3,PASS
area_04,m_wraith,s_mon_wraith,REFERENCE_VFX,5,AREA_04_IMAGES_OUTPUT.zip,REFERENCE/004_m_wraith_s_mon_wraith_REFERENCE_F05.png,REFERENCE/004_m_wraith_s_mon_wraith_REFERENCE_F05.png,ad7a0f3b7f891d899801bf249e759fd94f101fee5b741bf1cf7f9491e9e72b70,ad7a0f3b7f891d899801bf249e759fd94f101fee5b741bf1cf7f9491e9e72b70,PASS
area_04,m_shade,s_mon_shade,ICON,0,AREA_04_IMAGES_OUTPUT.zip,ICON/005_m_shade_s_mon_shade_ICON.png,ICON/005_m_shade_s_mon_shade_ICON.png,e0d4d72c7f912f4c35e79ba8122b9d0c5c90d200ca8b2f87a5291aef6f7659da,e0d4d72c7f912f4c35e79ba8122b9d0c5c90d200ca8b2f87a5291aef6f7659da,PASS
area_04,m_shade,s_mon_shade,CAST_VFX,0,AREA_04_IMAGES_OUTPUT.zip,CAST/005_m_shade_s_mon_shade_CAST_F00.png,CAST/005_m_shade_s_mon_shade_CAST_F00.png,781268c9543741895b4ac1b687bfec23fb7eef266a2d3467e7b9b90c17725c39,781268c9543741895b4ac1b687bfec23fb7eef266a2d3467e7b9b90c17725c39,PASS
area_04,m_shade,s_mon_shade,CAST_VFX,1,AREA_04_IMAGES_OUTPUT.zip,CAST/005_m_shade_s_mon_shade_CAST_F01.png,CAST/005_m_shade_s_mon_shade_CAST_F01.png,e0f49a52a6ae26160094a2450f12adf6b39e48d0de969f7d83e1378fc70fd11f,e0f49a52a6ae26160094a2450f12adf6b39e48d0de969f7d83e1378fc70fd11f,PASS
area_04,m_shade,s_mon_shade,CAST_VFX,2,AREA_04_IMAGES_OUTPUT.zip,CAST/005_m_shade_s_mon_shade_CAST_F02.png,CAST/005_m_shade_s_mon_shade_CAST_F02.png,d0a0b2cc3cba720945008bbc3af581b9a43967380b4fb2668e6ab1e05572b0ae,d0a0b2cc3cba720945008bbc3af581b9a43967380b4fb2668e6ab1e05572b0ae,PASS
area_04,m_shade,s_mon_shade,CAST_VFX,3,AREA_04_IMAGES_OUTPUT.zip,CAST/005_m_shade_s_mon_shade_CAST_F03.png,CAST/005_m_shade_s_mon_shade_CAST_F03.png,86cb23718edd7f3ba8349175270a0535640b9d0d1574e58bd29f632ca8dec299,86cb23718edd7f3ba8349175270a0535640b9d0d1574e58bd29f632ca8dec299,PASS
area_04,m_shade,s_mon_shade,CAST_VFX,4,AREA_04_IMAGES_OUTPUT.zip,CAST/005_m_shade_s_mon_shade_CAST_F04.png,CAST/005_m_shade_s_mon_shade_CAST_F04.png,a11133a65d0c6076244c5adf41bade9f9b5125b4b5a8cab6a474ac9370840942,a11133a65d0c6076244c5adf41bade9f9b5125b4b5a8cab6a474ac9370840942,PASS
area_04,m_shade,s_mon_shade,CAST_VFX,5,AREA_04_IMAGES_OUTPUT.zip,CAST/005_m_shade_s_mon_shade_CAST_F05.png,CAST/005_m_shade_s_mon_shade_CAST_F05.png,4051d917837e72681b0ebb9f68adda22f26ec741b6e4f96465cea2222b5a8a06,4051d917837e72681b0ebb9f68adda22f26ec741b6e4f96465cea2222b5a8a06,PASS
area_04,m_shade,s_mon_shade,CAST_VFX,6,AREA_04_IMAGES_OUTPUT.zip,CAST/005_m_shade_s_mon_shade_CAST_F06.png,CAST/005_m_shade_s_mon_shade_CAST_F06.png,51225016e8ec386f3f179688ad2520b2a6966bbc5f96ccc24bc6d4baa09fc117,51225016e8ec386f3f179688ad2520b2a6966bbc5f96ccc24bc6d4baa09fc117,PASS
area_04,m_shade,s_mon_shade,CAST_VFX,7,AREA_04_IMAGES_OUTPUT.zip,CAST/005_m_shade_s_mon_shade_CAST_F07.png,CAST/005_m_shade_s_mon_shade_CAST_F07.png,7999775621a360936b2fb836f61daf29c5c2affd1282f4390e56a9966c32e260,7999775621a360936b2fb836f61daf29c5c2affd1282f4390e56a9966c32e260,PASS
area_04,m_shade,s_mon_shade,CAST_VFX,8,AREA_04_IMAGES_OUTPUT.zip,CAST/005_m_shade_s_mon_shade_CAST_F08.png,CAST/005_m_shade_s_mon_shade_CAST_F08.png,42bec9371533fa001c10a74a364edc7fdca495572ed53a5dcb468610c74bad80,42bec9371533fa001c10a74a364edc7fdca495572ed53a5dcb468610c74bad80,PASS
area_04,m_shade,s_mon_shade,CAST_VFX,9,AREA_04_IMAGES_OUTPUT.zip,CAST/005_m_shade_s_mon_shade_CAST_F09.png,CAST/005_m_shade_s_mon_shade_CAST_F09.png,389c14dacb6f70a9acf41002e605435bae05c6cdf393c6a20e72522490144666,389c14dacb6f70a9acf41002e605435bae05c6cdf393c6a20e72522490144666,PASS
area_04,m_shade,s_mon_shade,CAST_VFX,10,AREA_04_IMAGES_OUTPUT.zip,CAST/005_m_shade_s_mon_shade_CAST_F10.png,CAST/005_m_shade_s_mon_shade_CAST_F10.png,7449f6c040449adee6aece4f0b48c3817b6837fe5929c9f8665eb2658de4a974,7449f6c040449adee6aece4f0b48c3817b6837fe5929c9f8665eb2658de4a974,PASS
area_04,m_shade,s_mon_shade,CAST_VFX,11,AREA_04_IMAGES_OUTPUT.zip,CAST/005_m_shade_s_mon_shade_CAST_F11.png,CAST/005_m_shade_s_mon_shade_CAST_F11.png,874b647e872bd244963678e48b5a0db867e0c469ef7679f3dd0e8486992991ac,874b647e872bd244963678e48b5a0db867e0c469ef7679f3dd0e8486992991ac,PASS
area_05,m_ribbon_pig,s_mon_ribbon_pig,ICON,0,AREA_05_IMAGES_OUTPUT.zip,ICON/001_m_ribbon_pig_s_mon_ribbon_pig_ICON.png,ICON/001_m_ribbon_pig_s_mon_ribbon_pig_ICON.png,42416f34713d34bd97894d48fdf27ec752a854d50b640a8f53229241beddebac,42416f34713d34bd97894d48fdf27ec752a854d50b640a8f53229241beddebac,PASS
area_05,m_ribbon_pig,s_mon_ribbon_pig,CAST_VFX,0,AREA_05_IMAGES_OUTPUT.zip,CAST/001_m_ribbon_pig_s_mon_ribbon_pig_CAST_F00.png,CAST/001_m_ribbon_pig_s_mon_ribbon_pig_CAST_F00.png,82345b475b675428680ed1ccf3bf8fe845b414d2ba3b46fe585ea7c57010b33d,82345b475b675428680ed1ccf3bf8fe845b414d2ba3b46fe585ea7c57010b33d,PASS
area_05,m_ribbon_pig,s_mon_ribbon_pig,CAST_VFX,1,AREA_05_IMAGES_OUTPUT.zip,CAST/001_m_ribbon_pig_s_mon_ribbon_pig_CAST_F01.png,CAST/001_m_ribbon_pig_s_mon_ribbon_pig_CAST_F01.png,c3f9d8b970ddaeb5f38f52cc0921a2b1b585154c8c896cfc2ebee3cde7c53967,c3f9d8b970ddaeb5f38f52cc0921a2b1b585154c8c896cfc2ebee3cde7c53967,PASS
area_05,m_ribbon_pig,s_mon_ribbon_pig,CAST_VFX,2,AREA_05_IMAGES_OUTPUT.zip,CAST/001_m_ribbon_pig_s_mon_ribbon_pig_CAST_F02.png,CAST/001_m_ribbon_pig_s_mon_ribbon_pig_CAST_F02.png,6e2dfbb803ef0c5980658aa5773882e3989a3bdf4330619eb6d2e5f73a3194cf,6e2dfbb803ef0c5980658aa5773882e3989a3bdf4330619eb6d2e5f73a3194cf,PASS
area_05,m_ribbon_pig,s_mon_ribbon_pig,CAST_VFX,3,AREA_05_IMAGES_OUTPUT.zip,CAST/001_m_ribbon_pig_s_mon_ribbon_pig_CAST_F03.png,CAST/001_m_ribbon_pig_s_mon_ribbon_pig_CAST_F03.png,ef4da3d325988d983da4f8dd83b795a662b55dfb3c70900f7edc6baf442e023d,ef4da3d325988d983da4f8dd83b795a662b55dfb3c70900f7edc6baf442e023d,PASS
area_05,m_ribbon_pig,s_mon_ribbon_pig,CAST_VFX,4,AREA_05_IMAGES_OUTPUT.zip,CAST/001_m_ribbon_pig_s_mon_ribbon_pig_CAST_F04.png,CAST/001_m_ribbon_pig_s_mon_ribbon_pig_CAST_F04.png,48f413cacac5c2a994f43538f58398cb9eae92f508d8b14527938acab6fd1b36,48f413cacac5c2a994f43538f58398cb9eae92f508d8b14527938acab6fd1b36,PASS
area_05,m_ribbon_pig,s_mon_ribbon_pig,CAST_VFX,5,AREA_05_IMAGES_OUTPUT.zip,CAST/001_m_ribbon_pig_s_mon_ribbon_pig_CAST_F05.png,CAST/001_m_ribbon_pig_s_mon_ribbon_pig_CAST_F05.png,2f6c32bbe22250373db6122a4b21073eb373735dcc43d0cb30c2358cb80dbabf,2f6c32bbe22250373db6122a4b21073eb373735dcc43d0cb30c2358cb80dbabf,PASS
area_05,m_ribbon_pig,s_mon_ribbon_pig,CAST_VFX,6,AREA_05_IMAGES_OUTPUT.zip,CAST/001_m_ribbon_pig_s_mon_ribbon_pig_CAST_F06.png,CAST/001_m_ribbon_pig_s_mon_ribbon_pig_CAST_F06.png,fa7fdbe76dc2faa604ed5bd63922ec44f9584826fa1c9dd4a8570e8cc527dfbe,fa7fdbe76dc2faa604ed5bd63922ec44f9584826fa1c9dd4a8570e8cc527dfbe,PASS
area_05,m_ribbon_pig,s_mon_ribbon_pig,CAST_VFX,7,AREA_05_IMAGES_OUTPUT.zip,CAST/001_m_ribbon_pig_s_mon_ribbon_pig_CAST_F07.png,CAST/001_m_ribbon_pig_s_mon_ribbon_pig_CAST_F07.png,a2622d1d1a2ffe44bec189927ba1de0aea89d9adaee3657dc0dfbbdfeb45f37b,a2622d1d1a2ffe44bec189927ba1de0aea89d9adaee3657dc0dfbbdfeb45f37b,PASS
area_05,m_blue_pig,s_mon_blue_pig,ICON,0,AREA_05_IMAGES_OUTPUT.zip,ICON/002_m_blue_pig_s_mon_blue_pig_ICON.png,ICON/002_m_blue_pig_s_mon_blue_pig_ICON.png,0fc617d733ef56098a6839e15543906e25483d38dbc953ba5a521df02e084858,0fc617d733ef56098a6839e15543906e25483d38dbc953ba5a521df02e084858,PASS
area_05,m_blue_pig,s_mon_blue_pig,REFERENCE_VFX,0,AREA_05_IMAGES_OUTPUT.zip,REFERENCE/002_m_blue_pig_s_mon_blue_pig_REFERENCE_F00.png,REFERENCE/002_m_blue_pig_s_mon_blue_pig_REFERENCE_F00.png,09fd03b273cc8ab94c26bdec6f763bb64ba7586411a983fcf29be85663720e1c,09fd03b273cc8ab94c26bdec6f763bb64ba7586411a983fcf29be85663720e1c,PASS
area_05,m_blue_pig,s_mon_blue_pig,REFERENCE_VFX,1,AREA_05_IMAGES_OUTPUT.zip,REFERENCE/002_m_blue_pig_s_mon_blue_pig_REFERENCE_F01.png,REFERENCE/002_m_blue_pig_s_mon_blue_pig_REFERENCE_F01.png,84735e38b45a7f4952e4c7393b21c905c4e75e0a47ef66941aa2ca1c4649723b,84735e38b45a7f4952e4c7393b21c905c4e75e0a47ef66941aa2ca1c4649723b,PASS
area_05,m_blue_pig,s_mon_blue_pig,REFERENCE_VFX,2,AREA_05_IMAGES_OUTPUT.zip,REFERENCE/002_m_blue_pig_s_mon_blue_pig_REFERENCE_F02.png,REFERENCE/002_m_blue_pig_s_mon_blue_pig_REFERENCE_F02.png,fc8941e3520f32add6074b7de8974f26b4fe86216ab88b924b2d9860a87df023,fc8941e3520f32add6074b7de8974f26b4fe86216ab88b924b2d9860a87df023,PASS
area_05,m_blue_pig,s_mon_blue_pig,REFERENCE_VFX,3,AREA_05_IMAGES_OUTPUT.zip,REFERENCE/002_m_blue_pig_s_mon_blue_pig_REFERENCE_F03.png,REFERENCE/002_m_blue_pig_s_mon_blue_pig_REFERENCE_F03.png,f93c4566e9dc04478c8143bfc2fffeb6e3864ebfd843c51e2519973ffd2461b8,f93c4566e9dc04478c8143bfc2fffeb6e3864ebfd843c51e2519973ffd2461b8,PASS
area_05,m_blue_pig,s_mon_blue_pig,REFERENCE_VFX,4,AREA_05_IMAGES_OUTPUT.zip,REFERENCE/002_m_blue_pig_s_mon_blue_pig_REFERENCE_F04.png,REFERENCE/002_m_blue_pig_s_mon_blue_pig_REFERENCE_F04.png,81c924058863d72b52bea00d24b97e86acd96ebecf5d82abb5cc7377f03f6a52,81c924058863d72b52bea00d24b97e86acd96ebecf5d82abb5cc7377f03f6a52,PASS
area_05,m_blue_pig,s_mon_blue_pig,REFERENCE_VFX,5,AREA_05_IMAGES_OUTPUT.zip,REFERENCE/002_m_blue_pig_s_mon_blue_pig_REFERENCE_F05.png,REFERENCE/002_m_blue_pig_s_mon_blue_pig_REFERENCE_F05.png,94da854204f49650884cfccae135b6c16b7d36aab5154225c4781cb032b43a4b,94da854204f49650884cfccae135b6c16b7d36aab5154225c4781cb032b43a4b,PASS
area_05,m_starfish,s_mon_starfish,ICON,0,AREA_05_IMAGES_OUTPUT.zip,ICON/003_m_starfish_s_mon_starfish_ICON.png,ICON/003_m_starfish_s_mon_starfish_ICON.png,a6217cda4069dafe1babac51f20166ba0f2ea46d9c688291b18cc4d74355d3c9,a6217cda4069dafe1babac51f20166ba0f2ea46d9c688291b18cc4d74355d3c9,PASS
area_05,m_starfish,s_mon_starfish,CAST_VFX,0,AREA_05_IMAGES_OUTPUT.zip,CAST/003_m_starfish_s_mon_starfish_CAST_F00.png,CAST/003_m_starfish_s_mon_starfish_CAST_F00.png,243e3faefa5f157375bd8f72c5b2b95dc9aecb63c1b3f5a127316a21a92bf3a7,243e3faefa5f157375bd8f72c5b2b95dc9aecb63c1b3f5a127316a21a92bf3a7,PASS
area_05,m_starfish,s_mon_starfish,CAST_VFX,1,AREA_05_IMAGES_OUTPUT.zip,CAST/003_m_starfish_s_mon_starfish_CAST_F01.png,CAST/003_m_starfish_s_mon_starfish_CAST_F01.png,ab07670d027199c749cb4de73ae36edcfea9f682814d4ebcd14c9088d84d4e30,ab07670d027199c749cb4de73ae36edcfea9f682814d4ebcd14c9088d84d4e30,PASS
area_05,m_starfish,s_mon_starfish,CAST_VFX,2,AREA_05_IMAGES_OUTPUT.zip,CAST/003_m_starfish_s_mon_starfish_CAST_F02.png,CAST/003_m_starfish_s_mon_starfish_CAST_F02.png,919fc88dd8eb2f0f7c876f2566a4038d49732b38ce771d3198e8f3f3ad0f9b6b,919fc88dd8eb2f0f7c876f2566a4038d49732b38ce771d3198e8f3f3ad0f9b6b,PASS
area_05,m_starfish,s_mon_starfish,CAST_VFX,3,AREA_05_IMAGES_OUTPUT.zip,CAST/003_m_starfish_s_mon_starfish_CAST_F03.png,CAST/003_m_starfish_s_mon_starfish_CAST_F03.png,9c0afb7b4bbf912780e2bdc10aa4caf6c7a1b65105b5107090913e261253c6fe,9c0afb7b4bbf912780e2bdc10aa4caf6c7a1b65105b5107090913e261253c6fe,PASS
area_05,m_starfish,s_mon_starfish,CAST_VFX,4,AREA_05_IMAGES_OUTPUT.zip,CAST/003_m_starfish_s_mon_starfish_CAST_F04.png,CAST/003_m_starfish_s_mon_starfish_CAST_F04.png,74098447eaf8407b492b17a91a1497156cf5b149f87032f374fa671e3eb281da,74098447eaf8407b492b17a91a1497156cf5b149f87032f374fa671e3eb281da,PASS
area_05,m_starfish,s_mon_starfish,CAST_VFX,5,AREA_05_IMAGES_OUTPUT.zip,CAST/003_m_starfish_s_mon_starfish_CAST_F05.png,CAST/003_m_starfish_s_mon_starfish_CAST_F05.png,52878b514aa2b76995f27054f6882bba3e54ced8d145015c0aafb3f770800717,52878b514aa2b76995f27054f6882bba3e54ced8d145015c0aafb3f770800717,PASS
area_05,m_starfish,s_mon_starfish,CAST_VFX,6,AREA_05_IMAGES_OUTPUT.zip,CAST/003_m_starfish_s_mon_starfish_CAST_F06.png,CAST/003_m_starfish_s_mon_starfish_CAST_F06.png,9f915b6da45af0c3ed97053379617806ca2a1a1e9bd4f8df693ef93109b8c23c,9f915b6da45af0c3ed97053379617806ca2a1a1e9bd4f8df693ef93109b8c23c,PASS
area_05,m_starfish,s_mon_starfish,CAST_VFX,7,AREA_05_IMAGES_OUTPUT.zip,CAST/003_m_starfish_s_mon_starfish_CAST_F07.png,CAST/003_m_starfish_s_mon_starfish_CAST_F07.png,405ec3c3ef1ba5c82f4268afa457abb30cde731b20f5008bf7f5097b5ea8eab5,405ec3c3ef1ba5c82f4268afa457abb30cde731b20f5008bf7f5097b5ea8eab5,PASS
area_05,m_jellyfish,s_mon_jellyfish,ICON,0,AREA_05_IMAGES_OUTPUT.zip,ICON/004_m_jellyfish_s_mon_jellyfish_ICON.png,ICON/004_m_jellyfish_s_mon_jellyfish_ICON.png,1a3c45dcca721bfbb8e1d4180b94ea54a6203a90153c468f6c73b70fa236b4e1,1a3c45dcca721bfbb8e1d4180b94ea54a6203a90153c468f6c73b70fa236b4e1,PASS
area_05,m_jellyfish,s_mon_jellyfish,REFERENCE_VFX,0,AREA_05_IMAGES_OUTPUT.zip,REFERENCE/004_m_jellyfish_s_mon_jellyfish_REFERENCE_F00.png,REFERENCE/004_m_jellyfish_s_mon_jellyfish_REFERENCE_F00.png,c7dfdeb4bcc6cc848c065f08c2a9c3470de73b791bbf4a323cec81ff2e9645a5,c7dfdeb4bcc6cc848c065f08c2a9c3470de73b791bbf4a323cec81ff2e9645a5,PASS
area_05,m_jellyfish,s_mon_jellyfish,REFERENCE_VFX,1,AREA_05_IMAGES_OUTPUT.zip,REFERENCE/004_m_jellyfish_s_mon_jellyfish_REFERENCE_F01.png,REFERENCE/004_m_jellyfish_s_mon_jellyfish_REFERENCE_F01.png,8e4747df68661f0297dee7d47a098acfbfac1bda3b0516c8857794691b18a76c,8e4747df68661f0297dee7d47a098acfbfac1bda3b0516c8857794691b18a76c,PASS
area_05,m_jellyfish,s_mon_jellyfish,REFERENCE_VFX,2,AREA_05_IMAGES_OUTPUT.zip,REFERENCE/004_m_jellyfish_s_mon_jellyfish_REFERENCE_F02.png,REFERENCE/004_m_jellyfish_s_mon_jellyfish_REFERENCE_F02.png,f7666d73549dc031a905d3c77b24835a0f411d36b034c1a204934d1c80e27e8a,f7666d73549dc031a905d3c77b24835a0f411d36b034c1a204934d1c80e27e8a,PASS
area_05,m_jellyfish,s_mon_jellyfish,REFERENCE_VFX,3,AREA_05_IMAGES_OUTPUT.zip,REFERENCE/004_m_jellyfish_s_mon_jellyfish_REFERENCE_F03.png,REFERENCE/004_m_jellyfish_s_mon_jellyfish_REFERENCE_F03.png,d459eb769fa3d0566aba91d0aef0d3e6eef500fbb94e4f60413c28fe8938b410,d459eb769fa3d0566aba91d0aef0d3e6eef500fbb94e4f60413c28fe8938b410,PASS
area_05,m_jellyfish,s_mon_jellyfish,REFERENCE_VFX,4,AREA_05_IMAGES_OUTPUT.zip,REFERENCE/004_m_jellyfish_s_mon_jellyfish_REFERENCE_F04.png,REFERENCE/004_m_jellyfish_s_mon_jellyfish_REFERENCE_F04.png,f132875903713dd19f8c7f15ee7a5fc3a40d9b8df13ec5e0926b713a77502ec1,f132875903713dd19f8c7f15ee7a5fc3a40d9b8df13ec5e0926b713a77502ec1,PASS
area_05,m_jellyfish,s_mon_jellyfish,REFERENCE_VFX,5,AREA_05_IMAGES_OUTPUT.zip,REFERENCE/004_m_jellyfish_s_mon_jellyfish_REFERENCE_F05.png,REFERENCE/004_m_jellyfish_s_mon_jellyfish_REFERENCE_F05.png,23a56b680e7cadfe032ce8cea5db585bbad80a460a3c8756180b37d6fc23735f,23a56b680e7cadfe032ce8cea5db585bbad80a460a3c8756180b37d6fc23735f,PASS
area_05,m_king_clang,s_mon_king_clang,ICON,0,AREA_05_IMAGES_OUTPUT.zip,ICON/005_m_king_clang_s_mon_king_clang_ICON.png,ICON/005_m_king_clang_s_mon_king_clang_ICON.png,ceaf8918a9181f0b026fce689ce264b7653bb85cf24286e1aa26595aa586373b,ceaf8918a9181f0b026fce689ce264b7653bb85cf24286e1aa26595aa586373b,PASS
area_05,m_king_clang,s_mon_king_clang,CAST_VFX,0,AREA_05_IMAGES_OUTPUT.zip,CAST/005_m_king_clang_s_mon_king_clang_CAST_F00.png,CAST/005_m_king_clang_s_mon_king_clang_CAST_F00.png,b75d4e7cf1a739528f69d2fccc486ba6a764e7e31ee9665a5ef11e8ca0c8e2a7,b75d4e7cf1a739528f69d2fccc486ba6a764e7e31ee9665a5ef11e8ca0c8e2a7,PASS
area_05,m_king_clang,s_mon_king_clang,CAST_VFX,1,AREA_05_IMAGES_OUTPUT.zip,CAST/005_m_king_clang_s_mon_king_clang_CAST_F01.png,CAST/005_m_king_clang_s_mon_king_clang_CAST_F01.png,ac680117116ddc05795565e67bf459e928f14058de909ee54324962b31252cdd,ac680117116ddc05795565e67bf459e928f14058de909ee54324962b31252cdd,PASS
area_05,m_king_clang,s_mon_king_clang,CAST_VFX,2,AREA_05_IMAGES_OUTPUT.zip,CAST/005_m_king_clang_s_mon_king_clang_CAST_F02.png,CAST/005_m_king_clang_s_mon_king_clang_CAST_F02.png,d1a6576c059632dd4d300421cca4a2348c949d7edae25098c7606bac42596efb,d1a6576c059632dd4d300421cca4a2348c949d7edae25098c7606bac42596efb,PASS
area_05,m_king_clang,s_mon_king_clang,CAST_VFX,3,AREA_05_IMAGES_OUTPUT.zip,CAST/005_m_king_clang_s_mon_king_clang_CAST_F03.png,CAST/005_m_king_clang_s_mon_king_clang_CAST_F03.png,19be15a0dfbe80c04270ea8d5f1d3b8de9ffbe5e171d2328f78081de16ff25b7,19be15a0dfbe80c04270ea8d5f1d3b8de9ffbe5e171d2328f78081de16ff25b7,PASS
area_05,m_king_clang,s_mon_king_clang,CAST_VFX,4,AREA_05_IMAGES_OUTPUT.zip,CAST/005_m_king_clang_s_mon_king_clang_CAST_F04.png,CAST/005_m_king_clang_s_mon_king_clang_CAST_F04.png,7b8c28dad4c6ad8d756d2e88eefbfb0389fe8d919e722e637e5802d752773602,7b8c28dad4c6ad8d756d2e88eefbfb0389fe8d919e722e637e5802d752773602,PASS
area_05,m_king_clang,s_mon_king_clang,CAST_VFX,5,AREA_05_IMAGES_OUTPUT.zip,CAST/005_m_king_clang_s_mon_king_clang_CAST_F05.png,CAST/005_m_king_clang_s_mon_king_clang_CAST_F05.png,1952c97935f7226fda4c72e09dbb37f4cfca951985ec2696c2359030890f8c43,1952c97935f7226fda4c72e09dbb37f4cfca951985ec2696c2359030890f8c43,PASS
area_05,m_king_clang,s_mon_king_clang,CAST_VFX,6,AREA_05_IMAGES_OUTPUT.zip,CAST/005_m_king_clang_s_mon_king_clang_CAST_F06.png,CAST/005_m_king_clang_s_mon_king_clang_CAST_F06.png,5c4813f5f812017d53b715e509c9589b63b9a1c1d95abbcd41b5bdaf02e8e9e8,5c4813f5f812017d53b715e509c9589b63b9a1c1d95abbcd41b5bdaf02e8e9e8,PASS
area_05,m_king_clang,s_mon_king_clang,CAST_VFX,7,AREA_05_IMAGES_OUTPUT.zip,CAST/005_m_king_clang_s_mon_king_clang_CAST_F07.png,CAST/005_m_king_clang_s_mon_king_clang_CAST_F07.png,257bb413572cc4b654a4463c97fbb15150989ad6c90eea5e3af22425697534c7,257bb413572cc4b654a4463c97fbb15150989ad6c90eea5e3af22425697534c7,PASS
area_05,m_king_clang,s_mon_king_clang,CAST_VFX,8,AREA_05_IMAGES_OUTPUT.zip,CAST/005_m_king_clang_s_mon_king_clang_CAST_F08.png,CAST/005_m_king_clang_s_mon_king_clang_CAST_F08.png,a5ba0d4a0a2f287a56ffdeec8b4bc4e7fd85073d2fb780b1d01daa105ef903d1,a5ba0d4a0a2f287a56ffdeec8b4bc4e7fd85073d2fb780b1d01daa105ef903d1,PASS
area_05,m_king_clang,s_mon_king_clang,CAST_VFX,9,AREA_05_IMAGES_OUTPUT.zip,CAST/005_m_king_clang_s_mon_king_clang_CAST_F09.png,CAST/005_m_king_clang_s_mon_king_clang_CAST_F09.png,1b67b7dbd88e89e264ce981db4d421d67bcea0550c7dfe83087e85ee50059359,1b67b7dbd88e89e264ce981db4d421d67bcea0550c7dfe83087e85ee50059359,PASS
area_05,m_king_clang,s_mon_king_clang,CAST_VFX,10,AREA_05_IMAGES_OUTPUT.zip,CAST/005_m_king_clang_s_mon_king_clang_CAST_F10.png,CAST/005_m_king_clang_s_mon_king_clang_CAST_F10.png,21da460ef19651a0ae28ebb67525bd839a1629772ddfe78df2262ad37ab1bf2d,21da460ef19651a0ae28ebb67525bd839a1629772ddfe78df2262ad37ab1bf2d,PASS
area_05,m_king_clang,s_mon_king_clang,CAST_VFX,11,AREA_05_IMAGES_OUTPUT.zip,CAST/005_m_king_clang_s_mon_king_clang_CAST_F11.png,CAST/005_m_king_clang_s_mon_king_clang_CAST_F11.png,4c7124a717725e9646ef9d98abec80e454e5afdb0149833e51635ee3325bd3c4,4c7124a717725e9646ef9d98abec80e454e5afdb0149833e51635ee3325bd3c4,PASS
area_07,m_zombie_mushroom,s_mon_zombie_mushroom,ICON,0,AREA_07_IMAGES_OUTPUT.zip,ICON/001_m_zombie_mushroom_s_mon_zombie_mushroom_ICON.png,ICON/001_m_zombie_mushroom_s_mon_zombie_mushroom_ICON.png,2ad649e9b4a5073a7780e53e71f28c6fa1be52549b28b6ea7485ec0f3e1e8291,2ad649e9b4a5073a7780e53e71f28c6fa1be52549b28b6ea7485ec0f3e1e8291,PASS
area_07,m_zombie_mushroom,s_mon_zombie_mushroom,REFERENCE_VFX,0,AREA_07_IMAGES_OUTPUT.zip,REFERENCE/001_m_zombie_mushroom_s_mon_zombie_mushroom_REFERENCE_F00.png,REFERENCE/001_m_zombie_mushroom_s_mon_zombie_mushroom_REFERENCE_F00.png,f6f63b730a754a4b4aa0512655e0170bc07e9680b85ab0f14ec9076802cf1275,f6f63b730a754a4b4aa0512655e0170bc07e9680b85ab0f14ec9076802cf1275,PASS
area_07,m_zombie_mushroom,s_mon_zombie_mushroom,REFERENCE_VFX,1,AREA_07_IMAGES_OUTPUT.zip,REFERENCE/001_m_zombie_mushroom_s_mon_zombie_mushroom_REFERENCE_F01.png,REFERENCE/001_m_zombie_mushroom_s_mon_zombie_mushroom_REFERENCE_F01.png,78dcd91e15c38a8cd4810bf73569f31b2ff09e340cddc264102959f362e1c501,78dcd91e15c38a8cd4810bf73569f31b2ff09e340cddc264102959f362e1c501,PASS
area_07,m_zombie_mushroom,s_mon_zombie_mushroom,REFERENCE_VFX,2,AREA_07_IMAGES_OUTPUT.zip,REFERENCE/001_m_zombie_mushroom_s_mon_zombie_mushroom_REFERENCE_F02.png,REFERENCE/001_m_zombie_mushroom_s_mon_zombie_mushroom_REFERENCE_F02.png,d26eff431264f3431730bb406ce253aa6888ccec3419870affd485937a7a96bf,d26eff431264f3431730bb406ce253aa6888ccec3419870affd485937a7a96bf,PASS
area_07,m_zombie_mushroom,s_mon_zombie_mushroom,REFERENCE_VFX,3,AREA_07_IMAGES_OUTPUT.zip,REFERENCE/001_m_zombie_mushroom_s_mon_zombie_mushroom_REFERENCE_F03.png,REFERENCE/001_m_zombie_mushroom_s_mon_zombie_mushroom_REFERENCE_F03.png,29bdc426e3a46f60dc918ba35aa6d35dfbe2e095d65433c1820e0bae97195946,29bdc426e3a46f60dc918ba35aa6d35dfbe2e095d65433c1820e0bae97195946,PASS
area_07,m_zombie_mushroom,s_mon_zombie_mushroom,REFERENCE_VFX,4,AREA_07_IMAGES_OUTPUT.zip,REFERENCE/001_m_zombie_mushroom_s_mon_zombie_mushroom_REFERENCE_F04.png,REFERENCE/001_m_zombie_mushroom_s_mon_zombie_mushroom_REFERENCE_F04.png,3cf435b7c00be67f976085d43d00fdd496ee8576ad74c4764b2b84dba0cb63e1,3cf435b7c00be67f976085d43d00fdd496ee8576ad74c4764b2b84dba0cb63e1,PASS
area_07,m_zombie_mushroom,s_mon_zombie_mushroom,REFERENCE_VFX,5,AREA_07_IMAGES_OUTPUT.zip,REFERENCE/001_m_zombie_mushroom_s_mon_zombie_mushroom_REFERENCE_F05.png,REFERENCE/001_m_zombie_mushroom_s_mon_zombie_mushroom_REFERENCE_F05.png,525717eaa552264a259df7d216663b41d0ceab2cc73cbace0d19e30008a6a86a,525717eaa552264a259df7d216663b41d0ceab2cc73cbace0d19e30008a6a86a,PASS
area_07,m_copper_drake,s_mon_copper_drake,ICON,0,AREA_07_IMAGES_OUTPUT.zip,ICON/002_m_copper_drake_s_mon_copper_drake_ICON.png,ICON/002_m_copper_drake_s_mon_copper_drake_ICON.png,477ff42b7177a48214731b722795a7206246b10352718685fbf974a5ca06855a,477ff42b7177a48214731b722795a7206246b10352718685fbf974a5ca06855a,PASS
area_07,m_copper_drake,s_mon_copper_drake,REFERENCE_VFX,0,AREA_07_IMAGES_OUTPUT.zip,REFERENCE/002_m_copper_drake_s_mon_copper_drake_REFERENCE_F00.png,REFERENCE/002_m_copper_drake_s_mon_copper_drake_REFERENCE_F00.png,7f5438d19985f604bd2cdb92917065dd09382f2f806a5c56fe76d1c443107382,7f5438d19985f604bd2cdb92917065dd09382f2f806a5c56fe76d1c443107382,PASS
area_07,m_copper_drake,s_mon_copper_drake,REFERENCE_VFX,1,AREA_07_IMAGES_OUTPUT.zip,REFERENCE/002_m_copper_drake_s_mon_copper_drake_REFERENCE_F01.png,REFERENCE/002_m_copper_drake_s_mon_copper_drake_REFERENCE_F01.png,3cbd90a806753a97a7e4e5548b3532c4289b479e2179b5dcc861803f69265908,3cbd90a806753a97a7e4e5548b3532c4289b479e2179b5dcc861803f69265908,PASS
area_07,m_copper_drake,s_mon_copper_drake,REFERENCE_VFX,2,AREA_07_IMAGES_OUTPUT.zip,REFERENCE/002_m_copper_drake_s_mon_copper_drake_REFERENCE_F02.png,REFERENCE/002_m_copper_drake_s_mon_copper_drake_REFERENCE_F02.png,97f1a40e3dbd809052129afde3cf3c601e248b11f01e39a5e27732fee50949ae,97f1a40e3dbd809052129afde3cf3c601e248b11f01e39a5e27732fee50949ae,PASS
area_07,m_copper_drake,s_mon_copper_drake,REFERENCE_VFX,3,AREA_07_IMAGES_OUTPUT.zip,REFERENCE/002_m_copper_drake_s_mon_copper_drake_REFERENCE_F03.png,REFERENCE/002_m_copper_drake_s_mon_copper_drake_REFERENCE_F03.png,a74b999da6f8eae72c090f6124010855f20485aab0cfe5b1b3bd706b1f6f2922,a74b999da6f8eae72c090f6124010855f20485aab0cfe5b1b3bd706b1f6f2922,PASS
area_07,m_copper_drake,s_mon_copper_drake,REFERENCE_VFX,4,AREA_07_IMAGES_OUTPUT.zip,REFERENCE/002_m_copper_drake_s_mon_copper_drake_REFERENCE_F04.png,REFERENCE/002_m_copper_drake_s_mon_copper_drake_REFERENCE_F04.png,96b94dae68f9a862b2b40ad568d53ad4dbf223337e0d13b33e00123a57463772,96b94dae68f9a862b2b40ad568d53ad4dbf223337e0d13b33e00123a57463772,PASS
area_07,m_copper_drake,s_mon_copper_drake,REFERENCE_VFX,5,AREA_07_IMAGES_OUTPUT.zip,REFERENCE/002_m_copper_drake_s_mon_copper_drake_REFERENCE_F05.png,REFERENCE/002_m_copper_drake_s_mon_copper_drake_REFERENCE_F05.png,eab3434a1c6fa0ea66c648a2360bc8a5398b64b2ae11c0b363a500db58a8f205,eab3434a1c6fa0ea66c648a2360bc8a5398b64b2ae11c0b363a500db58a8f205,PASS
area_07,m_drake,s_mon_drake,ICON,0,AREA_07_IMAGES_OUTPUT.zip,ICON/003_m_drake_s_mon_drake_ICON.png,ICON/003_m_drake_s_mon_drake_ICON.png,4e7c7e206275f6d135013762a4e14a6a287b33811b56cc973091124e2f331f39,4e7c7e206275f6d135013762a4e14a6a287b33811b56cc973091124e2f331f39,PASS
area_07,m_drake,s_mon_drake,CAST_VFX,0,AREA_07_IMAGES_OUTPUT.zip,CAST/003_m_drake_s_mon_drake_CAST_F00.png,CAST/003_m_drake_s_mon_drake_CAST_F00.png,df97cdf97d62e601ec2a21ee4b5aeb27ad560d2d191bd7bda128eb4b321e58af,df97cdf97d62e601ec2a21ee4b5aeb27ad560d2d191bd7bda128eb4b321e58af,PASS
area_07,m_drake,s_mon_drake,CAST_VFX,1,AREA_07_IMAGES_OUTPUT.zip,CAST/003_m_drake_s_mon_drake_CAST_F01.png,CAST/003_m_drake_s_mon_drake_CAST_F01.png,107b1efe23c4ef53bbfde9821082322561947ed4df5508645a46afec52a50a92,107b1efe23c4ef53bbfde9821082322561947ed4df5508645a46afec52a50a92,PASS
area_07,m_drake,s_mon_drake,CAST_VFX,2,AREA_07_IMAGES_OUTPUT.zip,CAST/003_m_drake_s_mon_drake_CAST_F02.png,CAST/003_m_drake_s_mon_drake_CAST_F02.png,b2ab4d02cc9feefc7b613527ecba98a751b5a8835fadf55f2620b5b55d5234de,b2ab4d02cc9feefc7b613527ecba98a751b5a8835fadf55f2620b5b55d5234de,PASS
area_07,m_drake,s_mon_drake,CAST_VFX,3,AREA_07_IMAGES_OUTPUT.zip,CAST/003_m_drake_s_mon_drake_CAST_F03.png,CAST/003_m_drake_s_mon_drake_CAST_F03.png,c68ad76b4fa91e265464afc9a1cac970f7588e9a3a758855a4eed4e0b930e11f,c68ad76b4fa91e265464afc9a1cac970f7588e9a3a758855a4eed4e0b930e11f,PASS
area_07,m_drake,s_mon_drake,CAST_VFX,4,AREA_07_IMAGES_OUTPUT.zip,CAST/003_m_drake_s_mon_drake_CAST_F04.png,CAST/003_m_drake_s_mon_drake_CAST_F04.png,a24a9b1c47ede5833737d2c50f3c32bdc8b27a266f828a78db39b7fb5e1b9f84,a24a9b1c47ede5833737d2c50f3c32bdc8b27a266f828a78db39b7fb5e1b9f84,PASS
area_07,m_drake,s_mon_drake,CAST_VFX,5,AREA_07_IMAGES_OUTPUT.zip,CAST/003_m_drake_s_mon_drake_CAST_F05.png,CAST/003_m_drake_s_mon_drake_CAST_F05.png,8355ef9e9c8e120dd4a097d9f44113018a9e946788d91d28cc5de8e13fafe4da,8355ef9e9c8e120dd4a097d9f44113018a9e946788d91d28cc5de8e13fafe4da,PASS
area_07,m_drake,s_mon_drake,CAST_VFX,6,AREA_07_IMAGES_OUTPUT.zip,CAST/003_m_drake_s_mon_drake_CAST_F06.png,CAST/003_m_drake_s_mon_drake_CAST_F06.png,d92867d90c336d8eb9d277860e16214965fdabb561a27d772db1994552fcbb79,d92867d90c336d8eb9d277860e16214965fdabb561a27d772db1994552fcbb79,PASS
area_07,m_drake,s_mon_drake,CAST_VFX,7,AREA_07_IMAGES_OUTPUT.zip,CAST/003_m_drake_s_mon_drake_CAST_F07.png,CAST/003_m_drake_s_mon_drake_CAST_F07.png,b86bbf0991088be0dee8e9adc0ccebbfb07291ea498835e6dbb0124e7ef739c4,b86bbf0991088be0dee8e9adc0ccebbfb07291ea498835e6dbb0124e7ef739c4,PASS
area_07,m_wild_kargo,s_mon_wild_kargo,ICON,0,AREA_07_IMAGES_OUTPUT.zip,ICON/004_m_wild_kargo_s_mon_wild_kargo_ICON.png,ICON/004_m_wild_kargo_s_mon_wild_kargo_ICON.png,206dafe09c8dc940409281dfa3133888c7f49ed8a039177a6397238d2d497735,206dafe09c8dc940409281dfa3133888c7f49ed8a039177a6397238d2d497735,PASS
area_07,m_wild_kargo,s_mon_wild_kargo,CAST_VFX,0,AREA_07_IMAGES_OUTPUT.zip,CAST/004_m_wild_kargo_s_mon_wild_kargo_CAST_F00.png,CAST/004_m_wild_kargo_s_mon_wild_kargo_CAST_F00.png,7ebfe0f294df5ae31c62917de2827a309f4ad8573915187acc283c5ea83d2c70,7ebfe0f294df5ae31c62917de2827a309f4ad8573915187acc283c5ea83d2c70,PASS
area_07,m_wild_kargo,s_mon_wild_kargo,CAST_VFX,1,AREA_07_IMAGES_OUTPUT.zip,CAST/004_m_wild_kargo_s_mon_wild_kargo_CAST_F01.png,CAST/004_m_wild_kargo_s_mon_wild_kargo_CAST_F01.png,0f440f0a4d3e1b5f7d54a3a838ff4a0769c1faabc890fb0acae566ed667e5c4f,0f440f0a4d3e1b5f7d54a3a838ff4a0769c1faabc890fb0acae566ed667e5c4f,PASS
area_07,m_wild_kargo,s_mon_wild_kargo,CAST_VFX,2,AREA_07_IMAGES_OUTPUT.zip,CAST/004_m_wild_kargo_s_mon_wild_kargo_CAST_F02.png,CAST/004_m_wild_kargo_s_mon_wild_kargo_CAST_F02.png,7da67cffd71ca48191617df6e6efd53f885349cf31c81e9e93774f7c177ee2c1,7da67cffd71ca48191617df6e6efd53f885349cf31c81e9e93774f7c177ee2c1,PASS
area_07,m_wild_kargo,s_mon_wild_kargo,CAST_VFX,3,AREA_07_IMAGES_OUTPUT.zip,CAST/004_m_wild_kargo_s_mon_wild_kargo_CAST_F03.png,CAST/004_m_wild_kargo_s_mon_wild_kargo_CAST_F03.png,66c2213ffce3e995047f1c1352bae33d8b695a6abbdb121034bdab4d8b26314d,66c2213ffce3e995047f1c1352bae33d8b695a6abbdb121034bdab4d8b26314d,PASS
area_07,m_wild_kargo,s_mon_wild_kargo,CAST_VFX,4,AREA_07_IMAGES_OUTPUT.zip,CAST/004_m_wild_kargo_s_mon_wild_kargo_CAST_F04.png,CAST/004_m_wild_kargo_s_mon_wild_kargo_CAST_F04.png,032ab6900536cdf2bcef5c6b95510407715961bed62ee27ade1686550260879e,032ab6900536cdf2bcef5c6b95510407715961bed62ee27ade1686550260879e,PASS
area_07,m_wild_kargo,s_mon_wild_kargo,CAST_VFX,5,AREA_07_IMAGES_OUTPUT.zip,CAST/004_m_wild_kargo_s_mon_wild_kargo_CAST_F05.png,CAST/004_m_wild_kargo_s_mon_wild_kargo_CAST_F05.png,364dbc52036203954d3ed846204f04d50ebf1b5983958af15f7d50a788d5512d,364dbc52036203954d3ed846204f04d50ebf1b5983958af15f7d50a788d5512d,PASS
area_07,m_wild_kargo,s_mon_wild_kargo,CAST_VFX,6,AREA_07_IMAGES_OUTPUT.zip,CAST/004_m_wild_kargo_s_mon_wild_kargo_CAST_F06.png,CAST/004_m_wild_kargo_s_mon_wild_kargo_CAST_F06.png,5cfd8f5aa81734c74d033cf0b1f68c4b9e1ba6da11a10afc35816f21a05d1c8f,5cfd8f5aa81734c74d033cf0b1f68c4b9e1ba6da11a10afc35816f21a05d1c8f,PASS
area_07,m_wild_kargo,s_mon_wild_kargo,CAST_VFX,7,AREA_07_IMAGES_OUTPUT.zip,CAST/004_m_wild_kargo_s_mon_wild_kargo_CAST_F07.png,CAST/004_m_wild_kargo_s_mon_wild_kargo_CAST_F07.png,b49efcd325402bda7a07301131daec09d85a6b68ebee464fa0792c59d71ceb8b,b49efcd325402bda7a07301131daec09d85a6b68ebee464fa0792c59d71ceb8b,PASS
area_07,m_jr_balrog,s_mon_jr_balrog,ICON,0,AREA_07_IMAGES_OUTPUT.zip,ICON/005_m_jr_balrog_s_mon_jr_balrog_ICON.png,ICON/005_m_jr_balrog_s_mon_jr_balrog_ICON.png,63b0327571de131b6c3849d295e204ab8368b8fc83e47446d2e61eaa4919512b,63b0327571de131b6c3849d295e204ab8368b8fc83e47446d2e61eaa4919512b,PASS
area_07,m_jr_balrog,s_mon_jr_balrog,CAST_VFX,0,AREA_07_IMAGES_OUTPUT.zip,CAST/005_m_jr_balrog_s_mon_jr_balrog_CAST_F00.png,CAST/005_m_jr_balrog_s_mon_jr_balrog_CAST_F00.png,ce587eaa04645d167df1b03491baa8538cb8f4cc46c156ab1387ca255dd9cc06,ce587eaa04645d167df1b03491baa8538cb8f4cc46c156ab1387ca255dd9cc06,PASS
area_07,m_jr_balrog,s_mon_jr_balrog,CAST_VFX,1,AREA_07_IMAGES_OUTPUT.zip,CAST/005_m_jr_balrog_s_mon_jr_balrog_CAST_F01.png,CAST/005_m_jr_balrog_s_mon_jr_balrog_CAST_F01.png,eb4360e231cec17f1bd3fac7f9904443de3c2b7d70644002784c8f0de4d9c95f,eb4360e231cec17f1bd3fac7f9904443de3c2b7d70644002784c8f0de4d9c95f,PASS
area_07,m_jr_balrog,s_mon_jr_balrog,CAST_VFX,2,AREA_07_IMAGES_OUTPUT.zip,CAST/005_m_jr_balrog_s_mon_jr_balrog_CAST_F02.png,CAST/005_m_jr_balrog_s_mon_jr_balrog_CAST_F02.png,5efa43aae03e7d7694a9a90f457613f3fa9dc487a5e6d96c37374a10d88a589b,5efa43aae03e7d7694a9a90f457613f3fa9dc487a5e6d96c37374a10d88a589b,PASS
area_07,m_jr_balrog,s_mon_jr_balrog,CAST_VFX,3,AREA_07_IMAGES_OUTPUT.zip,CAST/005_m_jr_balrog_s_mon_jr_balrog_CAST_F03.png,CAST/005_m_jr_balrog_s_mon_jr_balrog_CAST_F03.png,9d317a2808631da3c1bb48ffeefbbae3de1df5224a0bf569aa0e6a529f2f1524,9d317a2808631da3c1bb48ffeefbbae3de1df5224a0bf569aa0e6a529f2f1524,PASS
area_07,m_jr_balrog,s_mon_jr_balrog,CAST_VFX,4,AREA_07_IMAGES_OUTPUT.zip,CAST/005_m_jr_balrog_s_mon_jr_balrog_CAST_F04.png,CAST/005_m_jr_balrog_s_mon_jr_balrog_CAST_F04.png,6904c1fddef9b9f003b56a3099b017a003ed3aa3bffa66890d3ca4fed4ee4f78,6904c1fddef9b9f003b56a3099b017a003ed3aa3bffa66890d3ca4fed4ee4f78,PASS
area_07,m_jr_balrog,s_mon_jr_balrog,CAST_VFX,5,AREA_07_IMAGES_OUTPUT.zip,CAST/005_m_jr_balrog_s_mon_jr_balrog_CAST_F05.png,CAST/005_m_jr_balrog_s_mon_jr_balrog_CAST_F05.png,19a12f1d2809e9452c25da0e34c95e3a0f95d052390d9b8fee5567140b9caf97,19a12f1d2809e9452c25da0e34c95e3a0f95d052390d9b8fee5567140b9caf97,PASS
area_07,m_jr_balrog,s_mon_jr_balrog,CAST_VFX,6,AREA_07_IMAGES_OUTPUT.zip,CAST/005_m_jr_balrog_s_mon_jr_balrog_CAST_F06.png,CAST/005_m_jr_balrog_s_mon_jr_balrog_CAST_F06.png,412072f74922884bb3f1ed9f8c288c16dd6e84d9d95461e3e6310d4758f7f950,412072f74922884bb3f1ed9f8c288c16dd6e84d9d95461e3e6310d4758f7f950,PASS
area_07,m_jr_balrog,s_mon_jr_balrog,CAST_VFX,7,AREA_07_IMAGES_OUTPUT.zip,CAST/005_m_jr_balrog_s_mon_jr_balrog_CAST_F07.png,CAST/005_m_jr_balrog_s_mon_jr_balrog_CAST_F07.png,3dc5dddf9d0ca60a022406d0a0598e03e7527a489e5df7e77daafd1077ec19b5,3dc5dddf9d0ca60a022406d0a0598e03e7527a489e5df7e77daafd1077ec19b5,PASS
area_07,m_jr_balrog,s_mon_jr_balrog,CAST_VFX,8,AREA_07_IMAGES_OUTPUT.zip,CAST/005_m_jr_balrog_s_mon_jr_balrog_CAST_F08.png,CAST/005_m_jr_balrog_s_mon_jr_balrog_CAST_F08.png,909083d123875b9f1b3f32f61f3caceb1d9588f0e3232cb0c82b217b7280f48f,909083d123875b9f1b3f32f61f3caceb1d9588f0e3232cb0c82b217b7280f48f,PASS
area_07,m_jr_balrog,s_mon_jr_balrog,CAST_VFX,9,AREA_07_IMAGES_OUTPUT.zip,CAST/005_m_jr_balrog_s_mon_jr_balrog_CAST_F09.png,CAST/005_m_jr_balrog_s_mon_jr_balrog_CAST_F09.png,c00d599be07048b03d1ea73dd1d27d0e58db04ddd1ed355df74c7ae8015cbd18,c00d599be07048b03d1ea73dd1d27d0e58db04ddd1ed355df74c7ae8015cbd18,PASS
area_07,m_jr_balrog,s_mon_jr_balrog,CAST_VFX,10,AREA_07_IMAGES_OUTPUT.zip,CAST/005_m_jr_balrog_s_mon_jr_balrog_CAST_F10.png,CAST/005_m_jr_balrog_s_mon_jr_balrog_CAST_F10.png,607288fb5bcdc70ea74a2564c03beca1f23a051772d22dec9792a0a672de0d83,607288fb5bcdc70ea74a2564c03beca1f23a051772d22dec9792a0a672de0d83,PASS
area_07,m_jr_balrog,s_mon_jr_balrog,CAST_VFX,11,AREA_07_IMAGES_OUTPUT.zip,CAST/005_m_jr_balrog_s_mon_jr_balrog_CAST_F11.png,CAST/005_m_jr_balrog_s_mon_jr_balrog_CAST_F11.png,75c7c5eda4ffa278fbb952825fd1ea6a9677665411853a78370f96150a90b4d9,75c7c5eda4ffa278fbb952825fd1ea6a9677665411853a78370f96150a90b4d9,PASS
area_07,m_tauromacis,s_mon_tauromacis,ICON,0,AREA_07_IMAGES_OUTPUT.zip,ICON/006_m_tauromacis_s_mon_tauromacis_ICON.png,ICON/006_m_tauromacis_s_mon_tauromacis_ICON.png,c1e49853d61fa504fd8137112d5b0384e80adf9761dcecb50889b7938eff2dfc,c1e49853d61fa504fd8137112d5b0384e80adf9761dcecb50889b7938eff2dfc,PASS
area_07,m_tauromacis,s_mon_tauromacis,CAST_VFX,0,AREA_07_IMAGES_OUTPUT.zip,CAST/006_m_tauromacis_s_mon_tauromacis_CAST_F00.png,CAST/006_m_tauromacis_s_mon_tauromacis_CAST_F00.png,7eb463c6f0ce22db2ff1ac58b894ff193efd774f9e49caac5c4e8a7295ffd78b,7eb463c6f0ce22db2ff1ac58b894ff193efd774f9e49caac5c4e8a7295ffd78b,PASS
area_07,m_tauromacis,s_mon_tauromacis,CAST_VFX,1,AREA_07_IMAGES_OUTPUT.zip,CAST/006_m_tauromacis_s_mon_tauromacis_CAST_F01.png,CAST/006_m_tauromacis_s_mon_tauromacis_CAST_F01.png,82b9dd8997ed524ea8259a02f240315a673050aeca4a9df9e87a60bf68dd36d4,82b9dd8997ed524ea8259a02f240315a673050aeca4a9df9e87a60bf68dd36d4,PASS
area_07,m_tauromacis,s_mon_tauromacis,CAST_VFX,2,AREA_07_IMAGES_OUTPUT.zip,CAST/006_m_tauromacis_s_mon_tauromacis_CAST_F02.png,CAST/006_m_tauromacis_s_mon_tauromacis_CAST_F02.png,3b9008a5fa5574f61aa8ac49d912288aa2d888b2365fa317ff082d0452c0baf1,3b9008a5fa5574f61aa8ac49d912288aa2d888b2365fa317ff082d0452c0baf1,PASS
area_07,m_tauromacis,s_mon_tauromacis,CAST_VFX,3,AREA_07_IMAGES_OUTPUT.zip,CAST/006_m_tauromacis_s_mon_tauromacis_CAST_F03.png,CAST/006_m_tauromacis_s_mon_tauromacis_CAST_F03.png,d2f8d792734c5f49122f9416394d0fe04084510973b00408178b15fbf92b1925,d2f8d792734c5f49122f9416394d0fe04084510973b00408178b15fbf92b1925,PASS
area_07,m_tauromacis,s_mon_tauromacis,CAST_VFX,4,AREA_07_IMAGES_OUTPUT.zip,CAST/006_m_tauromacis_s_mon_tauromacis_CAST_F04.png,CAST/006_m_tauromacis_s_mon_tauromacis_CAST_F04.png,ede01431385c8c8b038df580ae4ae51fd201b401cae43e6b53e9c4eb97c28651,ede01431385c8c8b038df580ae4ae51fd201b401cae43e6b53e9c4eb97c28651,PASS
area_07,m_tauromacis,s_mon_tauromacis,CAST_VFX,5,AREA_07_IMAGES_OUTPUT.zip,CAST/006_m_tauromacis_s_mon_tauromacis_CAST_F05.png,CAST/006_m_tauromacis_s_mon_tauromacis_CAST_F05.png,274051d050f4d26536a3ab4979331f2a2951ac4f98ae919f4ae549f94f4cde36,274051d050f4d26536a3ab4979331f2a2951ac4f98ae919f4ae549f94f4cde36,PASS
area_07,m_tauromacis,s_mon_tauromacis,CAST_VFX,6,AREA_07_IMAGES_OUTPUT.zip,CAST/006_m_tauromacis_s_mon_tauromacis_CAST_F06.png,CAST/006_m_tauromacis_s_mon_tauromacis_CAST_F06.png,526c9d96969fc543786f74bf9f60a5a039f40d75b224647ee05bf20304b8626f,526c9d96969fc543786f74bf9f60a5a039f40d75b224647ee05bf20304b8626f,PASS
area_07,m_tauromacis,s_mon_tauromacis,CAST_VFX,7,AREA_07_IMAGES_OUTPUT.zip,CAST/006_m_tauromacis_s_mon_tauromacis_CAST_F07.png,CAST/006_m_tauromacis_s_mon_tauromacis_CAST_F07.png,83788319f99d507af36cb9d3b100a24f6c0365e6bdec5b6c743d3ad6e4e6c792,83788319f99d507af36cb9d3b100a24f6c0365e6bdec5b6c743d3ad6e4e6c792,PASS
area_08,m_star_pixie,s_mon_star_pixie,ICON,0,AREA_08_IMAGES_OUTPUT.zip,ICON/001_m_star_pixie_s_mon_star_pixie_ICON.png,ICON/001_m_star_pixie_s_mon_star_pixie_ICON.png,05e2aed9d16ef276fcdf919192b5f47ee219885a482780ed04517cbece19999e,05e2aed9d16ef276fcdf919192b5f47ee219885a482780ed04517cbece19999e,PASS
area_08,m_star_pixie,s_mon_star_pixie,CAST_VFX,0,AREA_08_IMAGES_OUTPUT.zip,CAST/001_m_star_pixie_s_mon_star_pixie_CAST_F00.png,CAST/001_m_star_pixie_s_mon_star_pixie_CAST_F00.png,ced37c3097321eac9509f1a1cabb7461b01853cb16fd8cf5147635a63fbdfabc,ced37c3097321eac9509f1a1cabb7461b01853cb16fd8cf5147635a63fbdfabc,PASS
area_08,m_star_pixie,s_mon_star_pixie,CAST_VFX,1,AREA_08_IMAGES_OUTPUT.zip,CAST/001_m_star_pixie_s_mon_star_pixie_CAST_F01.png,CAST/001_m_star_pixie_s_mon_star_pixie_CAST_F01.png,1842caa28d60011960a82635791ef1f6beba393da942bc14e6f82b0e062fdb68,1842caa28d60011960a82635791ef1f6beba393da942bc14e6f82b0e062fdb68,PASS
area_08,m_star_pixie,s_mon_star_pixie,CAST_VFX,2,AREA_08_IMAGES_OUTPUT.zip,CAST/001_m_star_pixie_s_mon_star_pixie_CAST_F02.png,CAST/001_m_star_pixie_s_mon_star_pixie_CAST_F02.png,382780ed757e431533b4bc417f0ce7d4037cb1e0fe4efb4b83ccf10a67f955ca,382780ed757e431533b4bc417f0ce7d4037cb1e0fe4efb4b83ccf10a67f955ca,PASS
area_08,m_star_pixie,s_mon_star_pixie,CAST_VFX,3,AREA_08_IMAGES_OUTPUT.zip,CAST/001_m_star_pixie_s_mon_star_pixie_CAST_F03.png,CAST/001_m_star_pixie_s_mon_star_pixie_CAST_F03.png,a30297e1483c1bcf94a174b59e68085916f6d3f2495783d9810861ac56f6dcc0,a30297e1483c1bcf94a174b59e68085916f6d3f2495783d9810861ac56f6dcc0,PASS
area_08,m_star_pixie,s_mon_star_pixie,CAST_VFX,4,AREA_08_IMAGES_OUTPUT.zip,CAST/001_m_star_pixie_s_mon_star_pixie_CAST_F04.png,CAST/001_m_star_pixie_s_mon_star_pixie_CAST_F04.png,43f0cd533909af66779c781795737f8b1d77fc5762e85468955df163f2986578,43f0cd533909af66779c781795737f8b1d77fc5762e85468955df163f2986578,PASS
area_08,m_star_pixie,s_mon_star_pixie,CAST_VFX,5,AREA_08_IMAGES_OUTPUT.zip,CAST/001_m_star_pixie_s_mon_star_pixie_CAST_F05.png,CAST/001_m_star_pixie_s_mon_star_pixie_CAST_F05.png,5eef3b8e36a3193bd8be4a415c1155c90895c1b051c8119112d20c124bd13f96,5eef3b8e36a3193bd8be4a415c1155c90895c1b051c8119112d20c124bd13f96,PASS
area_08,m_star_pixie,s_mon_star_pixie,CAST_VFX,6,AREA_08_IMAGES_OUTPUT.zip,CAST/001_m_star_pixie_s_mon_star_pixie_CAST_F06.png,CAST/001_m_star_pixie_s_mon_star_pixie_CAST_F06.png,4a977f5ee4badff769d2e3f29f1ada5410eb46a7c80ebfe5fa22928a1826f9d1,4a977f5ee4badff769d2e3f29f1ada5410eb46a7c80ebfe5fa22928a1826f9d1,PASS
area_08,m_star_pixie,s_mon_star_pixie,CAST_VFX,7,AREA_08_IMAGES_OUTPUT.zip,CAST/001_m_star_pixie_s_mon_star_pixie_CAST_F07.png,CAST/001_m_star_pixie_s_mon_star_pixie_CAST_F07.png,b669a5e3a47219548928fbc93a1ff8bf90cdf27e3455bfd41e92bfd7ca9638c4,b669a5e3a47219548928fbc93a1ff8bf90cdf27e3455bfd41e92bfd7ca9638c4,PASS
area_08,m_star_pixie,s_mon_star_pixie,PROJECTILE,0,AREA_08_IMAGES_OUTPUT.zip,PROJECTILE/001_m_star_pixie_s_mon_star_pixie_PROJECTILE_F00.png,PROJECTILE/001_m_star_pixie_s_mon_star_pixie_PROJECTILE_F00.png,ed9682a64fe5e99507ffc6faad835d0aef51136df70897adf873bec59a36e3b1,ed9682a64fe5e99507ffc6faad835d0aef51136df70897adf873bec59a36e3b1,PASS
area_08,m_star_pixie,s_mon_star_pixie,PROJECTILE,1,AREA_08_IMAGES_OUTPUT.zip,PROJECTILE/001_m_star_pixie_s_mon_star_pixie_PROJECTILE_F01.png,PROJECTILE/001_m_star_pixie_s_mon_star_pixie_PROJECTILE_F01.png,5cc8d573c03735891614d8d7ad2fe515643e909ec86417b6690f7a6f6e06b488,5cc8d573c03735891614d8d7ad2fe515643e909ec86417b6690f7a6f6e06b488,PASS
area_08,m_star_pixie,s_mon_star_pixie,PROJECTILE,2,AREA_08_IMAGES_OUTPUT.zip,PROJECTILE/001_m_star_pixie_s_mon_star_pixie_PROJECTILE_F02.png,PROJECTILE/001_m_star_pixie_s_mon_star_pixie_PROJECTILE_F02.png,f79a6853c74d1f7b6cbdd2ead3830bf15005900262301ff920d2b667699f2a8e,f79a6853c74d1f7b6cbdd2ead3830bf15005900262301ff920d2b667699f2a8e,PASS
area_08,m_star_pixie,s_mon_star_pixie,PROJECTILE,3,AREA_08_IMAGES_OUTPUT.zip,PROJECTILE/001_m_star_pixie_s_mon_star_pixie_PROJECTILE_F03.png,PROJECTILE/001_m_star_pixie_s_mon_star_pixie_PROJECTILE_F03.png,ff327d6369a3e1a41e37307cc6bfc5f28d0bc7002da20e6b06520456eb0e3ff6,ff327d6369a3e1a41e37307cc6bfc5f28d0bc7002da20e6b06520456eb0e3ff6,PASS
area_08,m_jr_cellion,s_mon_jr_cellion,ICON,0,AREA_08_IMAGES_OUTPUT.zip,ICON/002_m_jr_cellion_s_mon_jr_cellion_ICON.png,ICON/002_m_jr_cellion_s_mon_jr_cellion_ICON.png,4836dbaa93b69a5d8ab9355ea910f26b5648944f855c756f464ce8725ae13d07,4836dbaa93b69a5d8ab9355ea910f26b5648944f855c756f464ce8725ae13d07,PASS
area_08,m_jr_cellion,s_mon_jr_cellion,REFERENCE_VFX,0,AREA_08_IMAGES_OUTPUT.zip,REFERENCE/002_m_jr_cellion_s_mon_jr_cellion_REFERENCE_F00.png,REFERENCE/002_m_jr_cellion_s_mon_jr_cellion_REFERENCE_F00.png,b03e84695c9282c6a351cfad85aca21f3c83d1058f32f835e39b7fb9e4b7fcd0,b03e84695c9282c6a351cfad85aca21f3c83d1058f32f835e39b7fb9e4b7fcd0,PASS
area_08,m_jr_cellion,s_mon_jr_cellion,REFERENCE_VFX,1,AREA_08_IMAGES_OUTPUT.zip,REFERENCE/002_m_jr_cellion_s_mon_jr_cellion_REFERENCE_F01.png,REFERENCE/002_m_jr_cellion_s_mon_jr_cellion_REFERENCE_F01.png,f6606c6dc19b76f4eec75f522ccb0f56476fe594afb72b05cc1014d933dd0a0d,f6606c6dc19b76f4eec75f522ccb0f56476fe594afb72b05cc1014d933dd0a0d,PASS
area_08,m_jr_cellion,s_mon_jr_cellion,REFERENCE_VFX,2,AREA_08_IMAGES_OUTPUT.zip,REFERENCE/002_m_jr_cellion_s_mon_jr_cellion_REFERENCE_F02.png,REFERENCE/002_m_jr_cellion_s_mon_jr_cellion_REFERENCE_F02.png,3d6feba7f4115363ed25658444e74a8002fdb5142f0477f510f0aae83b7d5f09,3d6feba7f4115363ed25658444e74a8002fdb5142f0477f510f0aae83b7d5f09,PASS
area_08,m_jr_cellion,s_mon_jr_cellion,REFERENCE_VFX,3,AREA_08_IMAGES_OUTPUT.zip,REFERENCE/002_m_jr_cellion_s_mon_jr_cellion_REFERENCE_F03.png,REFERENCE/002_m_jr_cellion_s_mon_jr_cellion_REFERENCE_F03.png,20cebe8606b8e878c5a35506e398b9561c0a5cd32c3bbdb942cda8dd9eaa7ed4,20cebe8606b8e878c5a35506e398b9561c0a5cd32c3bbdb942cda8dd9eaa7ed4,PASS
area_08,m_jr_cellion,s_mon_jr_cellion,REFERENCE_VFX,4,AREA_08_IMAGES_OUTPUT.zip,REFERENCE/002_m_jr_cellion_s_mon_jr_cellion_REFERENCE_F04.png,REFERENCE/002_m_jr_cellion_s_mon_jr_cellion_REFERENCE_F04.png,8a848a2767da1bf0cb83b19263e43b8a2599f262cd3c7541d8adc101d3d82dde,8a848a2767da1bf0cb83b19263e43b8a2599f262cd3c7541d8adc101d3d82dde,PASS
area_08,m_jr_cellion,s_mon_jr_cellion,REFERENCE_VFX,5,AREA_08_IMAGES_OUTPUT.zip,REFERENCE/002_m_jr_cellion_s_mon_jr_cellion_REFERENCE_F05.png,REFERENCE/002_m_jr_cellion_s_mon_jr_cellion_REFERENCE_F05.png,3acad30c508fa1c35113733dbbcf2d8fe07282b57a78416c3722c0295640b606,3acad30c508fa1c35113733dbbcf2d8fe07282b57a78416c3722c0295640b606,PASS
area_08,m_lunar_pixie,s_mon_lunar_pixie,ICON,0,AREA_08_IMAGES_OUTPUT.zip,ICON/003_m_lunar_pixie_s_mon_lunar_pixie_ICON.png,ICON/003_m_lunar_pixie_s_mon_lunar_pixie_ICON.png,497e87cc19846206bed42e2776dc6b7a7c0cbcc839e62f1dfae2a8440ee7f8a0,497e87cc19846206bed42e2776dc6b7a7c0cbcc839e62f1dfae2a8440ee7f8a0,PASS
area_08,m_lunar_pixie,s_mon_lunar_pixie,CAST_VFX,0,AREA_08_IMAGES_OUTPUT.zip,CAST/003_m_lunar_pixie_s_mon_lunar_pixie_CAST_F00.png,CAST/003_m_lunar_pixie_s_mon_lunar_pixie_CAST_F00.png,027be1000bc202fa6c224de5764c5276f0a2aec9d33e4b2bbf4384fe5335c407,027be1000bc202fa6c224de5764c5276f0a2aec9d33e4b2bbf4384fe5335c407,PASS
area_08,m_lunar_pixie,s_mon_lunar_pixie,CAST_VFX,1,AREA_08_IMAGES_OUTPUT.zip,CAST/003_m_lunar_pixie_s_mon_lunar_pixie_CAST_F01.png,CAST/003_m_lunar_pixie_s_mon_lunar_pixie_CAST_F01.png,29486aa153ee3e15ad024f01b7b886b536855ab344477bf6108c98790fe579da,29486aa153ee3e15ad024f01b7b886b536855ab344477bf6108c98790fe579da,PASS
area_08,m_lunar_pixie,s_mon_lunar_pixie,CAST_VFX,2,AREA_08_IMAGES_OUTPUT.zip,CAST/003_m_lunar_pixie_s_mon_lunar_pixie_CAST_F02.png,CAST/003_m_lunar_pixie_s_mon_lunar_pixie_CAST_F02.png,62fe86d53f73a58792d09b831c856c8d779511140f12f11242f517cdc6f8d852,62fe86d53f73a58792d09b831c856c8d779511140f12f11242f517cdc6f8d852,PASS
area_08,m_lunar_pixie,s_mon_lunar_pixie,CAST_VFX,3,AREA_08_IMAGES_OUTPUT.zip,CAST/003_m_lunar_pixie_s_mon_lunar_pixie_CAST_F03.png,CAST/003_m_lunar_pixie_s_mon_lunar_pixie_CAST_F03.png,0a6ecd455570abd72d8764b5afbbdadd4f6dd32a921c47881d940267d93ab3e9,0a6ecd455570abd72d8764b5afbbdadd4f6dd32a921c47881d940267d93ab3e9,PASS
area_08,m_lunar_pixie,s_mon_lunar_pixie,CAST_VFX,4,AREA_08_IMAGES_OUTPUT.zip,CAST/003_m_lunar_pixie_s_mon_lunar_pixie_CAST_F04.png,CAST/003_m_lunar_pixie_s_mon_lunar_pixie_CAST_F04.png,61103ff332315fc30b4ef2cb08e0affd5d91c42d27e8228d56c1052ca0acce0b,61103ff332315fc30b4ef2cb08e0affd5d91c42d27e8228d56c1052ca0acce0b,PASS
area_08,m_lunar_pixie,s_mon_lunar_pixie,CAST_VFX,5,AREA_08_IMAGES_OUTPUT.zip,CAST/003_m_lunar_pixie_s_mon_lunar_pixie_CAST_F05.png,CAST/003_m_lunar_pixie_s_mon_lunar_pixie_CAST_F05.png,acea0a4abb5b2b617294c834b5d55ec2293a190b46fbaccb81366e39579716c6,acea0a4abb5b2b617294c834b5d55ec2293a190b46fbaccb81366e39579716c6,PASS
area_08,m_lunar_pixie,s_mon_lunar_pixie,CAST_VFX,6,AREA_08_IMAGES_OUTPUT.zip,CAST/003_m_lunar_pixie_s_mon_lunar_pixie_CAST_F06.png,CAST/003_m_lunar_pixie_s_mon_lunar_pixie_CAST_F06.png,892cb9e6bc08591a47deef5bd17f5661c7da532adb746a871b1f5e71783aac5f,892cb9e6bc08591a47deef5bd17f5661c7da532adb746a871b1f5e71783aac5f,PASS
area_08,m_lunar_pixie,s_mon_lunar_pixie,CAST_VFX,7,AREA_08_IMAGES_OUTPUT.zip,CAST/003_m_lunar_pixie_s_mon_lunar_pixie_CAST_F07.png,CAST/003_m_lunar_pixie_s_mon_lunar_pixie_CAST_F07.png,b48cf18f1925926226c20c41f55927eeffce9c722830d65532473d10ceb55212,b48cf18f1925926226c20c41f55927eeffce9c722830d65532473d10ceb55212,PASS
area_08,m_lunar_pixie,s_mon_lunar_pixie,PROJECTILE,0,AREA_08_IMAGES_OUTPUT.zip,PROJECTILE/003_m_lunar_pixie_s_mon_lunar_pixie_PROJECTILE_F00.png,PROJECTILE/003_m_lunar_pixie_s_mon_lunar_pixie_PROJECTILE_F00.png,c929eb15abb221e5fbed0e5db3df180483b609c507703adde9056c3b6209a12e,c929eb15abb221e5fbed0e5db3df180483b609c507703adde9056c3b6209a12e,PASS
area_08,m_lunar_pixie,s_mon_lunar_pixie,PROJECTILE,1,AREA_08_IMAGES_OUTPUT.zip,PROJECTILE/003_m_lunar_pixie_s_mon_lunar_pixie_PROJECTILE_F01.png,PROJECTILE/003_m_lunar_pixie_s_mon_lunar_pixie_PROJECTILE_F01.png,08eedec16ecd617eca0c619d65ba664d6224fad15386f3bb82622fb08bda22ce,08eedec16ecd617eca0c619d65ba664d6224fad15386f3bb82622fb08bda22ce,PASS
area_08,m_lunar_pixie,s_mon_lunar_pixie,PROJECTILE,2,AREA_08_IMAGES_OUTPUT.zip,PROJECTILE/003_m_lunar_pixie_s_mon_lunar_pixie_PROJECTILE_F02.png,PROJECTILE/003_m_lunar_pixie_s_mon_lunar_pixie_PROJECTILE_F02.png,882a9595fb65d22ef3864aa22af889cb407b2f7938c35217c5a5442d4a8b08a8,882a9595fb65d22ef3864aa22af889cb407b2f7938c35217c5a5442d4a8b08a8,PASS
area_08,m_lunar_pixie,s_mon_lunar_pixie,PROJECTILE,3,AREA_08_IMAGES_OUTPUT.zip,PROJECTILE/003_m_lunar_pixie_s_mon_lunar_pixie_PROJECTILE_F03.png,PROJECTILE/003_m_lunar_pixie_s_mon_lunar_pixie_PROJECTILE_F03.png,6243e94da9503d6ebc22982fc6f4aa3dddedc2585ff63f8930a6207317ff8c5b,6243e94da9503d6ebc22982fc6f4aa3dddedc2585ff63f8930a6207317ff8c5b,PASS
area_08,m_luster_pixie,s_mon_luster_pixie,ICON,0,AREA_08_IMAGES_OUTPUT.zip,ICON/004_m_luster_pixie_s_mon_luster_pixie_ICON.png,ICON/004_m_luster_pixie_s_mon_luster_pixie_ICON.png,305b2ae08374efda035111de6fb088581d05eac0bab4fe3fa551ea9c4a815511,305b2ae08374efda035111de6fb088581d05eac0bab4fe3fa551ea9c4a815511,PASS
area_08,m_luster_pixie,s_mon_luster_pixie,REFERENCE_VFX,0,AREA_08_IMAGES_OUTPUT.zip,REFERENCE/004_m_luster_pixie_s_mon_luster_pixie_REFERENCE_F00.png,REFERENCE/004_m_luster_pixie_s_mon_luster_pixie_REFERENCE_F00.png,53bdd45155f07a12af477c29083a6426486a15287e403f67930b217996c2c3b6,53bdd45155f07a12af477c29083a6426486a15287e403f67930b217996c2c3b6,PASS
area_08,m_luster_pixie,s_mon_luster_pixie,REFERENCE_VFX,1,AREA_08_IMAGES_OUTPUT.zip,REFERENCE/004_m_luster_pixie_s_mon_luster_pixie_REFERENCE_F01.png,REFERENCE/004_m_luster_pixie_s_mon_luster_pixie_REFERENCE_F01.png,a3d18fc7c78f933ac77b0f7ba9f5520855077e0f3cb20f3073c21363f45b65e2,a3d18fc7c78f933ac77b0f7ba9f5520855077e0f3cb20f3073c21363f45b65e2,PASS
area_08,m_luster_pixie,s_mon_luster_pixie,REFERENCE_VFX,2,AREA_08_IMAGES_OUTPUT.zip,REFERENCE/004_m_luster_pixie_s_mon_luster_pixie_REFERENCE_F02.png,REFERENCE/004_m_luster_pixie_s_mon_luster_pixie_REFERENCE_F02.png,18838e07953b4e26c046611e873745146275e5ecd5f3f61b2aa4822289a258db,18838e07953b4e26c046611e873745146275e5ecd5f3f61b2aa4822289a258db,PASS
area_08,m_luster_pixie,s_mon_luster_pixie,REFERENCE_VFX,3,AREA_08_IMAGES_OUTPUT.zip,REFERENCE/004_m_luster_pixie_s_mon_luster_pixie_REFERENCE_F03.png,REFERENCE/004_m_luster_pixie_s_mon_luster_pixie_REFERENCE_F03.png,a7ca7d3edb63f5ae2dece193d8cb3ad9396c514877a5e00c0adb6469890f4004,a7ca7d3edb63f5ae2dece193d8cb3ad9396c514877a5e00c0adb6469890f4004,PASS
area_08,m_luster_pixie,s_mon_luster_pixie,REFERENCE_VFX,4,AREA_08_IMAGES_OUTPUT.zip,REFERENCE/004_m_luster_pixie_s_mon_luster_pixie_REFERENCE_F04.png,REFERENCE/004_m_luster_pixie_s_mon_luster_pixie_REFERENCE_F04.png,522c75e3dbd21a701211bbc7f64508a98c147a6e1f4f5f5507c2e59eae5c49b5,522c75e3dbd21a701211bbc7f64508a98c147a6e1f4f5f5507c2e59eae5c49b5,PASS
area_08,m_luster_pixie,s_mon_luster_pixie,REFERENCE_VFX,5,AREA_08_IMAGES_OUTPUT.zip,REFERENCE/004_m_luster_pixie_s_mon_luster_pixie_REFERENCE_F05.png,REFERENCE/004_m_luster_pixie_s_mon_luster_pixie_REFERENCE_F05.png,f3e5da25f8f522e80d1a0327e42b976bd25d814a9161e62b819876b735267bf2,f3e5da25f8f522e80d1a0327e42b976bd25d814a9161e62b819876b735267bf2,PASS
area_08,m_eliza,s_mon_eliza,ICON,0,AREA_08_IMAGES_OUTPUT.zip,ICON/005_m_eliza_s_mon_eliza_ICON.png,ICON/005_m_eliza_s_mon_eliza_ICON.png,3890705ea4546524d4e928e1a61c20612adae1d0282bad5628d8cbfd75110ed3,3890705ea4546524d4e928e1a61c20612adae1d0282bad5628d8cbfd75110ed3,PASS
area_08,m_eliza,s_mon_eliza,CAST_VFX,0,AREA_08_IMAGES_OUTPUT.zip,CAST/005_m_eliza_s_mon_eliza_CAST_F00.png,CAST/005_m_eliza_s_mon_eliza_CAST_F00.png,d17aba8284ed5d104c7536ba6ad1296c073db290475e0cd0251bd39dd95ed526,d17aba8284ed5d104c7536ba6ad1296c073db290475e0cd0251bd39dd95ed526,PASS
area_08,m_eliza,s_mon_eliza,CAST_VFX,1,AREA_08_IMAGES_OUTPUT.zip,CAST/005_m_eliza_s_mon_eliza_CAST_F01.png,CAST/005_m_eliza_s_mon_eliza_CAST_F01.png,fe7a3666cf587e1d3ca78f690945cf65680702e51844ba62263d868314773d17,fe7a3666cf587e1d3ca78f690945cf65680702e51844ba62263d868314773d17,PASS
area_08,m_eliza,s_mon_eliza,CAST_VFX,2,AREA_08_IMAGES_OUTPUT.zip,CAST/005_m_eliza_s_mon_eliza_CAST_F02.png,CAST/005_m_eliza_s_mon_eliza_CAST_F02.png,c4571041a5c9389a488c04c48b18f07080659d61d8aeba2e5f1efd8f81aa9ff4,c4571041a5c9389a488c04c48b18f07080659d61d8aeba2e5f1efd8f81aa9ff4,PASS
area_08,m_eliza,s_mon_eliza,CAST_VFX,3,AREA_08_IMAGES_OUTPUT.zip,CAST/005_m_eliza_s_mon_eliza_CAST_F03.png,CAST/005_m_eliza_s_mon_eliza_CAST_F03.png,84f2fbaba92ab2af65bbd654c0c978a6e9dcee3c119f383080762ed65a631284,84f2fbaba92ab2af65bbd654c0c978a6e9dcee3c119f383080762ed65a631284,PASS
area_08,m_eliza,s_mon_eliza,CAST_VFX,4,AREA_08_IMAGES_OUTPUT.zip,CAST/005_m_eliza_s_mon_eliza_CAST_F04.png,CAST/005_m_eliza_s_mon_eliza_CAST_F04.png,daa9d778fe3a8b60a27a44aa4b22c08062e6f74c0f3ce8dc55423644d24c3f56,daa9d778fe3a8b60a27a44aa4b22c08062e6f74c0f3ce8dc55423644d24c3f56,PASS
area_08,m_eliza,s_mon_eliza,CAST_VFX,5,AREA_08_IMAGES_OUTPUT.zip,CAST/005_m_eliza_s_mon_eliza_CAST_F05.png,CAST/005_m_eliza_s_mon_eliza_CAST_F05.png,4e0341df56fb424c349ae5bae04bcdfd419cd76a3af22d88e1f9f880f209c72b,4e0341df56fb424c349ae5bae04bcdfd419cd76a3af22d88e1f9f880f209c72b,PASS
area_08,m_eliza,s_mon_eliza,CAST_VFX,6,AREA_08_IMAGES_OUTPUT.zip,CAST/005_m_eliza_s_mon_eliza_CAST_F06.png,CAST/005_m_eliza_s_mon_eliza_CAST_F06.png,5b91a803ee8e320fc8fe9f05bf3aaf74da0e549c7e6b1c59fea29a2576fb189c,5b91a803ee8e320fc8fe9f05bf3aaf74da0e549c7e6b1c59fea29a2576fb189c,PASS
area_08,m_eliza,s_mon_eliza,CAST_VFX,7,AREA_08_IMAGES_OUTPUT.zip,CAST/005_m_eliza_s_mon_eliza_CAST_F07.png,CAST/005_m_eliza_s_mon_eliza_CAST_F07.png,063a4be3a46489a5afb322d6059a965029f8b60866d9385b2ff0d94543fca471,063a4be3a46489a5afb322d6059a965029f8b60866d9385b2ff0d94543fca471,PASS
area_08,m_eliza,s_mon_eliza,CAST_VFX,8,AREA_08_IMAGES_OUTPUT.zip,CAST/005_m_eliza_s_mon_eliza_CAST_F08.png,CAST/005_m_eliza_s_mon_eliza_CAST_F08.png,2626e801e624f28e7df6ce718a09b77793de54ed9fa829ea01cbe53d9065f29b,2626e801e624f28e7df6ce718a09b77793de54ed9fa829ea01cbe53d9065f29b,PASS
area_08,m_eliza,s_mon_eliza,CAST_VFX,9,AREA_08_IMAGES_OUTPUT.zip,CAST/005_m_eliza_s_mon_eliza_CAST_F09.png,CAST/005_m_eliza_s_mon_eliza_CAST_F09.png,acc1a6083c0621d85ddaec47de613ca85b902b56d0c3f88dd22374c08e944cb3,acc1a6083c0621d85ddaec47de613ca85b902b56d0c3f88dd22374c08e944cb3,PASS
area_08,m_eliza,s_mon_eliza,CAST_VFX,10,AREA_08_IMAGES_OUTPUT.zip,CAST/005_m_eliza_s_mon_eliza_CAST_F10.png,CAST/005_m_eliza_s_mon_eliza_CAST_F10.png,b077ce9d83f979f891782baf16aef126fb87f6a6d29e681d088ea860f46553b8,b077ce9d83f979f891782baf16aef126fb87f6a6d29e681d088ea860f46553b8,PASS
area_08,m_eliza,s_mon_eliza,CAST_VFX,11,AREA_08_IMAGES_OUTPUT.zip,CAST/005_m_eliza_s_mon_eliza_CAST_F11.png,CAST/005_m_eliza_s_mon_eliza_CAST_F11.png,21426783b2f9e985840499e64287dbbc3675c65f6b43d1a7b1f76eeb62617fb5,21426783b2f9e985840499e64287dbbc3675c65f6b43d1a7b1f76eeb62617fb5,PASS
area_09,m_jr_yeti,s_mon_jr_yeti,ICON,0,AREA_09_IMAGES_OUTPUT.zip,ICON/001_m_jr_yeti_s_mon_jr_yeti_ICON.png,ICON/001_m_jr_yeti_s_mon_jr_yeti_ICON.png,06f00b5a1f976549e497c5e7f1f3904436c60c6063192ed7f74d7d26cbdd0b78,06f00b5a1f976549e497c5e7f1f3904436c60c6063192ed7f74d7d26cbdd0b78,PASS
area_09,m_jr_yeti,s_mon_jr_yeti,REFERENCE_VFX,0,AREA_09_IMAGES_OUTPUT.zip,REFERENCE/001_m_jr_yeti_s_mon_jr_yeti_REFERENCE_F00.png,REFERENCE/001_m_jr_yeti_s_mon_jr_yeti_REFERENCE_F00.png,aeadfe44cf932db044244e55655d5a061fe51d2e2da23167db909f454a8b60b5,aeadfe44cf932db044244e55655d5a061fe51d2e2da23167db909f454a8b60b5,PASS
area_09,m_jr_yeti,s_mon_jr_yeti,REFERENCE_VFX,1,AREA_09_IMAGES_OUTPUT.zip,REFERENCE/001_m_jr_yeti_s_mon_jr_yeti_REFERENCE_F01.png,REFERENCE/001_m_jr_yeti_s_mon_jr_yeti_REFERENCE_F01.png,079b59d2cc97970aeec4fa5ccff52c11caa4cd61513e88e81c37a41ec496eab6,079b59d2cc97970aeec4fa5ccff52c11caa4cd61513e88e81c37a41ec496eab6,PASS
area_09,m_jr_yeti,s_mon_jr_yeti,REFERENCE_VFX,2,AREA_09_IMAGES_OUTPUT.zip,REFERENCE/001_m_jr_yeti_s_mon_jr_yeti_REFERENCE_F02.png,REFERENCE/001_m_jr_yeti_s_mon_jr_yeti_REFERENCE_F02.png,c5b36fd284f83c7f057ecb6c0b3e5e416f5e6497c9389ac614ac276ee592a300,c5b36fd284f83c7f057ecb6c0b3e5e416f5e6497c9389ac614ac276ee592a300,PASS
area_09,m_jr_yeti,s_mon_jr_yeti,REFERENCE_VFX,3,AREA_09_IMAGES_OUTPUT.zip,REFERENCE/001_m_jr_yeti_s_mon_jr_yeti_REFERENCE_F03.png,REFERENCE/001_m_jr_yeti_s_mon_jr_yeti_REFERENCE_F03.png,9a3698444af1fb4ac7798096f70a9e8c97bee4b8e72a64bb35033e55c0d68069,9a3698444af1fb4ac7798096f70a9e8c97bee4b8e72a64bb35033e55c0d68069,PASS
area_09,m_jr_yeti,s_mon_jr_yeti,REFERENCE_VFX,4,AREA_09_IMAGES_OUTPUT.zip,REFERENCE/001_m_jr_yeti_s_mon_jr_yeti_REFERENCE_F04.png,REFERENCE/001_m_jr_yeti_s_mon_jr_yeti_REFERENCE_F04.png,d7abd9f845a1c34cf1e3bb03efdc1b320505c59c1c8e34102a114eb906ce668d,d7abd9f845a1c34cf1e3bb03efdc1b320505c59c1c8e34102a114eb906ce668d,PASS
area_09,m_jr_yeti,s_mon_jr_yeti,REFERENCE_VFX,5,AREA_09_IMAGES_OUTPUT.zip,REFERENCE/001_m_jr_yeti_s_mon_jr_yeti_REFERENCE_F05.png,REFERENCE/001_m_jr_yeti_s_mon_jr_yeti_REFERENCE_F05.png,94769ddc77cff8aeb79a1adfda50c6c9448e11bec25971a0c57fe1b4fe2ae2ae,94769ddc77cff8aeb79a1adfda50c6c9448e11bec25971a0c57fe1b4fe2ae2ae,PASS
area_09,m_dark_jr_yeti,s_mon_dark_jr_yeti,ICON,0,AREA_09_IMAGES_OUTPUT.zip,ICON/002_m_dark_jr_yeti_s_mon_dark_jr_yeti_ICON.png,ICON/002_m_dark_jr_yeti_s_mon_dark_jr_yeti_ICON.png,dfa727c105f4df4f1f0698d16a77bcde5c5fcfed0c69ea26fda88cc85c2c86be,dfa727c105f4df4f1f0698d16a77bcde5c5fcfed0c69ea26fda88cc85c2c86be,PASS
area_09,m_dark_jr_yeti,s_mon_dark_jr_yeti,REFERENCE_VFX,0,AREA_09_IMAGES_OUTPUT.zip,REFERENCE/002_m_dark_jr_yeti_s_mon_dark_jr_yeti_REFERENCE_F00.png,REFERENCE/002_m_dark_jr_yeti_s_mon_dark_jr_yeti_REFERENCE_F00.png,565ba9a0b307092d86daa80f769c94e451c680732fd93ab28c07dcec7332fac4,565ba9a0b307092d86daa80f769c94e451c680732fd93ab28c07dcec7332fac4,PASS
area_09,m_dark_jr_yeti,s_mon_dark_jr_yeti,REFERENCE_VFX,1,AREA_09_IMAGES_OUTPUT.zip,REFERENCE/002_m_dark_jr_yeti_s_mon_dark_jr_yeti_REFERENCE_F01.png,REFERENCE/002_m_dark_jr_yeti_s_mon_dark_jr_yeti_REFERENCE_F01.png,24736a91e612f940e3285b42053b2b665123c0b11c536321ffb290652f8cc1fa,24736a91e612f940e3285b42053b2b665123c0b11c536321ffb290652f8cc1fa,PASS
area_09,m_dark_jr_yeti,s_mon_dark_jr_yeti,REFERENCE_VFX,2,AREA_09_IMAGES_OUTPUT.zip,REFERENCE/002_m_dark_jr_yeti_s_mon_dark_jr_yeti_REFERENCE_F02.png,REFERENCE/002_m_dark_jr_yeti_s_mon_dark_jr_yeti_REFERENCE_F02.png,b06c7531e47c90abe45a7596f5556df65da35a40ab5b4cfe650110cacc6d791f,b06c7531e47c90abe45a7596f5556df65da35a40ab5b4cfe650110cacc6d791f,PASS
area_09,m_dark_jr_yeti,s_mon_dark_jr_yeti,REFERENCE_VFX,3,AREA_09_IMAGES_OUTPUT.zip,REFERENCE/002_m_dark_jr_yeti_s_mon_dark_jr_yeti_REFERENCE_F03.png,REFERENCE/002_m_dark_jr_yeti_s_mon_dark_jr_yeti_REFERENCE_F03.png,55b2dde924475be7031fa453ea44791511bddcf49319ab164c7a9dbcaecac009,55b2dde924475be7031fa453ea44791511bddcf49319ab164c7a9dbcaecac009,PASS
area_09,m_dark_jr_yeti,s_mon_dark_jr_yeti,REFERENCE_VFX,4,AREA_09_IMAGES_OUTPUT.zip,REFERENCE/002_m_dark_jr_yeti_s_mon_dark_jr_yeti_REFERENCE_F04.png,REFERENCE/002_m_dark_jr_yeti_s_mon_dark_jr_yeti_REFERENCE_F04.png,a42fde85b9abdee238a347e3028db2c59f6e09941703d4ceb95bc58cd3d09269,a42fde85b9abdee238a347e3028db2c59f6e09941703d4ceb95bc58cd3d09269,PASS
area_09,m_dark_jr_yeti,s_mon_dark_jr_yeti,REFERENCE_VFX,5,AREA_09_IMAGES_OUTPUT.zip,REFERENCE/002_m_dark_jr_yeti_s_mon_dark_jr_yeti_REFERENCE_F05.png,REFERENCE/002_m_dark_jr_yeti_s_mon_dark_jr_yeti_REFERENCE_F05.png,ad609e2c9b007ecd698bf0068b2bcff3880199abb8fc462c1fec4d3049ebbdec,ad609e2c9b007ecd698bf0068b2bcff3880199abb8fc462c1fec4d3049ebbdec,PASS
area_09,m_hector,s_mon_hector,ICON,0,AREA_09_IMAGES_OUTPUT.zip,ICON/003_m_hector_s_mon_hector_ICON.png,ICON/003_m_hector_s_mon_hector_ICON.png,cc780d117e6b89a5ca1f53eff9708d706e48d130a32123435d0cf899462204d7,cc780d117e6b89a5ca1f53eff9708d706e48d130a32123435d0cf899462204d7,PASS
area_09,m_hector,s_mon_hector,CAST_VFX,0,AREA_09_IMAGES_OUTPUT.zip,CAST/003_m_hector_s_mon_hector_CAST_F00.png,CAST/003_m_hector_s_mon_hector_CAST_F00.png,db68a4fff0b0e5e09ab88bd7ebff42c551181eee139104ac7420a40a55f563c1,db68a4fff0b0e5e09ab88bd7ebff42c551181eee139104ac7420a40a55f563c1,PASS
area_09,m_hector,s_mon_hector,CAST_VFX,1,AREA_09_IMAGES_OUTPUT.zip,CAST/003_m_hector_s_mon_hector_CAST_F01.png,CAST/003_m_hector_s_mon_hector_CAST_F01.png,a7af0aa993924e809162afa30aeb83cf194d14a606bd3c3645aac49867c34983,a7af0aa993924e809162afa30aeb83cf194d14a606bd3c3645aac49867c34983,PASS
area_09,m_hector,s_mon_hector,CAST_VFX,2,AREA_09_IMAGES_OUTPUT.zip,CAST/003_m_hector_s_mon_hector_CAST_F02.png,CAST/003_m_hector_s_mon_hector_CAST_F02.png,d1e32d50398fc2ed74e2b7561e327d917c126e21e5d7a329ffc1645d49e06080,d1e32d50398fc2ed74e2b7561e327d917c126e21e5d7a329ffc1645d49e06080,PASS
area_09,m_hector,s_mon_hector,CAST_VFX,3,AREA_09_IMAGES_OUTPUT.zip,CAST/003_m_hector_s_mon_hector_CAST_F03.png,CAST/003_m_hector_s_mon_hector_CAST_F03.png,04d51238ee11bd021c0db504d144543432c44d009e8d702f1f7c26e9c0a295c4,04d51238ee11bd021c0db504d144543432c44d009e8d702f1f7c26e9c0a295c4,PASS
area_09,m_hector,s_mon_hector,CAST_VFX,4,AREA_09_IMAGES_OUTPUT.zip,CAST/003_m_hector_s_mon_hector_CAST_F04.png,CAST/003_m_hector_s_mon_hector_CAST_F04.png,3f1837dc8408e4869285b467d63fb253a1132241e5fd9185a922a5f6ca98d23b,3f1837dc8408e4869285b467d63fb253a1132241e5fd9185a922a5f6ca98d23b,PASS
area_09,m_hector,s_mon_hector,CAST_VFX,5,AREA_09_IMAGES_OUTPUT.zip,CAST/003_m_hector_s_mon_hector_CAST_F05.png,CAST/003_m_hector_s_mon_hector_CAST_F05.png,fa4d59538ee7ea4eb7b372d6320d6d439cbe8d292889d28e155ccd243f504d17,fa4d59538ee7ea4eb7b372d6320d6d439cbe8d292889d28e155ccd243f504d17,PASS
area_09,m_hector,s_mon_hector,CAST_VFX,6,AREA_09_IMAGES_OUTPUT.zip,CAST/003_m_hector_s_mon_hector_CAST_F06.png,CAST/003_m_hector_s_mon_hector_CAST_F06.png,0260e49d045630d88701420f77999509d3242fa74644511be1cd146c9bcc55e8,0260e49d045630d88701420f77999509d3242fa74644511be1cd146c9bcc55e8,PASS
area_09,m_hector,s_mon_hector,CAST_VFX,7,AREA_09_IMAGES_OUTPUT.zip,CAST/003_m_hector_s_mon_hector_CAST_F07.png,CAST/003_m_hector_s_mon_hector_CAST_F07.png,a44f2706b6c2acc1907a9066a971eefee2aca848656dfe26df1e430e33a2e6c3,a44f2706b6c2acc1907a9066a971eefee2aca848656dfe26df1e430e33a2e6c3,PASS
area_09,m_white_fang,s_mon_white_fang,ICON,0,AREA_09_IMAGES_OUTPUT.zip,ICON/004_m_white_fang_s_mon_white_fang_ICON.png,ICON/004_m_white_fang_s_mon_white_fang_ICON.png,99399b9fa16e056c203a9c0091dc56331122f147cf709a38dde4ae4516a5576e,99399b9fa16e056c203a9c0091dc56331122f147cf709a38dde4ae4516a5576e,PASS
area_09,m_white_fang,s_mon_white_fang,CAST_VFX,0,AREA_09_IMAGES_OUTPUT.zip,CAST/004_m_white_fang_s_mon_white_fang_CAST_F00.png,CAST/004_m_white_fang_s_mon_white_fang_CAST_F00.png,dce8ec99fde592dad12ff2dc879da08b5878a5172e60d0447be33c7d64213aeb,dce8ec99fde592dad12ff2dc879da08b5878a5172e60d0447be33c7d64213aeb,PASS
area_09,m_white_fang,s_mon_white_fang,CAST_VFX,1,AREA_09_IMAGES_OUTPUT.zip,CAST/004_m_white_fang_s_mon_white_fang_CAST_F01.png,CAST/004_m_white_fang_s_mon_white_fang_CAST_F01.png,826730f47a048ad82aad16ab357388a2e6069e05909682b0f02e79c55fae2ea6,826730f47a048ad82aad16ab357388a2e6069e05909682b0f02e79c55fae2ea6,PASS
area_09,m_white_fang,s_mon_white_fang,CAST_VFX,2,AREA_09_IMAGES_OUTPUT.zip,CAST/004_m_white_fang_s_mon_white_fang_CAST_F02.png,CAST/004_m_white_fang_s_mon_white_fang_CAST_F02.png,9a8ba68820f51e456aba49ab6f2dc5922f042d64c614b992826e0d42148e637c,9a8ba68820f51e456aba49ab6f2dc5922f042d64c614b992826e0d42148e637c,PASS
area_09,m_white_fang,s_mon_white_fang,CAST_VFX,3,AREA_09_IMAGES_OUTPUT.zip,CAST/004_m_white_fang_s_mon_white_fang_CAST_F03.png,CAST/004_m_white_fang_s_mon_white_fang_CAST_F03.png,22a255cfe151b1f71d78d01dcbf392a759f858272446762f80d3dc30b48abb26,22a255cfe151b1f71d78d01dcbf392a759f858272446762f80d3dc30b48abb26,PASS
area_09,m_white_fang,s_mon_white_fang,CAST_VFX,4,AREA_09_IMAGES_OUTPUT.zip,CAST/004_m_white_fang_s_mon_white_fang_CAST_F04.png,CAST/004_m_white_fang_s_mon_white_fang_CAST_F04.png,e4e9a4ce8f0cebf30802f4926215b1f80e8cf3b55bd490610fb2b18d059afde4,e4e9a4ce8f0cebf30802f4926215b1f80e8cf3b55bd490610fb2b18d059afde4,PASS
area_09,m_white_fang,s_mon_white_fang,CAST_VFX,5,AREA_09_IMAGES_OUTPUT.zip,CAST/004_m_white_fang_s_mon_white_fang_CAST_F05.png,CAST/004_m_white_fang_s_mon_white_fang_CAST_F05.png,1f78e0c2f20875cf6bfb48eaec129d92383587df02b3019523761595c7b34701,1f78e0c2f20875cf6bfb48eaec129d92383587df02b3019523761595c7b34701,PASS
area_09,m_white_fang,s_mon_white_fang,CAST_VFX,6,AREA_09_IMAGES_OUTPUT.zip,CAST/004_m_white_fang_s_mon_white_fang_CAST_F06.png,CAST/004_m_white_fang_s_mon_white_fang_CAST_F06.png,e8c35af13a9f3d05dce9800c21a4c4aac5ffd2bb7caeb3adda74bec8416c75d6,e8c35af13a9f3d05dce9800c21a4c4aac5ffd2bb7caeb3adda74bec8416c75d6,PASS
area_09,m_white_fang,s_mon_white_fang,CAST_VFX,7,AREA_09_IMAGES_OUTPUT.zip,CAST/004_m_white_fang_s_mon_white_fang_CAST_F07.png,CAST/004_m_white_fang_s_mon_white_fang_CAST_F07.png,0ca535bdebe17c47d6ec7d0721c0bf91f320ebae5e4f292510ae9a96597160de,0ca535bdebe17c47d6ec7d0721c0bf91f320ebae5e4f292510ae9a96597160de,PASS
area_09,m_snow_witch,s_mon_snow_witch,ICON,0,AREA_09_IMAGES_OUTPUT.zip,ICON/005_m_snow_witch_s_mon_snow_witch_ICON.png,ICON/005_m_snow_witch_s_mon_snow_witch_ICON.png,e131fe9bcf97eb82b9209efcd94c1372c418505d7443fc2f0ed4784960e5be99,e131fe9bcf97eb82b9209efcd94c1372c418505d7443fc2f0ed4784960e5be99,PASS
area_09,m_snow_witch,s_mon_snow_witch,CAST_VFX,0,AREA_09_IMAGES_OUTPUT.zip,CAST/005_m_snow_witch_s_mon_snow_witch_CAST_F00.png,CAST/005_m_snow_witch_s_mon_snow_witch_CAST_F00.png,dd680dd018aa8efe91d811c98928fbc4312834f565e40305a9ff10dd9f0a4602,dd680dd018aa8efe91d811c98928fbc4312834f565e40305a9ff10dd9f0a4602,PASS
area_09,m_snow_witch,s_mon_snow_witch,CAST_VFX,1,AREA_09_IMAGES_OUTPUT.zip,CAST/005_m_snow_witch_s_mon_snow_witch_CAST_F01.png,CAST/005_m_snow_witch_s_mon_snow_witch_CAST_F01.png,519d102b3cf70e453e198fc2d610fdb8909c21cf13036f5d8b943e9121dd438f,519d102b3cf70e453e198fc2d610fdb8909c21cf13036f5d8b943e9121dd438f,PASS
area_09,m_snow_witch,s_mon_snow_witch,CAST_VFX,2,AREA_09_IMAGES_OUTPUT.zip,CAST/005_m_snow_witch_s_mon_snow_witch_CAST_F02.png,CAST/005_m_snow_witch_s_mon_snow_witch_CAST_F02.png,eb4bdec8724e60e0538b5bc09b5c2818016bbe7a8aaa37544589a269ce46fe20,eb4bdec8724e60e0538b5bc09b5c2818016bbe7a8aaa37544589a269ce46fe20,PASS
area_09,m_snow_witch,s_mon_snow_witch,CAST_VFX,3,AREA_09_IMAGES_OUTPUT.zip,CAST/005_m_snow_witch_s_mon_snow_witch_CAST_F03.png,CAST/005_m_snow_witch_s_mon_snow_witch_CAST_F03.png,bb156d2bf782f50bf75ff04bd41b76e1923df7154b411c71a1702237244bff5f,bb156d2bf782f50bf75ff04bd41b76e1923df7154b411c71a1702237244bff5f,PASS
area_09,m_snow_witch,s_mon_snow_witch,CAST_VFX,4,AREA_09_IMAGES_OUTPUT.zip,CAST/005_m_snow_witch_s_mon_snow_witch_CAST_F04.png,CAST/005_m_snow_witch_s_mon_snow_witch_CAST_F04.png,d23d4ecd823a75f9621c4d5fd005b985cd26b938f5b18f4fd939db6ce0e52857,d23d4ecd823a75f9621c4d5fd005b985cd26b938f5b18f4fd939db6ce0e52857,PASS
area_09,m_snow_witch,s_mon_snow_witch,CAST_VFX,5,AREA_09_IMAGES_OUTPUT.zip,CAST/005_m_snow_witch_s_mon_snow_witch_CAST_F05.png,CAST/005_m_snow_witch_s_mon_snow_witch_CAST_F05.png,f5524bad6755bb285372d1904340ef7373617e78694c015ddaab8c5c6f60fb28,f5524bad6755bb285372d1904340ef7373617e78694c015ddaab8c5c6f60fb28,PASS
area_09,m_snow_witch,s_mon_snow_witch,CAST_VFX,6,AREA_09_IMAGES_OUTPUT.zip,CAST/005_m_snow_witch_s_mon_snow_witch_CAST_F06.png,CAST/005_m_snow_witch_s_mon_snow_witch_CAST_F06.png,ec7c2d45af3c690d3a4d9f80e271186641e281ac153d6d073f3b5e829c357964,ec7c2d45af3c690d3a4d9f80e271186641e281ac153d6d073f3b5e829c357964,PASS
area_09,m_snow_witch,s_mon_snow_witch,CAST_VFX,7,AREA_09_IMAGES_OUTPUT.zip,CAST/005_m_snow_witch_s_mon_snow_witch_CAST_F07.png,CAST/005_m_snow_witch_s_mon_snow_witch_CAST_F07.png,c6e680499eb26cd0ab3ae881621e38aae50e3c1e1dea224d6c3b11b999b6693b,c6e680499eb26cd0ab3ae881621e38aae50e3c1e1dea224d6c3b11b999b6693b,PASS
area_09,m_snow_witch,s_mon_snow_witch,CAST_VFX,8,AREA_09_IMAGES_OUTPUT.zip,CAST/005_m_snow_witch_s_mon_snow_witch_CAST_F08.png,CAST/005_m_snow_witch_s_mon_snow_witch_CAST_F08.png,877595af44474499c4ca723ead9ccc22591d5637a17f4b1c4e4d2994cb53ef5d,877595af44474499c4ca723ead9ccc22591d5637a17f4b1c4e4d2994cb53ef5d,PASS
area_09,m_snow_witch,s_mon_snow_witch,CAST_VFX,9,AREA_09_IMAGES_OUTPUT.zip,CAST/005_m_snow_witch_s_mon_snow_witch_CAST_F09.png,CAST/005_m_snow_witch_s_mon_snow_witch_CAST_F09.png,0c280f0c4fe428a4411acde2c23faeb9da935759ce33cdd03168ed554a5a201f,0c280f0c4fe428a4411acde2c23faeb9da935759ce33cdd03168ed554a5a201f,PASS
area_09,m_snow_witch,s_mon_snow_witch,CAST_VFX,10,AREA_09_IMAGES_OUTPUT.zip,CAST/005_m_snow_witch_s_mon_snow_witch_CAST_F10.png,CAST/005_m_snow_witch_s_mon_snow_witch_CAST_F10.png,1f217529a44e700489e6008c50b6453f7e014267de35f89d5b0951c1735550ba,1f217529a44e700489e6008c50b6453f7e014267de35f89d5b0951c1735550ba,PASS
area_09,m_snow_witch,s_mon_snow_witch,CAST_VFX,11,AREA_09_IMAGES_OUTPUT.zip,CAST/005_m_snow_witch_s_mon_snow_witch_CAST_F11.png,CAST/005_m_snow_witch_s_mon_snow_witch_CAST_F11.png,7261b95d9b46f64542fe19c8046da3a9bdd53047e10d095b6eaf7b8cbdecb28a,7261b95d9b46f64542fe19c8046da3a9bdd53047e10d095b6eaf7b8cbdecb28a,PASS
area_10,m_bubble_fish,s_mon_bubble_fish,ICON,0,AREA_10_IMAGES_OUTPUT.zip,ICON/001_m_bubble_fish_s_mon_bubble_fish_ICON.png,ICON/001_m_bubble_fish_s_mon_bubble_fish_ICON.png,62ef8c156feec57ac50b91bda9cc47e94331e1190de8d3c7e470340412534a47,62ef8c156feec57ac50b91bda9cc47e94331e1190de8d3c7e470340412534a47,PASS
area_10,m_bubble_fish,s_mon_bubble_fish,REFERENCE_VFX,0,AREA_10_IMAGES_OUTPUT.zip,REFERENCE/001_m_bubble_fish_s_mon_bubble_fish_REFERENCE_F00.png,REFERENCE/001_m_bubble_fish_s_mon_bubble_fish_REFERENCE_F00.png,5efa647a6547895b5d5ad286ca2c540f61257b0ee5bc5f1d835323e80b8d1810,5efa647a6547895b5d5ad286ca2c540f61257b0ee5bc5f1d835323e80b8d1810,PASS
area_10,m_bubble_fish,s_mon_bubble_fish,REFERENCE_VFX,1,AREA_10_IMAGES_OUTPUT.zip,REFERENCE/001_m_bubble_fish_s_mon_bubble_fish_REFERENCE_F01.png,REFERENCE/001_m_bubble_fish_s_mon_bubble_fish_REFERENCE_F01.png,f0897f56ac7150e4bf924593d0d41779fc978ad59dad35db215e9c468aea2792,f0897f56ac7150e4bf924593d0d41779fc978ad59dad35db215e9c468aea2792,PASS
area_10,m_bubble_fish,s_mon_bubble_fish,REFERENCE_VFX,2,AREA_10_IMAGES_OUTPUT.zip,REFERENCE/001_m_bubble_fish_s_mon_bubble_fish_REFERENCE_F02.png,REFERENCE/001_m_bubble_fish_s_mon_bubble_fish_REFERENCE_F02.png,3b781f60890c4b3f73816ce2afc9dd59229eb307c6e8c5d511e4251da4b9c86c,3b781f60890c4b3f73816ce2afc9dd59229eb307c6e8c5d511e4251da4b9c86c,PASS
area_10,m_bubble_fish,s_mon_bubble_fish,REFERENCE_VFX,3,AREA_10_IMAGES_OUTPUT.zip,REFERENCE/001_m_bubble_fish_s_mon_bubble_fish_REFERENCE_F03.png,REFERENCE/001_m_bubble_fish_s_mon_bubble_fish_REFERENCE_F03.png,edbd5b346a1d0a958c3cb3c0fea3d21ad7a56d6dc68e96a8a398a533d25ab7fc,edbd5b346a1d0a958c3cb3c0fea3d21ad7a56d6dc68e96a8a398a533d25ab7fc,PASS
area_10,m_bubble_fish,s_mon_bubble_fish,REFERENCE_VFX,4,AREA_10_IMAGES_OUTPUT.zip,REFERENCE/001_m_bubble_fish_s_mon_bubble_fish_REFERENCE_F04.png,REFERENCE/001_m_bubble_fish_s_mon_bubble_fish_REFERENCE_F04.png,2fbee6a59dbd90c8863e343eefd7a04b446b91985a38ec3835fd38c3dc1d12f0,2fbee6a59dbd90c8863e343eefd7a04b446b91985a38ec3835fd38c3dc1d12f0,PASS
area_10,m_bubble_fish,s_mon_bubble_fish,REFERENCE_VFX,5,AREA_10_IMAGES_OUTPUT.zip,REFERENCE/001_m_bubble_fish_s_mon_bubble_fish_REFERENCE_F05.png,REFERENCE/001_m_bubble_fish_s_mon_bubble_fish_REFERENCE_F05.png,4229a8751c9ee93138d105f6667c5b80fa941c572a829149f24e057dee623c4a,4229a8751c9ee93138d105f6667c5b80fa941c572a829149f24e057dee623c4a,PASS
area_10,m_mask_fish,s_mon_mask_fish,ICON,0,AREA_10_IMAGES_OUTPUT.zip,ICON/002_m_mask_fish_s_mon_mask_fish_ICON.png,ICON/002_m_mask_fish_s_mon_mask_fish_ICON.png,66650b73b9443a66b1fead6ce3f59b9ba33782677c809819b42aa807326b6a45,66650b73b9443a66b1fead6ce3f59b9ba33782677c809819b42aa807326b6a45,PASS
area_10,m_mask_fish,s_mon_mask_fish,REFERENCE_VFX,0,AREA_10_IMAGES_OUTPUT.zip,REFERENCE/002_m_mask_fish_s_mon_mask_fish_REFERENCE_F00.png,REFERENCE/002_m_mask_fish_s_mon_mask_fish_REFERENCE_F00.png,518118f70295022332ce411a96e239e99b373fcc4dc97db6024d853e188b8082,518118f70295022332ce411a96e239e99b373fcc4dc97db6024d853e188b8082,PASS
area_10,m_mask_fish,s_mon_mask_fish,REFERENCE_VFX,1,AREA_10_IMAGES_OUTPUT.zip,REFERENCE/002_m_mask_fish_s_mon_mask_fish_REFERENCE_F01.png,REFERENCE/002_m_mask_fish_s_mon_mask_fish_REFERENCE_F01.png,c8d06d03cf10b88da16419418b35b6fd4a55f715a652a0b99514b79f24d0ae01,c8d06d03cf10b88da16419418b35b6fd4a55f715a652a0b99514b79f24d0ae01,PASS
area_10,m_mask_fish,s_mon_mask_fish,REFERENCE_VFX,2,AREA_10_IMAGES_OUTPUT.zip,REFERENCE/002_m_mask_fish_s_mon_mask_fish_REFERENCE_F02.png,REFERENCE/002_m_mask_fish_s_mon_mask_fish_REFERENCE_F02.png,1387d1e6cddd4fd79f8b28d864bb4617df18043aafa0f9d19c88127899e45fa6,1387d1e6cddd4fd79f8b28d864bb4617df18043aafa0f9d19c88127899e45fa6,PASS
area_10,m_mask_fish,s_mon_mask_fish,REFERENCE_VFX,3,AREA_10_IMAGES_OUTPUT.zip,REFERENCE/002_m_mask_fish_s_mon_mask_fish_REFERENCE_F03.png,REFERENCE/002_m_mask_fish_s_mon_mask_fish_REFERENCE_F03.png,a10360a361492ef0c933aaddc1f21efd747db3620da9c0e3d6e4dc0a17c3bcb8,a10360a361492ef0c933aaddc1f21efd747db3620da9c0e3d6e4dc0a17c3bcb8,PASS
area_10,m_mask_fish,s_mon_mask_fish,REFERENCE_VFX,4,AREA_10_IMAGES_OUTPUT.zip,REFERENCE/002_m_mask_fish_s_mon_mask_fish_REFERENCE_F04.png,REFERENCE/002_m_mask_fish_s_mon_mask_fish_REFERENCE_F04.png,a1ac70f9554a8407c3ebb2467f1445e94da3c708d83fb58bc0f7725087ceef0d,a1ac70f9554a8407c3ebb2467f1445e94da3c708d83fb58bc0f7725087ceef0d,PASS
area_10,m_mask_fish,s_mon_mask_fish,REFERENCE_VFX,5,AREA_10_IMAGES_OUTPUT.zip,REFERENCE/002_m_mask_fish_s_mon_mask_fish_REFERENCE_F05.png,REFERENCE/002_m_mask_fish_s_mon_mask_fish_REFERENCE_F05.png,0518bac89d68460ae588889386f5752037bacdbb82fe09284c09071449dfecd1,0518bac89d68460ae588889386f5752037bacdbb82fe09284c09071449dfecd1,PASS
area_10,m_squid,s_mon_squid,ICON,0,AREA_10_IMAGES_OUTPUT.zip,ICON/003_m_squid_s_mon_squid_ICON.png,ICON/003_m_squid_s_mon_squid_ICON.png,888ebc48e4f491752106fe62ad895343790d45d7f56e4c509723e4197f9b0cbb,888ebc48e4f491752106fe62ad895343790d45d7f56e4c509723e4197f9b0cbb,PASS
area_10,m_squid,s_mon_squid,CAST_VFX,0,AREA_10_IMAGES_OUTPUT.zip,CAST/003_m_squid_s_mon_squid_CAST_F00.png,CAST/003_m_squid_s_mon_squid_CAST_F00.png,bfbfd6bce1f6392fc3c473a9471e41939c9502b1163379283d0ef30e692e3beb,bfbfd6bce1f6392fc3c473a9471e41939c9502b1163379283d0ef30e692e3beb,PASS
area_10,m_squid,s_mon_squid,CAST_VFX,1,AREA_10_IMAGES_OUTPUT.zip,CAST/003_m_squid_s_mon_squid_CAST_F01.png,CAST/003_m_squid_s_mon_squid_CAST_F01.png,9308a41569a0609413ac85d31fef4dedbece6a1c2abff317ed11eef6b1ca1132,9308a41569a0609413ac85d31fef4dedbece6a1c2abff317ed11eef6b1ca1132,PASS
area_10,m_squid,s_mon_squid,CAST_VFX,2,AREA_10_IMAGES_OUTPUT.zip,CAST/003_m_squid_s_mon_squid_CAST_F02.png,CAST/003_m_squid_s_mon_squid_CAST_F02.png,54cf803f6250529d5c7008995b780f4fc844a6b4471458c072b127720482249b,54cf803f6250529d5c7008995b780f4fc844a6b4471458c072b127720482249b,PASS
area_10,m_squid,s_mon_squid,CAST_VFX,3,AREA_10_IMAGES_OUTPUT.zip,CAST/003_m_squid_s_mon_squid_CAST_F03.png,CAST/003_m_squid_s_mon_squid_CAST_F03.png,6b795ea54dfce07fa6ab53b62a76f76e885165ad550e237e14749e8ef13f262c,6b795ea54dfce07fa6ab53b62a76f76e885165ad550e237e14749e8ef13f262c,PASS
area_10,m_squid,s_mon_squid,CAST_VFX,4,AREA_10_IMAGES_OUTPUT.zip,CAST/003_m_squid_s_mon_squid_CAST_F04.png,CAST/003_m_squid_s_mon_squid_CAST_F04.png,384b44f6181b18c007e7388b95b359a7725d07d44f35272d564b220831707cb2,384b44f6181b18c007e7388b95b359a7725d07d44f35272d564b220831707cb2,PASS
area_10,m_squid,s_mon_squid,CAST_VFX,5,AREA_10_IMAGES_OUTPUT.zip,CAST/003_m_squid_s_mon_squid_CAST_F05.png,CAST/003_m_squid_s_mon_squid_CAST_F05.png,63dfda46cef82d9e39549cc0fc5db4d17f0e631ef836cff0f871f62aa5e4ca68,63dfda46cef82d9e39549cc0fc5db4d17f0e631ef836cff0f871f62aa5e4ca68,PASS
area_10,m_squid,s_mon_squid,CAST_VFX,6,AREA_10_IMAGES_OUTPUT.zip,CAST/003_m_squid_s_mon_squid_CAST_F06.png,CAST/003_m_squid_s_mon_squid_CAST_F06.png,251dfdb229be361c9f4645cb75f3045f2923f521777f5f8fbc76a738dea77b55,251dfdb229be361c9f4645cb75f3045f2923f521777f5f8fbc76a738dea77b55,PASS
area_10,m_squid,s_mon_squid,CAST_VFX,7,AREA_10_IMAGES_OUTPUT.zip,CAST/003_m_squid_s_mon_squid_CAST_F07.png,CAST/003_m_squid_s_mon_squid_CAST_F07.png,cdb4c9a7f79c55686fc5fea43fa1cca4d8cdb8184e5de17defeebd1c0254e644,cdb4c9a7f79c55686fc5fea43fa1cca4d8cdb8184e5de17defeebd1c0254e644,PASS
area_10,m_shark,s_mon_shark,ICON,0,AREA_10_IMAGES_OUTPUT.zip,ICON/004_m_shark_s_mon_shark_ICON.png,ICON/004_m_shark_s_mon_shark_ICON.png,6ab8fde323c8de91701fd2c19ee8f8732663d0efa02db6e678fde4398ecd81bf,6ab8fde323c8de91701fd2c19ee8f8732663d0efa02db6e678fde4398ecd81bf,PASS
area_10,m_shark,s_mon_shark,CAST_VFX,0,AREA_10_IMAGES_OUTPUT.zip,CAST/004_m_shark_s_mon_shark_CAST_F00.png,CAST/004_m_shark_s_mon_shark_CAST_F00.png,a0e7695c24c549d2043765a4daaabc145b3ccf9c75467e7c4877ce6b7a07aa0d,a0e7695c24c549d2043765a4daaabc145b3ccf9c75467e7c4877ce6b7a07aa0d,PASS
area_10,m_shark,s_mon_shark,CAST_VFX,1,AREA_10_IMAGES_OUTPUT.zip,CAST/004_m_shark_s_mon_shark_CAST_F01.png,CAST/004_m_shark_s_mon_shark_CAST_F01.png,0ca97ab351d8177eec80724fa54d5e50d9b83b77082f03f893493e8cec2504af,0ca97ab351d8177eec80724fa54d5e50d9b83b77082f03f893493e8cec2504af,PASS
area_10,m_shark,s_mon_shark,CAST_VFX,2,AREA_10_IMAGES_OUTPUT.zip,CAST/004_m_shark_s_mon_shark_CAST_F02.png,CAST/004_m_shark_s_mon_shark_CAST_F02.png,49e994c7e787cededc34818fba5f943bd84b101996dc5089343cdbb62e0588f9,49e994c7e787cededc34818fba5f943bd84b101996dc5089343cdbb62e0588f9,PASS
area_10,m_shark,s_mon_shark,CAST_VFX,3,AREA_10_IMAGES_OUTPUT.zip,CAST/004_m_shark_s_mon_shark_CAST_F03.png,CAST/004_m_shark_s_mon_shark_CAST_F03.png,26f9c3c7b8c447dbfd2036a05937426bd2b43b4365af980d4d9741443dd103f6,26f9c3c7b8c447dbfd2036a05937426bd2b43b4365af980d4d9741443dd103f6,PASS
area_10,m_shark,s_mon_shark,CAST_VFX,4,AREA_10_IMAGES_OUTPUT.zip,CAST/004_m_shark_s_mon_shark_CAST_F04.png,CAST/004_m_shark_s_mon_shark_CAST_F04.png,b6d6703c5d802eee275e5d1751d80623cb239f8fe1f415d1c11386bf1b13e2e5,b6d6703c5d802eee275e5d1751d80623cb239f8fe1f415d1c11386bf1b13e2e5,PASS
area_10,m_shark,s_mon_shark,CAST_VFX,5,AREA_10_IMAGES_OUTPUT.zip,CAST/004_m_shark_s_mon_shark_CAST_F05.png,CAST/004_m_shark_s_mon_shark_CAST_F05.png,0967e99b77fa5666583b051ed276340fb1d758ffd95de64548d5cb577a4008d3,0967e99b77fa5666583b051ed276340fb1d758ffd95de64548d5cb577a4008d3,PASS
area_10,m_shark,s_mon_shark,CAST_VFX,6,AREA_10_IMAGES_OUTPUT.zip,CAST/004_m_shark_s_mon_shark_CAST_F06.png,CAST/004_m_shark_s_mon_shark_CAST_F06.png,ad120a6308044b31d07e6f5d00a7c64d1ef2a149f9b2bb942f1e0bf82ebc5c36,ad120a6308044b31d07e6f5d00a7c64d1ef2a149f9b2bb942f1e0bf82ebc5c36,PASS
area_10,m_shark,s_mon_shark,CAST_VFX,7,AREA_10_IMAGES_OUTPUT.zip,CAST/004_m_shark_s_mon_shark_CAST_F07.png,CAST/004_m_shark_s_mon_shark_CAST_F07.png,02db566fec779ffd1f9e5561595a533dcecd9bf4c227149da0a9291969ea2ce1,02db566fec779ffd1f9e5561595a533dcecd9bf4c227149da0a9291969ea2ce1,PASS
area_10,m_shark,s_mon_shark,PROJECTILE,0,AREA_10_IMAGES_OUTPUT.zip,PROJECTILE/004_m_shark_s_mon_shark_PROJECTILE_F00.png,PROJECTILE/004_m_shark_s_mon_shark_PROJECTILE_F00.png,69c4c9db95f86bac055e61c285bb1043b164c1617d0c958defd28340e7ce8707,69c4c9db95f86bac055e61c285bb1043b164c1617d0c958defd28340e7ce8707,PASS
area_10,m_shark,s_mon_shark,PROJECTILE,1,AREA_10_IMAGES_OUTPUT.zip,PROJECTILE/004_m_shark_s_mon_shark_PROJECTILE_F01.png,PROJECTILE/004_m_shark_s_mon_shark_PROJECTILE_F01.png,069dff4cc8dcd93ede26994000f2c292197074043ba92049912a84fe11a8497b,069dff4cc8dcd93ede26994000f2c292197074043ba92049912a84fe11a8497b,PASS
area_10,m_shark,s_mon_shark,PROJECTILE,2,AREA_10_IMAGES_OUTPUT.zip,PROJECTILE/004_m_shark_s_mon_shark_PROJECTILE_F02.png,PROJECTILE/004_m_shark_s_mon_shark_PROJECTILE_F02.png,d8200b617d9967fd2dc2c8bc8a2fe97997814e0033c68fa71789c3132948d4e5,d8200b617d9967fd2dc2c8bc8a2fe97997814e0033c68fa71789c3132948d4e5,PASS
area_10,m_shark,s_mon_shark,PROJECTILE,3,AREA_10_IMAGES_OUTPUT.zip,PROJECTILE/004_m_shark_s_mon_shark_PROJECTILE_F03.png,PROJECTILE/004_m_shark_s_mon_shark_PROJECTILE_F03.png,7f15e52e47ec3a712c4b1f88af588ce4a3217967282059882bdc041f2ddc70c6,7f15e52e47ec3a712c4b1f88af588ce4a3217967282059882bdc041f2ddc70c6,PASS
area_10,m_pianus,s_mon_pianus,ICON,0,AREA_10_IMAGES_OUTPUT.zip,ICON/005_m_pianus_s_mon_pianus_ICON.png,ICON/005_m_pianus_s_mon_pianus_ICON.png,99bc484fbe92828c7c774b2e12099aba72d650f5be7c6f6ef92ff405173f195c,99bc484fbe92828c7c774b2e12099aba72d650f5be7c6f6ef92ff405173f195c,PASS
area_10,m_pianus,s_mon_pianus,CAST_VFX,0,AREA_10_IMAGES_OUTPUT.zip,CAST/005_m_pianus_s_mon_pianus_CAST_F00.png,CAST/005_m_pianus_s_mon_pianus_CAST_F00.png,2476c771728d2328ec0ffbfa00d9c1936fa8a122a494f145d8f3efc6dbf74095,2476c771728d2328ec0ffbfa00d9c1936fa8a122a494f145d8f3efc6dbf74095,PASS
area_10,m_pianus,s_mon_pianus,CAST_VFX,1,AREA_10_IMAGES_OUTPUT.zip,CAST/005_m_pianus_s_mon_pianus_CAST_F01.png,CAST/005_m_pianus_s_mon_pianus_CAST_F01.png,ec252be194664aa7ee4971d3562723a6c9910221a32b45f3831580277bdc7021,ec252be194664aa7ee4971d3562723a6c9910221a32b45f3831580277bdc7021,PASS
area_10,m_pianus,s_mon_pianus,CAST_VFX,2,AREA_10_IMAGES_OUTPUT.zip,CAST/005_m_pianus_s_mon_pianus_CAST_F02.png,CAST/005_m_pianus_s_mon_pianus_CAST_F02.png,7bb73ffc2212a7383fd6f27bbfc4e974edad76773e967b016170342733ab9321,7bb73ffc2212a7383fd6f27bbfc4e974edad76773e967b016170342733ab9321,PASS
area_10,m_pianus,s_mon_pianus,CAST_VFX,3,AREA_10_IMAGES_OUTPUT.zip,CAST/005_m_pianus_s_mon_pianus_CAST_F03.png,CAST/005_m_pianus_s_mon_pianus_CAST_F03.png,c4641ce62a5c392daae54a93ed14c4eca7a952fa1cb9603ef7a6b34a2c240e45,c4641ce62a5c392daae54a93ed14c4eca7a952fa1cb9603ef7a6b34a2c240e45,PASS
area_10,m_pianus,s_mon_pianus,CAST_VFX,4,AREA_10_IMAGES_OUTPUT.zip,CAST/005_m_pianus_s_mon_pianus_CAST_F04.png,CAST/005_m_pianus_s_mon_pianus_CAST_F04.png,34abae9bbfeeed31890d59f80f9bac1799e729bfa043515bafc9454db3c9eb99,34abae9bbfeeed31890d59f80f9bac1799e729bfa043515bafc9454db3c9eb99,PASS
area_10,m_pianus,s_mon_pianus,CAST_VFX,5,AREA_10_IMAGES_OUTPUT.zip,CAST/005_m_pianus_s_mon_pianus_CAST_F05.png,CAST/005_m_pianus_s_mon_pianus_CAST_F05.png,c70fee7f2c73f1cca2301a8b45aa2054de22214d681bf6176ef739a53ffd304d,c70fee7f2c73f1cca2301a8b45aa2054de22214d681bf6176ef739a53ffd304d,PASS
area_10,m_pianus,s_mon_pianus,CAST_VFX,6,AREA_10_IMAGES_OUTPUT.zip,CAST/005_m_pianus_s_mon_pianus_CAST_F06.png,CAST/005_m_pianus_s_mon_pianus_CAST_F06.png,203f6c702f5c7951abe033707ec97fbaadee737b2c638157e864bcdea2537fb5,203f6c702f5c7951abe033707ec97fbaadee737b2c638157e864bcdea2537fb5,PASS
area_10,m_pianus,s_mon_pianus,CAST_VFX,7,AREA_10_IMAGES_OUTPUT.zip,CAST/005_m_pianus_s_mon_pianus_CAST_F07.png,CAST/005_m_pianus_s_mon_pianus_CAST_F07.png,72023eafcf41eb14e9cc08632abe1893e7d1781d37fe3c0fbdda076e2392b6c8,72023eafcf41eb14e9cc08632abe1893e7d1781d37fe3c0fbdda076e2392b6c8,PASS
area_10,m_pianus,s_mon_pianus,CAST_VFX,8,AREA_10_IMAGES_OUTPUT.zip,CAST/005_m_pianus_s_mon_pianus_CAST_F08.png,CAST/005_m_pianus_s_mon_pianus_CAST_F08.png,f8d3b9db33269fb01c6151125b6f4bef7a98f3b8e4f43076b8224b01d1dc2f00,f8d3b9db33269fb01c6151125b6f4bef7a98f3b8e4f43076b8224b01d1dc2f00,PASS
area_10,m_pianus,s_mon_pianus,CAST_VFX,9,AREA_10_IMAGES_OUTPUT.zip,CAST/005_m_pianus_s_mon_pianus_CAST_F09.png,CAST/005_m_pianus_s_mon_pianus_CAST_F09.png,908a1f0c985ca643980d0e8314670b0aa807bd3fff1d0fef311fd74273315903,908a1f0c985ca643980d0e8314670b0aa807bd3fff1d0fef311fd74273315903,PASS
area_10,m_pianus,s_mon_pianus,CAST_VFX,10,AREA_10_IMAGES_OUTPUT.zip,CAST/005_m_pianus_s_mon_pianus_CAST_F10.png,CAST/005_m_pianus_s_mon_pianus_CAST_F10.png,17419649151179432f38b92d4bee4671909f4b841399dc6df917934839d60218,17419649151179432f38b92d4bee4671909f4b841399dc6df917934839d60218,PASS
area_10,m_pianus,s_mon_pianus,CAST_VFX,11,AREA_10_IMAGES_OUTPUT.zip,CAST/005_m_pianus_s_mon_pianus_CAST_F11.png,CAST/005_m_pianus_s_mon_pianus_CAST_F11.png,a0034577132977465f65e68d63d2b39d7644bb4291070d51c91e2d2668383977,a0034577132977465f65e68d63d2b39d7644bb4291070d51c91e2d2668383977,PASS
area_13,m_white_sand_rabbit,s_mon_white_sand_rabbit,ICON,0,AREA_13_IMAGES_OUTPUT.zip,ICON/001_m_white_sand_rabbit_s_mon_white_sand_rabbit_ICON.png,ICON/001_m_white_sand_rabbit_s_mon_white_sand_rabbit_ICON.png,bff0a3ae4d2ede022cd61ecd93cfe2c431777d4b5070660d619430016743e58a,bff0a3ae4d2ede022cd61ecd93cfe2c431777d4b5070660d619430016743e58a,PASS
area_13,m_white_sand_rabbit,s_mon_white_sand_rabbit,CAST_VFX,0,AREA_13_IMAGES_OUTPUT.zip,CAST/001_m_white_sand_rabbit_s_mon_white_sand_rabbit_CAST_F00.png,CAST/001_m_white_sand_rabbit_s_mon_white_sand_rabbit_CAST_F00.png,4993b2a24667320b4efa530ac4040025f061b69c2ccba606a20d8a0fe302bdbd,4993b2a24667320b4efa530ac4040025f061b69c2ccba606a20d8a0fe302bdbd,PASS
area_13,m_white_sand_rabbit,s_mon_white_sand_rabbit,CAST_VFX,1,AREA_13_IMAGES_OUTPUT.zip,CAST/001_m_white_sand_rabbit_s_mon_white_sand_rabbit_CAST_F01.png,CAST/001_m_white_sand_rabbit_s_mon_white_sand_rabbit_CAST_F01.png,7117138f393f370602540dff6f957a323e99d1f22d75bd1389e3a0cf25a5759d,7117138f393f370602540dff6f957a323e99d1f22d75bd1389e3a0cf25a5759d,PASS
area_13,m_white_sand_rabbit,s_mon_white_sand_rabbit,CAST_VFX,2,AREA_13_IMAGES_OUTPUT.zip,CAST/001_m_white_sand_rabbit_s_mon_white_sand_rabbit_CAST_F02.png,CAST/001_m_white_sand_rabbit_s_mon_white_sand_rabbit_CAST_F02.png,7c10f73df93b4bdc8aaa50c8aac39aac9737ba239e0e7b3528c3fafdfbcd8b44,7c10f73df93b4bdc8aaa50c8aac39aac9737ba239e0e7b3528c3fafdfbcd8b44,PASS
area_13,m_white_sand_rabbit,s_mon_white_sand_rabbit,CAST_VFX,3,AREA_13_IMAGES_OUTPUT.zip,CAST/001_m_white_sand_rabbit_s_mon_white_sand_rabbit_CAST_F03.png,CAST/001_m_white_sand_rabbit_s_mon_white_sand_rabbit_CAST_F03.png,6297bc41f30db580c5ff8de3edcf3adf24ae6a4345aeaa30a1dd39b1c19fedd9,6297bc41f30db580c5ff8de3edcf3adf24ae6a4345aeaa30a1dd39b1c19fedd9,PASS
area_13,m_white_sand_rabbit,s_mon_white_sand_rabbit,CAST_VFX,4,AREA_13_IMAGES_OUTPUT.zip,CAST/001_m_white_sand_rabbit_s_mon_white_sand_rabbit_CAST_F04.png,CAST/001_m_white_sand_rabbit_s_mon_white_sand_rabbit_CAST_F04.png,24fc688e6fa99778c76ba552de69b294f7bbc893d79459fe668005f918d626be,24fc688e6fa99778c76ba552de69b294f7bbc893d79459fe668005f918d626be,PASS
area_13,m_white_sand_rabbit,s_mon_white_sand_rabbit,CAST_VFX,5,AREA_13_IMAGES_OUTPUT.zip,CAST/001_m_white_sand_rabbit_s_mon_white_sand_rabbit_CAST_F05.png,CAST/001_m_white_sand_rabbit_s_mon_white_sand_rabbit_CAST_F05.png,8f40098ac6eccbe48ffe8566efa58e4d55ea3073ec59ce214a6265ace613fc2a,8f40098ac6eccbe48ffe8566efa58e4d55ea3073ec59ce214a6265ace613fc2a,PASS
area_13,m_white_sand_rabbit,s_mon_white_sand_rabbit,CAST_VFX,6,AREA_13_IMAGES_OUTPUT.zip,CAST/001_m_white_sand_rabbit_s_mon_white_sand_rabbit_CAST_F06.png,CAST/001_m_white_sand_rabbit_s_mon_white_sand_rabbit_CAST_F06.png,799e5e95301cab99972bd53bc5e4ae55d22199dd396e2d598d9515e72deca827,799e5e95301cab99972bd53bc5e4ae55d22199dd396e2d598d9515e72deca827,PASS
area_13,m_white_sand_rabbit,s_mon_white_sand_rabbit,CAST_VFX,7,AREA_13_IMAGES_OUTPUT.zip,CAST/001_m_white_sand_rabbit_s_mon_white_sand_rabbit_CAST_F07.png,CAST/001_m_white_sand_rabbit_s_mon_white_sand_rabbit_CAST_F07.png,21b7f8778e07eb69510f2f8b5034c128e4d65a8e8375b882474aa320619e7c29,21b7f8778e07eb69510f2f8b5034c128e4d65a8e8375b882474aa320619e7c29,PASS
area_13,m_scarf_plead,s_mon_scarf_plead,ICON,0,AREA_13_IMAGES_OUTPUT.zip,ICON/002_m_scarf_plead_s_mon_scarf_plead_ICON.png,ICON/002_m_scarf_plead_s_mon_scarf_plead_ICON.png,1e4366512d6dffa9c4c78581093586da9b2c0b7cbbfa95f52cc0abe40b407260,1e4366512d6dffa9c4c78581093586da9b2c0b7cbbfa95f52cc0abe40b407260,PASS
area_13,m_scarf_plead,s_mon_scarf_plead,REFERENCE_VFX,0,AREA_13_IMAGES_OUTPUT.zip,REFERENCE/002_m_scarf_plead_s_mon_scarf_plead_REFERENCE_F00.png,REFERENCE/002_m_scarf_plead_s_mon_scarf_plead_REFERENCE_F00.png,f89a237a9aac9e12ae1555331938a860ab479b0f428daa816f5e1d295cb2345f,f89a237a9aac9e12ae1555331938a860ab479b0f428daa816f5e1d295cb2345f,PASS
area_13,m_scarf_plead,s_mon_scarf_plead,REFERENCE_VFX,1,AREA_13_IMAGES_OUTPUT.zip,REFERENCE/002_m_scarf_plead_s_mon_scarf_plead_REFERENCE_F01.png,REFERENCE/002_m_scarf_plead_s_mon_scarf_plead_REFERENCE_F01.png,7ec7607b277f1bba605c1b6d7e6af8389da9f87d8ad3840c5eff97931309b0ed,7ec7607b277f1bba605c1b6d7e6af8389da9f87d8ad3840c5eff97931309b0ed,PASS
area_13,m_scarf_plead,s_mon_scarf_plead,REFERENCE_VFX,2,AREA_13_IMAGES_OUTPUT.zip,REFERENCE/002_m_scarf_plead_s_mon_scarf_plead_REFERENCE_F02.png,REFERENCE/002_m_scarf_plead_s_mon_scarf_plead_REFERENCE_F02.png,530b87b69e756c26ba06214e3893847dc33b1e0c68915fe451cfe7e3dcc6ae81,530b87b69e756c26ba06214e3893847dc33b1e0c68915fe451cfe7e3dcc6ae81,PASS
area_13,m_scarf_plead,s_mon_scarf_plead,REFERENCE_VFX,3,AREA_13_IMAGES_OUTPUT.zip,REFERENCE/002_m_scarf_plead_s_mon_scarf_plead_REFERENCE_F03.png,REFERENCE/002_m_scarf_plead_s_mon_scarf_plead_REFERENCE_F03.png,69132c2ed317be5d54882ada36362d2edd376508faf70db713d62a44a8b5d407,69132c2ed317be5d54882ada36362d2edd376508faf70db713d62a44a8b5d407,PASS
area_13,m_scarf_plead,s_mon_scarf_plead,REFERENCE_VFX,4,AREA_13_IMAGES_OUTPUT.zip,REFERENCE/002_m_scarf_plead_s_mon_scarf_plead_REFERENCE_F04.png,REFERENCE/002_m_scarf_plead_s_mon_scarf_plead_REFERENCE_F04.png,985b2185fb86368ea96d1829ef9b97e90e4e2e3bccf4e72cf5acf3d9f4f5974e,985b2185fb86368ea96d1829ef9b97e90e4e2e3bccf4e72cf5acf3d9f4f5974e,PASS
area_13,m_scarf_plead,s_mon_scarf_plead,REFERENCE_VFX,5,AREA_13_IMAGES_OUTPUT.zip,REFERENCE/002_m_scarf_plead_s_mon_scarf_plead_REFERENCE_F05.png,REFERENCE/002_m_scarf_plead_s_mon_scarf_plead_REFERENCE_F05.png,5d5c51da8d8693114f9c5e62637b48f84a23990e04215f6222c21616f1b0f596,5d5c51da8d8693114f9c5e62637b48f84a23990e04215f6222c21616f1b0f596,PASS
area_13,m_meercat,s_mon_meercat,ICON,0,AREA_13_IMAGES_OUTPUT.zip,ICON/003_m_meercat_s_mon_meercat_ICON.png,ICON/003_m_meercat_s_mon_meercat_ICON.png,7d0b6075edfaf5faa6744e5d3ca4a4d1e7a2fecc9ecc7febea23923cbed6d9a4,7d0b6075edfaf5faa6744e5d3ca4a4d1e7a2fecc9ecc7febea23923cbed6d9a4,PASS
area_13,m_meercat,s_mon_meercat,CAST_VFX,0,AREA_13_IMAGES_OUTPUT.zip,CAST/003_m_meercat_s_mon_meercat_CAST_F00.png,CAST/003_m_meercat_s_mon_meercat_CAST_F00.png,b395b2f2d86cee9b3c0a4e4214a5c163111e7b4876600a80dacd9f736984a870,b395b2f2d86cee9b3c0a4e4214a5c163111e7b4876600a80dacd9f736984a870,PASS
area_13,m_meercat,s_mon_meercat,CAST_VFX,1,AREA_13_IMAGES_OUTPUT.zip,CAST/003_m_meercat_s_mon_meercat_CAST_F01.png,CAST/003_m_meercat_s_mon_meercat_CAST_F01.png,d3c84315726ecace2c0240de1043af097f498bfa0fcc2901324fe5b6718f094f,d3c84315726ecace2c0240de1043af097f498bfa0fcc2901324fe5b6718f094f,PASS
area_13,m_meercat,s_mon_meercat,CAST_VFX,2,AREA_13_IMAGES_OUTPUT.zip,CAST/003_m_meercat_s_mon_meercat_CAST_F02.png,CAST/003_m_meercat_s_mon_meercat_CAST_F02.png,bdacd8831083df4df8a272d97f840857b66665b83aa0206def099980052ba3ba,bdacd8831083df4df8a272d97f840857b66665b83aa0206def099980052ba3ba,PASS
area_13,m_meercat,s_mon_meercat,CAST_VFX,3,AREA_13_IMAGES_OUTPUT.zip,CAST/003_m_meercat_s_mon_meercat_CAST_F03.png,CAST/003_m_meercat_s_mon_meercat_CAST_F03.png,d8c4b4511f840be708c4710022d90658880dfdb801bccdbbf87a5ccb07729ddf,d8c4b4511f840be708c4710022d90658880dfdb801bccdbbf87a5ccb07729ddf,PASS
area_13,m_meercat,s_mon_meercat,CAST_VFX,4,AREA_13_IMAGES_OUTPUT.zip,CAST/003_m_meercat_s_mon_meercat_CAST_F04.png,CAST/003_m_meercat_s_mon_meercat_CAST_F04.png,87774fa1058b0166548bec7b892132d0a2c52b0ccb36b6be051ebd3a123f3958,87774fa1058b0166548bec7b892132d0a2c52b0ccb36b6be051ebd3a123f3958,PASS
area_13,m_meercat,s_mon_meercat,CAST_VFX,5,AREA_13_IMAGES_OUTPUT.zip,CAST/003_m_meercat_s_mon_meercat_CAST_F05.png,CAST/003_m_meercat_s_mon_meercat_CAST_F05.png,cd1c21653cf05e67dc2fec388e5a974298157a31c4513ebef379a0afb1f892c1,cd1c21653cf05e67dc2fec388e5a974298157a31c4513ebef379a0afb1f892c1,PASS
area_13,m_meercat,s_mon_meercat,CAST_VFX,6,AREA_13_IMAGES_OUTPUT.zip,CAST/003_m_meercat_s_mon_meercat_CAST_F06.png,CAST/003_m_meercat_s_mon_meercat_CAST_F06.png,c862337bb77e024db659614840dc4798123c652e007829c72f63d990f6990a63,c862337bb77e024db659614840dc4798123c652e007829c72f63d990f6990a63,PASS
area_13,m_meercat,s_mon_meercat,CAST_VFX,7,AREA_13_IMAGES_OUTPUT.zip,CAST/003_m_meercat_s_mon_meercat_CAST_F07.png,CAST/003_m_meercat_s_mon_meercat_CAST_F07.png,47ce94477585975d4eba19c67f1605372ac274e7a5faba2a916bed23e8742733,47ce94477585975d4eba19c67f1605372ac274e7a5faba2a916bed23e8742733,PASS
area_13,m_sand_dwarf,s_mon_sand_dwarf,ICON,0,AREA_13_IMAGES_OUTPUT.zip,ICON/004_m_sand_dwarf_s_mon_sand_dwarf_ICON.png,ICON/004_m_sand_dwarf_s_mon_sand_dwarf_ICON.png,a2a252a98b6b252ebc9654f823dca69f546a148446a7308a2c5db4f370c9c7ed,a2a252a98b6b252ebc9654f823dca69f546a148446a7308a2c5db4f370c9c7ed,PASS
area_13,m_sand_dwarf,s_mon_sand_dwarf,REFERENCE_VFX,0,AREA_13_IMAGES_OUTPUT.zip,REFERENCE/004_m_sand_dwarf_s_mon_sand_dwarf_REFERENCE_F00.png,REFERENCE/004_m_sand_dwarf_s_mon_sand_dwarf_REFERENCE_F00.png,150fe7d8a088ca2645c0c8fd3430b73dddb6b5cf07fca8d40ec227505045bca5,150fe7d8a088ca2645c0c8fd3430b73dddb6b5cf07fca8d40ec227505045bca5,PASS
area_13,m_sand_dwarf,s_mon_sand_dwarf,REFERENCE_VFX,1,AREA_13_IMAGES_OUTPUT.zip,REFERENCE/004_m_sand_dwarf_s_mon_sand_dwarf_REFERENCE_F01.png,REFERENCE/004_m_sand_dwarf_s_mon_sand_dwarf_REFERENCE_F01.png,19bf5470685554e6c33f1b63df3956a0e8e69049d220d01833044b5e930d65dd,19bf5470685554e6c33f1b63df3956a0e8e69049d220d01833044b5e930d65dd,PASS
area_13,m_sand_dwarf,s_mon_sand_dwarf,REFERENCE_VFX,2,AREA_13_IMAGES_OUTPUT.zip,REFERENCE/004_m_sand_dwarf_s_mon_sand_dwarf_REFERENCE_F02.png,REFERENCE/004_m_sand_dwarf_s_mon_sand_dwarf_REFERENCE_F02.png,030bb951b0757a65e221dd80866c55d4cc37c7bd6ac22cf98424ccded248cb6f,030bb951b0757a65e221dd80866c55d4cc37c7bd6ac22cf98424ccded248cb6f,PASS
area_13,m_sand_dwarf,s_mon_sand_dwarf,REFERENCE_VFX,3,AREA_13_IMAGES_OUTPUT.zip,REFERENCE/004_m_sand_dwarf_s_mon_sand_dwarf_REFERENCE_F03.png,REFERENCE/004_m_sand_dwarf_s_mon_sand_dwarf_REFERENCE_F03.png,897b6588be7b9d6ff5a1e0a75e70738126dea6e51f9eee973770a866558b49b5,897b6588be7b9d6ff5a1e0a75e70738126dea6e51f9eee973770a866558b49b5,PASS
area_13,m_sand_dwarf,s_mon_sand_dwarf,REFERENCE_VFX,4,AREA_13_IMAGES_OUTPUT.zip,REFERENCE/004_m_sand_dwarf_s_mon_sand_dwarf_REFERENCE_F04.png,REFERENCE/004_m_sand_dwarf_s_mon_sand_dwarf_REFERENCE_F04.png,b83aaf2bd6f16bb43718387cae5409eaeefb728197ae8a3c883d6a4e863a89b5,b83aaf2bd6f16bb43718387cae5409eaeefb728197ae8a3c883d6a4e863a89b5,PASS
area_13,m_sand_dwarf,s_mon_sand_dwarf,REFERENCE_VFX,5,AREA_13_IMAGES_OUTPUT.zip,REFERENCE/004_m_sand_dwarf_s_mon_sand_dwarf_REFERENCE_F05.png,REFERENCE/004_m_sand_dwarf_s_mon_sand_dwarf_REFERENCE_F05.png,36b09b4710e937ceb5fe14318c4fe26947b0223c29459174690bcdc9fa11dd7f,36b09b4710e937ceb5fe14318c4fe26947b0223c29459174690bcdc9fa11dd7f,PASS
area_13,m_deo,s_mon_deo,ICON,0,AREA_13_IMAGES_OUTPUT.zip,ICON/005_m_deo_s_mon_deo_ICON.png,ICON/005_m_deo_s_mon_deo_ICON.png,be4fc8d85b5b2b905a95aa83c3a1af83afed93ae25beac73497b5a7768599c06,be4fc8d85b5b2b905a95aa83c3a1af83afed93ae25beac73497b5a7768599c06,PASS
area_13,m_deo,s_mon_deo,CAST_VFX,0,AREA_13_IMAGES_OUTPUT.zip,CAST/005_m_deo_s_mon_deo_CAST_F00.png,CAST/005_m_deo_s_mon_deo_CAST_F00.png,043e4ed5acc4848c27684a4d6c750fa387596324d2e7ae493430e22351443e28,043e4ed5acc4848c27684a4d6c750fa387596324d2e7ae493430e22351443e28,PASS
area_13,m_deo,s_mon_deo,CAST_VFX,1,AREA_13_IMAGES_OUTPUT.zip,CAST/005_m_deo_s_mon_deo_CAST_F01.png,CAST/005_m_deo_s_mon_deo_CAST_F01.png,1bbe81d91f6bcce68682a2e59725d2e62077d7f9245e6deb39a45cb0732d4fcf,1bbe81d91f6bcce68682a2e59725d2e62077d7f9245e6deb39a45cb0732d4fcf,PASS
area_13,m_deo,s_mon_deo,CAST_VFX,2,AREA_13_IMAGES_OUTPUT.zip,CAST/005_m_deo_s_mon_deo_CAST_F02.png,CAST/005_m_deo_s_mon_deo_CAST_F02.png,d7a411ef4ae3f36753bc1095f20263c08c337a5c10c170b7566289acbc24ea2a,d7a411ef4ae3f36753bc1095f20263c08c337a5c10c170b7566289acbc24ea2a,PASS
area_13,m_deo,s_mon_deo,CAST_VFX,3,AREA_13_IMAGES_OUTPUT.zip,CAST/005_m_deo_s_mon_deo_CAST_F03.png,CAST/005_m_deo_s_mon_deo_CAST_F03.png,d7ffef81441596fd31f194b9ce0c65fec1c39e113a01d664e20dc2c8c37714b4,d7ffef81441596fd31f194b9ce0c65fec1c39e113a01d664e20dc2c8c37714b4,PASS
area_13,m_deo,s_mon_deo,CAST_VFX,4,AREA_13_IMAGES_OUTPUT.zip,CAST/005_m_deo_s_mon_deo_CAST_F04.png,CAST/005_m_deo_s_mon_deo_CAST_F04.png,7b787df1d1d9ad4da1be007599323523984b1c11291b7c32ee36c17264637017,7b787df1d1d9ad4da1be007599323523984b1c11291b7c32ee36c17264637017,PASS
area_13,m_deo,s_mon_deo,CAST_VFX,5,AREA_13_IMAGES_OUTPUT.zip,CAST/005_m_deo_s_mon_deo_CAST_F05.png,CAST/005_m_deo_s_mon_deo_CAST_F05.png,5d49ed3a7ae03062092c01f5633750b083c44cd595391ed54aa4f4f81c96cbc5,5d49ed3a7ae03062092c01f5633750b083c44cd595391ed54aa4f4f81c96cbc5,PASS
area_13,m_deo,s_mon_deo,CAST_VFX,6,AREA_13_IMAGES_OUTPUT.zip,CAST/005_m_deo_s_mon_deo_CAST_F06.png,CAST/005_m_deo_s_mon_deo_CAST_F06.png,494661e1778f52300616a0b273bbd103c27ea860451b48d7e011bb79cbf5b9b1,494661e1778f52300616a0b273bbd103c27ea860451b48d7e011bb79cbf5b9b1,PASS
area_13,m_deo,s_mon_deo,CAST_VFX,7,AREA_13_IMAGES_OUTPUT.zip,CAST/005_m_deo_s_mon_deo_CAST_F07.png,CAST/005_m_deo_s_mon_deo_CAST_F07.png,167a95c89cb44bea541ef312e532f4a5dece890337420f1f634db53abf895c47,167a95c89cb44bea541ef312e532f4a5dece890337420f1f634db53abf895c47,PASS
area_13,m_deo,s_mon_deo,CAST_VFX,8,AREA_13_IMAGES_OUTPUT.zip,CAST/005_m_deo_s_mon_deo_CAST_F08.png,CAST/005_m_deo_s_mon_deo_CAST_F08.png,8d2947d2ef7302ba9875c54cca561dae54eaa90b0586e0dc039b6c1d37a63e01,8d2947d2ef7302ba9875c54cca561dae54eaa90b0586e0dc039b6c1d37a63e01,PASS
area_13,m_deo,s_mon_deo,CAST_VFX,9,AREA_13_IMAGES_OUTPUT.zip,CAST/005_m_deo_s_mon_deo_CAST_F09.png,CAST/005_m_deo_s_mon_deo_CAST_F09.png,94c767681313bc53d8a092ecb424f5041508a27a908afe826da9cfa5ab20e3d4,94c767681313bc53d8a092ecb424f5041508a27a908afe826da9cfa5ab20e3d4,PASS
area_13,m_deo,s_mon_deo,CAST_VFX,10,AREA_13_IMAGES_OUTPUT.zip,CAST/005_m_deo_s_mon_deo_CAST_F10.png,CAST/005_m_deo_s_mon_deo_CAST_F10.png,7eab8662e7f0def73514371cb9fa98d77b912d87e69400c7cc7229dc4507407a,7eab8662e7f0def73514371cb9fa98d77b912d87e69400c7cc7229dc4507407a,PASS
area_13,m_deo,s_mon_deo,CAST_VFX,11,AREA_13_IMAGES_OUTPUT.zip,CAST/005_m_deo_s_mon_deo_CAST_F11.png,CAST/005_m_deo_s_mon_deo_CAST_F11.png,7ee916b83424d1f3fd2b63e76fad66b7fd8712e387b12f50cede1b99daca4f34,7ee916b83424d1f3fd2b63e76fad66b7fd8712e387b12f50cede1b99daca4f34,PASS
area_14,m_cube_slime,s_mon_cube_slime,ICON,0,AREA_14_IMAGES_OUTPUT.zip,ICON/001_m_cube_slime_s_mon_cube_slime_ICON.png,ICON/001_m_cube_slime_s_mon_cube_slime_ICON.png,b719210d1042848d93538d23c89828def9fbe5ad940410f6fee7690eed900a11,b719210d1042848d93538d23c89828def9fbe5ad940410f6fee7690eed900a11,PASS
area_14,m_cube_slime,s_mon_cube_slime,REFERENCE_VFX,0,AREA_14_IMAGES_OUTPUT.zip,REFERENCE/001_m_cube_slime_s_mon_cube_slime_REFERENCE_F00.png,REFERENCE/001_m_cube_slime_s_mon_cube_slime_REFERENCE_F00.png,48b2e6435c84f832910dea45cfa1e74bc9d2e0634cefa8712c3537cd8535c074,48b2e6435c84f832910dea45cfa1e74bc9d2e0634cefa8712c3537cd8535c074,PASS
area_14,m_cube_slime,s_mon_cube_slime,REFERENCE_VFX,1,AREA_14_IMAGES_OUTPUT.zip,REFERENCE/001_m_cube_slime_s_mon_cube_slime_REFERENCE_F01.png,REFERENCE/001_m_cube_slime_s_mon_cube_slime_REFERENCE_F01.png,0206dcf22a7ee4acb575bb305d345834ffd6e029f14ba34bd255573df1bca0c3,0206dcf22a7ee4acb575bb305d345834ffd6e029f14ba34bd255573df1bca0c3,PASS
area_14,m_cube_slime,s_mon_cube_slime,REFERENCE_VFX,2,AREA_14_IMAGES_OUTPUT.zip,REFERENCE/001_m_cube_slime_s_mon_cube_slime_REFERENCE_F02.png,REFERENCE/001_m_cube_slime_s_mon_cube_slime_REFERENCE_F02.png,2cdb05c50864d561ec334e996ce874888076663af4da3a0c59b780ee3ce60d54,2cdb05c50864d561ec334e996ce874888076663af4da3a0c59b780ee3ce60d54,PASS
area_14,m_cube_slime,s_mon_cube_slime,REFERENCE_VFX,3,AREA_14_IMAGES_OUTPUT.zip,REFERENCE/001_m_cube_slime_s_mon_cube_slime_REFERENCE_F03.png,REFERENCE/001_m_cube_slime_s_mon_cube_slime_REFERENCE_F03.png,b5426392b956a9f44207635f178c65380c2edf590505a26371f942cf8fb6ef59,b5426392b956a9f44207635f178c65380c2edf590505a26371f942cf8fb6ef59,PASS
area_14,m_cube_slime,s_mon_cube_slime,REFERENCE_VFX,4,AREA_14_IMAGES_OUTPUT.zip,REFERENCE/001_m_cube_slime_s_mon_cube_slime_REFERENCE_F04.png,REFERENCE/001_m_cube_slime_s_mon_cube_slime_REFERENCE_F04.png,68dd2301fc24fbe1ca6f2d1393216e6f6a407cf1e3343c5f23be25daca47e03c,68dd2301fc24fbe1ca6f2d1393216e6f6a407cf1e3343c5f23be25daca47e03c,PASS
area_14,m_cube_slime,s_mon_cube_slime,REFERENCE_VFX,5,AREA_14_IMAGES_OUTPUT.zip,REFERENCE/001_m_cube_slime_s_mon_cube_slime_REFERENCE_F05.png,REFERENCE/001_m_cube_slime_s_mon_cube_slime_REFERENCE_F05.png,b24b79d3b1367434027488d3b2c3f1bd679c12b7b9e3730f4f08feafeb6bf90d,b24b79d3b1367434027488d3b2c3f1bd679c12b7b9e3730f4f08feafeb6bf90d,PASS
area_14,m_mithril_mutae,s_mon_mithril_mutae,ICON,0,AREA_14_IMAGES_OUTPUT.zip,ICON/002_m_mithril_mutae_s_mon_mithril_mutae_ICON.png,ICON/002_m_mithril_mutae_s_mon_mithril_mutae_ICON.png,ed4f13405d055b8bf88b5598ccb6824999104d9da231dad7c96381f826115cc5,ed4f13405d055b8bf88b5598ccb6824999104d9da231dad7c96381f826115cc5,PASS
area_14,m_mithril_mutae,s_mon_mithril_mutae,REFERENCE_VFX,0,AREA_14_IMAGES_OUTPUT.zip,REFERENCE/002_m_mithril_mutae_s_mon_mithril_mutae_REFERENCE_F00.png,REFERENCE/002_m_mithril_mutae_s_mon_mithril_mutae_REFERENCE_F00.png,25945736858db7e1f2b7d60af472ebc5e8311bb388e14015f73287a8eb04fd3a,25945736858db7e1f2b7d60af472ebc5e8311bb388e14015f73287a8eb04fd3a,PASS
area_14,m_mithril_mutae,s_mon_mithril_mutae,REFERENCE_VFX,1,AREA_14_IMAGES_OUTPUT.zip,REFERENCE/002_m_mithril_mutae_s_mon_mithril_mutae_REFERENCE_F01.png,REFERENCE/002_m_mithril_mutae_s_mon_mithril_mutae_REFERENCE_F01.png,5b87dcd27ece220c96ebed780eebcf1fcde5318d50c0f385bffcd315e0122277,5b87dcd27ece220c96ebed780eebcf1fcde5318d50c0f385bffcd315e0122277,PASS
area_14,m_mithril_mutae,s_mon_mithril_mutae,REFERENCE_VFX,2,AREA_14_IMAGES_OUTPUT.zip,REFERENCE/002_m_mithril_mutae_s_mon_mithril_mutae_REFERENCE_F02.png,REFERENCE/002_m_mithril_mutae_s_mon_mithril_mutae_REFERENCE_F02.png,185cb1b2e65d1e8919a520926b87f86b963a73a9636581ab3bcc8c7127bdf265,185cb1b2e65d1e8919a520926b87f86b963a73a9636581ab3bcc8c7127bdf265,PASS
area_14,m_mithril_mutae,s_mon_mithril_mutae,REFERENCE_VFX,3,AREA_14_IMAGES_OUTPUT.zip,REFERENCE/002_m_mithril_mutae_s_mon_mithril_mutae_REFERENCE_F03.png,REFERENCE/002_m_mithril_mutae_s_mon_mithril_mutae_REFERENCE_F03.png,396e98e25375b7a52e1b4d8769427ed96983def1d961f68f89a488538fc2c4ee,396e98e25375b7a52e1b4d8769427ed96983def1d961f68f89a488538fc2c4ee,PASS
area_14,m_mithril_mutae,s_mon_mithril_mutae,REFERENCE_VFX,4,AREA_14_IMAGES_OUTPUT.zip,REFERENCE/002_m_mithril_mutae_s_mon_mithril_mutae_REFERENCE_F04.png,REFERENCE/002_m_mithril_mutae_s_mon_mithril_mutae_REFERENCE_F04.png,e321d7391d51feb961ebb54611c518182ab8407e3eefd58ee26e27ee6718d637,e321d7391d51feb961ebb54611c518182ab8407e3eefd58ee26e27ee6718d637,PASS
area_14,m_mithril_mutae,s_mon_mithril_mutae,REFERENCE_VFX,5,AREA_14_IMAGES_OUTPUT.zip,REFERENCE/002_m_mithril_mutae_s_mon_mithril_mutae_REFERENCE_F05.png,REFERENCE/002_m_mithril_mutae_s_mon_mithril_mutae_REFERENCE_F05.png,df8998ee08e822ec97660fb1a1eb4a2344502218ee1b16610ad3f24a07d616b5,df8998ee08e822ec97660fb1a1eb4a2344502218ee1b16610ad3f24a07d616b5,PASS
area_14,m_homun,s_mon_homun,ICON,0,AREA_14_IMAGES_OUTPUT.zip,ICON/003_m_homun_s_mon_homun_ICON.png,ICON/003_m_homun_s_mon_homun_ICON.png,1138c653423471411c3221e863f845ba4f3945001c8b38d608a5b9c41e53c49b,1138c653423471411c3221e863f845ba4f3945001c8b38d608a5b9c41e53c49b,PASS
area_14,m_homun,s_mon_homun,CAST_VFX,0,AREA_14_IMAGES_OUTPUT.zip,CAST/003_m_homun_s_mon_homun_CAST_F00.png,CAST/003_m_homun_s_mon_homun_CAST_F00.png,c83fcdbf1465cf2b414325ed3e19b9ae81cf11ce67c85c062eb3be9fc072ce63,c83fcdbf1465cf2b414325ed3e19b9ae81cf11ce67c85c062eb3be9fc072ce63,PASS
area_14,m_homun,s_mon_homun,CAST_VFX,1,AREA_14_IMAGES_OUTPUT.zip,CAST/003_m_homun_s_mon_homun_CAST_F01.png,CAST/003_m_homun_s_mon_homun_CAST_F01.png,9514f65415a6bde9c41aace096aceb371fea77d4fa36392e5732cbee3ef52c96,9514f65415a6bde9c41aace096aceb371fea77d4fa36392e5732cbee3ef52c96,PASS
area_14,m_homun,s_mon_homun,CAST_VFX,2,AREA_14_IMAGES_OUTPUT.zip,CAST/003_m_homun_s_mon_homun_CAST_F02.png,CAST/003_m_homun_s_mon_homun_CAST_F02.png,7366971992f2ba6977aa8cabe674c33d04af89342327d885a3386de156b3765a,7366971992f2ba6977aa8cabe674c33d04af89342327d885a3386de156b3765a,PASS
area_14,m_homun,s_mon_homun,CAST_VFX,3,AREA_14_IMAGES_OUTPUT.zip,CAST/003_m_homun_s_mon_homun_CAST_F03.png,CAST/003_m_homun_s_mon_homun_CAST_F03.png,e91684c21aaa4b40a3a79c37b9ff4e95c8ba38921964fb138183c7ae2e9ac6e0,e91684c21aaa4b40a3a79c37b9ff4e95c8ba38921964fb138183c7ae2e9ac6e0,PASS
area_14,m_homun,s_mon_homun,CAST_VFX,4,AREA_14_IMAGES_OUTPUT.zip,CAST/003_m_homun_s_mon_homun_CAST_F04.png,CAST/003_m_homun_s_mon_homun_CAST_F04.png,d419d84a94152bc8a7eced5b76025557b91e9bd89a599f85c52c862438460b64,d419d84a94152bc8a7eced5b76025557b91e9bd89a599f85c52c862438460b64,PASS
area_14,m_homun,s_mon_homun,CAST_VFX,5,AREA_14_IMAGES_OUTPUT.zip,CAST/003_m_homun_s_mon_homun_CAST_F05.png,CAST/003_m_homun_s_mon_homun_CAST_F05.png,8fb7a797f5adacc18b43265a50056d11174b0b5e2acb8e07a494c65c6c4ab1fd,8fb7a797f5adacc18b43265a50056d11174b0b5e2acb8e07a494c65c6c4ab1fd,PASS
area_14,m_homun,s_mon_homun,CAST_VFX,6,AREA_14_IMAGES_OUTPUT.zip,CAST/003_m_homun_s_mon_homun_CAST_F06.png,CAST/003_m_homun_s_mon_homun_CAST_F06.png,9fd504b5df1856f78567d9aa4867201e2d62428121f89dfed321eec5d60a832a,9fd504b5df1856f78567d9aa4867201e2d62428121f89dfed321eec5d60a832a,PASS
area_14,m_homun,s_mon_homun,CAST_VFX,7,AREA_14_IMAGES_OUTPUT.zip,CAST/003_m_homun_s_mon_homun_CAST_F07.png,CAST/003_m_homun_s_mon_homun_CAST_F07.png,b2608624a3018e2963c17a9d88227d67c8ca9948aa15485f1bdadc581d972594,b2608624a3018e2963c17a9d88227d67c8ca9948aa15485f1bdadc581d972594,PASS
area_14,m_roid,s_mon_roid,ICON,0,AREA_14_IMAGES_OUTPUT.zip,ICON/004_m_roid_s_mon_roid_ICON.png,ICON/004_m_roid_s_mon_roid_ICON.png,c4f05e0d1eb724d82296b466e69346e1a40881daefba35c8d926a4692c5eccad,c4f05e0d1eb724d82296b466e69346e1a40881daefba35c8d926a4692c5eccad,PASS
area_14,m_roid,s_mon_roid,CAST_VFX,0,AREA_14_IMAGES_OUTPUT.zip,CAST/004_m_roid_s_mon_roid_CAST_F00.png,CAST/004_m_roid_s_mon_roid_CAST_F00.png,492096f0a0979eda0df2fccbac6880688d70da0879a737489fe54d6e44b0121d,492096f0a0979eda0df2fccbac6880688d70da0879a737489fe54d6e44b0121d,PASS
area_14,m_roid,s_mon_roid,CAST_VFX,1,AREA_14_IMAGES_OUTPUT.zip,CAST/004_m_roid_s_mon_roid_CAST_F01.png,CAST/004_m_roid_s_mon_roid_CAST_F01.png,36099ba43405a30a04f0e2d949bbe1c3dc4df537ee2343828b615c94a39c6cf0,36099ba43405a30a04f0e2d949bbe1c3dc4df537ee2343828b615c94a39c6cf0,PASS
area_14,m_roid,s_mon_roid,CAST_VFX,2,AREA_14_IMAGES_OUTPUT.zip,CAST/004_m_roid_s_mon_roid_CAST_F02.png,CAST/004_m_roid_s_mon_roid_CAST_F02.png,b09d354faaf4fc7894a4e36225ee9823d0ba73c5c6a3e38e9ddf63f4110dcbf9,b09d354faaf4fc7894a4e36225ee9823d0ba73c5c6a3e38e9ddf63f4110dcbf9,PASS
area_14,m_roid,s_mon_roid,CAST_VFX,3,AREA_14_IMAGES_OUTPUT.zip,CAST/004_m_roid_s_mon_roid_CAST_F03.png,CAST/004_m_roid_s_mon_roid_CAST_F03.png,050ef124b2832577acd42d3bb3bd71e15b94dfca47e562d174513d7b92894740,050ef124b2832577acd42d3bb3bd71e15b94dfca47e562d174513d7b92894740,PASS
area_14,m_roid,s_mon_roid,CAST_VFX,4,AREA_14_IMAGES_OUTPUT.zip,CAST/004_m_roid_s_mon_roid_CAST_F04.png,CAST/004_m_roid_s_mon_roid_CAST_F04.png,9f2e3a496dc8e837ce4683b6910b79e8e565bb783e763da902c993ef004048f2,9f2e3a496dc8e837ce4683b6910b79e8e565bb783e763da902c993ef004048f2,PASS
area_14,m_roid,s_mon_roid,CAST_VFX,5,AREA_14_IMAGES_OUTPUT.zip,CAST/004_m_roid_s_mon_roid_CAST_F05.png,CAST/004_m_roid_s_mon_roid_CAST_F05.png,f384288fdce6c5b5154c55d95f2f7de6a1fe94bed61387ce2ee5036f7dec3b1c,f384288fdce6c5b5154c55d95f2f7de6a1fe94bed61387ce2ee5036f7dec3b1c,PASS
area_14,m_roid,s_mon_roid,CAST_VFX,6,AREA_14_IMAGES_OUTPUT.zip,CAST/004_m_roid_s_mon_roid_CAST_F06.png,CAST/004_m_roid_s_mon_roid_CAST_F06.png,093acdc7670460dfe51ab65c64eb9119c74bfbc96ede74522103b754e6b44dc0,093acdc7670460dfe51ab65c64eb9119c74bfbc96ede74522103b754e6b44dc0,PASS
area_14,m_roid,s_mon_roid,CAST_VFX,7,AREA_14_IMAGES_OUTPUT.zip,CAST/004_m_roid_s_mon_roid_CAST_F07.png,CAST/004_m_roid_s_mon_roid_CAST_F07.png,673e0b09a68bde880c798bf735cc277e83edebcfacef08aecdc50b02e85ef56e,673e0b09a68bde880c798bf735cc277e83edebcfacef08aecdc50b02e85ef56e,PASS
area_14,m_roid,s_mon_roid,PROJECTILE,0,AREA_14_IMAGES_OUTPUT.zip,PROJECTILE/004_m_roid_s_mon_roid_PROJECTILE_F00.png,PROJECTILE/004_m_roid_s_mon_roid_PROJECTILE_F00.png,34e1012be537b47c15090523532dc9ed1df68ecf3db564726c93968b56537d65,34e1012be537b47c15090523532dc9ed1df68ecf3db564726c93968b56537d65,PASS
area_14,m_roid,s_mon_roid,PROJECTILE,1,AREA_14_IMAGES_OUTPUT.zip,PROJECTILE/004_m_roid_s_mon_roid_PROJECTILE_F01.png,PROJECTILE/004_m_roid_s_mon_roid_PROJECTILE_F01.png,d57a8b4fcf152d51dabf45599c7e302b8cfe4ce33c112509c83a5fd20985524f,d57a8b4fcf152d51dabf45599c7e302b8cfe4ce33c112509c83a5fd20985524f,PASS
area_14,m_roid,s_mon_roid,PROJECTILE,2,AREA_14_IMAGES_OUTPUT.zip,PROJECTILE/004_m_roid_s_mon_roid_PROJECTILE_F02.png,PROJECTILE/004_m_roid_s_mon_roid_PROJECTILE_F02.png,6e69094146c012fea0fdcb6916271601a16b4db17492be37c449cb2d8d0d1f4e,6e69094146c012fea0fdcb6916271601a16b4db17492be37c449cb2d8d0d1f4e,PASS
area_14,m_roid,s_mon_roid,PROJECTILE,3,AREA_14_IMAGES_OUTPUT.zip,PROJECTILE/004_m_roid_s_mon_roid_PROJECTILE_F03.png,PROJECTILE/004_m_roid_s_mon_roid_PROJECTILE_F03.png,b5a17791d99fe2542eec49fbf0ab2ecfc3743e866fd1e1c1bd175f366f3ce7b2,b5a17791d99fe2542eec49fbf0ab2ecfc3743e866fd1e1c1bd175f366f3ce7b2,PASS
area_14,m_chimera,s_mon_chimera,ICON,0,AREA_14_IMAGES_OUTPUT.zip,ICON/005_m_chimera_s_mon_chimera_ICON.png,ICON/005_m_chimera_s_mon_chimera_ICON.png,43e386005595a6d24272fd6aee4489482f6034532a146556a4c17057c368c17b,43e386005595a6d24272fd6aee4489482f6034532a146556a4c17057c368c17b,PASS
area_14,m_chimera,s_mon_chimera,CAST_VFX,0,AREA_14_IMAGES_OUTPUT.zip,CAST/005_m_chimera_s_mon_chimera_CAST_F00.png,CAST/005_m_chimera_s_mon_chimera_CAST_F00.png,f120736984e9a35c4faa64765738df6b92273c2b63c279b06ca816075c7dff6d,f120736984e9a35c4faa64765738df6b92273c2b63c279b06ca816075c7dff6d,PASS
area_14,m_chimera,s_mon_chimera,CAST_VFX,1,AREA_14_IMAGES_OUTPUT.zip,CAST/005_m_chimera_s_mon_chimera_CAST_F01.png,CAST/005_m_chimera_s_mon_chimera_CAST_F01.png,1a719a4bee35497533cd43e3049f0a8c1c7bcddd4fbb77a0aa25f6a5ba763441,1a719a4bee35497533cd43e3049f0a8c1c7bcddd4fbb77a0aa25f6a5ba763441,PASS
area_14,m_chimera,s_mon_chimera,CAST_VFX,2,AREA_14_IMAGES_OUTPUT.zip,CAST/005_m_chimera_s_mon_chimera_CAST_F02.png,CAST/005_m_chimera_s_mon_chimera_CAST_F02.png,b3a664fa9ece404fa89001d0335576d80888289d3109b58cb3349524c82ed65d,b3a664fa9ece404fa89001d0335576d80888289d3109b58cb3349524c82ed65d,PASS
area_14,m_chimera,s_mon_chimera,CAST_VFX,3,AREA_14_IMAGES_OUTPUT.zip,CAST/005_m_chimera_s_mon_chimera_CAST_F03.png,CAST/005_m_chimera_s_mon_chimera_CAST_F03.png,20145dfda92103437b9694a0ef30ace610f994745c3cec6b03e6957cf9055bb4,20145dfda92103437b9694a0ef30ace610f994745c3cec6b03e6957cf9055bb4,PASS
area_14,m_chimera,s_mon_chimera,CAST_VFX,4,AREA_14_IMAGES_OUTPUT.zip,CAST/005_m_chimera_s_mon_chimera_CAST_F04.png,CAST/005_m_chimera_s_mon_chimera_CAST_F04.png,d77d6dec29deac706ef3cc0a5f7fc91c8bdf195ceedb1876e355a9da64f64f1e,d77d6dec29deac706ef3cc0a5f7fc91c8bdf195ceedb1876e355a9da64f64f1e,PASS
area_14,m_chimera,s_mon_chimera,CAST_VFX,5,AREA_14_IMAGES_OUTPUT.zip,CAST/005_m_chimera_s_mon_chimera_CAST_F05.png,CAST/005_m_chimera_s_mon_chimera_CAST_F05.png,d9ca4adab2c0fe41be033635f881ddb8e6a8129b93c23ec2d40e9b686e1ec2d3,d9ca4adab2c0fe41be033635f881ddb8e6a8129b93c23ec2d40e9b686e1ec2d3,PASS
area_14,m_chimera,s_mon_chimera,CAST_VFX,6,AREA_14_IMAGES_OUTPUT.zip,CAST/005_m_chimera_s_mon_chimera_CAST_F06.png,CAST/005_m_chimera_s_mon_chimera_CAST_F06.png,6521ccba4c099b6b2d5bd4e8bd08315eeb39932bda0cc716a99f28f8d51aa224,6521ccba4c099b6b2d5bd4e8bd08315eeb39932bda0cc716a99f28f8d51aa224,PASS
area_14,m_chimera,s_mon_chimera,CAST_VFX,7,AREA_14_IMAGES_OUTPUT.zip,CAST/005_m_chimera_s_mon_chimera_CAST_F07.png,CAST/005_m_chimera_s_mon_chimera_CAST_F07.png,59c9eaee6c4db6cb4c01de815aa72fa1a08761fb479fb095d5c6b6980da97299,59c9eaee6c4db6cb4c01de815aa72fa1a08761fb479fb095d5c6b6980da97299,PASS
area_14,m_chimera,s_mon_chimera,CAST_VFX,8,AREA_14_IMAGES_OUTPUT.zip,CAST/005_m_chimera_s_mon_chimera_CAST_F08.png,CAST/005_m_chimera_s_mon_chimera_CAST_F08.png,efc3b3db11c58675f727248d8e2778e7443f2ea832b2c9c85c799f18e90b71c1,efc3b3db11c58675f727248d8e2778e7443f2ea832b2c9c85c799f18e90b71c1,PASS
area_14,m_chimera,s_mon_chimera,CAST_VFX,9,AREA_14_IMAGES_OUTPUT.zip,CAST/005_m_chimera_s_mon_chimera_CAST_F09.png,CAST/005_m_chimera_s_mon_chimera_CAST_F09.png,22811f3ca42a171da8c3396bfa1d77a50d2f7d1bd9da5200f17e95598b5c2cdd,22811f3ca42a171da8c3396bfa1d77a50d2f7d1bd9da5200f17e95598b5c2cdd,PASS
area_14,m_chimera,s_mon_chimera,CAST_VFX,10,AREA_14_IMAGES_OUTPUT.zip,CAST/005_m_chimera_s_mon_chimera_CAST_F10.png,CAST/005_m_chimera_s_mon_chimera_CAST_F10.png,85d64e04a373993ed120dd85148ab1dcf0f452722cd9442b6c7b5a079daee71a,85d64e04a373993ed120dd85148ab1dcf0f452722cd9442b6c7b5a079daee71a,PASS
area_14,m_chimera,s_mon_chimera,CAST_VFX,11,AREA_14_IMAGES_OUTPUT.zip,CAST/005_m_chimera_s_mon_chimera_CAST_F11.png,CAST/005_m_chimera_s_mon_chimera_CAST_F11.png,744e84630a6490a13dd151ec2e0efc1be88714509a3b7fcbb67fab971939e00b,744e84630a6490a13dd151ec2e0efc1be88714509a3b7fcbb67fab971939e00b,PASS
area_14,m_chimera,s_mon_chimera,PROJECTILE,0,AREA_14_IMAGES_OUTPUT.zip,PROJECTILE/005_m_chimera_s_mon_chimera_PROJECTILE_F00.png,PROJECTILE/005_m_chimera_s_mon_chimera_PROJECTILE_F00.png,3b2f897e979565b869be6bceea67365a43da4c610246e76187eb6d2a66988889,3b2f897e979565b869be6bceea67365a43da4c610246e76187eb6d2a66988889,PASS
area_14,m_chimera,s_mon_chimera,PROJECTILE,1,AREA_14_IMAGES_OUTPUT.zip,PROJECTILE/005_m_chimera_s_mon_chimera_PROJECTILE_F01.png,PROJECTILE/005_m_chimera_s_mon_chimera_PROJECTILE_F01.png,495bbf7c5c6c95d5db51151e1db8228ec3e4fd7577ac8941daa1023254b6afa1,495bbf7c5c6c95d5db51151e1db8228ec3e4fd7577ac8941daa1023254b6afa1,PASS
area_14,m_chimera,s_mon_chimera,PROJECTILE,2,AREA_14_IMAGES_OUTPUT.zip,PROJECTILE/005_m_chimera_s_mon_chimera_PROJECTILE_F02.png,PROJECTILE/005_m_chimera_s_mon_chimera_PROJECTILE_F02.png,e14f2cfbd4b1d20ff9b50802ae84eb43d8b3c24f5e2641ffca7b9a3e3f732dcd,e14f2cfbd4b1d20ff9b50802ae84eb43d8b3c24f5e2641ffca7b9a3e3f732dcd,PASS
area_14,m_chimera,s_mon_chimera,PROJECTILE,3,AREA_14_IMAGES_OUTPUT.zip,PROJECTILE/005_m_chimera_s_mon_chimera_PROJECTILE_F03.png,PROJECTILE/005_m_chimera_s_mon_chimera_PROJECTILE_F03.png,017af30faa3a1820aeb7814fbdd46a36ead72a35ad67d1a1e1bb57c62e254dad,017af30faa3a1820aeb7814fbdd46a36ead72a35ad67d1a1e1bb57c62e254dad,PASS
area_15,m_straw_dummy,s_mon_straw_dummy,ICON,0,AREA_15_IMAGES_OUTPUT.zip,ICON/001_m_straw_dummy_s_mon_straw_dummy_ICON.png,ICON/001_m_straw_dummy_s_mon_straw_dummy_ICON.png,bbb91e93dd6b4fc6f78cdd58a17645a12bbfe99435d9fe2d660681e6760ed6ed,bbb91e93dd6b4fc6f78cdd58a17645a12bbfe99435d9fe2d660681e6760ed6ed,PASS
area_15,m_straw_dummy,s_mon_straw_dummy,REFERENCE_VFX,0,AREA_15_IMAGES_OUTPUT.zip,REFERENCE/001_m_straw_dummy_s_mon_straw_dummy_REFERENCE_F00.png,REFERENCE/001_m_straw_dummy_s_mon_straw_dummy_REFERENCE_F00.png,92c6a8ac9c4b48a6115025d8b813cdc4b3f02a03f46737da8f0b2dfc52b4d27e,92c6a8ac9c4b48a6115025d8b813cdc4b3f02a03f46737da8f0b2dfc52b4d27e,PASS
area_15,m_straw_dummy,s_mon_straw_dummy,REFERENCE_VFX,1,AREA_15_IMAGES_OUTPUT.zip,REFERENCE/001_m_straw_dummy_s_mon_straw_dummy_REFERENCE_F01.png,REFERENCE/001_m_straw_dummy_s_mon_straw_dummy_REFERENCE_F01.png,1d518ea5cbc107387e9a61658a8a454b555a6479fd76feb58449a150f3e539bb,1d518ea5cbc107387e9a61658a8a454b555a6479fd76feb58449a150f3e539bb,PASS
area_15,m_straw_dummy,s_mon_straw_dummy,REFERENCE_VFX,2,AREA_15_IMAGES_OUTPUT.zip,REFERENCE/001_m_straw_dummy_s_mon_straw_dummy_REFERENCE_F02.png,REFERENCE/001_m_straw_dummy_s_mon_straw_dummy_REFERENCE_F02.png,a09039718ae6801c17704902e48ab3b4ed6acc98f08856d750242c92e9aa8fde,a09039718ae6801c17704902e48ab3b4ed6acc98f08856d750242c92e9aa8fde,PASS
area_15,m_straw_dummy,s_mon_straw_dummy,REFERENCE_VFX,3,AREA_15_IMAGES_OUTPUT.zip,REFERENCE/001_m_straw_dummy_s_mon_straw_dummy_REFERENCE_F03.png,REFERENCE/001_m_straw_dummy_s_mon_straw_dummy_REFERENCE_F03.png,8a9ab27c38e8e21bc0e02ef221f4d42d19ef0af1f791362bfe010e546475e9ab,8a9ab27c38e8e21bc0e02ef221f4d42d19ef0af1f791362bfe010e546475e9ab,PASS
area_15,m_straw_dummy,s_mon_straw_dummy,REFERENCE_VFX,4,AREA_15_IMAGES_OUTPUT.zip,REFERENCE/001_m_straw_dummy_s_mon_straw_dummy_REFERENCE_F04.png,REFERENCE/001_m_straw_dummy_s_mon_straw_dummy_REFERENCE_F04.png,661a0a8dd7175e98fc62d065abd25bb828e18b5ec1e610883b0d69788714a574,661a0a8dd7175e98fc62d065abd25bb828e18b5ec1e610883b0d69788714a574,PASS
area_15,m_straw_dummy,s_mon_straw_dummy,REFERENCE_VFX,5,AREA_15_IMAGES_OUTPUT.zip,REFERENCE/001_m_straw_dummy_s_mon_straw_dummy_REFERENCE_F05.png,REFERENCE/001_m_straw_dummy_s_mon_straw_dummy_REFERENCE_F05.png,46add7f337df4b608c5596f08dfd07b3ff9235988fd612702b2dee70ee1c2559,46add7f337df4b608c5596f08dfd07b3ff9235988fd612702b2dee70ee1c2559,PASS
area_15,m_wooden_dummy,s_mon_wooden_dummy,ICON,0,AREA_15_IMAGES_OUTPUT.zip,ICON/002_m_wooden_dummy_s_mon_wooden_dummy_ICON.png,ICON/002_m_wooden_dummy_s_mon_wooden_dummy_ICON.png,64feb8790f7f3b6f0a3bf708b779b858f1bf45ad39f09422133ba20e31df65a4,64feb8790f7f3b6f0a3bf708b779b858f1bf45ad39f09422133ba20e31df65a4,PASS
area_15,m_wooden_dummy,s_mon_wooden_dummy,CAST_VFX,0,AREA_15_IMAGES_OUTPUT.zip,CAST/002_m_wooden_dummy_s_mon_wooden_dummy_CAST_F00.png,CAST/002_m_wooden_dummy_s_mon_wooden_dummy_CAST_F00.png,5445ba276500ac2d5a32ff11db505d4005c831219497b18e2b2e4412ed13cc49,5445ba276500ac2d5a32ff11db505d4005c831219497b18e2b2e4412ed13cc49,PASS
area_15,m_wooden_dummy,s_mon_wooden_dummy,CAST_VFX,1,AREA_15_IMAGES_OUTPUT.zip,CAST/002_m_wooden_dummy_s_mon_wooden_dummy_CAST_F01.png,CAST/002_m_wooden_dummy_s_mon_wooden_dummy_CAST_F01.png,cefd55a18384799371f9a18d54c82c8a8b6b348e2b480c127e53c8115ace490c,cefd55a18384799371f9a18d54c82c8a8b6b348e2b480c127e53c8115ace490c,PASS
area_15,m_wooden_dummy,s_mon_wooden_dummy,CAST_VFX,2,AREA_15_IMAGES_OUTPUT.zip,CAST/002_m_wooden_dummy_s_mon_wooden_dummy_CAST_F02.png,CAST/002_m_wooden_dummy_s_mon_wooden_dummy_CAST_F02.png,037622f3aa91454b165c9ac94eec31419939c598ed13846a033c2744cfc2b688,037622f3aa91454b165c9ac94eec31419939c598ed13846a033c2744cfc2b688,PASS
area_15,m_wooden_dummy,s_mon_wooden_dummy,CAST_VFX,3,AREA_15_IMAGES_OUTPUT.zip,CAST/002_m_wooden_dummy_s_mon_wooden_dummy_CAST_F03.png,CAST/002_m_wooden_dummy_s_mon_wooden_dummy_CAST_F03.png,6cb7626f3f6516fb8cf258ecbf448abd10b8212a71a61d61a3c18286f87bd971,6cb7626f3f6516fb8cf258ecbf448abd10b8212a71a61d61a3c18286f87bd971,PASS
area_15,m_wooden_dummy,s_mon_wooden_dummy,CAST_VFX,4,AREA_15_IMAGES_OUTPUT.zip,CAST/002_m_wooden_dummy_s_mon_wooden_dummy_CAST_F04.png,CAST/002_m_wooden_dummy_s_mon_wooden_dummy_CAST_F04.png,e04d74c5173dee37d9e1d3a7c78f60a4ea7e5eb82b084f13a2f4bf8c53bf9250,e04d74c5173dee37d9e1d3a7c78f60a4ea7e5eb82b084f13a2f4bf8c53bf9250,PASS
area_15,m_wooden_dummy,s_mon_wooden_dummy,CAST_VFX,5,AREA_15_IMAGES_OUTPUT.zip,CAST/002_m_wooden_dummy_s_mon_wooden_dummy_CAST_F05.png,CAST/002_m_wooden_dummy_s_mon_wooden_dummy_CAST_F05.png,be0e9da5ee234fac1027f36785e1922a7b5299ae1cd87536ac453e9bd04303b5,be0e9da5ee234fac1027f36785e1922a7b5299ae1cd87536ac453e9bd04303b5,PASS
area_15,m_wooden_dummy,s_mon_wooden_dummy,CAST_VFX,6,AREA_15_IMAGES_OUTPUT.zip,CAST/002_m_wooden_dummy_s_mon_wooden_dummy_CAST_F06.png,CAST/002_m_wooden_dummy_s_mon_wooden_dummy_CAST_F06.png,887ab6a5be82bb22a15258bd38085398afb79b6fc644372e58f3179318e005cf,887ab6a5be82bb22a15258bd38085398afb79b6fc644372e58f3179318e005cf,PASS
area_15,m_wooden_dummy,s_mon_wooden_dummy,CAST_VFX,7,AREA_15_IMAGES_OUTPUT.zip,CAST/002_m_wooden_dummy_s_mon_wooden_dummy_CAST_F07.png,CAST/002_m_wooden_dummy_s_mon_wooden_dummy_CAST_F07.png,7de235b3ad85e35ef8513349437fb7bdd2b53c94ff759ca87460016a2fe01344,7de235b3ad85e35ef8513349437fb7bdd2b53c94ff759ca87460016a2fe01344,PASS
area_15,m_peach_monkey,s_mon_peach_monkey,ICON,0,AREA_15_IMAGES_OUTPUT.zip,ICON/003_m_peach_monkey_s_mon_peach_monkey_ICON.png,ICON/003_m_peach_monkey_s_mon_peach_monkey_ICON.png,f398270239585c96556eb068e5ebcee2b403e907bfe559e965ecfad5bbc367df,f398270239585c96556eb068e5ebcee2b403e907bfe559e965ecfad5bbc367df,PASS
area_15,m_peach_monkey,s_mon_peach_monkey,CAST_VFX,0,AREA_15_IMAGES_OUTPUT.zip,CAST/003_m_peach_monkey_s_mon_peach_monkey_CAST_F00.png,CAST/003_m_peach_monkey_s_mon_peach_monkey_CAST_F00.png,2bcf6bcfb1e012f87c7971d3e6c82568e9da9860bcbecc39f064210dbea1036a,2bcf6bcfb1e012f87c7971d3e6c82568e9da9860bcbecc39f064210dbea1036a,PASS
area_15,m_peach_monkey,s_mon_peach_monkey,CAST_VFX,1,AREA_15_IMAGES_OUTPUT.zip,CAST/003_m_peach_monkey_s_mon_peach_monkey_CAST_F01.png,CAST/003_m_peach_monkey_s_mon_peach_monkey_CAST_F01.png,2c26b135347f1a317a49df0dd3a758a6229332afb7671132530203e814459f45,2c26b135347f1a317a49df0dd3a758a6229332afb7671132530203e814459f45,PASS
area_15,m_peach_monkey,s_mon_peach_monkey,CAST_VFX,2,AREA_15_IMAGES_OUTPUT.zip,CAST/003_m_peach_monkey_s_mon_peach_monkey_CAST_F02.png,CAST/003_m_peach_monkey_s_mon_peach_monkey_CAST_F02.png,84db68a7c54dfcfaa685b6b940dcf2d848fb85af63afa7b975f944efe680d181,84db68a7c54dfcfaa685b6b940dcf2d848fb85af63afa7b975f944efe680d181,PASS
area_15,m_peach_monkey,s_mon_peach_monkey,CAST_VFX,3,AREA_15_IMAGES_OUTPUT.zip,CAST/003_m_peach_monkey_s_mon_peach_monkey_CAST_F03.png,CAST/003_m_peach_monkey_s_mon_peach_monkey_CAST_F03.png,22bdca8cceff7e0ee89adead825e0587e0c09b6331013c40bb2e4d70e115a0a0,22bdca8cceff7e0ee89adead825e0587e0c09b6331013c40bb2e4d70e115a0a0,PASS
area_15,m_peach_monkey,s_mon_peach_monkey,CAST_VFX,4,AREA_15_IMAGES_OUTPUT.zip,CAST/003_m_peach_monkey_s_mon_peach_monkey_CAST_F04.png,CAST/003_m_peach_monkey_s_mon_peach_monkey_CAST_F04.png,c449b8568e8f45c891a43cda2360f9a5d9981af2e7c9de5acde047037a7a8f0d,c449b8568e8f45c891a43cda2360f9a5d9981af2e7c9de5acde047037a7a8f0d,PASS
area_15,m_peach_monkey,s_mon_peach_monkey,CAST_VFX,5,AREA_15_IMAGES_OUTPUT.zip,CAST/003_m_peach_monkey_s_mon_peach_monkey_CAST_F05.png,CAST/003_m_peach_monkey_s_mon_peach_monkey_CAST_F05.png,943d30488bb4f54db43added60fd6c8e098c3a1bca447720bb59ae12b9fca2cb,943d30488bb4f54db43added60fd6c8e098c3a1bca447720bb59ae12b9fca2cb,PASS
area_15,m_peach_monkey,s_mon_peach_monkey,CAST_VFX,6,AREA_15_IMAGES_OUTPUT.zip,CAST/003_m_peach_monkey_s_mon_peach_monkey_CAST_F06.png,CAST/003_m_peach_monkey_s_mon_peach_monkey_CAST_F06.png,0d43967cc528e4220bcff615573173c4e66787cfa0e9ab333f967abc2588b033,0d43967cc528e4220bcff615573173c4e66787cfa0e9ab333f967abc2588b033,PASS
area_15,m_peach_monkey,s_mon_peach_monkey,CAST_VFX,7,AREA_15_IMAGES_OUTPUT.zip,CAST/003_m_peach_monkey_s_mon_peach_monkey_CAST_F07.png,CAST/003_m_peach_monkey_s_mon_peach_monkey_CAST_F07.png,240198cdd2ade7dcb30059cba6d1bd6288c2be87b044c0d20bf79a3ca3bfcd53,240198cdd2ade7dcb30059cba6d1bd6288c2be87b044c0d20bf79a3ca3bfcd53,PASS
area_15,m_peach_monkey,s_mon_peach_monkey,PROJECTILE,0,AREA_15_IMAGES_OUTPUT.zip,PROJECTILE/003_m_peach_monkey_s_mon_peach_monkey_PROJECTILE_F00.png,PROJECTILE/003_m_peach_monkey_s_mon_peach_monkey_PROJECTILE_F00.png,a7ca48b15037d1c9f0f771b64843925318be672bdb4ebecaf92f76fa897869c4,a7ca48b15037d1c9f0f771b64843925318be672bdb4ebecaf92f76fa897869c4,PASS
area_15,m_peach_monkey,s_mon_peach_monkey,PROJECTILE,1,AREA_15_IMAGES_OUTPUT.zip,PROJECTILE/003_m_peach_monkey_s_mon_peach_monkey_PROJECTILE_F01.png,PROJECTILE/003_m_peach_monkey_s_mon_peach_monkey_PROJECTILE_F01.png,5b97e652bc81dc5e81e9739d454e39bd59f8c8cbe4d649eb6105dd13a46f9e5c,5b97e652bc81dc5e81e9739d454e39bd59f8c8cbe4d649eb6105dd13a46f9e5c,PASS
area_15,m_peach_monkey,s_mon_peach_monkey,PROJECTILE,2,AREA_15_IMAGES_OUTPUT.zip,PROJECTILE/003_m_peach_monkey_s_mon_peach_monkey_PROJECTILE_F02.png,PROJECTILE/003_m_peach_monkey_s_mon_peach_monkey_PROJECTILE_F02.png,041782c7dae9b46a8d53e0278a6f20312fa3b7f764f73a6682d9bd7ce3b6065a,041782c7dae9b46a8d53e0278a6f20312fa3b7f764f73a6682d9bd7ce3b6065a,PASS
area_15,m_peach_monkey,s_mon_peach_monkey,PROJECTILE,3,AREA_15_IMAGES_OUTPUT.zip,PROJECTILE/003_m_peach_monkey_s_mon_peach_monkey_PROJECTILE_F03.png,PROJECTILE/003_m_peach_monkey_s_mon_peach_monkey_PROJECTILE_F03.png,7c28a7990c61fb008e6b8c5a139b5ffd3280855617eb446f8b236786befddbdc,7c28a7990c61fb008e6b8c5a139b5ffd3280855617eb446f8b236786befddbdc,PASS
area_15,m_blue_flower_serpent,s_mon_blue_flower_serpent,ICON,0,AREA_15_IMAGES_OUTPUT.zip,ICON/004_m_blue_flower_serpent_s_mon_blue_flower_serpent_ICON.png,ICON/004_m_blue_flower_serpent_s_mon_blue_flower_serpent_ICON.png,a2a504d30ba760660592e66582f4adca7157710d78e25ceb4d8f50d49aa397ab,a2a504d30ba760660592e66582f4adca7157710d78e25ceb4d8f50d49aa397ab,PASS
area_15,m_blue_flower_serpent,s_mon_blue_flower_serpent,REFERENCE_VFX,0,AREA_15_IMAGES_OUTPUT.zip,REFERENCE/004_m_blue_flower_serpent_s_mon_blue_flower_serpent_REFERENCE_F00.png,REFERENCE/004_m_blue_flower_serpent_s_mon_blue_flower_serpent_REFERENCE_F00.png,684ff315e7254c22d86b92d442a34f2799934a4da324c9aee53afd68edbad3d6,684ff315e7254c22d86b92d442a34f2799934a4da324c9aee53afd68edbad3d6,PASS
area_15,m_blue_flower_serpent,s_mon_blue_flower_serpent,REFERENCE_VFX,1,AREA_15_IMAGES_OUTPUT.zip,REFERENCE/004_m_blue_flower_serpent_s_mon_blue_flower_serpent_REFERENCE_F01.png,REFERENCE/004_m_blue_flower_serpent_s_mon_blue_flower_serpent_REFERENCE_F01.png,371f6b9e1d36c295123a97aed08b2eda8554faca0ef1542995093b8eae1a40ac,371f6b9e1d36c295123a97aed08b2eda8554faca0ef1542995093b8eae1a40ac,PASS
area_15,m_blue_flower_serpent,s_mon_blue_flower_serpent,REFERENCE_VFX,2,AREA_15_IMAGES_OUTPUT.zip,REFERENCE/004_m_blue_flower_serpent_s_mon_blue_flower_serpent_REFERENCE_F02.png,REFERENCE/004_m_blue_flower_serpent_s_mon_blue_flower_serpent_REFERENCE_F02.png,56396e17497cc2dc881fa264f50eb1908eec8272cfda04a46157e1ff40cb15bb,56396e17497cc2dc881fa264f50eb1908eec8272cfda04a46157e1ff40cb15bb,PASS
area_15,m_blue_flower_serpent,s_mon_blue_flower_serpent,REFERENCE_VFX,3,AREA_15_IMAGES_OUTPUT.zip,REFERENCE/004_m_blue_flower_serpent_s_mon_blue_flower_serpent_REFERENCE_F03.png,REFERENCE/004_m_blue_flower_serpent_s_mon_blue_flower_serpent_REFERENCE_F03.png,0190393a5bad93bba6ea4899cc54da9a0dd8be0b29ab3b69ba8ca9402bd1bbd2,0190393a5bad93bba6ea4899cc54da9a0dd8be0b29ab3b69ba8ca9402bd1bbd2,PASS
area_15,m_blue_flower_serpent,s_mon_blue_flower_serpent,REFERENCE_VFX,4,AREA_15_IMAGES_OUTPUT.zip,REFERENCE/004_m_blue_flower_serpent_s_mon_blue_flower_serpent_REFERENCE_F04.png,REFERENCE/004_m_blue_flower_serpent_s_mon_blue_flower_serpent_REFERENCE_F04.png,acc2b7363fec59a00328b9fc87c8ff6f2d922f59a994a5966f309bd5ebac15aa,acc2b7363fec59a00328b9fc87c8ff6f2d922f59a994a5966f309bd5ebac15aa,PASS
area_15,m_blue_flower_serpent,s_mon_blue_flower_serpent,REFERENCE_VFX,5,AREA_15_IMAGES_OUTPUT.zip,REFERENCE/004_m_blue_flower_serpent_s_mon_blue_flower_serpent_REFERENCE_F05.png,REFERENCE/004_m_blue_flower_serpent_s_mon_blue_flower_serpent_REFERENCE_F05.png,ff6ad2707c694db3a65216f4f64cda7b4e3d12b438a9651d415c0f08eb4289de,ff6ad2707c694db3a65216f4f64cda7b4e3d12b438a9651d415c0f08eb4289de,PASS
area_15,m_tae_roon,s_mon_tae_roon,ICON,0,AREA_15_IMAGES_OUTPUT.zip,ICON/005_m_tae_roon_s_mon_tae_roon_ICON.png,ICON/005_m_tae_roon_s_mon_tae_roon_ICON.png,dc8f600f123795ed53a46f040eea3dca9567fd4021a8434a40047a5227f95c72,dc8f600f123795ed53a46f040eea3dca9567fd4021a8434a40047a5227f95c72,PASS
area_15,m_tae_roon,s_mon_tae_roon,CAST_VFX,0,AREA_15_IMAGES_OUTPUT.zip,CAST/005_m_tae_roon_s_mon_tae_roon_CAST_F00.png,CAST/005_m_tae_roon_s_mon_tae_roon_CAST_F00.png,2e0f706fa8aac567d4fd03e931e0c6ae66e1e986751b9a6549d6c875a15ffeee,2e0f706fa8aac567d4fd03e931e0c6ae66e1e986751b9a6549d6c875a15ffeee,PASS
area_15,m_tae_roon,s_mon_tae_roon,CAST_VFX,1,AREA_15_IMAGES_OUTPUT.zip,CAST/005_m_tae_roon_s_mon_tae_roon_CAST_F01.png,CAST/005_m_tae_roon_s_mon_tae_roon_CAST_F01.png,39a3e996da6113a10c51611325408d718f6b68971d0d9e02ca3097010afef159,39a3e996da6113a10c51611325408d718f6b68971d0d9e02ca3097010afef159,PASS
area_15,m_tae_roon,s_mon_tae_roon,CAST_VFX,2,AREA_15_IMAGES_OUTPUT.zip,CAST/005_m_tae_roon_s_mon_tae_roon_CAST_F02.png,CAST/005_m_tae_roon_s_mon_tae_roon_CAST_F02.png,fb22ff2f6a0a810055d64fae534a43f975caa5a4cd935beebe2579d5bb1ec81b,fb22ff2f6a0a810055d64fae534a43f975caa5a4cd935beebe2579d5bb1ec81b,PASS
area_15,m_tae_roon,s_mon_tae_roon,CAST_VFX,3,AREA_15_IMAGES_OUTPUT.zip,CAST/005_m_tae_roon_s_mon_tae_roon_CAST_F03.png,CAST/005_m_tae_roon_s_mon_tae_roon_CAST_F03.png,99f72e8fa7d38d432d5d1a9031152a32cc94462c2e0d8cf55599f056f071640f,99f72e8fa7d38d432d5d1a9031152a32cc94462c2e0d8cf55599f056f071640f,PASS
area_15,m_tae_roon,s_mon_tae_roon,CAST_VFX,4,AREA_15_IMAGES_OUTPUT.zip,CAST/005_m_tae_roon_s_mon_tae_roon_CAST_F04.png,CAST/005_m_tae_roon_s_mon_tae_roon_CAST_F04.png,f6dac5d6b5555230c4853eb6cef5e65b1e25b4c497c55177ba3dcabb1a789219,f6dac5d6b5555230c4853eb6cef5e65b1e25b4c497c55177ba3dcabb1a789219,PASS
area_15,m_tae_roon,s_mon_tae_roon,CAST_VFX,5,AREA_15_IMAGES_OUTPUT.zip,CAST/005_m_tae_roon_s_mon_tae_roon_CAST_F05.png,CAST/005_m_tae_roon_s_mon_tae_roon_CAST_F05.png,cb83ea524ad9267c28156896182027920644f3c572c2fef5db01732e8f24c5fa,cb83ea524ad9267c28156896182027920644f3c572c2fef5db01732e8f24c5fa,PASS
area_15,m_tae_roon,s_mon_tae_roon,CAST_VFX,6,AREA_15_IMAGES_OUTPUT.zip,CAST/005_m_tae_roon_s_mon_tae_roon_CAST_F06.png,CAST/005_m_tae_roon_s_mon_tae_roon_CAST_F06.png,1bbc2d5b89f66d036534e9d4d005c3f0a73c8368d46acee4a867c7862d49d826,1bbc2d5b89f66d036534e9d4d005c3f0a73c8368d46acee4a867c7862d49d826,PASS
area_15,m_tae_roon,s_mon_tae_roon,CAST_VFX,7,AREA_15_IMAGES_OUTPUT.zip,CAST/005_m_tae_roon_s_mon_tae_roon_CAST_F07.png,CAST/005_m_tae_roon_s_mon_tae_roon_CAST_F07.png,a724034d35aa5b9a0c70cbb80e3b25fca50d42b71603693f16cce1162df88339,a724034d35aa5b9a0c70cbb80e3b25fca50d42b71603693f16cce1162df88339,PASS
area_15,m_tae_roon,s_mon_tae_roon,CAST_VFX,8,AREA_15_IMAGES_OUTPUT.zip,CAST/005_m_tae_roon_s_mon_tae_roon_CAST_F08.png,CAST/005_m_tae_roon_s_mon_tae_roon_CAST_F08.png,6c36b5740c4af7aed72e79e65db4e7842e84e063f354ad1a163a0a146abc5faf,6c36b5740c4af7aed72e79e65db4e7842e84e063f354ad1a163a0a146abc5faf,PASS
area_15,m_tae_roon,s_mon_tae_roon,CAST_VFX,9,AREA_15_IMAGES_OUTPUT.zip,CAST/005_m_tae_roon_s_mon_tae_roon_CAST_F09.png,CAST/005_m_tae_roon_s_mon_tae_roon_CAST_F09.png,47f28838cda2dba44e854c28bf3113b63ebe99d803a471de4395404b8ec37bd5,47f28838cda2dba44e854c28bf3113b63ebe99d803a471de4395404b8ec37bd5,PASS
area_15,m_tae_roon,s_mon_tae_roon,CAST_VFX,10,AREA_15_IMAGES_OUTPUT.zip,CAST/005_m_tae_roon_s_mon_tae_roon_CAST_F10.png,CAST/005_m_tae_roon_s_mon_tae_roon_CAST_F10.png,d6479e20924fd98d6f491c9d0e929a49a2eef35ef584123ae0626d02310743d9,d6479e20924fd98d6f491c9d0e929a49a2eef35ef584123ae0626d02310743d9,PASS
area_15,m_tae_roon,s_mon_tae_roon,CAST_VFX,11,AREA_15_IMAGES_OUTPUT.zip,CAST/005_m_tae_roon_s_mon_tae_roon_CAST_F11.png,CAST/005_m_tae_roon_s_mon_tae_roon_CAST_F11.png,2348cd1748de38ad01f46f2b12640132fa3d1b4ec2b352ee11113a75eb5b61e9,2348cd1748de38ad01f46f2b12640132fa3d1b4ec2b352ee11113a75eb5b61e9,PASS
area_15,m_tae_roon,s_mon_tae_roon,PROJECTILE,0,AREA_15_IMAGES_OUTPUT.zip,PROJECTILE/005_m_tae_roon_s_mon_tae_roon_PROJECTILE_F00.png,PROJECTILE/005_m_tae_roon_s_mon_tae_roon_PROJECTILE_F00.png,9dda2b97999da90c866969db0a54f76d8de692f489589c4b84cdefe6a102b9c9,9dda2b97999da90c866969db0a54f76d8de692f489589c4b84cdefe6a102b9c9,PASS
area_15,m_tae_roon,s_mon_tae_roon,PROJECTILE,1,AREA_15_IMAGES_OUTPUT.zip,PROJECTILE/005_m_tae_roon_s_mon_tae_roon_PROJECTILE_F01.png,PROJECTILE/005_m_tae_roon_s_mon_tae_roon_PROJECTILE_F01.png,37eebb3164a38cb43a6404051ab9628db08ba290af973a9a95fd27847088bd26,37eebb3164a38cb43a6404051ab9628db08ba290af973a9a95fd27847088bd26,PASS
area_15,m_tae_roon,s_mon_tae_roon,PROJECTILE,2,AREA_15_IMAGES_OUTPUT.zip,PROJECTILE/005_m_tae_roon_s_mon_tae_roon_PROJECTILE_F02.png,PROJECTILE/005_m_tae_roon_s_mon_tae_roon_PROJECTILE_F02.png,ef939bf9283841c4f7a18b6bedbadafb80b852eaed9826053e505e8f03d903fd,ef939bf9283841c4f7a18b6bedbadafb80b852eaed9826053e505e8f03d903fd,PASS
area_15,m_tae_roon,s_mon_tae_roon,PROJECTILE,3,AREA_15_IMAGES_OUTPUT.zip,PROJECTILE/005_m_tae_roon_s_mon_tae_roon_PROJECTILE_F03.png,PROJECTILE/005_m_tae_roon_s_mon_tae_roon_PROJECTILE_F03.png,51b3782d1e43b133e0630804c948458c973df65a240f912eccf46a9de8840ea1,51b3782d1e43b133e0630804c948458c973df65a240f912eccf46a9de8840ea1,PASS
area_16,m_harp,s_mon_harp,ICON,0,AREA_16_IMAGES_OUTPUT.zip,ICON/001_m_harp_s_mon_harp_ICON.png,ICON/001_m_harp_s_mon_harp_ICON.png,7b20fbc2b41b839d6c2a73da318f3ece4c6a72d917c04d04858f005399dae89b,7b20fbc2b41b839d6c2a73da318f3ece4c6a72d917c04d04858f005399dae89b,PASS
area_16,m_harp,s_mon_harp,REFERENCE_VFX,0,AREA_16_IMAGES_OUTPUT.zip,REFERENCE/001_m_harp_s_mon_harp_REFERENCE_F00.png,REFERENCE/001_m_harp_s_mon_harp_REFERENCE_F00.png,a4b74ad36d59edd739027c8eb79333a734634c7700d9961c5fdd3e8870ff9fd5,a4b74ad36d59edd739027c8eb79333a734634c7700d9961c5fdd3e8870ff9fd5,PASS
area_16,m_harp,s_mon_harp,REFERENCE_VFX,1,AREA_16_IMAGES_OUTPUT.zip,REFERENCE/001_m_harp_s_mon_harp_REFERENCE_F01.png,REFERENCE/001_m_harp_s_mon_harp_REFERENCE_F01.png,f0a5c22b0c616af2be0278ca50024ec8336ed01645ed73a4e927fde0fe9c38ad,f0a5c22b0c616af2be0278ca50024ec8336ed01645ed73a4e927fde0fe9c38ad,PASS
area_16,m_harp,s_mon_harp,REFERENCE_VFX,2,AREA_16_IMAGES_OUTPUT.zip,REFERENCE/001_m_harp_s_mon_harp_REFERENCE_F02.png,REFERENCE/001_m_harp_s_mon_harp_REFERENCE_F02.png,50db79c0f37a927f80503be37b49c0cd47e37b2fb857d32162dac235933aaf99,50db79c0f37a927f80503be37b49c0cd47e37b2fb857d32162dac235933aaf99,PASS
area_16,m_harp,s_mon_harp,REFERENCE_VFX,3,AREA_16_IMAGES_OUTPUT.zip,REFERENCE/001_m_harp_s_mon_harp_REFERENCE_F03.png,REFERENCE/001_m_harp_s_mon_harp_REFERENCE_F03.png,f0cf2cb244a12d87954296555edeabef7c8073bbcac811e8fddb06f5017ebcfd,f0cf2cb244a12d87954296555edeabef7c8073bbcac811e8fddb06f5017ebcfd,PASS
area_16,m_harp,s_mon_harp,REFERENCE_VFX,4,AREA_16_IMAGES_OUTPUT.zip,REFERENCE/001_m_harp_s_mon_harp_REFERENCE_F04.png,REFERENCE/001_m_harp_s_mon_harp_REFERENCE_F04.png,e59732adc1080f75ae53ba6ce0363ad462eda727d7d8963a5ae44957effcd079,e59732adc1080f75ae53ba6ce0363ad462eda727d7d8963a5ae44957effcd079,PASS
area_16,m_harp,s_mon_harp,REFERENCE_VFX,5,AREA_16_IMAGES_OUTPUT.zip,REFERENCE/001_m_harp_s_mon_harp_REFERENCE_F05.png,REFERENCE/001_m_harp_s_mon_harp_REFERENCE_F05.png,7cd6dbb381c4170880529af745efaf7e5558a895c23a09d316ba511f0ad89072,7cd6dbb381c4170880529af745efaf7e5558a895c23a09d316ba511f0ad89072,PASS
area_16,m_blood_harp,s_mon_blood_harp,ICON,0,AREA_16_IMAGES_OUTPUT.zip,ICON/002_m_blood_harp_s_mon_blood_harp_ICON.png,ICON/002_m_blood_harp_s_mon_blood_harp_ICON.png,f65f6a57d2f99ad5f36df111e619c567dfcc9cf008f28f229ccefaf47b4a76fa,f65f6a57d2f99ad5f36df111e619c567dfcc9cf008f28f229ccefaf47b4a76fa,PASS
area_16,m_blood_harp,s_mon_blood_harp,CAST_VFX,0,AREA_16_IMAGES_OUTPUT.zip,CAST/002_m_blood_harp_s_mon_blood_harp_CAST_F00.png,CAST/002_m_blood_harp_s_mon_blood_harp_CAST_F00.png,563d8f7ebb971ef2c84c3e50e04673aebb352905ddbc9962edf9e2404938e729,563d8f7ebb971ef2c84c3e50e04673aebb352905ddbc9962edf9e2404938e729,PASS
area_16,m_blood_harp,s_mon_blood_harp,CAST_VFX,1,AREA_16_IMAGES_OUTPUT.zip,CAST/002_m_blood_harp_s_mon_blood_harp_CAST_F01.png,CAST/002_m_blood_harp_s_mon_blood_harp_CAST_F01.png,4f9b142aff8ab46b22d5b209625233e8da8821351720d77e4915241b4f92d82f,4f9b142aff8ab46b22d5b209625233e8da8821351720d77e4915241b4f92d82f,PASS
area_16,m_blood_harp,s_mon_blood_harp,CAST_VFX,2,AREA_16_IMAGES_OUTPUT.zip,CAST/002_m_blood_harp_s_mon_blood_harp_CAST_F02.png,CAST/002_m_blood_harp_s_mon_blood_harp_CAST_F02.png,60353851b5a8184d00a573d3eb2eeb51c2039b43887221597e8a4a2c4da8accc,60353851b5a8184d00a573d3eb2eeb51c2039b43887221597e8a4a2c4da8accc,PASS
area_16,m_blood_harp,s_mon_blood_harp,CAST_VFX,3,AREA_16_IMAGES_OUTPUT.zip,CAST/002_m_blood_harp_s_mon_blood_harp_CAST_F03.png,CAST/002_m_blood_harp_s_mon_blood_harp_CAST_F03.png,dfad8711001336b8d884d18dde892b1e8cdca5c11c289b4ef1694dba0e9c9353,dfad8711001336b8d884d18dde892b1e8cdca5c11c289b4ef1694dba0e9c9353,PASS
area_16,m_blood_harp,s_mon_blood_harp,CAST_VFX,4,AREA_16_IMAGES_OUTPUT.zip,CAST/002_m_blood_harp_s_mon_blood_harp_CAST_F04.png,CAST/002_m_blood_harp_s_mon_blood_harp_CAST_F04.png,eedd087cebd262913834e0d41064d55c1b90f27126a4d2172663b6dd596ee05a,eedd087cebd262913834e0d41064d55c1b90f27126a4d2172663b6dd596ee05a,PASS
area_16,m_blood_harp,s_mon_blood_harp,CAST_VFX,5,AREA_16_IMAGES_OUTPUT.zip,CAST/002_m_blood_harp_s_mon_blood_harp_CAST_F05.png,CAST/002_m_blood_harp_s_mon_blood_harp_CAST_F05.png,27ed10ecd935828c51a88df016bbc86852fa5bc0994749db434a9b5f2fe1016a,27ed10ecd935828c51a88df016bbc86852fa5bc0994749db434a9b5f2fe1016a,PASS
area_16,m_blood_harp,s_mon_blood_harp,CAST_VFX,6,AREA_16_IMAGES_OUTPUT.zip,CAST/002_m_blood_harp_s_mon_blood_harp_CAST_F06.png,CAST/002_m_blood_harp_s_mon_blood_harp_CAST_F06.png,7f9c0801b92c7775b9455f02829d9c56bb0e63568b5cf2175529192c5df6e0e5,7f9c0801b92c7775b9455f02829d9c56bb0e63568b5cf2175529192c5df6e0e5,PASS
area_16,m_blood_harp,s_mon_blood_harp,CAST_VFX,7,AREA_16_IMAGES_OUTPUT.zip,CAST/002_m_blood_harp_s_mon_blood_harp_CAST_F07.png,CAST/002_m_blood_harp_s_mon_blood_harp_CAST_F07.png,ab4ea37523fc0ab2fb0ffd2900a80079a4ce4e020a9d662bbab62a2754c73023,ab4ea37523fc0ab2fb0ffd2900a80079a4ce4e020a9d662bbab62a2754c73023,PASS
area_16,m_blue_wyvern,s_mon_blue_wyvern,ICON,0,AREA_16_IMAGES_OUTPUT.zip,ICON/003_m_blue_wyvern_s_mon_blue_wyvern_ICON.png,ICON/003_m_blue_wyvern_s_mon_blue_wyvern_ICON.png,021f6b4b500ac3e886370546180235e14ba6727ffcd52e46193f5c7f1c348730,021f6b4b500ac3e886370546180235e14ba6727ffcd52e46193f5c7f1c348730,PASS
area_16,m_blue_wyvern,s_mon_blue_wyvern,CAST_VFX,0,AREA_16_IMAGES_OUTPUT.zip,CAST/003_m_blue_wyvern_s_mon_blue_wyvern_CAST_F00.png,CAST/003_m_blue_wyvern_s_mon_blue_wyvern_CAST_F00.png,fee1c2272f74e7a7188f182a10793b9d1f42e48281d1e15427c1dd1e2477788b,fee1c2272f74e7a7188f182a10793b9d1f42e48281d1e15427c1dd1e2477788b,PASS
area_16,m_blue_wyvern,s_mon_blue_wyvern,CAST_VFX,1,AREA_16_IMAGES_OUTPUT.zip,CAST/003_m_blue_wyvern_s_mon_blue_wyvern_CAST_F01.png,CAST/003_m_blue_wyvern_s_mon_blue_wyvern_CAST_F01.png,b4548788abf4547280d6c2038b8bbb0c27d4cad2a662d429ae0460dc186c3c83,b4548788abf4547280d6c2038b8bbb0c27d4cad2a662d429ae0460dc186c3c83,PASS
area_16,m_blue_wyvern,s_mon_blue_wyvern,CAST_VFX,2,AREA_16_IMAGES_OUTPUT.zip,CAST/003_m_blue_wyvern_s_mon_blue_wyvern_CAST_F02.png,CAST/003_m_blue_wyvern_s_mon_blue_wyvern_CAST_F02.png,a80067c70e579ff3dd7cc313b928d9fa212616ba35c832729825702342dea4a9,a80067c70e579ff3dd7cc313b928d9fa212616ba35c832729825702342dea4a9,PASS
area_16,m_blue_wyvern,s_mon_blue_wyvern,CAST_VFX,3,AREA_16_IMAGES_OUTPUT.zip,CAST/003_m_blue_wyvern_s_mon_blue_wyvern_CAST_F03.png,CAST/003_m_blue_wyvern_s_mon_blue_wyvern_CAST_F03.png,8de09e2594db71c3afd657c2354b0f8b3ebe7e0089def40d7f916f02160e8970,8de09e2594db71c3afd657c2354b0f8b3ebe7e0089def40d7f916f02160e8970,PASS
area_16,m_blue_wyvern,s_mon_blue_wyvern,CAST_VFX,4,AREA_16_IMAGES_OUTPUT.zip,CAST/003_m_blue_wyvern_s_mon_blue_wyvern_CAST_F04.png,CAST/003_m_blue_wyvern_s_mon_blue_wyvern_CAST_F04.png,a241ab35013190a69098001fd5ff22428522dd1b214839d5b4614dcd8e72135b,a241ab35013190a69098001fd5ff22428522dd1b214839d5b4614dcd8e72135b,PASS
area_16,m_blue_wyvern,s_mon_blue_wyvern,CAST_VFX,5,AREA_16_IMAGES_OUTPUT.zip,CAST/003_m_blue_wyvern_s_mon_blue_wyvern_CAST_F05.png,CAST/003_m_blue_wyvern_s_mon_blue_wyvern_CAST_F05.png,8a7949ce75b9f7bd144d78593584bffa9473443c5e067a0d5772d697053e129d,8a7949ce75b9f7bd144d78593584bffa9473443c5e067a0d5772d697053e129d,PASS
area_16,m_blue_wyvern,s_mon_blue_wyvern,CAST_VFX,6,AREA_16_IMAGES_OUTPUT.zip,CAST/003_m_blue_wyvern_s_mon_blue_wyvern_CAST_F06.png,CAST/003_m_blue_wyvern_s_mon_blue_wyvern_CAST_F06.png,f3b6f5ab3578a26ca9285da840441301156acfbb897698b94c22056c2d4e8260,f3b6f5ab3578a26ca9285da840441301156acfbb897698b94c22056c2d4e8260,PASS
area_16,m_blue_wyvern,s_mon_blue_wyvern,CAST_VFX,7,AREA_16_IMAGES_OUTPUT.zip,CAST/003_m_blue_wyvern_s_mon_blue_wyvern_CAST_F07.png,CAST/003_m_blue_wyvern_s_mon_blue_wyvern_CAST_F07.png,bf35326f94c3a18eaf3b715f857f52e37d1780adf2d6c0420787ca71a7906f0e,bf35326f94c3a18eaf3b715f857f52e37d1780adf2d6c0420787ca71a7906f0e,PASS
area_16,m_dark_wyvern,s_mon_dark_wyvern,ICON,0,AREA_16_IMAGES_OUTPUT.zip,ICON/004_m_dark_wyvern_s_mon_dark_wyvern_ICON.png,ICON/004_m_dark_wyvern_s_mon_dark_wyvern_ICON.png,f24e5b091b998e63d2ab8c436e02c12d86023e02cf11fedaed5843086707a7f0,f24e5b091b998e63d2ab8c436e02c12d86023e02cf11fedaed5843086707a7f0,PASS
area_16,m_dark_wyvern,s_mon_dark_wyvern,REFERENCE_VFX,0,AREA_16_IMAGES_OUTPUT.zip,REFERENCE/004_m_dark_wyvern_s_mon_dark_wyvern_REFERENCE_F00.png,REFERENCE/004_m_dark_wyvern_s_mon_dark_wyvern_REFERENCE_F00.png,4ceba203b5b64577447c433d0319ae3256115f268416c5e1b852c596d9fbf82b,4ceba203b5b64577447c433d0319ae3256115f268416c5e1b852c596d9fbf82b,PASS
area_16,m_dark_wyvern,s_mon_dark_wyvern,REFERENCE_VFX,1,AREA_16_IMAGES_OUTPUT.zip,REFERENCE/004_m_dark_wyvern_s_mon_dark_wyvern_REFERENCE_F01.png,REFERENCE/004_m_dark_wyvern_s_mon_dark_wyvern_REFERENCE_F01.png,e1e734db5bc7546bb67d652efe511e905f18314caf021a275d7a5325ac8e7d5b,e1e734db5bc7546bb67d652efe511e905f18314caf021a275d7a5325ac8e7d5b,PASS
area_16,m_dark_wyvern,s_mon_dark_wyvern,REFERENCE_VFX,2,AREA_16_IMAGES_OUTPUT.zip,REFERENCE/004_m_dark_wyvern_s_mon_dark_wyvern_REFERENCE_F02.png,REFERENCE/004_m_dark_wyvern_s_mon_dark_wyvern_REFERENCE_F02.png,6b2e15e6391364c3e6702d6fb089f39d48f49b150c8356b3e36a6481f28c81a9,6b2e15e6391364c3e6702d6fb089f39d48f49b150c8356b3e36a6481f28c81a9,PASS
area_16,m_dark_wyvern,s_mon_dark_wyvern,REFERENCE_VFX,3,AREA_16_IMAGES_OUTPUT.zip,REFERENCE/004_m_dark_wyvern_s_mon_dark_wyvern_REFERENCE_F03.png,REFERENCE/004_m_dark_wyvern_s_mon_dark_wyvern_REFERENCE_F03.png,c0488e68c26bc32f976813338dc7844688d2b6505e70821513fd9438ef83d39c,c0488e68c26bc32f976813338dc7844688d2b6505e70821513fd9438ef83d39c,PASS
area_16,m_dark_wyvern,s_mon_dark_wyvern,REFERENCE_VFX,4,AREA_16_IMAGES_OUTPUT.zip,REFERENCE/004_m_dark_wyvern_s_mon_dark_wyvern_REFERENCE_F04.png,REFERENCE/004_m_dark_wyvern_s_mon_dark_wyvern_REFERENCE_F04.png,12d4ed7fe046c873d92743e47cc9c1d5b20ef08fb690e0a7b65d4e5dba69963f,12d4ed7fe046c873d92743e47cc9c1d5b20ef08fb690e0a7b65d4e5dba69963f,PASS
area_16,m_dark_wyvern,s_mon_dark_wyvern,REFERENCE_VFX,5,AREA_16_IMAGES_OUTPUT.zip,REFERENCE/004_m_dark_wyvern_s_mon_dark_wyvern_REFERENCE_F05.png,REFERENCE/004_m_dark_wyvern_s_mon_dark_wyvern_REFERENCE_F05.png,b7226d16d85398a6a73d9df6dda3691222ec567bc95679a10525fec175cdb973,b7226d16d85398a6a73d9df6dda3691222ec567bc95679a10525fec175cdb973,PASS
area_16,m_manon,s_mon_manon,ICON,0,AREA_16_IMAGES_OUTPUT.zip,ICON/005_m_manon_s_mon_manon_ICON.png,ICON/005_m_manon_s_mon_manon_ICON.png,41818f520a6a255ecefe84653ae84c4ab1fa25ba48afb120ae3c44b2273c72f6,41818f520a6a255ecefe84653ae84c4ab1fa25ba48afb120ae3c44b2273c72f6,PASS
area_16,m_manon,s_mon_manon,CAST_VFX,0,AREA_16_IMAGES_OUTPUT.zip,CAST/005_m_manon_s_mon_manon_CAST_F00.png,CAST/005_m_manon_s_mon_manon_CAST_F00.png,e9ed15e1a61555aa8ad5c5e2ffdc95be2c2ea1f03ca9ab3bf17b38a2aceace5f,e9ed15e1a61555aa8ad5c5e2ffdc95be2c2ea1f03ca9ab3bf17b38a2aceace5f,PASS
area_16,m_manon,s_mon_manon,CAST_VFX,1,AREA_16_IMAGES_OUTPUT.zip,CAST/005_m_manon_s_mon_manon_CAST_F01.png,CAST/005_m_manon_s_mon_manon_CAST_F01.png,def3d48519dd6b7cae4706082183d02f71f0c1c3092ef728d8f6de8c0fe31064,def3d48519dd6b7cae4706082183d02f71f0c1c3092ef728d8f6de8c0fe31064,PASS
area_16,m_manon,s_mon_manon,CAST_VFX,2,AREA_16_IMAGES_OUTPUT.zip,CAST/005_m_manon_s_mon_manon_CAST_F02.png,CAST/005_m_manon_s_mon_manon_CAST_F02.png,3f9453a1cb9f2c5554c04a2a2fa2742588bc9246ff3ede3652c686334c4527f5,3f9453a1cb9f2c5554c04a2a2fa2742588bc9246ff3ede3652c686334c4527f5,PASS
area_16,m_manon,s_mon_manon,CAST_VFX,3,AREA_16_IMAGES_OUTPUT.zip,CAST/005_m_manon_s_mon_manon_CAST_F03.png,CAST/005_m_manon_s_mon_manon_CAST_F03.png,cc2017c1946dda83da3ca4a913fe8301aed996e5f99cf54e99e4bb58e95ef34b,cc2017c1946dda83da3ca4a913fe8301aed996e5f99cf54e99e4bb58e95ef34b,PASS
area_16,m_manon,s_mon_manon,CAST_VFX,4,AREA_16_IMAGES_OUTPUT.zip,CAST/005_m_manon_s_mon_manon_CAST_F04.png,CAST/005_m_manon_s_mon_manon_CAST_F04.png,cc8e60b74f8fb1d9cd35a9af15327e3f7210ce5251ab658d857fbff203386347,cc8e60b74f8fb1d9cd35a9af15327e3f7210ce5251ab658d857fbff203386347,PASS
area_16,m_manon,s_mon_manon,CAST_VFX,5,AREA_16_IMAGES_OUTPUT.zip,CAST/005_m_manon_s_mon_manon_CAST_F05.png,CAST/005_m_manon_s_mon_manon_CAST_F05.png,d4fc7f808ff6b09c49fe8c5727e4dc4a3decaf313ad3515a3c71a2218069666d,d4fc7f808ff6b09c49fe8c5727e4dc4a3decaf313ad3515a3c71a2218069666d,PASS
area_16,m_manon,s_mon_manon,CAST_VFX,6,AREA_16_IMAGES_OUTPUT.zip,CAST/005_m_manon_s_mon_manon_CAST_F06.png,CAST/005_m_manon_s_mon_manon_CAST_F06.png,224b2ae56f68db552ec5345ff74d5de20bce08748cb7bd64bf2be5e13ea45550,224b2ae56f68db552ec5345ff74d5de20bce08748cb7bd64bf2be5e13ea45550,PASS
area_16,m_manon,s_mon_manon,CAST_VFX,7,AREA_16_IMAGES_OUTPUT.zip,CAST/005_m_manon_s_mon_manon_CAST_F07.png,CAST/005_m_manon_s_mon_manon_CAST_F07.png,a23ab204a414e6b8a73d9ba6237d8094ad0126056788160a657283295d0c8aee,a23ab204a414e6b8a73d9ba6237d8094ad0126056788160a657283295d0c8aee,PASS
area_16,m_manon,s_mon_manon,CAST_VFX,8,AREA_16_IMAGES_OUTPUT.zip,CAST/005_m_manon_s_mon_manon_CAST_F08.png,CAST/005_m_manon_s_mon_manon_CAST_F08.png,e7c88d1047e0cfe779bede533f485c951d187cde4fc7f459d4daa97b7c6c6229,e7c88d1047e0cfe779bede533f485c951d187cde4fc7f459d4daa97b7c6c6229,PASS
area_16,m_manon,s_mon_manon,CAST_VFX,9,AREA_16_IMAGES_OUTPUT.zip,CAST/005_m_manon_s_mon_manon_CAST_F09.png,CAST/005_m_manon_s_mon_manon_CAST_F09.png,e0924678c2a86934636abb02327e7a62e80de736ca6a21a39bf1566d54bf26a0,e0924678c2a86934636abb02327e7a62e80de736ca6a21a39bf1566d54bf26a0,PASS
area_16,m_manon,s_mon_manon,CAST_VFX,10,AREA_16_IMAGES_OUTPUT.zip,CAST/005_m_manon_s_mon_manon_CAST_F10.png,CAST/005_m_manon_s_mon_manon_CAST_F10.png,39ecbc1a94f5811792ac6a3488ee02a4c20d440a0bf3b44bcaa3c63926298a2a,39ecbc1a94f5811792ac6a3488ee02a4c20d440a0bf3b44bcaa3c63926298a2a,PASS
area_16,m_manon,s_mon_manon,CAST_VFX,11,AREA_16_IMAGES_OUTPUT.zip,CAST/005_m_manon_s_mon_manon_CAST_F11.png,CAST/005_m_manon_s_mon_manon_CAST_F11.png,f851aa50ab20558a6fb6f9375da587696ca7e09f6f36358324eb493f1d143433,f851aa50ab20558a6fb6f9375da587696ca7e09f6f36358324eb493f1d143433,PASS
area_17,m_memory_monk,s_mon_memory_monk,ICON,0,AREA_17_IMAGES_OUTPUT.zip,ICON/001_m_memory_monk_s_mon_memory_monk_ICON.png,ICON/001_m_memory_monk_s_mon_memory_monk_ICON.png,149c76309a9c070b7a67e2c5d250409ff69e6c138f0b4c7d87e885c7bc844e4a,149c76309a9c070b7a67e2c5d250409ff69e6c138f0b4c7d87e885c7bc844e4a,PASS
area_17,m_memory_monk,s_mon_memory_monk,REFERENCE_VFX,0,AREA_17_IMAGES_OUTPUT.zip,REFERENCE/001_m_memory_monk_s_mon_memory_monk_REFERENCE_F00.png,REFERENCE/001_m_memory_monk_s_mon_memory_monk_REFERENCE_F00.png,3f260916eba8a3aa54fa0c2897863b3bbde61f6b36c1ee96640e9821a2b2a791,3f260916eba8a3aa54fa0c2897863b3bbde61f6b36c1ee96640e9821a2b2a791,PASS
area_17,m_memory_monk,s_mon_memory_monk,REFERENCE_VFX,1,AREA_17_IMAGES_OUTPUT.zip,REFERENCE/001_m_memory_monk_s_mon_memory_monk_REFERENCE_F01.png,REFERENCE/001_m_memory_monk_s_mon_memory_monk_REFERENCE_F01.png,38403032b680614667b66bbafad826bb1b0ef53afa0455adc3596fc45d221e9c,38403032b680614667b66bbafad826bb1b0ef53afa0455adc3596fc45d221e9c,PASS
area_17,m_memory_monk,s_mon_memory_monk,REFERENCE_VFX,2,AREA_17_IMAGES_OUTPUT.zip,REFERENCE/001_m_memory_monk_s_mon_memory_monk_REFERENCE_F02.png,REFERENCE/001_m_memory_monk_s_mon_memory_monk_REFERENCE_F02.png,00cac77aa4526b5517e18737767704d16b514e03d487d29e1190710bcfc75db1,00cac77aa4526b5517e18737767704d16b514e03d487d29e1190710bcfc75db1,PASS
area_17,m_memory_monk,s_mon_memory_monk,REFERENCE_VFX,3,AREA_17_IMAGES_OUTPUT.zip,REFERENCE/001_m_memory_monk_s_mon_memory_monk_REFERENCE_F03.png,REFERENCE/001_m_memory_monk_s_mon_memory_monk_REFERENCE_F03.png,41d0074b0c9c7636a8c0bd07b8bac729806f3b2569225eb554b7dd82428d92ce,41d0074b0c9c7636a8c0bd07b8bac729806f3b2569225eb554b7dd82428d92ce,PASS
area_17,m_memory_monk,s_mon_memory_monk,REFERENCE_VFX,4,AREA_17_IMAGES_OUTPUT.zip,REFERENCE/001_m_memory_monk_s_mon_memory_monk_REFERENCE_F04.png,REFERENCE/001_m_memory_monk_s_mon_memory_monk_REFERENCE_F04.png,6328f3d7767cb2c73f77fe9d1232b9df1ce9d67620e092bbd43bcba748fd1691,6328f3d7767cb2c73f77fe9d1232b9df1ce9d67620e092bbd43bcba748fd1691,PASS
area_17,m_memory_monk,s_mon_memory_monk,REFERENCE_VFX,5,AREA_17_IMAGES_OUTPUT.zip,REFERENCE/001_m_memory_monk_s_mon_memory_monk_REFERENCE_F05.png,REFERENCE/001_m_memory_monk_s_mon_memory_monk_REFERENCE_F05.png,a651df54d06cd5d57765f69614b3b21e9a3017df44b154f8870a0eaa60e24dde,a651df54d06cd5d57765f69614b3b21e9a3017df44b154f8870a0eaa60e24dde,PASS
area_17,m_memory_monk_trainee,s_mon_memory_monk_trainee,ICON,0,AREA_17_IMAGES_OUTPUT.zip,ICON/002_m_memory_monk_trainee_s_mon_memory_monk_trainee_ICON.png,ICON/002_m_memory_monk_trainee_s_mon_memory_monk_trainee_ICON.png,a8b47fa27f7a2b62d63ae47ae686704e5703e23979f26483049c877c6e237f20,a8b47fa27f7a2b62d63ae47ae686704e5703e23979f26483049c877c6e237f20,PASS
area_17,m_memory_monk_trainee,s_mon_memory_monk_trainee,CAST_VFX,0,AREA_17_IMAGES_OUTPUT.zip,CAST/002_m_memory_monk_trainee_s_mon_memory_monk_trainee_CAST_F00.png,CAST/002_m_memory_monk_trainee_s_mon_memory_monk_trainee_CAST_F00.png,617fff73005a4e08223aa395d384af3835606010459e13bd65022c7ad443ccc5,617fff73005a4e08223aa395d384af3835606010459e13bd65022c7ad443ccc5,PASS
area_17,m_memory_monk_trainee,s_mon_memory_monk_trainee,CAST_VFX,1,AREA_17_IMAGES_OUTPUT.zip,CAST/002_m_memory_monk_trainee_s_mon_memory_monk_trainee_CAST_F01.png,CAST/002_m_memory_monk_trainee_s_mon_memory_monk_trainee_CAST_F01.png,52b948867225c7cd3abbd3796861f3d288b66275518f48c2d1b097dd43c594fd,52b948867225c7cd3abbd3796861f3d288b66275518f48c2d1b097dd43c594fd,PASS
area_17,m_memory_monk_trainee,s_mon_memory_monk_trainee,CAST_VFX,2,AREA_17_IMAGES_OUTPUT.zip,CAST/002_m_memory_monk_trainee_s_mon_memory_monk_trainee_CAST_F02.png,CAST/002_m_memory_monk_trainee_s_mon_memory_monk_trainee_CAST_F02.png,eee044a6a7c7c32b4e6a151aa3acd86d1bf8f655460b48fb7c32970cdbd4a384,eee044a6a7c7c32b4e6a151aa3acd86d1bf8f655460b48fb7c32970cdbd4a384,PASS
area_17,m_memory_monk_trainee,s_mon_memory_monk_trainee,CAST_VFX,3,AREA_17_IMAGES_OUTPUT.zip,CAST/002_m_memory_monk_trainee_s_mon_memory_monk_trainee_CAST_F03.png,CAST/002_m_memory_monk_trainee_s_mon_memory_monk_trainee_CAST_F03.png,59c263235ebb0212f24c60436347149ec5a7dca2ae3732a7a8d7561465a870fb,59c263235ebb0212f24c60436347149ec5a7dca2ae3732a7a8d7561465a870fb,PASS
area_17,m_memory_monk_trainee,s_mon_memory_monk_trainee,CAST_VFX,4,AREA_17_IMAGES_OUTPUT.zip,CAST/002_m_memory_monk_trainee_s_mon_memory_monk_trainee_CAST_F04.png,CAST/002_m_memory_monk_trainee_s_mon_memory_monk_trainee_CAST_F04.png,b0a9f85f4cb7fec2c26c80d9fc6383c8f13df3f872f8c7dd99ea0daf86e6ddbb,b0a9f85f4cb7fec2c26c80d9fc6383c8f13df3f872f8c7dd99ea0daf86e6ddbb,PASS
area_17,m_memory_monk_trainee,s_mon_memory_monk_trainee,CAST_VFX,5,AREA_17_IMAGES_OUTPUT.zip,CAST/002_m_memory_monk_trainee_s_mon_memory_monk_trainee_CAST_F05.png,CAST/002_m_memory_monk_trainee_s_mon_memory_monk_trainee_CAST_F05.png,254d0c16c157f70cea47f7d84104fbe6579974d5d87b7260261938a2afcf7087,254d0c16c157f70cea47f7d84104fbe6579974d5d87b7260261938a2afcf7087,PASS
area_17,m_memory_monk_trainee,s_mon_memory_monk_trainee,CAST_VFX,6,AREA_17_IMAGES_OUTPUT.zip,CAST/002_m_memory_monk_trainee_s_mon_memory_monk_trainee_CAST_F06.png,CAST/002_m_memory_monk_trainee_s_mon_memory_monk_trainee_CAST_F06.png,4827f0041a8c7ded64d80ae7c08379ed5ee279b4676e513044589f6e4bb82ec3,4827f0041a8c7ded64d80ae7c08379ed5ee279b4676e513044589f6e4bb82ec3,PASS
area_17,m_memory_monk_trainee,s_mon_memory_monk_trainee,CAST_VFX,7,AREA_17_IMAGES_OUTPUT.zip,CAST/002_m_memory_monk_trainee_s_mon_memory_monk_trainee_CAST_F07.png,CAST/002_m_memory_monk_trainee_s_mon_memory_monk_trainee_CAST_F07.png,5bc39be25a7ed0eb73baea125e5ed6b7e48419f0565060664c1e8f7cb26738ca,5bc39be25a7ed0eb73baea125e5ed6b7e48419f0565060664c1e8f7cb26738ca,PASS
area_17,m_memory_guardian,s_mon_memory_guardian,ICON,0,AREA_17_IMAGES_OUTPUT.zip,ICON/003_m_memory_guardian_s_mon_memory_guardian_ICON.png,ICON/003_m_memory_guardian_s_mon_memory_guardian_ICON.png,b7dac4099329451f2ab4c9a38aa479180037eb5b0c39a8d92972b8a6d2bb5bb0,b7dac4099329451f2ab4c9a38aa479180037eb5b0c39a8d92972b8a6d2bb5bb0,PASS
area_17,m_memory_guardian,s_mon_memory_guardian,REFERENCE_VFX,0,AREA_17_IMAGES_OUTPUT.zip,REFERENCE/003_m_memory_guardian_s_mon_memory_guardian_REFERENCE_F00.png,REFERENCE/003_m_memory_guardian_s_mon_memory_guardian_REFERENCE_F00.png,869d08fc0993b428acb870c293c27b5b06aafe9b30f151949bb0b14f0b18017f,869d08fc0993b428acb870c293c27b5b06aafe9b30f151949bb0b14f0b18017f,PASS
area_17,m_memory_guardian,s_mon_memory_guardian,REFERENCE_VFX,1,AREA_17_IMAGES_OUTPUT.zip,REFERENCE/003_m_memory_guardian_s_mon_memory_guardian_REFERENCE_F01.png,REFERENCE/003_m_memory_guardian_s_mon_memory_guardian_REFERENCE_F01.png,ab20a48c3a01b9d7b153ac204c21e487e7fd3b0f670e07bbc51d0c650c5ff0d7,ab20a48c3a01b9d7b153ac204c21e487e7fd3b0f670e07bbc51d0c650c5ff0d7,PASS
area_17,m_memory_guardian,s_mon_memory_guardian,REFERENCE_VFX,2,AREA_17_IMAGES_OUTPUT.zip,REFERENCE/003_m_memory_guardian_s_mon_memory_guardian_REFERENCE_F02.png,REFERENCE/003_m_memory_guardian_s_mon_memory_guardian_REFERENCE_F02.png,f645745935651657fff5c7021642064551da8aa7f2fd4c80b00dae1d1877e4a5,f645745935651657fff5c7021642064551da8aa7f2fd4c80b00dae1d1877e4a5,PASS
area_17,m_memory_guardian,s_mon_memory_guardian,REFERENCE_VFX,3,AREA_17_IMAGES_OUTPUT.zip,REFERENCE/003_m_memory_guardian_s_mon_memory_guardian_REFERENCE_F03.png,REFERENCE/003_m_memory_guardian_s_mon_memory_guardian_REFERENCE_F03.png,8644c5fe48b15cba9df6ceacf856f86757f9180d72b41b223f78297909b85ae0,8644c5fe48b15cba9df6ceacf856f86757f9180d72b41b223f78297909b85ae0,PASS
area_17,m_memory_guardian,s_mon_memory_guardian,REFERENCE_VFX,4,AREA_17_IMAGES_OUTPUT.zip,REFERENCE/003_m_memory_guardian_s_mon_memory_guardian_REFERENCE_F04.png,REFERENCE/003_m_memory_guardian_s_mon_memory_guardian_REFERENCE_F04.png,c2fa5dbbb90d2be28f6916daf7126ff802ce8fe727b450faeb15e18a921ae562,c2fa5dbbb90d2be28f6916daf7126ff802ce8fe727b450faeb15e18a921ae562,PASS
area_17,m_memory_guardian,s_mon_memory_guardian,REFERENCE_VFX,5,AREA_17_IMAGES_OUTPUT.zip,REFERENCE/003_m_memory_guardian_s_mon_memory_guardian_REFERENCE_F05.png,REFERENCE/003_m_memory_guardian_s_mon_memory_guardian_REFERENCE_F05.png,a0614f3c494f7a0b8477060c208516f58a852822b6fc1cda177640edb0ae510c,a0614f3c494f7a0b8477060c208516f58a852822b6fc1cda177640edb0ae510c,PASS
area_17,m_chief_memory_guardian,s_mon_chief_memory_guardian,ICON,0,AREA_17_IMAGES_OUTPUT.zip,ICON/004_m_chief_memory_guardian_s_mon_chief_memory_guardian_ICON.png,ICON/004_m_chief_memory_guardian_s_mon_chief_memory_guardian_ICON.png,899d93bbdc735f49bfbbb1baaae00447644b24c5e0bbe7f02d34926dd8be8018,899d93bbdc735f49bfbbb1baaae00447644b24c5e0bbe7f02d34926dd8be8018,PASS
area_17,m_chief_memory_guardian,s_mon_chief_memory_guardian,CAST_VFX,0,AREA_17_IMAGES_OUTPUT.zip,CAST/004_m_chief_memory_guardian_s_mon_chief_memory_guardian_CAST_F00.png,CAST/004_m_chief_memory_guardian_s_mon_chief_memory_guardian_CAST_F00.png,5f93f325a6f751ebf0c3763fc08ea88d9e9594978dd7fd76591b63ae482515c3,5f93f325a6f751ebf0c3763fc08ea88d9e9594978dd7fd76591b63ae482515c3,PASS
area_17,m_chief_memory_guardian,s_mon_chief_memory_guardian,CAST_VFX,1,AREA_17_IMAGES_OUTPUT.zip,CAST/004_m_chief_memory_guardian_s_mon_chief_memory_guardian_CAST_F01.png,CAST/004_m_chief_memory_guardian_s_mon_chief_memory_guardian_CAST_F01.png,5dcfe977001b121de5e8f4421e21ac7908386c0cbf39c866206adb4a909b97cb,5dcfe977001b121de5e8f4421e21ac7908386c0cbf39c866206adb4a909b97cb,PASS
area_17,m_chief_memory_guardian,s_mon_chief_memory_guardian,CAST_VFX,2,AREA_17_IMAGES_OUTPUT.zip,CAST/004_m_chief_memory_guardian_s_mon_chief_memory_guardian_CAST_F02.png,CAST/004_m_chief_memory_guardian_s_mon_chief_memory_guardian_CAST_F02.png,1fbb3653e26c6e80387ce8a61cb25b09201043f2286cba17b31b815e796db3e2,1fbb3653e26c6e80387ce8a61cb25b09201043f2286cba17b31b815e796db3e2,PASS
area_17,m_chief_memory_guardian,s_mon_chief_memory_guardian,CAST_VFX,3,AREA_17_IMAGES_OUTPUT.zip,CAST/004_m_chief_memory_guardian_s_mon_chief_memory_guardian_CAST_F03.png,CAST/004_m_chief_memory_guardian_s_mon_chief_memory_guardian_CAST_F03.png,7b78f1d296af7ec5473d034b0e8942b902183bbe49ca755d2bfcd3fd50e6b0f9,7b78f1d296af7ec5473d034b0e8942b902183bbe49ca755d2bfcd3fd50e6b0f9,PASS
area_17,m_chief_memory_guardian,s_mon_chief_memory_guardian,CAST_VFX,4,AREA_17_IMAGES_OUTPUT.zip,CAST/004_m_chief_memory_guardian_s_mon_chief_memory_guardian_CAST_F04.png,CAST/004_m_chief_memory_guardian_s_mon_chief_memory_guardian_CAST_F04.png,e3fc254f9c4fa898395cf4c7ba9b38f141e5bd8b18f058e1ed634b79c2207156,e3fc254f9c4fa898395cf4c7ba9b38f141e5bd8b18f058e1ed634b79c2207156,PASS
area_17,m_chief_memory_guardian,s_mon_chief_memory_guardian,CAST_VFX,5,AREA_17_IMAGES_OUTPUT.zip,CAST/004_m_chief_memory_guardian_s_mon_chief_memory_guardian_CAST_F05.png,CAST/004_m_chief_memory_guardian_s_mon_chief_memory_guardian_CAST_F05.png,7a01113d559ae7cb9e3e8292a330f7f1e9ec9e6475f90444b8eb6493d1d7e4f6,7a01113d559ae7cb9e3e8292a330f7f1e9ec9e6475f90444b8eb6493d1d7e4f6,PASS
area_17,m_chief_memory_guardian,s_mon_chief_memory_guardian,CAST_VFX,6,AREA_17_IMAGES_OUTPUT.zip,CAST/004_m_chief_memory_guardian_s_mon_chief_memory_guardian_CAST_F06.png,CAST/004_m_chief_memory_guardian_s_mon_chief_memory_guardian_CAST_F06.png,d73d7a5b5526d684eccc6f80f3f2ce65344776c509189be2c3bfc8dcea30caa8,d73d7a5b5526d684eccc6f80f3f2ce65344776c509189be2c3bfc8dcea30caa8,PASS
area_17,m_chief_memory_guardian,s_mon_chief_memory_guardian,CAST_VFX,7,AREA_17_IMAGES_OUTPUT.zip,CAST/004_m_chief_memory_guardian_s_mon_chief_memory_guardian_CAST_F07.png,CAST/004_m_chief_memory_guardian_s_mon_chief_memory_guardian_CAST_F07.png,cd2ed2add4fc5bd502431b1bd23a746dbcbafc5b24a88abebd2c99fda4466e5e,cd2ed2add4fc5bd502431b1bd23a746dbcbafc5b24a88abebd2c99fda4466e5e,PASS
area_17,m_dodo,s_mon_dodo,ICON,0,AREA_17_IMAGES_OUTPUT.zip,ICON/005_m_dodo_s_mon_dodo_ICON.png,ICON/005_m_dodo_s_mon_dodo_ICON.png,d0c05655dca782d26199553ef0e387e90aef6ca971beb6e208e3c3590bd27771,d0c05655dca782d26199553ef0e387e90aef6ca971beb6e208e3c3590bd27771,PASS
area_17,m_dodo,s_mon_dodo,CAST_VFX,0,AREA_17_IMAGES_OUTPUT.zip,CAST/005_m_dodo_s_mon_dodo_CAST_F00.png,CAST/005_m_dodo_s_mon_dodo_CAST_F00.png,88848cbc260c2b6c8ef8bd23a5d42212678e7254c0af9ade68b95356dd9817a1,88848cbc260c2b6c8ef8bd23a5d42212678e7254c0af9ade68b95356dd9817a1,PASS
area_17,m_dodo,s_mon_dodo,CAST_VFX,1,AREA_17_IMAGES_OUTPUT.zip,CAST/005_m_dodo_s_mon_dodo_CAST_F01.png,CAST/005_m_dodo_s_mon_dodo_CAST_F01.png,138af48a4db629e757d811a7b10c60e8b29268f3b1383ba11b97814c8ce823b4,138af48a4db629e757d811a7b10c60e8b29268f3b1383ba11b97814c8ce823b4,PASS
area_17,m_dodo,s_mon_dodo,CAST_VFX,2,AREA_17_IMAGES_OUTPUT.zip,CAST/005_m_dodo_s_mon_dodo_CAST_F02.png,CAST/005_m_dodo_s_mon_dodo_CAST_F02.png,398d6ab267bec307e3d3f8cb0a7a5ad0ffa086d0f53c8c022733791dd3ed970f,398d6ab267bec307e3d3f8cb0a7a5ad0ffa086d0f53c8c022733791dd3ed970f,PASS
area_17,m_dodo,s_mon_dodo,CAST_VFX,3,AREA_17_IMAGES_OUTPUT.zip,CAST/005_m_dodo_s_mon_dodo_CAST_F03.png,CAST/005_m_dodo_s_mon_dodo_CAST_F03.png,455d3018824c3d78dc4c89a7829cf3bad3488f322c51f83bdaba3aaeedd50031,455d3018824c3d78dc4c89a7829cf3bad3488f322c51f83bdaba3aaeedd50031,PASS
area_17,m_dodo,s_mon_dodo,CAST_VFX,4,AREA_17_IMAGES_OUTPUT.zip,CAST/005_m_dodo_s_mon_dodo_CAST_F04.png,CAST/005_m_dodo_s_mon_dodo_CAST_F04.png,133abab4ecec92cbaa671da26a6b78e66476037ea518e977743c84edf007ce66,133abab4ecec92cbaa671da26a6b78e66476037ea518e977743c84edf007ce66,PASS
area_17,m_dodo,s_mon_dodo,CAST_VFX,5,AREA_17_IMAGES_OUTPUT.zip,CAST/005_m_dodo_s_mon_dodo_CAST_F05.png,CAST/005_m_dodo_s_mon_dodo_CAST_F05.png,03eb9de79062adf6162667aa87daf7b62fe3cde5437ffc81f6d1c644942303f7,03eb9de79062adf6162667aa87daf7b62fe3cde5437ffc81f6d1c644942303f7,PASS
area_17,m_dodo,s_mon_dodo,CAST_VFX,6,AREA_17_IMAGES_OUTPUT.zip,CAST/005_m_dodo_s_mon_dodo_CAST_F06.png,CAST/005_m_dodo_s_mon_dodo_CAST_F06.png,1bf8dbc79b6efa700d6ac9b9ff3318e02b731fb2d2fc72a2abd35410fe45bb1b,1bf8dbc79b6efa700d6ac9b9ff3318e02b731fb2d2fc72a2abd35410fe45bb1b,PASS
area_17,m_dodo,s_mon_dodo,CAST_VFX,7,AREA_17_IMAGES_OUTPUT.zip,CAST/005_m_dodo_s_mon_dodo_CAST_F07.png,CAST/005_m_dodo_s_mon_dodo_CAST_F07.png,895f671a9cdb54c2c0156041377ba9a2bdcf9256a8f2f9b29d7ac9ade37ae7c5,895f671a9cdb54c2c0156041377ba9a2bdcf9256a8f2f9b29d7ac9ade37ae7c5,PASS
area_17,m_dodo,s_mon_dodo,CAST_VFX,8,AREA_17_IMAGES_OUTPUT.zip,CAST/005_m_dodo_s_mon_dodo_CAST_F08.png,CAST/005_m_dodo_s_mon_dodo_CAST_F08.png,0712312476d74b48478dc9b44950b773bbeb62bcf84a92ded953181ecca810a8,0712312476d74b48478dc9b44950b773bbeb62bcf84a92ded953181ecca810a8,PASS
area_17,m_dodo,s_mon_dodo,CAST_VFX,9,AREA_17_IMAGES_OUTPUT.zip,CAST/005_m_dodo_s_mon_dodo_CAST_F09.png,CAST/005_m_dodo_s_mon_dodo_CAST_F09.png,03e66fc8c9b7f2634037220e56231dd9cb36ec0cb1a89f28356be76be29aa575,03e66fc8c9b7f2634037220e56231dd9cb36ec0cb1a89f28356be76be29aa575,PASS
area_17,m_dodo,s_mon_dodo,CAST_VFX,10,AREA_17_IMAGES_OUTPUT.zip,CAST/005_m_dodo_s_mon_dodo_CAST_F10.png,CAST/005_m_dodo_s_mon_dodo_CAST_F10.png,440cad42578bc38efe32009d237e2f6645b3c4f5a3ee158850a56636f94722ab,440cad42578bc38efe32009d237e2f6645b3c4f5a3ee158850a56636f94722ab,PASS
area_17,m_dodo,s_mon_dodo,CAST_VFX,11,AREA_17_IMAGES_OUTPUT.zip,CAST/005_m_dodo_s_mon_dodo_CAST_F11.png,CAST/005_m_dodo_s_mon_dodo_CAST_F11.png,5f39a876c874e14724be9374341f232adb244c770272800841e3bb274e9285d7,5f39a876c874e14724be9374341f232adb244c770272800841e3bb274e9285d7,PASS
area_17,m_dodo,s_mon_dodo,PROJECTILE,0,AREA_17_IMAGES_OUTPUT.zip,PROJECTILE/005_m_dodo_s_mon_dodo_PROJECTILE_F00.png,PROJECTILE/005_m_dodo_s_mon_dodo_PROJECTILE_F00.png,d3cf218cd6e5bc2ee5cb23f214b6b2a78b5d9bb6c52c3a68d0de6fa02748319c,d3cf218cd6e5bc2ee5cb23f214b6b2a78b5d9bb6c52c3a68d0de6fa02748319c,PASS
area_17,m_dodo,s_mon_dodo,PROJECTILE,1,AREA_17_IMAGES_OUTPUT.zip,PROJECTILE/005_m_dodo_s_mon_dodo_PROJECTILE_F01.png,PROJECTILE/005_m_dodo_s_mon_dodo_PROJECTILE_F01.png,8e6738f9444dcf78771731f2fe97fe968ce6596d7272a740e60ab5f6f9e1f9d9,8e6738f9444dcf78771731f2fe97fe968ce6596d7272a740e60ab5f6f9e1f9d9,PASS
area_17,m_dodo,s_mon_dodo,PROJECTILE,2,AREA_17_IMAGES_OUTPUT.zip,PROJECTILE/005_m_dodo_s_mon_dodo_PROJECTILE_F02.png,PROJECTILE/005_m_dodo_s_mon_dodo_PROJECTILE_F02.png,bc730d5f710de9e4e1e0293ffa0710e3302f8a5a2ab652a2573cf8fc536a06fa,bc730d5f710de9e4e1e0293ffa0710e3302f8a5a2ab652a2573cf8fc536a06fa,PASS
area_17,m_dodo,s_mon_dodo,PROJECTILE,3,AREA_17_IMAGES_OUTPUT.zip,PROJECTILE/005_m_dodo_s_mon_dodo_PROJECTILE_F03.png,PROJECTILE/005_m_dodo_s_mon_dodo_PROJECTILE_F03.png,13cd3ee2e1fa94ddfc502a28ee919a2b087ff2c1be5ef3ef3e503e4020269269,13cd3ee2e1fa94ddfc502a28ee919a2b087ff2c1be5ef3ef3e503e4020269269,PASS
area_18,m_mateon,s_mon_mateon,ICON,0,AREA_18_IMAGES_OUTPUT.zip,ICON/001_m_mateon_s_mon_mateon_ICON.png,ICON/001_m_mateon_s_mon_mateon_ICON.png,0749e36dac21a6b2e15ce9bfbeb26ea7195d2b97cc30070a7f0fdb79b696ee3d,0749e36dac21a6b2e15ce9bfbeb26ea7195d2b97cc30070a7f0fdb79b696ee3d,PASS
area_18,m_mateon,s_mon_mateon,CAST_VFX,0,AREA_18_IMAGES_OUTPUT.zip,CAST/001_m_mateon_s_mon_mateon_CAST_F00.png,CAST/001_m_mateon_s_mon_mateon_CAST_F00.png,0e41061a2c33ed94fad1b0a5a61e48050dec09f5ceb0cfc46541e187474874ad,0e41061a2c33ed94fad1b0a5a61e48050dec09f5ceb0cfc46541e187474874ad,PASS
area_18,m_mateon,s_mon_mateon,CAST_VFX,1,AREA_18_IMAGES_OUTPUT.zip,CAST/001_m_mateon_s_mon_mateon_CAST_F01.png,CAST/001_m_mateon_s_mon_mateon_CAST_F01.png,104ff751305ee7db7d019ee6157ee07eeb4bb74d74f5fabb777a74af56d19e1e,104ff751305ee7db7d019ee6157ee07eeb4bb74d74f5fabb777a74af56d19e1e,PASS
area_18,m_mateon,s_mon_mateon,CAST_VFX,2,AREA_18_IMAGES_OUTPUT.zip,CAST/001_m_mateon_s_mon_mateon_CAST_F02.png,CAST/001_m_mateon_s_mon_mateon_CAST_F02.png,f9643847e1928f3f1d7c911b432d860b84d0a01344d4bbdc02469bf60e80475b,f9643847e1928f3f1d7c911b432d860b84d0a01344d4bbdc02469bf60e80475b,PASS
area_18,m_mateon,s_mon_mateon,CAST_VFX,3,AREA_18_IMAGES_OUTPUT.zip,CAST/001_m_mateon_s_mon_mateon_CAST_F03.png,CAST/001_m_mateon_s_mon_mateon_CAST_F03.png,60b52511ed86b631087dc1e2b3205978d1923de3971a88ef783431e3629bb537,60b52511ed86b631087dc1e2b3205978d1923de3971a88ef783431e3629bb537,PASS
area_18,m_mateon,s_mon_mateon,CAST_VFX,4,AREA_18_IMAGES_OUTPUT.zip,CAST/001_m_mateon_s_mon_mateon_CAST_F04.png,CAST/001_m_mateon_s_mon_mateon_CAST_F04.png,2e1349f9ca69927b364c2f7428b0a1d6deb5e55b8f64aa297786a8006f1f3a30,2e1349f9ca69927b364c2f7428b0a1d6deb5e55b8f64aa297786a8006f1f3a30,PASS
area_18,m_mateon,s_mon_mateon,CAST_VFX,5,AREA_18_IMAGES_OUTPUT.zip,CAST/001_m_mateon_s_mon_mateon_CAST_F05.png,CAST/001_m_mateon_s_mon_mateon_CAST_F05.png,1cbc16b468e009694af2e086c61734f59990a9343e2fc03cb8ef3d02249e77b1,1cbc16b468e009694af2e086c61734f59990a9343e2fc03cb8ef3d02249e77b1,PASS
area_18,m_mateon,s_mon_mateon,CAST_VFX,6,AREA_18_IMAGES_OUTPUT.zip,CAST/001_m_mateon_s_mon_mateon_CAST_F06.png,CAST/001_m_mateon_s_mon_mateon_CAST_F06.png,6cf1efc0f858d7a3962cc804b14d4b691b62fa7c1442cc5c4e0b0b00638f317f,6cf1efc0f858d7a3962cc804b14d4b691b62fa7c1442cc5c4e0b0b00638f317f,PASS
area_18,m_mateon,s_mon_mateon,CAST_VFX,7,AREA_18_IMAGES_OUTPUT.zip,CAST/001_m_mateon_s_mon_mateon_CAST_F07.png,CAST/001_m_mateon_s_mon_mateon_CAST_F07.png,5a288ce2c7bd478cba6280aa42b959b10375053b9fae8f5b2dbff82514b3f3d1,5a288ce2c7bd478cba6280aa42b959b10375053b9fae8f5b2dbff82514b3f3d1,PASS
area_18,m_mateon,s_mon_mateon,PROJECTILE,0,AREA_18_IMAGES_OUTPUT.zip,PROJECTILE/001_m_mateon_s_mon_mateon_PROJECTILE_F00.png,PROJECTILE/001_m_mateon_s_mon_mateon_PROJECTILE_F00.png,22c1ca6aa6d4eb551d9ef5b9d8cdd319e205de5365c42879242d1f7c1545873b,22c1ca6aa6d4eb551d9ef5b9d8cdd319e205de5365c42879242d1f7c1545873b,PASS
area_18,m_mateon,s_mon_mateon,PROJECTILE,1,AREA_18_IMAGES_OUTPUT.zip,PROJECTILE/001_m_mateon_s_mon_mateon_PROJECTILE_F01.png,PROJECTILE/001_m_mateon_s_mon_mateon_PROJECTILE_F01.png,2103014cf20b32abcda2249d9449c961fe117cf1f742bb0f559504f4bb8d3d77,2103014cf20b32abcda2249d9449c961fe117cf1f742bb0f559504f4bb8d3d77,PASS
area_18,m_mateon,s_mon_mateon,PROJECTILE,2,AREA_18_IMAGES_OUTPUT.zip,PROJECTILE/001_m_mateon_s_mon_mateon_PROJECTILE_F02.png,PROJECTILE/001_m_mateon_s_mon_mateon_PROJECTILE_F02.png,283da393b6b559982d7b1d5e5a3cb6fbe4d7ed4ff02e08a671c131438a7de3c8,283da393b6b559982d7b1d5e5a3cb6fbe4d7ed4ff02e08a671c131438a7de3c8,PASS
area_18,m_mateon,s_mon_mateon,PROJECTILE,3,AREA_18_IMAGES_OUTPUT.zip,PROJECTILE/001_m_mateon_s_mon_mateon_PROJECTILE_F03.png,PROJECTILE/001_m_mateon_s_mon_mateon_PROJECTILE_F03.png,4bbae97398289ceec11a7c948c7ca086d7b977b134dd49c2ed667b09dc5db500,4bbae97398289ceec11a7c948c7ca086d7b977b134dd49c2ed667b09dc5db500,PASS
area_18,m_plateon,s_mon_plateon,ICON,0,AREA_18_IMAGES_OUTPUT.zip,ICON/002_m_plateon_s_mon_plateon_ICON.png,ICON/002_m_plateon_s_mon_plateon_ICON.png,d3c3384e1a096451b41c30f027b237fdc752fe9ccf61a63a1e19114001746452,d3c3384e1a096451b41c30f027b237fdc752fe9ccf61a63a1e19114001746452,PASS
area_18,m_plateon,s_mon_plateon,REFERENCE_VFX,0,AREA_18_IMAGES_OUTPUT.zip,REFERENCE/002_m_plateon_s_mon_plateon_REFERENCE_F00.png,REFERENCE/002_m_plateon_s_mon_plateon_REFERENCE_F00.png,68efd27cae758d931e5862beea4341bc7f39531ff44223af6def435e6a434271,68efd27cae758d931e5862beea4341bc7f39531ff44223af6def435e6a434271,PASS
area_18,m_plateon,s_mon_plateon,REFERENCE_VFX,1,AREA_18_IMAGES_OUTPUT.zip,REFERENCE/002_m_plateon_s_mon_plateon_REFERENCE_F01.png,REFERENCE/002_m_plateon_s_mon_plateon_REFERENCE_F01.png,ddbd8c8a195f9e32ade0bfe69fb611667c949883e57b119ab32fd3234b30e096,ddbd8c8a195f9e32ade0bfe69fb611667c949883e57b119ab32fd3234b30e096,PASS
area_18,m_plateon,s_mon_plateon,REFERENCE_VFX,2,AREA_18_IMAGES_OUTPUT.zip,REFERENCE/002_m_plateon_s_mon_plateon_REFERENCE_F02.png,REFERENCE/002_m_plateon_s_mon_plateon_REFERENCE_F02.png,7925148ed5e0709b8ba65f43658f13d6fbb10e727237e144c60b5d3c83368bc1,7925148ed5e0709b8ba65f43658f13d6fbb10e727237e144c60b5d3c83368bc1,PASS
area_18,m_plateon,s_mon_plateon,REFERENCE_VFX,3,AREA_18_IMAGES_OUTPUT.zip,REFERENCE/002_m_plateon_s_mon_plateon_REFERENCE_F03.png,REFERENCE/002_m_plateon_s_mon_plateon_REFERENCE_F03.png,e2f7404cdd4f05b481efdecde6bfac73ea2e677c92e81cfc410e27c1d08583c6,e2f7404cdd4f05b481efdecde6bfac73ea2e677c92e81cfc410e27c1d08583c6,PASS
area_18,m_plateon,s_mon_plateon,REFERENCE_VFX,4,AREA_18_IMAGES_OUTPUT.zip,REFERENCE/002_m_plateon_s_mon_plateon_REFERENCE_F04.png,REFERENCE/002_m_plateon_s_mon_plateon_REFERENCE_F04.png,abf01285d14fea03f51ed57a686eb1e70eec0f595a55ee2f8c33a172fd053a27,abf01285d14fea03f51ed57a686eb1e70eec0f595a55ee2f8c33a172fd053a27,PASS
area_18,m_plateon,s_mon_plateon,REFERENCE_VFX,5,AREA_18_IMAGES_OUTPUT.zip,REFERENCE/002_m_plateon_s_mon_plateon_REFERENCE_F05.png,REFERENCE/002_m_plateon_s_mon_plateon_REFERENCE_F05.png,6e3cc91cd0037c0f93d21ef08525423c957c9b9a130c29580a6b5d293b25ca10,6e3cc91cd0037c0f93d21ef08525423c957c9b9a130c29580a6b5d293b25ca10,PASS
area_18,m_mecateon,s_mon_mecateon,ICON,0,AREA_18_IMAGES_OUTPUT.zip,ICON/003_m_mecateon_s_mon_mecateon_ICON.png,ICON/003_m_mecateon_s_mon_mecateon_ICON.png,707a95f0186ed719b37bd9935d2fa8617d1fd97e8d18e899931358d3f09528a3,707a95f0186ed719b37bd9935d2fa8617d1fd97e8d18e899931358d3f09528a3,PASS
area_18,m_mecateon,s_mon_mecateon,CAST_VFX,0,AREA_18_IMAGES_OUTPUT.zip,CAST/003_m_mecateon_s_mon_mecateon_CAST_F00.png,CAST/003_m_mecateon_s_mon_mecateon_CAST_F00.png,8de0a7ec458dc6d474b8a89b2db963eb9a5643a1453b64477e5c48567504c766,8de0a7ec458dc6d474b8a89b2db963eb9a5643a1453b64477e5c48567504c766,PASS
area_18,m_mecateon,s_mon_mecateon,CAST_VFX,1,AREA_18_IMAGES_OUTPUT.zip,CAST/003_m_mecateon_s_mon_mecateon_CAST_F01.png,CAST/003_m_mecateon_s_mon_mecateon_CAST_F01.png,04b4ed93c8bcb35d59943e7c05188def709c8356b2aab6099c1e5e7375d4855a,04b4ed93c8bcb35d59943e7c05188def709c8356b2aab6099c1e5e7375d4855a,PASS
area_18,m_mecateon,s_mon_mecateon,CAST_VFX,2,AREA_18_IMAGES_OUTPUT.zip,CAST/003_m_mecateon_s_mon_mecateon_CAST_F02.png,CAST/003_m_mecateon_s_mon_mecateon_CAST_F02.png,a4848e1c472a0e123289034b17608f2391b12d9779ccf65d7149cf182b290a00,a4848e1c472a0e123289034b17608f2391b12d9779ccf65d7149cf182b290a00,PASS
area_18,m_mecateon,s_mon_mecateon,CAST_VFX,3,AREA_18_IMAGES_OUTPUT.zip,CAST/003_m_mecateon_s_mon_mecateon_CAST_F03.png,CAST/003_m_mecateon_s_mon_mecateon_CAST_F03.png,68966f8a1f999b8858ce51e0d96fe61578fb76a1eece41191475740266e0bf35,68966f8a1f999b8858ce51e0d96fe61578fb76a1eece41191475740266e0bf35,PASS
area_18,m_mecateon,s_mon_mecateon,CAST_VFX,4,AREA_18_IMAGES_OUTPUT.zip,CAST/003_m_mecateon_s_mon_mecateon_CAST_F04.png,CAST/003_m_mecateon_s_mon_mecateon_CAST_F04.png,aefa7ce6b42ff417df6664de1b3f6ddfaf2d631e7d92dda5a581477c726c4541,aefa7ce6b42ff417df6664de1b3f6ddfaf2d631e7d92dda5a581477c726c4541,PASS
area_18,m_mecateon,s_mon_mecateon,CAST_VFX,5,AREA_18_IMAGES_OUTPUT.zip,CAST/003_m_mecateon_s_mon_mecateon_CAST_F05.png,CAST/003_m_mecateon_s_mon_mecateon_CAST_F05.png,4bc0f269f0f6608e4915ea607127e5c6ceabf8d7ab273aaa0c2cbed7db5e6555,4bc0f269f0f6608e4915ea607127e5c6ceabf8d7ab273aaa0c2cbed7db5e6555,PASS
area_18,m_mecateon,s_mon_mecateon,CAST_VFX,6,AREA_18_IMAGES_OUTPUT.zip,CAST/003_m_mecateon_s_mon_mecateon_CAST_F06.png,CAST/003_m_mecateon_s_mon_mecateon_CAST_F06.png,5333222aa5bdbfc4784b44c0a0ce61bde841dbd81605764af1a5bf671e2b501d,5333222aa5bdbfc4784b44c0a0ce61bde841dbd81605764af1a5bf671e2b501d,PASS
area_18,m_mecateon,s_mon_mecateon,CAST_VFX,7,AREA_18_IMAGES_OUTPUT.zip,CAST/003_m_mecateon_s_mon_mecateon_CAST_F07.png,CAST/003_m_mecateon_s_mon_mecateon_CAST_F07.png,c56c8a261c1ef68f173eedbcc0bbc6125debefec4e259e04370ef770d8dec154,c56c8a261c1ef68f173eedbcc0bbc6125debefec4e259e04370ef770d8dec154,PASS
area_18,m_chief_gray,s_mon_chief_gray,ICON,0,AREA_18_IMAGES_OUTPUT.zip,ICON/004_m_chief_gray_s_mon_chief_gray_ICON.png,ICON/004_m_chief_gray_s_mon_chief_gray_ICON.png,2ec0ba1007df027443b3341c732abd647b832a558f14e0f69de6251ffcceea36,2ec0ba1007df027443b3341c732abd647b832a558f14e0f69de6251ffcceea36,PASS
area_18,m_chief_gray,s_mon_chief_gray,REFERENCE_VFX,0,AREA_18_IMAGES_OUTPUT.zip,REFERENCE/004_m_chief_gray_s_mon_chief_gray_REFERENCE_F00.png,REFERENCE/004_m_chief_gray_s_mon_chief_gray_REFERENCE_F00.png,e0b21f7d73739de7e0b08c5e480210ac4434eb8fc9eca164716c7dcb726742a0,e0b21f7d73739de7e0b08c5e480210ac4434eb8fc9eca164716c7dcb726742a0,PASS
area_18,m_chief_gray,s_mon_chief_gray,REFERENCE_VFX,1,AREA_18_IMAGES_OUTPUT.zip,REFERENCE/004_m_chief_gray_s_mon_chief_gray_REFERENCE_F01.png,REFERENCE/004_m_chief_gray_s_mon_chief_gray_REFERENCE_F01.png,4a48d4a86198c1ccf77dc7b24c09fddf0b6433bbcbc37f97249d46f3e04020ca,4a48d4a86198c1ccf77dc7b24c09fddf0b6433bbcbc37f97249d46f3e04020ca,PASS
area_18,m_chief_gray,s_mon_chief_gray,REFERENCE_VFX,2,AREA_18_IMAGES_OUTPUT.zip,REFERENCE/004_m_chief_gray_s_mon_chief_gray_REFERENCE_F02.png,REFERENCE/004_m_chief_gray_s_mon_chief_gray_REFERENCE_F02.png,690636ce1c77bb023b915ba88c63eeda70bf5275e35a038be2effdac05fbf941,690636ce1c77bb023b915ba88c63eeda70bf5275e35a038be2effdac05fbf941,PASS
area_18,m_chief_gray,s_mon_chief_gray,REFERENCE_VFX,3,AREA_18_IMAGES_OUTPUT.zip,REFERENCE/004_m_chief_gray_s_mon_chief_gray_REFERENCE_F03.png,REFERENCE/004_m_chief_gray_s_mon_chief_gray_REFERENCE_F03.png,768dbd302bcab7855e7ff507ccbe4419b1fe99718333f1e83ce726136dee1115,768dbd302bcab7855e7ff507ccbe4419b1fe99718333f1e83ce726136dee1115,PASS
area_18,m_chief_gray,s_mon_chief_gray,REFERENCE_VFX,4,AREA_18_IMAGES_OUTPUT.zip,REFERENCE/004_m_chief_gray_s_mon_chief_gray_REFERENCE_F04.png,REFERENCE/004_m_chief_gray_s_mon_chief_gray_REFERENCE_F04.png,42c5e94d3a28b99c56764cf3026013f039b68576d9346d2a3367ba8c40b5defe,42c5e94d3a28b99c56764cf3026013f039b68576d9346d2a3367ba8c40b5defe,PASS
area_18,m_chief_gray,s_mon_chief_gray,REFERENCE_VFX,5,AREA_18_IMAGES_OUTPUT.zip,REFERENCE/004_m_chief_gray_s_mon_chief_gray_REFERENCE_F05.png,REFERENCE/004_m_chief_gray_s_mon_chief_gray_REFERENCE_F05.png,7d5a458285f30921205f1b78657971d953deadb0e67c09152384d68de36e945d,7d5a458285f30921205f1b78657971d953deadb0e67c09152384d68de36e945d,PASS
area_18,m_zeno,s_mon_zeno,ICON,0,AREA_18_IMAGES_OUTPUT.zip,ICON/005_m_zeno_s_mon_zeno_ICON.png,ICON/005_m_zeno_s_mon_zeno_ICON.png,f43072a3accb769f18ac008635fdf62a6159a4ebfa30332f2ce313d994576bc6,f43072a3accb769f18ac008635fdf62a6159a4ebfa30332f2ce313d994576bc6,PASS
area_18,m_zeno,s_mon_zeno,CAST_VFX,0,AREA_18_IMAGES_OUTPUT.zip,CAST/005_m_zeno_s_mon_zeno_CAST_F00.png,CAST/005_m_zeno_s_mon_zeno_CAST_F00.png,17f9c1557646904f72b26405a08c07cee6f988a9514db75fe402a93fb3d19561,17f9c1557646904f72b26405a08c07cee6f988a9514db75fe402a93fb3d19561,PASS
area_18,m_zeno,s_mon_zeno,CAST_VFX,1,AREA_18_IMAGES_OUTPUT.zip,CAST/005_m_zeno_s_mon_zeno_CAST_F01.png,CAST/005_m_zeno_s_mon_zeno_CAST_F01.png,b282ab897983867f97560986dfd6d0e553010cb29ba95ab8d7fa8d288b421e54,b282ab897983867f97560986dfd6d0e553010cb29ba95ab8d7fa8d288b421e54,PASS
area_18,m_zeno,s_mon_zeno,CAST_VFX,2,AREA_18_IMAGES_OUTPUT.zip,CAST/005_m_zeno_s_mon_zeno_CAST_F02.png,CAST/005_m_zeno_s_mon_zeno_CAST_F02.png,841f9a76168c349bc012053e6d2a27baf0cf606f647564e777a57a374ac497ee,841f9a76168c349bc012053e6d2a27baf0cf606f647564e777a57a374ac497ee,PASS
area_18,m_zeno,s_mon_zeno,CAST_VFX,3,AREA_18_IMAGES_OUTPUT.zip,CAST/005_m_zeno_s_mon_zeno_CAST_F03.png,CAST/005_m_zeno_s_mon_zeno_CAST_F03.png,7a42459531fefb4688cbdae2c0c9d75065530ce88ce3fe255e96399249283a64,7a42459531fefb4688cbdae2c0c9d75065530ce88ce3fe255e96399249283a64,PASS
area_18,m_zeno,s_mon_zeno,CAST_VFX,4,AREA_18_IMAGES_OUTPUT.zip,CAST/005_m_zeno_s_mon_zeno_CAST_F04.png,CAST/005_m_zeno_s_mon_zeno_CAST_F04.png,0d169cbb4db8516e37dd2a6d1206fcff67e584ba169cfb226f9f9910c7498cd0,0d169cbb4db8516e37dd2a6d1206fcff67e584ba169cfb226f9f9910c7498cd0,PASS
area_18,m_zeno,s_mon_zeno,CAST_VFX,5,AREA_18_IMAGES_OUTPUT.zip,CAST/005_m_zeno_s_mon_zeno_CAST_F05.png,CAST/005_m_zeno_s_mon_zeno_CAST_F05.png,a1e7cfadf2ae1f1109b90ae494e8ccb373beb6c92d4bc73a29f34be71ce91420,a1e7cfadf2ae1f1109b90ae494e8ccb373beb6c92d4bc73a29f34be71ce91420,PASS
area_18,m_zeno,s_mon_zeno,CAST_VFX,6,AREA_18_IMAGES_OUTPUT.zip,CAST/005_m_zeno_s_mon_zeno_CAST_F06.png,CAST/005_m_zeno_s_mon_zeno_CAST_F06.png,11dd1826cf749bb2f4306cd63971a803e4a349ee0cc53cee67cbc3e99b6da610,11dd1826cf749bb2f4306cd63971a803e4a349ee0cc53cee67cbc3e99b6da610,PASS
area_18,m_zeno,s_mon_zeno,CAST_VFX,7,AREA_18_IMAGES_OUTPUT.zip,CAST/005_m_zeno_s_mon_zeno_CAST_F07.png,CAST/005_m_zeno_s_mon_zeno_CAST_F07.png,d47562b68f09af62c91cfe48d6b8b8ff5f2e46b409399ea11ce22c25493bf8a5,d47562b68f09af62c91cfe48d6b8b8ff5f2e46b409399ea11ce22c25493bf8a5,PASS
area_18,m_zeno,s_mon_zeno,CAST_VFX,8,AREA_18_IMAGES_OUTPUT.zip,CAST/005_m_zeno_s_mon_zeno_CAST_F08.png,CAST/005_m_zeno_s_mon_zeno_CAST_F08.png,ad55bd68798c1345aed30ba34cce425ee2f84fdf3025178b2d0864275498efd3,ad55bd68798c1345aed30ba34cce425ee2f84fdf3025178b2d0864275498efd3,PASS
area_18,m_zeno,s_mon_zeno,CAST_VFX,9,AREA_18_IMAGES_OUTPUT.zip,CAST/005_m_zeno_s_mon_zeno_CAST_F09.png,CAST/005_m_zeno_s_mon_zeno_CAST_F09.png,ba3bd019b837618a3adb652fa3904038b54e05c2c0afc1af85ad3927f266d4d9,ba3bd019b837618a3adb652fa3904038b54e05c2c0afc1af85ad3927f266d4d9,PASS
area_18,m_zeno,s_mon_zeno,CAST_VFX,10,AREA_18_IMAGES_OUTPUT.zip,CAST/005_m_zeno_s_mon_zeno_CAST_F10.png,CAST/005_m_zeno_s_mon_zeno_CAST_F10.png,4d7e33fb5945df720338930b0b13b24fba94cc777ad3f907256a2d7d1e7f843b,4d7e33fb5945df720338930b0b13b24fba94cc777ad3f907256a2d7d1e7f843b,PASS
area_18,m_zeno,s_mon_zeno,CAST_VFX,11,AREA_18_IMAGES_OUTPUT.zip,CAST/005_m_zeno_s_mon_zeno_CAST_F11.png,CAST/005_m_zeno_s_mon_zeno_CAST_F11.png,afe71b3aaf0cd9df5cdf2ea836e8e1eabace0eb8c715b9d50b8944ef78f22ae8,afe71b3aaf0cd9df5cdf2ea836e8e1eabace0eb8c715b9d50b8944ef78f22ae8,PASS
area_19,m_official_knight_c,s_mon_official_knight_c,ICON,0,AREA_19_IMAGES_OUTPUT.zip,ICON/001_m_official_knight_c_s_mon_official_knight_c_ICON.png,ICON/001_m_official_knight_c_s_mon_official_knight_c_ICON.png,d59bc6f95677f2752d5ee7d9e99b6723a8bc73e49cff6f804d55993a9ef55414,d59bc6f95677f2752d5ee7d9e99b6723a8bc73e49cff6f804d55993a9ef55414,PASS
area_19,m_official_knight_c,s_mon_official_knight_c,CAST_VFX,0,AREA_19_IMAGES_OUTPUT.zip,CAST/001_m_official_knight_c_s_mon_official_knight_c_CAST_F00.png,CAST/001_m_official_knight_c_s_mon_official_knight_c_CAST_F00.png,cd9a1486e9e75fbe3c648a0791d781aa489c441674f2e54a20dd9187a72d9e34,cd9a1486e9e75fbe3c648a0791d781aa489c441674f2e54a20dd9187a72d9e34,PASS
area_19,m_official_knight_c,s_mon_official_knight_c,CAST_VFX,1,AREA_19_IMAGES_OUTPUT.zip,CAST/001_m_official_knight_c_s_mon_official_knight_c_CAST_F01.png,CAST/001_m_official_knight_c_s_mon_official_knight_c_CAST_F01.png,80e038c3342fcd0ca7edfb611cf40a1a39a7a0cd7939034c95a0b3818182038a,80e038c3342fcd0ca7edfb611cf40a1a39a7a0cd7939034c95a0b3818182038a,PASS
area_19,m_official_knight_c,s_mon_official_knight_c,CAST_VFX,2,AREA_19_IMAGES_OUTPUT.zip,CAST/001_m_official_knight_c_s_mon_official_knight_c_CAST_F02.png,CAST/001_m_official_knight_c_s_mon_official_knight_c_CAST_F02.png,85c1315a7b7ddd5c983c70e09d7f235fbd9eebc26bf4ddcc16c0e902f033eefb,85c1315a7b7ddd5c983c70e09d7f235fbd9eebc26bf4ddcc16c0e902f033eefb,PASS
area_19,m_official_knight_c,s_mon_official_knight_c,CAST_VFX,3,AREA_19_IMAGES_OUTPUT.zip,CAST/001_m_official_knight_c_s_mon_official_knight_c_CAST_F03.png,CAST/001_m_official_knight_c_s_mon_official_knight_c_CAST_F03.png,62a9ff1c4b48f6ebe6a194ce6b5869b5da4efd484eb2a1825d78d9546c70ea1f,62a9ff1c4b48f6ebe6a194ce6b5869b5da4efd484eb2a1825d78d9546c70ea1f,PASS
area_19,m_official_knight_c,s_mon_official_knight_c,CAST_VFX,4,AREA_19_IMAGES_OUTPUT.zip,CAST/001_m_official_knight_c_s_mon_official_knight_c_CAST_F04.png,CAST/001_m_official_knight_c_s_mon_official_knight_c_CAST_F04.png,3bbdecbbe1cb43639cdc04c4dd3c334cb7c08ca43f7bbcf564dc154373e9c8b0,3bbdecbbe1cb43639cdc04c4dd3c334cb7c08ca43f7bbcf564dc154373e9c8b0,PASS
area_19,m_official_knight_c,s_mon_official_knight_c,CAST_VFX,5,AREA_19_IMAGES_OUTPUT.zip,CAST/001_m_official_knight_c_s_mon_official_knight_c_CAST_F05.png,CAST/001_m_official_knight_c_s_mon_official_knight_c_CAST_F05.png,fd4c2bad6bbddd06700564027eff4135661fd72ce4e4a2c56f9eb249157bfdce,fd4c2bad6bbddd06700564027eff4135661fd72ce4e4a2c56f9eb249157bfdce,PASS
area_19,m_official_knight_c,s_mon_official_knight_c,CAST_VFX,6,AREA_19_IMAGES_OUTPUT.zip,CAST/001_m_official_knight_c_s_mon_official_knight_c_CAST_F06.png,CAST/001_m_official_knight_c_s_mon_official_knight_c_CAST_F06.png,2daa9d98bd938170d9d6541ca2979e8e47c11d7f9a0aba3d6549d10680f1d2d1,2daa9d98bd938170d9d6541ca2979e8e47c11d7f9a0aba3d6549d10680f1d2d1,PASS
area_19,m_official_knight_c,s_mon_official_knight_c,CAST_VFX,7,AREA_19_IMAGES_OUTPUT.zip,CAST/001_m_official_knight_c_s_mon_official_knight_c_CAST_F07.png,CAST/001_m_official_knight_c_s_mon_official_knight_c_CAST_F07.png,797027da4bd0bd207cb9bf844dd2bcad7e202251db920cf3203a33459d45b920,797027da4bd0bd207cb9bf844dd2bcad7e202251db920cf3203a33459d45b920,PASS
area_19,m_official_knight_d,s_mon_official_knight_d,ICON,0,AREA_19_IMAGES_OUTPUT.zip,ICON/002_m_official_knight_d_s_mon_official_knight_d_ICON.png,ICON/002_m_official_knight_d_s_mon_official_knight_d_ICON.png,23887293985be91227ebaf34bc3b05d32fd6dd6f97eef46290f50c54b63b0e16,23887293985be91227ebaf34bc3b05d32fd6dd6f97eef46290f50c54b63b0e16,PASS
area_19,m_official_knight_d,s_mon_official_knight_d,REFERENCE_VFX,0,AREA_19_IMAGES_OUTPUT.zip,REFERENCE/002_m_official_knight_d_s_mon_official_knight_d_REFERENCE_F00.png,REFERENCE/002_m_official_knight_d_s_mon_official_knight_d_REFERENCE_F00.png,5ea0456a9b7f5964c437b6b642ace7af3e7f11df9b556d1d335a59192f4d6f93,5ea0456a9b7f5964c437b6b642ace7af3e7f11df9b556d1d335a59192f4d6f93,PASS
area_19,m_official_knight_d,s_mon_official_knight_d,REFERENCE_VFX,1,AREA_19_IMAGES_OUTPUT.zip,REFERENCE/002_m_official_knight_d_s_mon_official_knight_d_REFERENCE_F01.png,REFERENCE/002_m_official_knight_d_s_mon_official_knight_d_REFERENCE_F01.png,5e13ac7920b26aa7fee9cf402af8c9ae034c3a9ce9f3bc73a045e3afcdfbda11,5e13ac7920b26aa7fee9cf402af8c9ae034c3a9ce9f3bc73a045e3afcdfbda11,PASS
area_19,m_official_knight_d,s_mon_official_knight_d,REFERENCE_VFX,2,AREA_19_IMAGES_OUTPUT.zip,REFERENCE/002_m_official_knight_d_s_mon_official_knight_d_REFERENCE_F02.png,REFERENCE/002_m_official_knight_d_s_mon_official_knight_d_REFERENCE_F02.png,5a01f41a56901b65f3f7ee8220abad898dd8c60e4c25a1db2825602b5e20b58f,5a01f41a56901b65f3f7ee8220abad898dd8c60e4c25a1db2825602b5e20b58f,PASS
area_19,m_official_knight_d,s_mon_official_knight_d,REFERENCE_VFX,3,AREA_19_IMAGES_OUTPUT.zip,REFERENCE/002_m_official_knight_d_s_mon_official_knight_d_REFERENCE_F03.png,REFERENCE/002_m_official_knight_d_s_mon_official_knight_d_REFERENCE_F03.png,682e2f285c945782983390e97643355cdcfe101d47a2c1ed64ca3aca3b892eff,682e2f285c945782983390e97643355cdcfe101d47a2c1ed64ca3aca3b892eff,PASS
area_19,m_official_knight_d,s_mon_official_knight_d,REFERENCE_VFX,4,AREA_19_IMAGES_OUTPUT.zip,REFERENCE/002_m_official_knight_d_s_mon_official_knight_d_REFERENCE_F04.png,REFERENCE/002_m_official_knight_d_s_mon_official_knight_d_REFERENCE_F04.png,ca29d428a8e4050378a3eb1d36de9a03ac5e5d6063bc278d45048640e1579409,ca29d428a8e4050378a3eb1d36de9a03ac5e5d6063bc278d45048640e1579409,PASS
area_19,m_official_knight_d,s_mon_official_knight_d,REFERENCE_VFX,5,AREA_19_IMAGES_OUTPUT.zip,REFERENCE/002_m_official_knight_d_s_mon_official_knight_d_REFERENCE_F05.png,REFERENCE/002_m_official_knight_d_s_mon_official_knight_d_REFERENCE_F05.png,7a90d175753b0c25076c1fe4ae50c4f9bb8ff46af3c0949d8b5cfc6a56974276,7a90d175753b0c25076c1fe4ae50c4f9bb8ff46af3c0949d8b5cfc6a56974276,PASS
area_19,m_advanced_knight_a,s_mon_advanced_knight_a,ICON,0,AREA_19_IMAGES_OUTPUT.zip,ICON/003_m_advanced_knight_a_s_mon_advanced_knight_a_ICON.png,ICON/003_m_advanced_knight_a_s_mon_advanced_knight_a_ICON.png,d423697cd99262e09a3acb31dc5d01021b5fa8c3c54bc363ad49e92dd95285f1,d423697cd99262e09a3acb31dc5d01021b5fa8c3c54bc363ad49e92dd95285f1,PASS
area_19,m_advanced_knight_a,s_mon_advanced_knight_a,REFERENCE_VFX,0,AREA_19_IMAGES_OUTPUT.zip,REFERENCE/003_m_advanced_knight_a_s_mon_advanced_knight_a_REFERENCE_F00.png,REFERENCE/003_m_advanced_knight_a_s_mon_advanced_knight_a_REFERENCE_F00.png,ccc182d786303ccad77a1c4ea889ed8702c7850b7ec36197dc5dca5cd208a60e,ccc182d786303ccad77a1c4ea889ed8702c7850b7ec36197dc5dca5cd208a60e,PASS
area_19,m_advanced_knight_a,s_mon_advanced_knight_a,REFERENCE_VFX,1,AREA_19_IMAGES_OUTPUT.zip,REFERENCE/003_m_advanced_knight_a_s_mon_advanced_knight_a_REFERENCE_F01.png,REFERENCE/003_m_advanced_knight_a_s_mon_advanced_knight_a_REFERENCE_F01.png,4931a84719e409fe6f37e3afec1ca53e68c2bf449102750e5b690d37f4000e6f,4931a84719e409fe6f37e3afec1ca53e68c2bf449102750e5b690d37f4000e6f,PASS
area_19,m_advanced_knight_a,s_mon_advanced_knight_a,REFERENCE_VFX,2,AREA_19_IMAGES_OUTPUT.zip,REFERENCE/003_m_advanced_knight_a_s_mon_advanced_knight_a_REFERENCE_F02.png,REFERENCE/003_m_advanced_knight_a_s_mon_advanced_knight_a_REFERENCE_F02.png,04a58966a106c581ac4207d4ebbf05d014b85e0401ade242f740e85eb304579c,04a58966a106c581ac4207d4ebbf05d014b85e0401ade242f740e85eb304579c,PASS
area_19,m_advanced_knight_a,s_mon_advanced_knight_a,REFERENCE_VFX,3,AREA_19_IMAGES_OUTPUT.zip,REFERENCE/003_m_advanced_knight_a_s_mon_advanced_knight_a_REFERENCE_F03.png,REFERENCE/003_m_advanced_knight_a_s_mon_advanced_knight_a_REFERENCE_F03.png,c1189a7fcf780118663b2395ed41c311fb6025919f3ef5eadd99b41e6dc88eaf,c1189a7fcf780118663b2395ed41c311fb6025919f3ef5eadd99b41e6dc88eaf,PASS
area_19,m_advanced_knight_a,s_mon_advanced_knight_a,REFERENCE_VFX,4,AREA_19_IMAGES_OUTPUT.zip,REFERENCE/003_m_advanced_knight_a_s_mon_advanced_knight_a_REFERENCE_F04.png,REFERENCE/003_m_advanced_knight_a_s_mon_advanced_knight_a_REFERENCE_F04.png,bd1e9a873617cb40b4c7815749fb3db41af897038ffeadbe9b02956b41b55062,bd1e9a873617cb40b4c7815749fb3db41af897038ffeadbe9b02956b41b55062,PASS
area_19,m_advanced_knight_a,s_mon_advanced_knight_a,REFERENCE_VFX,5,AREA_19_IMAGES_OUTPUT.zip,REFERENCE/003_m_advanced_knight_a_s_mon_advanced_knight_a_REFERENCE_F05.png,REFERENCE/003_m_advanced_knight_a_s_mon_advanced_knight_a_REFERENCE_F05.png,9638b4ae75f3b8f81edf121787bb54ff3881513798bf8801212c66581d5a5676,9638b4ae75f3b8f81edf121787bb54ff3881513798bf8801212c66581d5a5676,PASS
area_19,m_advanced_knight_b,s_mon_advanced_knight_b,ICON,0,AREA_19_IMAGES_OUTPUT.zip,ICON/004_m_advanced_knight_b_s_mon_advanced_knight_b_ICON.png,ICON/004_m_advanced_knight_b_s_mon_advanced_knight_b_ICON.png,34b890d0a898f491b3e754573efba4dbef6c0e62d532c230629699b12231ba9f,34b890d0a898f491b3e754573efba4dbef6c0e62d532c230629699b12231ba9f,PASS
area_19,m_advanced_knight_b,s_mon_advanced_knight_b,CAST_VFX,0,AREA_19_IMAGES_OUTPUT.zip,CAST/004_m_advanced_knight_b_s_mon_advanced_knight_b_CAST_F00.png,CAST/004_m_advanced_knight_b_s_mon_advanced_knight_b_CAST_F00.png,0000eb706a22f1a6f533f03770afa17a01fc15bdb7ddaa1cae2e0534c0382134,0000eb706a22f1a6f533f03770afa17a01fc15bdb7ddaa1cae2e0534c0382134,PASS
area_19,m_advanced_knight_b,s_mon_advanced_knight_b,CAST_VFX,1,AREA_19_IMAGES_OUTPUT.zip,CAST/004_m_advanced_knight_b_s_mon_advanced_knight_b_CAST_F01.png,CAST/004_m_advanced_knight_b_s_mon_advanced_knight_b_CAST_F01.png,4ba0fddd5451754ac9d691947db09ee96cf33e8155b1b9e6444051111e82b601,4ba0fddd5451754ac9d691947db09ee96cf33e8155b1b9e6444051111e82b601,PASS
area_19,m_advanced_knight_b,s_mon_advanced_knight_b,CAST_VFX,2,AREA_19_IMAGES_OUTPUT.zip,CAST/004_m_advanced_knight_b_s_mon_advanced_knight_b_CAST_F02.png,CAST/004_m_advanced_knight_b_s_mon_advanced_knight_b_CAST_F02.png,3d30a52734b50bcc7dc65cf9be6a4762ebf6e45b11f9dc841eec4939c54f5222,3d30a52734b50bcc7dc65cf9be6a4762ebf6e45b11f9dc841eec4939c54f5222,PASS
area_19,m_advanced_knight_b,s_mon_advanced_knight_b,CAST_VFX,3,AREA_19_IMAGES_OUTPUT.zip,CAST/004_m_advanced_knight_b_s_mon_advanced_knight_b_CAST_F03.png,CAST/004_m_advanced_knight_b_s_mon_advanced_knight_b_CAST_F03.png,e8ca217ced9c9327476e7fa525add85223df174f286170a5818c52504a6634ca,e8ca217ced9c9327476e7fa525add85223df174f286170a5818c52504a6634ca,PASS
area_19,m_advanced_knight_b,s_mon_advanced_knight_b,CAST_VFX,4,AREA_19_IMAGES_OUTPUT.zip,CAST/004_m_advanced_knight_b_s_mon_advanced_knight_b_CAST_F04.png,CAST/004_m_advanced_knight_b_s_mon_advanced_knight_b_CAST_F04.png,81ab52656fbc00819db6442cd5501c689490b0934f8ddee315b34bf804aee7ca,81ab52656fbc00819db6442cd5501c689490b0934f8ddee315b34bf804aee7ca,PASS
area_19,m_advanced_knight_b,s_mon_advanced_knight_b,CAST_VFX,5,AREA_19_IMAGES_OUTPUT.zip,CAST/004_m_advanced_knight_b_s_mon_advanced_knight_b_CAST_F05.png,CAST/004_m_advanced_knight_b_s_mon_advanced_knight_b_CAST_F05.png,6ed48bf4df8d9c7c82be1cda9791b119c0fabb3f751d98533e23826a2a4b10a8,6ed48bf4df8d9c7c82be1cda9791b119c0fabb3f751d98533e23826a2a4b10a8,PASS
area_19,m_advanced_knight_b,s_mon_advanced_knight_b,CAST_VFX,6,AREA_19_IMAGES_OUTPUT.zip,CAST/004_m_advanced_knight_b_s_mon_advanced_knight_b_CAST_F06.png,CAST/004_m_advanced_knight_b_s_mon_advanced_knight_b_CAST_F06.png,d0564216677eea9c029145111201e2ee45872c5dccfc1d6ff0046e180f2be7a0,d0564216677eea9c029145111201e2ee45872c5dccfc1d6ff0046e180f2be7a0,PASS
area_19,m_advanced_knight_b,s_mon_advanced_knight_b,CAST_VFX,7,AREA_19_IMAGES_OUTPUT.zip,CAST/004_m_advanced_knight_b_s_mon_advanced_knight_b_CAST_F07.png,CAST/004_m_advanced_knight_b_s_mon_advanced_knight_b_CAST_F07.png,8b8e4b8b06699a58fc94e6d5dca29386a75178a59f18ac9ae0de22914983b5ee,8b8e4b8b06699a58fc94e6d5dca29386a75178a59f18ac9ae0de22914983b5ee,PASS
area_19,m_cygnus,s_mon_cygnus,ICON,0,AREA_19_IMAGES_OUTPUT.zip,ICON/005_m_cygnus_s_mon_cygnus_ICON.png,ICON/005_m_cygnus_s_mon_cygnus_ICON.png,dd1019b607ff24ea1ef5b42effb1a1eba5363ffecbcf9a9c425bdac59bcdd623,dd1019b607ff24ea1ef5b42effb1a1eba5363ffecbcf9a9c425bdac59bcdd623,PASS
area_19,m_cygnus,s_mon_cygnus,CAST_VFX,0,AREA_19_IMAGES_OUTPUT.zip,CAST/005_m_cygnus_s_mon_cygnus_CAST_F00.png,CAST/005_m_cygnus_s_mon_cygnus_CAST_F00.png,aa13c267eced80a24df411c7ab4e80e7efa3075651acf71b2a2868d691d59e7e,aa13c267eced80a24df411c7ab4e80e7efa3075651acf71b2a2868d691d59e7e,PASS
area_19,m_cygnus,s_mon_cygnus,CAST_VFX,1,AREA_19_IMAGES_OUTPUT.zip,CAST/005_m_cygnus_s_mon_cygnus_CAST_F01.png,CAST/005_m_cygnus_s_mon_cygnus_CAST_F01.png,4162792482a02e9931ba3b84a953090c4dedd31535b1b816289e250efc33a053,4162792482a02e9931ba3b84a953090c4dedd31535b1b816289e250efc33a053,PASS
area_19,m_cygnus,s_mon_cygnus,CAST_VFX,2,AREA_19_IMAGES_OUTPUT.zip,CAST/005_m_cygnus_s_mon_cygnus_CAST_F02.png,CAST/005_m_cygnus_s_mon_cygnus_CAST_F02.png,41e569d1e50ead12000543b43c51d04fa314e02d36895b9293ac49a52185ca1e,41e569d1e50ead12000543b43c51d04fa314e02d36895b9293ac49a52185ca1e,PASS
area_19,m_cygnus,s_mon_cygnus,CAST_VFX,3,AREA_19_IMAGES_OUTPUT.zip,CAST/005_m_cygnus_s_mon_cygnus_CAST_F03.png,CAST/005_m_cygnus_s_mon_cygnus_CAST_F03.png,4a3e064574f01777826b8cd394957f6617d43515f9529045456ee6d50f5ba818,4a3e064574f01777826b8cd394957f6617d43515f9529045456ee6d50f5ba818,PASS
area_19,m_cygnus,s_mon_cygnus,CAST_VFX,4,AREA_19_IMAGES_OUTPUT.zip,CAST/005_m_cygnus_s_mon_cygnus_CAST_F04.png,CAST/005_m_cygnus_s_mon_cygnus_CAST_F04.png,a4a2df7c35f845d17b12ac4131fc10bb9aa016c8e50ce7e17d8099491bd11fd3,a4a2df7c35f845d17b12ac4131fc10bb9aa016c8e50ce7e17d8099491bd11fd3,PASS
area_19,m_cygnus,s_mon_cygnus,CAST_VFX,5,AREA_19_IMAGES_OUTPUT.zip,CAST/005_m_cygnus_s_mon_cygnus_CAST_F05.png,CAST/005_m_cygnus_s_mon_cygnus_CAST_F05.png,cff7dfdcf6ccebcfc5fc03c19d13ea8e5c9959d5aa7b0e4a2bdf8b202d470cc0,cff7dfdcf6ccebcfc5fc03c19d13ea8e5c9959d5aa7b0e4a2bdf8b202d470cc0,PASS
area_19,m_cygnus,s_mon_cygnus,CAST_VFX,6,AREA_19_IMAGES_OUTPUT.zip,CAST/005_m_cygnus_s_mon_cygnus_CAST_F06.png,CAST/005_m_cygnus_s_mon_cygnus_CAST_F06.png,3d37a879e401826d3a658505ff5a34bd818da1ccbac4f50722670106708bed4d,3d37a879e401826d3a658505ff5a34bd818da1ccbac4f50722670106708bed4d,PASS
area_19,m_cygnus,s_mon_cygnus,CAST_VFX,7,AREA_19_IMAGES_OUTPUT.zip,CAST/005_m_cygnus_s_mon_cygnus_CAST_F07.png,CAST/005_m_cygnus_s_mon_cygnus_CAST_F07.png,acd8b027e8d42cb2436b0a704f105d06f7e4e35d7baab4fd3ce7aaae2d9f4c07,acd8b027e8d42cb2436b0a704f105d06f7e4e35d7baab4fd3ce7aaae2d9f4c07,PASS
area_19,m_cygnus,s_mon_cygnus,CAST_VFX,8,AREA_19_IMAGES_OUTPUT.zip,CAST/005_m_cygnus_s_mon_cygnus_CAST_F08.png,CAST/005_m_cygnus_s_mon_cygnus_CAST_F08.png,327b48fb002b6175ad0884442ed2d7894e4c22e845573f5d7cc5739d4ae59d61,327b48fb002b6175ad0884442ed2d7894e4c22e845573f5d7cc5739d4ae59d61,PASS
area_19,m_cygnus,s_mon_cygnus,CAST_VFX,9,AREA_19_IMAGES_OUTPUT.zip,CAST/005_m_cygnus_s_mon_cygnus_CAST_F09.png,CAST/005_m_cygnus_s_mon_cygnus_CAST_F09.png,4d08f211a1f7b56805efa72b86a620e5965a8ba11928442d7009c1836d3cc813,4d08f211a1f7b56805efa72b86a620e5965a8ba11928442d7009c1836d3cc813,PASS
area_19,m_cygnus,s_mon_cygnus,CAST_VFX,10,AREA_19_IMAGES_OUTPUT.zip,CAST/005_m_cygnus_s_mon_cygnus_CAST_F10.png,CAST/005_m_cygnus_s_mon_cygnus_CAST_F10.png,43434b5b8e5d3803a2bde160f3fb79198a9be24a95d0ce9c04d9a0340ee68529,43434b5b8e5d3803a2bde160f3fb79198a9be24a95d0ce9c04d9a0340ee68529,PASS
area_19,m_cygnus,s_mon_cygnus,CAST_VFX,11,AREA_19_IMAGES_OUTPUT.zip,CAST/005_m_cygnus_s_mon_cygnus_CAST_F11.png,CAST/005_m_cygnus_s_mon_cygnus_CAST_F11.png,ebfdbcfa04e14ede069638a4f9194250e623e3a43928683b150d8b2e1fc9c103,ebfdbcfa04e14ede069638a4f9194250e623e3a43928683b150d8b2e1fc9c103,PASS
area_20,m_mutant_dark_stump,s_mon_mutant_dark_stump,ICON,0,AREA_20_IMAGES_OUTPUT.zip,ICON/001_m_mutant_dark_stump_s_mon_mutant_dark_stump_ICON.png,ICON/001_m_mutant_dark_stump_s_mon_mutant_dark_stump_ICON.png,564d3c330e1483eae519ca463bf93b3c9846f212d2a6780be5ef6a6ec92ebe08,564d3c330e1483eae519ca463bf93b3c9846f212d2a6780be5ef6a6ec92ebe08,PASS
area_20,m_mutant_dark_stump,s_mon_mutant_dark_stump,REFERENCE_VFX,0,AREA_20_IMAGES_OUTPUT.zip,REFERENCE/001_m_mutant_dark_stump_s_mon_mutant_dark_stump_REFERENCE_F00.png,REFERENCE/001_m_mutant_dark_stump_s_mon_mutant_dark_stump_REFERENCE_F00.png,5f72302560ed427ccf33d4317fffff8f24cd337e508acc6010e32bbf6a098ff0,5f72302560ed427ccf33d4317fffff8f24cd337e508acc6010e32bbf6a098ff0,PASS
area_20,m_mutant_dark_stump,s_mon_mutant_dark_stump,REFERENCE_VFX,1,AREA_20_IMAGES_OUTPUT.zip,REFERENCE/001_m_mutant_dark_stump_s_mon_mutant_dark_stump_REFERENCE_F01.png,REFERENCE/001_m_mutant_dark_stump_s_mon_mutant_dark_stump_REFERENCE_F01.png,3eb5a7950b0526c0ffe8b64565e018af10c0b60bd8600beb465ed0738a60ce98,3eb5a7950b0526c0ffe8b64565e018af10c0b60bd8600beb465ed0738a60ce98,PASS
area_20,m_mutant_dark_stump,s_mon_mutant_dark_stump,REFERENCE_VFX,2,AREA_20_IMAGES_OUTPUT.zip,REFERENCE/001_m_mutant_dark_stump_s_mon_mutant_dark_stump_REFERENCE_F02.png,REFERENCE/001_m_mutant_dark_stump_s_mon_mutant_dark_stump_REFERENCE_F02.png,dd842a1c3360ea73983dcfa5f5f10085e4377750056eb52dd467f9e65fe8b924,dd842a1c3360ea73983dcfa5f5f10085e4377750056eb52dd467f9e65fe8b924,PASS
area_20,m_mutant_dark_stump,s_mon_mutant_dark_stump,REFERENCE_VFX,3,AREA_20_IMAGES_OUTPUT.zip,REFERENCE/001_m_mutant_dark_stump_s_mon_mutant_dark_stump_REFERENCE_F03.png,REFERENCE/001_m_mutant_dark_stump_s_mon_mutant_dark_stump_REFERENCE_F03.png,9f336566107999f34bd9782da9acfce1b0ef1d0a4e0fad6cd9dc48969588babd,9f336566107999f34bd9782da9acfce1b0ef1d0a4e0fad6cd9dc48969588babd,PASS
area_20,m_mutant_dark_stump,s_mon_mutant_dark_stump,REFERENCE_VFX,4,AREA_20_IMAGES_OUTPUT.zip,REFERENCE/001_m_mutant_dark_stump_s_mon_mutant_dark_stump_REFERENCE_F04.png,REFERENCE/001_m_mutant_dark_stump_s_mon_mutant_dark_stump_REFERENCE_F04.png,47a9f347d94fa27627f48efbf791e7e6b7b006b6252cd0051ae6b75211a21fd8,47a9f347d94fa27627f48efbf791e7e6b7b006b6252cd0051ae6b75211a21fd8,PASS
area_20,m_mutant_dark_stump,s_mon_mutant_dark_stump,REFERENCE_VFX,5,AREA_20_IMAGES_OUTPUT.zip,REFERENCE/001_m_mutant_dark_stump_s_mon_mutant_dark_stump_REFERENCE_F05.png,REFERENCE/001_m_mutant_dark_stump_s_mon_mutant_dark_stump_REFERENCE_F05.png,e9eab114ddd09753b7f5956dd8b7814c7f22ed20e2fdf02aaab3fc2e478c9c20,e9eab114ddd09753b7f5956dd8b7814c7f22ed20e2fdf02aaab3fc2e478c9c20,PASS
area_20,m_mutant_iron_hog,s_mon_mutant_iron_hog,ICON,0,AREA_20_IMAGES_OUTPUT.zip,ICON/002_m_mutant_iron_hog_s_mon_mutant_iron_hog_ICON.png,ICON/002_m_mutant_iron_hog_s_mon_mutant_iron_hog_ICON.png,b315d02af4c2751900565f6102a8a8842a038656cb7581dfecf4aa5d74034eb8,b315d02af4c2751900565f6102a8a8842a038656cb7581dfecf4aa5d74034eb8,PASS
area_20,m_mutant_iron_hog,s_mon_mutant_iron_hog,CAST_VFX,0,AREA_20_IMAGES_OUTPUT.zip,CAST/002_m_mutant_iron_hog_s_mon_mutant_iron_hog_CAST_F00.png,CAST/002_m_mutant_iron_hog_s_mon_mutant_iron_hog_CAST_F00.png,4a3bf79b822071b736c7677e51682d280769fa1f9cecf21aaeb7f2225624d365,4a3bf79b822071b736c7677e51682d280769fa1f9cecf21aaeb7f2225624d365,PASS
area_20,m_mutant_iron_hog,s_mon_mutant_iron_hog,CAST_VFX,1,AREA_20_IMAGES_OUTPUT.zip,CAST/002_m_mutant_iron_hog_s_mon_mutant_iron_hog_CAST_F01.png,CAST/002_m_mutant_iron_hog_s_mon_mutant_iron_hog_CAST_F01.png,16f863d454b7a07d4d653ed95881991d41109e239f7bf90e2f797eb4b8fb44bd,16f863d454b7a07d4d653ed95881991d41109e239f7bf90e2f797eb4b8fb44bd,PASS
area_20,m_mutant_iron_hog,s_mon_mutant_iron_hog,CAST_VFX,2,AREA_20_IMAGES_OUTPUT.zip,CAST/002_m_mutant_iron_hog_s_mon_mutant_iron_hog_CAST_F02.png,CAST/002_m_mutant_iron_hog_s_mon_mutant_iron_hog_CAST_F02.png,1c2183d13f74f3cab379633219f3d77efd8cb8c7259e79885bd18d61fe732d7b,1c2183d13f74f3cab379633219f3d77efd8cb8c7259e79885bd18d61fe732d7b,PASS
area_20,m_mutant_iron_hog,s_mon_mutant_iron_hog,CAST_VFX,3,AREA_20_IMAGES_OUTPUT.zip,CAST/002_m_mutant_iron_hog_s_mon_mutant_iron_hog_CAST_F03.png,CAST/002_m_mutant_iron_hog_s_mon_mutant_iron_hog_CAST_F03.png,cf9d5ca05b7aee012c11d2033f81e79f5e886da08f277bced7aebd345ac28428,cf9d5ca05b7aee012c11d2033f81e79f5e886da08f277bced7aebd345ac28428,PASS
area_20,m_mutant_iron_hog,s_mon_mutant_iron_hog,CAST_VFX,4,AREA_20_IMAGES_OUTPUT.zip,CAST/002_m_mutant_iron_hog_s_mon_mutant_iron_hog_CAST_F04.png,CAST/002_m_mutant_iron_hog_s_mon_mutant_iron_hog_CAST_F04.png,87a3bc4e14b00b203bbe3677dbeab523bc52b9cf301385e986caa2b0162d0bcd,87a3bc4e14b00b203bbe3677dbeab523bc52b9cf301385e986caa2b0162d0bcd,PASS
area_20,m_mutant_iron_hog,s_mon_mutant_iron_hog,CAST_VFX,5,AREA_20_IMAGES_OUTPUT.zip,CAST/002_m_mutant_iron_hog_s_mon_mutant_iron_hog_CAST_F05.png,CAST/002_m_mutant_iron_hog_s_mon_mutant_iron_hog_CAST_F05.png,59e2559ea1a8b19fe9b2e48f054543497dc941361855c67a32528c84379b05c5,59e2559ea1a8b19fe9b2e48f054543497dc941361855c67a32528c84379b05c5,PASS
area_20,m_mutant_iron_hog,s_mon_mutant_iron_hog,CAST_VFX,6,AREA_20_IMAGES_OUTPUT.zip,CAST/002_m_mutant_iron_hog_s_mon_mutant_iron_hog_CAST_F06.png,CAST/002_m_mutant_iron_hog_s_mon_mutant_iron_hog_CAST_F06.png,b1c7717049e6d15ea2aee7c49b5ccd7afbde2a8926522f0504c52cdb695dd30c,b1c7717049e6d15ea2aee7c49b5ccd7afbde2a8926522f0504c52cdb695dd30c,PASS
area_20,m_mutant_iron_hog,s_mon_mutant_iron_hog,CAST_VFX,7,AREA_20_IMAGES_OUTPUT.zip,CAST/002_m_mutant_iron_hog_s_mon_mutant_iron_hog_CAST_F07.png,CAST/002_m_mutant_iron_hog_s_mon_mutant_iron_hog_CAST_F07.png,82ecb6586dedc8bd8ebfba739d06d0c64e1fc04c386c1ebc932cad2cd44fbe9c,82ecb6586dedc8bd8ebfba739d06d0c64e1fc04c386c1ebc932cad2cd44fbe9c,PASS
area_20,m_mutant_stone_mask,s_mon_mutant_stone_mask,ICON,0,AREA_20_IMAGES_OUTPUT.zip,ICON/003_m_mutant_stone_mask_s_mon_mutant_stone_mask_ICON.png,ICON/003_m_mutant_stone_mask_s_mon_mutant_stone_mask_ICON.png,578749aa45835af1bc94f4891b145b8c6877757ed6a6927923553e0781cc7262,578749aa45835af1bc94f4891b145b8c6877757ed6a6927923553e0781cc7262,PASS
area_20,m_mutant_stone_mask,s_mon_mutant_stone_mask,REFERENCE_VFX,0,AREA_20_IMAGES_OUTPUT.zip,REFERENCE/003_m_mutant_stone_mask_s_mon_mutant_stone_mask_REFERENCE_F00.png,REFERENCE/003_m_mutant_stone_mask_s_mon_mutant_stone_mask_REFERENCE_F00.png,fdab0b31555182e746735d8a699ab54b9d6b13e3aa14480773c4b6efe0f6d850,fdab0b31555182e746735d8a699ab54b9d6b13e3aa14480773c4b6efe0f6d850,PASS
area_20,m_mutant_stone_mask,s_mon_mutant_stone_mask,REFERENCE_VFX,1,AREA_20_IMAGES_OUTPUT.zip,REFERENCE/003_m_mutant_stone_mask_s_mon_mutant_stone_mask_REFERENCE_F01.png,REFERENCE/003_m_mutant_stone_mask_s_mon_mutant_stone_mask_REFERENCE_F01.png,6667fb3f1bbdca1e69722aeaa77b58b3ecfdc8b4ab689d3b092b081ce2a8802c,6667fb3f1bbdca1e69722aeaa77b58b3ecfdc8b4ab689d3b092b081ce2a8802c,PASS
area_20,m_mutant_stone_mask,s_mon_mutant_stone_mask,REFERENCE_VFX,2,AREA_20_IMAGES_OUTPUT.zip,REFERENCE/003_m_mutant_stone_mask_s_mon_mutant_stone_mask_REFERENCE_F02.png,REFERENCE/003_m_mutant_stone_mask_s_mon_mutant_stone_mask_REFERENCE_F02.png,6a8e007304a8baabca2da940f91d0632f6c21ad284c6971af2b8fb7fe9b3d378,6a8e007304a8baabca2da940f91d0632f6c21ad284c6971af2b8fb7fe9b3d378,PASS
area_20,m_mutant_stone_mask,s_mon_mutant_stone_mask,REFERENCE_VFX,3,AREA_20_IMAGES_OUTPUT.zip,REFERENCE/003_m_mutant_stone_mask_s_mon_mutant_stone_mask_REFERENCE_F03.png,REFERENCE/003_m_mutant_stone_mask_s_mon_mutant_stone_mask_REFERENCE_F03.png,4f30af63165464ef68de4b6af7958c76a4e811e5f684ec53c9e94035943d633d,4f30af63165464ef68de4b6af7958c76a4e811e5f684ec53c9e94035943d633d,PASS
area_20,m_mutant_stone_mask,s_mon_mutant_stone_mask,REFERENCE_VFX,4,AREA_20_IMAGES_OUTPUT.zip,REFERENCE/003_m_mutant_stone_mask_s_mon_mutant_stone_mask_REFERENCE_F04.png,REFERENCE/003_m_mutant_stone_mask_s_mon_mutant_stone_mask_REFERENCE_F04.png,01d4c4565367700bdafff41e4ed37fa5fdff5e44db5833a1144242f4fb970c37,01d4c4565367700bdafff41e4ed37fa5fdff5e44db5833a1144242f4fb970c37,PASS
area_20,m_mutant_stone_mask,s_mon_mutant_stone_mask,REFERENCE_VFX,5,AREA_20_IMAGES_OUTPUT.zip,REFERENCE/003_m_mutant_stone_mask_s_mon_mutant_stone_mask_REFERENCE_F05.png,REFERENCE/003_m_mutant_stone_mask_s_mon_mutant_stone_mask_REFERENCE_F05.png,7476713e069f21118857b997f5668d6c842653659c89b9b986ec8641d658ae8e,7476713e069f21118857b997f5668d6c842653659c89b9b986ec8641d658ae8e,PASS
area_20,m_ancient_dark_golem,s_mon_ancient_dark_golem,ICON,0,AREA_20_IMAGES_OUTPUT.zip,ICON/004_m_ancient_dark_golem_s_mon_ancient_dark_golem_ICON.png,ICON/004_m_ancient_dark_golem_s_mon_ancient_dark_golem_ICON.png,628a51a86cb50e16f084f14da3307eaf400917b0021a7e2f81b3c29e4a127008,628a51a86cb50e16f084f14da3307eaf400917b0021a7e2f81b3c29e4a127008,PASS
area_20,m_ancient_dark_golem,s_mon_ancient_dark_golem,CAST_VFX,0,AREA_20_IMAGES_OUTPUT.zip,CAST/004_m_ancient_dark_golem_s_mon_ancient_dark_golem_CAST_F00.png,CAST/004_m_ancient_dark_golem_s_mon_ancient_dark_golem_CAST_F00.png,d1446e4c3657c81cc32ef35217a26a8640f549fc2ff8d71b0db262bae5056902,d1446e4c3657c81cc32ef35217a26a8640f549fc2ff8d71b0db262bae5056902,PASS
area_20,m_ancient_dark_golem,s_mon_ancient_dark_golem,CAST_VFX,1,AREA_20_IMAGES_OUTPUT.zip,CAST/004_m_ancient_dark_golem_s_mon_ancient_dark_golem_CAST_F01.png,CAST/004_m_ancient_dark_golem_s_mon_ancient_dark_golem_CAST_F01.png,2ede763b63f09a53fd76faf634f2232df3e2b91a57cb70b71fbb508e87de84a2,2ede763b63f09a53fd76faf634f2232df3e2b91a57cb70b71fbb508e87de84a2,PASS
area_20,m_ancient_dark_golem,s_mon_ancient_dark_golem,CAST_VFX,2,AREA_20_IMAGES_OUTPUT.zip,CAST/004_m_ancient_dark_golem_s_mon_ancient_dark_golem_CAST_F02.png,CAST/004_m_ancient_dark_golem_s_mon_ancient_dark_golem_CAST_F02.png,38473369fc5a94cab7514aeb702ce15d79f2d18d6ebf7e212dec535c55e9033c,38473369fc5a94cab7514aeb702ce15d79f2d18d6ebf7e212dec535c55e9033c,PASS
area_20,m_ancient_dark_golem,s_mon_ancient_dark_golem,CAST_VFX,3,AREA_20_IMAGES_OUTPUT.zip,CAST/004_m_ancient_dark_golem_s_mon_ancient_dark_golem_CAST_F03.png,CAST/004_m_ancient_dark_golem_s_mon_ancient_dark_golem_CAST_F03.png,7ee798b6ad9dce4988939b92026f0f194fa95051533b1b0a809a06bb6cde1bf4,7ee798b6ad9dce4988939b92026f0f194fa95051533b1b0a809a06bb6cde1bf4,PASS
area_20,m_ancient_dark_golem,s_mon_ancient_dark_golem,CAST_VFX,4,AREA_20_IMAGES_OUTPUT.zip,CAST/004_m_ancient_dark_golem_s_mon_ancient_dark_golem_CAST_F04.png,CAST/004_m_ancient_dark_golem_s_mon_ancient_dark_golem_CAST_F04.png,b5426c96a74799ec4e4975be84daab88187db0b15945940939da1a7f4fb162fc,b5426c96a74799ec4e4975be84daab88187db0b15945940939da1a7f4fb162fc,PASS
area_20,m_ancient_dark_golem,s_mon_ancient_dark_golem,CAST_VFX,5,AREA_20_IMAGES_OUTPUT.zip,CAST/004_m_ancient_dark_golem_s_mon_ancient_dark_golem_CAST_F05.png,CAST/004_m_ancient_dark_golem_s_mon_ancient_dark_golem_CAST_F05.png,9c99aa29972934a8f098e3d5404a5833ed58e43f7164f6d18969f1f85000625f,9c99aa29972934a8f098e3d5404a5833ed58e43f7164f6d18969f1f85000625f,PASS
area_20,m_ancient_dark_golem,s_mon_ancient_dark_golem,CAST_VFX,6,AREA_20_IMAGES_OUTPUT.zip,CAST/004_m_ancient_dark_golem_s_mon_ancient_dark_golem_CAST_F06.png,CAST/004_m_ancient_dark_golem_s_mon_ancient_dark_golem_CAST_F06.png,387019fc41466cd815c8529f09762937fb24e29848ccb618cf8b545cb285dd36,387019fc41466cd815c8529f09762937fb24e29848ccb618cf8b545cb285dd36,PASS
area_20,m_ancient_dark_golem,s_mon_ancient_dark_golem,CAST_VFX,7,AREA_20_IMAGES_OUTPUT.zip,CAST/004_m_ancient_dark_golem_s_mon_ancient_dark_golem_CAST_F07.png,CAST/004_m_ancient_dark_golem_s_mon_ancient_dark_golem_CAST_F07.png,ada58170c6cf0a8c8b3db970f6bfbf402ff980c1691a09cadbdf6f1fd40fa350,ada58170c6cf0a8c8b3db970f6bfbf402ff980c1691a09cadbdf6f1fd40fa350,PASS
area_20,m_mutant_stumpy,s_mon_mutant_stumpy,ICON,0,AREA_20_IMAGES_OUTPUT.zip,ICON/005_m_mutant_stumpy_s_mon_mutant_stumpy_ICON.png,ICON/005_m_mutant_stumpy_s_mon_mutant_stumpy_ICON.png,33f6b69461f6a9665c75d010faa9aef6ff99c4e4d9b4e8c9651e5ed273b8860c,33f6b69461f6a9665c75d010faa9aef6ff99c4e4d9b4e8c9651e5ed273b8860c,PASS
area_20,m_mutant_stumpy,s_mon_mutant_stumpy,CAST_VFX,0,AREA_20_IMAGES_OUTPUT.zip,CAST/005_m_mutant_stumpy_s_mon_mutant_stumpy_CAST_F00.png,CAST/005_m_mutant_stumpy_s_mon_mutant_stumpy_CAST_F00.png,dd73c057f70ea3219aeaa53a5db80ecd08c52f470ecc97f482fc5463ecbb4570,dd73c057f70ea3219aeaa53a5db80ecd08c52f470ecc97f482fc5463ecbb4570,PASS
area_20,m_mutant_stumpy,s_mon_mutant_stumpy,CAST_VFX,1,AREA_20_IMAGES_OUTPUT.zip,CAST/005_m_mutant_stumpy_s_mon_mutant_stumpy_CAST_F01.png,CAST/005_m_mutant_stumpy_s_mon_mutant_stumpy_CAST_F01.png,d0f7592b33f11875089b8ae14079d38a06055b09b819481da1b03ebe7a2121ab,d0f7592b33f11875089b8ae14079d38a06055b09b819481da1b03ebe7a2121ab,PASS
area_20,m_mutant_stumpy,s_mon_mutant_stumpy,CAST_VFX,2,AREA_20_IMAGES_OUTPUT.zip,CAST/005_m_mutant_stumpy_s_mon_mutant_stumpy_CAST_F02.png,CAST/005_m_mutant_stumpy_s_mon_mutant_stumpy_CAST_F02.png,3fd9fecdc179856fbe4abed7a51ec2fcc1308812b0b4d6ebfe85499a9f30413a,3fd9fecdc179856fbe4abed7a51ec2fcc1308812b0b4d6ebfe85499a9f30413a,PASS
area_20,m_mutant_stumpy,s_mon_mutant_stumpy,CAST_VFX,3,AREA_20_IMAGES_OUTPUT.zip,CAST/005_m_mutant_stumpy_s_mon_mutant_stumpy_CAST_F03.png,CAST/005_m_mutant_stumpy_s_mon_mutant_stumpy_CAST_F03.png,021c81019fd480ba72225b72a3fc74001fed7196a5dfbc87ddc03af89086c1a4,021c81019fd480ba72225b72a3fc74001fed7196a5dfbc87ddc03af89086c1a4,PASS
area_20,m_mutant_stumpy,s_mon_mutant_stumpy,CAST_VFX,4,AREA_20_IMAGES_OUTPUT.zip,CAST/005_m_mutant_stumpy_s_mon_mutant_stumpy_CAST_F04.png,CAST/005_m_mutant_stumpy_s_mon_mutant_stumpy_CAST_F04.png,5b9c65fccbd6b1e7115a257895597591dabc41b9fd29a796ae17385cb3b6b5ee,5b9c65fccbd6b1e7115a257895597591dabc41b9fd29a796ae17385cb3b6b5ee,PASS
area_20,m_mutant_stumpy,s_mon_mutant_stumpy,CAST_VFX,5,AREA_20_IMAGES_OUTPUT.zip,CAST/005_m_mutant_stumpy_s_mon_mutant_stumpy_CAST_F05.png,CAST/005_m_mutant_stumpy_s_mon_mutant_stumpy_CAST_F05.png,e706641a65d1ba281541b08ab56af76bcbfc79bb302e5deb51fcf1744c9c255e,e706641a65d1ba281541b08ab56af76bcbfc79bb302e5deb51fcf1744c9c255e,PASS
area_20,m_mutant_stumpy,s_mon_mutant_stumpy,CAST_VFX,6,AREA_20_IMAGES_OUTPUT.zip,CAST/005_m_mutant_stumpy_s_mon_mutant_stumpy_CAST_F06.png,CAST/005_m_mutant_stumpy_s_mon_mutant_stumpy_CAST_F06.png,c7a1f64d12220a94e22c76f47088238b40772ebb20527d2b95b65d73fcedbade,c7a1f64d12220a94e22c76f47088238b40772ebb20527d2b95b65d73fcedbade,PASS
area_20,m_mutant_stumpy,s_mon_mutant_stumpy,CAST_VFX,7,AREA_20_IMAGES_OUTPUT.zip,CAST/005_m_mutant_stumpy_s_mon_mutant_stumpy_CAST_F07.png,CAST/005_m_mutant_stumpy_s_mon_mutant_stumpy_CAST_F07.png,e3e77ac75edbebde71e157aa816a18509bc4c9b89cbe6099d0eb31f66f62d629,e3e77ac75edbebde71e157aa816a18509bc4c9b89cbe6099d0eb31f66f62d629,PASS
area_20,m_mutant_stumpy,s_mon_mutant_stumpy,CAST_VFX,8,AREA_20_IMAGES_OUTPUT.zip,CAST/005_m_mutant_stumpy_s_mon_mutant_stumpy_CAST_F08.png,CAST/005_m_mutant_stumpy_s_mon_mutant_stumpy_CAST_F08.png,deaf5a53fae8fe5818477cd9f3c0abfaea535b46582eef687833585ee8ddf562,deaf5a53fae8fe5818477cd9f3c0abfaea535b46582eef687833585ee8ddf562,PASS
area_20,m_mutant_stumpy,s_mon_mutant_stumpy,CAST_VFX,9,AREA_20_IMAGES_OUTPUT.zip,CAST/005_m_mutant_stumpy_s_mon_mutant_stumpy_CAST_F09.png,CAST/005_m_mutant_stumpy_s_mon_mutant_stumpy_CAST_F09.png,4983dd042f2ea37344fc27b7076e4ac0b4aece92d6eca16412029237f757634a,4983dd042f2ea37344fc27b7076e4ac0b4aece92d6eca16412029237f757634a,PASS
area_20,m_mutant_stumpy,s_mon_mutant_stumpy,CAST_VFX,10,AREA_20_IMAGES_OUTPUT.zip,CAST/005_m_mutant_stumpy_s_mon_mutant_stumpy_CAST_F10.png,CAST/005_m_mutant_stumpy_s_mon_mutant_stumpy_CAST_F10.png,a36110827d71ccab4a78e79245e9a3b56a31bb7aecfaa8389c9c1ec111124c1d,a36110827d71ccab4a78e79245e9a3b56a31bb7aecfaa8389c9c1ec111124c1d,PASS
area_20,m_mutant_stumpy,s_mon_mutant_stumpy,CAST_VFX,11,AREA_20_IMAGES_OUTPUT.zip,CAST/005_m_mutant_stumpy_s_mon_mutant_stumpy_CAST_F11.png,CAST/005_m_mutant_stumpy_s_mon_mutant_stumpy_CAST_F11.png,cd67d7195a00fac43506d23d6e04493cd1c3ca4179f07d828900b3a9abe8813e,cd67d7195a00fac43506d23d6e04493cd1c3ca4179f07d828900b3a9abe8813e,PASS
