area_id,monster_id,skill_id,effect_role,current_use,current_field_or_layer,current_resource,decision,generation_required,approved_reuse,required_file_set,future_target,frame_contract,runtime_use,direction_and_engine_motion,pivot,consolidation_strategy,targeting_range,impact_radius,impact_delay,evidence,unresolved
area_01,m_snail,s_mon_snail_dew_trail,ICON,true,icon_ruid,c0699b32529049c68de3d13022479bf9,AREA00_APPROVED_REUSE,false,true,approved_reuse/AREA_00/001_m_snail_달팽이/ICON/001_m_snail_s_mon_snail_dew_trail_ICON.png|approved_reuse/AREA_00/001_m_snail_달팽이/PREVIEW/001_m_snail_s_mon_snail_dew_trail_CONTACT_PREVIEW.png|approved_reuse/AREA_00/001_m_snail_달팽이/VFX/001_m_snail_s_mon_snail_dew_trail_F00.png|approved_reuse/AREA_00/001_m_snail_달팽이/VFX/001_m_snail_s_mon_snail_dew_trail_F01.png|approved_reuse/AREA_00/001_m_snail_달팽이/VFX/001_m_snail_s_mon_snail_dew_trail_F02.png|approved_reuse/AREA_00/001_m_snail_달팽이/VFX/001_m_snail_s_mon_snail_dew_trail_F03.png|approved_reuse/AREA_00/001_m_snail_달팽이/VFX/001_m_snail_s_mon_snail_dew_trail_F04.png|approved_reuse/AREA_00/001_m_snail_달팽이/VFX/001_m_snail_s_mon_snail_dew_trail_F05.png|approved_reuse/AREA_00/001_m_snail_달팽이/VFX/001_m_snail_s_mon_snail_dew_trail_F06.png|approved_reuse/AREA_00/001_m_snail_달팽이/VFX/001_m_snail_s_mon_snail_dew_trail_F07.png,icon_ruid,1|256x256 RGBA|static|static|static,ui,none,"normalized (0.5,0.5); no autocrop/recenter",n/a,n/a,n/a,n/a,SkillTable.icon_ruid; Area00 resource map/hash,none
area_01,m_snail,s_mon_snail_dew_trail,CAST_VFX,true,layer_ruids,"L1:6097484d513a4fde82ad15557fdc81d3 animationclip/clip delay=0s duration=0.8s scale=1 offset=(0,0)wu drift=(0,0)wu/s",AREA00_APPROVED_REUSE,false,true,approved_reuse/AREA_00/001_m_snail_달팽이/ICON/001_m_snail_s_mon_snail_dew_trail_ICON.png|approved_reuse/AREA_00/001_m_snail_달팽이/PREVIEW/001_m_snail_s_mon_snail_dew_trail_CONTACT_PREVIEW.png|approved_reuse/AREA_00/001_m_snail_달팽이/VFX/001_m_snail_s_mon_snail_dew_trail_F00.png|approved_reuse/AREA_00/001_m_snail_달팽이/VFX/001_m_snail_s_mon_snail_dew_trail_F01.png|approved_reuse/AREA_00/001_m_snail_달팽이/VFX/001_m_snail_s_mon_snail_dew_trail_F02.png|approved_reuse/AREA_00/001_m_snail_달팽이/VFX/001_m_snail_s_mon_snail_dew_trail_F03.png|approved_reuse/AREA_00/001_m_snail_달팽이/VFX/001_m_snail_s_mon_snail_dew_trail_F04.png|approved_reuse/AREA_00/001_m_snail_달팽이/VFX/001_m_snail_s_mon_snail_dew_trail_F05.png|approved_reuse/AREA_00/001_m_snail_달팽이/VFX/001_m_snail_s_mon_snail_dew_trail_F06.png|approved_reuse/AREA_00/001_m_snail_달팽이/VFX/001_m_snail_s_mon_snail_dew_trail_F07.png,approved existing layer_ruids,8|384x384 RGBA|0.1|0.8|approved existing,true,SkillEffect applies FlipX for directional attacks; delayed layer samples caster position at SpawnLayer execution; map entity then applies drift,"normalized (0.5,0.5); no autocrop/recenter",AREA00 approved mapping unchanged,n/a,n/a,n/a,SkillTable layer/effect fields; SkillEffect.PlayCast/SpawnLayer,none
area_01,m_snail,s_mon_snail_dew_trail,PROJECTILE,false,none,,NO_RUNTIME_ROLE,false,false,none,none,0|n/a|n/a|n/a|n/a,false,n/a,"normalized (0.5,0.5); no autocrop/recenter",n/a,n/a,n/a,n/a,SkillTable visual fields + PlayerAttack/MonsterAttack/SkillEffect code,none
area_01,m_snail,s_mon_snail_dew_trail,HIT_VFX,false,none,,NO_RUNTIME_ROLE,false,false,none,none,0|n/a|n/a|n/a|n/a,false,n/a,"normalized (0.5,0.5); no autocrop/recenter",n/a,n/a,n/a,n/a,PlayerAttack.ResolveThrowHit; MonsterAttack.ResolveThrowHit; SkillEffect has no hit asset argument,none; no dedicated hit/impact visual field or Spawn call in current common projectile path
area_01,m_snail,s_mon_snail_dew_trail,PERSISTENT_BUFF_VFX,false,none,,NO_RUNTIME_ROLE,false,false,none,none,0|n/a|n/a|n/a|n/a,false,n/a,"normalized (0.5,0.5); no autocrop/recenter",n/a,n/a,n/a,n/a,MonsterAttack defense branch + SkillEffect.PlayCast; no persistent visual entity field,none; defense mechanics may persist but current visual is one-shot CAST only
area_01,m_snail,s_mon_snail_dew_trail,REFERENCE_VFX,false,none,,NO_RUNTIME_ROLE,false,false,none,none,0|n/a|n/a|n/a|n/a,false,n/a,"normalized (0.5,0.5); no autocrop/recenter",n/a,n/a,n/a,n/a,SkillTable visual fields + PlayerAttack/MonsterAttack/SkillEffect code,none
area_01,m_blue_snail,s_mon_blue_snail,ICON,true,icon_ruid,73c1bdafcb7e42bc8db0041883226449,AREA00_APPROVED_REUSE,false,true,approved_reuse/AREA_00/002_m_blue_snail_파란_달팽이/ICON/002_m_blue_snail_s_mon_blue_snail_ICON.png|approved_reuse/AREA_00/002_m_blue_snail_파란_달팽이/PREVIEW/002_m_blue_snail_s_mon_blue_snail_CONTACT_PREVIEW.png|approved_reuse/AREA_00/002_m_blue_snail_파란_달팽이/VFX/002_m_blue_snail_s_mon_blue_snail_F00.png|approved_reuse/AREA_00/002_m_blue_snail_파란_달팽이/VFX/002_m_blue_snail_s_mon_blue_snail_F01.png|approved_reuse/AREA_00/002_m_blue_snail_파란_달팽이/VFX/002_m_blue_snail_s_mon_blue_snail_F02.png|approved_reuse/AREA_00/002_m_blue_snail_파란_달팽이/VFX/002_m_blue_snail_s_mon_blue_snail_F03.png|approved_reuse/AREA_00/002_m_blue_snail_파란_달팽이/VFX/002_m_blue_snail_s_mon_blue_snail_F04.png|approved_reuse/AREA_00/002_m_blue_snail_파란_달팽이/VFX/002_m_blue_snail_s_mon_blue_snail_F05.png|approved_reuse/AREA_00/002_m_blue_snail_파란_달팽이/VFX/002_m_blue_snail_s_mon_blue_snail_F06.png|approved_reuse/AREA_00/002_m_blue_snail_파란_달팽이/VFX/002_m_blue_snail_s_mon_blue_snail_F07.png,icon_ruid,1|256x256 RGBA|static|static|static,ui,none,"normalized (0.5,0.5); no autocrop/recenter",n/a,n/a,n/a,n/a,SkillTable.icon_ruid; Area00 resource map/hash,none
area_01,m_blue_snail,s_mon_blue_snail,CAST_VFX,true,layer_ruids,"L1:566b0886b4cf4f3997a29ecd3a1954b5 animationclip/clip delay=0s duration=0.85s scale=0.65 offset=(0,0)wu drift=(0,0)wu/s; L2:86734a2715504c10b1e50ae810609e25 animationclip/clip delay=0.12s duration=0.7s scale=0.75 offset=(0,0)wu drift=(0,0)wu/s",AREA00_APPROVED_REUSE,false,true,approved_reuse/AREA_00/002_m_blue_snail_파란_달팽이/ICON/002_m_blue_snail_s_mon_blue_snail_ICON.png|approved_reuse/AREA_00/002_m_blue_snail_파란_달팽이/PREVIEW/002_m_blue_snail_s_mon_blue_snail_CONTACT_PREVIEW.png|approved_reuse/AREA_00/002_m_blue_snail_파란_달팽이/VFX/002_m_blue_snail_s_mon_blue_snail_F00.png|approved_reuse/AREA_00/002_m_blue_snail_파란_달팽이/VFX/002_m_blue_snail_s_mon_blue_snail_F01.png|approved_reuse/AREA_00/002_m_blue_snail_파란_달팽이/VFX/002_m_blue_snail_s_mon_blue_snail_F02.png|approved_reuse/AREA_00/002_m_blue_snail_파란_달팽이/VFX/002_m_blue_snail_s_mon_blue_snail_F03.png|approved_reuse/AREA_00/002_m_blue_snail_파란_달팽이/VFX/002_m_blue_snail_s_mon_blue_snail_F04.png|approved_reuse/AREA_00/002_m_blue_snail_파란_달팽이/VFX/002_m_blue_snail_s_mon_blue_snail_F05.png|approved_reuse/AREA_00/002_m_blue_snail_파란_달팽이/VFX/002_m_blue_snail_s_mon_blue_snail_F06.png|approved_reuse/AREA_00/002_m_blue_snail_파란_달팽이/VFX/002_m_blue_snail_s_mon_blue_snail_F07.png,approved existing layer_ruids,8|256x256 RGBA|0.1|0.8|approved existing,true,SkillEffect applies FlipX for directional attacks; delayed layer samples caster position at SpawnLayer execution; map entity then applies drift,"normalized (0.5,0.5); no autocrop/recenter",AREA00 approved mapping unchanged,n/a,n/a,n/a,SkillTable layer/effect fields; SkillEffect.PlayCast/SpawnLayer,none
area_01,m_blue_snail,s_mon_blue_snail,PROJECTILE,false,none,,NO_RUNTIME_ROLE,false,false,none,none,0|n/a|n/a|n/a|n/a,false,n/a,"normalized (0.5,0.5); no autocrop/recenter",n/a,n/a,n/a,n/a,SkillTable visual fields + PlayerAttack/MonsterAttack/SkillEffect code,none
area_01,m_blue_snail,s_mon_blue_snail,HIT_VFX,false,none,,NO_RUNTIME_ROLE,false,false,none,none,0|n/a|n/a|n/a|n/a,false,n/a,"normalized (0.5,0.5); no autocrop/recenter",n/a,n/a,n/a,n/a,PlayerAttack.ResolveThrowHit; MonsterAttack.ResolveThrowHit; SkillEffect has no hit asset argument,none; no dedicated hit/impact visual field or Spawn call in current common projectile path
area_01,m_blue_snail,s_mon_blue_snail,PERSISTENT_BUFF_VFX,false,none,,NO_RUNTIME_ROLE,false,false,none,none,0|n/a|n/a|n/a|n/a,false,n/a,"normalized (0.5,0.5); no autocrop/recenter",n/a,n/a,n/a,n/a,MonsterAttack defense branch + SkillEffect.PlayCast; no persistent visual entity field,none; defense mechanics may persist but current visual is one-shot CAST only
area_01,m_blue_snail,s_mon_blue_snail,REFERENCE_VFX,false,none,,NO_RUNTIME_ROLE,false,false,none,none,0|n/a|n/a|n/a|n/a,false,n/a,"normalized (0.5,0.5); no autocrop/recenter",n/a,n/a,n/a,n/a,SkillTable visual fields + PlayerAttack/MonsterAttack/SkillEffect code,none
area_01,m_mushroom,s_mon_mushroom,ICON,true,icon_ruid,6923ce8064e4445d8e63176645943fb1,NEW_ART,true,false,ICON/003_m_mushroom_s_mon_mushroom_ICON.png,icon_ruid,1|256x256 RGBA|static|static|static,ui,none,"normalized (0.5,0.5); no autocrop/recenter",n/a,n/a,n/a,n/a,SkillTable.icon_ruid,none
area_01,m_mushroom,s_mon_mushroom,CAST_VFX,true,layer_ruids,"L1:9c927f6388e74628b1050dfc8490246c animationclip/clip delay=0s duration=0.55s scale=0.38 offset=(-0.28,0)wu drift=(-0.28,0.12)wu/s; L2:9c927f6388e74628b1050dfc8490246c animationclip/clip delay=0.08s duration=0.6s scale=0.36 offset=(0,0.04)wu drift=(0,0.18)wu/s; L3:9c927f6388e74628b1050dfc8490246c animationclip/clip delay=0.16s duration=0.65s scale=0.34 offset=(0.28,-0.04)wu drift=(0.28,0.12)wu/s",NEW_ART,true,false,CAST/003_m_mushroom_s_mon_mushroom_CAST_F00.png..._CAST_F07.png,layer_ruids,8|384x384 RGBA|0.10|0.8|non-loop one-shot,true,SkillEffect applies FlipX for directional attacks; delayed layer samples caster position at SpawnLayer execution; map entity then applies drift,"normalized (0.5,0.5); no autocrop/recenter",COMPOSITE_BAKED_ONE_CLIP: preserve L1..Ln relative delay/offset/drift rhythm inside one accepted local-canvas clip; final layer metadata becomes one primary layer after approval,n/a,n/a,n/a,SkillTable layer/effect fields; SkillEffect.PlayCast/SpawnLayer,none
area_01,m_mushroom,s_mon_mushroom,PROJECTILE,false,none,,NO_RUNTIME_ROLE,false,false,none,none,0|n/a|n/a|n/a|n/a,false,n/a,"normalized (0.5,0.5); no autocrop/recenter",n/a,n/a,n/a,n/a,SkillTable visual fields + PlayerAttack/MonsterAttack/SkillEffect code,none
area_01,m_mushroom,s_mon_mushroom,HIT_VFX,false,none,,NO_RUNTIME_ROLE,false,false,none,none,0|n/a|n/a|n/a|n/a,false,n/a,"normalized (0.5,0.5); no autocrop/recenter",n/a,n/a,n/a,n/a,PlayerAttack.ResolveThrowHit; MonsterAttack.ResolveThrowHit; SkillEffect has no hit asset argument,none; no dedicated hit/impact visual field or Spawn call in current common projectile path
area_01,m_mushroom,s_mon_mushroom,PERSISTENT_BUFF_VFX,false,none,,NO_RUNTIME_ROLE,false,false,none,none,0|n/a|n/a|n/a|n/a,false,n/a,"normalized (0.5,0.5); no autocrop/recenter",n/a,n/a,n/a,n/a,MonsterAttack defense branch + SkillEffect.PlayCast; no persistent visual entity field,none; defense mechanics may persist but current visual is one-shot CAST only
area_01,m_mushroom,s_mon_mushroom,REFERENCE_VFX,false,none,,NO_RUNTIME_ROLE,false,false,none,none,0|n/a|n/a|n/a|n/a,false,n/a,"normalized (0.5,0.5); no autocrop/recenter",n/a,n/a,n/a,n/a,SkillTable visual fields + PlayerAttack/MonsterAttack/SkillEffect code,none
area_01,m_mushmom,s_mon_mushmom,ICON,true,icon_ruid,0b09a6a325c54caca2282859ae624b22,NEW_ART,true,false,ICON/004_m_mushmom_s_mon_mushmom_ICON.png,icon_ruid,1|256x256 RGBA|static|static|static,ui,none,"normalized (0.5,0.5); no autocrop/recenter",n/a,n/a,n/a,n/a,SkillTable.icon_ruid,none
area_01,m_mushmom,s_mon_mushmom,CAST_VFX,true,layer_ruids,"L1:05113e9dc86448cb8581731824106d75 animationclip/clip delay=0s duration=0.75s scale=0.9 offset=(0,-0.08)wu drift=(0,0)wu/s; L2:86734a2715504c10b1e50ae810609e25 animationclip/clip delay=0.1s duration=0.72s scale=1.15 offset=(0,-0.08)wu drift=(0,0)wu/s; L3:9c927f6388e74628b1050dfc8490246c animationclip/clip delay=0.22s duration=0.7s scale=0.72 offset=(0,0)wu drift=(0,0.18)wu/s",NEW_ART,true,false,CAST/004_m_mushmom_s_mon_mushmom_CAST_F00.png..._CAST_F11.png,layer_ruids,12|512x512 RGBA|0.08|0.96|non-loop one-shot,true,SkillEffect applies FlipX for directional attacks; delayed layer samples caster position at SpawnLayer execution; map entity then applies drift,"normalized (0.5,0.5); no autocrop/recenter",COMPOSITE_BAKED_ONE_CLIP: preserve L1..Ln relative delay/offset/drift rhythm inside one accepted local-canvas clip; final layer metadata becomes one primary layer after approval,n/a,n/a,n/a,SkillTable layer/effect fields; SkillEffect.PlayCast/SpawnLayer,none
area_01,m_mushmom,s_mon_mushmom,PROJECTILE,false,none,,NO_RUNTIME_ROLE,false,false,none,none,0|n/a|n/a|n/a|n/a,false,n/a,"normalized (0.5,0.5); no autocrop/recenter",n/a,n/a,n/a,n/a,SkillTable visual fields + PlayerAttack/MonsterAttack/SkillEffect code,none
area_01,m_mushmom,s_mon_mushmom,HIT_VFX,false,none,,NO_RUNTIME_ROLE,false,false,none,none,0|n/a|n/a|n/a|n/a,false,n/a,"normalized (0.5,0.5); no autocrop/recenter",n/a,n/a,n/a,n/a,PlayerAttack.ResolveThrowHit; MonsterAttack.ResolveThrowHit; SkillEffect has no hit asset argument,none; no dedicated hit/impact visual field or Spawn call in current common projectile path
area_01,m_mushmom,s_mon_mushmom,PERSISTENT_BUFF_VFX,false,none,,NO_RUNTIME_ROLE,false,false,none,none,0|n/a|n/a|n/a|n/a,false,n/a,"normalized (0.5,0.5); no autocrop/recenter",n/a,n/a,n/a,n/a,MonsterAttack defense branch + SkillEffect.PlayCast; no persistent visual entity field,none; defense mechanics may persist but current visual is one-shot CAST only
area_01,m_mushmom,s_mon_mushmom,REFERENCE_VFX,false,none,,NO_RUNTIME_ROLE,false,false,none,none,0|n/a|n/a|n/a|n/a,false,n/a,"normalized (0.5,0.5); no autocrop/recenter",n/a,n/a,n/a,n/a,SkillTable visual fields + PlayerAttack/MonsterAttack/SkillEffect code,none
area_01,m_horny_mushroom,s_mon_horny_mushroom,ICON,true,icon_ruid,0928f98bbd114efc935696c1200c9d39,NEW_ART,true,false,ICON/005_m_horny_mushroom_s_mon_horny_mushroom_ICON.png,icon_ruid,1|256x256 RGBA|static|static|static,ui,none,"normalized (0.5,0.5); no autocrop/recenter",n/a,n/a,n/a,n/a,SkillTable.icon_ruid,none
area_01,m_horny_mushroom,s_mon_horny_mushroom,CAST_VFX,false,none,,NO_RUNTIME_ROLE,false,false,none,none,0|n/a|n/a|n/a|n/a,false,n/a,"normalized (0.5,0.5); no autocrop/recenter",n/a,n/a,n/a,n/a,SkillTable visual fields + PlayerAttack/MonsterAttack/SkillEffect code,none
area_01,m_horny_mushroom,s_mon_horny_mushroom,PROJECTILE,false,none,,NO_RUNTIME_ROLE,false,false,none,none,0|n/a|n/a|n/a|n/a,false,n/a,"normalized (0.5,0.5); no autocrop/recenter",n/a,n/a,n/a,n/a,SkillTable visual fields + PlayerAttack/MonsterAttack/SkillEffect code,none
area_01,m_horny_mushroom,s_mon_horny_mushroom,HIT_VFX,false,none,,NO_RUNTIME_ROLE,false,false,none,none,0|n/a|n/a|n/a|n/a,false,n/a,"normalized (0.5,0.5); no autocrop/recenter",n/a,n/a,n/a,n/a,PlayerAttack.ResolveThrowHit; MonsterAttack.ResolveThrowHit; SkillEffect has no hit asset argument,none; no dedicated hit/impact visual field or Spawn call in current common projectile path
area_01,m_horny_mushroom,s_mon_horny_mushroom,PERSISTENT_BUFF_VFX,false,none,,NO_RUNTIME_ROLE,false,false,none,none,0|n/a|n/a|n/a|n/a,false,n/a,"normalized (0.5,0.5); no autocrop/recenter",n/a,n/a,n/a,n/a,MonsterAttack defense branch + SkillEffect.PlayCast; no persistent visual entity field,none; defense mechanics may persist but current visual is one-shot CAST only
area_01,m_horny_mushroom,s_mon_horny_mushroom,REFERENCE_VFX,input_reference_only,reference source; not runtime field,INPUT design reference,NEW_ART,true,false,REFERENCE/005_m_horny_mushroom_s_mon_horny_mushroom_REFERENCE_F00.png..._REFERENCE_F05.png,none,6|256x256 RGBA|0.10|0.6000000000000001|preview-only non-loop,false,preview only; no engine motion/FlipX contract,"normalized (0.5,0.5); no autocrop/recenter",preview/reference only; never auto-import as CAST,n/a,n/a,n/a,passive execution has no PlayCast; V2.2 REFERENCE_VFX scope,none
area_02,m_stone_golem,s_mon_stone,ICON,true,icon_ruid,cba9471e009f46ee9c786f31d29c3848,NEW_ART,true,false,ICON/001_m_stone_golem_s_mon_stone_ICON.png,icon_ruid,1|256x256 RGBA|static|static|static,ui,none,"normalized (0.5,0.5); no autocrop/recenter",n/a,n/a,n/a,n/a,SkillTable.icon_ruid,none
area_02,m_stone_golem,s_mon_stone,CAST_VFX,true,layer_ruids,"L1:05113e9dc86448cb8581731824106d75 animationclip/clip delay=0s duration=0.65s scale=0.8 offset=(0,-0.06)wu drift=(0,0)wu/s; L2:86734a2715504c10b1e50ae810609e25 animationclip/clip delay=0.12s duration=0.72s scale=0.9 offset=(0,-0.06)wu drift=(0,0)wu/s",NEW_ART,true,false,CAST/001_m_stone_golem_s_mon_stone_CAST_F00.png..._CAST_F07.png,layer_ruids,8|256x256 RGBA|0.10|0.8|non-loop one-shot,true,SkillEffect applies FlipX for directional attacks; delayed layer samples caster position at SpawnLayer execution; map entity then applies drift,"normalized (0.5,0.5); no autocrop/recenter",COMPOSITE_BAKED_ONE_CLIP: preserve L1..Ln relative delay/offset/drift rhythm inside one accepted local-canvas clip; final layer metadata becomes one primary layer after approval,n/a,n/a,n/a,SkillTable layer/effect fields; SkillEffect.PlayCast/SpawnLayer,none
area_02,m_stone_golem,s_mon_stone,PROJECTILE,false,none,,NO_RUNTIME_ROLE,false,false,none,none,0|n/a|n/a|n/a|n/a,false,n/a,"normalized (0.5,0.5); no autocrop/recenter",n/a,n/a,n/a,n/a,SkillTable visual fields + PlayerAttack/MonsterAttack/SkillEffect code,none
area_02,m_stone_golem,s_mon_stone,HIT_VFX,false,none,,NO_RUNTIME_ROLE,false,false,none,none,0|n/a|n/a|n/a|n/a,false,n/a,"normalized (0.5,0.5); no autocrop/recenter",n/a,n/a,n/a,n/a,PlayerAttack.ResolveThrowHit; MonsterAttack.ResolveThrowHit; SkillEffect has no hit asset argument,none; no dedicated hit/impact visual field or Spawn call in current common projectile path
area_02,m_stone_golem,s_mon_stone,PERSISTENT_BUFF_VFX,false,none,,NO_RUNTIME_ROLE,false,false,none,none,0|n/a|n/a|n/a|n/a,false,n/a,"normalized (0.5,0.5); no autocrop/recenter",n/a,n/a,n/a,n/a,MonsterAttack defense branch + SkillEffect.PlayCast; no persistent visual entity field,none; defense mechanics may persist but current visual is one-shot CAST only
area_02,m_stone_golem,s_mon_stone,REFERENCE_VFX,false,none,,NO_RUNTIME_ROLE,false,false,none,none,0|n/a|n/a|n/a|n/a,false,n/a,"normalized (0.5,0.5); no autocrop/recenter",n/a,n/a,n/a,n/a,SkillTable visual fields + PlayerAttack/MonsterAttack/SkillEffect code,none
area_02,m_axe_stump,s_mon_axe_stump,ICON,true,icon_ruid,b03001aaa4cf4dfe82d34a48c58cb342,NEW_ART,true,false,ICON/002_m_axe_stump_s_mon_axe_stump_ICON.png,icon_ruid,1|256x256 RGBA|static|static|static,ui,none,"normalized (0.5,0.5); no autocrop/recenter",n/a,n/a,n/a,n/a,SkillTable.icon_ruid,none
area_02,m_axe_stump,s_mon_axe_stump,CAST_VFX,true,layer_ruids,"L1:0207c85c05dd4c4eac12f9ee735d0545 animationclip/clip delay=0s duration=0.55s scale=0.7 offset=(0.05,0)wu drift=(0.3,0)wu/s; L2:997628810df4448f9e534bc426d6794a animationclip/clip delay=0.14s duration=0.48s scale=0.62 offset=(0.65,0)wu drift=(0,0)wu/s",NEW_ART,true,false,CAST/002_m_axe_stump_s_mon_axe_stump_CAST_F00.png..._CAST_F07.png,layer_ruids,8|384x384 RGBA|0.10|0.8|non-loop one-shot,true,SkillEffect applies FlipX for directional attacks; delayed layer samples caster position at SpawnLayer execution; map entity then applies drift,"normalized (0.5,0.5); no autocrop/recenter",COMPOSITE_BAKED_ONE_CLIP: preserve L1..Ln relative delay/offset/drift rhythm inside one accepted local-canvas clip; final layer metadata becomes one primary layer after approval,n/a,n/a,n/a,SkillTable layer/effect fields; SkillEffect.PlayCast/SpawnLayer,none
area_02,m_axe_stump,s_mon_axe_stump,PROJECTILE,false,none,,NO_RUNTIME_ROLE,false,false,none,none,0|n/a|n/a|n/a|n/a,false,n/a,"normalized (0.5,0.5); no autocrop/recenter",n/a,n/a,n/a,n/a,SkillTable visual fields + PlayerAttack/MonsterAttack/SkillEffect code,none
area_02,m_axe_stump,s_mon_axe_stump,HIT_VFX,false,none,,NO_RUNTIME_ROLE,false,false,none,none,0|n/a|n/a|n/a|n/a,false,n/a,"normalized (0.5,0.5); no autocrop/recenter",n/a,n/a,n/a,n/a,PlayerAttack.ResolveThrowHit; MonsterAttack.ResolveThrowHit; SkillEffect has no hit asset argument,none; no dedicated hit/impact visual field or Spawn call in current common projectile path
area_02,m_axe_stump,s_mon_axe_stump,PERSISTENT_BUFF_VFX,false,none,,NO_RUNTIME_ROLE,false,false,none,none,0|n/a|n/a|n/a|n/a,false,n/a,"normalized (0.5,0.5); no autocrop/recenter",n/a,n/a,n/a,n/a,MonsterAttack defense branch + SkillEffect.PlayCast; no persistent visual entity field,none; defense mechanics may persist but current visual is one-shot CAST only
area_02,m_axe_stump,s_mon_axe_stump,REFERENCE_VFX,false,none,,NO_RUNTIME_ROLE,false,false,none,none,0|n/a|n/a|n/a|n/a,false,n/a,"normalized (0.5,0.5); no autocrop/recenter",n/a,n/a,n/a,n/a,SkillTable visual fields + PlayerAttack/MonsterAttack/SkillEffect code,none
area_02,m_dark_axe_stump,s_mon_dark_axe_stump,ICON,true,icon_ruid,0fbbe12552664c5f87944ff56a630178,NEW_ART,true,false,ICON/003_m_dark_axe_stump_s_mon_dark_axe_stump_ICON.png,icon_ruid,1|256x256 RGBA|static|static|static,ui,none,"normalized (0.5,0.5); no autocrop/recenter",n/a,n/a,n/a,n/a,SkillTable.icon_ruid,none
area_02,m_dark_axe_stump,s_mon_dark_axe_stump,CAST_VFX,true,layer_ruids,"L1:a77ea54c400e4b56a44ed05091a0ae53 animationclip/clip delay=0s duration=0.82s scale=0.82 offset=(-0.28,-0.12)wu drift=(0,0)wu/s; L2:a77ea54c400e4b56a44ed05091a0ae53 animationclip/clip delay=0.12s duration=0.82s scale=0.82 offset=(0.28,-0.12)wu drift=(0,0)wu/s",NEW_ART,true,false,CAST/003_m_dark_axe_stump_s_mon_dark_axe_stump_CAST_F00.png..._CAST_F07.png,layer_ruids,8|384x384 RGBA|0.10|0.8|non-loop one-shot,true,SkillEffect applies FlipX for directional attacks; delayed layer samples caster position at SpawnLayer execution; map entity then applies drift,"normalized (0.5,0.5); no autocrop/recenter",COMPOSITE_BAKED_ONE_CLIP: preserve L1..Ln relative delay/offset/drift rhythm inside one accepted local-canvas clip; final layer metadata becomes one primary layer after approval,n/a,n/a,n/a,SkillTable layer/effect fields; SkillEffect.PlayCast/SpawnLayer,none
area_02,m_dark_axe_stump,s_mon_dark_axe_stump,PROJECTILE,false,none,,NO_RUNTIME_ROLE,false,false,none,none,0|n/a|n/a|n/a|n/a,false,n/a,"normalized (0.5,0.5); no autocrop/recenter",n/a,n/a,n/a,n/a,SkillTable visual fields + PlayerAttack/MonsterAttack/SkillEffect code,none
area_02,m_dark_axe_stump,s_mon_dark_axe_stump,HIT_VFX,false,none,,NO_RUNTIME_ROLE,false,false,none,none,0|n/a|n/a|n/a|n/a,false,n/a,"normalized (0.5,0.5); no autocrop/recenter",n/a,n/a,n/a,n/a,PlayerAttack.ResolveThrowHit; MonsterAttack.ResolveThrowHit; SkillEffect has no hit asset argument,none; no dedicated hit/impact visual field or Spawn call in current common projectile path
area_02,m_dark_axe_stump,s_mon_dark_axe_stump,PERSISTENT_BUFF_VFX,false,none,,NO_RUNTIME_ROLE,false,false,none,none,0|n/a|n/a|n/a|n/a,false,n/a,"normalized (0.5,0.5); no autocrop/recenter",n/a,n/a,n/a,n/a,MonsterAttack defense branch + SkillEffect.PlayCast; no persistent visual entity field,none; defense mechanics may persist but current visual is one-shot CAST only
area_02,m_dark_axe_stump,s_mon_dark_axe_stump,REFERENCE_VFX,false,none,,NO_RUNTIME_ROLE,false,false,none,none,0|n/a|n/a|n/a|n/a,false,n/a,"normalized (0.5,0.5); no autocrop/recenter",n/a,n/a,n/a,n/a,SkillTable visual fields + PlayerAttack/MonsterAttack/SkillEffect code,none
area_02,m_wild_boar,s_mon_wild_boar,ICON,true,icon_ruid,b656b6744e204375a345782b5119aea2,NEW_ART,true,false,ICON/004_m_wild_boar_s_mon_wild_boar_ICON.png,icon_ruid,1|256x256 RGBA|static|static|static,ui,none,"normalized (0.5,0.5); no autocrop/recenter",n/a,n/a,n/a,n/a,SkillTable.icon_ruid,none
area_02,m_wild_boar,s_mon_wild_boar,CAST_VFX,true,layer_ruids,"L1:0207c85c05dd4c4eac12f9ee735d0545 animationclip/clip delay=0s duration=0.55s scale=0.75 offset=(-0.15,-0.15)wu drift=(0,0)wu/s; L2:79c9b3b094dd49eda90e80d178f0ff28 animationclip/clip delay=0.16s duration=0.65s scale=0.7 offset=(0.55,-0.12)wu drift=(0,0)wu/s",NEW_ART,true,false,CAST/004_m_wild_boar_s_mon_wild_boar_CAST_F00.png..._CAST_F07.png,layer_ruids,8|256x256 RGBA|0.10|0.8|non-loop one-shot,true,SkillEffect applies FlipX for directional attacks; delayed layer samples caster position at SpawnLayer execution; map entity then applies drift,"normalized (0.5,0.5); no autocrop/recenter",COMPOSITE_BAKED_ONE_CLIP: preserve L1..Ln relative delay/offset/drift rhythm inside one accepted local-canvas clip; final layer metadata becomes one primary layer after approval,n/a,n/a,n/a,SkillTable layer/effect fields; SkillEffect.PlayCast/SpawnLayer,none
area_02,m_wild_boar,s_mon_wild_boar,PROJECTILE,false,none,,NO_RUNTIME_ROLE,false,false,none,none,0|n/a|n/a|n/a|n/a,false,n/a,"normalized (0.5,0.5); no autocrop/recenter",n/a,n/a,n/a,n/a,SkillTable visual fields + PlayerAttack/MonsterAttack/SkillEffect code,none
area_02,m_wild_boar,s_mon_wild_boar,HIT_VFX,false,none,,NO_RUNTIME_ROLE,false,false,none,none,0|n/a|n/a|n/a|n/a,false,n/a,"normalized (0.5,0.5); no autocrop/recenter",n/a,n/a,n/a,n/a,PlayerAttack.ResolveThrowHit; MonsterAttack.ResolveThrowHit; SkillEffect has no hit asset argument,none; no dedicated hit/impact visual field or Spawn call in current common projectile path
area_02,m_wild_boar,s_mon_wild_boar,PERSISTENT_BUFF_VFX,false,none,,NO_RUNTIME_ROLE,false,false,none,none,0|n/a|n/a|n/a|n/a,false,n/a,"normalized (0.5,0.5); no autocrop/recenter",n/a,n/a,n/a,n/a,MonsterAttack defense branch + SkillEffect.PlayCast; no persistent visual entity field,none; defense mechanics may persist but current visual is one-shot CAST only
area_02,m_wild_boar,s_mon_wild_boar,REFERENCE_VFX,false,none,,NO_RUNTIME_ROLE,false,false,none,none,0|n/a|n/a|n/a|n/a,false,n/a,"normalized (0.5,0.5); no autocrop/recenter",n/a,n/a,n/a,n/a,SkillTable visual fields + PlayerAttack/MonsterAttack/SkillEffect code,none
area_02,m_iron_hog,s_mon_iron_hog,ICON,true,icon_ruid,da712fe9654b4ea2940cee669043bceb,NEW_ART,true,false,ICON/005_m_iron_hog_s_mon_iron_hog_ICON.png,icon_ruid,1|256x256 RGBA|static|static|static,ui,none,"normalized (0.5,0.5); no autocrop/recenter",n/a,n/a,n/a,n/a,SkillTable.icon_ruid,none
area_02,m_iron_hog,s_mon_iron_hog,CAST_VFX,false,none,,NO_RUNTIME_ROLE,false,false,none,none,0|n/a|n/a|n/a|n/a,false,n/a,"normalized (0.5,0.5); no autocrop/recenter",n/a,n/a,n/a,n/a,SkillTable visual fields + PlayerAttack/MonsterAttack/SkillEffect code,none
area_02,m_iron_hog,s_mon_iron_hog,PROJECTILE,false,none,,NO_RUNTIME_ROLE,false,false,none,none,0|n/a|n/a|n/a|n/a,false,n/a,"normalized (0.5,0.5); no autocrop/recenter",n/a,n/a,n/a,n/a,SkillTable visual fields + PlayerAttack/MonsterAttack/SkillEffect code,none
area_02,m_iron_hog,s_mon_iron_hog,HIT_VFX,false,none,,NO_RUNTIME_ROLE,false,false,none,none,0|n/a|n/a|n/a|n/a,false,n/a,"normalized (0.5,0.5); no autocrop/recenter",n/a,n/a,n/a,n/a,PlayerAttack.ResolveThrowHit; MonsterAttack.ResolveThrowHit; SkillEffect has no hit asset argument,none; no dedicated hit/impact visual field or Spawn call in current common projectile path
area_02,m_iron_hog,s_mon_iron_hog,PERSISTENT_BUFF_VFX,false,none,,NO_RUNTIME_ROLE,false,false,none,none,0|n/a|n/a|n/a|n/a,false,n/a,"normalized (0.5,0.5); no autocrop/recenter",n/a,n/a,n/a,n/a,MonsterAttack defense branch + SkillEffect.PlayCast; no persistent visual entity field,none; defense mechanics may persist but current visual is one-shot CAST only
area_02,m_iron_hog,s_mon_iron_hog,REFERENCE_VFX,input_reference_only,reference source; not runtime field,INPUT design reference,NEW_ART,true,false,REFERENCE/005_m_iron_hog_s_mon_iron_hog_REFERENCE_F00.png..._REFERENCE_F05.png,none,6|256x256 RGBA|0.10|0.6000000000000001|preview-only non-loop,false,preview only; no engine motion/FlipX contract,"normalized (0.5,0.5); no autocrop/recenter",preview/reference only; never auto-import as CAST,n/a,n/a,n/a,passive execution has no PlayCast; V2.2 REFERENCE_VFX scope,none
area_02,m_skeleton_commander,s_mon_skeleton_commander,ICON,true,icon_ruid,637abac61bd14f788b157d6aaf1fa08f,NEW_ART,true,false,ICON/006_m_skeleton_commander_s_mon_skeleton_commander_ICON.png,icon_ruid,1|256x256 RGBA|static|static|static,ui,none,"normalized (0.5,0.5); no autocrop/recenter",n/a,n/a,n/a,n/a,SkillTable.icon_ruid,none
area_02,m_skeleton_commander,s_mon_skeleton_commander,CAST_VFX,true,layer_ruids,"L1:db2b67de20f5418cb7b5050ce0641df1 animationclip/clip delay=0s duration=0.58s scale=0.55 offset=(0,-0.08)wu drift=(0,0)wu/s; L2:05113e9dc86448cb8581731824106d75 animationclip/clip delay=0.1s duration=0.62s scale=0.75 offset=(-0.25,-0.05)wu drift=(0,0)wu/s; L3:997628810df4448f9e534bc426d6794a animationclip/clip delay=0.18s duration=0.5s scale=0.6 offset=(0.25,0)wu drift=(0,0)wu/s",NEW_ART,true,false,CAST/006_m_skeleton_commander_s_mon_skeleton_commander_CAST_F00.png..._CAST_F07.png,layer_ruids,8|384x384 RGBA|0.10|0.8|non-loop one-shot,true,SkillEffect applies FlipX for directional attacks; delayed layer samples caster position at SpawnLayer execution; map entity then applies drift,"normalized (0.5,0.5); no autocrop/recenter",COMPOSITE_BAKED_ONE_CLIP: preserve L1..Ln relative delay/offset/drift rhythm inside one accepted local-canvas clip; final layer metadata becomes one primary layer after approval,n/a,n/a,n/a,SkillTable layer/effect fields; SkillEffect.PlayCast/SpawnLayer,none
area_02,m_skeleton_commander,s_mon_skeleton_commander,PROJECTILE,false,none,,NO_RUNTIME_ROLE,false,false,none,none,0|n/a|n/a|n/a|n/a,false,n/a,"normalized (0.5,0.5); no autocrop/recenter",n/a,n/a,n/a,n/a,SkillTable visual fields + PlayerAttack/MonsterAttack/SkillEffect code,none
area_02,m_skeleton_commander,s_mon_skeleton_commander,HIT_VFX,false,none,,NO_RUNTIME_ROLE,false,false,none,none,0|n/a|n/a|n/a|n/a,false,n/a,"normalized (0.5,0.5); no autocrop/recenter",n/a,n/a,n/a,n/a,PlayerAttack.ResolveThrowHit; MonsterAttack.ResolveThrowHit; SkillEffect has no hit asset argument,none; no dedicated hit/impact visual field or Spawn call in current common projectile path
area_02,m_skeleton_commander,s_mon_skeleton_commander,PERSISTENT_BUFF_VFX,false,none,,NO_RUNTIME_ROLE,false,false,none,none,0|n/a|n/a|n/a|n/a,false,n/a,"normalized (0.5,0.5); no autocrop/recenter",n/a,n/a,n/a,n/a,MonsterAttack defense branch + SkillEffect.PlayCast; no persistent visual entity field,none; defense mechanics may persist but current visual is one-shot CAST only
area_02,m_skeleton_commander,s_mon_skeleton_commander,REFERENCE_VFX,false,none,,NO_RUNTIME_ROLE,false,false,none,none,0|n/a|n/a|n/a|n/a,false,n/a,"normalized (0.5,0.5); no autocrop/recenter",n/a,n/a,n/a,n/a,SkillTable visual fields + PlayerAttack/MonsterAttack/SkillEffect code,none
area_02,m_fire_boar,s_mon_fire_boar,ICON,true,icon_ruid,f960bb921fb44bea91c95ea6b95f1d85,NEW_ART,true,false,ICON/007_m_fire_boar_s_mon_fire_boar_ICON.png,icon_ruid,1|256x256 RGBA|static|static|static,ui,none,"normalized (0.5,0.5); no autocrop/recenter",n/a,n/a,n/a,n/a,SkillTable.icon_ruid,none
area_02,m_fire_boar,s_mon_fire_boar,CAST_VFX,true,layer_ruids,"L1:0207c85c05dd4c4eac12f9ee735d0545 animationclip/clip delay=0s duration=0.52s scale=0.45 offset=(-0.15,-0.15)wu drift=(0,0)wu/s; L2:a610b14bbc55477cbc78777a5a2e7ed1 animationclip/clip delay=0.1s duration=0.7s scale=0.95 offset=(0.25,0)wu drift=(0,0)wu/s",NEW_ART,true,false,CAST/007_m_fire_boar_s_mon_fire_boar_CAST_F00.png..._CAST_F07.png,layer_ruids,8|384x384 RGBA|0.10|0.8|non-loop one-shot,true,SkillEffect applies FlipX for directional attacks; delayed layer samples caster position at SpawnLayer execution; map entity then applies drift,"normalized (0.5,0.5); no autocrop/recenter",COMPOSITE_BAKED_ONE_CLIP: preserve L1..Ln relative delay/offset/drift rhythm inside one accepted local-canvas clip; final layer metadata becomes one primary layer after approval,n/a,n/a,n/a,SkillTable layer/effect fields; SkillEffect.PlayCast/SpawnLayer,none
area_02,m_fire_boar,s_mon_fire_boar,PROJECTILE,false,none,,NO_RUNTIME_ROLE,false,false,none,none,0|n/a|n/a|n/a|n/a,false,n/a,"normalized (0.5,0.5); no autocrop/recenter",n/a,n/a,n/a,n/a,SkillTable visual fields + PlayerAttack/MonsterAttack/SkillEffect code,none
area_02,m_fire_boar,s_mon_fire_boar,HIT_VFX,false,none,,NO_RUNTIME_ROLE,false,false,none,none,0|n/a|n/a|n/a|n/a,false,n/a,"normalized (0.5,0.5); no autocrop/recenter",n/a,n/a,n/a,n/a,PlayerAttack.ResolveThrowHit; MonsterAttack.ResolveThrowHit; SkillEffect has no hit asset argument,none; no dedicated hit/impact visual field or Spawn call in current common projectile path
area_02,m_fire_boar,s_mon_fire_boar,PERSISTENT_BUFF_VFX,false,none,,NO_RUNTIME_ROLE,false,false,none,none,0|n/a|n/a|n/a|n/a,false,n/a,"normalized (0.5,0.5); no autocrop/recenter",n/a,n/a,n/a,n/a,MonsterAttack defense branch + SkillEffect.PlayCast; no persistent visual entity field,none; defense mechanics may persist but current visual is one-shot CAST only
area_02,m_fire_boar,s_mon_fire_boar,REFERENCE_VFX,false,none,,NO_RUNTIME_ROLE,false,false,none,none,0|n/a|n/a|n/a|n/a,false,n/a,"normalized (0.5,0.5); no autocrop/recenter",n/a,n/a,n/a,n/a,SkillTable visual fields + PlayerAttack/MonsterAttack/SkillEffect code,none
area_02,m_stumpy,s_mon_stumpy,ICON,true,icon_ruid,383249b0f9254764aa758b1bcc9bfee9,NEW_ART,true,false,ICON/008_m_stumpy_s_mon_stumpy_ICON.png,icon_ruid,1|256x256 RGBA|static|static|static,ui,none,"normalized (0.5,0.5); no autocrop/recenter",n/a,5,0.8,0.35,SkillTable.icon_ruid,none
area_02,m_stumpy,s_mon_stumpy,CAST_VFX,false,none,,NO_RUNTIME_ROLE,false,false,none,none,0|n/a|n/a|n/a|n/a,false,n/a,"normalized (0.5,0.5); no autocrop/recenter",n/a,5,0.8,0.35,SkillTable visual fields + PlayerAttack/MonsterAttack/SkillEffect code,none
area_02,m_stumpy,s_mon_stumpy,PROJECTILE,true,projectile_ruid,c6b3f052e977479ea5ad5329ce0981ca,NEW_ART,true,false,PROJECTILE/008_m_stumpy_s_mon_stumpy_PROJECTILE_F00.png..._PROJECTILE_F03.png,projectile_ruid,4|512x512 RGBA|0.08|0.32|non-loop complete playback within 0.35s entity lifetime,true,art direction-neutral/local form only; engine translates caster+h to target+h and applies ZRotation; no PROJECTILE FlipX or travel-direction alignment,"normalized (0.5,0.5); no autocrop/recenter",independent from CAST; do not merge,5,0.8,0.35,SkillTable.projectile_ruid; SkillEffect.mlua:149-194; SkillProjectile.mlua:39-81; GameBalance projectile_seconds=0.35,import must author AnimationClip non-loop at 0.08s/frame; Maker runtime not run
area_02,m_stumpy,s_mon_stumpy,HIT_VFX,false,none,,NO_RUNTIME_ROLE,false,false,none,none,0|n/a|n/a|n/a|n/a,false,n/a,"normalized (0.5,0.5); no autocrop/recenter",n/a,5,0.8,0.35,PlayerAttack.ResolveThrowHit; MonsterAttack.ResolveThrowHit; SkillEffect has no hit asset argument,none; no dedicated hit/impact visual field or Spawn call in current common projectile path
area_02,m_stumpy,s_mon_stumpy,PERSISTENT_BUFF_VFX,false,none,,NO_RUNTIME_ROLE,false,false,none,none,0|n/a|n/a|n/a|n/a,false,n/a,"normalized (0.5,0.5); no autocrop/recenter",n/a,5,0.8,0.35,MonsterAttack defense branch + SkillEffect.PlayCast; no persistent visual entity field,none; defense mechanics may persist but current visual is one-shot CAST only
area_02,m_stumpy,s_mon_stumpy,REFERENCE_VFX,false,none,,NO_RUNTIME_ROLE,false,false,none,none,0|n/a|n/a|n/a|n/a,false,n/a,"normalized (0.5,0.5); no autocrop/recenter",n/a,5,0.8,0.35,SkillTable visual fields + PlayerAttack/MonsterAttack/SkillEffect code,none
area_03,m_slime,s_mon_slime,ICON,true,icon_ruid,72d1dd0939714240bddc0b6865eb93ce,AREA00_APPROVED_REUSE,false,true,approved_reuse/AREA_00/005_m_slime_슬라임/ICON/005_m_slime_s_mon_slime_ICON.png|approved_reuse/AREA_00/005_m_slime_슬라임/PREVIEW/005_m_slime_s_mon_slime_CONTACT_PREVIEW.png|approved_reuse/AREA_00/005_m_slime_슬라임/VFX/005_m_slime_s_mon_slime_F00.png|approved_reuse/AREA_00/005_m_slime_슬라임/VFX/005_m_slime_s_mon_slime_F01.png|approved_reuse/AREA_00/005_m_slime_슬라임/VFX/005_m_slime_s_mon_slime_F02.png|approved_reuse/AREA_00/005_m_slime_슬라임/VFX/005_m_slime_s_mon_slime_F03.png|approved_reuse/AREA_00/005_m_slime_슬라임/VFX/005_m_slime_s_mon_slime_F04.png|approved_reuse/AREA_00/005_m_slime_슬라임/VFX/005_m_slime_s_mon_slime_F05.png|approved_reuse/AREA_00/005_m_slime_슬라임/VFX/005_m_slime_s_mon_slime_F06.png|approved_reuse/AREA_00/005_m_slime_슬라임/VFX/005_m_slime_s_mon_slime_F07.png,icon_ruid,1|256x256 RGBA|static|static|static,ui,none,"normalized (0.5,0.5); no autocrop/recenter",n/a,n/a,n/a,n/a,SkillTable.icon_ruid; Area00 resource map/hash,none
area_03,m_slime,s_mon_slime,CAST_VFX,true,layer_ruids,"L1:2c12c1e835a04c2a9ec1c5724846a7b6 animationclip/clip delay=0s duration=0.62s scale=0.48 offset=(0.18,0)wu drift=(0.35,0)wu/s; L2:69656381a8e04edcbb8a2c8599567ab3 animationclip/clip delay=0.12s duration=0.52s scale=0.55 offset=(0.5,0)wu drift=(0,0)wu/s",AREA00_APPROVED_REUSE,false,true,approved_reuse/AREA_00/005_m_slime_슬라임/ICON/005_m_slime_s_mon_slime_ICON.png|approved_reuse/AREA_00/005_m_slime_슬라임/PREVIEW/005_m_slime_s_mon_slime_CONTACT_PREVIEW.png|approved_reuse/AREA_00/005_m_slime_슬라임/VFX/005_m_slime_s_mon_slime_F00.png|approved_reuse/AREA_00/005_m_slime_슬라임/VFX/005_m_slime_s_mon_slime_F01.png|approved_reuse/AREA_00/005_m_slime_슬라임/VFX/005_m_slime_s_mon_slime_F02.png|approved_reuse/AREA_00/005_m_slime_슬라임/VFX/005_m_slime_s_mon_slime_F03.png|approved_reuse/AREA_00/005_m_slime_슬라임/VFX/005_m_slime_s_mon_slime_F04.png|approved_reuse/AREA_00/005_m_slime_슬라임/VFX/005_m_slime_s_mon_slime_F05.png|approved_reuse/AREA_00/005_m_slime_슬라임/VFX/005_m_slime_s_mon_slime_F06.png|approved_reuse/AREA_00/005_m_slime_슬라임/VFX/005_m_slime_s_mon_slime_F07.png,approved existing layer_ruids,8|256x256 RGBA|0.1|0.8|approved existing,true,SkillEffect applies FlipX for directional attacks; delayed layer samples caster position at SpawnLayer execution; map entity then applies drift,"normalized (0.5,0.5); no autocrop/recenter",AREA00 approved mapping unchanged,n/a,n/a,n/a,SkillTable layer/effect fields; SkillEffect.PlayCast/SpawnLayer,none
area_03,m_slime,s_mon_slime,PROJECTILE,false,none,,NO_RUNTIME_ROLE,false,false,none,none,0|n/a|n/a|n/a|n/a,false,n/a,"normalized (0.5,0.5); no autocrop/recenter",n/a,n/a,n/a,n/a,SkillTable visual fields + PlayerAttack/MonsterAttack/SkillEffect code,none
area_03,m_slime,s_mon_slime,HIT_VFX,false,none,,NO_RUNTIME_ROLE,false,false,none,none,0|n/a|n/a|n/a|n/a,false,n/a,"normalized (0.5,0.5); no autocrop/recenter",n/a,n/a,n/a,n/a,PlayerAttack.ResolveThrowHit; MonsterAttack.ResolveThrowHit; SkillEffect has no hit asset argument,none; no dedicated hit/impact visual field or Spawn call in current common projectile path
area_03,m_slime,s_mon_slime,PERSISTENT_BUFF_VFX,false,none,,NO_RUNTIME_ROLE,false,false,none,none,0|n/a|n/a|n/a|n/a,false,n/a,"normalized (0.5,0.5); no autocrop/recenter",n/a,n/a,n/a,n/a,MonsterAttack defense branch + SkillEffect.PlayCast; no persistent visual entity field,none; defense mechanics may persist but current visual is one-shot CAST only
area_03,m_slime,s_mon_slime,REFERENCE_VFX,false,none,,NO_RUNTIME_ROLE,false,false,none,none,0|n/a|n/a|n/a|n/a,false,n/a,"normalized (0.5,0.5); no autocrop/recenter",n/a,n/a,n/a,n/a,SkillTable visual fields + PlayerAttack/MonsterAttack/SkillEffect code,none
area_03,m_dark_stump,s_mon_dark_stump,ICON,true,icon_ruid,8061aa7a332b4e7ba783b3cd582ebb4b,NEW_ART,true,false,ICON/002_m_dark_stump_s_mon_dark_stump_ICON.png,icon_ruid,1|256x256 RGBA|static|static|static,ui,none,"normalized (0.5,0.5); no autocrop/recenter",n/a,n/a,n/a,n/a,SkillTable.icon_ruid,none
area_03,m_dark_stump,s_mon_dark_stump,CAST_VFX,true,layer_ruids,"L1:a77ea54c400e4b56a44ed05091a0ae53 animationclip/clip delay=0s duration=0.75s scale=0.7 offset=(0,0)wu drift=(0,0)wu/s; L2:566b0886b4cf4f3997a29ecd3a1954b5 animationclip/clip delay=0.1s duration=0.75s scale=0.55 offset=(0,0)wu drift=(0,0)wu/s",NEW_ART,true,false,CAST/002_m_dark_stump_s_mon_dark_stump_CAST_F00.png..._CAST_F07.png,layer_ruids,8|256x256 RGBA|0.10|0.8|non-loop one-shot,true,SkillEffect applies FlipX for directional attacks; delayed layer samples caster position at SpawnLayer execution; map entity then applies drift,"normalized (0.5,0.5); no autocrop/recenter",COMPOSITE_BAKED_ONE_CLIP: preserve L1..Ln relative delay/offset/drift rhythm inside one accepted local-canvas clip; final layer metadata becomes one primary layer after approval,n/a,n/a,n/a,SkillTable layer/effect fields; SkillEffect.PlayCast/SpawnLayer,none
area_03,m_dark_stump,s_mon_dark_stump,PROJECTILE,false,none,,NO_RUNTIME_ROLE,false,false,none,none,0|n/a|n/a|n/a|n/a,false,n/a,"normalized (0.5,0.5); no autocrop/recenter",n/a,n/a,n/a,n/a,SkillTable visual fields + PlayerAttack/MonsterAttack/SkillEffect code,none
area_03,m_dark_stump,s_mon_dark_stump,HIT_VFX,false,none,,NO_RUNTIME_ROLE,false,false,none,none,0|n/a|n/a|n/a|n/a,false,n/a,"normalized (0.5,0.5); no autocrop/recenter",n/a,n/a,n/a,n/a,PlayerAttack.ResolveThrowHit; MonsterAttack.ResolveThrowHit; SkillEffect has no hit asset argument,none; no dedicated hit/impact visual field or Spawn call in current common projectile path
area_03,m_dark_stump,s_mon_dark_stump,PERSISTENT_BUFF_VFX,false,none,,NO_RUNTIME_ROLE,false,false,none,none,0|n/a|n/a|n/a|n/a,false,n/a,"normalized (0.5,0.5); no autocrop/recenter",n/a,n/a,n/a,n/a,MonsterAttack defense branch + SkillEffect.PlayCast; no persistent visual entity field,none; defense mechanics may persist but current visual is one-shot CAST only
area_03,m_dark_stump,s_mon_dark_stump,REFERENCE_VFX,false,none,,NO_RUNTIME_ROLE,false,false,none,none,0|n/a|n/a|n/a|n/a,false,n/a,"normalized (0.5,0.5); no autocrop/recenter",n/a,n/a,n/a,n/a,SkillTable visual fields + PlayerAttack/MonsterAttack/SkillEffect code,none
area_03,m_bubbling,s_mon_bubbling,ICON,true,icon_ruid,572a7a12dcb449bcb0582fc2ccf5be07,NEW_ART,true,false,ICON/003_m_bubbling_s_mon_bubbling_ICON.png,icon_ruid,1|256x256 RGBA|static|static|static,ui,none,"normalized (0.5,0.5); no autocrop/recenter",n/a,n/a,n/a,n/a,SkillTable.icon_ruid,none
area_03,m_bubbling,s_mon_bubbling,CAST_VFX,false,none,,NO_RUNTIME_ROLE,false,false,none,none,0|n/a|n/a|n/a|n/a,false,n/a,"normalized (0.5,0.5); no autocrop/recenter",n/a,n/a,n/a,n/a,SkillTable visual fields + PlayerAttack/MonsterAttack/SkillEffect code,none
area_03,m_bubbling,s_mon_bubbling,PROJECTILE,false,none,,NO_RUNTIME_ROLE,false,false,none,none,0|n/a|n/a|n/a|n/a,false,n/a,"normalized (0.5,0.5); no autocrop/recenter",n/a,n/a,n/a,n/a,SkillTable visual fields + PlayerAttack/MonsterAttack/SkillEffect code,none
area_03,m_bubbling,s_mon_bubbling,HIT_VFX,false,none,,NO_RUNTIME_ROLE,false,false,none,none,0|n/a|n/a|n/a|n/a,false,n/a,"normalized (0.5,0.5); no autocrop/recenter",n/a,n/a,n/a,n/a,PlayerAttack.ResolveThrowHit; MonsterAttack.ResolveThrowHit; SkillEffect has no hit asset argument,none; no dedicated hit/impact visual field or Spawn call in current common projectile path
area_03,m_bubbling,s_mon_bubbling,PERSISTENT_BUFF_VFX,false,none,,NO_RUNTIME_ROLE,false,false,none,none,0|n/a|n/a|n/a|n/a,false,n/a,"normalized (0.5,0.5); no autocrop/recenter",n/a,n/a,n/a,n/a,MonsterAttack defense branch + SkillEffect.PlayCast; no persistent visual entity field,none; defense mechanics may persist but current visual is one-shot CAST only
area_03,m_bubbling,s_mon_bubbling,REFERENCE_VFX,input_reference_only,reference source; not runtime field,INPUT design reference,NEW_ART,true,false,REFERENCE/003_m_bubbling_s_mon_bubbling_REFERENCE_F00.png..._REFERENCE_F05.png,none,6|256x256 RGBA|0.10|0.6000000000000001|preview-only non-loop,false,preview only; no engine motion/FlipX contract,"normalized (0.5,0.5); no autocrop/recenter",preview/reference only; never auto-import as CAST,n/a,n/a,n/a,passive execution has no PlayCast; V2.2 REFERENCE_VFX scope,none
area_03,m_fairy,s_mon_fairy,ICON,true,icon_ruid,5f5ebe88b8f2426195c793b3440012e4,NEW_ART,true,false,ICON/004_m_fairy_s_mon_fairy_ICON.png,icon_ruid,1|256x256 RGBA|static|static|static,ui,none,"normalized (0.5,0.5); no autocrop/recenter",n/a,n/a,n/a,n/a,SkillTable.icon_ruid,none
area_03,m_fairy,s_mon_fairy,CAST_VFX,true,layer_ruids,"L1:9defa2b61ad94ae3bc50d707979770e6 animationclip/clip delay=0s duration=0.65s scale=0.42 offset=(-0.14,0.1)wu drift=(-0.12,0)wu/s; L2:9defa2b61ad94ae3bc50d707979770e6 animationclip/clip delay=0.12s duration=0.9s scale=0.7 offset=(0.14,0.15)wu drift=(0.12,0)wu/s",NEW_ART,true,false,CAST/004_m_fairy_s_mon_fairy_CAST_F00.png..._CAST_F07.png,layer_ruids,8|384x384 RGBA|0.10|0.8|non-loop one-shot,true,SkillEffect applies FlipX for directional attacks; delayed layer samples caster position at SpawnLayer execution; map entity then applies drift,"normalized (0.5,0.5); no autocrop/recenter",COMPOSITE_BAKED_ONE_CLIP: preserve L1..Ln relative delay/offset/drift rhythm inside one accepted local-canvas clip; final layer metadata becomes one primary layer after approval,n/a,n/a,n/a,SkillTable layer/effect fields; SkillEffect.PlayCast/SpawnLayer,none
area_03,m_fairy,s_mon_fairy,PROJECTILE,false,none,,NO_RUNTIME_ROLE,false,false,none,none,0|n/a|n/a|n/a|n/a,false,n/a,"normalized (0.5,0.5); no autocrop/recenter",n/a,n/a,n/a,n/a,SkillTable visual fields + PlayerAttack/MonsterAttack/SkillEffect code,none
area_03,m_fairy,s_mon_fairy,HIT_VFX,false,none,,NO_RUNTIME_ROLE,false,false,none,none,0|n/a|n/a|n/a|n/a,false,n/a,"normalized (0.5,0.5); no autocrop/recenter",n/a,n/a,n/a,n/a,PlayerAttack.ResolveThrowHit; MonsterAttack.ResolveThrowHit; SkillEffect has no hit asset argument,none; no dedicated hit/impact visual field or Spawn call in current common projectile path
area_03,m_fairy,s_mon_fairy,PERSISTENT_BUFF_VFX,false,none,,NO_RUNTIME_ROLE,false,false,none,none,0|n/a|n/a|n/a|n/a,false,n/a,"normalized (0.5,0.5); no autocrop/recenter",n/a,n/a,n/a,n/a,MonsterAttack defense branch + SkillEffect.PlayCast; no persistent visual entity field,none; defense mechanics may persist but current visual is one-shot CAST only
area_03,m_fairy,s_mon_fairy,REFERENCE_VFX,false,none,,NO_RUNTIME_ROLE,false,false,none,none,0|n/a|n/a|n/a|n/a,false,n/a,"normalized (0.5,0.5); no autocrop/recenter",n/a,n/a,n/a,n/a,SkillTable visual fields + PlayerAttack/MonsterAttack/SkillEffect code,none
area_03,m_faust,s_mon_faust,ICON,true,icon_ruid,c07ed26000af460a8438a3486e16f3ec,NEW_ART,true,false,ICON/005_m_faust_s_mon_faust_ICON.png,icon_ruid,1|256x256 RGBA|static|static|static,ui,none,"normalized (0.5,0.5); no autocrop/recenter",n/a,4,0.8,0.35,SkillTable.icon_ruid,none
area_03,m_faust,s_mon_faust,CAST_VFX,true,layer_ruids,"L1:22444db0645d47f48f300f36b3d90e4b animationclip/clip delay=0s duration=0.9s scale=0.55 offset=(0,0.1)wu drift=(0,0)wu/s; L2:9051254fb84a4a898f3d99a213a896ec animationclip/clip delay=0.18s duration=0.75s scale=0.7 offset=(0,0.05)wu drift=(0,0)wu/s",NEW_ART,true,false,CAST/005_m_faust_s_mon_faust_CAST_F00.png..._CAST_F11.png,layer_ruids,12|512x512 RGBA|0.08|0.96|non-loop one-shot,true,SkillEffect applies FlipX for directional attacks; delayed layer samples caster position at SpawnLayer execution; map entity then applies drift,"normalized (0.5,0.5); no autocrop/recenter",COMPOSITE_BAKED_ONE_CLIP: preserve L1..Ln relative delay/offset/drift rhythm inside one accepted local-canvas clip; final layer metadata becomes one primary layer after approval,4,0.8,0.35,SkillTable layer/effect fields; SkillEffect.PlayCast/SpawnLayer,none
area_03,m_faust,s_mon_faust,PROJECTILE,true,projectile_ruid,49b21aaa1d574ba787149841a31bf1a5,NEW_ART,true,false,PROJECTILE/005_m_faust_s_mon_faust_PROJECTILE_F00.png..._PROJECTILE_F03.png,projectile_ruid,4|512x512 RGBA|0.08|0.32|non-loop complete playback within 0.35s entity lifetime,true,art direction-neutral/local form only; engine translates caster+h to target+h and applies ZRotation; no PROJECTILE FlipX or travel-direction alignment,"normalized (0.5,0.5); no autocrop/recenter",independent from CAST; do not merge,4,0.8,0.35,SkillTable.projectile_ruid; SkillEffect.mlua:149-194; SkillProjectile.mlua:39-81; GameBalance projectile_seconds=0.35,import must author AnimationClip non-loop at 0.08s/frame; Maker runtime not run
area_03,m_faust,s_mon_faust,HIT_VFX,false,none,,NO_RUNTIME_ROLE,false,false,none,none,0|n/a|n/a|n/a|n/a,false,n/a,"normalized (0.5,0.5); no autocrop/recenter",n/a,4,0.8,0.35,PlayerAttack.ResolveThrowHit; MonsterAttack.ResolveThrowHit; SkillEffect has no hit asset argument,none; no dedicated hit/impact visual field or Spawn call in current common projectile path
area_03,m_faust,s_mon_faust,PERSISTENT_BUFF_VFX,false,none,,NO_RUNTIME_ROLE,false,false,none,none,0|n/a|n/a|n/a|n/a,false,n/a,"normalized (0.5,0.5); no autocrop/recenter",n/a,4,0.8,0.35,MonsterAttack defense branch + SkillEffect.PlayCast; no persistent visual entity field,none; defense mechanics may persist but current visual is one-shot CAST only
area_03,m_faust,s_mon_faust,REFERENCE_VFX,false,none,,NO_RUNTIME_ROLE,false,false,none,none,0|n/a|n/a|n/a|n/a,false,n/a,"normalized (0.5,0.5); no autocrop/recenter",n/a,4,0.8,0.35,SkillTable visual fields + PlayerAttack/MonsterAttack/SkillEffect code,none
area_04,m_octopus,s_mon_octopus,ICON,true,icon_ruid,0af9fd3ccfb540799043da5e580aebbd,NEW_ART,true,false,ICON/001_m_octopus_s_mon_octopus_ICON.png,icon_ruid,1|256x256 RGBA|static|static|static,ui,none,"normalized (0.5,0.5); no autocrop/recenter",n/a,n/a,n/a,n/a,SkillTable.icon_ruid,none
area_04,m_octopus,s_mon_octopus,CAST_VFX,true,layer_ruids,"L1:69656381a8e04edcbb8a2c8599567ab3 animationclip/clip delay=0s duration=0.6s scale=0.62 offset=(0,0.02)wu drift=(0,0)wu/s; L2:544b4092b87a41948b74e6645d530b88 animationclip/clip delay=0.1s duration=0.75s scale=0.72 offset=(0,0.05)wu drift=(0,0)wu/s",NEW_ART,true,false,CAST/001_m_octopus_s_mon_octopus_CAST_F00.png..._CAST_F07.png,layer_ruids,8|384x384 RGBA|0.10|0.8|non-loop one-shot,true,SkillEffect applies FlipX for directional attacks; delayed layer samples caster position at SpawnLayer execution; map entity then applies drift,"normalized (0.5,0.5); no autocrop/recenter",COMPOSITE_BAKED_ONE_CLIP: preserve L1..Ln relative delay/offset/drift rhythm inside one accepted local-canvas clip; final layer metadata becomes one primary layer after approval,n/a,n/a,n/a,SkillTable layer/effect fields; SkillEffect.PlayCast/SpawnLayer,none
area_04,m_octopus,s_mon_octopus,PROJECTILE,false,none,,NO_RUNTIME_ROLE,false,false,none,none,0|n/a|n/a|n/a|n/a,false,n/a,"normalized (0.5,0.5); no autocrop/recenter",n/a,n/a,n/a,n/a,SkillTable visual fields + PlayerAttack/MonsterAttack/SkillEffect code,none
area_04,m_octopus,s_mon_octopus,HIT_VFX,false,none,,NO_RUNTIME_ROLE,false,false,none,none,0|n/a|n/a|n/a|n/a,false,n/a,"normalized (0.5,0.5); no autocrop/recenter",n/a,n/a,n/a,n/a,PlayerAttack.ResolveThrowHit; MonsterAttack.ResolveThrowHit; SkillEffect has no hit asset argument,none; no dedicated hit/impact visual field or Spawn call in current common projectile path
area_04,m_octopus,s_mon_octopus,PERSISTENT_BUFF_VFX,false,none,,NO_RUNTIME_ROLE,false,false,none,none,0|n/a|n/a|n/a|n/a,false,n/a,"normalized (0.5,0.5); no autocrop/recenter",n/a,n/a,n/a,n/a,MonsterAttack defense branch + SkillEffect.PlayCast; no persistent visual entity field,none; defense mechanics may persist but current visual is one-shot CAST only
area_04,m_octopus,s_mon_octopus,REFERENCE_VFX,false,none,,NO_RUNTIME_ROLE,false,false,none,none,0|n/a|n/a|n/a|n/a,false,n/a,"normalized (0.5,0.5); no autocrop/recenter",n/a,n/a,n/a,n/a,SkillTable visual fields + PlayerAttack/MonsterAttack/SkillEffect code,none
area_04,m_stirge,s_mon_stirge,ICON,true,icon_ruid,dcfc97ad90e146d08a46225082ae590b,NEW_ART,true,false,ICON/002_m_stirge_s_mon_stirge_ICON.png,icon_ruid,1|256x256 RGBA|static|static|static,ui,none,"normalized (0.5,0.5); no autocrop/recenter",n/a,n/a,n/a,n/a,SkillTable.icon_ruid,none
area_04,m_stirge,s_mon_stirge,CAST_VFX,false,none,,NO_RUNTIME_ROLE,false,false,none,none,0|n/a|n/a|n/a|n/a,false,n/a,"normalized (0.5,0.5); no autocrop/recenter",n/a,n/a,n/a,n/a,SkillTable visual fields + PlayerAttack/MonsterAttack/SkillEffect code,none
area_04,m_stirge,s_mon_stirge,PROJECTILE,false,none,,NO_RUNTIME_ROLE,false,false,none,none,0|n/a|n/a|n/a|n/a,false,n/a,"normalized (0.5,0.5); no autocrop/recenter",n/a,n/a,n/a,n/a,SkillTable visual fields + PlayerAttack/MonsterAttack/SkillEffect code,none
area_04,m_stirge,s_mon_stirge,HIT_VFX,false,none,,NO_RUNTIME_ROLE,false,false,none,none,0|n/a|n/a|n/a|n/a,false,n/a,"normalized (0.5,0.5); no autocrop/recenter",n/a,n/a,n/a,n/a,PlayerAttack.ResolveThrowHit; MonsterAttack.ResolveThrowHit; SkillEffect has no hit asset argument,none; no dedicated hit/impact visual field or Spawn call in current common projectile path
area_04,m_stirge,s_mon_stirge,PERSISTENT_BUFF_VFX,false,none,,NO_RUNTIME_ROLE,false,false,none,none,0|n/a|n/a|n/a|n/a,false,n/a,"normalized (0.5,0.5); no autocrop/recenter",n/a,n/a,n/a,n/a,MonsterAttack defense branch + SkillEffect.PlayCast; no persistent visual entity field,none; defense mechanics may persist but current visual is one-shot CAST only
area_04,m_stirge,s_mon_stirge,REFERENCE_VFX,input_reference_only,reference source; not runtime field,INPUT design reference,NEW_ART,true,false,REFERENCE/002_m_stirge_s_mon_stirge_REFERENCE_F00.png..._REFERENCE_F05.png,none,6|256x256 RGBA|0.10|0.6000000000000001|preview-only non-loop,false,preview only; no engine motion/FlipX contract,"normalized (0.5,0.5); no autocrop/recenter",preview/reference only; never auto-import as CAST,n/a,n/a,n/a,passive execution has no PlayCast; V2.2 REFERENCE_VFX scope,none
area_04,m_jr_wraith,s_mon_jr_wraith,ICON,true,icon_ruid,c2b8ef247cb243268aae39b3d51f89e7,NEW_ART,true,false,ICON/003_m_jr_wraith_s_mon_jr_wraith_ICON.png,icon_ruid,1|256x256 RGBA|static|static|static,ui,none,"normalized (0.5,0.5); no autocrop/recenter",n/a,n/a,n/a,n/a,SkillTable.icon_ruid,none
area_04,m_jr_wraith,s_mon_jr_wraith,CAST_VFX,true,layer_ruids,"L1:c4f8dce4ee2745cda0f211514605261b animationclip/clip delay=0s duration=0.62s scale=0.6 offset=(0,0.08)wu drift=(0,0)wu/s; L2:01dbde634dd944e685b45727289bd9b8 animationclip/clip delay=0.12s duration=0.75s scale=0.75 offset=(0,0.05)wu drift=(0,0)wu/s",NEW_ART,true,false,CAST/003_m_jr_wraith_s_mon_jr_wraith_CAST_F00.png..._CAST_F07.png,layer_ruids,8|384x384 RGBA|0.10|0.8|non-loop one-shot,true,SkillEffect applies FlipX for directional attacks; delayed layer samples caster position at SpawnLayer execution; map entity then applies drift,"normalized (0.5,0.5); no autocrop/recenter",COMPOSITE_BAKED_ONE_CLIP: preserve L1..Ln relative delay/offset/drift rhythm inside one accepted local-canvas clip; final layer metadata becomes one primary layer after approval,n/a,n/a,n/a,SkillTable layer/effect fields; SkillEffect.PlayCast/SpawnLayer,none
area_04,m_jr_wraith,s_mon_jr_wraith,PROJECTILE,false,none,,NO_RUNTIME_ROLE,false,false,none,none,0|n/a|n/a|n/a|n/a,false,n/a,"normalized (0.5,0.5); no autocrop/recenter",n/a,n/a,n/a,n/a,SkillTable visual fields + PlayerAttack/MonsterAttack/SkillEffect code,none
area_04,m_jr_wraith,s_mon_jr_wraith,HIT_VFX,false,none,,NO_RUNTIME_ROLE,false,false,none,none,0|n/a|n/a|n/a|n/a,false,n/a,"normalized (0.5,0.5); no autocrop/recenter",n/a,n/a,n/a,n/a,PlayerAttack.ResolveThrowHit; MonsterAttack.ResolveThrowHit; SkillEffect has no hit asset argument,none; no dedicated hit/impact visual field or Spawn call in current common projectile path
area_04,m_jr_wraith,s_mon_jr_wraith,PERSISTENT_BUFF_VFX,false,none,,NO_RUNTIME_ROLE,false,false,none,none,0|n/a|n/a|n/a|n/a,false,n/a,"normalized (0.5,0.5); no autocrop/recenter",n/a,n/a,n/a,n/a,MonsterAttack defense branch + SkillEffect.PlayCast; no persistent visual entity field,none; defense mechanics may persist but current visual is one-shot CAST only
area_04,m_jr_wraith,s_mon_jr_wraith,REFERENCE_VFX,false,none,,NO_RUNTIME_ROLE,false,false,none,none,0|n/a|n/a|n/a|n/a,false,n/a,"normalized (0.5,0.5); no autocrop/recenter",n/a,n/a,n/a,n/a,SkillTable visual fields + PlayerAttack/MonsterAttack/SkillEffect code,none
area_04,m_wraith,s_mon_wraith,ICON,true,icon_ruid,71a82cb186bb41799e6dbb3a421cb474,NEW_ART,true,false,ICON/004_m_wraith_s_mon_wraith_ICON.png,icon_ruid,1|256x256 RGBA|static|static|static,ui,none,"normalized (0.5,0.5); no autocrop/recenter",n/a,n/a,n/a,n/a,SkillTable.icon_ruid,none
area_04,m_wraith,s_mon_wraith,CAST_VFX,false,none,,NO_RUNTIME_ROLE,false,false,none,none,0|n/a|n/a|n/a|n/a,false,n/a,"normalized (0.5,0.5); no autocrop/recenter",n/a,n/a,n/a,n/a,SkillTable visual fields + PlayerAttack/MonsterAttack/SkillEffect code,none
area_04,m_wraith,s_mon_wraith,PROJECTILE,false,none,,NO_RUNTIME_ROLE,false,false,none,none,0|n/a|n/a|n/a|n/a,false,n/a,"normalized (0.5,0.5); no autocrop/recenter",n/a,n/a,n/a,n/a,SkillTable visual fields + PlayerAttack/MonsterAttack/SkillEffect code,none
area_04,m_wraith,s_mon_wraith,HIT_VFX,false,none,,NO_RUNTIME_ROLE,false,false,none,none,0|n/a|n/a|n/a|n/a,false,n/a,"normalized (0.5,0.5); no autocrop/recenter",n/a,n/a,n/a,n/a,PlayerAttack.ResolveThrowHit; MonsterAttack.ResolveThrowHit; SkillEffect has no hit asset argument,none; no dedicated hit/impact visual field or Spawn call in current common projectile path
area_04,m_wraith,s_mon_wraith,PERSISTENT_BUFF_VFX,false,none,,NO_RUNTIME_ROLE,false,false,none,none,0|n/a|n/a|n/a|n/a,false,n/a,"normalized (0.5,0.5); no autocrop/recenter",n/a,n/a,n/a,n/a,MonsterAttack defense branch + SkillEffect.PlayCast; no persistent visual entity field,none; defense mechanics may persist but current visual is one-shot CAST only
area_04,m_wraith,s_mon_wraith,REFERENCE_VFX,input_reference_only,reference source; not runtime field,INPUT design reference,NEW_ART,true,false,REFERENCE/004_m_wraith_s_mon_wraith_REFERENCE_F00.png..._REFERENCE_F05.png,none,6|256x256 RGBA|0.10|0.6000000000000001|preview-only non-loop,false,preview only; no engine motion/FlipX contract,"normalized (0.5,0.5); no autocrop/recenter",preview/reference only; never auto-import as CAST,n/a,n/a,n/a,passive execution has no PlayCast; V2.2 REFERENCE_VFX scope,none
area_04,m_shade,s_mon_shade,ICON,true,icon_ruid,25f430af296748f39f48de4a6a6faea7,NEW_ART,true,false,ICON/005_m_shade_s_mon_shade_ICON.png,icon_ruid,1|256x256 RGBA|static|static|static,ui,none,"normalized (0.5,0.5); no autocrop/recenter",n/a,n/a,n/a,n/a,SkillTable.icon_ruid,none
area_04,m_shade,s_mon_shade,CAST_VFX,true,layer_ruids,"L1:c4f8dce4ee2745cda0f211514605261b animationclip/clip delay=0s duration=0.65s scale=1 offset=(0,0.08)wu drift=(0,0)wu/s; L2:544b4092b87a41948b74e6645d530b88 animationclip/clip delay=0.12s duration=0.8s scale=0.9 offset=(0,0.05)wu drift=(0,0)wu/s",NEW_ART,true,false,CAST/005_m_shade_s_mon_shade_CAST_F00.png..._CAST_F11.png,layer_ruids,12|512x512 RGBA|0.08|0.96|non-loop one-shot,true,SkillEffect applies FlipX for directional attacks; delayed layer samples caster position at SpawnLayer execution; map entity then applies drift,"normalized (0.5,0.5); no autocrop/recenter",COMPOSITE_BAKED_ONE_CLIP: preserve L1..Ln relative delay/offset/drift rhythm inside one accepted local-canvas clip; final layer metadata becomes one primary layer after approval,n/a,n/a,n/a,SkillTable layer/effect fields; SkillEffect.PlayCast/SpawnLayer,none
area_04,m_shade,s_mon_shade,PROJECTILE,false,none,,NO_RUNTIME_ROLE,false,false,none,none,0|n/a|n/a|n/a|n/a,false,n/a,"normalized (0.5,0.5); no autocrop/recenter",n/a,n/a,n/a,n/a,SkillTable visual fields + PlayerAttack/MonsterAttack/SkillEffect code,none
area_04,m_shade,s_mon_shade,HIT_VFX,false,none,,NO_RUNTIME_ROLE,false,false,none,none,0|n/a|n/a|n/a|n/a,false,n/a,"normalized (0.5,0.5); no autocrop/recenter",n/a,n/a,n/a,n/a,PlayerAttack.ResolveThrowHit; MonsterAttack.ResolveThrowHit; SkillEffect has no hit asset argument,none; no dedicated hit/impact visual field or Spawn call in current common projectile path
area_04,m_shade,s_mon_shade,PERSISTENT_BUFF_VFX,false,none,,NO_RUNTIME_ROLE,false,false,none,none,0|n/a|n/a|n/a|n/a,false,n/a,"normalized (0.5,0.5); no autocrop/recenter",n/a,n/a,n/a,n/a,MonsterAttack defense branch + SkillEffect.PlayCast; no persistent visual entity field,none; defense mechanics may persist but current visual is one-shot CAST only
area_04,m_shade,s_mon_shade,REFERENCE_VFX,false,none,,NO_RUNTIME_ROLE,false,false,none,none,0|n/a|n/a|n/a|n/a,false,n/a,"normalized (0.5,0.5); no autocrop/recenter",n/a,n/a,n/a,n/a,SkillTable visual fields + PlayerAttack/MonsterAttack/SkillEffect code,none
area_05,m_ribbon_pig,s_mon_ribbon_pig,ICON,true,icon_ruid,de5f2ecbd5ae4a7c9fe5c25f1ed9728a,NEW_ART,true,false,ICON/001_m_ribbon_pig_s_mon_ribbon_pig_ICON.png,icon_ruid,1|256x256 RGBA|static|static|static,ui,none,"normalized (0.5,0.5); no autocrop/recenter",n/a,n/a,n/a,n/a,SkillTable.icon_ruid,none
area_05,m_ribbon_pig,s_mon_ribbon_pig,CAST_VFX,true,layer_ruids,"L1:0207c85c05dd4c4eac12f9ee735d0545 animationclip/clip delay=0s duration=0.52s scale=0.55 offset=(-0.1,-0.05)wu drift=(0,0)wu/s; L2:057c2da13da2492c95cb92db424803db animationclip/clip delay=0.04s duration=0.65s scale=0.58 offset=(0.2,0)wu drift=(0.9,0)wu/s",NEW_ART,true,false,CAST/001_m_ribbon_pig_s_mon_ribbon_pig_CAST_F00.png..._CAST_F07.png,layer_ruids,8|384x384 RGBA|0.10|0.8|non-loop one-shot,true,SkillEffect applies FlipX for directional attacks; delayed layer samples caster position at SpawnLayer execution; map entity then applies drift,"normalized (0.5,0.5); no autocrop/recenter",COMPOSITE_BAKED_ONE_CLIP: preserve L1..Ln relative delay/offset/drift rhythm inside one accepted local-canvas clip; final layer metadata becomes one primary layer after approval,n/a,n/a,n/a,SkillTable layer/effect fields; SkillEffect.PlayCast/SpawnLayer,none
area_05,m_ribbon_pig,s_mon_ribbon_pig,PROJECTILE,false,none,,NO_RUNTIME_ROLE,false,false,none,none,0|n/a|n/a|n/a|n/a,false,n/a,"normalized (0.5,0.5); no autocrop/recenter",n/a,n/a,n/a,n/a,SkillTable visual fields + PlayerAttack/MonsterAttack/SkillEffect code,none
area_05,m_ribbon_pig,s_mon_ribbon_pig,HIT_VFX,false,none,,NO_RUNTIME_ROLE,false,false,none,none,0|n/a|n/a|n/a|n/a,false,n/a,"normalized (0.5,0.5); no autocrop/recenter",n/a,n/a,n/a,n/a,PlayerAttack.ResolveThrowHit; MonsterAttack.ResolveThrowHit; SkillEffect has no hit asset argument,none; no dedicated hit/impact visual field or Spawn call in current common projectile path
area_05,m_ribbon_pig,s_mon_ribbon_pig,PERSISTENT_BUFF_VFX,false,none,,NO_RUNTIME_ROLE,false,false,none,none,0|n/a|n/a|n/a|n/a,false,n/a,"normalized (0.5,0.5); no autocrop/recenter",n/a,n/a,n/a,n/a,MonsterAttack defense branch + SkillEffect.PlayCast; no persistent visual entity field,none; defense mechanics may persist but current visual is one-shot CAST only
area_05,m_ribbon_pig,s_mon_ribbon_pig,REFERENCE_VFX,false,none,,NO_RUNTIME_ROLE,false,false,none,none,0|n/a|n/a|n/a|n/a,false,n/a,"normalized (0.5,0.5); no autocrop/recenter",n/a,n/a,n/a,n/a,SkillTable visual fields + PlayerAttack/MonsterAttack/SkillEffect code,none
area_05,m_blue_pig,s_mon_blue_pig,ICON,true,icon_ruid,a04302b1969248d2a7de250f3cb654b5,NEW_ART,true,false,ICON/002_m_blue_pig_s_mon_blue_pig_ICON.png,icon_ruid,1|256x256 RGBA|static|static|static,ui,none,"normalized (0.5,0.5); no autocrop/recenter",n/a,n/a,n/a,n/a,SkillTable.icon_ruid,none
area_05,m_blue_pig,s_mon_blue_pig,CAST_VFX,false,none,,NO_RUNTIME_ROLE,false,false,none,none,0|n/a|n/a|n/a|n/a,false,n/a,"normalized (0.5,0.5); no autocrop/recenter",n/a,n/a,n/a,n/a,SkillTable visual fields + PlayerAttack/MonsterAttack/SkillEffect code,none
area_05,m_blue_pig,s_mon_blue_pig,PROJECTILE,false,none,,NO_RUNTIME_ROLE,false,false,none,none,0|n/a|n/a|n/a|n/a,false,n/a,"normalized (0.5,0.5); no autocrop/recenter",n/a,n/a,n/a,n/a,SkillTable visual fields + PlayerAttack/MonsterAttack/SkillEffect code,none
area_05,m_blue_pig,s_mon_blue_pig,HIT_VFX,false,none,,NO_RUNTIME_ROLE,false,false,none,none,0|n/a|n/a|n/a|n/a,false,n/a,"normalized (0.5,0.5); no autocrop/recenter",n/a,n/a,n/a,n/a,PlayerAttack.ResolveThrowHit; MonsterAttack.ResolveThrowHit; SkillEffect has no hit asset argument,none; no dedicated hit/impact visual field or Spawn call in current common projectile path
area_05,m_blue_pig,s_mon_blue_pig,PERSISTENT_BUFF_VFX,false,none,,NO_RUNTIME_ROLE,false,false,none,none,0|n/a|n/a|n/a|n/a,false,n/a,"normalized (0.5,0.5); no autocrop/recenter",n/a,n/a,n/a,n/a,MonsterAttack defense branch + SkillEffect.PlayCast; no persistent visual entity field,none; defense mechanics may persist but current visual is one-shot CAST only
area_05,m_blue_pig,s_mon_blue_pig,REFERENCE_VFX,input_reference_only,reference source; not runtime field,INPUT design reference,NEW_ART,true,false,REFERENCE/002_m_blue_pig_s_mon_blue_pig_REFERENCE_F00.png..._REFERENCE_F05.png,none,6|256x256 RGBA|0.10|0.6000000000000001|preview-only non-loop,false,preview only; no engine motion/FlipX contract,"normalized (0.5,0.5); no autocrop/recenter",preview/reference only; never auto-import as CAST,n/a,n/a,n/a,passive execution has no PlayCast; V2.2 REFERENCE_VFX scope,none
area_05,m_starfish,s_mon_starfish,ICON,true,icon_ruid,c65619c9037a4018a344e1625fe2a753,NEW_ART,true,false,ICON/003_m_starfish_s_mon_starfish_ICON.png,icon_ruid,1|256x256 RGBA|static|static|static,ui,none,"normalized (0.5,0.5); no autocrop/recenter",n/a,n/a,n/a,n/a,SkillTable.icon_ruid,none
area_05,m_starfish,s_mon_starfish,CAST_VFX,true,layer_ruids,"L1:69656381a8e04edcbb8a2c8599567ab3 animationclip/clip delay=0s duration=0.55s scale=0.55 offset=(0,0)wu drift=(0,0)wu/s; L2:2c12c1e835a04c2a9ec1c5724846a7b6 animationclip/clip delay=0.06s duration=0.68s scale=0.72 offset=(0,0)wu drift=(0,0)wu/s",NEW_ART,true,false,CAST/003_m_starfish_s_mon_starfish_CAST_F00.png..._CAST_F07.png,layer_ruids,8|384x384 RGBA|0.10|0.8|non-loop one-shot,true,SkillEffect applies FlipX for directional attacks; delayed layer samples caster position at SpawnLayer execution; map entity then applies drift,"normalized (0.5,0.5); no autocrop/recenter",COMPOSITE_BAKED_ONE_CLIP: preserve L1..Ln relative delay/offset/drift rhythm inside one accepted local-canvas clip; final layer metadata becomes one primary layer after approval,n/a,n/a,n/a,SkillTable layer/effect fields; SkillEffect.PlayCast/SpawnLayer,none
area_05,m_starfish,s_mon_starfish,PROJECTILE,false,none,,NO_RUNTIME_ROLE,false,false,none,none,0|n/a|n/a|n/a|n/a,false,n/a,"normalized (0.5,0.5); no autocrop/recenter",n/a,n/a,n/a,n/a,SkillTable visual fields + PlayerAttack/MonsterAttack/SkillEffect code,none
area_05,m_starfish,s_mon_starfish,HIT_VFX,false,none,,NO_RUNTIME_ROLE,false,false,none,none,0|n/a|n/a|n/a|n/a,false,n/a,"normalized (0.5,0.5); no autocrop/recenter",n/a,n/a,n/a,n/a,PlayerAttack.ResolveThrowHit; MonsterAttack.ResolveThrowHit; SkillEffect has no hit asset argument,none; no dedicated hit/impact visual field or Spawn call in current common projectile path
area_05,m_starfish,s_mon_starfish,PERSISTENT_BUFF_VFX,false,none,,NO_RUNTIME_ROLE,false,false,none,none,0|n/a|n/a|n/a|n/a,false,n/a,"normalized (0.5,0.5); no autocrop/recenter",n/a,n/a,n/a,n/a,MonsterAttack defense branch + SkillEffect.PlayCast; no persistent visual entity field,none; defense mechanics may persist but current visual is one-shot CAST only
area_05,m_starfish,s_mon_starfish,REFERENCE_VFX,false,none,,NO_RUNTIME_ROLE,false,false,none,none,0|n/a|n/a|n/a|n/a,false,n/a,"normalized (0.5,0.5); no autocrop/recenter",n/a,n/a,n/a,n/a,SkillTable visual fields + PlayerAttack/MonsterAttack/SkillEffect code,none
area_05,m_jellyfish,s_mon_jellyfish,ICON,true,icon_ruid,2403c0085abe432b8120278f1c82442c,NEW_ART,true,false,ICON/004_m_jellyfish_s_mon_jellyfish_ICON.png,icon_ruid,1|256x256 RGBA|static|static|static,ui,none,"normalized (0.5,0.5); no autocrop/recenter",n/a,n/a,n/a,n/a,SkillTable.icon_ruid,none
area_05,m_jellyfish,s_mon_jellyfish,CAST_VFX,false,none,,NO_RUNTIME_ROLE,false,false,none,none,0|n/a|n/a|n/a|n/a,false,n/a,"normalized (0.5,0.5); no autocrop/recenter",n/a,n/a,n/a,n/a,SkillTable visual fields + PlayerAttack/MonsterAttack/SkillEffect code,none
area_05,m_jellyfish,s_mon_jellyfish,PROJECTILE,false,none,,NO_RUNTIME_ROLE,false,false,none,none,0|n/a|n/a|n/a|n/a,false,n/a,"normalized (0.5,0.5); no autocrop/recenter",n/a,n/a,n/a,n/a,SkillTable visual fields + PlayerAttack/MonsterAttack/SkillEffect code,none
area_05,m_jellyfish,s_mon_jellyfish,HIT_VFX,false,none,,NO_RUNTIME_ROLE,false,false,none,none,0|n/a|n/a|n/a|n/a,false,n/a,"normalized (0.5,0.5); no autocrop/recenter",n/a,n/a,n/a,n/a,PlayerAttack.ResolveThrowHit; MonsterAttack.ResolveThrowHit; SkillEffect has no hit asset argument,none; no dedicated hit/impact visual field or Spawn call in current common projectile path
area_05,m_jellyfish,s_mon_jellyfish,PERSISTENT_BUFF_VFX,false,none,,NO_RUNTIME_ROLE,false,false,none,none,0|n/a|n/a|n/a|n/a,false,n/a,"normalized (0.5,0.5); no autocrop/recenter",n/a,n/a,n/a,n/a,MonsterAttack defense branch + SkillEffect.PlayCast; no persistent visual entity field,none; defense mechanics may persist but current visual is one-shot CAST only
area_05,m_jellyfish,s_mon_jellyfish,REFERENCE_VFX,input_reference_only,reference source; not runtime field,INPUT design reference,NEW_ART,true,false,REFERENCE/004_m_jellyfish_s_mon_jellyfish_REFERENCE_F00.png..._REFERENCE_F05.png,none,6|256x256 RGBA|0.10|0.6000000000000001|preview-only non-loop,false,preview only; no engine motion/FlipX contract,"normalized (0.5,0.5); no autocrop/recenter",preview/reference only; never auto-import as CAST,n/a,n/a,n/a,passive execution has no PlayCast; V2.2 REFERENCE_VFX scope,none
area_05,m_king_clang,s_mon_king_clang,ICON,true,icon_ruid,thumbnail://cddcc91429d24abbb0c071135ace8b39,NEW_ART,true,false,ICON/005_m_king_clang_s_mon_king_clang_ICON.png,icon_ruid,1|256x256 RGBA|static|static|static,ui,none,"normalized (0.5,0.5); no autocrop/recenter",n/a,n/a,n/a,n/a,SkillTable.icon_ruid,none
area_05,m_king_clang,s_mon_king_clang,CAST_VFX,true,layer_ruids,"L1:c57b15ccc8dd408b98c627617144d3cd animationclip/clip delay=0s duration=0.64s scale=1.0 offset=(0,0)wu drift=(0,0)wu/s; L2:8394705c13394b78a8b9a38e1313cb22 animationclip/clip delay=0.16s duration=0.78s scale=1.3 offset=(0,0)wu drift=(0,0)wu/s",NEW_ART,true,false,CAST/005_m_king_clang_s_mon_king_clang_CAST_F00.png..._CAST_F11.png,layer_ruids,12|512x512 RGBA|0.08|0.96|non-loop one-shot,true,SkillEffect applies FlipX for directional attacks; delayed layer samples caster position at SpawnLayer execution; map entity then applies drift,"normalized (0.5,0.5); no autocrop/recenter",COMPOSITE_BAKED_ONE_CLIP: preserve L1..Ln relative delay/offset/drift rhythm inside one accepted local-canvas clip; final layer metadata becomes one primary layer after approval,n/a,n/a,n/a,SkillTable layer/effect fields; SkillEffect.PlayCast/SpawnLayer,none
area_05,m_king_clang,s_mon_king_clang,PROJECTILE,false,none,,NO_RUNTIME_ROLE,false,false,none,none,0|n/a|n/a|n/a|n/a,false,n/a,"normalized (0.5,0.5); no autocrop/recenter",n/a,n/a,n/a,n/a,SkillTable visual fields + PlayerAttack/MonsterAttack/SkillEffect code,none
area_05,m_king_clang,s_mon_king_clang,HIT_VFX,false,none,,NO_RUNTIME_ROLE,false,false,none,none,0|n/a|n/a|n/a|n/a,false,n/a,"normalized (0.5,0.5); no autocrop/recenter",n/a,n/a,n/a,n/a,PlayerAttack.ResolveThrowHit; MonsterAttack.ResolveThrowHit; SkillEffect has no hit asset argument,none; no dedicated hit/impact visual field or Spawn call in current common projectile path
area_05,m_king_clang,s_mon_king_clang,PERSISTENT_BUFF_VFX,false,none,,NO_RUNTIME_ROLE,false,false,none,none,0|n/a|n/a|n/a|n/a,false,n/a,"normalized (0.5,0.5); no autocrop/recenter",n/a,n/a,n/a,n/a,MonsterAttack defense branch + SkillEffect.PlayCast; no persistent visual entity field,none; defense mechanics may persist but current visual is one-shot CAST only
area_05,m_king_clang,s_mon_king_clang,REFERENCE_VFX,false,none,,NO_RUNTIME_ROLE,false,false,none,none,0|n/a|n/a|n/a|n/a,false,n/a,"normalized (0.5,0.5); no autocrop/recenter",n/a,n/a,n/a,n/a,SkillTable visual fields + PlayerAttack/MonsterAttack/SkillEffect code,none
area_07,m_zombie_mushroom,s_mon_zombie_mushroom,ICON,true,icon_ruid,thumbnail://3ee3fc0f4d2e443cbb9ec424dd2c012f,NEW_ART,true,false,ICON/001_m_zombie_mushroom_s_mon_zombie_mushroom_ICON.png,icon_ruid,1|256x256 RGBA|static|static|static,ui,none,"normalized (0.5,0.5); no autocrop/recenter",n/a,n/a,n/a,n/a,SkillTable.icon_ruid,none
area_07,m_zombie_mushroom,s_mon_zombie_mushroom,CAST_VFX,false,none,,NO_RUNTIME_ROLE,false,false,none,none,0|n/a|n/a|n/a|n/a,false,n/a,"normalized (0.5,0.5); no autocrop/recenter",n/a,n/a,n/a,n/a,SkillTable visual fields + PlayerAttack/MonsterAttack/SkillEffect code,none
area_07,m_zombie_mushroom,s_mon_zombie_mushroom,PROJECTILE,false,none,,NO_RUNTIME_ROLE,false,false,none,none,0|n/a|n/a|n/a|n/a,false,n/a,"normalized (0.5,0.5); no autocrop/recenter",n/a,n/a,n/a,n/a,SkillTable visual fields + PlayerAttack/MonsterAttack/SkillEffect code,none
area_07,m_zombie_mushroom,s_mon_zombie_mushroom,HIT_VFX,false,none,,NO_RUNTIME_ROLE,false,false,none,none,0|n/a|n/a|n/a|n/a,false,n/a,"normalized (0.5,0.5); no autocrop/recenter",n/a,n/a,n/a,n/a,PlayerAttack.ResolveThrowHit; MonsterAttack.ResolveThrowHit; SkillEffect has no hit asset argument,none; no dedicated hit/impact visual field or Spawn call in current common projectile path
area_07,m_zombie_mushroom,s_mon_zombie_mushroom,PERSISTENT_BUFF_VFX,false,none,,NO_RUNTIME_ROLE,false,false,none,none,0|n/a|n/a|n/a|n/a,false,n/a,"normalized (0.5,0.5); no autocrop/recenter",n/a,n/a,n/a,n/a,MonsterAttack defense branch + SkillEffect.PlayCast; no persistent visual entity field,none; defense mechanics may persist but current visual is one-shot CAST only
area_07,m_zombie_mushroom,s_mon_zombie_mushroom,REFERENCE_VFX,input_reference_only,reference source; not runtime field,INPUT design reference,NEW_ART,true,false,REFERENCE/001_m_zombie_mushroom_s_mon_zombie_mushroom_REFERENCE_F00.png..._REFERENCE_F05.png,none,6|256x256 RGBA|0.10|0.6000000000000001|preview-only non-loop,false,preview only; no engine motion/FlipX contract,"normalized (0.5,0.5); no autocrop/recenter",preview/reference only; never auto-import as CAST,n/a,n/a,n/a,passive execution has no PlayCast; V2.2 REFERENCE_VFX scope,none
area_07,m_copper_drake,s_mon_copper_drake,ICON,true,icon_ruid,thumbnail://da160cd4b78c479ab8dfaa225b2dcd47,NEW_ART,true,false,ICON/002_m_copper_drake_s_mon_copper_drake_ICON.png,icon_ruid,1|256x256 RGBA|static|static|static,ui,none,"normalized (0.5,0.5); no autocrop/recenter",n/a,n/a,n/a,n/a,SkillTable.icon_ruid,none
area_07,m_copper_drake,s_mon_copper_drake,CAST_VFX,false,none,,NO_RUNTIME_ROLE,false,false,none,none,0|n/a|n/a|n/a|n/a,false,n/a,"normalized (0.5,0.5); no autocrop/recenter",n/a,n/a,n/a,n/a,SkillTable visual fields + PlayerAttack/MonsterAttack/SkillEffect code,none
area_07,m_copper_drake,s_mon_copper_drake,PROJECTILE,false,none,,NO_RUNTIME_ROLE,false,false,none,none,0|n/a|n/a|n/a|n/a,false,n/a,"normalized (0.5,0.5); no autocrop/recenter",n/a,n/a,n/a,n/a,SkillTable visual fields + PlayerAttack/MonsterAttack/SkillEffect code,none
area_07,m_copper_drake,s_mon_copper_drake,HIT_VFX,false,none,,NO_RUNTIME_ROLE,false,false,none,none,0|n/a|n/a|n/a|n/a,false,n/a,"normalized (0.5,0.5); no autocrop/recenter",n/a,n/a,n/a,n/a,PlayerAttack.ResolveThrowHit; MonsterAttack.ResolveThrowHit; SkillEffect has no hit asset argument,none; no dedicated hit/impact visual field or Spawn call in current common projectile path
area_07,m_copper_drake,s_mon_copper_drake,PERSISTENT_BUFF_VFX,false,none,,NO_RUNTIME_ROLE,false,false,none,none,0|n/a|n/a|n/a|n/a,false,n/a,"normalized (0.5,0.5); no autocrop/recenter",n/a,n/a,n/a,n/a,MonsterAttack defense branch + SkillEffect.PlayCast; no persistent visual entity field,none; defense mechanics may persist but current visual is one-shot CAST only
area_07,m_copper_drake,s_mon_copper_drake,REFERENCE_VFX,input_reference_only,reference source; not runtime field,INPUT design reference,NEW_ART,true,false,REFERENCE/002_m_copper_drake_s_mon_copper_drake_REFERENCE_F00.png..._REFERENCE_F05.png,none,6|256x256 RGBA|0.10|0.6000000000000001|preview-only non-loop,false,preview only; no engine motion/FlipX contract,"normalized (0.5,0.5); no autocrop/recenter",preview/reference only; never auto-import as CAST,n/a,n/a,n/a,passive execution has no PlayCast; V2.2 REFERENCE_VFX scope,none
area_07,m_drake,s_mon_drake,ICON,true,icon_ruid,thumbnail://f8cfac4e30394735861603f6bfcb1932,NEW_ART,true,false,ICON/003_m_drake_s_mon_drake_ICON.png,icon_ruid,1|256x256 RGBA|static|static|static,ui,none,"normalized (0.5,0.5); no autocrop/recenter",n/a,n/a,n/a,n/a,SkillTable.icon_ruid,none
area_07,m_drake,s_mon_drake,CAST_VFX,true,layer_ruids,"L1:5638984319fd476ca3d89e2aaca7f32a animationclip/clip delay=0s duration=0.65s scale=0.8 offset=(0,0)wu drift=(0,0)wu/s; L2:a610b14bbc55477cbc78777a5a2e7ed1 animationclip/clip delay=0.12s duration=0.78s scale=0.95 offset=(0,0)wu drift=(0,0)wu/s",NEW_ART,true,false,CAST/003_m_drake_s_mon_drake_CAST_F00.png..._CAST_F07.png,layer_ruids,8|384x384 RGBA|0.10|0.8|non-loop one-shot,true,SkillEffect applies FlipX for directional attacks; delayed layer samples caster position at SpawnLayer execution; map entity then applies drift,"normalized (0.5,0.5); no autocrop/recenter",COMPOSITE_BAKED_ONE_CLIP: preserve L1..Ln relative delay/offset/drift rhythm inside one accepted local-canvas clip; final layer metadata becomes one primary layer after approval,n/a,n/a,n/a,SkillTable layer/effect fields; SkillEffect.PlayCast/SpawnLayer,none
area_07,m_drake,s_mon_drake,PROJECTILE,false,none,,NO_RUNTIME_ROLE,false,false,none,none,0|n/a|n/a|n/a|n/a,false,n/a,"normalized (0.5,0.5); no autocrop/recenter",n/a,n/a,n/a,n/a,SkillTable visual fields + PlayerAttack/MonsterAttack/SkillEffect code,none
area_07,m_drake,s_mon_drake,HIT_VFX,false,none,,NO_RUNTIME_ROLE,false,false,none,none,0|n/a|n/a|n/a|n/a,false,n/a,"normalized (0.5,0.5); no autocrop/recenter",n/a,n/a,n/a,n/a,PlayerAttack.ResolveThrowHit; MonsterAttack.ResolveThrowHit; SkillEffect has no hit asset argument,none; no dedicated hit/impact visual field or Spawn call in current common projectile path
area_07,m_drake,s_mon_drake,PERSISTENT_BUFF_VFX,false,none,,NO_RUNTIME_ROLE,false,false,none,none,0|n/a|n/a|n/a|n/a,false,n/a,"normalized (0.5,0.5); no autocrop/recenter",n/a,n/a,n/a,n/a,MonsterAttack defense branch + SkillEffect.PlayCast; no persistent visual entity field,none; defense mechanics may persist but current visual is one-shot CAST only
area_07,m_drake,s_mon_drake,REFERENCE_VFX,false,none,,NO_RUNTIME_ROLE,false,false,none,none,0|n/a|n/a|n/a|n/a,false,n/a,"normalized (0.5,0.5); no autocrop/recenter",n/a,n/a,n/a,n/a,SkillTable visual fields + PlayerAttack/MonsterAttack/SkillEffect code,none
area_07,m_wild_kargo,s_mon_wild_kargo,ICON,true,icon_ruid,thumbnail://7d1c1d17eff44687b35ca0d5108084dc,NEW_ART,true,false,ICON/004_m_wild_kargo_s_mon_wild_kargo_ICON.png,icon_ruid,1|256x256 RGBA|static|static|static,ui,none,"normalized (0.5,0.5); no autocrop/recenter",n/a,n/a,n/a,n/a,SkillTable.icon_ruid,none
area_07,m_wild_kargo,s_mon_wild_kargo,CAST_VFX,true,layer_ruids,"L1:0207c85c05dd4c4eac12f9ee735d0545 animationclip/clip delay=0s duration=0.52s scale=0.65 offset=(0,0)wu drift=(1.0,0)wu/s; L2:057c2da13da2492c95cb92db424803db animationclip/clip delay=0.04s duration=0.65s scale=0.72 offset=(0,0)wu drift=(0,0)wu/s",NEW_ART,true,false,CAST/004_m_wild_kargo_s_mon_wild_kargo_CAST_F00.png..._CAST_F07.png,layer_ruids,8|384x384 RGBA|0.10|0.8|non-loop one-shot,true,SkillEffect applies FlipX for directional attacks; delayed layer samples caster position at SpawnLayer execution; map entity then applies drift,"normalized (0.5,0.5); no autocrop/recenter",COMPOSITE_BAKED_ONE_CLIP: preserve L1..Ln relative delay/offset/drift rhythm inside one accepted local-canvas clip; final layer metadata becomes one primary layer after approval,n/a,n/a,n/a,SkillTable layer/effect fields; SkillEffect.PlayCast/SpawnLayer,none
area_07,m_wild_kargo,s_mon_wild_kargo,PROJECTILE,false,none,,NO_RUNTIME_ROLE,false,false,none,none,0|n/a|n/a|n/a|n/a,false,n/a,"normalized (0.5,0.5); no autocrop/recenter",n/a,n/a,n/a,n/a,SkillTable visual fields + PlayerAttack/MonsterAttack/SkillEffect code,none
area_07,m_wild_kargo,s_mon_wild_kargo,HIT_VFX,false,none,,NO_RUNTIME_ROLE,false,false,none,none,0|n/a|n/a|n/a|n/a,false,n/a,"normalized (0.5,0.5); no autocrop/recenter",n/a,n/a,n/a,n/a,PlayerAttack.ResolveThrowHit; MonsterAttack.ResolveThrowHit; SkillEffect has no hit asset argument,none; no dedicated hit/impact visual field or Spawn call in current common projectile path
area_07,m_wild_kargo,s_mon_wild_kargo,PERSISTENT_BUFF_VFX,false,none,,NO_RUNTIME_ROLE,false,false,none,none,0|n/a|n/a|n/a|n/a,false,n/a,"normalized (0.5,0.5); no autocrop/recenter",n/a,n/a,n/a,n/a,MonsterAttack defense branch + SkillEffect.PlayCast; no persistent visual entity field,none; defense mechanics may persist but current visual is one-shot CAST only
area_07,m_wild_kargo,s_mon_wild_kargo,REFERENCE_VFX,false,none,,NO_RUNTIME_ROLE,false,false,none,none,0|n/a|n/a|n/a|n/a,false,n/a,"normalized (0.5,0.5); no autocrop/recenter",n/a,n/a,n/a,n/a,SkillTable visual fields + PlayerAttack/MonsterAttack/SkillEffect code,none
area_07,m_jr_balrog,s_mon_jr_balrog,ICON,true,icon_ruid,e5591a8f17a84f7d966499a0048cf15a,NEW_ART,true,false,ICON/005_m_jr_balrog_s_mon_jr_balrog_ICON.png,icon_ruid,1|256x256 RGBA|static|static|static,ui,none,"normalized (0.5,0.5); no autocrop/recenter",n/a,n/a,n/a,n/a,SkillTable.icon_ruid,none
area_07,m_jr_balrog,s_mon_jr_balrog,CAST_VFX,true,layer_ruids,"L1:5638984319fd476ca3d89e2aaca7f32a animationclip/clip delay=0s duration=0.85s scale=1 offset=(0,0)wu drift=(0,0)wu/s; L2:a610b14bbc55477cbc78777a5a2e7ed1 animationclip/clip delay=0.15s duration=0.7s scale=1.15 offset=(0,0)wu drift=(0,0)wu/s",NEW_ART,true,false,CAST/005_m_jr_balrog_s_mon_jr_balrog_CAST_F00.png..._CAST_F11.png,layer_ruids,12|512x512 RGBA|0.08|0.96|non-loop one-shot,true,SkillEffect applies FlipX for directional attacks; delayed layer samples caster position at SpawnLayer execution; map entity then applies drift,"normalized (0.5,0.5); no autocrop/recenter",COMPOSITE_BAKED_ONE_CLIP: preserve L1..Ln relative delay/offset/drift rhythm inside one accepted local-canvas clip; final layer metadata becomes one primary layer after approval,n/a,n/a,n/a,SkillTable layer/effect fields; SkillEffect.PlayCast/SpawnLayer,none
area_07,m_jr_balrog,s_mon_jr_balrog,PROJECTILE,false,none,,NO_RUNTIME_ROLE,false,false,none,none,0|n/a|n/a|n/a|n/a,false,n/a,"normalized (0.5,0.5); no autocrop/recenter",n/a,n/a,n/a,n/a,SkillTable visual fields + PlayerAttack/MonsterAttack/SkillEffect code,none
area_07,m_jr_balrog,s_mon_jr_balrog,HIT_VFX,false,none,,NO_RUNTIME_ROLE,false,false,none,none,0|n/a|n/a|n/a|n/a,false,n/a,"normalized (0.5,0.5); no autocrop/recenter",n/a,n/a,n/a,n/a,PlayerAttack.ResolveThrowHit; MonsterAttack.ResolveThrowHit; SkillEffect has no hit asset argument,none; no dedicated hit/impact visual field or Spawn call in current common projectile path
area_07,m_jr_balrog,s_mon_jr_balrog,PERSISTENT_BUFF_VFX,false,none,,NO_RUNTIME_ROLE,false,false,none,none,0|n/a|n/a|n/a|n/a,false,n/a,"normalized (0.5,0.5); no autocrop/recenter",n/a,n/a,n/a,n/a,MonsterAttack defense branch + SkillEffect.PlayCast; no persistent visual entity field,none; defense mechanics may persist but current visual is one-shot CAST only
area_07,m_jr_balrog,s_mon_jr_balrog,REFERENCE_VFX,false,none,,NO_RUNTIME_ROLE,false,false,none,none,0|n/a|n/a|n/a|n/a,false,n/a,"normalized (0.5,0.5); no autocrop/recenter",n/a,n/a,n/a,n/a,SkillTable visual fields + PlayerAttack/MonsterAttack/SkillEffect code,none
area_07,m_tauromacis,s_mon_tauromacis,ICON,true,icon_ruid,thumbnail://5ef751fd743e41609bf98e03de4df51c,NEW_ART,true,false,ICON/006_m_tauromacis_s_mon_tauromacis_ICON.png,icon_ruid,1|256x256 RGBA|static|static|static,ui,none,"normalized (0.5,0.5); no autocrop/recenter",n/a,n/a,n/a,n/a,SkillTable.icon_ruid,none
area_07,m_tauromacis,s_mon_tauromacis,CAST_VFX,true,layer_ruids,"L1:3cbd85dcfe3c41c4989adec59385c257 animationclip/clip delay=0.08s duration=0.82s scale=1.2 offset=(0,0)wu drift=(0,0)wu/s",NEW_ART,true,false,CAST/006_m_tauromacis_s_mon_tauromacis_CAST_F00.png..._CAST_F07.png,layer_ruids,8|384x384 RGBA|0.10|0.8|non-loop one-shot,true,SkillEffect applies FlipX for directional attacks; delayed layer samples caster position at SpawnLayer execution; map entity then applies drift,"normalized (0.5,0.5); no autocrop/recenter",ONE_TO_ONE_PRIMARY_CLIP,n/a,n/a,n/a,SkillTable layer/effect fields; SkillEffect.PlayCast/SpawnLayer,none
area_07,m_tauromacis,s_mon_tauromacis,PROJECTILE,false,none,,NO_RUNTIME_ROLE,false,false,none,none,0|n/a|n/a|n/a|n/a,false,n/a,"normalized (0.5,0.5); no autocrop/recenter",n/a,n/a,n/a,n/a,SkillTable visual fields + PlayerAttack/MonsterAttack/SkillEffect code,none
area_07,m_tauromacis,s_mon_tauromacis,HIT_VFX,false,none,,NO_RUNTIME_ROLE,false,false,none,none,0|n/a|n/a|n/a|n/a,false,n/a,"normalized (0.5,0.5); no autocrop/recenter",n/a,n/a,n/a,n/a,PlayerAttack.ResolveThrowHit; MonsterAttack.ResolveThrowHit; SkillEffect has no hit asset argument,none; no dedicated hit/impact visual field or Spawn call in current common projectile path
area_07,m_tauromacis,s_mon_tauromacis,PERSISTENT_BUFF_VFX,false,none,,NO_RUNTIME_ROLE,false,false,none,none,0|n/a|n/a|n/a|n/a,false,n/a,"normalized (0.5,0.5); no autocrop/recenter",n/a,n/a,n/a,n/a,MonsterAttack defense branch + SkillEffect.PlayCast; no persistent visual entity field,none; defense mechanics may persist but current visual is one-shot CAST only
area_07,m_tauromacis,s_mon_tauromacis,REFERENCE_VFX,false,none,,NO_RUNTIME_ROLE,false,false,none,none,0|n/a|n/a|n/a|n/a,false,n/a,"normalized (0.5,0.5); no autocrop/recenter",n/a,n/a,n/a,n/a,SkillTable visual fields + PlayerAttack/MonsterAttack/SkillEffect code,none
area_08,m_star_pixie,s_mon_star_pixie,ICON,true,icon_ruid,thumbnail://ca136923b7e84267af993bdbabada385,NEW_ART,true,false,ICON/001_m_star_pixie_s_mon_star_pixie_ICON.png,icon_ruid,1|256x256 RGBA|static|static|static,ui,none,"normalized (0.5,0.5); no autocrop/recenter",n/a,6,0.8,0.35,SkillTable.icon_ruid,none
area_08,m_star_pixie,s_mon_star_pixie,CAST_VFX,true,layer_ruids,"L1:78e3188f0fc14797a8383658e626e3ea animationclip/clip delay=0s duration=0.62s scale=0.72 offset=(0,0)wu drift=(0,0)wu/s; L2:6ffbabe486c24e5ea6cda2c54022033b animationclip/clip delay=0.18s duration=0.58s scale=0.7 offset=(0,0)wu drift=(0,0)wu/s",NEW_ART,true,false,CAST/001_m_star_pixie_s_mon_star_pixie_CAST_F00.png..._CAST_F07.png,layer_ruids,8|384x384 RGBA|0.10|0.8|non-loop one-shot,true,SkillEffect applies FlipX for directional attacks; delayed layer samples caster position at SpawnLayer execution; map entity then applies drift,"normalized (0.5,0.5); no autocrop/recenter",COMPOSITE_BAKED_ONE_CLIP: preserve L1..Ln relative delay/offset/drift rhythm inside one accepted local-canvas clip; final layer metadata becomes one primary layer after approval,6,0.8,0.35,SkillTable layer/effect fields; SkillEffect.PlayCast/SpawnLayer,none
area_08,m_star_pixie,s_mon_star_pixie,PROJECTILE,true,projectile_ruid,b61e7e2a50b2405794f88fdddf44b73a,NEW_ART,true,false,PROJECTILE/001_m_star_pixie_s_mon_star_pixie_PROJECTILE_F00.png..._PROJECTILE_F03.png,projectile_ruid,4|384x384 RGBA|0.08|0.32|non-loop complete playback within 0.35s entity lifetime,true,art direction-neutral/local form only; engine translates caster+h to target+h and applies ZRotation; no PROJECTILE FlipX or travel-direction alignment,"normalized (0.5,0.5); no autocrop/recenter",independent from CAST; do not merge,6,0.8,0.35,SkillTable.projectile_ruid; SkillEffect.mlua:149-194; SkillProjectile.mlua:39-81; GameBalance projectile_seconds=0.35,import must author AnimationClip non-loop at 0.08s/frame; Maker runtime not run
area_08,m_star_pixie,s_mon_star_pixie,HIT_VFX,false,none,,NO_RUNTIME_ROLE,false,false,none,none,0|n/a|n/a|n/a|n/a,false,n/a,"normalized (0.5,0.5); no autocrop/recenter",n/a,6,0.8,0.35,PlayerAttack.ResolveThrowHit; MonsterAttack.ResolveThrowHit; SkillEffect has no hit asset argument,none; no dedicated hit/impact visual field or Spawn call in current common projectile path
area_08,m_star_pixie,s_mon_star_pixie,PERSISTENT_BUFF_VFX,false,none,,NO_RUNTIME_ROLE,false,false,none,none,0|n/a|n/a|n/a|n/a,false,n/a,"normalized (0.5,0.5); no autocrop/recenter",n/a,6,0.8,0.35,MonsterAttack defense branch + SkillEffect.PlayCast; no persistent visual entity field,none; defense mechanics may persist but current visual is one-shot CAST only
area_08,m_star_pixie,s_mon_star_pixie,REFERENCE_VFX,false,none,,NO_RUNTIME_ROLE,false,false,none,none,0|n/a|n/a|n/a|n/a,false,n/a,"normalized (0.5,0.5); no autocrop/recenter",n/a,6,0.8,0.35,SkillTable visual fields + PlayerAttack/MonsterAttack/SkillEffect code,none
area_08,m_jr_cellion,s_mon_jr_cellion,ICON,true,icon_ruid,thumbnail://016bc9a459104e2a8a2fea03d7130519,NEW_ART,true,false,ICON/002_m_jr_cellion_s_mon_jr_cellion_ICON.png,icon_ruid,1|256x256 RGBA|static|static|static,ui,none,"normalized (0.5,0.5); no autocrop/recenter",n/a,n/a,n/a,n/a,SkillTable.icon_ruid,none
area_08,m_jr_cellion,s_mon_jr_cellion,CAST_VFX,false,none,,NO_RUNTIME_ROLE,false,false,none,none,0|n/a|n/a|n/a|n/a,false,n/a,"normalized (0.5,0.5); no autocrop/recenter",n/a,n/a,n/a,n/a,SkillTable visual fields + PlayerAttack/MonsterAttack/SkillEffect code,none
area_08,m_jr_cellion,s_mon_jr_cellion,PROJECTILE,false,none,,NO_RUNTIME_ROLE,false,false,none,none,0|n/a|n/a|n/a|n/a,false,n/a,"normalized (0.5,0.5); no autocrop/recenter",n/a,n/a,n/a,n/a,SkillTable visual fields + PlayerAttack/MonsterAttack/SkillEffect code,none
area_08,m_jr_cellion,s_mon_jr_cellion,HIT_VFX,false,none,,NO_RUNTIME_ROLE,false,false,none,none,0|n/a|n/a|n/a|n/a,false,n/a,"normalized (0.5,0.5); no autocrop/recenter",n/a,n/a,n/a,n/a,PlayerAttack.ResolveThrowHit; MonsterAttack.ResolveThrowHit; SkillEffect has no hit asset argument,none; no dedicated hit/impact visual field or Spawn call in current common projectile path
area_08,m_jr_cellion,s_mon_jr_cellion,PERSISTENT_BUFF_VFX,false,none,,NO_RUNTIME_ROLE,false,false,none,none,0|n/a|n/a|n/a|n/a,false,n/a,"normalized (0.5,0.5); no autocrop/recenter",n/a,n/a,n/a,n/a,MonsterAttack defense branch + SkillEffect.PlayCast; no persistent visual entity field,none; defense mechanics may persist but current visual is one-shot CAST only
area_08,m_jr_cellion,s_mon_jr_cellion,REFERENCE_VFX,input_reference_only,reference source; not runtime field,INPUT design reference,NEW_ART,true,false,REFERENCE/002_m_jr_cellion_s_mon_jr_cellion_REFERENCE_F00.png..._REFERENCE_F05.png,none,6|256x256 RGBA|0.10|0.6000000000000001|preview-only non-loop,false,preview only; no engine motion/FlipX contract,"normalized (0.5,0.5); no autocrop/recenter",preview/reference only; never auto-import as CAST,n/a,n/a,n/a,passive execution has no PlayCast; V2.2 REFERENCE_VFX scope,none
area_08,m_lunar_pixie,s_mon_lunar_pixie,ICON,true,icon_ruid,thumbnail://ff4a57bc3d4a4488b0053c33f4c3369f,NEW_ART,true,false,ICON/003_m_lunar_pixie_s_mon_lunar_pixie_ICON.png,icon_ruid,1|256x256 RGBA|static|static|static,ui,none,"normalized (0.5,0.5); no autocrop/recenter",n/a,6.4,0.8,0.35,SkillTable.icon_ruid,none
area_08,m_lunar_pixie,s_mon_lunar_pixie,CAST_VFX,true,layer_ruids,"L1:e7ee1a40564c43afbced2da544471266 animationclip/clip delay=0s duration=0.68s scale=0.8 offset=(0,0)wu drift=(0,0)wu/s; L2:6d96350411834e2b90a2fe18ff542159 animationclip/clip delay=0.2s duration=0.62s scale=0.75 offset=(0,0)wu drift=(0,0)wu/s",NEW_ART,true,false,CAST/003_m_lunar_pixie_s_mon_lunar_pixie_CAST_F00.png..._CAST_F07.png,layer_ruids,8|384x384 RGBA|0.10|0.8|non-loop one-shot,true,SkillEffect applies FlipX for directional attacks; delayed layer samples caster position at SpawnLayer execution; map entity then applies drift,"normalized (0.5,0.5); no autocrop/recenter",COMPOSITE_BAKED_ONE_CLIP: preserve L1..Ln relative delay/offset/drift rhythm inside one accepted local-canvas clip; final layer metadata becomes one primary layer after approval,6.4,0.8,0.35,SkillTable layer/effect fields; SkillEffect.PlayCast/SpawnLayer,none
area_08,m_lunar_pixie,s_mon_lunar_pixie,PROJECTILE,true,projectile_ruid,4f6509d9539f4d76a9bb4e8f17e12cc7,NEW_ART,true,false,PROJECTILE/003_m_lunar_pixie_s_mon_lunar_pixie_PROJECTILE_F00.png..._PROJECTILE_F03.png,projectile_ruid,4|384x384 RGBA|0.08|0.32|non-loop complete playback within 0.35s entity lifetime,true,art direction-neutral/local form only; engine translates caster+h to target+h and applies ZRotation; no PROJECTILE FlipX or travel-direction alignment,"normalized (0.5,0.5); no autocrop/recenter",independent from CAST; do not merge,6.4,0.8,0.35,SkillTable.projectile_ruid; SkillEffect.mlua:149-194; SkillProjectile.mlua:39-81; GameBalance projectile_seconds=0.35,import must author AnimationClip non-loop at 0.08s/frame; Maker runtime not run
area_08,m_lunar_pixie,s_mon_lunar_pixie,HIT_VFX,false,none,,NO_RUNTIME_ROLE,false,false,none,none,0|n/a|n/a|n/a|n/a,false,n/a,"normalized (0.5,0.5); no autocrop/recenter",n/a,6.4,0.8,0.35,PlayerAttack.ResolveThrowHit; MonsterAttack.ResolveThrowHit; SkillEffect has no hit asset argument,none; no dedicated hit/impact visual field or Spawn call in current common projectile path
area_08,m_lunar_pixie,s_mon_lunar_pixie,PERSISTENT_BUFF_VFX,false,none,,NO_RUNTIME_ROLE,false,false,none,none,0|n/a|n/a|n/a|n/a,false,n/a,"normalized (0.5,0.5); no autocrop/recenter",n/a,6.4,0.8,0.35,MonsterAttack defense branch + SkillEffect.PlayCast; no persistent visual entity field,none; defense mechanics may persist but current visual is one-shot CAST only
area_08,m_lunar_pixie,s_mon_lunar_pixie,REFERENCE_VFX,false,none,,NO_RUNTIME_ROLE,false,false,none,none,0|n/a|n/a|n/a|n/a,false,n/a,"normalized (0.5,0.5); no autocrop/recenter",n/a,6.4,0.8,0.35,SkillTable visual fields + PlayerAttack/MonsterAttack/SkillEffect code,none
area_08,m_luster_pixie,s_mon_luster_pixie,ICON,true,icon_ruid,thumbnail://35f555b27d3a4d438224a29e73fac305,NEW_ART,true,false,ICON/004_m_luster_pixie_s_mon_luster_pixie_ICON.png,icon_ruid,1|256x256 RGBA|static|static|static,ui,none,"normalized (0.5,0.5); no autocrop/recenter",n/a,n/a,n/a,n/a,SkillTable.icon_ruid,none
area_08,m_luster_pixie,s_mon_luster_pixie,CAST_VFX,false,none,,NO_RUNTIME_ROLE,false,false,none,none,0|n/a|n/a|n/a|n/a,false,n/a,"normalized (0.5,0.5); no autocrop/recenter",n/a,n/a,n/a,n/a,SkillTable visual fields + PlayerAttack/MonsterAttack/SkillEffect code,none
area_08,m_luster_pixie,s_mon_luster_pixie,PROJECTILE,false,none,,NO_RUNTIME_ROLE,false,false,none,none,0|n/a|n/a|n/a|n/a,false,n/a,"normalized (0.5,0.5); no autocrop/recenter",n/a,n/a,n/a,n/a,SkillTable visual fields + PlayerAttack/MonsterAttack/SkillEffect code,none
area_08,m_luster_pixie,s_mon_luster_pixie,HIT_VFX,false,none,,NO_RUNTIME_ROLE,false,false,none,none,0|n/a|n/a|n/a|n/a,false,n/a,"normalized (0.5,0.5); no autocrop/recenter",n/a,n/a,n/a,n/a,PlayerAttack.ResolveThrowHit; MonsterAttack.ResolveThrowHit; SkillEffect has no hit asset argument,none; no dedicated hit/impact visual field or Spawn call in current common projectile path
area_08,m_luster_pixie,s_mon_luster_pixie,PERSISTENT_BUFF_VFX,false,none,,NO_RUNTIME_ROLE,false,false,none,none,0|n/a|n/a|n/a|n/a,false,n/a,"normalized (0.5,0.5); no autocrop/recenter",n/a,n/a,n/a,n/a,MonsterAttack defense branch + SkillEffect.PlayCast; no persistent visual entity field,none; defense mechanics may persist but current visual is one-shot CAST only
area_08,m_luster_pixie,s_mon_luster_pixie,REFERENCE_VFX,input_reference_only,reference source; not runtime field,INPUT design reference,NEW_ART,true,false,REFERENCE/004_m_luster_pixie_s_mon_luster_pixie_REFERENCE_F00.png..._REFERENCE_F05.png,none,6|256x256 RGBA|0.10|0.6000000000000001|preview-only non-loop,false,preview only; no engine motion/FlipX contract,"normalized (0.5,0.5); no autocrop/recenter",preview/reference only; never auto-import as CAST,n/a,n/a,n/a,passive execution has no PlayCast; V2.2 REFERENCE_VFX scope,none
area_08,m_eliza,s_mon_eliza,ICON,true,icon_ruid,thumbnail://d458879e2e2949f2bb2e915ff67fbc64,NEW_ART,true,false,ICON/005_m_eliza_s_mon_eliza_ICON.png,icon_ruid,1|256x256 RGBA|static|static|static,ui,none,"normalized (0.5,0.5); no autocrop/recenter",n/a,n/a,n/a,n/a,SkillTable.icon_ruid,none
area_08,m_eliza,s_mon_eliza,CAST_VFX,true,layer_ruids,"L1:b14b3dbca0504af28e8d085c12b22000 animationclip/clip delay=0s duration=0.72s scale=1.05 offset=(0,0)wu drift=(0,0)wu/s; L2:1660382723ff40c296845e8ded7bbc86 animationclip/clip delay=0.22s duration=0.85s scale=1.25 offset=(0,0)wu drift=(0,0)wu/s",NEW_ART,true,false,CAST/005_m_eliza_s_mon_eliza_CAST_F00.png..._CAST_F11.png,layer_ruids,12|512x512 RGBA|0.08|0.96|non-loop one-shot,true,SkillEffect applies FlipX for directional attacks; delayed layer samples caster position at SpawnLayer execution; map entity then applies drift,"normalized (0.5,0.5); no autocrop/recenter",COMPOSITE_BAKED_ONE_CLIP: preserve L1..Ln relative delay/offset/drift rhythm inside one accepted local-canvas clip; final layer metadata becomes one primary layer after approval,n/a,n/a,n/a,SkillTable layer/effect fields; SkillEffect.PlayCast/SpawnLayer,none
area_08,m_eliza,s_mon_eliza,PROJECTILE,false,none,,NO_RUNTIME_ROLE,false,false,none,none,0|n/a|n/a|n/a|n/a,false,n/a,"normalized (0.5,0.5); no autocrop/recenter",n/a,n/a,n/a,n/a,SkillTable visual fields + PlayerAttack/MonsterAttack/SkillEffect code,none
area_08,m_eliza,s_mon_eliza,HIT_VFX,false,none,,NO_RUNTIME_ROLE,false,false,none,none,0|n/a|n/a|n/a|n/a,false,n/a,"normalized (0.5,0.5); no autocrop/recenter",n/a,n/a,n/a,n/a,PlayerAttack.ResolveThrowHit; MonsterAttack.ResolveThrowHit; SkillEffect has no hit asset argument,none; no dedicated hit/impact visual field or Spawn call in current common projectile path
area_08,m_eliza,s_mon_eliza,PERSISTENT_BUFF_VFX,false,none,,NO_RUNTIME_ROLE,false,false,none,none,0|n/a|n/a|n/a|n/a,false,n/a,"normalized (0.5,0.5); no autocrop/recenter",n/a,n/a,n/a,n/a,MonsterAttack defense branch + SkillEffect.PlayCast; no persistent visual entity field,none; defense mechanics may persist but current visual is one-shot CAST only
area_08,m_eliza,s_mon_eliza,REFERENCE_VFX,false,none,,NO_RUNTIME_ROLE,false,false,none,none,0|n/a|n/a|n/a|n/a,false,n/a,"normalized (0.5,0.5); no autocrop/recenter",n/a,n/a,n/a,n/a,SkillTable visual fields + PlayerAttack/MonsterAttack/SkillEffect code,none
area_09,m_jr_yeti,s_mon_jr_yeti,ICON,true,icon_ruid,thumbnail://1975dd704eec461ab49bdeb0c11c54d9,NEW_ART,true,false,ICON/001_m_jr_yeti_s_mon_jr_yeti_ICON.png,icon_ruid,1|256x256 RGBA|static|static|static,ui,none,"normalized (0.5,0.5); no autocrop/recenter",n/a,n/a,n/a,n/a,SkillTable.icon_ruid,none
area_09,m_jr_yeti,s_mon_jr_yeti,CAST_VFX,false,none,,NO_RUNTIME_ROLE,false,false,none,none,0|n/a|n/a|n/a|n/a,false,n/a,"normalized (0.5,0.5); no autocrop/recenter",n/a,n/a,n/a,n/a,SkillTable visual fields + PlayerAttack/MonsterAttack/SkillEffect code,none
area_09,m_jr_yeti,s_mon_jr_yeti,PROJECTILE,false,none,,NO_RUNTIME_ROLE,false,false,none,none,0|n/a|n/a|n/a|n/a,false,n/a,"normalized (0.5,0.5); no autocrop/recenter",n/a,n/a,n/a,n/a,SkillTable visual fields + PlayerAttack/MonsterAttack/SkillEffect code,none
area_09,m_jr_yeti,s_mon_jr_yeti,HIT_VFX,false,none,,NO_RUNTIME_ROLE,false,false,none,none,0|n/a|n/a|n/a|n/a,false,n/a,"normalized (0.5,0.5); no autocrop/recenter",n/a,n/a,n/a,n/a,PlayerAttack.ResolveThrowHit; MonsterAttack.ResolveThrowHit; SkillEffect has no hit asset argument,none; no dedicated hit/impact visual field or Spawn call in current common projectile path
area_09,m_jr_yeti,s_mon_jr_yeti,PERSISTENT_BUFF_VFX,false,none,,NO_RUNTIME_ROLE,false,false,none,none,0|n/a|n/a|n/a|n/a,false,n/a,"normalized (0.5,0.5); no autocrop/recenter",n/a,n/a,n/a,n/a,MonsterAttack defense branch + SkillEffect.PlayCast; no persistent visual entity field,none; defense mechanics may persist but current visual is one-shot CAST only
area_09,m_jr_yeti,s_mon_jr_yeti,REFERENCE_VFX,input_reference_only,reference source; not runtime field,INPUT design reference,NEW_ART,true,false,REFERENCE/001_m_jr_yeti_s_mon_jr_yeti_REFERENCE_F00.png..._REFERENCE_F05.png,none,6|256x256 RGBA|0.10|0.6000000000000001|preview-only non-loop,false,preview only; no engine motion/FlipX contract,"normalized (0.5,0.5); no autocrop/recenter",preview/reference only; never auto-import as CAST,n/a,n/a,n/a,passive execution has no PlayCast; V2.2 REFERENCE_VFX scope,none
area_09,m_dark_jr_yeti,s_mon_dark_jr_yeti,ICON,true,icon_ruid,thumbnail://ce56cf9613174f80976dab5b61f7b604,NEW_ART,true,false,ICON/002_m_dark_jr_yeti_s_mon_dark_jr_yeti_ICON.png,icon_ruid,1|256x256 RGBA|static|static|static,ui,none,"normalized (0.5,0.5); no autocrop/recenter",n/a,n/a,n/a,n/a,SkillTable.icon_ruid,none
area_09,m_dark_jr_yeti,s_mon_dark_jr_yeti,CAST_VFX,false,none,,NO_RUNTIME_ROLE,false,false,none,none,0|n/a|n/a|n/a|n/a,false,n/a,"normalized (0.5,0.5); no autocrop/recenter",n/a,n/a,n/a,n/a,SkillTable visual fields + PlayerAttack/MonsterAttack/SkillEffect code,none
area_09,m_dark_jr_yeti,s_mon_dark_jr_yeti,PROJECTILE,false,none,,NO_RUNTIME_ROLE,false,false,none,none,0|n/a|n/a|n/a|n/a,false,n/a,"normalized (0.5,0.5); no autocrop/recenter",n/a,n/a,n/a,n/a,SkillTable visual fields + PlayerAttack/MonsterAttack/SkillEffect code,none
area_09,m_dark_jr_yeti,s_mon_dark_jr_yeti,HIT_VFX,false,none,,NO_RUNTIME_ROLE,false,false,none,none,0|n/a|n/a|n/a|n/a,false,n/a,"normalized (0.5,0.5); no autocrop/recenter",n/a,n/a,n/a,n/a,PlayerAttack.ResolveThrowHit; MonsterAttack.ResolveThrowHit; SkillEffect has no hit asset argument,none; no dedicated hit/impact visual field or Spawn call in current common projectile path
area_09,m_dark_jr_yeti,s_mon_dark_jr_yeti,PERSISTENT_BUFF_VFX,false,none,,NO_RUNTIME_ROLE,false,false,none,none,0|n/a|n/a|n/a|n/a,false,n/a,"normalized (0.5,0.5); no autocrop/recenter",n/a,n/a,n/a,n/a,MonsterAttack defense branch + SkillEffect.PlayCast; no persistent visual entity field,none; defense mechanics may persist but current visual is one-shot CAST only
area_09,m_dark_jr_yeti,s_mon_dark_jr_yeti,REFERENCE_VFX,input_reference_only,reference source; not runtime field,INPUT design reference,NEW_ART,true,false,REFERENCE/002_m_dark_jr_yeti_s_mon_dark_jr_yeti_REFERENCE_F00.png..._REFERENCE_F05.png,none,6|256x256 RGBA|0.10|0.6000000000000001|preview-only non-loop,false,preview only; no engine motion/FlipX contract,"normalized (0.5,0.5); no autocrop/recenter",preview/reference only; never auto-import as CAST,n/a,n/a,n/a,passive execution has no PlayCast; V2.2 REFERENCE_VFX scope,none
area_09,m_hector,s_mon_hector,ICON,true,icon_ruid,thumbnail://7dcc64a4725b4777b8f86a5404b4d4cc,NEW_ART,true,false,ICON/003_m_hector_s_mon_hector_ICON.png,icon_ruid,1|256x256 RGBA|static|static|static,ui,none,"normalized (0.5,0.5); no autocrop/recenter",n/a,n/a,n/a,n/a,SkillTable.icon_ruid,none
area_09,m_hector,s_mon_hector,CAST_VFX,true,layer_ruids,"L1:b9d0ab716c054c58a18c0c38b07695a5 animationclip/clip delay=0s duration=0.58s scale=0.82 offset=(0,0)wu drift=(1.0,0)wu/s; L2:7a41e40ee7d846908e29ec10b94630b0 animationclip/clip delay=0.12s duration=0.62s scale=0.78 offset=(0,0)wu drift=(0,0)wu/s",NEW_ART,true,false,CAST/003_m_hector_s_mon_hector_CAST_F00.png..._CAST_F07.png,layer_ruids,8|384x384 RGBA|0.10|0.8|non-loop one-shot,true,SkillEffect applies FlipX for directional attacks; delayed layer samples caster position at SpawnLayer execution; map entity then applies drift,"normalized (0.5,0.5); no autocrop/recenter",COMPOSITE_BAKED_ONE_CLIP: preserve L1..Ln relative delay/offset/drift rhythm inside one accepted local-canvas clip; final layer metadata becomes one primary layer after approval,n/a,n/a,n/a,SkillTable layer/effect fields; SkillEffect.PlayCast/SpawnLayer,none
area_09,m_hector,s_mon_hector,PROJECTILE,false,none,,NO_RUNTIME_ROLE,false,false,none,none,0|n/a|n/a|n/a|n/a,false,n/a,"normalized (0.5,0.5); no autocrop/recenter",n/a,n/a,n/a,n/a,SkillTable visual fields + PlayerAttack/MonsterAttack/SkillEffect code,none
area_09,m_hector,s_mon_hector,HIT_VFX,false,none,,NO_RUNTIME_ROLE,false,false,none,none,0|n/a|n/a|n/a|n/a,false,n/a,"normalized (0.5,0.5); no autocrop/recenter",n/a,n/a,n/a,n/a,PlayerAttack.ResolveThrowHit; MonsterAttack.ResolveThrowHit; SkillEffect has no hit asset argument,none; no dedicated hit/impact visual field or Spawn call in current common projectile path
area_09,m_hector,s_mon_hector,PERSISTENT_BUFF_VFX,false,none,,NO_RUNTIME_ROLE,false,false,none,none,0|n/a|n/a|n/a|n/a,false,n/a,"normalized (0.5,0.5); no autocrop/recenter",n/a,n/a,n/a,n/a,MonsterAttack defense branch + SkillEffect.PlayCast; no persistent visual entity field,none; defense mechanics may persist but current visual is one-shot CAST only
area_09,m_hector,s_mon_hector,REFERENCE_VFX,false,none,,NO_RUNTIME_ROLE,false,false,none,none,0|n/a|n/a|n/a|n/a,false,n/a,"normalized (0.5,0.5); no autocrop/recenter",n/a,n/a,n/a,n/a,SkillTable visual fields + PlayerAttack/MonsterAttack/SkillEffect code,none
area_09,m_white_fang,s_mon_white_fang,ICON,true,icon_ruid,thumbnail://aaa3b506804d4418b025da47dbb65b3f,NEW_ART,true,false,ICON/004_m_white_fang_s_mon_white_fang_ICON.png,icon_ruid,1|256x256 RGBA|static|static|static,ui,none,"normalized (0.5,0.5); no autocrop/recenter",n/a,n/a,n/a,n/a,SkillTable.icon_ruid,none
area_09,m_white_fang,s_mon_white_fang,CAST_VFX,true,layer_ruids,"L1:dd098279908940fa938d3c5cb3dda732 animationclip/clip delay=0s duration=0.65s scale=0.9 offset=(0,0)wu drift=(0,0)wu/s; L2:9fae493a549a4396a2f1378c39f7386f animationclip/clip delay=0.15s duration=0.72s scale=0.85 offset=(0,0)wu drift=(0,0)wu/s",NEW_ART,true,false,CAST/004_m_white_fang_s_mon_white_fang_CAST_F00.png..._CAST_F07.png,layer_ruids,8|384x384 RGBA|0.10|0.8|non-loop one-shot,true,SkillEffect applies FlipX for directional attacks; delayed layer samples caster position at SpawnLayer execution; map entity then applies drift,"normalized (0.5,0.5); no autocrop/recenter",COMPOSITE_BAKED_ONE_CLIP: preserve L1..Ln relative delay/offset/drift rhythm inside one accepted local-canvas clip; final layer metadata becomes one primary layer after approval,n/a,n/a,n/a,SkillTable layer/effect fields; SkillEffect.PlayCast/SpawnLayer,none
area_09,m_white_fang,s_mon_white_fang,PROJECTILE,false,none,,NO_RUNTIME_ROLE,false,false,none,none,0|n/a|n/a|n/a|n/a,false,n/a,"normalized (0.5,0.5); no autocrop/recenter",n/a,n/a,n/a,n/a,SkillTable visual fields + PlayerAttack/MonsterAttack/SkillEffect code,none
area_09,m_white_fang,s_mon_white_fang,HIT_VFX,false,none,,NO_RUNTIME_ROLE,false,false,none,none,0|n/a|n/a|n/a|n/a,false,n/a,"normalized (0.5,0.5); no autocrop/recenter",n/a,n/a,n/a,n/a,PlayerAttack.ResolveThrowHit; MonsterAttack.ResolveThrowHit; SkillEffect has no hit asset argument,none; no dedicated hit/impact visual field or Spawn call in current common projectile path
area_09,m_white_fang,s_mon_white_fang,PERSISTENT_BUFF_VFX,false,none,,NO_RUNTIME_ROLE,false,false,none,none,0|n/a|n/a|n/a|n/a,false,n/a,"normalized (0.5,0.5); no autocrop/recenter",n/a,n/a,n/a,n/a,MonsterAttack defense branch + SkillEffect.PlayCast; no persistent visual entity field,none; defense mechanics may persist but current visual is one-shot CAST only
area_09,m_white_fang,s_mon_white_fang,REFERENCE_VFX,false,none,,NO_RUNTIME_ROLE,false,false,none,none,0|n/a|n/a|n/a|n/a,false,n/a,"normalized (0.5,0.5); no autocrop/recenter",n/a,n/a,n/a,n/a,SkillTable visual fields + PlayerAttack/MonsterAttack/SkillEffect code,none
area_09,m_snow_witch,s_mon_snow_witch,ICON,true,icon_ruid,thumbnail://4b50438f59154f41aba918b2d28bb8d2,NEW_ART,true,false,ICON/005_m_snow_witch_s_mon_snow_witch_ICON.png,icon_ruid,1|256x256 RGBA|static|static|static,ui,none,"normalized (0.5,0.5); no autocrop/recenter",n/a,n/a,n/a,n/a,SkillTable.icon_ruid,none
area_09,m_snow_witch,s_mon_snow_witch,CAST_VFX,true,layer_ruids,"L1:f55dd57a708e43238b64715c02bb06cc animationclip/clip delay=0s duration=0.72s scale=0.8 offset=(0,0)wu drift=(0,0)wu/s; L2:c5a807748e9443348e5b14162948f26b animationclip/clip delay=0.16s duration=0.8s scale=1.0 offset=(0,0)wu drift=(0,0)wu/s; L3:0719861214fa45578488a1083f49df5a animationclip/clip delay=0.3s duration=0.92s scale=1.2 offset=(0,0)wu drift=(0,0)wu/s",NEW_ART,true,false,CAST/005_m_snow_witch_s_mon_snow_witch_CAST_F00.png..._CAST_F11.png,layer_ruids,12|512x512 RGBA|0.08|0.96|non-loop one-shot,true,SkillEffect applies FlipX for directional attacks; delayed layer samples caster position at SpawnLayer execution; map entity then applies drift,"normalized (0.5,0.5); no autocrop/recenter",COMPOSITE_BAKED_ONE_CLIP: preserve L1..Ln relative delay/offset/drift rhythm inside one accepted local-canvas clip; final layer metadata becomes one primary layer after approval,n/a,n/a,n/a,SkillTable layer/effect fields; SkillEffect.PlayCast/SpawnLayer,none
area_09,m_snow_witch,s_mon_snow_witch,PROJECTILE,false,none,,NO_RUNTIME_ROLE,false,false,none,none,0|n/a|n/a|n/a|n/a,false,n/a,"normalized (0.5,0.5); no autocrop/recenter",n/a,n/a,n/a,n/a,SkillTable visual fields + PlayerAttack/MonsterAttack/SkillEffect code,none
area_09,m_snow_witch,s_mon_snow_witch,HIT_VFX,false,none,,NO_RUNTIME_ROLE,false,false,none,none,0|n/a|n/a|n/a|n/a,false,n/a,"normalized (0.5,0.5); no autocrop/recenter",n/a,n/a,n/a,n/a,PlayerAttack.ResolveThrowHit; MonsterAttack.ResolveThrowHit; SkillEffect has no hit asset argument,none; no dedicated hit/impact visual field or Spawn call in current common projectile path
area_09,m_snow_witch,s_mon_snow_witch,PERSISTENT_BUFF_VFX,false,none,,NO_RUNTIME_ROLE,false,false,none,none,0|n/a|n/a|n/a|n/a,false,n/a,"normalized (0.5,0.5); no autocrop/recenter",n/a,n/a,n/a,n/a,MonsterAttack defense branch + SkillEffect.PlayCast; no persistent visual entity field,none; defense mechanics may persist but current visual is one-shot CAST only
area_09,m_snow_witch,s_mon_snow_witch,REFERENCE_VFX,false,none,,NO_RUNTIME_ROLE,false,false,none,none,0|n/a|n/a|n/a|n/a,false,n/a,"normalized (0.5,0.5); no autocrop/recenter",n/a,n/a,n/a,n/a,SkillTable visual fields + PlayerAttack/MonsterAttack/SkillEffect code,none
area_10,m_bubble_fish,s_mon_bubble_fish,ICON,true,icon_ruid,thumbnail://c968133e75534a1b933d28da29c4e584,NEW_ART,true,false,ICON/001_m_bubble_fish_s_mon_bubble_fish_ICON.png,icon_ruid,1|256x256 RGBA|static|static|static,ui,none,"normalized (0.5,0.5); no autocrop/recenter",n/a,n/a,n/a,n/a,SkillTable.icon_ruid,none
area_10,m_bubble_fish,s_mon_bubble_fish,CAST_VFX,false,none,,NO_RUNTIME_ROLE,false,false,none,none,0|n/a|n/a|n/a|n/a,false,n/a,"normalized (0.5,0.5); no autocrop/recenter",n/a,n/a,n/a,n/a,SkillTable visual fields + PlayerAttack/MonsterAttack/SkillEffect code,none
area_10,m_bubble_fish,s_mon_bubble_fish,PROJECTILE,false,none,,NO_RUNTIME_ROLE,false,false,none,none,0|n/a|n/a|n/a|n/a,false,n/a,"normalized (0.5,0.5); no autocrop/recenter",n/a,n/a,n/a,n/a,SkillTable visual fields + PlayerAttack/MonsterAttack/SkillEffect code,none
area_10,m_bubble_fish,s_mon_bubble_fish,HIT_VFX,false,none,,NO_RUNTIME_ROLE,false,false,none,none,0|n/a|n/a|n/a|n/a,false,n/a,"normalized (0.5,0.5); no autocrop/recenter",n/a,n/a,n/a,n/a,PlayerAttack.ResolveThrowHit; MonsterAttack.ResolveThrowHit; SkillEffect has no hit asset argument,none; no dedicated hit/impact visual field or Spawn call in current common projectile path
area_10,m_bubble_fish,s_mon_bubble_fish,PERSISTENT_BUFF_VFX,false,none,,NO_RUNTIME_ROLE,false,false,none,none,0|n/a|n/a|n/a|n/a,false,n/a,"normalized (0.5,0.5); no autocrop/recenter",n/a,n/a,n/a,n/a,MonsterAttack defense branch + SkillEffect.PlayCast; no persistent visual entity field,none; defense mechanics may persist but current visual is one-shot CAST only
area_10,m_bubble_fish,s_mon_bubble_fish,REFERENCE_VFX,input_reference_only,reference source; not runtime field,INPUT design reference,NEW_ART,true,false,REFERENCE/001_m_bubble_fish_s_mon_bubble_fish_REFERENCE_F00.png..._REFERENCE_F05.png,none,6|256x256 RGBA|0.10|0.6000000000000001|preview-only non-loop,false,preview only; no engine motion/FlipX contract,"normalized (0.5,0.5); no autocrop/recenter",preview/reference only; never auto-import as CAST,n/a,n/a,n/a,passive execution has no PlayCast; V2.2 REFERENCE_VFX scope,none
area_10,m_mask_fish,s_mon_mask_fish,ICON,true,icon_ruid,thumbnail://fb9037f43fcd442a971ee007b9f7cc26,NEW_ART,true,false,ICON/002_m_mask_fish_s_mon_mask_fish_ICON.png,icon_ruid,1|256x256 RGBA|static|static|static,ui,none,"normalized (0.5,0.5); no autocrop/recenter",n/a,n/a,n/a,n/a,SkillTable.icon_ruid,none
area_10,m_mask_fish,s_mon_mask_fish,CAST_VFX,false,none,,NO_RUNTIME_ROLE,false,false,none,none,0|n/a|n/a|n/a|n/a,false,n/a,"normalized (0.5,0.5); no autocrop/recenter",n/a,n/a,n/a,n/a,SkillTable visual fields + PlayerAttack/MonsterAttack/SkillEffect code,none
area_10,m_mask_fish,s_mon_mask_fish,PROJECTILE,false,none,,NO_RUNTIME_ROLE,false,false,none,none,0|n/a|n/a|n/a|n/a,false,n/a,"normalized (0.5,0.5); no autocrop/recenter",n/a,n/a,n/a,n/a,SkillTable visual fields + PlayerAttack/MonsterAttack/SkillEffect code,none
area_10,m_mask_fish,s_mon_mask_fish,HIT_VFX,false,none,,NO_RUNTIME_ROLE,false,false,none,none,0|n/a|n/a|n/a|n/a,false,n/a,"normalized (0.5,0.5); no autocrop/recenter",n/a,n/a,n/a,n/a,PlayerAttack.ResolveThrowHit; MonsterAttack.ResolveThrowHit; SkillEffect has no hit asset argument,none; no dedicated hit/impact visual field or Spawn call in current common projectile path
area_10,m_mask_fish,s_mon_mask_fish,PERSISTENT_BUFF_VFX,false,none,,NO_RUNTIME_ROLE,false,false,none,none,0|n/a|n/a|n/a|n/a,false,n/a,"normalized (0.5,0.5); no autocrop/recenter",n/a,n/a,n/a,n/a,MonsterAttack defense branch + SkillEffect.PlayCast; no persistent visual entity field,none; defense mechanics may persist but current visual is one-shot CAST only
area_10,m_mask_fish,s_mon_mask_fish,REFERENCE_VFX,input_reference_only,reference source; not runtime field,INPUT design reference,NEW_ART,true,false,REFERENCE/002_m_mask_fish_s_mon_mask_fish_REFERENCE_F00.png..._REFERENCE_F05.png,none,6|256x256 RGBA|0.10|0.6000000000000001|preview-only non-loop,false,preview only; no engine motion/FlipX contract,"normalized (0.5,0.5); no autocrop/recenter",preview/reference only; never auto-import as CAST,n/a,n/a,n/a,passive execution has no PlayCast; V2.2 REFERENCE_VFX scope,none
area_10,m_squid,s_mon_squid,ICON,true,icon_ruid,thumbnail://013b3e6ba18249269e4a1b85c536a0d9,NEW_ART,true,false,ICON/003_m_squid_s_mon_squid_ICON.png,icon_ruid,1|256x256 RGBA|static|static|static,ui,none,"normalized (0.5,0.5); no autocrop/recenter",n/a,n/a,n/a,n/a,SkillTable.icon_ruid,none
area_10,m_squid,s_mon_squid,CAST_VFX,true,layer_ruids,"L1:0906c3a7455940ce9e9db0b0f0278741 animationclip/clip delay=0.12s duration=0.82s scale=1.15 offset=(0,0)wu drift=(0,0)wu/s",NEW_ART,true,false,CAST/003_m_squid_s_mon_squid_CAST_F00.png..._CAST_F07.png,layer_ruids,8|384x384 RGBA|0.10|0.8|non-loop one-shot,true,SkillEffect applies FlipX for directional attacks; delayed layer samples caster position at SpawnLayer execution; map entity then applies drift,"normalized (0.5,0.5); no autocrop/recenter",ONE_TO_ONE_PRIMARY_CLIP,n/a,n/a,n/a,SkillTable layer/effect fields; SkillEffect.PlayCast/SpawnLayer,none
area_10,m_squid,s_mon_squid,PROJECTILE,false,none,,NO_RUNTIME_ROLE,false,false,none,none,0|n/a|n/a|n/a|n/a,false,n/a,"normalized (0.5,0.5); no autocrop/recenter",n/a,n/a,n/a,n/a,SkillTable visual fields + PlayerAttack/MonsterAttack/SkillEffect code,none
area_10,m_squid,s_mon_squid,HIT_VFX,false,none,,NO_RUNTIME_ROLE,false,false,none,none,0|n/a|n/a|n/a|n/a,false,n/a,"normalized (0.5,0.5); no autocrop/recenter",n/a,n/a,n/a,n/a,PlayerAttack.ResolveThrowHit; MonsterAttack.ResolveThrowHit; SkillEffect has no hit asset argument,none; no dedicated hit/impact visual field or Spawn call in current common projectile path
area_10,m_squid,s_mon_squid,PERSISTENT_BUFF_VFX,false,none,,NO_RUNTIME_ROLE,false,false,none,none,0|n/a|n/a|n/a|n/a,false,n/a,"normalized (0.5,0.5); no autocrop/recenter",n/a,n/a,n/a,n/a,MonsterAttack defense branch + SkillEffect.PlayCast; no persistent visual entity field,none; defense mechanics may persist but current visual is one-shot CAST only
area_10,m_squid,s_mon_squid,REFERENCE_VFX,false,none,,NO_RUNTIME_ROLE,false,false,none,none,0|n/a|n/a|n/a|n/a,false,n/a,"normalized (0.5,0.5); no autocrop/recenter",n/a,n/a,n/a,n/a,SkillTable visual fields + PlayerAttack/MonsterAttack/SkillEffect code,none
area_10,m_shark,s_mon_shark,ICON,true,icon_ruid,thumbnail://b95f05df46124b3485d0a15bb79b10fb,NEW_ART,true,false,ICON/004_m_shark_s_mon_shark_ICON.png,icon_ruid,1|256x256 RGBA|static|static|static,ui,none,"normalized (0.5,0.5); no autocrop/recenter",n/a,6.5,0.8,0.35,SkillTable.icon_ruid,none
area_10,m_shark,s_mon_shark,CAST_VFX,true,layer_ruids,"L1:a6ab8a49e4174a29bd45a835ed6d3460 animationclip/clip delay=0.22s duration=0.72s scale=1.0 offset=(0,0)wu drift=(0,0)wu/s",NEW_ART,true,false,CAST/004_m_shark_s_mon_shark_CAST_F00.png..._CAST_F07.png,layer_ruids,8|384x384 RGBA|0.10|0.8|non-loop one-shot,true,SkillEffect applies FlipX for directional attacks; delayed layer samples caster position at SpawnLayer execution; map entity then applies drift,"normalized (0.5,0.5); no autocrop/recenter",ONE_TO_ONE_PRIMARY_CLIP,6.5,0.8,0.35,SkillTable layer/effect fields; SkillEffect.PlayCast/SpawnLayer,none
area_10,m_shark,s_mon_shark,PROJECTILE,true,projectile_ruid,209c4567073b424e8d445cea7efb80e3,NEW_ART,true,false,PROJECTILE/004_m_shark_s_mon_shark_PROJECTILE_F00.png..._PROJECTILE_F03.png,projectile_ruid,4|384x384 RGBA|0.08|0.32|non-loop complete playback within 0.35s entity lifetime,true,art direction-neutral/local form only; engine translates caster+h to target+h and applies ZRotation; no PROJECTILE FlipX or travel-direction alignment,"normalized (0.5,0.5); no autocrop/recenter",independent from CAST; do not merge,6.5,0.8,0.35,SkillTable.projectile_ruid; SkillEffect.mlua:149-194; SkillProjectile.mlua:39-81; GameBalance projectile_seconds=0.35,import must author AnimationClip non-loop at 0.08s/frame; Maker runtime not run
area_10,m_shark,s_mon_shark,HIT_VFX,false,none,,NO_RUNTIME_ROLE,false,false,none,none,0|n/a|n/a|n/a|n/a,false,n/a,"normalized (0.5,0.5); no autocrop/recenter",n/a,6.5,0.8,0.35,PlayerAttack.ResolveThrowHit; MonsterAttack.ResolveThrowHit; SkillEffect has no hit asset argument,none; no dedicated hit/impact visual field or Spawn call in current common projectile path
area_10,m_shark,s_mon_shark,PERSISTENT_BUFF_VFX,false,none,,NO_RUNTIME_ROLE,false,false,none,none,0|n/a|n/a|n/a|n/a,false,n/a,"normalized (0.5,0.5); no autocrop/recenter",n/a,6.5,0.8,0.35,MonsterAttack defense branch + SkillEffect.PlayCast; no persistent visual entity field,none; defense mechanics may persist but current visual is one-shot CAST only
area_10,m_shark,s_mon_shark,REFERENCE_VFX,false,none,,NO_RUNTIME_ROLE,false,false,none,none,0|n/a|n/a|n/a|n/a,false,n/a,"normalized (0.5,0.5); no autocrop/recenter",n/a,6.5,0.8,0.35,SkillTable visual fields + PlayerAttack/MonsterAttack/SkillEffect code,none
area_10,m_pianus,s_mon_pianus,ICON,true,icon_ruid,thumbnail://207c5d6dcee243ad9a141397244ba9a9,NEW_ART,true,false,ICON/005_m_pianus_s_mon_pianus_ICON.png,icon_ruid,1|256x256 RGBA|static|static|static,ui,none,"normalized (0.5,0.5); no autocrop/recenter",n/a,n/a,n/a,n/a,SkillTable.icon_ruid,none
area_10,m_pianus,s_mon_pianus,CAST_VFX,true,layer_ruids,"L1:3822f5bc47af488585cef2f0929ec811 animationclip/clip delay=0s duration=0.82s scale=1.2 offset=(0,0)wu drift=(0,0)wu/s; L2:306a9aafa3fb43498f1b783b85512305 animationclip/clip delay=0.25s duration=0.95s scale=1.35 offset=(0,0)wu drift=(0,0)wu/s",NEW_ART,true,false,CAST/005_m_pianus_s_mon_pianus_CAST_F00.png..._CAST_F11.png,layer_ruids,12|512x512 RGBA|0.08|0.96|non-loop one-shot,true,SkillEffect applies FlipX for directional attacks; delayed layer samples caster position at SpawnLayer execution; map entity then applies drift,"normalized (0.5,0.5); no autocrop/recenter",COMPOSITE_BAKED_ONE_CLIP: preserve L1..Ln relative delay/offset/drift rhythm inside one accepted local-canvas clip; final layer metadata becomes one primary layer after approval,n/a,n/a,n/a,SkillTable layer/effect fields; SkillEffect.PlayCast/SpawnLayer,none
area_10,m_pianus,s_mon_pianus,PROJECTILE,false,none,,NO_RUNTIME_ROLE,false,false,none,none,0|n/a|n/a|n/a|n/a,false,n/a,"normalized (0.5,0.5); no autocrop/recenter",n/a,n/a,n/a,n/a,SkillTable visual fields + PlayerAttack/MonsterAttack/SkillEffect code,none
area_10,m_pianus,s_mon_pianus,HIT_VFX,false,none,,NO_RUNTIME_ROLE,false,false,none,none,0|n/a|n/a|n/a|n/a,false,n/a,"normalized (0.5,0.5); no autocrop/recenter",n/a,n/a,n/a,n/a,PlayerAttack.ResolveThrowHit; MonsterAttack.ResolveThrowHit; SkillEffect has no hit asset argument,none; no dedicated hit/impact visual field or Spawn call in current common projectile path
area_10,m_pianus,s_mon_pianus,PERSISTENT_BUFF_VFX,false,none,,NO_RUNTIME_ROLE,false,false,none,none,0|n/a|n/a|n/a|n/a,false,n/a,"normalized (0.5,0.5); no autocrop/recenter",n/a,n/a,n/a,n/a,MonsterAttack defense branch + SkillEffect.PlayCast; no persistent visual entity field,none; defense mechanics may persist but current visual is one-shot CAST only
area_10,m_pianus,s_mon_pianus,REFERENCE_VFX,false,none,,NO_RUNTIME_ROLE,false,false,none,none,0|n/a|n/a|n/a|n/a,false,n/a,"normalized (0.5,0.5); no autocrop/recenter",n/a,n/a,n/a,n/a,SkillTable visual fields + PlayerAttack/MonsterAttack/SkillEffect code,none
area_11,m_ratz,s_mon_ratz,ICON,true,icon_ruid,thumbnail://383e34f2a8584a96a01b80a8fadbb813,NEW_ART,true,false,ICON/001_m_ratz_s_mon_ratz_ICON.png,icon_ruid,1|256x256 RGBA|static|static|static,ui,none,"normalized (0.5,0.5); no autocrop/recenter",n/a,n/a,n/a,n/a,SkillTable.icon_ruid,none
area_11,m_ratz,s_mon_ratz,CAST_VFX,false,none,,NO_RUNTIME_ROLE,false,false,none,none,0|n/a|n/a|n/a|n/a,false,n/a,"normalized (0.5,0.5); no autocrop/recenter",n/a,n/a,n/a,n/a,SkillTable visual fields + PlayerAttack/MonsterAttack/SkillEffect code,none
area_11,m_ratz,s_mon_ratz,PROJECTILE,false,none,,NO_RUNTIME_ROLE,false,false,none,none,0|n/a|n/a|n/a|n/a,false,n/a,"normalized (0.5,0.5); no autocrop/recenter",n/a,n/a,n/a,n/a,SkillTable visual fields + PlayerAttack/MonsterAttack/SkillEffect code,none
area_11,m_ratz,s_mon_ratz,HIT_VFX,false,none,,NO_RUNTIME_ROLE,false,false,none,none,0|n/a|n/a|n/a|n/a,false,n/a,"normalized (0.5,0.5); no autocrop/recenter",n/a,n/a,n/a,n/a,PlayerAttack.ResolveThrowHit; MonsterAttack.ResolveThrowHit; SkillEffect has no hit asset argument,none; no dedicated hit/impact visual field or Spawn call in current common projectile path
area_11,m_ratz,s_mon_ratz,PERSISTENT_BUFF_VFX,false,none,,NO_RUNTIME_ROLE,false,false,none,none,0|n/a|n/a|n/a|n/a,false,n/a,"normalized (0.5,0.5); no autocrop/recenter",n/a,n/a,n/a,n/a,MonsterAttack defense branch + SkillEffect.PlayCast; no persistent visual entity field,none; defense mechanics may persist but current visual is one-shot CAST only
area_11,m_ratz,s_mon_ratz,REFERENCE_VFX,input_reference_only,reference source; not runtime field,INPUT design reference,NEW_ART,true,false,REFERENCE/001_m_ratz_s_mon_ratz_REFERENCE_F00.png..._REFERENCE_F05.png,none,6|256x256 RGBA|0.10|0.6000000000000001|preview-only non-loop,false,preview only; no engine motion/FlipX contract,"normalized (0.5,0.5); no autocrop/recenter",preview/reference only; never auto-import as CAST,n/a,n/a,n/a,passive execution has no PlayCast; V2.2 REFERENCE_VFX scope,none
area_11,m_drumming_bunny,s_mon_drumming_bunny,ICON,true,icon_ruid,thumbnail://20283346c1db42b593fdddb218ea769a,NEW_ART,true,false,ICON/002_m_drumming_bunny_s_mon_drumming_bunny_ICON.png,icon_ruid,1|256x256 RGBA|static|static|static,ui,none,"normalized (0.5,0.5); no autocrop/recenter",n/a,n/a,n/a,n/a,SkillTable.icon_ruid,none
area_11,m_drumming_bunny,s_mon_drumming_bunny,CAST_VFX,true,layer_ruids,"L1:91c5d5dd661e4e079271b4446f7eb262 animationclip/clip delay=0s duration=0.75s scale=0.9 offset=(0,0)wu drift=(0,0)wu/s",NEW_ART,true,false,CAST/002_m_drumming_bunny_s_mon_drumming_bunny_CAST_F00.png..._CAST_F07.png,layer_ruids,8|384x384 RGBA|0.10|0.8|non-loop one-shot,true,SkillEffect applies FlipX for directional attacks; delayed layer samples caster position at SpawnLayer execution; map entity then applies drift,"normalized (0.5,0.5); no autocrop/recenter",ONE_TO_ONE_PRIMARY_CLIP,n/a,n/a,n/a,SkillTable layer/effect fields; SkillEffect.PlayCast/SpawnLayer,none
area_11,m_drumming_bunny,s_mon_drumming_bunny,PROJECTILE,false,none,,NO_RUNTIME_ROLE,false,false,none,none,0|n/a|n/a|n/a|n/a,false,n/a,"normalized (0.5,0.5); no autocrop/recenter",n/a,n/a,n/a,n/a,SkillTable visual fields + PlayerAttack/MonsterAttack/SkillEffect code,none
area_11,m_drumming_bunny,s_mon_drumming_bunny,HIT_VFX,false,none,,NO_RUNTIME_ROLE,false,false,none,none,0|n/a|n/a|n/a|n/a,false,n/a,"normalized (0.5,0.5); no autocrop/recenter",n/a,n/a,n/a,n/a,PlayerAttack.ResolveThrowHit; MonsterAttack.ResolveThrowHit; SkillEffect has no hit asset argument,none; no dedicated hit/impact visual field or Spawn call in current common projectile path
area_11,m_drumming_bunny,s_mon_drumming_bunny,PERSISTENT_BUFF_VFX,false,none,,NO_RUNTIME_ROLE,false,false,none,none,0|n/a|n/a|n/a|n/a,false,n/a,"normalized (0.5,0.5); no autocrop/recenter",n/a,n/a,n/a,n/a,MonsterAttack defense branch + SkillEffect.PlayCast; no persistent visual entity field,none; defense mechanics may persist but current visual is one-shot CAST only
area_11,m_drumming_bunny,s_mon_drumming_bunny,REFERENCE_VFX,false,none,,NO_RUNTIME_ROLE,false,false,none,none,0|n/a|n/a|n/a|n/a,false,n/a,"normalized (0.5,0.5); no autocrop/recenter",n/a,n/a,n/a,n/a,SkillTable visual fields + PlayerAttack/MonsterAttack/SkillEffect code,none
area_11,m_bloctopus,s_mon_bloctopus,ICON,true,icon_ruid,thumbnail://826410e1bd4e4a12a612ab642c19c705,NEW_ART,true,false,ICON/003_m_bloctopus_s_mon_bloctopus_ICON.png,icon_ruid,1|256x256 RGBA|static|static|static,ui,none,"normalized (0.5,0.5); no autocrop/recenter",n/a,n/a,n/a,n/a,SkillTable.icon_ruid,none
area_11,m_bloctopus,s_mon_bloctopus,CAST_VFX,false,none,,NO_RUNTIME_ROLE,false,false,none,none,0|n/a|n/a|n/a|n/a,false,n/a,"normalized (0.5,0.5); no autocrop/recenter",n/a,n/a,n/a,n/a,SkillTable visual fields + PlayerAttack/MonsterAttack/SkillEffect code,none
area_11,m_bloctopus,s_mon_bloctopus,PROJECTILE,false,none,,NO_RUNTIME_ROLE,false,false,none,none,0|n/a|n/a|n/a|n/a,false,n/a,"normalized (0.5,0.5); no autocrop/recenter",n/a,n/a,n/a,n/a,SkillTable visual fields + PlayerAttack/MonsterAttack/SkillEffect code,none
area_11,m_bloctopus,s_mon_bloctopus,HIT_VFX,false,none,,NO_RUNTIME_ROLE,false,false,none,none,0|n/a|n/a|n/a|n/a,false,n/a,"normalized (0.5,0.5); no autocrop/recenter",n/a,n/a,n/a,n/a,PlayerAttack.ResolveThrowHit; MonsterAttack.ResolveThrowHit; SkillEffect has no hit asset argument,none; no dedicated hit/impact visual field or Spawn call in current common projectile path
area_11,m_bloctopus,s_mon_bloctopus,PERSISTENT_BUFF_VFX,false,none,,NO_RUNTIME_ROLE,false,false,none,none,0|n/a|n/a|n/a|n/a,false,n/a,"normalized (0.5,0.5); no autocrop/recenter",n/a,n/a,n/a,n/a,MonsterAttack defense branch + SkillEffect.PlayCast; no persistent visual entity field,none; defense mechanics may persist but current visual is one-shot CAST only
area_11,m_bloctopus,s_mon_bloctopus,REFERENCE_VFX,input_reference_only,reference source; not runtime field,INPUT design reference,NEW_ART,true,false,REFERENCE/003_m_bloctopus_s_mon_bloctopus_REFERENCE_F00.png..._REFERENCE_F05.png,none,6|256x256 RGBA|0.10|0.6000000000000001|preview-only non-loop,false,preview only; no engine motion/FlipX contract,"normalized (0.5,0.5); no autocrop/recenter",preview/reference only; never auto-import as CAST,n/a,n/a,n/a,passive execution has no PlayCast; V2.2 REFERENCE_VFX scope,none
area_11,m_king_bloctopus,s_mon_king_bloctopus,ICON,true,icon_ruid,thumbnail://cb5eb9faaf68477292af0b710e383c9d,NEW_ART,true,false,ICON/004_m_king_bloctopus_s_mon_king_bloctopus_ICON.png,icon_ruid,1|256x256 RGBA|static|static|static,ui,none,"normalized (0.5,0.5); no autocrop/recenter",n/a,6.8,0.8,0.35,SkillTable.icon_ruid,none
area_11,m_king_bloctopus,s_mon_king_bloctopus,CAST_VFX,true,layer_ruids,"L1:e53471f0f7114343907be7beb520751f animationclip/clip delay=0.22s duration=0.65s scale=0.9 offset=(0,0)wu drift=(0,0)wu/s",NEW_ART,true,false,CAST/004_m_king_bloctopus_s_mon_king_bloctopus_CAST_F00.png..._CAST_F07.png,layer_ruids,8|384x384 RGBA|0.10|0.8|non-loop one-shot,true,SkillEffect applies FlipX for directional attacks; delayed layer samples caster position at SpawnLayer execution; map entity then applies drift,"normalized (0.5,0.5); no autocrop/recenter",ONE_TO_ONE_PRIMARY_CLIP,6.8,0.8,0.35,SkillTable layer/effect fields; SkillEffect.PlayCast/SpawnLayer,none
area_11,m_king_bloctopus,s_mon_king_bloctopus,PROJECTILE,true,projectile_ruid,a2da67e687994755a8943c2bcf871902,NEW_ART,true,false,PROJECTILE/004_m_king_bloctopus_s_mon_king_bloctopus_PROJECTILE_F00.png..._PROJECTILE_F03.png,projectile_ruid,4|384x384 RGBA|0.08|0.32|non-loop complete playback within 0.35s entity lifetime,true,art direction-neutral/local form only; engine translates caster+h to target+h and applies ZRotation; no PROJECTILE FlipX or travel-direction alignment,"normalized (0.5,0.5); no autocrop/recenter",independent from CAST; do not merge,6.8,0.8,0.35,SkillTable.projectile_ruid; SkillEffect.mlua:149-194; SkillProjectile.mlua:39-81; GameBalance projectile_seconds=0.35,import must author AnimationClip non-loop at 0.08s/frame; Maker runtime not run
area_11,m_king_bloctopus,s_mon_king_bloctopus,HIT_VFX,false,none,,NO_RUNTIME_ROLE,false,false,none,none,0|n/a|n/a|n/a|n/a,false,n/a,"normalized (0.5,0.5); no autocrop/recenter",n/a,6.8,0.8,0.35,PlayerAttack.ResolveThrowHit; MonsterAttack.ResolveThrowHit; SkillEffect has no hit asset argument,none; no dedicated hit/impact visual field or Spawn call in current common projectile path
area_11,m_king_bloctopus,s_mon_king_bloctopus,PERSISTENT_BUFF_VFX,false,none,,NO_RUNTIME_ROLE,false,false,none,none,0|n/a|n/a|n/a|n/a,false,n/a,"normalized (0.5,0.5); no autocrop/recenter",n/a,6.8,0.8,0.35,MonsterAttack defense branch + SkillEffect.PlayCast; no persistent visual entity field,none; defense mechanics may persist but current visual is one-shot CAST only
area_11,m_king_bloctopus,s_mon_king_bloctopus,REFERENCE_VFX,false,none,,NO_RUNTIME_ROLE,false,false,none,none,0|n/a|n/a|n/a|n/a,false,n/a,"normalized (0.5,0.5); no autocrop/recenter",n/a,6.8,0.8,0.35,SkillTable visual fields + PlayerAttack/MonsterAttack/SkillEffect code,none
area_11,m_rombot,s_mon_rombot,ICON,true,icon_ruid,thumbnail://b41def4288404055b3b8850daa99cfbf,NEW_ART,true,false,ICON/005_m_rombot_s_mon_rombot_ICON.png,icon_ruid,1|256x256 RGBA|static|static|static,ui,none,"normalized (0.5,0.5); no autocrop/recenter",n/a,n/a,n/a,n/a,SkillTable.icon_ruid,none
area_11,m_rombot,s_mon_rombot,CAST_VFX,true,layer_ruids,"L1:91c5d5dd661e4e079271b4446f7eb262 animationclip/clip delay=0s duration=0.72s scale=1.1 offset=(0,0)wu drift=(0,0)wu/s; L2:06bbe7d534094761b54b147f3a79ca38 animationclip/clip delay=0.18s duration=0.8s scale=0.8 offset=(0,0)wu drift=(0,0)wu/s",NEW_ART,true,false,CAST/005_m_rombot_s_mon_rombot_CAST_F00.png..._CAST_F11.png,layer_ruids,12|512x512 RGBA|0.08|0.96|non-loop one-shot,true,SkillEffect applies FlipX for directional attacks; delayed layer samples caster position at SpawnLayer execution; map entity then applies drift,"normalized (0.5,0.5); no autocrop/recenter",COMPOSITE_BAKED_ONE_CLIP: preserve L1..Ln relative delay/offset/drift rhythm inside one accepted local-canvas clip; final layer metadata becomes one primary layer after approval,n/a,n/a,n/a,SkillTable layer/effect fields; SkillEffect.PlayCast/SpawnLayer,none
area_11,m_rombot,s_mon_rombot,PROJECTILE,false,none,,NO_RUNTIME_ROLE,false,false,none,none,0|n/a|n/a|n/a|n/a,false,n/a,"normalized (0.5,0.5); no autocrop/recenter",n/a,n/a,n/a,n/a,SkillTable visual fields + PlayerAttack/MonsterAttack/SkillEffect code,none
area_11,m_rombot,s_mon_rombot,HIT_VFX,false,none,,NO_RUNTIME_ROLE,false,false,none,none,0|n/a|n/a|n/a|n/a,false,n/a,"normalized (0.5,0.5); no autocrop/recenter",n/a,n/a,n/a,n/a,PlayerAttack.ResolveThrowHit; MonsterAttack.ResolveThrowHit; SkillEffect has no hit asset argument,none; no dedicated hit/impact visual field or Spawn call in current common projectile path
area_11,m_rombot,s_mon_rombot,PERSISTENT_BUFF_VFX,false,none,,NO_RUNTIME_ROLE,false,false,none,none,0|n/a|n/a|n/a|n/a,false,n/a,"normalized (0.5,0.5); no autocrop/recenter",n/a,n/a,n/a,n/a,MonsterAttack defense branch + SkillEffect.PlayCast; no persistent visual entity field,none; defense mechanics may persist but current visual is one-shot CAST only
area_11,m_rombot,s_mon_rombot,REFERENCE_VFX,false,none,,NO_RUNTIME_ROLE,false,false,none,none,0|n/a|n/a|n/a|n/a,false,n/a,"normalized (0.5,0.5); no autocrop/recenter",n/a,n/a,n/a,n/a,SkillTable visual fields + PlayerAttack/MonsterAttack/SkillEffect code,none
area_12,m_brown_teddy,s_mon_brown_teddy,ICON,true,icon_ruid,thumbnail://46fd51a318b64738a36beeb3db02a970,NEW_ART,true,false,ICON/001_m_brown_teddy_s_mon_brown_teddy_ICON.png,icon_ruid,1|256x256 RGBA|static|static|static,ui,none,"normalized (0.5,0.5); no autocrop/recenter",n/a,n/a,n/a,n/a,SkillTable.icon_ruid,none
area_12,m_brown_teddy,s_mon_brown_teddy,CAST_VFX,false,none,,NO_RUNTIME_ROLE,false,false,none,none,0|n/a|n/a|n/a|n/a,false,n/a,"normalized (0.5,0.5); no autocrop/recenter",n/a,n/a,n/a,n/a,SkillTable visual fields + PlayerAttack/MonsterAttack/SkillEffect code,none
area_12,m_brown_teddy,s_mon_brown_teddy,PROJECTILE,false,none,,NO_RUNTIME_ROLE,false,false,none,none,0|n/a|n/a|n/a|n/a,false,n/a,"normalized (0.5,0.5); no autocrop/recenter",n/a,n/a,n/a,n/a,SkillTable visual fields + PlayerAttack/MonsterAttack/SkillEffect code,none
area_12,m_brown_teddy,s_mon_brown_teddy,HIT_VFX,false,none,,NO_RUNTIME_ROLE,false,false,none,none,0|n/a|n/a|n/a|n/a,false,n/a,"normalized (0.5,0.5); no autocrop/recenter",n/a,n/a,n/a,n/a,PlayerAttack.ResolveThrowHit; MonsterAttack.ResolveThrowHit; SkillEffect has no hit asset argument,none; no dedicated hit/impact visual field or Spawn call in current common projectile path
area_12,m_brown_teddy,s_mon_brown_teddy,PERSISTENT_BUFF_VFX,false,none,,NO_RUNTIME_ROLE,false,false,none,none,0|n/a|n/a|n/a|n/a,false,n/a,"normalized (0.5,0.5); no autocrop/recenter",n/a,n/a,n/a,n/a,MonsterAttack defense branch + SkillEffect.PlayCast; no persistent visual entity field,none; defense mechanics may persist but current visual is one-shot CAST only
area_12,m_brown_teddy,s_mon_brown_teddy,REFERENCE_VFX,input_reference_only,reference source; not runtime field,INPUT design reference,NEW_ART,true,false,REFERENCE/001_m_brown_teddy_s_mon_brown_teddy_REFERENCE_F00.png..._REFERENCE_F05.png,none,6|256x256 RGBA|0.10|0.6000000000000001|preview-only non-loop,false,preview only; no engine motion/FlipX contract,"normalized (0.5,0.5); no autocrop/recenter",preview/reference only; never auto-import as CAST,n/a,n/a,n/a,passive execution has no PlayCast; V2.2 REFERENCE_VFX scope,none
area_12,m_toy_trojan,s_mon_toy_trojan,ICON,true,icon_ruid,thumbnail://f9a2d6e8feaf4c90a3e00d022932fdaa,NEW_ART,true,false,ICON/002_m_toy_trojan_s_mon_toy_trojan_ICON.png,icon_ruid,1|256x256 RGBA|static|static|static,ui,none,"normalized (0.5,0.5); no autocrop/recenter",n/a,n/a,n/a,n/a,SkillTable.icon_ruid,none
area_12,m_toy_trojan,s_mon_toy_trojan,CAST_VFX,true,layer_ruids,"L1:fc4857ea48be477c9546c775e0f31d49 animationclip/clip delay=0s duration=0.7s scale=0.72 offset=(0,0)wu drift=(1.0,0)wu/s",NEW_ART,true,false,CAST/002_m_toy_trojan_s_mon_toy_trojan_CAST_F00.png..._CAST_F07.png,layer_ruids,8|384x384 RGBA|0.10|0.8|non-loop one-shot,true,SkillEffect applies FlipX for directional attacks; delayed layer samples caster position at SpawnLayer execution; map entity then applies drift,"normalized (0.5,0.5); no autocrop/recenter",ONE_TO_ONE_PRIMARY_CLIP,n/a,n/a,n/a,SkillTable layer/effect fields; SkillEffect.PlayCast/SpawnLayer,none
area_12,m_toy_trojan,s_mon_toy_trojan,PROJECTILE,false,none,,NO_RUNTIME_ROLE,false,false,none,none,0|n/a|n/a|n/a|n/a,false,n/a,"normalized (0.5,0.5); no autocrop/recenter",n/a,n/a,n/a,n/a,SkillTable visual fields + PlayerAttack/MonsterAttack/SkillEffect code,none
area_12,m_toy_trojan,s_mon_toy_trojan,HIT_VFX,false,none,,NO_RUNTIME_ROLE,false,false,none,none,0|n/a|n/a|n/a|n/a,false,n/a,"normalized (0.5,0.5); no autocrop/recenter",n/a,n/a,n/a,n/a,PlayerAttack.ResolveThrowHit; MonsterAttack.ResolveThrowHit; SkillEffect has no hit asset argument,none; no dedicated hit/impact visual field or Spawn call in current common projectile path
area_12,m_toy_trojan,s_mon_toy_trojan,PERSISTENT_BUFF_VFX,false,none,,NO_RUNTIME_ROLE,false,false,none,none,0|n/a|n/a|n/a|n/a,false,n/a,"normalized (0.5,0.5); no autocrop/recenter",n/a,n/a,n/a,n/a,MonsterAttack defense branch + SkillEffect.PlayCast; no persistent visual entity field,none; defense mechanics may persist but current visual is one-shot CAST only
area_12,m_toy_trojan,s_mon_toy_trojan,REFERENCE_VFX,false,none,,NO_RUNTIME_ROLE,false,false,none,none,0|n/a|n/a|n/a|n/a,false,n/a,"normalized (0.5,0.5); no autocrop/recenter",n/a,n/a,n/a,n/a,SkillTable visual fields + PlayerAttack/MonsterAttack/SkillEffect code,none
area_12,m_master_robo,s_mon_master_robo,ICON,true,icon_ruid,thumbnail://f5d65e28cb0e4990bf5727015f22e0f1,NEW_ART,true,false,ICON/003_m_master_robo_s_mon_master_robo_ICON.png,icon_ruid,1|256x256 RGBA|static|static|static,ui,none,"normalized (0.5,0.5); no autocrop/recenter",n/a,n/a,n/a,n/a,SkillTable.icon_ruid,none
area_12,m_master_robo,s_mon_master_robo,CAST_VFX,false,none,,NO_RUNTIME_ROLE,false,false,none,none,0|n/a|n/a|n/a|n/a,false,n/a,"normalized (0.5,0.5); no autocrop/recenter",n/a,n/a,n/a,n/a,SkillTable visual fields + PlayerAttack/MonsterAttack/SkillEffect code,none
area_12,m_master_robo,s_mon_master_robo,PROJECTILE,false,none,,NO_RUNTIME_ROLE,false,false,none,none,0|n/a|n/a|n/a|n/a,false,n/a,"normalized (0.5,0.5); no autocrop/recenter",n/a,n/a,n/a,n/a,SkillTable visual fields + PlayerAttack/MonsterAttack/SkillEffect code,none
area_12,m_master_robo,s_mon_master_robo,HIT_VFX,false,none,,NO_RUNTIME_ROLE,false,false,none,none,0|n/a|n/a|n/a|n/a,false,n/a,"normalized (0.5,0.5); no autocrop/recenter",n/a,n/a,n/a,n/a,PlayerAttack.ResolveThrowHit; MonsterAttack.ResolveThrowHit; SkillEffect has no hit asset argument,none; no dedicated hit/impact visual field or Spawn call in current common projectile path
area_12,m_master_robo,s_mon_master_robo,PERSISTENT_BUFF_VFX,false,none,,NO_RUNTIME_ROLE,false,false,none,none,0|n/a|n/a|n/a|n/a,false,n/a,"normalized (0.5,0.5); no autocrop/recenter",n/a,n/a,n/a,n/a,MonsterAttack defense branch + SkillEffect.PlayCast; no persistent visual entity field,none; defense mechanics may persist but current visual is one-shot CAST only
area_12,m_master_robo,s_mon_master_robo,REFERENCE_VFX,input_reference_only,reference source; not runtime field,INPUT design reference,NEW_ART,true,false,REFERENCE/003_m_master_robo_s_mon_master_robo_REFERENCE_F00.png..._REFERENCE_F05.png,none,6|256x256 RGBA|0.10|0.6000000000000001|preview-only non-loop,false,preview only; no engine motion/FlipX contract,"normalized (0.5,0.5); no autocrop/recenter",preview/reference only; never auto-import as CAST,n/a,n/a,n/a,passive execution has no PlayCast; V2.2 REFERENCE_VFX scope,none
area_12,m_chronos,s_mon_chronos,ICON,true,icon_ruid,thumbnail://1356c7ad27254459aaf789b51a75875c,NEW_ART,true,false,ICON/004_m_chronos_s_mon_chronos_ICON.png,icon_ruid,1|256x256 RGBA|static|static|static,ui,none,"normalized (0.5,0.5); no autocrop/recenter",n/a,n/a,n/a,n/a,SkillTable.icon_ruid,none
area_12,m_chronos,s_mon_chronos,CAST_VFX,true,layer_ruids,"L1:e5558e07445143b6999f20246768a3fe animationclip/clip delay=0.12s duration=0.8s scale=0.9 offset=(0,0)wu drift=(0,0)wu/s",NEW_ART,true,false,CAST/004_m_chronos_s_mon_chronos_CAST_F00.png..._CAST_F07.png,layer_ruids,8|384x384 RGBA|0.10|0.8|non-loop one-shot,true,SkillEffect applies FlipX for directional attacks; delayed layer samples caster position at SpawnLayer execution; map entity then applies drift,"normalized (0.5,0.5); no autocrop/recenter",ONE_TO_ONE_PRIMARY_CLIP,n/a,n/a,n/a,SkillTable layer/effect fields; SkillEffect.PlayCast/SpawnLayer,none
area_12,m_chronos,s_mon_chronos,PROJECTILE,false,none,,NO_RUNTIME_ROLE,false,false,none,none,0|n/a|n/a|n/a|n/a,false,n/a,"normalized (0.5,0.5); no autocrop/recenter",n/a,n/a,n/a,n/a,SkillTable visual fields + PlayerAttack/MonsterAttack/SkillEffect code,none
area_12,m_chronos,s_mon_chronos,HIT_VFX,false,none,,NO_RUNTIME_ROLE,false,false,none,none,0|n/a|n/a|n/a|n/a,false,n/a,"normalized (0.5,0.5); no autocrop/recenter",n/a,n/a,n/a,n/a,PlayerAttack.ResolveThrowHit; MonsterAttack.ResolveThrowHit; SkillEffect has no hit asset argument,none; no dedicated hit/impact visual field or Spawn call in current common projectile path
area_12,m_chronos,s_mon_chronos,PERSISTENT_BUFF_VFX,false,none,,NO_RUNTIME_ROLE,false,false,none,none,0|n/a|n/a|n/a|n/a,false,n/a,"normalized (0.5,0.5); no autocrop/recenter",n/a,n/a,n/a,n/a,MonsterAttack defense branch + SkillEffect.PlayCast; no persistent visual entity field,none; defense mechanics may persist but current visual is one-shot CAST only
area_12,m_chronos,s_mon_chronos,REFERENCE_VFX,false,none,,NO_RUNTIME_ROLE,false,false,none,none,0|n/a|n/a|n/a|n/a,false,n/a,"normalized (0.5,0.5); no autocrop/recenter",n/a,n/a,n/a,n/a,SkillTable visual fields + PlayerAttack/MonsterAttack/SkillEffect code,none
area_12,m_timer,s_mon_timer,ICON,true,icon_ruid,thumbnail://cbdd230e5cd34b7b9eeb1cd206d19f34,NEW_ART,true,false,ICON/005_m_timer_s_mon_timer_ICON.png,icon_ruid,1|256x256 RGBA|static|static|static,ui,none,"normalized (0.5,0.5); no autocrop/recenter",n/a,n/a,n/a,n/a,SkillTable.icon_ruid,none
area_12,m_timer,s_mon_timer,CAST_VFX,true,layer_ruids,"L1:e5558e07445143b6999f20246768a3fe animationclip/clip delay=0s duration=0.78s scale=1 offset=(0,0)wu drift=(0,0)wu/s; L2:3ef6b2dcc75f4d4990e6e7f106bda49e animationclip/clip delay=0.2s duration=0.88s scale=0.85 offset=(0,0)wu drift=(0,0)wu/s",NEW_ART,true,false,CAST/005_m_timer_s_mon_timer_CAST_F00.png..._CAST_F11.png,layer_ruids,12|512x512 RGBA|0.08|0.96|non-loop one-shot,true,SkillEffect applies FlipX for directional attacks; delayed layer samples caster position at SpawnLayer execution; map entity then applies drift,"normalized (0.5,0.5); no autocrop/recenter",COMPOSITE_BAKED_ONE_CLIP: preserve L1..Ln relative delay/offset/drift rhythm inside one accepted local-canvas clip; final layer metadata becomes one primary layer after approval,n/a,n/a,n/a,SkillTable layer/effect fields; SkillEffect.PlayCast/SpawnLayer,none
area_12,m_timer,s_mon_timer,PROJECTILE,false,none,,NO_RUNTIME_ROLE,false,false,none,none,0|n/a|n/a|n/a|n/a,false,n/a,"normalized (0.5,0.5); no autocrop/recenter",n/a,n/a,n/a,n/a,SkillTable visual fields + PlayerAttack/MonsterAttack/SkillEffect code,none
area_12,m_timer,s_mon_timer,HIT_VFX,false,none,,NO_RUNTIME_ROLE,false,false,none,none,0|n/a|n/a|n/a|n/a,false,n/a,"normalized (0.5,0.5); no autocrop/recenter",n/a,n/a,n/a,n/a,PlayerAttack.ResolveThrowHit; MonsterAttack.ResolveThrowHit; SkillEffect has no hit asset argument,none; no dedicated hit/impact visual field or Spawn call in current common projectile path
area_12,m_timer,s_mon_timer,PERSISTENT_BUFF_VFX,false,none,,NO_RUNTIME_ROLE,false,false,none,none,0|n/a|n/a|n/a|n/a,false,n/a,"normalized (0.5,0.5); no autocrop/recenter",n/a,n/a,n/a,n/a,MonsterAttack defense branch + SkillEffect.PlayCast; no persistent visual entity field,none; defense mechanics may persist but current visual is one-shot CAST only
area_12,m_timer,s_mon_timer,REFERENCE_VFX,false,none,,NO_RUNTIME_ROLE,false,false,none,none,0|n/a|n/a|n/a|n/a,false,n/a,"normalized (0.5,0.5); no autocrop/recenter",n/a,n/a,n/a,n/a,SkillTable visual fields + PlayerAttack/MonsterAttack/SkillEffect code,none
area_13,m_white_sand_rabbit,s_mon_white_sand_rabbit,ICON,true,icon_ruid,thumbnail://981c64ae30bd4f98aef886e9314d8e64,NEW_ART,true,false,ICON/001_m_white_sand_rabbit_s_mon_white_sand_rabbit_ICON.png,icon_ruid,1|256x256 RGBA|static|static|static,ui,none,"normalized (0.5,0.5); no autocrop/recenter",n/a,n/a,n/a,n/a,SkillTable.icon_ruid,none
area_13,m_white_sand_rabbit,s_mon_white_sand_rabbit,CAST_VFX,true,layer_ruids,"L1:201c4ae9d7c24438b56fb4d731ed9245 animationclip/clip delay=0.12s duration=0.72s scale=0.85 offset=(0,0)wu drift=(0,0)wu/s",NEW_ART,true,false,CAST/001_m_white_sand_rabbit_s_mon_white_sand_rabbit_CAST_F00.png..._CAST_F07.png,layer_ruids,8|384x384 RGBA|0.10|0.8|non-loop one-shot,true,SkillEffect applies FlipX for directional attacks; delayed layer samples caster position at SpawnLayer execution; map entity then applies drift,"normalized (0.5,0.5); no autocrop/recenter",ONE_TO_ONE_PRIMARY_CLIP,n/a,n/a,n/a,SkillTable layer/effect fields; SkillEffect.PlayCast/SpawnLayer,none
area_13,m_white_sand_rabbit,s_mon_white_sand_rabbit,PROJECTILE,false,none,,NO_RUNTIME_ROLE,false,false,none,none,0|n/a|n/a|n/a|n/a,false,n/a,"normalized (0.5,0.5); no autocrop/recenter",n/a,n/a,n/a,n/a,SkillTable visual fields + PlayerAttack/MonsterAttack/SkillEffect code,none
area_13,m_white_sand_rabbit,s_mon_white_sand_rabbit,HIT_VFX,false,none,,NO_RUNTIME_ROLE,false,false,none,none,0|n/a|n/a|n/a|n/a,false,n/a,"normalized (0.5,0.5); no autocrop/recenter",n/a,n/a,n/a,n/a,PlayerAttack.ResolveThrowHit; MonsterAttack.ResolveThrowHit; SkillEffect has no hit asset argument,none; no dedicated hit/impact visual field or Spawn call in current common projectile path
area_13,m_white_sand_rabbit,s_mon_white_sand_rabbit,PERSISTENT_BUFF_VFX,false,none,,NO_RUNTIME_ROLE,false,false,none,none,0|n/a|n/a|n/a|n/a,false,n/a,"normalized (0.5,0.5); no autocrop/recenter",n/a,n/a,n/a,n/a,MonsterAttack defense branch + SkillEffect.PlayCast; no persistent visual entity field,none; defense mechanics may persist but current visual is one-shot CAST only
area_13,m_white_sand_rabbit,s_mon_white_sand_rabbit,REFERENCE_VFX,false,none,,NO_RUNTIME_ROLE,false,false,none,none,0|n/a|n/a|n/a|n/a,false,n/a,"normalized (0.5,0.5); no autocrop/recenter",n/a,n/a,n/a,n/a,SkillTable visual fields + PlayerAttack/MonsterAttack/SkillEffect code,none
area_13,m_scarf_plead,s_mon_scarf_plead,ICON,true,icon_ruid,thumbnail://30e7faf77c6c41d583f341c234220597,NEW_ART,true,false,ICON/002_m_scarf_plead_s_mon_scarf_plead_ICON.png,icon_ruid,1|256x256 RGBA|static|static|static,ui,none,"normalized (0.5,0.5); no autocrop/recenter",n/a,n/a,n/a,n/a,SkillTable.icon_ruid,none
area_13,m_scarf_plead,s_mon_scarf_plead,CAST_VFX,false,none,,NO_RUNTIME_ROLE,false,false,none,none,0|n/a|n/a|n/a|n/a,false,n/a,"normalized (0.5,0.5); no autocrop/recenter",n/a,n/a,n/a,n/a,SkillTable visual fields + PlayerAttack/MonsterAttack/SkillEffect code,none
area_13,m_scarf_plead,s_mon_scarf_plead,PROJECTILE,false,none,,NO_RUNTIME_ROLE,false,false,none,none,0|n/a|n/a|n/a|n/a,false,n/a,"normalized (0.5,0.5); no autocrop/recenter",n/a,n/a,n/a,n/a,SkillTable visual fields + PlayerAttack/MonsterAttack/SkillEffect code,none
area_13,m_scarf_plead,s_mon_scarf_plead,HIT_VFX,false,none,,NO_RUNTIME_ROLE,false,false,none,none,0|n/a|n/a|n/a|n/a,false,n/a,"normalized (0.5,0.5); no autocrop/recenter",n/a,n/a,n/a,n/a,PlayerAttack.ResolveThrowHit; MonsterAttack.ResolveThrowHit; SkillEffect has no hit asset argument,none; no dedicated hit/impact visual field or Spawn call in current common projectile path
area_13,m_scarf_plead,s_mon_scarf_plead,PERSISTENT_BUFF_VFX,false,none,,NO_RUNTIME_ROLE,false,false,none,none,0|n/a|n/a|n/a|n/a,false,n/a,"normalized (0.5,0.5); no autocrop/recenter",n/a,n/a,n/a,n/a,MonsterAttack defense branch + SkillEffect.PlayCast; no persistent visual entity field,none; defense mechanics may persist but current visual is one-shot CAST only
area_13,m_scarf_plead,s_mon_scarf_plead,REFERENCE_VFX,input_reference_only,reference source; not runtime field,INPUT design reference,NEW_ART,true,false,REFERENCE/002_m_scarf_plead_s_mon_scarf_plead_REFERENCE_F00.png..._REFERENCE_F05.png,none,6|256x256 RGBA|0.10|0.6000000000000001|preview-only non-loop,false,preview only; no engine motion/FlipX contract,"normalized (0.5,0.5); no autocrop/recenter",preview/reference only; never auto-import as CAST,n/a,n/a,n/a,passive execution has no PlayCast; V2.2 REFERENCE_VFX scope,none
area_13,m_meercat,s_mon_meercat,ICON,true,icon_ruid,thumbnail://fc3c2944ce44425c8d7f302a8610b886,NEW_ART,true,false,ICON/003_m_meercat_s_mon_meercat_ICON.png,icon_ruid,1|256x256 RGBA|static|static|static,ui,none,"normalized (0.5,0.5); no autocrop/recenter",n/a,n/a,n/a,n/a,SkillTable.icon_ruid,none
area_13,m_meercat,s_mon_meercat,CAST_VFX,true,layer_ruids,"L1:412bce166c844b07ba1b4aa3ddcd53fa animationclip/clip delay=0s duration=0.74s scale=0.9 offset=(0,0)wu drift=(0,0)wu/s",NEW_ART,true,false,CAST/003_m_meercat_s_mon_meercat_CAST_F00.png..._CAST_F07.png,layer_ruids,8|384x384 RGBA|0.10|0.8|non-loop one-shot,true,SkillEffect applies FlipX for directional attacks; delayed layer samples caster position at SpawnLayer execution; map entity then applies drift,"normalized (0.5,0.5); no autocrop/recenter",ONE_TO_ONE_PRIMARY_CLIP,n/a,n/a,n/a,SkillTable layer/effect fields; SkillEffect.PlayCast/SpawnLayer,none
area_13,m_meercat,s_mon_meercat,PROJECTILE,false,none,,NO_RUNTIME_ROLE,false,false,none,none,0|n/a|n/a|n/a|n/a,false,n/a,"normalized (0.5,0.5); no autocrop/recenter",n/a,n/a,n/a,n/a,SkillTable visual fields + PlayerAttack/MonsterAttack/SkillEffect code,none
area_13,m_meercat,s_mon_meercat,HIT_VFX,false,none,,NO_RUNTIME_ROLE,false,false,none,none,0|n/a|n/a|n/a|n/a,false,n/a,"normalized (0.5,0.5); no autocrop/recenter",n/a,n/a,n/a,n/a,PlayerAttack.ResolveThrowHit; MonsterAttack.ResolveThrowHit; SkillEffect has no hit asset argument,none; no dedicated hit/impact visual field or Spawn call in current common projectile path
area_13,m_meercat,s_mon_meercat,PERSISTENT_BUFF_VFX,false,none,,NO_RUNTIME_ROLE,false,false,none,none,0|n/a|n/a|n/a|n/a,false,n/a,"normalized (0.5,0.5); no autocrop/recenter",n/a,n/a,n/a,n/a,MonsterAttack defense branch + SkillEffect.PlayCast; no persistent visual entity field,none; defense mechanics may persist but current visual is one-shot CAST only
area_13,m_meercat,s_mon_meercat,REFERENCE_VFX,false,none,,NO_RUNTIME_ROLE,false,false,none,none,0|n/a|n/a|n/a|n/a,false,n/a,"normalized (0.5,0.5); no autocrop/recenter",n/a,n/a,n/a,n/a,SkillTable visual fields + PlayerAttack/MonsterAttack/SkillEffect code,none
area_13,m_sand_dwarf,s_mon_sand_dwarf,ICON,true,icon_ruid,thumbnail://64f166fa4e5445bc982071dea297d988,NEW_ART,true,false,ICON/004_m_sand_dwarf_s_mon_sand_dwarf_ICON.png,icon_ruid,1|256x256 RGBA|static|static|static,ui,none,"normalized (0.5,0.5); no autocrop/recenter",n/a,n/a,n/a,n/a,SkillTable.icon_ruid,none
area_13,m_sand_dwarf,s_mon_sand_dwarf,CAST_VFX,false,none,,NO_RUNTIME_ROLE,false,false,none,none,0|n/a|n/a|n/a|n/a,false,n/a,"normalized (0.5,0.5); no autocrop/recenter",n/a,n/a,n/a,n/a,SkillTable visual fields + PlayerAttack/MonsterAttack/SkillEffect code,none
area_13,m_sand_dwarf,s_mon_sand_dwarf,PROJECTILE,false,none,,NO_RUNTIME_ROLE,false,false,none,none,0|n/a|n/a|n/a|n/a,false,n/a,"normalized (0.5,0.5); no autocrop/recenter",n/a,n/a,n/a,n/a,SkillTable visual fields + PlayerAttack/MonsterAttack/SkillEffect code,none
area_13,m_sand_dwarf,s_mon_sand_dwarf,HIT_VFX,false,none,,NO_RUNTIME_ROLE,false,false,none,none,0|n/a|n/a|n/a|n/a,false,n/a,"normalized (0.5,0.5); no autocrop/recenter",n/a,n/a,n/a,n/a,PlayerAttack.ResolveThrowHit; MonsterAttack.ResolveThrowHit; SkillEffect has no hit asset argument,none; no dedicated hit/impact visual field or Spawn call in current common projectile path
area_13,m_sand_dwarf,s_mon_sand_dwarf,PERSISTENT_BUFF_VFX,false,none,,NO_RUNTIME_ROLE,false,false,none,none,0|n/a|n/a|n/a|n/a,false,n/a,"normalized (0.5,0.5); no autocrop/recenter",n/a,n/a,n/a,n/a,MonsterAttack defense branch + SkillEffect.PlayCast; no persistent visual entity field,none; defense mechanics may persist but current visual is one-shot CAST only
area_13,m_sand_dwarf,s_mon_sand_dwarf,REFERENCE_VFX,input_reference_only,reference source; not runtime field,INPUT design reference,NEW_ART,true,false,REFERENCE/004_m_sand_dwarf_s_mon_sand_dwarf_REFERENCE_F00.png..._REFERENCE_F05.png,none,6|256x256 RGBA|0.10|0.6000000000000001|preview-only non-loop,false,preview only; no engine motion/FlipX contract,"normalized (0.5,0.5); no autocrop/recenter",preview/reference only; never auto-import as CAST,n/a,n/a,n/a,passive execution has no PlayCast; V2.2 REFERENCE_VFX scope,none
area_13,m_deo,s_mon_deo,ICON,true,icon_ruid,thumbnail://6cf930e280f44694a0a0feedbfd855ed,NEW_ART,true,false,ICON/005_m_deo_s_mon_deo_ICON.png,icon_ruid,1|256x256 RGBA|static|static|static,ui,none,"normalized (0.5,0.5); no autocrop/recenter",n/a,n/a,n/a,n/a,SkillTable.icon_ruid,none
area_13,m_deo,s_mon_deo,CAST_VFX,true,layer_ruids,"L1:98cd61bf1b2c4ff496455ad956cd95d5 animationclip/clip delay=0s duration=0.78s scale=1.05 offset=(0,0)wu drift=(0,0)wu/s; L2:9af96df994cf4794882fec71c027da2b animationclip/clip delay=0.2s duration=0.9s scale=0.85 offset=(0,0)wu drift=(0,0)wu/s",NEW_ART,true,false,CAST/005_m_deo_s_mon_deo_CAST_F00.png..._CAST_F11.png,layer_ruids,12|512x512 RGBA|0.08|0.96|non-loop one-shot,true,SkillEffect applies FlipX for directional attacks; delayed layer samples caster position at SpawnLayer execution; map entity then applies drift,"normalized (0.5,0.5); no autocrop/recenter",COMPOSITE_BAKED_ONE_CLIP: preserve L1..Ln relative delay/offset/drift rhythm inside one accepted local-canvas clip; final layer metadata becomes one primary layer after approval,n/a,n/a,n/a,SkillTable layer/effect fields; SkillEffect.PlayCast/SpawnLayer,none
area_13,m_deo,s_mon_deo,PROJECTILE,false,none,,NO_RUNTIME_ROLE,false,false,none,none,0|n/a|n/a|n/a|n/a,false,n/a,"normalized (0.5,0.5); no autocrop/recenter",n/a,n/a,n/a,n/a,SkillTable visual fields + PlayerAttack/MonsterAttack/SkillEffect code,none
area_13,m_deo,s_mon_deo,HIT_VFX,false,none,,NO_RUNTIME_ROLE,false,false,none,none,0|n/a|n/a|n/a|n/a,false,n/a,"normalized (0.5,0.5); no autocrop/recenter",n/a,n/a,n/a,n/a,PlayerAttack.ResolveThrowHit; MonsterAttack.ResolveThrowHit; SkillEffect has no hit asset argument,none; no dedicated hit/impact visual field or Spawn call in current common projectile path
area_13,m_deo,s_mon_deo,PERSISTENT_BUFF_VFX,false,none,,NO_RUNTIME_ROLE,false,false,none,none,0|n/a|n/a|n/a|n/a,false,n/a,"normalized (0.5,0.5); no autocrop/recenter",n/a,n/a,n/a,n/a,MonsterAttack defense branch + SkillEffect.PlayCast; no persistent visual entity field,none; defense mechanics may persist but current visual is one-shot CAST only
area_13,m_deo,s_mon_deo,REFERENCE_VFX,false,none,,NO_RUNTIME_ROLE,false,false,none,none,0|n/a|n/a|n/a|n/a,false,n/a,"normalized (0.5,0.5); no autocrop/recenter",n/a,n/a,n/a,n/a,SkillTable visual fields + PlayerAttack/MonsterAttack/SkillEffect code,none
area_14,m_cube_slime,s_mon_cube_slime,ICON,true,icon_ruid,thumbnail://e93e27480f1043ef8e51fa3b0906a4d9,NEW_ART,true,false,ICON/001_m_cube_slime_s_mon_cube_slime_ICON.png,icon_ruid,1|256x256 RGBA|static|static|static,ui,none,"normalized (0.5,0.5); no autocrop/recenter",n/a,n/a,n/a,n/a,SkillTable.icon_ruid,none
area_14,m_cube_slime,s_mon_cube_slime,CAST_VFX,false,none,,NO_RUNTIME_ROLE,false,false,none,none,0|n/a|n/a|n/a|n/a,false,n/a,"normalized (0.5,0.5); no autocrop/recenter",n/a,n/a,n/a,n/a,SkillTable visual fields + PlayerAttack/MonsterAttack/SkillEffect code,none
area_14,m_cube_slime,s_mon_cube_slime,PROJECTILE,false,none,,NO_RUNTIME_ROLE,false,false,none,none,0|n/a|n/a|n/a|n/a,false,n/a,"normalized (0.5,0.5); no autocrop/recenter",n/a,n/a,n/a,n/a,SkillTable visual fields + PlayerAttack/MonsterAttack/SkillEffect code,none
area_14,m_cube_slime,s_mon_cube_slime,HIT_VFX,false,none,,NO_RUNTIME_ROLE,false,false,none,none,0|n/a|n/a|n/a|n/a,false,n/a,"normalized (0.5,0.5); no autocrop/recenter",n/a,n/a,n/a,n/a,PlayerAttack.ResolveThrowHit; MonsterAttack.ResolveThrowHit; SkillEffect has no hit asset argument,none; no dedicated hit/impact visual field or Spawn call in current common projectile path
area_14,m_cube_slime,s_mon_cube_slime,PERSISTENT_BUFF_VFX,false,none,,NO_RUNTIME_ROLE,false,false,none,none,0|n/a|n/a|n/a|n/a,false,n/a,"normalized (0.5,0.5); no autocrop/recenter",n/a,n/a,n/a,n/a,MonsterAttack defense branch + SkillEffect.PlayCast; no persistent visual entity field,none; defense mechanics may persist but current visual is one-shot CAST only
area_14,m_cube_slime,s_mon_cube_slime,REFERENCE_VFX,input_reference_only,reference source; not runtime field,INPUT design reference,NEW_ART,true,false,REFERENCE/001_m_cube_slime_s_mon_cube_slime_REFERENCE_F00.png..._REFERENCE_F05.png,none,6|256x256 RGBA|0.10|0.6000000000000001|preview-only non-loop,false,preview only; no engine motion/FlipX contract,"normalized (0.5,0.5); no autocrop/recenter",preview/reference only; never auto-import as CAST,n/a,n/a,n/a,passive execution has no PlayCast; V2.2 REFERENCE_VFX scope,none
area_14,m_mithril_mutae,s_mon_mithril_mutae,ICON,true,icon_ruid,thumbnail://b06abb18fb52476d8bc7bdd5e46abe19,NEW_ART,true,false,ICON/002_m_mithril_mutae_s_mon_mithril_mutae_ICON.png,icon_ruid,1|256x256 RGBA|static|static|static,ui,none,"normalized (0.5,0.5); no autocrop/recenter",n/a,n/a,n/a,n/a,SkillTable.icon_ruid,none
area_14,m_mithril_mutae,s_mon_mithril_mutae,CAST_VFX,false,none,,NO_RUNTIME_ROLE,false,false,none,none,0|n/a|n/a|n/a|n/a,false,n/a,"normalized (0.5,0.5); no autocrop/recenter",n/a,n/a,n/a,n/a,SkillTable visual fields + PlayerAttack/MonsterAttack/SkillEffect code,none
area_14,m_mithril_mutae,s_mon_mithril_mutae,PROJECTILE,false,none,,NO_RUNTIME_ROLE,false,false,none,none,0|n/a|n/a|n/a|n/a,false,n/a,"normalized (0.5,0.5); no autocrop/recenter",n/a,n/a,n/a,n/a,SkillTable visual fields + PlayerAttack/MonsterAttack/SkillEffect code,none
area_14,m_mithril_mutae,s_mon_mithril_mutae,HIT_VFX,false,none,,NO_RUNTIME_ROLE,false,false,none,none,0|n/a|n/a|n/a|n/a,false,n/a,"normalized (0.5,0.5); no autocrop/recenter",n/a,n/a,n/a,n/a,PlayerAttack.ResolveThrowHit; MonsterAttack.ResolveThrowHit; SkillEffect has no hit asset argument,none; no dedicated hit/impact visual field or Spawn call in current common projectile path
area_14,m_mithril_mutae,s_mon_mithril_mutae,PERSISTENT_BUFF_VFX,false,none,,NO_RUNTIME_ROLE,false,false,none,none,0|n/a|n/a|n/a|n/a,false,n/a,"normalized (0.5,0.5); no autocrop/recenter",n/a,n/a,n/a,n/a,MonsterAttack defense branch + SkillEffect.PlayCast; no persistent visual entity field,none; defense mechanics may persist but current visual is one-shot CAST only
area_14,m_mithril_mutae,s_mon_mithril_mutae,REFERENCE_VFX,input_reference_only,reference source; not runtime field,INPUT design reference,NEW_ART,true,false,REFERENCE/002_m_mithril_mutae_s_mon_mithril_mutae_REFERENCE_F00.png..._REFERENCE_F05.png,none,6|256x256 RGBA|0.10|0.6000000000000001|preview-only non-loop,false,preview only; no engine motion/FlipX contract,"normalized (0.5,0.5); no autocrop/recenter",preview/reference only; never auto-import as CAST,n/a,n/a,n/a,passive execution has no PlayCast; V2.2 REFERENCE_VFX scope,none
area_14,m_homun,s_mon_homun,ICON,true,icon_ruid,thumbnail://8f0fb531779d41738664009091d7b017,NEW_ART,true,false,ICON/003_m_homun_s_mon_homun_ICON.png,icon_ruid,1|256x256 RGBA|static|static|static,ui,none,"normalized (0.5,0.5); no autocrop/recenter",n/a,n/a,n/a,n/a,SkillTable.icon_ruid,none
area_14,m_homun,s_mon_homun,CAST_VFX,true,layer_ruids,"L1:127defcb953144368b79da1417f8b4b4 animationclip/clip delay=0s duration=0.82s scale=0.9 offset=(0,0)wu drift=(0,0)wu/s",NEW_ART,true,false,CAST/003_m_homun_s_mon_homun_CAST_F00.png..._CAST_F07.png,layer_ruids,8|384x384 RGBA|0.10|0.8|non-loop one-shot,true,SkillEffect applies FlipX for directional attacks; delayed layer samples caster position at SpawnLayer execution; map entity then applies drift,"normalized (0.5,0.5); no autocrop/recenter",ONE_TO_ONE_PRIMARY_CLIP,n/a,n/a,n/a,SkillTable layer/effect fields; SkillEffect.PlayCast/SpawnLayer,none
area_14,m_homun,s_mon_homun,PROJECTILE,false,none,,NO_RUNTIME_ROLE,false,false,none,none,0|n/a|n/a|n/a|n/a,false,n/a,"normalized (0.5,0.5); no autocrop/recenter",n/a,n/a,n/a,n/a,SkillTable visual fields + PlayerAttack/MonsterAttack/SkillEffect code,none
area_14,m_homun,s_mon_homun,HIT_VFX,false,none,,NO_RUNTIME_ROLE,false,false,none,none,0|n/a|n/a|n/a|n/a,false,n/a,"normalized (0.5,0.5); no autocrop/recenter",n/a,n/a,n/a,n/a,PlayerAttack.ResolveThrowHit; MonsterAttack.ResolveThrowHit; SkillEffect has no hit asset argument,none; no dedicated hit/impact visual field or Spawn call in current common projectile path
area_14,m_homun,s_mon_homun,PERSISTENT_BUFF_VFX,false,none,,NO_RUNTIME_ROLE,false,false,none,none,0|n/a|n/a|n/a|n/a,false,n/a,"normalized (0.5,0.5); no autocrop/recenter",n/a,n/a,n/a,n/a,MonsterAttack defense branch + SkillEffect.PlayCast; no persistent visual entity field,none; defense mechanics may persist but current visual is one-shot CAST only
area_14,m_homun,s_mon_homun,REFERENCE_VFX,false,none,,NO_RUNTIME_ROLE,false,false,none,none,0|n/a|n/a|n/a|n/a,false,n/a,"normalized (0.5,0.5); no autocrop/recenter",n/a,n/a,n/a,n/a,SkillTable visual fields + PlayerAttack/MonsterAttack/SkillEffect code,none
area_14,m_roid,s_mon_roid,ICON,true,icon_ruid,thumbnail://364bc76e0cc3429ea8ca758319ec7678,NEW_ART,true,false,ICON/004_m_roid_s_mon_roid_ICON.png,icon_ruid,1|256x256 RGBA|static|static|static,ui,none,"normalized (0.5,0.5); no autocrop/recenter",n/a,7,0.8,0.35,SkillTable.icon_ruid,none
area_14,m_roid,s_mon_roid,CAST_VFX,true,layer_ruids,"L1:3ff44a80daba4bb4a903778e036f551d animationclip/clip delay=0.2s duration=0.72s scale=0.9 offset=(0,0)wu drift=(0,0)wu/s",NEW_ART,true,false,CAST/004_m_roid_s_mon_roid_CAST_F00.png..._CAST_F07.png,layer_ruids,8|384x384 RGBA|0.10|0.8|non-loop one-shot,true,SkillEffect applies FlipX for directional attacks; delayed layer samples caster position at SpawnLayer execution; map entity then applies drift,"normalized (0.5,0.5); no autocrop/recenter",ONE_TO_ONE_PRIMARY_CLIP,7,0.8,0.35,SkillTable layer/effect fields; SkillEffect.PlayCast/SpawnLayer,none
area_14,m_roid,s_mon_roid,PROJECTILE,true,projectile_ruid,e51545cbf94349f59f4431e2e76d2cdc,NEW_ART,true,false,PROJECTILE/004_m_roid_s_mon_roid_PROJECTILE_F00.png..._PROJECTILE_F03.png,projectile_ruid,4|384x384 RGBA|0.08|0.32|non-loop complete playback within 0.35s entity lifetime,true,art direction-neutral/local form only; engine translates caster+h to target+h and applies ZRotation; no PROJECTILE FlipX or travel-direction alignment,"normalized (0.5,0.5); no autocrop/recenter",independent from CAST; do not merge,7,0.8,0.35,SkillTable.projectile_ruid; SkillEffect.mlua:149-194; SkillProjectile.mlua:39-81; GameBalance projectile_seconds=0.35,import must author AnimationClip non-loop at 0.08s/frame; Maker runtime not run
area_14,m_roid,s_mon_roid,HIT_VFX,false,none,,NO_RUNTIME_ROLE,false,false,none,none,0|n/a|n/a|n/a|n/a,false,n/a,"normalized (0.5,0.5); no autocrop/recenter",n/a,7,0.8,0.35,PlayerAttack.ResolveThrowHit; MonsterAttack.ResolveThrowHit; SkillEffect has no hit asset argument,none; no dedicated hit/impact visual field or Spawn call in current common projectile path
area_14,m_roid,s_mon_roid,PERSISTENT_BUFF_VFX,false,none,,NO_RUNTIME_ROLE,false,false,none,none,0|n/a|n/a|n/a|n/a,false,n/a,"normalized (0.5,0.5); no autocrop/recenter",n/a,7,0.8,0.35,MonsterAttack defense branch + SkillEffect.PlayCast; no persistent visual entity field,none; defense mechanics may persist but current visual is one-shot CAST only
area_14,m_roid,s_mon_roid,REFERENCE_VFX,false,none,,NO_RUNTIME_ROLE,false,false,none,none,0|n/a|n/a|n/a|n/a,false,n/a,"normalized (0.5,0.5); no autocrop/recenter",n/a,7,0.8,0.35,SkillTable visual fields + PlayerAttack/MonsterAttack/SkillEffect code,none
area_14,m_chimera,s_mon_chimera,ICON,true,icon_ruid,thumbnail://3f5236d28b1f409797fe7c4b48743b8a,NEW_ART,true,false,ICON/005_m_chimera_s_mon_chimera_ICON.png,icon_ruid,1|256x256 RGBA|static|static|static,ui,none,"normalized (0.5,0.5); no autocrop/recenter",n/a,6.8,0.8,0.35,SkillTable.icon_ruid,none
area_14,m_chimera,s_mon_chimera,CAST_VFX,true,layer_ruids,"L1:127defcb953144368b79da1417f8b4b4 animationclip/clip delay=0.2s duration=0.8s scale=1.05 offset=(0,0)wu drift=(0,0)wu/s; L2:ec7b571a85244965b296d26e6511e06d animationclip/clip delay=0s duration=0.9s scale=0.85 offset=(0,0)wu drift=(0,0)wu/s",NEW_ART,true,false,CAST/005_m_chimera_s_mon_chimera_CAST_F00.png..._CAST_F11.png,layer_ruids,12|512x512 RGBA|0.08|0.96|non-loop one-shot,true,SkillEffect applies FlipX for directional attacks; delayed layer samples caster position at SpawnLayer execution; map entity then applies drift,"normalized (0.5,0.5); no autocrop/recenter",COMPOSITE_BAKED_ONE_CLIP: preserve L1..Ln relative delay/offset/drift rhythm inside one accepted local-canvas clip; final layer metadata becomes one primary layer after approval,6.8,0.8,0.35,SkillTable layer/effect fields; SkillEffect.PlayCast/SpawnLayer,none
area_14,m_chimera,s_mon_chimera,PROJECTILE,true,projectile_ruid,ab113d9a5ca5402d85ecc2ab7a4f51a1,NEW_ART,true,false,PROJECTILE/005_m_chimera_s_mon_chimera_PROJECTILE_F00.png..._PROJECTILE_F03.png,projectile_ruid,4|512x512 RGBA|0.08|0.32|non-loop complete playback within 0.35s entity lifetime,true,art direction-neutral/local form only; engine translates caster+h to target+h and applies ZRotation; no PROJECTILE FlipX or travel-direction alignment,"normalized (0.5,0.5); no autocrop/recenter",independent from CAST; do not merge,6.8,0.8,0.35,SkillTable.projectile_ruid; SkillEffect.mlua:149-194; SkillProjectile.mlua:39-81; GameBalance projectile_seconds=0.35,import must author AnimationClip non-loop at 0.08s/frame; Maker runtime not run
area_14,m_chimera,s_mon_chimera,HIT_VFX,false,none,,NO_RUNTIME_ROLE,false,false,none,none,0|n/a|n/a|n/a|n/a,false,n/a,"normalized (0.5,0.5); no autocrop/recenter",n/a,6.8,0.8,0.35,PlayerAttack.ResolveThrowHit; MonsterAttack.ResolveThrowHit; SkillEffect has no hit asset argument,none; no dedicated hit/impact visual field or Spawn call in current common projectile path
area_14,m_chimera,s_mon_chimera,PERSISTENT_BUFF_VFX,false,none,,NO_RUNTIME_ROLE,false,false,none,none,0|n/a|n/a|n/a|n/a,false,n/a,"normalized (0.5,0.5); no autocrop/recenter",n/a,6.8,0.8,0.35,MonsterAttack defense branch + SkillEffect.PlayCast; no persistent visual entity field,none; defense mechanics may persist but current visual is one-shot CAST only
area_14,m_chimera,s_mon_chimera,REFERENCE_VFX,false,none,,NO_RUNTIME_ROLE,false,false,none,none,0|n/a|n/a|n/a|n/a,false,n/a,"normalized (0.5,0.5); no autocrop/recenter",n/a,6.8,0.8,0.35,SkillTable visual fields + PlayerAttack/MonsterAttack/SkillEffect code,none
area_15,m_straw_dummy,s_mon_straw_dummy,ICON,true,icon_ruid,thumbnail://4b1d55e35ae9462b944297691025429a,NEW_ART,true,false,ICON/001_m_straw_dummy_s_mon_straw_dummy_ICON.png,icon_ruid,1|256x256 RGBA|static|static|static,ui,none,"normalized (0.5,0.5); no autocrop/recenter",n/a,n/a,n/a,n/a,SkillTable.icon_ruid,none
area_15,m_straw_dummy,s_mon_straw_dummy,CAST_VFX,false,none,,NO_RUNTIME_ROLE,false,false,none,none,0|n/a|n/a|n/a|n/a,false,n/a,"normalized (0.5,0.5); no autocrop/recenter",n/a,n/a,n/a,n/a,SkillTable visual fields + PlayerAttack/MonsterAttack/SkillEffect code,none
area_15,m_straw_dummy,s_mon_straw_dummy,PROJECTILE,false,none,,NO_RUNTIME_ROLE,false,false,none,none,0|n/a|n/a|n/a|n/a,false,n/a,"normalized (0.5,0.5); no autocrop/recenter",n/a,n/a,n/a,n/a,SkillTable visual fields + PlayerAttack/MonsterAttack/SkillEffect code,none
area_15,m_straw_dummy,s_mon_straw_dummy,HIT_VFX,false,none,,NO_RUNTIME_ROLE,false,false,none,none,0|n/a|n/a|n/a|n/a,false,n/a,"normalized (0.5,0.5); no autocrop/recenter",n/a,n/a,n/a,n/a,PlayerAttack.ResolveThrowHit; MonsterAttack.ResolveThrowHit; SkillEffect has no hit asset argument,none; no dedicated hit/impact visual field or Spawn call in current common projectile path
area_15,m_straw_dummy,s_mon_straw_dummy,PERSISTENT_BUFF_VFX,false,none,,NO_RUNTIME_ROLE,false,false,none,none,0|n/a|n/a|n/a|n/a,false,n/a,"normalized (0.5,0.5); no autocrop/recenter",n/a,n/a,n/a,n/a,MonsterAttack defense branch + SkillEffect.PlayCast; no persistent visual entity field,none; defense mechanics may persist but current visual is one-shot CAST only
area_15,m_straw_dummy,s_mon_straw_dummy,REFERENCE_VFX,input_reference_only,reference source; not runtime field,INPUT design reference,NEW_ART,true,false,REFERENCE/001_m_straw_dummy_s_mon_straw_dummy_REFERENCE_F00.png..._REFERENCE_F05.png,none,6|256x256 RGBA|0.10|0.6000000000000001|preview-only non-loop,false,preview only; no engine motion/FlipX contract,"normalized (0.5,0.5); no autocrop/recenter",preview/reference only; never auto-import as CAST,n/a,n/a,n/a,passive execution has no PlayCast; V2.2 REFERENCE_VFX scope,none
area_15,m_wooden_dummy,s_mon_wooden_dummy,ICON,true,icon_ruid,thumbnail://91ff481190624f0fa850c86c8d3bdbde,NEW_ART,true,false,ICON/002_m_wooden_dummy_s_mon_wooden_dummy_ICON.png,icon_ruid,1|256x256 RGBA|static|static|static,ui,none,"normalized (0.5,0.5); no autocrop/recenter",n/a,n/a,n/a,n/a,SkillTable.icon_ruid,none
area_15,m_wooden_dummy,s_mon_wooden_dummy,CAST_VFX,true,layer_ruids,"L1:1ad77c5bc77f4ee3a7b212d6394f0b13 animationclip/clip delay=0s duration=0.7s scale=0.9 offset=(0,0)wu drift=(0,0)wu/s; L2:7598c7485ce9483b8b1178386b7d8f73 animationclip/clip delay=0.22s duration=0.55s scale=1.05 offset=(0,0)wu drift=(0,0)wu/s",NEW_ART,true,false,CAST/002_m_wooden_dummy_s_mon_wooden_dummy_CAST_F00.png..._CAST_F07.png,layer_ruids,8|384x384 RGBA|0.10|0.8|non-loop one-shot,true,SkillEffect applies FlipX for directional attacks; delayed layer samples caster position at SpawnLayer execution; map entity then applies drift,"normalized (0.5,0.5); no autocrop/recenter",COMPOSITE_BAKED_ONE_CLIP: preserve L1..Ln relative delay/offset/drift rhythm inside one accepted local-canvas clip; final layer metadata becomes one primary layer after approval,n/a,n/a,n/a,SkillTable layer/effect fields; SkillEffect.PlayCast/SpawnLayer,none
area_15,m_wooden_dummy,s_mon_wooden_dummy,PROJECTILE,false,none,,NO_RUNTIME_ROLE,false,false,none,none,0|n/a|n/a|n/a|n/a,false,n/a,"normalized (0.5,0.5); no autocrop/recenter",n/a,n/a,n/a,n/a,SkillTable visual fields + PlayerAttack/MonsterAttack/SkillEffect code,none
area_15,m_wooden_dummy,s_mon_wooden_dummy,HIT_VFX,false,none,,NO_RUNTIME_ROLE,false,false,none,none,0|n/a|n/a|n/a|n/a,false,n/a,"normalized (0.5,0.5); no autocrop/recenter",n/a,n/a,n/a,n/a,PlayerAttack.ResolveThrowHit; MonsterAttack.ResolveThrowHit; SkillEffect has no hit asset argument,none; no dedicated hit/impact visual field or Spawn call in current common projectile path
area_15,m_wooden_dummy,s_mon_wooden_dummy,PERSISTENT_BUFF_VFX,false,none,,NO_RUNTIME_ROLE,false,false,none,none,0|n/a|n/a|n/a|n/a,false,n/a,"normalized (0.5,0.5); no autocrop/recenter",n/a,n/a,n/a,n/a,MonsterAttack defense branch + SkillEffect.PlayCast; no persistent visual entity field,none; defense mechanics may persist but current visual is one-shot CAST only
area_15,m_wooden_dummy,s_mon_wooden_dummy,REFERENCE_VFX,false,none,,NO_RUNTIME_ROLE,false,false,none,none,0|n/a|n/a|n/a|n/a,false,n/a,"normalized (0.5,0.5); no autocrop/recenter",n/a,n/a,n/a,n/a,SkillTable visual fields + PlayerAttack/MonsterAttack/SkillEffect code,none
area_15,m_peach_monkey,s_mon_peach_monkey,ICON,true,icon_ruid,thumbnail://15e255981ed54cf092a136b1526aa055,NEW_ART,true,false,ICON/003_m_peach_monkey_s_mon_peach_monkey_ICON.png,icon_ruid,1|256x256 RGBA|static|static|static,ui,none,"normalized (0.5,0.5); no autocrop/recenter",n/a,7,0.8,0.35,SkillTable.icon_ruid,none
area_15,m_peach_monkey,s_mon_peach_monkey,CAST_VFX,true,layer_ruids,"L1:b22bb4955588482cbe450b97cff20c19 animationclip/clip delay=0s duration=0.65s scale=1 offset=(0,0)wu drift=(0,0)wu/s",NEW_ART,true,false,CAST/003_m_peach_monkey_s_mon_peach_monkey_CAST_F00.png..._CAST_F07.png,layer_ruids,8|384x384 RGBA|0.10|0.8|non-loop one-shot,true,SkillEffect applies FlipX for directional attacks; delayed layer samples caster position at SpawnLayer execution; map entity then applies drift,"normalized (0.5,0.5); no autocrop/recenter",ONE_TO_ONE_PRIMARY_CLIP,7,0.8,0.35,SkillTable layer/effect fields; SkillEffect.PlayCast/SpawnLayer,none
area_15,m_peach_monkey,s_mon_peach_monkey,PROJECTILE,true,projectile_ruid,9ca14ee512b1489cbb54b2b9833388cd,NEW_ART,true,false,PROJECTILE/003_m_peach_monkey_s_mon_peach_monkey_PROJECTILE_F00.png..._PROJECTILE_F03.png,projectile_ruid,4|384x384 RGBA|0.08|0.32|non-loop complete playback within 0.35s entity lifetime,true,art direction-neutral/local form only; engine translates caster+h to target+h and applies ZRotation; no PROJECTILE FlipX or travel-direction alignment,"normalized (0.5,0.5); no autocrop/recenter",independent from CAST; do not merge,7,0.8,0.35,SkillTable.projectile_ruid; SkillEffect.mlua:149-194; SkillProjectile.mlua:39-81; GameBalance projectile_seconds=0.35,import must author AnimationClip non-loop at 0.08s/frame; Maker runtime not run
area_15,m_peach_monkey,s_mon_peach_monkey,HIT_VFX,false,none,,NO_RUNTIME_ROLE,false,false,none,none,0|n/a|n/a|n/a|n/a,false,n/a,"normalized (0.5,0.5); no autocrop/recenter",n/a,7,0.8,0.35,PlayerAttack.ResolveThrowHit; MonsterAttack.ResolveThrowHit; SkillEffect has no hit asset argument,none; no dedicated hit/impact visual field or Spawn call in current common projectile path
area_15,m_peach_monkey,s_mon_peach_monkey,PERSISTENT_BUFF_VFX,false,none,,NO_RUNTIME_ROLE,false,false,none,none,0|n/a|n/a|n/a|n/a,false,n/a,"normalized (0.5,0.5); no autocrop/recenter",n/a,7,0.8,0.35,MonsterAttack defense branch + SkillEffect.PlayCast; no persistent visual entity field,none; defense mechanics may persist but current visual is one-shot CAST only
area_15,m_peach_monkey,s_mon_peach_monkey,REFERENCE_VFX,false,none,,NO_RUNTIME_ROLE,false,false,none,none,0|n/a|n/a|n/a|n/a,false,n/a,"normalized (0.5,0.5); no autocrop/recenter",n/a,7,0.8,0.35,SkillTable visual fields + PlayerAttack/MonsterAttack/SkillEffect code,none
area_15,m_blue_flower_serpent,s_mon_blue_flower_serpent,ICON,true,icon_ruid,thumbnail://75dc3d98cc1243298dca02fd708bcb34,NEW_ART,true,false,ICON/004_m_blue_flower_serpent_s_mon_blue_flower_serpent_ICON.png,icon_ruid,1|256x256 RGBA|static|static|static,ui,none,"normalized (0.5,0.5); no autocrop/recenter",n/a,n/a,n/a,n/a,SkillTable.icon_ruid,none
area_15,m_blue_flower_serpent,s_mon_blue_flower_serpent,CAST_VFX,false,none,,NO_RUNTIME_ROLE,false,false,none,none,0|n/a|n/a|n/a|n/a,false,n/a,"normalized (0.5,0.5); no autocrop/recenter",n/a,n/a,n/a,n/a,SkillTable visual fields + PlayerAttack/MonsterAttack/SkillEffect code,none
area_15,m_blue_flower_serpent,s_mon_blue_flower_serpent,PROJECTILE,false,none,,NO_RUNTIME_ROLE,false,false,none,none,0|n/a|n/a|n/a|n/a,false,n/a,"normalized (0.5,0.5); no autocrop/recenter",n/a,n/a,n/a,n/a,SkillTable visual fields + PlayerAttack/MonsterAttack/SkillEffect code,none
area_15,m_blue_flower_serpent,s_mon_blue_flower_serpent,HIT_VFX,false,none,,NO_RUNTIME_ROLE,false,false,none,none,0|n/a|n/a|n/a|n/a,false,n/a,"normalized (0.5,0.5); no autocrop/recenter",n/a,n/a,n/a,n/a,PlayerAttack.ResolveThrowHit; MonsterAttack.ResolveThrowHit; SkillEffect has no hit asset argument,none; no dedicated hit/impact visual field or Spawn call in current common projectile path
area_15,m_blue_flower_serpent,s_mon_blue_flower_serpent,PERSISTENT_BUFF_VFX,false,none,,NO_RUNTIME_ROLE,false,false,none,none,0|n/a|n/a|n/a|n/a,false,n/a,"normalized (0.5,0.5); no autocrop/recenter",n/a,n/a,n/a,n/a,MonsterAttack defense branch + SkillEffect.PlayCast; no persistent visual entity field,none; defense mechanics may persist but current visual is one-shot CAST only
area_15,m_blue_flower_serpent,s_mon_blue_flower_serpent,REFERENCE_VFX,input_reference_only,reference source; not runtime field,INPUT design reference,NEW_ART,true,false,REFERENCE/004_m_blue_flower_serpent_s_mon_blue_flower_serpent_REFERENCE_F00.png..._REFERENCE_F05.png,none,6|256x256 RGBA|0.10|0.6000000000000001|preview-only non-loop,false,preview only; no engine motion/FlipX contract,"normalized (0.5,0.5); no autocrop/recenter",preview/reference only; never auto-import as CAST,n/a,n/a,n/a,passive execution has no PlayCast; V2.2 REFERENCE_VFX scope,none
area_15,m_tae_roon,s_mon_tae_roon,ICON,true,icon_ruid,thumbnail://0e1e782401624d7693959777c0b16ebe,NEW_ART,true,false,ICON/005_m_tae_roon_s_mon_tae_roon_ICON.png,icon_ruid,1|256x256 RGBA|static|static|static,ui,none,"normalized (0.5,0.5); no autocrop/recenter",n/a,6.6,0.8,0.35,SkillTable.icon_ruid,none
area_15,m_tae_roon,s_mon_tae_roon,CAST_VFX,true,layer_ruids,"L1:353079a9d111455ab55d75577f9d7967 animationclip/clip delay=0s duration=0.75s scale=1.05 offset=(0,0)wu drift=(0,0)wu/s; L2:8e38989c6f3d4f87876d37e431ee11c1 animationclip/clip delay=0.2s duration=0.85s scale=1.1 offset=(0,0)wu drift=(0,0)wu/s",NEW_ART,true,false,CAST/005_m_tae_roon_s_mon_tae_roon_CAST_F00.png..._CAST_F11.png,layer_ruids,12|512x512 RGBA|0.08|0.96|non-loop one-shot,true,SkillEffect applies FlipX for directional attacks; delayed layer samples caster position at SpawnLayer execution; map entity then applies drift,"normalized (0.5,0.5); no autocrop/recenter",COMPOSITE_BAKED_ONE_CLIP: preserve L1..Ln relative delay/offset/drift rhythm inside one accepted local-canvas clip; final layer metadata becomes one primary layer after approval,6.6,0.8,0.35,SkillTable layer/effect fields; SkillEffect.PlayCast/SpawnLayer,none
area_15,m_tae_roon,s_mon_tae_roon,PROJECTILE,true,projectile_ruid,5328a3875a32437784c949579f259a00,NEW_ART,true,false,PROJECTILE/005_m_tae_roon_s_mon_tae_roon_PROJECTILE_F00.png..._PROJECTILE_F03.png,projectile_ruid,4|512x512 RGBA|0.08|0.32|non-loop complete playback within 0.35s entity lifetime,true,art direction-neutral/local form only; engine translates caster+h to target+h and applies ZRotation; no PROJECTILE FlipX or travel-direction alignment,"normalized (0.5,0.5); no autocrop/recenter",independent from CAST; do not merge,6.6,0.8,0.35,SkillTable.projectile_ruid; SkillEffect.mlua:149-194; SkillProjectile.mlua:39-81; GameBalance projectile_seconds=0.35,import must author AnimationClip non-loop at 0.08s/frame; Maker runtime not run
area_15,m_tae_roon,s_mon_tae_roon,HIT_VFX,false,none,,NO_RUNTIME_ROLE,false,false,none,none,0|n/a|n/a|n/a|n/a,false,n/a,"normalized (0.5,0.5); no autocrop/recenter",n/a,6.6,0.8,0.35,PlayerAttack.ResolveThrowHit; MonsterAttack.ResolveThrowHit; SkillEffect has no hit asset argument,none; no dedicated hit/impact visual field or Spawn call in current common projectile path
area_15,m_tae_roon,s_mon_tae_roon,PERSISTENT_BUFF_VFX,false,none,,NO_RUNTIME_ROLE,false,false,none,none,0|n/a|n/a|n/a|n/a,false,n/a,"normalized (0.5,0.5); no autocrop/recenter",n/a,6.6,0.8,0.35,MonsterAttack defense branch + SkillEffect.PlayCast; no persistent visual entity field,none; defense mechanics may persist but current visual is one-shot CAST only
area_15,m_tae_roon,s_mon_tae_roon,REFERENCE_VFX,false,none,,NO_RUNTIME_ROLE,false,false,none,none,0|n/a|n/a|n/a|n/a,false,n/a,"normalized (0.5,0.5); no autocrop/recenter",n/a,6.6,0.8,0.35,SkillTable visual fields + PlayerAttack/MonsterAttack/SkillEffect code,none
area_16,m_harp,s_mon_harp,ICON,true,icon_ruid,thumbnail://96bd8dd2077844d1a0e5ce6b956d94ef,NEW_ART,true,false,ICON/001_m_harp_s_mon_harp_ICON.png,icon_ruid,1|256x256 RGBA|static|static|static,ui,none,"normalized (0.5,0.5); no autocrop/recenter",n/a,n/a,n/a,n/a,SkillTable.icon_ruid,none
area_16,m_harp,s_mon_harp,CAST_VFX,false,none,,NO_RUNTIME_ROLE,false,false,none,none,0|n/a|n/a|n/a|n/a,false,n/a,"normalized (0.5,0.5); no autocrop/recenter",n/a,n/a,n/a,n/a,SkillTable visual fields + PlayerAttack/MonsterAttack/SkillEffect code,none
area_16,m_harp,s_mon_harp,PROJECTILE,false,none,,NO_RUNTIME_ROLE,false,false,none,none,0|n/a|n/a|n/a|n/a,false,n/a,"normalized (0.5,0.5); no autocrop/recenter",n/a,n/a,n/a,n/a,SkillTable visual fields + PlayerAttack/MonsterAttack/SkillEffect code,none
area_16,m_harp,s_mon_harp,HIT_VFX,false,none,,NO_RUNTIME_ROLE,false,false,none,none,0|n/a|n/a|n/a|n/a,false,n/a,"normalized (0.5,0.5); no autocrop/recenter",n/a,n/a,n/a,n/a,PlayerAttack.ResolveThrowHit; MonsterAttack.ResolveThrowHit; SkillEffect has no hit asset argument,none; no dedicated hit/impact visual field or Spawn call in current common projectile path
area_16,m_harp,s_mon_harp,PERSISTENT_BUFF_VFX,false,none,,NO_RUNTIME_ROLE,false,false,none,none,0|n/a|n/a|n/a|n/a,false,n/a,"normalized (0.5,0.5); no autocrop/recenter",n/a,n/a,n/a,n/a,MonsterAttack defense branch + SkillEffect.PlayCast; no persistent visual entity field,none; defense mechanics may persist but current visual is one-shot CAST only
area_16,m_harp,s_mon_harp,REFERENCE_VFX,input_reference_only,reference source; not runtime field,INPUT design reference,NEW_ART,true,false,REFERENCE/001_m_harp_s_mon_harp_REFERENCE_F00.png..._REFERENCE_F05.png,none,6|256x256 RGBA|0.10|0.6000000000000001|preview-only non-loop,false,preview only; no engine motion/FlipX contract,"normalized (0.5,0.5); no autocrop/recenter",preview/reference only; never auto-import as CAST,n/a,n/a,n/a,passive execution has no PlayCast; V2.2 REFERENCE_VFX scope,none
area_16,m_blood_harp,s_mon_blood_harp,ICON,true,icon_ruid,thumbnail://8c2ec5bf58894061a19479ed7545637b,NEW_ART,true,false,ICON/002_m_blood_harp_s_mon_blood_harp_ICON.png,icon_ruid,1|256x256 RGBA|static|static|static,ui,none,"normalized (0.5,0.5); no autocrop/recenter",n/a,n/a,n/a,n/a,SkillTable.icon_ruid,none
area_16,m_blood_harp,s_mon_blood_harp,CAST_VFX,true,layer_ruids,"L1:1f2bdb3b15a145ea8f3db3fbfb61296b animationclip/clip delay=0s duration=0.68s scale=.95 offset=(0,0)wu drift=(0,0)wu/s; L2:518e72a0592d48b3b3e451be46a4f39e animationclip/clip delay=0.18s duration=0.78s scale=1.05 offset=(0,0)wu drift=(0,0)wu/s",NEW_ART,true,false,CAST/002_m_blood_harp_s_mon_blood_harp_CAST_F00.png..._CAST_F07.png,layer_ruids,8|384x384 RGBA|0.10|0.8|non-loop one-shot,true,SkillEffect applies FlipX for directional attacks; delayed layer samples caster position at SpawnLayer execution; map entity then applies drift,"normalized (0.5,0.5); no autocrop/recenter",COMPOSITE_BAKED_ONE_CLIP: preserve L1..Ln relative delay/offset/drift rhythm inside one accepted local-canvas clip; final layer metadata becomes one primary layer after approval,n/a,n/a,n/a,SkillTable layer/effect fields; SkillEffect.PlayCast/SpawnLayer,none
area_16,m_blood_harp,s_mon_blood_harp,PROJECTILE,false,none,,NO_RUNTIME_ROLE,false,false,none,none,0|n/a|n/a|n/a|n/a,false,n/a,"normalized (0.5,0.5); no autocrop/recenter",n/a,n/a,n/a,n/a,SkillTable visual fields + PlayerAttack/MonsterAttack/SkillEffect code,none
area_16,m_blood_harp,s_mon_blood_harp,HIT_VFX,false,none,,NO_RUNTIME_ROLE,false,false,none,none,0|n/a|n/a|n/a|n/a,false,n/a,"normalized (0.5,0.5); no autocrop/recenter",n/a,n/a,n/a,n/a,PlayerAttack.ResolveThrowHit; MonsterAttack.ResolveThrowHit; SkillEffect has no hit asset argument,none; no dedicated hit/impact visual field or Spawn call in current common projectile path
area_16,m_blood_harp,s_mon_blood_harp,PERSISTENT_BUFF_VFX,false,none,,NO_RUNTIME_ROLE,false,false,none,none,0|n/a|n/a|n/a|n/a,false,n/a,"normalized (0.5,0.5); no autocrop/recenter",n/a,n/a,n/a,n/a,MonsterAttack defense branch + SkillEffect.PlayCast; no persistent visual entity field,none; defense mechanics may persist but current visual is one-shot CAST only
area_16,m_blood_harp,s_mon_blood_harp,REFERENCE_VFX,false,none,,NO_RUNTIME_ROLE,false,false,none,none,0|n/a|n/a|n/a|n/a,false,n/a,"normalized (0.5,0.5); no autocrop/recenter",n/a,n/a,n/a,n/a,SkillTable visual fields + PlayerAttack/MonsterAttack/SkillEffect code,none
area_16,m_blue_wyvern,s_mon_blue_wyvern,ICON,true,icon_ruid,thumbnail://07bc82953fca4677bc00f74680ec337b,NEW_ART,true,false,ICON/003_m_blue_wyvern_s_mon_blue_wyvern_ICON.png,icon_ruid,1|256x256 RGBA|static|static|static,ui,none,"normalized (0.5,0.5); no autocrop/recenter",n/a,n/a,n/a,n/a,SkillTable.icon_ruid,none
area_16,m_blue_wyvern,s_mon_blue_wyvern,CAST_VFX,true,layer_ruids,"L1:01663ed8b2a94562956e8029a79c03b5 animationclip/clip delay=0s duration=0.72s scale=1 offset=(0,0)wu drift=(0,0)wu/s; L2:1215ca4153664cb18a207cddcc5ab22c animationclip/clip delay=0.2s duration=0.82s scale=1.05 offset=(0,0)wu drift=(0,0)wu/s",NEW_ART,true,false,CAST/003_m_blue_wyvern_s_mon_blue_wyvern_CAST_F00.png..._CAST_F07.png,layer_ruids,8|384x384 RGBA|0.10|0.8|non-loop one-shot,true,SkillEffect applies FlipX for directional attacks; delayed layer samples caster position at SpawnLayer execution; map entity then applies drift,"normalized (0.5,0.5); no autocrop/recenter",COMPOSITE_BAKED_ONE_CLIP: preserve L1..Ln relative delay/offset/drift rhythm inside one accepted local-canvas clip; final layer metadata becomes one primary layer after approval,n/a,n/a,n/a,SkillTable layer/effect fields; SkillEffect.PlayCast/SpawnLayer,none
area_16,m_blue_wyvern,s_mon_blue_wyvern,PROJECTILE,false,none,,NO_RUNTIME_ROLE,false,false,none,none,0|n/a|n/a|n/a|n/a,false,n/a,"normalized (0.5,0.5); no autocrop/recenter",n/a,n/a,n/a,n/a,SkillTable visual fields + PlayerAttack/MonsterAttack/SkillEffect code,none
area_16,m_blue_wyvern,s_mon_blue_wyvern,HIT_VFX,false,none,,NO_RUNTIME_ROLE,false,false,none,none,0|n/a|n/a|n/a|n/a,false,n/a,"normalized (0.5,0.5); no autocrop/recenter",n/a,n/a,n/a,n/a,PlayerAttack.ResolveThrowHit; MonsterAttack.ResolveThrowHit; SkillEffect has no hit asset argument,none; no dedicated hit/impact visual field or Spawn call in current common projectile path
area_16,m_blue_wyvern,s_mon_blue_wyvern,PERSISTENT_BUFF_VFX,false,none,,NO_RUNTIME_ROLE,false,false,none,none,0|n/a|n/a|n/a|n/a,false,n/a,"normalized (0.5,0.5); no autocrop/recenter",n/a,n/a,n/a,n/a,MonsterAttack defense branch + SkillEffect.PlayCast; no persistent visual entity field,none; defense mechanics may persist but current visual is one-shot CAST only
area_16,m_blue_wyvern,s_mon_blue_wyvern,REFERENCE_VFX,false,none,,NO_RUNTIME_ROLE,false,false,none,none,0|n/a|n/a|n/a|n/a,false,n/a,"normalized (0.5,0.5); no autocrop/recenter",n/a,n/a,n/a,n/a,SkillTable visual fields + PlayerAttack/MonsterAttack/SkillEffect code,none
area_16,m_dark_wyvern,s_mon_dark_wyvern,ICON,true,icon_ruid,thumbnail://2d932a6e7989426a9856fb5fc2d0e59f,NEW_ART,true,false,ICON/004_m_dark_wyvern_s_mon_dark_wyvern_ICON.png,icon_ruid,1|256x256 RGBA|static|static|static,ui,none,"normalized (0.5,0.5); no autocrop/recenter",n/a,n/a,n/a,n/a,SkillTable.icon_ruid,none
area_16,m_dark_wyvern,s_mon_dark_wyvern,CAST_VFX,false,none,,NO_RUNTIME_ROLE,false,false,none,none,0|n/a|n/a|n/a|n/a,false,n/a,"normalized (0.5,0.5); no autocrop/recenter",n/a,n/a,n/a,n/a,SkillTable visual fields + PlayerAttack/MonsterAttack/SkillEffect code,none
area_16,m_dark_wyvern,s_mon_dark_wyvern,PROJECTILE,false,none,,NO_RUNTIME_ROLE,false,false,none,none,0|n/a|n/a|n/a|n/a,false,n/a,"normalized (0.5,0.5); no autocrop/recenter",n/a,n/a,n/a,n/a,SkillTable visual fields + PlayerAttack/MonsterAttack/SkillEffect code,none
area_16,m_dark_wyvern,s_mon_dark_wyvern,HIT_VFX,false,none,,NO_RUNTIME_ROLE,false,false,none,none,0|n/a|n/a|n/a|n/a,false,n/a,"normalized (0.5,0.5); no autocrop/recenter",n/a,n/a,n/a,n/a,PlayerAttack.ResolveThrowHit; MonsterAttack.ResolveThrowHit; SkillEffect has no hit asset argument,none; no dedicated hit/impact visual field or Spawn call in current common projectile path
area_16,m_dark_wyvern,s_mon_dark_wyvern,PERSISTENT_BUFF_VFX,false,none,,NO_RUNTIME_ROLE,false,false,none,none,0|n/a|n/a|n/a|n/a,false,n/a,"normalized (0.5,0.5); no autocrop/recenter",n/a,n/a,n/a,n/a,MonsterAttack defense branch + SkillEffect.PlayCast; no persistent visual entity field,none; defense mechanics may persist but current visual is one-shot CAST only
area_16,m_dark_wyvern,s_mon_dark_wyvern,REFERENCE_VFX,input_reference_only,reference source; not runtime field,INPUT design reference,NEW_ART,true,false,REFERENCE/004_m_dark_wyvern_s_mon_dark_wyvern_REFERENCE_F00.png..._REFERENCE_F05.png,none,6|256x256 RGBA|0.10|0.6000000000000001|preview-only non-loop,false,preview only; no engine motion/FlipX contract,"normalized (0.5,0.5); no autocrop/recenter",preview/reference only; never auto-import as CAST,n/a,n/a,n/a,passive execution has no PlayCast; V2.2 REFERENCE_VFX scope,none
area_16,m_manon,s_mon_manon,ICON,true,icon_ruid,thumbnail://b8cdd7920392456f99272649c7cb7c2d,NEW_ART,true,false,ICON/005_m_manon_s_mon_manon_ICON.png,icon_ruid,1|256x256 RGBA|static|static|static,ui,none,"normalized (0.5,0.5); no autocrop/recenter",n/a,n/a,n/a,n/a,SkillTable.icon_ruid,none
area_16,m_manon,s_mon_manon,CAST_VFX,true,layer_ruids,"L1:5ac6554c0ea94009bbd9389df0542339 animationclip/clip delay=0s duration=.72s scale=1 offset=(0,0)wu drift=(0,0)wu/s; L2:b6b5849af24a416ab1680a1dced9697f animationclip/clip delay=0.17s duration=.76s scale=1.08 offset=(0,0)wu drift=(0,0)wu/s; L3:128fe611ea9347aab589c5b5d4d8fc5b animationclip/clip delay=0.34s duration=.82s scale=1.16 offset=(0,0)wu drift=(0,0)wu/s",NEW_ART,true,false,CAST/005_m_manon_s_mon_manon_CAST_F00.png..._CAST_F11.png,layer_ruids,12|512x512 RGBA|0.08|0.96|non-loop one-shot,true,SkillEffect applies FlipX for directional attacks; delayed layer samples caster position at SpawnLayer execution; map entity then applies drift,"normalized (0.5,0.5); no autocrop/recenter",COMPOSITE_BAKED_ONE_CLIP: preserve L1..Ln relative delay/offset/drift rhythm inside one accepted local-canvas clip; final layer metadata becomes one primary layer after approval,n/a,n/a,n/a,SkillTable layer/effect fields; SkillEffect.PlayCast/SpawnLayer,none
area_16,m_manon,s_mon_manon,PROJECTILE,false,none,,NO_RUNTIME_ROLE,false,false,none,none,0|n/a|n/a|n/a|n/a,false,n/a,"normalized (0.5,0.5); no autocrop/recenter",n/a,n/a,n/a,n/a,SkillTable visual fields + PlayerAttack/MonsterAttack/SkillEffect code,none
area_16,m_manon,s_mon_manon,HIT_VFX,false,none,,NO_RUNTIME_ROLE,false,false,none,none,0|n/a|n/a|n/a|n/a,false,n/a,"normalized (0.5,0.5); no autocrop/recenter",n/a,n/a,n/a,n/a,PlayerAttack.ResolveThrowHit; MonsterAttack.ResolveThrowHit; SkillEffect has no hit asset argument,none; no dedicated hit/impact visual field or Spawn call in current common projectile path
area_16,m_manon,s_mon_manon,PERSISTENT_BUFF_VFX,false,none,,NO_RUNTIME_ROLE,false,false,none,none,0|n/a|n/a|n/a|n/a,false,n/a,"normalized (0.5,0.5); no autocrop/recenter",n/a,n/a,n/a,n/a,MonsterAttack defense branch + SkillEffect.PlayCast; no persistent visual entity field,none; defense mechanics may persist but current visual is one-shot CAST only
area_16,m_manon,s_mon_manon,REFERENCE_VFX,false,none,,NO_RUNTIME_ROLE,false,false,none,none,0|n/a|n/a|n/a|n/a,false,n/a,"normalized (0.5,0.5); no autocrop/recenter",n/a,n/a,n/a,n/a,SkillTable visual fields + PlayerAttack/MonsterAttack/SkillEffect code,none
area_17,m_memory_monk,s_mon_memory_monk,ICON,true,icon_ruid,thumbnail://36ff7a667243465caef855b4fb7b9f84,NEW_ART,true,false,ICON/001_m_memory_monk_s_mon_memory_monk_ICON.png,icon_ruid,1|256x256 RGBA|static|static|static,ui,none,"normalized (0.5,0.5); no autocrop/recenter",n/a,n/a,n/a,n/a,SkillTable.icon_ruid,none
area_17,m_memory_monk,s_mon_memory_monk,CAST_VFX,false,none,,NO_RUNTIME_ROLE,false,false,none,none,0|n/a|n/a|n/a|n/a,false,n/a,"normalized (0.5,0.5); no autocrop/recenter",n/a,n/a,n/a,n/a,SkillTable visual fields + PlayerAttack/MonsterAttack/SkillEffect code,none
area_17,m_memory_monk,s_mon_memory_monk,PROJECTILE,false,none,,NO_RUNTIME_ROLE,false,false,none,none,0|n/a|n/a|n/a|n/a,false,n/a,"normalized (0.5,0.5); no autocrop/recenter",n/a,n/a,n/a,n/a,SkillTable visual fields + PlayerAttack/MonsterAttack/SkillEffect code,none
area_17,m_memory_monk,s_mon_memory_monk,HIT_VFX,false,none,,NO_RUNTIME_ROLE,false,false,none,none,0|n/a|n/a|n/a|n/a,false,n/a,"normalized (0.5,0.5); no autocrop/recenter",n/a,n/a,n/a,n/a,PlayerAttack.ResolveThrowHit; MonsterAttack.ResolveThrowHit; SkillEffect has no hit asset argument,none; no dedicated hit/impact visual field or Spawn call in current common projectile path
area_17,m_memory_monk,s_mon_memory_monk,PERSISTENT_BUFF_VFX,false,none,,NO_RUNTIME_ROLE,false,false,none,none,0|n/a|n/a|n/a|n/a,false,n/a,"normalized (0.5,0.5); no autocrop/recenter",n/a,n/a,n/a,n/a,MonsterAttack defense branch + SkillEffect.PlayCast; no persistent visual entity field,none; defense mechanics may persist but current visual is one-shot CAST only
area_17,m_memory_monk,s_mon_memory_monk,REFERENCE_VFX,input_reference_only,reference source; not runtime field,INPUT design reference,NEW_ART,true,false,REFERENCE/001_m_memory_monk_s_mon_memory_monk_REFERENCE_F00.png..._REFERENCE_F05.png,none,6|256x256 RGBA|0.10|0.6000000000000001|preview-only non-loop,false,preview only; no engine motion/FlipX contract,"normalized (0.5,0.5); no autocrop/recenter",preview/reference only; never auto-import as CAST,n/a,n/a,n/a,passive execution has no PlayCast; V2.2 REFERENCE_VFX scope,none
area_17,m_memory_monk_trainee,s_mon_memory_monk_trainee,ICON,true,icon_ruid,thumbnail://699e78db5d3a48578388d33dc333258a,NEW_ART,true,false,ICON/002_m_memory_monk_trainee_s_mon_memory_monk_trainee_ICON.png,icon_ruid,1|256x256 RGBA|static|static|static,ui,none,"normalized (0.5,0.5); no autocrop/recenter",n/a,n/a,n/a,n/a,SkillTable.icon_ruid,none
area_17,m_memory_monk_trainee,s_mon_memory_monk_trainee,CAST_VFX,true,layer_ruids,"L1:1ea2d50c388645df9502190ef8092d94 animationclip/clip delay=0s duration=.72s scale=1 offset=(0,0)wu drift=(0,0)wu/s; L2:c25e7243baaf4b21bb70ee10dcd33890 animationclip/clip delay=0.2s duration=.82s scale=1.08 offset=(0,0)wu drift=(0,0)wu/s",NEW_ART,true,false,CAST/002_m_memory_monk_trainee_s_mon_memory_monk_trainee_CAST_F00.png..._CAST_F07.png,layer_ruids,8|384x384 RGBA|0.10|0.8|non-loop one-shot,true,SkillEffect applies FlipX for directional attacks; delayed layer samples caster position at SpawnLayer execution; map entity then applies drift,"normalized (0.5,0.5); no autocrop/recenter",COMPOSITE_BAKED_ONE_CLIP: preserve L1..Ln relative delay/offset/drift rhythm inside one accepted local-canvas clip; final layer metadata becomes one primary layer after approval,n/a,n/a,n/a,SkillTable layer/effect fields; SkillEffect.PlayCast/SpawnLayer,none
area_17,m_memory_monk_trainee,s_mon_memory_monk_trainee,PROJECTILE,false,none,,NO_RUNTIME_ROLE,false,false,none,none,0|n/a|n/a|n/a|n/a,false,n/a,"normalized (0.5,0.5); no autocrop/recenter",n/a,n/a,n/a,n/a,SkillTable visual fields + PlayerAttack/MonsterAttack/SkillEffect code,none
area_17,m_memory_monk_trainee,s_mon_memory_monk_trainee,HIT_VFX,false,none,,NO_RUNTIME_ROLE,false,false,none,none,0|n/a|n/a|n/a|n/a,false,n/a,"normalized (0.5,0.5); no autocrop/recenter",n/a,n/a,n/a,n/a,PlayerAttack.ResolveThrowHit; MonsterAttack.ResolveThrowHit; SkillEffect has no hit asset argument,none; no dedicated hit/impact visual field or Spawn call in current common projectile path
area_17,m_memory_monk_trainee,s_mon_memory_monk_trainee,PERSISTENT_BUFF_VFX,false,none,,NO_RUNTIME_ROLE,false,false,none,none,0|n/a|n/a|n/a|n/a,false,n/a,"normalized (0.5,0.5); no autocrop/recenter",n/a,n/a,n/a,n/a,MonsterAttack defense branch + SkillEffect.PlayCast; no persistent visual entity field,none; defense mechanics may persist but current visual is one-shot CAST only
area_17,m_memory_monk_trainee,s_mon_memory_monk_trainee,REFERENCE_VFX,false,none,,NO_RUNTIME_ROLE,false,false,none,none,0|n/a|n/a|n/a|n/a,false,n/a,"normalized (0.5,0.5); no autocrop/recenter",n/a,n/a,n/a,n/a,SkillTable visual fields + PlayerAttack/MonsterAttack/SkillEffect code,none
area_17,m_memory_guardian,s_mon_memory_guardian,ICON,true,icon_ruid,thumbnail://0b258556de2e401e97014ae48fe96b7a,NEW_ART,true,false,ICON/003_m_memory_guardian_s_mon_memory_guardian_ICON.png,icon_ruid,1|256x256 RGBA|static|static|static,ui,none,"normalized (0.5,0.5); no autocrop/recenter",n/a,n/a,n/a,n/a,SkillTable.icon_ruid,none
area_17,m_memory_guardian,s_mon_memory_guardian,CAST_VFX,false,none,,NO_RUNTIME_ROLE,false,false,none,none,0|n/a|n/a|n/a|n/a,false,n/a,"normalized (0.5,0.5); no autocrop/recenter",n/a,n/a,n/a,n/a,SkillTable visual fields + PlayerAttack/MonsterAttack/SkillEffect code,none
area_17,m_memory_guardian,s_mon_memory_guardian,PROJECTILE,false,none,,NO_RUNTIME_ROLE,false,false,none,none,0|n/a|n/a|n/a|n/a,false,n/a,"normalized (0.5,0.5); no autocrop/recenter",n/a,n/a,n/a,n/a,SkillTable visual fields + PlayerAttack/MonsterAttack/SkillEffect code,none
area_17,m_memory_guardian,s_mon_memory_guardian,HIT_VFX,false,none,,NO_RUNTIME_ROLE,false,false,none,none,0|n/a|n/a|n/a|n/a,false,n/a,"normalized (0.5,0.5); no autocrop/recenter",n/a,n/a,n/a,n/a,PlayerAttack.ResolveThrowHit; MonsterAttack.ResolveThrowHit; SkillEffect has no hit asset argument,none; no dedicated hit/impact visual field or Spawn call in current common projectile path
area_17,m_memory_guardian,s_mon_memory_guardian,PERSISTENT_BUFF_VFX,false,none,,NO_RUNTIME_ROLE,false,false,none,none,0|n/a|n/a|n/a|n/a,false,n/a,"normalized (0.5,0.5); no autocrop/recenter",n/a,n/a,n/a,n/a,MonsterAttack defense branch + SkillEffect.PlayCast; no persistent visual entity field,none; defense mechanics may persist but current visual is one-shot CAST only
area_17,m_memory_guardian,s_mon_memory_guardian,REFERENCE_VFX,input_reference_only,reference source; not runtime field,INPUT design reference,NEW_ART,true,false,REFERENCE/003_m_memory_guardian_s_mon_memory_guardian_REFERENCE_F00.png..._REFERENCE_F05.png,none,6|256x256 RGBA|0.10|0.6000000000000001|preview-only non-loop,false,preview only; no engine motion/FlipX contract,"normalized (0.5,0.5); no autocrop/recenter",preview/reference only; never auto-import as CAST,n/a,n/a,n/a,passive execution has no PlayCast; V2.2 REFERENCE_VFX scope,none
area_17,m_chief_memory_guardian,s_mon_chief_memory_guardian,ICON,true,icon_ruid,thumbnail://de30bc44af34409eb14d46100dc4e48e,NEW_ART,true,false,ICON/004_m_chief_memory_guardian_s_mon_chief_memory_guardian_ICON.png,icon_ruid,1|256x256 RGBA|static|static|static,ui,none,"normalized (0.5,0.5); no autocrop/recenter",n/a,n/a,n/a,n/a,SkillTable.icon_ruid,none
area_17,m_chief_memory_guardian,s_mon_chief_memory_guardian,CAST_VFX,true,layer_ruids,"L1:4147dea424e9475ca1a61773421a3397 animationclip/clip delay=0s duration=.74s scale=1 offset=(0,0)wu drift=(0,0)wu/s; L2:aa3d9ed3c4a3435298afcb494ac7fcac animationclip/clip delay=.22s duration=.86s scale=1.12 offset=(0,0)wu drift=(0,0)wu/s",NEW_ART,true,false,CAST/004_m_chief_memory_guardian_s_mon_chief_memory_guardian_CAST_F00.png..._CAST_F07.png,layer_ruids,8|384x384 RGBA|0.10|0.8|non-loop one-shot,true,SkillEffect applies FlipX for directional attacks; delayed layer samples caster position at SpawnLayer execution; map entity then applies drift,"normalized (0.5,0.5); no autocrop/recenter",COMPOSITE_BAKED_ONE_CLIP: preserve L1..Ln relative delay/offset/drift rhythm inside one accepted local-canvas clip; final layer metadata becomes one primary layer after approval,n/a,n/a,n/a,SkillTable layer/effect fields; SkillEffect.PlayCast/SpawnLayer,none
area_17,m_chief_memory_guardian,s_mon_chief_memory_guardian,PROJECTILE,false,none,,NO_RUNTIME_ROLE,false,false,none,none,0|n/a|n/a|n/a|n/a,false,n/a,"normalized (0.5,0.5); no autocrop/recenter",n/a,n/a,n/a,n/a,SkillTable visual fields + PlayerAttack/MonsterAttack/SkillEffect code,none
area_17,m_chief_memory_guardian,s_mon_chief_memory_guardian,HIT_VFX,false,none,,NO_RUNTIME_ROLE,false,false,none,none,0|n/a|n/a|n/a|n/a,false,n/a,"normalized (0.5,0.5); no autocrop/recenter",n/a,n/a,n/a,n/a,PlayerAttack.ResolveThrowHit; MonsterAttack.ResolveThrowHit; SkillEffect has no hit asset argument,none; no dedicated hit/impact visual field or Spawn call in current common projectile path
area_17,m_chief_memory_guardian,s_mon_chief_memory_guardian,PERSISTENT_BUFF_VFX,false,none,,NO_RUNTIME_ROLE,false,false,none,none,0|n/a|n/a|n/a|n/a,false,n/a,"normalized (0.5,0.5); no autocrop/recenter",n/a,n/a,n/a,n/a,MonsterAttack defense branch + SkillEffect.PlayCast; no persistent visual entity field,none; defense mechanics may persist but current visual is one-shot CAST only
area_17,m_chief_memory_guardian,s_mon_chief_memory_guardian,REFERENCE_VFX,false,none,,NO_RUNTIME_ROLE,false,false,none,none,0|n/a|n/a|n/a|n/a,false,n/a,"normalized (0.5,0.5); no autocrop/recenter",n/a,n/a,n/a,n/a,SkillTable visual fields + PlayerAttack/MonsterAttack/SkillEffect code,none
area_17,m_dodo,s_mon_dodo,ICON,true,icon_ruid,thumbnail://2d63f90f9d464f7192713ad9209e9e63,NEW_ART,true,false,ICON/005_m_dodo_s_mon_dodo_ICON.png,icon_ruid,1|256x256 RGBA|static|static|static,ui,none,"normalized (0.5,0.5); no autocrop/recenter",n/a,7,0.8,0.35,SkillTable.icon_ruid,none
area_17,m_dodo,s_mon_dodo,CAST_VFX,true,layer_ruids,"L1:ee1dc1a6f4e6452b860a43ce291c62a3 animationclip/clip delay=0s duration=.8s scale=1.1 offset=(0,0)wu drift=(0,0)wu/s; L2:cf2fe8e1a8954e7099bd2243cfb908d7 animationclip/clip delay=.22s duration=.92s scale=1.18 offset=(0,0)wu drift=(0,0)wu/s",NEW_ART,true,false,CAST/005_m_dodo_s_mon_dodo_CAST_F00.png..._CAST_F11.png,layer_ruids,12|512x512 RGBA|0.08|0.96|non-loop one-shot,true,SkillEffect applies FlipX for directional attacks; delayed layer samples caster position at SpawnLayer execution; map entity then applies drift,"normalized (0.5,0.5); no autocrop/recenter",COMPOSITE_BAKED_ONE_CLIP: preserve L1..Ln relative delay/offset/drift rhythm inside one accepted local-canvas clip; final layer metadata becomes one primary layer after approval,7,0.8,0.35,SkillTable layer/effect fields; SkillEffect.PlayCast/SpawnLayer,none
area_17,m_dodo,s_mon_dodo,PROJECTILE,true,projectile_ruid,72e16f10f6ec4cf0a1fe3146e73f0856,NEW_ART,true,false,PROJECTILE/005_m_dodo_s_mon_dodo_PROJECTILE_F00.png..._PROJECTILE_F03.png,projectile_ruid,4|512x512 RGBA|0.08|0.32|non-loop complete playback within 0.35s entity lifetime,true,art direction-neutral/local form only; engine translates caster+h to target+h and applies ZRotation; no PROJECTILE FlipX or travel-direction alignment,"normalized (0.5,0.5); no autocrop/recenter",independent from CAST; do not merge,7,0.8,0.35,SkillTable.projectile_ruid; SkillEffect.mlua:149-194; SkillProjectile.mlua:39-81; GameBalance projectile_seconds=0.35,import must author AnimationClip non-loop at 0.08s/frame; Maker runtime not run
area_17,m_dodo,s_mon_dodo,HIT_VFX,false,none,,NO_RUNTIME_ROLE,false,false,none,none,0|n/a|n/a|n/a|n/a,false,n/a,"normalized (0.5,0.5); no autocrop/recenter",n/a,7,0.8,0.35,PlayerAttack.ResolveThrowHit; MonsterAttack.ResolveThrowHit; SkillEffect has no hit asset argument,none; no dedicated hit/impact visual field or Spawn call in current common projectile path
area_17,m_dodo,s_mon_dodo,PERSISTENT_BUFF_VFX,false,none,,NO_RUNTIME_ROLE,false,false,none,none,0|n/a|n/a|n/a|n/a,false,n/a,"normalized (0.5,0.5); no autocrop/recenter",n/a,7,0.8,0.35,MonsterAttack defense branch + SkillEffect.PlayCast; no persistent visual entity field,none; defense mechanics may persist but current visual is one-shot CAST only
area_17,m_dodo,s_mon_dodo,REFERENCE_VFX,false,none,,NO_RUNTIME_ROLE,false,false,none,none,0|n/a|n/a|n/a|n/a,false,n/a,"normalized (0.5,0.5); no autocrop/recenter",n/a,7,0.8,0.35,SkillTable visual fields + PlayerAttack/MonsterAttack/SkillEffect code,none
area_18,m_mateon,s_mon_mateon,ICON,true,icon_ruid,thumbnail://53043af9433844258a090f3b231ce39f,NEW_ART,true,false,ICON/001_m_mateon_s_mon_mateon_ICON.png,icon_ruid,1|256x256 RGBA|static|static|static,ui,none,"normalized (0.5,0.5); no autocrop/recenter",n/a,7.4,0.8,0.35,SkillTable.icon_ruid,none
area_18,m_mateon,s_mon_mateon,CAST_VFX,true,layer_ruids,"L1:70f170cb7f644da28dc93915a8e70dd9 animationclip/clip delay=0s duration=.65s scale=1 offset=(0,0)wu drift=(0,0)wu/s; L2:e9d2e8cba2aa4245ae29cfb516746a04 animationclip/clip delay=.2s duration=.78s scale=1.08 offset=(0,0)wu drift=(0,0)wu/s",NEW_ART,true,false,CAST/001_m_mateon_s_mon_mateon_CAST_F00.png..._CAST_F07.png,layer_ruids,8|384x384 RGBA|0.10|0.8|non-loop one-shot,true,SkillEffect applies FlipX for directional attacks; delayed layer samples caster position at SpawnLayer execution; map entity then applies drift,"normalized (0.5,0.5); no autocrop/recenter",COMPOSITE_BAKED_ONE_CLIP: preserve L1..Ln relative delay/offset/drift rhythm inside one accepted local-canvas clip; final layer metadata becomes one primary layer after approval,7.4,0.8,0.35,SkillTable layer/effect fields; SkillEffect.PlayCast/SpawnLayer,none
area_18,m_mateon,s_mon_mateon,PROJECTILE,true,projectile_ruid,22db356cc60940089b7f5d592c7d5813,NEW_ART,true,false,PROJECTILE/001_m_mateon_s_mon_mateon_PROJECTILE_F00.png..._PROJECTILE_F03.png,projectile_ruid,4|384x384 RGBA|0.08|0.32|non-loop complete playback within 0.35s entity lifetime,true,art direction-neutral/local form only; engine translates caster+h to target+h and applies ZRotation; no PROJECTILE FlipX or travel-direction alignment,"normalized (0.5,0.5); no autocrop/recenter",independent from CAST; do not merge,7.4,0.8,0.35,SkillTable.projectile_ruid; SkillEffect.mlua:149-194; SkillProjectile.mlua:39-81; GameBalance projectile_seconds=0.35,import must author AnimationClip non-loop at 0.08s/frame; Maker runtime not run
area_18,m_mateon,s_mon_mateon,HIT_VFX,false,none,,NO_RUNTIME_ROLE,false,false,none,none,0|n/a|n/a|n/a|n/a,false,n/a,"normalized (0.5,0.5); no autocrop/recenter",n/a,7.4,0.8,0.35,PlayerAttack.ResolveThrowHit; MonsterAttack.ResolveThrowHit; SkillEffect has no hit asset argument,none; no dedicated hit/impact visual field or Spawn call in current common projectile path
area_18,m_mateon,s_mon_mateon,PERSISTENT_BUFF_VFX,false,none,,NO_RUNTIME_ROLE,false,false,none,none,0|n/a|n/a|n/a|n/a,false,n/a,"normalized (0.5,0.5); no autocrop/recenter",n/a,7.4,0.8,0.35,MonsterAttack defense branch + SkillEffect.PlayCast; no persistent visual entity field,none; defense mechanics may persist but current visual is one-shot CAST only
area_18,m_mateon,s_mon_mateon,REFERENCE_VFX,false,none,,NO_RUNTIME_ROLE,false,false,none,none,0|n/a|n/a|n/a|n/a,false,n/a,"normalized (0.5,0.5); no autocrop/recenter",n/a,7.4,0.8,0.35,SkillTable visual fields + PlayerAttack/MonsterAttack/SkillEffect code,none
area_18,m_plateon,s_mon_plateon,ICON,true,icon_ruid,thumbnail://e03cf5ce06784947b45ce95afb70927c,NEW_ART,true,false,ICON/002_m_plateon_s_mon_plateon_ICON.png,icon_ruid,1|256x256 RGBA|static|static|static,ui,none,"normalized (0.5,0.5); no autocrop/recenter",n/a,n/a,n/a,n/a,SkillTable.icon_ruid,none
area_18,m_plateon,s_mon_plateon,CAST_VFX,false,none,,NO_RUNTIME_ROLE,false,false,none,none,0|n/a|n/a|n/a|n/a,false,n/a,"normalized (0.5,0.5); no autocrop/recenter",n/a,n/a,n/a,n/a,SkillTable visual fields + PlayerAttack/MonsterAttack/SkillEffect code,none
area_18,m_plateon,s_mon_plateon,PROJECTILE,false,none,,NO_RUNTIME_ROLE,false,false,none,none,0|n/a|n/a|n/a|n/a,false,n/a,"normalized (0.5,0.5); no autocrop/recenter",n/a,n/a,n/a,n/a,SkillTable visual fields + PlayerAttack/MonsterAttack/SkillEffect code,none
area_18,m_plateon,s_mon_plateon,HIT_VFX,false,none,,NO_RUNTIME_ROLE,false,false,none,none,0|n/a|n/a|n/a|n/a,false,n/a,"normalized (0.5,0.5); no autocrop/recenter",n/a,n/a,n/a,n/a,PlayerAttack.ResolveThrowHit; MonsterAttack.ResolveThrowHit; SkillEffect has no hit asset argument,none; no dedicated hit/impact visual field or Spawn call in current common projectile path
area_18,m_plateon,s_mon_plateon,PERSISTENT_BUFF_VFX,false,none,,NO_RUNTIME_ROLE,false,false,none,none,0|n/a|n/a|n/a|n/a,false,n/a,"normalized (0.5,0.5); no autocrop/recenter",n/a,n/a,n/a,n/a,MonsterAttack defense branch + SkillEffect.PlayCast; no persistent visual entity field,none; defense mechanics may persist but current visual is one-shot CAST only
area_18,m_plateon,s_mon_plateon,REFERENCE_VFX,input_reference_only,reference source; not runtime field,INPUT design reference,NEW_ART,true,false,REFERENCE/002_m_plateon_s_mon_plateon_REFERENCE_F00.png..._REFERENCE_F05.png,none,6|256x256 RGBA|0.10|0.6000000000000001|preview-only non-loop,false,preview only; no engine motion/FlipX contract,"normalized (0.5,0.5); no autocrop/recenter",preview/reference only; never auto-import as CAST,n/a,n/a,n/a,passive execution has no PlayCast; V2.2 REFERENCE_VFX scope,none
area_18,m_mecateon,s_mon_mecateon,ICON,true,icon_ruid,thumbnail://1509ce195a5c49a0aea5f9b189ce7edb,NEW_ART,true,false,ICON/003_m_mecateon_s_mon_mecateon_ICON.png,icon_ruid,1|256x256 RGBA|static|static|static,ui,none,"normalized (0.5,0.5); no autocrop/recenter",n/a,n/a,n/a,n/a,SkillTable.icon_ruid,none
area_18,m_mecateon,s_mon_mecateon,CAST_VFX,true,layer_ruids,"L1:50eff4b9b8064efa8db5246e7a912c4d animationclip/clip delay=0s duration=.72s scale=1 offset=(0,0)wu drift=(0,0)wu/s; L2:1fe5c891382642d3aa35a89414f43fce animationclip/clip delay=.2s duration=.84s scale=1.12 offset=(0,0)wu drift=(0,0)wu/s",NEW_ART,true,false,CAST/003_m_mecateon_s_mon_mecateon_CAST_F00.png..._CAST_F07.png,layer_ruids,8|384x384 RGBA|0.10|0.8|non-loop one-shot,true,SkillEffect applies FlipX for directional attacks; delayed layer samples caster position at SpawnLayer execution; map entity then applies drift,"normalized (0.5,0.5); no autocrop/recenter",COMPOSITE_BAKED_ONE_CLIP: preserve L1..Ln relative delay/offset/drift rhythm inside one accepted local-canvas clip; final layer metadata becomes one primary layer after approval,n/a,n/a,n/a,SkillTable layer/effect fields; SkillEffect.PlayCast/SpawnLayer,none
area_18,m_mecateon,s_mon_mecateon,PROJECTILE,false,none,,NO_RUNTIME_ROLE,false,false,none,none,0|n/a|n/a|n/a|n/a,false,n/a,"normalized (0.5,0.5); no autocrop/recenter",n/a,n/a,n/a,n/a,SkillTable visual fields + PlayerAttack/MonsterAttack/SkillEffect code,none
area_18,m_mecateon,s_mon_mecateon,HIT_VFX,false,none,,NO_RUNTIME_ROLE,false,false,none,none,0|n/a|n/a|n/a|n/a,false,n/a,"normalized (0.5,0.5); no autocrop/recenter",n/a,n/a,n/a,n/a,PlayerAttack.ResolveThrowHit; MonsterAttack.ResolveThrowHit; SkillEffect has no hit asset argument,none; no dedicated hit/impact visual field or Spawn call in current common projectile path
area_18,m_mecateon,s_mon_mecateon,PERSISTENT_BUFF_VFX,false,none,,NO_RUNTIME_ROLE,false,false,none,none,0|n/a|n/a|n/a|n/a,false,n/a,"normalized (0.5,0.5); no autocrop/recenter",n/a,n/a,n/a,n/a,MonsterAttack defense branch + SkillEffect.PlayCast; no persistent visual entity field,none; defense mechanics may persist but current visual is one-shot CAST only
area_18,m_mecateon,s_mon_mecateon,REFERENCE_VFX,false,none,,NO_RUNTIME_ROLE,false,false,none,none,0|n/a|n/a|n/a|n/a,false,n/a,"normalized (0.5,0.5); no autocrop/recenter",n/a,n/a,n/a,n/a,SkillTable visual fields + PlayerAttack/MonsterAttack/SkillEffect code,none
area_18,m_chief_gray,s_mon_chief_gray,ICON,true,icon_ruid,thumbnail://48027185a78d470da83199b478bed48b,NEW_ART,true,false,ICON/004_m_chief_gray_s_mon_chief_gray_ICON.png,icon_ruid,1|256x256 RGBA|static|static|static,ui,none,"normalized (0.5,0.5); no autocrop/recenter",n/a,n/a,n/a,n/a,SkillTable.icon_ruid,none
area_18,m_chief_gray,s_mon_chief_gray,CAST_VFX,false,none,,NO_RUNTIME_ROLE,false,false,none,none,0|n/a|n/a|n/a|n/a,false,n/a,"normalized (0.5,0.5); no autocrop/recenter",n/a,n/a,n/a,n/a,SkillTable visual fields + PlayerAttack/MonsterAttack/SkillEffect code,none
area_18,m_chief_gray,s_mon_chief_gray,PROJECTILE,false,none,,NO_RUNTIME_ROLE,false,false,none,none,0|n/a|n/a|n/a|n/a,false,n/a,"normalized (0.5,0.5); no autocrop/recenter",n/a,n/a,n/a,n/a,SkillTable visual fields + PlayerAttack/MonsterAttack/SkillEffect code,none
area_18,m_chief_gray,s_mon_chief_gray,HIT_VFX,false,none,,NO_RUNTIME_ROLE,false,false,none,none,0|n/a|n/a|n/a|n/a,false,n/a,"normalized (0.5,0.5); no autocrop/recenter",n/a,n/a,n/a,n/a,PlayerAttack.ResolveThrowHit; MonsterAttack.ResolveThrowHit; SkillEffect has no hit asset argument,none; no dedicated hit/impact visual field or Spawn call in current common projectile path
area_18,m_chief_gray,s_mon_chief_gray,PERSISTENT_BUFF_VFX,false,none,,NO_RUNTIME_ROLE,false,false,none,none,0|n/a|n/a|n/a|n/a,false,n/a,"normalized (0.5,0.5); no autocrop/recenter",n/a,n/a,n/a,n/a,MonsterAttack defense branch + SkillEffect.PlayCast; no persistent visual entity field,none; defense mechanics may persist but current visual is one-shot CAST only
area_18,m_chief_gray,s_mon_chief_gray,REFERENCE_VFX,input_reference_only,reference source; not runtime field,INPUT design reference,NEW_ART,true,false,REFERENCE/004_m_chief_gray_s_mon_chief_gray_REFERENCE_F00.png..._REFERENCE_F05.png,none,6|256x256 RGBA|0.10|0.6000000000000001|preview-only non-loop,false,preview only; no engine motion/FlipX contract,"normalized (0.5,0.5); no autocrop/recenter",preview/reference only; never auto-import as CAST,n/a,n/a,n/a,passive execution has no PlayCast; V2.2 REFERENCE_VFX scope,none
area_18,m_zeno,s_mon_zeno,ICON,true,icon_ruid,thumbnail://689bc520bc2544abb62ec505ca91aab4,NEW_ART,true,false,ICON/005_m_zeno_s_mon_zeno_ICON.png,icon_ruid,1|256x256 RGBA|static|static|static,ui,none,"normalized (0.5,0.5); no autocrop/recenter",n/a,n/a,n/a,n/a,SkillTable.icon_ruid,none
area_18,m_zeno,s_mon_zeno,CAST_VFX,true,layer_ruids,"L1:908710847a0249c98cf8e935dfb1ddd8 animationclip/clip delay=0s duration=.82s scale=1.15 offset=(0,0)wu drift=(0,0)wu/s; L2:c68a17e01f83412882ac127cda104ee3 animationclip/clip delay=.24s duration=.96s scale=1.22 offset=(0,0)wu drift=(0,0)wu/s",NEW_ART,true,false,CAST/005_m_zeno_s_mon_zeno_CAST_F00.png..._CAST_F11.png,layer_ruids,12|512x512 RGBA|0.08|0.96|non-loop one-shot,true,SkillEffect applies FlipX for directional attacks; delayed layer samples caster position at SpawnLayer execution; map entity then applies drift,"normalized (0.5,0.5); no autocrop/recenter",COMPOSITE_BAKED_ONE_CLIP: preserve L1..Ln relative delay/offset/drift rhythm inside one accepted local-canvas clip; final layer metadata becomes one primary layer after approval,n/a,n/a,n/a,SkillTable layer/effect fields; SkillEffect.PlayCast/SpawnLayer,none
area_18,m_zeno,s_mon_zeno,PROJECTILE,false,none,,NO_RUNTIME_ROLE,false,false,none,none,0|n/a|n/a|n/a|n/a,false,n/a,"normalized (0.5,0.5); no autocrop/recenter",n/a,n/a,n/a,n/a,SkillTable visual fields + PlayerAttack/MonsterAttack/SkillEffect code,none
area_18,m_zeno,s_mon_zeno,HIT_VFX,false,none,,NO_RUNTIME_ROLE,false,false,none,none,0|n/a|n/a|n/a|n/a,false,n/a,"normalized (0.5,0.5); no autocrop/recenter",n/a,n/a,n/a,n/a,PlayerAttack.ResolveThrowHit; MonsterAttack.ResolveThrowHit; SkillEffect has no hit asset argument,none; no dedicated hit/impact visual field or Spawn call in current common projectile path
area_18,m_zeno,s_mon_zeno,PERSISTENT_BUFF_VFX,false,none,,NO_RUNTIME_ROLE,false,false,none,none,0|n/a|n/a|n/a|n/a,false,n/a,"normalized (0.5,0.5); no autocrop/recenter",n/a,n/a,n/a,n/a,MonsterAttack defense branch + SkillEffect.PlayCast; no persistent visual entity field,none; defense mechanics may persist but current visual is one-shot CAST only
area_18,m_zeno,s_mon_zeno,REFERENCE_VFX,false,none,,NO_RUNTIME_ROLE,false,false,none,none,0|n/a|n/a|n/a|n/a,false,n/a,"normalized (0.5,0.5); no autocrop/recenter",n/a,n/a,n/a,n/a,SkillTable visual fields + PlayerAttack/MonsterAttack/SkillEffect code,none
area_19,m_official_knight_c,s_mon_official_knight_c,ICON,true,icon_ruid,thumbnail://da57403b50694b12bf0e19aa3a64112d,NEW_ART,true,false,ICON/001_m_official_knight_c_s_mon_official_knight_c_ICON.png,icon_ruid,1|256x256 RGBA|static|static|static,ui,none,"normalized (0.5,0.5); no autocrop/recenter",n/a,n/a,n/a,n/a,SkillTable.icon_ruid,none
area_19,m_official_knight_c,s_mon_official_knight_c,CAST_VFX,true,layer_ruids,"L1:1a648542a3b447f594b5c331cf44503f animationclip/clip delay=0s duration=.7s scale=1 offset=(0,0)wu drift=(0,0)wu/s; L2:439308ddd0bf4405a8463340c67a464b animationclip/clip delay=.17s duration=.78s scale=1.1 offset=(0,0)wu drift=(0,0)wu/s",NEW_ART,true,false,CAST/001_m_official_knight_c_s_mon_official_knight_c_CAST_F00.png..._CAST_F07.png,layer_ruids,8|384x384 RGBA|0.10|0.8|non-loop one-shot,true,SkillEffect applies FlipX for directional attacks; delayed layer samples caster position at SpawnLayer execution; map entity then applies drift,"normalized (0.5,0.5); no autocrop/recenter",COMPOSITE_BAKED_ONE_CLIP: preserve L1..Ln relative delay/offset/drift rhythm inside one accepted local-canvas clip; final layer metadata becomes one primary layer after approval,n/a,n/a,n/a,SkillTable layer/effect fields; SkillEffect.PlayCast/SpawnLayer,none
area_19,m_official_knight_c,s_mon_official_knight_c,PROJECTILE,false,none,,NO_RUNTIME_ROLE,false,false,none,none,0|n/a|n/a|n/a|n/a,false,n/a,"normalized (0.5,0.5); no autocrop/recenter",n/a,n/a,n/a,n/a,SkillTable visual fields + PlayerAttack/MonsterAttack/SkillEffect code,none
area_19,m_official_knight_c,s_mon_official_knight_c,HIT_VFX,false,none,,NO_RUNTIME_ROLE,false,false,none,none,0|n/a|n/a|n/a|n/a,false,n/a,"normalized (0.5,0.5); no autocrop/recenter",n/a,n/a,n/a,n/a,PlayerAttack.ResolveThrowHit; MonsterAttack.ResolveThrowHit; SkillEffect has no hit asset argument,none; no dedicated hit/impact visual field or Spawn call in current common projectile path
area_19,m_official_knight_c,s_mon_official_knight_c,PERSISTENT_BUFF_VFX,false,none,,NO_RUNTIME_ROLE,false,false,none,none,0|n/a|n/a|n/a|n/a,false,n/a,"normalized (0.5,0.5); no autocrop/recenter",n/a,n/a,n/a,n/a,MonsterAttack defense branch + SkillEffect.PlayCast; no persistent visual entity field,none; defense mechanics may persist but current visual is one-shot CAST only
area_19,m_official_knight_c,s_mon_official_knight_c,REFERENCE_VFX,false,none,,NO_RUNTIME_ROLE,false,false,none,none,0|n/a|n/a|n/a|n/a,false,n/a,"normalized (0.5,0.5); no autocrop/recenter",n/a,n/a,n/a,n/a,SkillTable visual fields + PlayerAttack/MonsterAttack/SkillEffect code,none
area_19,m_official_knight_d,s_mon_official_knight_d,ICON,true,icon_ruid,thumbnail://1b11119e13474135882191d052342552,NEW_ART,true,false,ICON/002_m_official_knight_d_s_mon_official_knight_d_ICON.png,icon_ruid,1|256x256 RGBA|static|static|static,ui,none,"normalized (0.5,0.5); no autocrop/recenter",n/a,n/a,n/a,n/a,SkillTable.icon_ruid,none
area_19,m_official_knight_d,s_mon_official_knight_d,CAST_VFX,false,none,,NO_RUNTIME_ROLE,false,false,none,none,0|n/a|n/a|n/a|n/a,false,n/a,"normalized (0.5,0.5); no autocrop/recenter",n/a,n/a,n/a,n/a,SkillTable visual fields + PlayerAttack/MonsterAttack/SkillEffect code,none
area_19,m_official_knight_d,s_mon_official_knight_d,PROJECTILE,false,none,,NO_RUNTIME_ROLE,false,false,none,none,0|n/a|n/a|n/a|n/a,false,n/a,"normalized (0.5,0.5); no autocrop/recenter",n/a,n/a,n/a,n/a,SkillTable visual fields + PlayerAttack/MonsterAttack/SkillEffect code,none
area_19,m_official_knight_d,s_mon_official_knight_d,HIT_VFX,false,none,,NO_RUNTIME_ROLE,false,false,none,none,0|n/a|n/a|n/a|n/a,false,n/a,"normalized (0.5,0.5); no autocrop/recenter",n/a,n/a,n/a,n/a,PlayerAttack.ResolveThrowHit; MonsterAttack.ResolveThrowHit; SkillEffect has no hit asset argument,none; no dedicated hit/impact visual field or Spawn call in current common projectile path
area_19,m_official_knight_d,s_mon_official_knight_d,PERSISTENT_BUFF_VFX,false,none,,NO_RUNTIME_ROLE,false,false,none,none,0|n/a|n/a|n/a|n/a,false,n/a,"normalized (0.5,0.5); no autocrop/recenter",n/a,n/a,n/a,n/a,MonsterAttack defense branch + SkillEffect.PlayCast; no persistent visual entity field,none; defense mechanics may persist but current visual is one-shot CAST only
area_19,m_official_knight_d,s_mon_official_knight_d,REFERENCE_VFX,input_reference_only,reference source; not runtime field,INPUT design reference,NEW_ART,true,false,REFERENCE/002_m_official_knight_d_s_mon_official_knight_d_REFERENCE_F00.png..._REFERENCE_F05.png,none,6|256x256 RGBA|0.10|0.6000000000000001|preview-only non-loop,false,preview only; no engine motion/FlipX contract,"normalized (0.5,0.5); no autocrop/recenter",preview/reference only; never auto-import as CAST,n/a,n/a,n/a,passive execution has no PlayCast; V2.2 REFERENCE_VFX scope,none
area_19,m_advanced_knight_a,s_mon_advanced_knight_a,ICON,true,icon_ruid,thumbnail://b2ab0d2ec4d346079c5738c79c8b909b,NEW_ART,true,false,ICON/003_m_advanced_knight_a_s_mon_advanced_knight_a_ICON.png,icon_ruid,1|256x256 RGBA|static|static|static,ui,none,"normalized (0.5,0.5); no autocrop/recenter",n/a,n/a,n/a,n/a,SkillTable.icon_ruid,none
area_19,m_advanced_knight_a,s_mon_advanced_knight_a,CAST_VFX,false,none,,NO_RUNTIME_ROLE,false,false,none,none,0|n/a|n/a|n/a|n/a,false,n/a,"normalized (0.5,0.5); no autocrop/recenter",n/a,n/a,n/a,n/a,SkillTable visual fields + PlayerAttack/MonsterAttack/SkillEffect code,none
area_19,m_advanced_knight_a,s_mon_advanced_knight_a,PROJECTILE,false,none,,NO_RUNTIME_ROLE,false,false,none,none,0|n/a|n/a|n/a|n/a,false,n/a,"normalized (0.5,0.5); no autocrop/recenter",n/a,n/a,n/a,n/a,SkillTable visual fields + PlayerAttack/MonsterAttack/SkillEffect code,none
area_19,m_advanced_knight_a,s_mon_advanced_knight_a,HIT_VFX,false,none,,NO_RUNTIME_ROLE,false,false,none,none,0|n/a|n/a|n/a|n/a,false,n/a,"normalized (0.5,0.5); no autocrop/recenter",n/a,n/a,n/a,n/a,PlayerAttack.ResolveThrowHit; MonsterAttack.ResolveThrowHit; SkillEffect has no hit asset argument,none; no dedicated hit/impact visual field or Spawn call in current common projectile path
area_19,m_advanced_knight_a,s_mon_advanced_knight_a,PERSISTENT_BUFF_VFX,false,none,,NO_RUNTIME_ROLE,false,false,none,none,0|n/a|n/a|n/a|n/a,false,n/a,"normalized (0.5,0.5); no autocrop/recenter",n/a,n/a,n/a,n/a,MonsterAttack defense branch + SkillEffect.PlayCast; no persistent visual entity field,none; defense mechanics may persist but current visual is one-shot CAST only
area_19,m_advanced_knight_a,s_mon_advanced_knight_a,REFERENCE_VFX,input_reference_only,reference source; not runtime field,INPUT design reference,NEW_ART,true,false,REFERENCE/003_m_advanced_knight_a_s_mon_advanced_knight_a_REFERENCE_F00.png..._REFERENCE_F05.png,none,6|256x256 RGBA|0.10|0.6000000000000001|preview-only non-loop,false,preview only; no engine motion/FlipX contract,"normalized (0.5,0.5); no autocrop/recenter",preview/reference only; never auto-import as CAST,n/a,n/a,n/a,passive execution has no PlayCast; V2.2 REFERENCE_VFX scope,none
area_19,m_advanced_knight_b,s_mon_advanced_knight_b,ICON,true,icon_ruid,thumbnail://3a107a08957f442d8b3e191258198056,NEW_ART,true,false,ICON/004_m_advanced_knight_b_s_mon_advanced_knight_b_ICON.png,icon_ruid,1|256x256 RGBA|static|static|static,ui,none,"normalized (0.5,0.5); no autocrop/recenter",n/a,n/a,n/a,n/a,SkillTable.icon_ruid,none
area_19,m_advanced_knight_b,s_mon_advanced_knight_b,CAST_VFX,true,layer_ruids,"L1:89e2fa1739754ade99ddca6ca3653182 animationclip/clip delay=0s duration=.78s scale=1.05 offset=(0,0)wu drift=(0,0)wu/s; L2:8a8c83af487246b89a8f4e4ff92edd66 animationclip/clip delay=.2s duration=.88s scale=1.14 offset=(0,0)wu drift=(0,0)wu/s",NEW_ART,true,false,CAST/004_m_advanced_knight_b_s_mon_advanced_knight_b_CAST_F00.png..._CAST_F07.png,layer_ruids,8|384x384 RGBA|0.10|0.8|non-loop one-shot,true,SkillEffect applies FlipX for directional attacks; delayed layer samples caster position at SpawnLayer execution; map entity then applies drift,"normalized (0.5,0.5); no autocrop/recenter",COMPOSITE_BAKED_ONE_CLIP: preserve L1..Ln relative delay/offset/drift rhythm inside one accepted local-canvas clip; final layer metadata becomes one primary layer after approval,n/a,n/a,n/a,SkillTable layer/effect fields; SkillEffect.PlayCast/SpawnLayer,none
area_19,m_advanced_knight_b,s_mon_advanced_knight_b,PROJECTILE,false,none,,NO_RUNTIME_ROLE,false,false,none,none,0|n/a|n/a|n/a|n/a,false,n/a,"normalized (0.5,0.5); no autocrop/recenter",n/a,n/a,n/a,n/a,SkillTable visual fields + PlayerAttack/MonsterAttack/SkillEffect code,none
area_19,m_advanced_knight_b,s_mon_advanced_knight_b,HIT_VFX,false,none,,NO_RUNTIME_ROLE,false,false,none,none,0|n/a|n/a|n/a|n/a,false,n/a,"normalized (0.5,0.5); no autocrop/recenter",n/a,n/a,n/a,n/a,PlayerAttack.ResolveThrowHit; MonsterAttack.ResolveThrowHit; SkillEffect has no hit asset argument,none; no dedicated hit/impact visual field or Spawn call in current common projectile path
area_19,m_advanced_knight_b,s_mon_advanced_knight_b,PERSISTENT_BUFF_VFX,false,none,,NO_RUNTIME_ROLE,false,false,none,none,0|n/a|n/a|n/a|n/a,false,n/a,"normalized (0.5,0.5); no autocrop/recenter",n/a,n/a,n/a,n/a,MonsterAttack defense branch + SkillEffect.PlayCast; no persistent visual entity field,none; defense mechanics may persist but current visual is one-shot CAST only
area_19,m_advanced_knight_b,s_mon_advanced_knight_b,REFERENCE_VFX,false,none,,NO_RUNTIME_ROLE,false,false,none,none,0|n/a|n/a|n/a|n/a,false,n/a,"normalized (0.5,0.5); no autocrop/recenter",n/a,n/a,n/a,n/a,SkillTable visual fields + PlayerAttack/MonsterAttack/SkillEffect code,none
area_19,m_cygnus,s_mon_cygnus,ICON,true,icon_ruid,thumbnail://397136593bdb4e37b17d0d9e40ce0006,NEW_ART,true,false,ICON/005_m_cygnus_s_mon_cygnus_ICON.png,icon_ruid,1|256x256 RGBA|static|static|static,ui,none,"normalized (0.5,0.5); no autocrop/recenter",n/a,n/a,n/a,n/a,SkillTable.icon_ruid,none
area_19,m_cygnus,s_mon_cygnus,CAST_VFX,true,layer_ruids,"L1:1c8327eff1fa4321bef0fe5410a6ddef animationclip/clip delay=0s duration=.9s scale=1.18 offset=(0,0)wu drift=(0,0)wu/s; L2:875053c636494f6d807b803dd95bc3eb animationclip/clip delay=.28s duration=1.02s scale=1.28 offset=(0,0)wu drift=(0,0)wu/s",NEW_ART,true,false,CAST/005_m_cygnus_s_mon_cygnus_CAST_F00.png..._CAST_F11.png,layer_ruids,12|512x512 RGBA|0.08|0.96|non-loop one-shot,true,SkillEffect applies FlipX for directional attacks; delayed layer samples caster position at SpawnLayer execution; map entity then applies drift,"normalized (0.5,0.5); no autocrop/recenter",COMPOSITE_BAKED_ONE_CLIP: preserve L1..Ln relative delay/offset/drift rhythm inside one accepted local-canvas clip; final layer metadata becomes one primary layer after approval,n/a,n/a,n/a,SkillTable layer/effect fields; SkillEffect.PlayCast/SpawnLayer,none
area_19,m_cygnus,s_mon_cygnus,PROJECTILE,false,none,,NO_RUNTIME_ROLE,false,false,none,none,0|n/a|n/a|n/a|n/a,false,n/a,"normalized (0.5,0.5); no autocrop/recenter",n/a,n/a,n/a,n/a,SkillTable visual fields + PlayerAttack/MonsterAttack/SkillEffect code,none
area_19,m_cygnus,s_mon_cygnus,HIT_VFX,false,none,,NO_RUNTIME_ROLE,false,false,none,none,0|n/a|n/a|n/a|n/a,false,n/a,"normalized (0.5,0.5); no autocrop/recenter",n/a,n/a,n/a,n/a,PlayerAttack.ResolveThrowHit; MonsterAttack.ResolveThrowHit; SkillEffect has no hit asset argument,none; no dedicated hit/impact visual field or Spawn call in current common projectile path
area_19,m_cygnus,s_mon_cygnus,PERSISTENT_BUFF_VFX,false,none,,NO_RUNTIME_ROLE,false,false,none,none,0|n/a|n/a|n/a|n/a,false,n/a,"normalized (0.5,0.5); no autocrop/recenter",n/a,n/a,n/a,n/a,MonsterAttack defense branch + SkillEffect.PlayCast; no persistent visual entity field,none; defense mechanics may persist but current visual is one-shot CAST only
area_19,m_cygnus,s_mon_cygnus,REFERENCE_VFX,false,none,,NO_RUNTIME_ROLE,false,false,none,none,0|n/a|n/a|n/a|n/a,false,n/a,"normalized (0.5,0.5); no autocrop/recenter",n/a,n/a,n/a,n/a,SkillTable visual fields + PlayerAttack/MonsterAttack/SkillEffect code,none
area_20,m_mutant_dark_stump,s_mon_mutant_dark_stump,ICON,true,icon_ruid,thumbnail://9b09382f4ba6483eb11a931f49a68f9b,NEW_ART,true,false,ICON/001_m_mutant_dark_stump_s_mon_mutant_dark_stump_ICON.png,icon_ruid,1|256x256 RGBA|static|static|static,ui,none,"normalized (0.5,0.5); no autocrop/recenter",n/a,n/a,n/a,n/a,SkillTable.icon_ruid,none
area_20,m_mutant_dark_stump,s_mon_mutant_dark_stump,CAST_VFX,false,none,,NO_RUNTIME_ROLE,false,false,none,none,0|n/a|n/a|n/a|n/a,false,n/a,"normalized (0.5,0.5); no autocrop/recenter",n/a,n/a,n/a,n/a,SkillTable visual fields + PlayerAttack/MonsterAttack/SkillEffect code,none
area_20,m_mutant_dark_stump,s_mon_mutant_dark_stump,PROJECTILE,false,none,,NO_RUNTIME_ROLE,false,false,none,none,0|n/a|n/a|n/a|n/a,false,n/a,"normalized (0.5,0.5); no autocrop/recenter",n/a,n/a,n/a,n/a,SkillTable visual fields + PlayerAttack/MonsterAttack/SkillEffect code,none
area_20,m_mutant_dark_stump,s_mon_mutant_dark_stump,HIT_VFX,false,none,,NO_RUNTIME_ROLE,false,false,none,none,0|n/a|n/a|n/a|n/a,false,n/a,"normalized (0.5,0.5); no autocrop/recenter",n/a,n/a,n/a,n/a,PlayerAttack.ResolveThrowHit; MonsterAttack.ResolveThrowHit; SkillEffect has no hit asset argument,none; no dedicated hit/impact visual field or Spawn call in current common projectile path
area_20,m_mutant_dark_stump,s_mon_mutant_dark_stump,PERSISTENT_BUFF_VFX,false,none,,NO_RUNTIME_ROLE,false,false,none,none,0|n/a|n/a|n/a|n/a,false,n/a,"normalized (0.5,0.5); no autocrop/recenter",n/a,n/a,n/a,n/a,MonsterAttack defense branch + SkillEffect.PlayCast; no persistent visual entity field,none; defense mechanics may persist but current visual is one-shot CAST only
area_20,m_mutant_dark_stump,s_mon_mutant_dark_stump,REFERENCE_VFX,input_reference_only,reference source; not runtime field,INPUT design reference,NEW_ART,true,false,REFERENCE/001_m_mutant_dark_stump_s_mon_mutant_dark_stump_REFERENCE_F00.png..._REFERENCE_F05.png,none,6|256x256 RGBA|0.10|0.6000000000000001|preview-only non-loop,false,preview only; no engine motion/FlipX contract,"normalized (0.5,0.5); no autocrop/recenter",preview/reference only; never auto-import as CAST,n/a,n/a,n/a,passive execution has no PlayCast; V2.2 REFERENCE_VFX scope,none
area_20,m_mutant_iron_hog,s_mon_mutant_iron_hog,ICON,true,icon_ruid,thumbnail://cd613d0025674a6f8b1cc7211054eb41,NEW_ART,true,false,ICON/002_m_mutant_iron_hog_s_mon_mutant_iron_hog_ICON.png,icon_ruid,1|256x256 RGBA|static|static|static,ui,none,"normalized (0.5,0.5); no autocrop/recenter",n/a,n/a,n/a,n/a,SkillTable.icon_ruid,none
area_20,m_mutant_iron_hog,s_mon_mutant_iron_hog,CAST_VFX,true,layer_ruids,"L1:9d71fbaf9b154c51bbdb481eaa2fc52f animationclip/clip delay=0s duration=.68s scale=1.02 offset=(0,0)wu drift=(0,0)wu/s; L2:a29334463fbf4a7bbc8e4cb7325229b7 animationclip/clip delay=.18s duration=.78s scale=1.12 offset=(0,0)wu drift=(0,0)wu/s",NEW_ART,true,false,CAST/002_m_mutant_iron_hog_s_mon_mutant_iron_hog_CAST_F00.png..._CAST_F07.png,layer_ruids,8|384x384 RGBA|0.10|0.8|non-loop one-shot,true,SkillEffect applies FlipX for directional attacks; delayed layer samples caster position at SpawnLayer execution; map entity then applies drift,"normalized (0.5,0.5); no autocrop/recenter",COMPOSITE_BAKED_ONE_CLIP: preserve L1..Ln relative delay/offset/drift rhythm inside one accepted local-canvas clip; final layer metadata becomes one primary layer after approval,n/a,n/a,n/a,SkillTable layer/effect fields; SkillEffect.PlayCast/SpawnLayer,none
area_20,m_mutant_iron_hog,s_mon_mutant_iron_hog,PROJECTILE,false,none,,NO_RUNTIME_ROLE,false,false,none,none,0|n/a|n/a|n/a|n/a,false,n/a,"normalized (0.5,0.5); no autocrop/recenter",n/a,n/a,n/a,n/a,SkillTable visual fields + PlayerAttack/MonsterAttack/SkillEffect code,none
area_20,m_mutant_iron_hog,s_mon_mutant_iron_hog,HIT_VFX,false,none,,NO_RUNTIME_ROLE,false,false,none,none,0|n/a|n/a|n/a|n/a,false,n/a,"normalized (0.5,0.5); no autocrop/recenter",n/a,n/a,n/a,n/a,PlayerAttack.ResolveThrowHit; MonsterAttack.ResolveThrowHit; SkillEffect has no hit asset argument,none; no dedicated hit/impact visual field or Spawn call in current common projectile path
area_20,m_mutant_iron_hog,s_mon_mutant_iron_hog,PERSISTENT_BUFF_VFX,false,none,,NO_RUNTIME_ROLE,false,false,none,none,0|n/a|n/a|n/a|n/a,false,n/a,"normalized (0.5,0.5); no autocrop/recenter",n/a,n/a,n/a,n/a,MonsterAttack defense branch + SkillEffect.PlayCast; no persistent visual entity field,none; defense mechanics may persist but current visual is one-shot CAST only
area_20,m_mutant_iron_hog,s_mon_mutant_iron_hog,REFERENCE_VFX,false,none,,NO_RUNTIME_ROLE,false,false,none,none,0|n/a|n/a|n/a|n/a,false,n/a,"normalized (0.5,0.5); no autocrop/recenter",n/a,n/a,n/a,n/a,SkillTable visual fields + PlayerAttack/MonsterAttack/SkillEffect code,none
area_20,m_mutant_stone_mask,s_mon_mutant_stone_mask,ICON,true,icon_ruid,thumbnail://f020a220a2ad40a28d4920b790b32f3c,NEW_ART,true,false,ICON/003_m_mutant_stone_mask_s_mon_mutant_stone_mask_ICON.png,icon_ruid,1|256x256 RGBA|static|static|static,ui,none,"normalized (0.5,0.5); no autocrop/recenter",n/a,n/a,n/a,n/a,SkillTable.icon_ruid,none
area_20,m_mutant_stone_mask,s_mon_mutant_stone_mask,CAST_VFX,false,none,,NO_RUNTIME_ROLE,false,false,none,none,0|n/a|n/a|n/a|n/a,false,n/a,"normalized (0.5,0.5); no autocrop/recenter",n/a,n/a,n/a,n/a,SkillTable visual fields + PlayerAttack/MonsterAttack/SkillEffect code,none
area_20,m_mutant_stone_mask,s_mon_mutant_stone_mask,PROJECTILE,false,none,,NO_RUNTIME_ROLE,false,false,none,none,0|n/a|n/a|n/a|n/a,false,n/a,"normalized (0.5,0.5); no autocrop/recenter",n/a,n/a,n/a,n/a,SkillTable visual fields + PlayerAttack/MonsterAttack/SkillEffect code,none
area_20,m_mutant_stone_mask,s_mon_mutant_stone_mask,HIT_VFX,false,none,,NO_RUNTIME_ROLE,false,false,none,none,0|n/a|n/a|n/a|n/a,false,n/a,"normalized (0.5,0.5); no autocrop/recenter",n/a,n/a,n/a,n/a,PlayerAttack.ResolveThrowHit; MonsterAttack.ResolveThrowHit; SkillEffect has no hit asset argument,none; no dedicated hit/impact visual field or Spawn call in current common projectile path
area_20,m_mutant_stone_mask,s_mon_mutant_stone_mask,PERSISTENT_BUFF_VFX,false,none,,NO_RUNTIME_ROLE,false,false,none,none,0|n/a|n/a|n/a|n/a,false,n/a,"normalized (0.5,0.5); no autocrop/recenter",n/a,n/a,n/a,n/a,MonsterAttack defense branch + SkillEffect.PlayCast; no persistent visual entity field,none; defense mechanics may persist but current visual is one-shot CAST only
area_20,m_mutant_stone_mask,s_mon_mutant_stone_mask,REFERENCE_VFX,input_reference_only,reference source; not runtime field,INPUT design reference,NEW_ART,true,false,REFERENCE/003_m_mutant_stone_mask_s_mon_mutant_stone_mask_REFERENCE_F00.png..._REFERENCE_F05.png,none,6|256x256 RGBA|0.10|0.6000000000000001|preview-only non-loop,false,preview only; no engine motion/FlipX contract,"normalized (0.5,0.5); no autocrop/recenter",preview/reference only; never auto-import as CAST,n/a,n/a,n/a,passive execution has no PlayCast; V2.2 REFERENCE_VFX scope,none
area_20,m_ancient_dark_golem,s_mon_ancient_dark_golem,ICON,true,icon_ruid,thumbnail://f60c7188fcd544ef869845a34ff92b30,NEW_ART,true,false,ICON/004_m_ancient_dark_golem_s_mon_ancient_dark_golem_ICON.png,icon_ruid,1|256x256 RGBA|static|static|static,ui,none,"normalized (0.5,0.5); no autocrop/recenter",n/a,n/a,n/a,n/a,SkillTable.icon_ruid,none
area_20,m_ancient_dark_golem,s_mon_ancient_dark_golem,CAST_VFX,true,layer_ruids,"L1:3803b5c17bf04b56bef115b3afbf388b animationclip/clip delay=0s duration=.9s scale=1.14 offset=(0,0)wu drift=(0,0)wu/s; L2:6ad623bf86ad46f0ad423c10e383a28e animationclip/clip delay=.3s duration=1.0s scale=1.25 offset=(0,0)wu drift=(0,0)wu/s",NEW_ART,true,false,CAST/004_m_ancient_dark_golem_s_mon_ancient_dark_golem_CAST_F00.png..._CAST_F07.png,layer_ruids,8|384x384 RGBA|0.10|0.8|non-loop one-shot,true,SkillEffect applies FlipX for directional attacks; delayed layer samples caster position at SpawnLayer execution; map entity then applies drift,"normalized (0.5,0.5); no autocrop/recenter",COMPOSITE_BAKED_ONE_CLIP: preserve L1..Ln relative delay/offset/drift rhythm inside one accepted local-canvas clip; final layer metadata becomes one primary layer after approval,n/a,n/a,n/a,SkillTable layer/effect fields; SkillEffect.PlayCast/SpawnLayer,none
area_20,m_ancient_dark_golem,s_mon_ancient_dark_golem,PROJECTILE,false,none,,NO_RUNTIME_ROLE,false,false,none,none,0|n/a|n/a|n/a|n/a,false,n/a,"normalized (0.5,0.5); no autocrop/recenter",n/a,n/a,n/a,n/a,SkillTable visual fields + PlayerAttack/MonsterAttack/SkillEffect code,none
area_20,m_ancient_dark_golem,s_mon_ancient_dark_golem,HIT_VFX,false,none,,NO_RUNTIME_ROLE,false,false,none,none,0|n/a|n/a|n/a|n/a,false,n/a,"normalized (0.5,0.5); no autocrop/recenter",n/a,n/a,n/a,n/a,PlayerAttack.ResolveThrowHit; MonsterAttack.ResolveThrowHit; SkillEffect has no hit asset argument,none; no dedicated hit/impact visual field or Spawn call in current common projectile path
area_20,m_ancient_dark_golem,s_mon_ancient_dark_golem,PERSISTENT_BUFF_VFX,false,none,,NO_RUNTIME_ROLE,false,false,none,none,0|n/a|n/a|n/a|n/a,false,n/a,"normalized (0.5,0.5); no autocrop/recenter",n/a,n/a,n/a,n/a,MonsterAttack defense branch + SkillEffect.PlayCast; no persistent visual entity field,none; defense mechanics may persist but current visual is one-shot CAST only
area_20,m_ancient_dark_golem,s_mon_ancient_dark_golem,REFERENCE_VFX,false,none,,NO_RUNTIME_ROLE,false,false,none,none,0|n/a|n/a|n/a|n/a,false,n/a,"normalized (0.5,0.5); no autocrop/recenter",n/a,n/a,n/a,n/a,SkillTable visual fields + PlayerAttack/MonsterAttack/SkillEffect code,none
area_20,m_mutant_stumpy,s_mon_mutant_stumpy,ICON,true,icon_ruid,thumbnail://fe3077e91e5442579b6cfaa6b4c59469,NEW_ART,true,false,ICON/005_m_mutant_stumpy_s_mon_mutant_stumpy_ICON.png,icon_ruid,1|256x256 RGBA|static|static|static,ui,none,"normalized (0.5,0.5); no autocrop/recenter",n/a,n/a,n/a,n/a,SkillTable.icon_ruid,none
area_20,m_mutant_stumpy,s_mon_mutant_stumpy,CAST_VFX,true,layer_ruids,"L1:e79a4d871f6a4cbdbf75a7126982013e animationclip/clip delay=0s duration=.88s scale=1.16 offset=(0,0)wu drift=(0,0)wu/s; L2:dfb0126bee6f48fb9bdb289bddef870b animationclip/clip delay=.24s duration=1.02s scale=1.3 offset=(0,0)wu drift=(0,0)wu/s",NEW_ART,true,false,CAST/005_m_mutant_stumpy_s_mon_mutant_stumpy_CAST_F00.png..._CAST_F11.png,layer_ruids,12|512x512 RGBA|0.08|0.96|non-loop one-shot,true,SkillEffect applies FlipX for directional attacks; delayed layer samples caster position at SpawnLayer execution; map entity then applies drift,"normalized (0.5,0.5); no autocrop/recenter",COMPOSITE_BAKED_ONE_CLIP: preserve L1..Ln relative delay/offset/drift rhythm inside one accepted local-canvas clip; final layer metadata becomes one primary layer after approval,n/a,n/a,n/a,SkillTable layer/effect fields; SkillEffect.PlayCast/SpawnLayer,none
area_20,m_mutant_stumpy,s_mon_mutant_stumpy,PROJECTILE,false,none,,NO_RUNTIME_ROLE,false,false,none,none,0|n/a|n/a|n/a|n/a,false,n/a,"normalized (0.5,0.5); no autocrop/recenter",n/a,n/a,n/a,n/a,SkillTable visual fields + PlayerAttack/MonsterAttack/SkillEffect code,none
area_20,m_mutant_stumpy,s_mon_mutant_stumpy,HIT_VFX,false,none,,NO_RUNTIME_ROLE,false,false,none,none,0|n/a|n/a|n/a|n/a,false,n/a,"normalized (0.5,0.5); no autocrop/recenter",n/a,n/a,n/a,n/a,PlayerAttack.ResolveThrowHit; MonsterAttack.ResolveThrowHit; SkillEffect has no hit asset argument,none; no dedicated hit/impact visual field or Spawn call in current common projectile path
area_20,m_mutant_stumpy,s_mon_mutant_stumpy,PERSISTENT_BUFF_VFX,false,none,,NO_RUNTIME_ROLE,false,false,none,none,0|n/a|n/a|n/a|n/a,false,n/a,"normalized (0.5,0.5); no autocrop/recenter",n/a,n/a,n/a,n/a,MonsterAttack defense branch + SkillEffect.PlayCast; no persistent visual entity field,none; defense mechanics may persist but current visual is one-shot CAST only
area_20,m_mutant_stumpy,s_mon_mutant_stumpy,REFERENCE_VFX,false,none,,NO_RUNTIME_ROLE,false,false,none,none,0|n/a|n/a|n/a|n/a,false,n/a,"normalized (0.5,0.5); no autocrop/recenter",n/a,n/a,n/a,n/a,SkillTable visual fields + PlayerAttack/MonsterAttack/SkillEffect code,none
