area_id,area_name,work_order,monster_id,monster_name,skill_id,skill_name,skill_type,pivot,targeting_range,impact_radius,impact_delay,effect_role,current_use,current_field_or_layer,current_resource,production_decision,required_file_set,frame_count,canvas,frame_seconds,total_seconds,playback_mode,direction_and_engine_motion,future_target,consolidation_strategy,runtime_use,unresolved,evidence,baseline_current_evidence,approved_target_ruid,approved_frame_sprite_ruids,source_path,output_path,preview_reference_files,approval_evidence,approval_status
area_01,헤네시스 근교,001,m_snail,달팽이,s_mon_snail_dew_trail,이슬 미끄럼길,액티브,"normalized (0.5,0.5); no autocrop/recenter",n/a,n/a,n/a,ICON,true,icon_ruid,c0699b32529049c68de3d13022479bf9,AREA00_APPROVED_REUSE,approved_reuse/AREA_00/001_m_snail_달팽이/ICON/001_m_snail_s_mon_snail_dew_trail_ICON.png,1,256x256 RGBA,static,static,static,none,icon_ruid -> approved_icon_ruid=c0699b32529049c68de3d13022479bf9,n/a,ui,none,SkillTable.icon_ruid; Area00 resource map/hash,c0699b32529049c68de3d13022479bf9,c0699b32529049c68de3d13022479bf9,n/a,approved_reuse/AREA_00/001_m_snail_달팽이/ICON/001_m_snail_s_mon_snail_dew_trail_ICON.png,AREA_01_IMAGES_OUTPUT/monsters/001_m_snail_달팽이/ICON/001_m_snail_s_mon_snail_dew_trail_ICON.png,approved_reuse/AREA_00/001_m_snail_달팽이/PREVIEW/001_m_snail_s_mon_snail_dew_trail_CONTACT_PREVIEW.png|approved_reuse/AREA_00/001_m_snail_달팽이/PREVIEW/labeled_preview.png,AREA_00_IMAGES_RESOURCE_MAP.csv + V2.2 ASSET_BINDING_PLAN.csv + INPUT_V2_3_REVIEW_RESULTS,CONFIRMED_MATCH
area_01,헤네시스 근교,001,m_snail,달팽이,s_mon_snail_dew_trail,이슬 미끄럼길,액티브,"normalized (0.5,0.5); no autocrop/recenter",n/a,n/a,n/a,CAST_VFX,true,layer_ruids,"L1:6097484d513a4fde82ad15557fdc81d3 animationclip/clip delay=0s duration=0.8s scale=1 offset=(0,0)wu drift=(0,0)wu/s",AREA00_APPROVED_REUSE,approved_reuse/AREA_00/001_m_snail_달팽이/VFX/001_m_snail_s_mon_snail_dew_trail_F00.png|approved_reuse/AREA_00/001_m_snail_달팽이/VFX/001_m_snail_s_mon_snail_dew_trail_F01.png|approved_reuse/AREA_00/001_m_snail_달팽이/VFX/001_m_snail_s_mon_snail_dew_trail_F02.png|approved_reuse/AREA_00/001_m_snail_달팽이/VFX/001_m_snail_s_mon_snail_dew_trail_F03.png|approved_reuse/AREA_00/001_m_snail_달팽이/VFX/001_m_snail_s_mon_snail_dew_trail_F04.png|approved_reuse/AREA_00/001_m_snail_달팽이/VFX/001_m_snail_s_mon_snail_dew_trail_F05.png|approved_reuse/AREA_00/001_m_snail_달팽이/VFX/001_m_snail_s_mon_snail_dew_trail_F06.png|approved_reuse/AREA_00/001_m_snail_달팽이/VFX/001_m_snail_s_mon_snail_dew_trail_F07.png,8,384x384 RGBA,0.1,0.8,approved existing,SkillEffect applies FlipX for directional attacks; delayed layer samples caster position at SpawnLayer execution; map entity then applies drift,layer_ruids -> approved_animationclip_ruid=6097484d513a4fde82ad15557fdc81d3,AREA00 approved mapping unchanged,true,none,SkillTable layer/effect fields; SkillEffect.PlayCast/SpawnLayer,"L1:6097484d513a4fde82ad15557fdc81d3 animationclip/clip delay=0s duration=0.8s scale=1 offset=(0,0)wu drift=(0,0)wu/s",6097484d513a4fde82ad15557fdc81d3,b23e5b681ff9406d92fdc0f1f70a5a9a|082b3c6ef149443ca3d3ec4cb47138de|4207b2fc18ef4beb8036e9c36ad7be75|c7559a6bbb094dd6be42a270f151df9e|538e7814b00f417d95a622235cda10aa|a367a0f2116441f3affbdfaa3015dfcf|e629a1d5081e420d95a047feafce731a|1b07ed19b7274ed8917c1a847abf8e06,approved_reuse/AREA_00/001_m_snail_달팽이/VFX/001_m_snail_s_mon_snail_dew_trail_F00.png|approved_reuse/AREA_00/001_m_snail_달팽이/VFX/001_m_snail_s_mon_snail_dew_trail_F01.png|approved_reuse/AREA_00/001_m_snail_달팽이/VFX/001_m_snail_s_mon_snail_dew_trail_F02.png|approved_reuse/AREA_00/001_m_snail_달팽이/VFX/001_m_snail_s_mon_snail_dew_trail_F03.png|approved_reuse/AREA_00/001_m_snail_달팽이/VFX/001_m_snail_s_mon_snail_dew_trail_F04.png|approved_reuse/AREA_00/001_m_snail_달팽이/VFX/001_m_snail_s_mon_snail_dew_trail_F05.png|approved_reuse/AREA_00/001_m_snail_달팽이/VFX/001_m_snail_s_mon_snail_dew_trail_F06.png|approved_reuse/AREA_00/001_m_snail_달팽이/VFX/001_m_snail_s_mon_snail_dew_trail_F07.png,AREA_01_IMAGES_OUTPUT/monsters/001_m_snail_달팽이/CAST/001_m_snail_s_mon_snail_dew_trail_CAST_F00.png|AREA_01_IMAGES_OUTPUT/monsters/001_m_snail_달팽이/CAST/001_m_snail_s_mon_snail_dew_trail_CAST_F01.png|AREA_01_IMAGES_OUTPUT/monsters/001_m_snail_달팽이/CAST/001_m_snail_s_mon_snail_dew_trail_CAST_F02.png|AREA_01_IMAGES_OUTPUT/monsters/001_m_snail_달팽이/CAST/001_m_snail_s_mon_snail_dew_trail_CAST_F03.png|AREA_01_IMAGES_OUTPUT/monsters/001_m_snail_달팽이/CAST/001_m_snail_s_mon_snail_dew_trail_CAST_F04.png|AREA_01_IMAGES_OUTPUT/monsters/001_m_snail_달팽이/CAST/001_m_snail_s_mon_snail_dew_trail_CAST_F05.png|AREA_01_IMAGES_OUTPUT/monsters/001_m_snail_달팽이/CAST/001_m_snail_s_mon_snail_dew_trail_CAST_F06.png|AREA_01_IMAGES_OUTPUT/monsters/001_m_snail_달팽이/CAST/001_m_snail_s_mon_snail_dew_trail_CAST_F07.png,approved_reuse/AREA_00/001_m_snail_달팽이/PREVIEW/001_m_snail_s_mon_snail_dew_trail_CONTACT_PREVIEW.png|approved_reuse/AREA_00/001_m_snail_달팽이/PREVIEW/labeled_preview.png,AREA_00_IMAGES_RESOURCE_MAP.csv + V2.2 ASSET_BINDING_PLAN.csv + INPUT_V2_3_REVIEW_RESULTS,CONFIRMED_MATCH
area_01,헤네시스 근교,001,m_snail,달팽이,s_mon_snail_dew_trail,이슬 미끄럼길,액티브,"normalized (0.5,0.5); no autocrop/recenter",n/a,n/a,n/a,PROJECTILE,false,none,,NO_RUNTIME_ROLE,none,0,n/a,n/a,n/a,n/a,n/a,none,n/a,false,none,SkillTable visual fields + PlayerAttack/MonsterAttack/SkillEffect code,n/a,n/a,n/a,n/a,n/a,n/a,n/a,n/a
area_01,헤네시스 근교,001,m_snail,달팽이,s_mon_snail_dew_trail,이슬 미끄럼길,액티브,"normalized (0.5,0.5); no autocrop/recenter",n/a,n/a,n/a,HIT_VFX,false,none,,NO_RUNTIME_ROLE,none,0,n/a,n/a,n/a,n/a,n/a,none,n/a,false,none; no dedicated hit/impact visual field or Spawn call in current common projectile path,PlayerAttack.ResolveThrowHit; MonsterAttack.ResolveThrowHit; SkillEffect has no hit asset argument,n/a,n/a,n/a,n/a,n/a,n/a,n/a,n/a
area_01,헤네시스 근교,001,m_snail,달팽이,s_mon_snail_dew_trail,이슬 미끄럼길,액티브,"normalized (0.5,0.5); no autocrop/recenter",n/a,n/a,n/a,PERSISTENT_BUFF_VFX,false,none,,NO_RUNTIME_ROLE,none,0,n/a,n/a,n/a,n/a,n/a,none,n/a,false,none; defense mechanics may persist but current visual is one-shot CAST only,MonsterAttack defense branch + SkillEffect.PlayCast; no persistent visual entity field,n/a,n/a,n/a,n/a,n/a,n/a,n/a,n/a
area_01,헤네시스 근교,001,m_snail,달팽이,s_mon_snail_dew_trail,이슬 미끄럼길,액티브,"normalized (0.5,0.5); no autocrop/recenter",n/a,n/a,n/a,REFERENCE_VFX,false,none,,NO_RUNTIME_ROLE,none,0,n/a,n/a,n/a,n/a,n/a,none,n/a,false,none,SkillTable visual fields + PlayerAttack/MonsterAttack/SkillEffect code,n/a,n/a,n/a,n/a,n/a,n/a,n/a,n/a
area_01,헤네시스 근교,002,m_blue_snail,파란 달팽이,s_mon_blue_snail,푸른 껍질,버프,"normalized (0.5,0.5); no autocrop/recenter",n/a,n/a,n/a,ICON,true,icon_ruid,73c1bdafcb7e42bc8db0041883226449,AREA00_APPROVED_REUSE,approved_reuse/AREA_00/002_m_blue_snail_파란_달팽이/ICON/002_m_blue_snail_s_mon_blue_snail_ICON.png,1,256x256 RGBA,static,static,static,none,icon_ruid -> approved_icon_ruid=6e7da13ea5924763bebb7aa4b851eb96,n/a,ui,none,SkillTable.icon_ruid; Area00 resource map/hash,73c1bdafcb7e42bc8db0041883226449,6e7da13ea5924763bebb7aa4b851eb96,n/a,approved_reuse/AREA_00/002_m_blue_snail_파란_달팽이/ICON/002_m_blue_snail_s_mon_blue_snail_ICON.png,AREA_01_IMAGES_OUTPUT/monsters/002_m_blue_snail_파란_달팽이/ICON/002_m_blue_snail_s_mon_blue_snail_ICON.png,approved_reuse/AREA_00/002_m_blue_snail_파란_달팽이/PREVIEW/002_m_blue_snail_s_mon_blue_snail_CONTACT_PREVIEW.png|approved_reuse/AREA_00/002_m_blue_snail_파란_달팽이/PREVIEW/labeled_preview.png,AREA_00_IMAGES_RESOURCE_MAP.csv + V2.2 ASSET_BINDING_PLAN.csv + INPUT_V2_3_REVIEW_RESULTS,CONFIRMED_MATCH
area_01,헤네시스 근교,002,m_blue_snail,파란 달팽이,s_mon_blue_snail,푸른 껍질,버프,"normalized (0.5,0.5); no autocrop/recenter",n/a,n/a,n/a,CAST_VFX,true,layer_ruids,"L1:566b0886b4cf4f3997a29ecd3a1954b5 animationclip/clip delay=0s duration=0.85s scale=0.65 offset=(0,0)wu drift=(0,0)wu/s; L2:86734a2715504c10b1e50ae810609e25 animationclip/clip delay=0.12s duration=0.7s scale=0.75 offset=(0,0)wu drift=(0,0)wu/s",AREA00_APPROVED_REUSE,approved_reuse/AREA_00/002_m_blue_snail_파란_달팽이/VFX/002_m_blue_snail_s_mon_blue_snail_F00.png|approved_reuse/AREA_00/002_m_blue_snail_파란_달팽이/VFX/002_m_blue_snail_s_mon_blue_snail_F01.png|approved_reuse/AREA_00/002_m_blue_snail_파란_달팽이/VFX/002_m_blue_snail_s_mon_blue_snail_F02.png|approved_reuse/AREA_00/002_m_blue_snail_파란_달팽이/VFX/002_m_blue_snail_s_mon_blue_snail_F03.png|approved_reuse/AREA_00/002_m_blue_snail_파란_달팽이/VFX/002_m_blue_snail_s_mon_blue_snail_F04.png|approved_reuse/AREA_00/002_m_blue_snail_파란_달팽이/VFX/002_m_blue_snail_s_mon_blue_snail_F05.png|approved_reuse/AREA_00/002_m_blue_snail_파란_달팽이/VFX/002_m_blue_snail_s_mon_blue_snail_F06.png|approved_reuse/AREA_00/002_m_blue_snail_파란_달팽이/VFX/002_m_blue_snail_s_mon_blue_snail_F07.png,8,256x256 RGBA,0.1,0.8,approved existing,SkillEffect applies FlipX for directional attacks; delayed layer samples caster position at SpawnLayer execution; map entity then applies drift,layer_ruids -> approved_animationclip_ruid=f1fc98b763c24a0bb99d8ce8453a4c8f,AREA00 approved mapping unchanged,true,none,SkillTable layer/effect fields; SkillEffect.PlayCast/SpawnLayer,"L1:566b0886b4cf4f3997a29ecd3a1954b5 animationclip/clip delay=0s duration=0.85s scale=0.65 offset=(0,0)wu drift=(0,0)wu/s; L2:86734a2715504c10b1e50ae810609e25 animationclip/clip delay=0.12s duration=0.7s scale=0.75 offset=(0,0)wu drift=(0,0)wu/s",f1fc98b763c24a0bb99d8ce8453a4c8f,67d130ff8cf348baaaa8b5b82aea85c5|c41282607dbd4ce0a883978a76940a0d|cde85252be8e45c4a13e257bfa876865|66631abd26f648b0b3daea8e79788432|b5255e0b14e044b4bf33000ef0b4c501|95349175b489445ca7f3d613457b3dc7|17eaca36217d49329aca30dede462aa2|a251a69e389f4d03850bbc02c77a1a5d,approved_reuse/AREA_00/002_m_blue_snail_파란_달팽이/VFX/002_m_blue_snail_s_mon_blue_snail_F00.png|approved_reuse/AREA_00/002_m_blue_snail_파란_달팽이/VFX/002_m_blue_snail_s_mon_blue_snail_F01.png|approved_reuse/AREA_00/002_m_blue_snail_파란_달팽이/VFX/002_m_blue_snail_s_mon_blue_snail_F02.png|approved_reuse/AREA_00/002_m_blue_snail_파란_달팽이/VFX/002_m_blue_snail_s_mon_blue_snail_F03.png|approved_reuse/AREA_00/002_m_blue_snail_파란_달팽이/VFX/002_m_blue_snail_s_mon_blue_snail_F04.png|approved_reuse/AREA_00/002_m_blue_snail_파란_달팽이/VFX/002_m_blue_snail_s_mon_blue_snail_F05.png|approved_reuse/AREA_00/002_m_blue_snail_파란_달팽이/VFX/002_m_blue_snail_s_mon_blue_snail_F06.png|approved_reuse/AREA_00/002_m_blue_snail_파란_달팽이/VFX/002_m_blue_snail_s_mon_blue_snail_F07.png,AREA_01_IMAGES_OUTPUT/monsters/002_m_blue_snail_파란_달팽이/CAST/002_m_blue_snail_s_mon_blue_snail_CAST_F00.png|AREA_01_IMAGES_OUTPUT/monsters/002_m_blue_snail_파란_달팽이/CAST/002_m_blue_snail_s_mon_blue_snail_CAST_F01.png|AREA_01_IMAGES_OUTPUT/monsters/002_m_blue_snail_파란_달팽이/CAST/002_m_blue_snail_s_mon_blue_snail_CAST_F02.png|AREA_01_IMAGES_OUTPUT/monsters/002_m_blue_snail_파란_달팽이/CAST/002_m_blue_snail_s_mon_blue_snail_CAST_F03.png|AREA_01_IMAGES_OUTPUT/monsters/002_m_blue_snail_파란_달팽이/CAST/002_m_blue_snail_s_mon_blue_snail_CAST_F04.png|AREA_01_IMAGES_OUTPUT/monsters/002_m_blue_snail_파란_달팽이/CAST/002_m_blue_snail_s_mon_blue_snail_CAST_F05.png|AREA_01_IMAGES_OUTPUT/monsters/002_m_blue_snail_파란_달팽이/CAST/002_m_blue_snail_s_mon_blue_snail_CAST_F06.png|AREA_01_IMAGES_OUTPUT/monsters/002_m_blue_snail_파란_달팽이/CAST/002_m_blue_snail_s_mon_blue_snail_CAST_F07.png,approved_reuse/AREA_00/002_m_blue_snail_파란_달팽이/PREVIEW/002_m_blue_snail_s_mon_blue_snail_CONTACT_PREVIEW.png|approved_reuse/AREA_00/002_m_blue_snail_파란_달팽이/PREVIEW/labeled_preview.png,AREA_00_IMAGES_RESOURCE_MAP.csv + V2.2 ASSET_BINDING_PLAN.csv + INPUT_V2_3_REVIEW_RESULTS,CONFIRMED_MATCH
area_01,헤네시스 근교,002,m_blue_snail,파란 달팽이,s_mon_blue_snail,푸른 껍질,버프,"normalized (0.5,0.5); no autocrop/recenter",n/a,n/a,n/a,PROJECTILE,false,none,,NO_RUNTIME_ROLE,none,0,n/a,n/a,n/a,n/a,n/a,none,n/a,false,none,SkillTable visual fields + PlayerAttack/MonsterAttack/SkillEffect code,n/a,n/a,n/a,n/a,n/a,n/a,n/a,n/a
area_01,헤네시스 근교,002,m_blue_snail,파란 달팽이,s_mon_blue_snail,푸른 껍질,버프,"normalized (0.5,0.5); no autocrop/recenter",n/a,n/a,n/a,HIT_VFX,false,none,,NO_RUNTIME_ROLE,none,0,n/a,n/a,n/a,n/a,n/a,none,n/a,false,none; no dedicated hit/impact visual field or Spawn call in current common projectile path,PlayerAttack.ResolveThrowHit; MonsterAttack.ResolveThrowHit; SkillEffect has no hit asset argument,n/a,n/a,n/a,n/a,n/a,n/a,n/a,n/a
area_01,헤네시스 근교,002,m_blue_snail,파란 달팽이,s_mon_blue_snail,푸른 껍질,버프,"normalized (0.5,0.5); no autocrop/recenter",n/a,n/a,n/a,PERSISTENT_BUFF_VFX,false,none,,NO_RUNTIME_ROLE,none,0,n/a,n/a,n/a,n/a,n/a,none,n/a,false,none; defense mechanics may persist but current visual is one-shot CAST only,MonsterAttack defense branch + SkillEffect.PlayCast; no persistent visual entity field,n/a,n/a,n/a,n/a,n/a,n/a,n/a,n/a
area_01,헤네시스 근교,002,m_blue_snail,파란 달팽이,s_mon_blue_snail,푸른 껍질,버프,"normalized (0.5,0.5); no autocrop/recenter",n/a,n/a,n/a,REFERENCE_VFX,false,none,,NO_RUNTIME_ROLE,none,0,n/a,n/a,n/a,n/a,n/a,none,n/a,false,none,SkillTable visual fields + PlayerAttack/MonsterAttack/SkillEffect code,n/a,n/a,n/a,n/a,n/a,n/a,n/a,n/a
area_01,헤네시스 근교,003,m_mushroom,주황 버섯,s_mon_mushroom,포자 살포,액티브,"normalized (0.5,0.5); no autocrop/recenter",n/a,n/a,n/a,ICON,true,icon_ruid,6923ce8064e4445d8e63176645943fb1,NEW_ART,ICON/003_m_mushroom_s_mon_mushroom_ICON.png,1,256x256 RGBA,static,static,static,none,icon_ruid,n/a,ui,none,SkillTable.icon_ruid,n/a,n/a,n/a,n/a,n/a,n/a,n/a,n/a
area_01,헤네시스 근교,003,m_mushroom,주황 버섯,s_mon_mushroom,포자 살포,액티브,"normalized (0.5,0.5); no autocrop/recenter",n/a,n/a,n/a,CAST_VFX,true,layer_ruids,"L1:9c927f6388e74628b1050dfc8490246c animationclip/clip delay=0s duration=0.55s scale=0.38 offset=(-0.28,0)wu drift=(-0.28,0.12)wu/s; L2:9c927f6388e74628b1050dfc8490246c animationclip/clip delay=0.08s duration=0.6s scale=0.36 offset=(0,0.04)wu drift=(0,0.18)wu/s; L3:9c927f6388e74628b1050dfc8490246c animationclip/clip delay=0.16s duration=0.65s scale=0.34 offset=(0.28,-0.04)wu drift=(0.28,0.12)wu/s",NEW_ART,CAST/003_m_mushroom_s_mon_mushroom_CAST_F00.png..._CAST_F07.png,8,384x384 RGBA,0.10,0.8,non-loop one-shot,SkillEffect applies FlipX for directional attacks; delayed layer samples caster position at SpawnLayer execution; map entity then applies drift,layer_ruids,COMPOSITE_BAKED_ONE_CLIP: preserve L1..Ln relative delay/offset/drift rhythm inside one accepted local-canvas clip; final layer metadata becomes one primary layer after approval,true,none,SkillTable layer/effect fields; SkillEffect.PlayCast/SpawnLayer,n/a,n/a,n/a,n/a,n/a,n/a,n/a,n/a
area_01,헤네시스 근교,003,m_mushroom,주황 버섯,s_mon_mushroom,포자 살포,액티브,"normalized (0.5,0.5); no autocrop/recenter",n/a,n/a,n/a,PROJECTILE,false,none,,NO_RUNTIME_ROLE,none,0,n/a,n/a,n/a,n/a,n/a,none,n/a,false,none,SkillTable visual fields + PlayerAttack/MonsterAttack/SkillEffect code,n/a,n/a,n/a,n/a,n/a,n/a,n/a,n/a
area_01,헤네시스 근교,003,m_mushroom,주황 버섯,s_mon_mushroom,포자 살포,액티브,"normalized (0.5,0.5); no autocrop/recenter",n/a,n/a,n/a,HIT_VFX,false,none,,NO_RUNTIME_ROLE,none,0,n/a,n/a,n/a,n/a,n/a,none,n/a,false,none; no dedicated hit/impact visual field or Spawn call in current common projectile path,PlayerAttack.ResolveThrowHit; MonsterAttack.ResolveThrowHit; SkillEffect has no hit asset argument,n/a,n/a,n/a,n/a,n/a,n/a,n/a,n/a
area_01,헤네시스 근교,003,m_mushroom,주황 버섯,s_mon_mushroom,포자 살포,액티브,"normalized (0.5,0.5); no autocrop/recenter",n/a,n/a,n/a,PERSISTENT_BUFF_VFX,false,none,,NO_RUNTIME_ROLE,none,0,n/a,n/a,n/a,n/a,n/a,none,n/a,false,none; defense mechanics may persist but current visual is one-shot CAST only,MonsterAttack defense branch + SkillEffect.PlayCast; no persistent visual entity field,n/a,n/a,n/a,n/a,n/a,n/a,n/a,n/a
area_01,헤네시스 근교,003,m_mushroom,주황 버섯,s_mon_mushroom,포자 살포,액티브,"normalized (0.5,0.5); no autocrop/recenter",n/a,n/a,n/a,REFERENCE_VFX,false,none,,NO_RUNTIME_ROLE,none,0,n/a,n/a,n/a,n/a,n/a,none,n/a,false,none,SkillTable visual fields + PlayerAttack/MonsterAttack/SkillEffect code,n/a,n/a,n/a,n/a,n/a,n/a,n/a,n/a
area_01,헤네시스 근교,004,m_mushmom,머쉬맘,s_mon_mushmom,머쉬맘의 포자 충격,액티브,"normalized (0.5,0.5); no autocrop/recenter",n/a,n/a,n/a,ICON,true,icon_ruid,0b09a6a325c54caca2282859ae624b22,NEW_ART,ICON/004_m_mushmom_s_mon_mushmom_ICON.png,1,256x256 RGBA,static,static,static,none,icon_ruid,n/a,ui,none,SkillTable.icon_ruid,n/a,n/a,n/a,n/a,n/a,n/a,n/a,n/a
area_01,헤네시스 근교,004,m_mushmom,머쉬맘,s_mon_mushmom,머쉬맘의 포자 충격,액티브,"normalized (0.5,0.5); no autocrop/recenter",n/a,n/a,n/a,CAST_VFX,true,layer_ruids,"L1:05113e9dc86448cb8581731824106d75 animationclip/clip delay=0s duration=0.75s scale=0.9 offset=(0,-0.08)wu drift=(0,0)wu/s; L2:86734a2715504c10b1e50ae810609e25 animationclip/clip delay=0.1s duration=0.72s scale=1.15 offset=(0,-0.08)wu drift=(0,0)wu/s; L3:9c927f6388e74628b1050dfc8490246c animationclip/clip delay=0.22s duration=0.7s scale=0.72 offset=(0,0)wu drift=(0,0.18)wu/s",NEW_ART,CAST/004_m_mushmom_s_mon_mushmom_CAST_F00.png..._CAST_F11.png,12,512x512 RGBA,0.08,0.96,non-loop one-shot,SkillEffect applies FlipX for directional attacks; delayed layer samples caster position at SpawnLayer execution; map entity then applies drift,layer_ruids,COMPOSITE_BAKED_ONE_CLIP: preserve L1..Ln relative delay/offset/drift rhythm inside one accepted local-canvas clip; final layer metadata becomes one primary layer after approval,true,none,SkillTable layer/effect fields; SkillEffect.PlayCast/SpawnLayer,n/a,n/a,n/a,n/a,n/a,n/a,n/a,n/a
area_01,헤네시스 근교,004,m_mushmom,머쉬맘,s_mon_mushmom,머쉬맘의 포자 충격,액티브,"normalized (0.5,0.5); no autocrop/recenter",n/a,n/a,n/a,PROJECTILE,false,none,,NO_RUNTIME_ROLE,none,0,n/a,n/a,n/a,n/a,n/a,none,n/a,false,none,SkillTable visual fields + PlayerAttack/MonsterAttack/SkillEffect code,n/a,n/a,n/a,n/a,n/a,n/a,n/a,n/a
area_01,헤네시스 근교,004,m_mushmom,머쉬맘,s_mon_mushmom,머쉬맘의 포자 충격,액티브,"normalized (0.5,0.5); no autocrop/recenter",n/a,n/a,n/a,HIT_VFX,false,none,,NO_RUNTIME_ROLE,none,0,n/a,n/a,n/a,n/a,n/a,none,n/a,false,none; no dedicated hit/impact visual field or Spawn call in current common projectile path,PlayerAttack.ResolveThrowHit; MonsterAttack.ResolveThrowHit; SkillEffect has no hit asset argument,n/a,n/a,n/a,n/a,n/a,n/a,n/a,n/a
area_01,헤네시스 근교,004,m_mushmom,머쉬맘,s_mon_mushmom,머쉬맘의 포자 충격,액티브,"normalized (0.5,0.5); no autocrop/recenter",n/a,n/a,n/a,PERSISTENT_BUFF_VFX,false,none,,NO_RUNTIME_ROLE,none,0,n/a,n/a,n/a,n/a,n/a,none,n/a,false,none; defense mechanics may persist but current visual is one-shot CAST only,MonsterAttack defense branch + SkillEffect.PlayCast; no persistent visual entity field,n/a,n/a,n/a,n/a,n/a,n/a,n/a,n/a
area_01,헤네시스 근교,004,m_mushmom,머쉬맘,s_mon_mushmom,머쉬맘의 포자 충격,액티브,"normalized (0.5,0.5); no autocrop/recenter",n/a,n/a,n/a,REFERENCE_VFX,false,none,,NO_RUNTIME_ROLE,none,0,n/a,n/a,n/a,n/a,n/a,none,n/a,false,none,SkillTable visual fields + PlayerAttack/MonsterAttack/SkillEffect code,n/a,n/a,n/a,n/a,n/a,n/a,n/a,n/a
area_01,헤네시스 근교,005,m_horny_mushroom,뿔버섯,s_mon_horny_mushroom,단단한 뿔,패시브,"normalized (0.5,0.5); no autocrop/recenter",n/a,n/a,n/a,ICON,true,icon_ruid,0928f98bbd114efc935696c1200c9d39,NEW_ART,ICON/005_m_horny_mushroom_s_mon_horny_mushroom_ICON.png,1,256x256 RGBA,static,static,static,none,icon_ruid,n/a,ui,none,SkillTable.icon_ruid,n/a,n/a,n/a,n/a,n/a,n/a,n/a,n/a
area_01,헤네시스 근교,005,m_horny_mushroom,뿔버섯,s_mon_horny_mushroom,단단한 뿔,패시브,"normalized (0.5,0.5); no autocrop/recenter",n/a,n/a,n/a,CAST_VFX,false,none,,NO_RUNTIME_ROLE,none,0,n/a,n/a,n/a,n/a,n/a,none,n/a,false,none,SkillTable visual fields + PlayerAttack/MonsterAttack/SkillEffect code,n/a,n/a,n/a,n/a,n/a,n/a,n/a,n/a
area_01,헤네시스 근교,005,m_horny_mushroom,뿔버섯,s_mon_horny_mushroom,단단한 뿔,패시브,"normalized (0.5,0.5); no autocrop/recenter",n/a,n/a,n/a,PROJECTILE,false,none,,NO_RUNTIME_ROLE,none,0,n/a,n/a,n/a,n/a,n/a,none,n/a,false,none,SkillTable visual fields + PlayerAttack/MonsterAttack/SkillEffect code,n/a,n/a,n/a,n/a,n/a,n/a,n/a,n/a
area_01,헤네시스 근교,005,m_horny_mushroom,뿔버섯,s_mon_horny_mushroom,단단한 뿔,패시브,"normalized (0.5,0.5); no autocrop/recenter",n/a,n/a,n/a,HIT_VFX,false,none,,NO_RUNTIME_ROLE,none,0,n/a,n/a,n/a,n/a,n/a,none,n/a,false,none; no dedicated hit/impact visual field or Spawn call in current common projectile path,PlayerAttack.ResolveThrowHit; MonsterAttack.ResolveThrowHit; SkillEffect has no hit asset argument,n/a,n/a,n/a,n/a,n/a,n/a,n/a,n/a
area_01,헤네시스 근교,005,m_horny_mushroom,뿔버섯,s_mon_horny_mushroom,단단한 뿔,패시브,"normalized (0.5,0.5); no autocrop/recenter",n/a,n/a,n/a,PERSISTENT_BUFF_VFX,false,none,,NO_RUNTIME_ROLE,none,0,n/a,n/a,n/a,n/a,n/a,none,n/a,false,none; defense mechanics may persist but current visual is one-shot CAST only,MonsterAttack defense branch + SkillEffect.PlayCast; no persistent visual entity field,n/a,n/a,n/a,n/a,n/a,n/a,n/a,n/a
area_01,헤네시스 근교,005,m_horny_mushroom,뿔버섯,s_mon_horny_mushroom,단단한 뿔,패시브,"normalized (0.5,0.5); no autocrop/recenter",n/a,n/a,n/a,REFERENCE_VFX,input_reference_only,reference source; not runtime field,INPUT design reference,NEW_ART,REFERENCE/005_m_horny_mushroom_s_mon_horny_mushroom_REFERENCE_F00.png..._REFERENCE_F05.png,6,256x256 RGBA,0.10,0.6000000000000001,preview-only non-loop,preview only; no engine motion/FlipX contract,none,preview/reference only; never auto-import as CAST,false,none,passive execution has no PlayCast; V2.2 REFERENCE_VFX scope,n/a,n/a,n/a,n/a,n/a,n/a,n/a,n/a
area_02,페리온,001,m_stone_golem,스톤골렘,s_mon_stone,암석 피부,버프,"normalized (0.5,0.5); no autocrop/recenter",n/a,n/a,n/a,ICON,true,icon_ruid,cba9471e009f46ee9c786f31d29c3848,NEW_ART,ICON/001_m_stone_golem_s_mon_stone_ICON.png,1,256x256 RGBA,static,static,static,none,icon_ruid,n/a,ui,none,SkillTable.icon_ruid,n/a,n/a,n/a,n/a,n/a,n/a,n/a,n/a
area_02,페리온,001,m_stone_golem,스톤골렘,s_mon_stone,암석 피부,버프,"normalized (0.5,0.5); no autocrop/recenter",n/a,n/a,n/a,CAST_VFX,true,layer_ruids,"L1:05113e9dc86448cb8581731824106d75 animationclip/clip delay=0s duration=0.65s scale=0.8 offset=(0,-0.06)wu drift=(0,0)wu/s; L2:86734a2715504c10b1e50ae810609e25 animationclip/clip delay=0.12s duration=0.72s scale=0.9 offset=(0,-0.06)wu drift=(0,0)wu/s",NEW_ART,CAST/001_m_stone_golem_s_mon_stone_CAST_F00.png..._CAST_F07.png,8,256x256 RGBA,0.10,0.8,non-loop one-shot,SkillEffect applies FlipX for directional attacks; delayed layer samples caster position at SpawnLayer execution; map entity then applies drift,layer_ruids,COMPOSITE_BAKED_ONE_CLIP: preserve L1..Ln relative delay/offset/drift rhythm inside one accepted local-canvas clip; final layer metadata becomes one primary layer after approval,true,none,SkillTable layer/effect fields; SkillEffect.PlayCast/SpawnLayer,n/a,n/a,n/a,n/a,n/a,n/a,n/a,n/a
area_02,페리온,001,m_stone_golem,스톤골렘,s_mon_stone,암석 피부,버프,"normalized (0.5,0.5); no autocrop/recenter",n/a,n/a,n/a,PROJECTILE,false,none,,NO_RUNTIME_ROLE,none,0,n/a,n/a,n/a,n/a,n/a,none,n/a,false,none,SkillTable visual fields + PlayerAttack/MonsterAttack/SkillEffect code,n/a,n/a,n/a,n/a,n/a,n/a,n/a,n/a
area_02,페리온,001,m_stone_golem,스톤골렘,s_mon_stone,암석 피부,버프,"normalized (0.5,0.5); no autocrop/recenter",n/a,n/a,n/a,HIT_VFX,false,none,,NO_RUNTIME_ROLE,none,0,n/a,n/a,n/a,n/a,n/a,none,n/a,false,none; no dedicated hit/impact visual field or Spawn call in current common projectile path,PlayerAttack.ResolveThrowHit; MonsterAttack.ResolveThrowHit; SkillEffect has no hit asset argument,n/a,n/a,n/a,n/a,n/a,n/a,n/a,n/a
area_02,페리온,001,m_stone_golem,스톤골렘,s_mon_stone,암석 피부,버프,"normalized (0.5,0.5); no autocrop/recenter",n/a,n/a,n/a,PERSISTENT_BUFF_VFX,false,none,,NO_RUNTIME_ROLE,none,0,n/a,n/a,n/a,n/a,n/a,none,n/a,false,none; defense mechanics may persist but current visual is one-shot CAST only,MonsterAttack defense branch + SkillEffect.PlayCast; no persistent visual entity field,n/a,n/a,n/a,n/a,n/a,n/a,n/a,n/a
area_02,페리온,001,m_stone_golem,스톤골렘,s_mon_stone,암석 피부,버프,"normalized (0.5,0.5); no autocrop/recenter",n/a,n/a,n/a,REFERENCE_VFX,false,none,,NO_RUNTIME_ROLE,none,0,n/a,n/a,n/a,n/a,n/a,none,n/a,false,none,SkillTable visual fields + PlayerAttack/MonsterAttack/SkillEffect code,n/a,n/a,n/a,n/a,n/a,n/a,n/a,n/a
area_02,페리온,002,m_axe_stump,엑스텀프,s_mon_axe_stump,도끼 휘두르기,액티브,"normalized (0.5,0.5); no autocrop/recenter",n/a,n/a,n/a,ICON,true,icon_ruid,b03001aaa4cf4dfe82d34a48c58cb342,NEW_ART,ICON/002_m_axe_stump_s_mon_axe_stump_ICON.png,1,256x256 RGBA,static,static,static,none,icon_ruid,n/a,ui,none,SkillTable.icon_ruid,n/a,n/a,n/a,n/a,n/a,n/a,n/a,n/a
area_02,페리온,002,m_axe_stump,엑스텀프,s_mon_axe_stump,도끼 휘두르기,액티브,"normalized (0.5,0.5); no autocrop/recenter",n/a,n/a,n/a,CAST_VFX,true,layer_ruids,"L1:0207c85c05dd4c4eac12f9ee735d0545 animationclip/clip delay=0s duration=0.55s scale=0.7 offset=(0.05,0)wu drift=(0.3,0)wu/s; L2:997628810df4448f9e534bc426d6794a animationclip/clip delay=0.14s duration=0.48s scale=0.62 offset=(0.65,0)wu drift=(0,0)wu/s",NEW_ART,CAST/002_m_axe_stump_s_mon_axe_stump_CAST_F00.png..._CAST_F07.png,8,384x384 RGBA,0.10,0.8,non-loop one-shot,SkillEffect applies FlipX for directional attacks; delayed layer samples caster position at SpawnLayer execution; map entity then applies drift,layer_ruids,COMPOSITE_BAKED_ONE_CLIP: preserve L1..Ln relative delay/offset/drift rhythm inside one accepted local-canvas clip; final layer metadata becomes one primary layer after approval,true,none,SkillTable layer/effect fields; SkillEffect.PlayCast/SpawnLayer,n/a,n/a,n/a,n/a,n/a,n/a,n/a,n/a
area_02,페리온,002,m_axe_stump,엑스텀프,s_mon_axe_stump,도끼 휘두르기,액티브,"normalized (0.5,0.5); no autocrop/recenter",n/a,n/a,n/a,PROJECTILE,false,none,,NO_RUNTIME_ROLE,none,0,n/a,n/a,n/a,n/a,n/a,none,n/a,false,none,SkillTable visual fields + PlayerAttack/MonsterAttack/SkillEffect code,n/a,n/a,n/a,n/a,n/a,n/a,n/a,n/a
area_02,페리온,002,m_axe_stump,엑스텀프,s_mon_axe_stump,도끼 휘두르기,액티브,"normalized (0.5,0.5); no autocrop/recenter",n/a,n/a,n/a,HIT_VFX,false,none,,NO_RUNTIME_ROLE,none,0,n/a,n/a,n/a,n/a,n/a,none,n/a,false,none; no dedicated hit/impact visual field or Spawn call in current common projectile path,PlayerAttack.ResolveThrowHit; MonsterAttack.ResolveThrowHit; SkillEffect has no hit asset argument,n/a,n/a,n/a,n/a,n/a,n/a,n/a,n/a
area_02,페리온,002,m_axe_stump,엑스텀프,s_mon_axe_stump,도끼 휘두르기,액티브,"normalized (0.5,0.5); no autocrop/recenter",n/a,n/a,n/a,PERSISTENT_BUFF_VFX,false,none,,NO_RUNTIME_ROLE,none,0,n/a,n/a,n/a,n/a,n/a,none,n/a,false,none; defense mechanics may persist but current visual is one-shot CAST only,MonsterAttack defense branch + SkillEffect.PlayCast; no persistent visual entity field,n/a,n/a,n/a,n/a,n/a,n/a,n/a,n/a
area_02,페리온,002,m_axe_stump,엑스텀프,s_mon_axe_stump,도끼 휘두르기,액티브,"normalized (0.5,0.5); no autocrop/recenter",n/a,n/a,n/a,REFERENCE_VFX,false,none,,NO_RUNTIME_ROLE,none,0,n/a,n/a,n/a,n/a,n/a,none,n/a,false,none,SkillTable visual fields + PlayerAttack/MonsterAttack/SkillEffect code,n/a,n/a,n/a,n/a,n/a,n/a,n/a,n/a
area_02,페리온,003,m_dark_axe_stump,다크 엑스텀프,s_mon_dark_axe_stump,어둠의 뿌리,액티브,"normalized (0.5,0.5); no autocrop/recenter",n/a,n/a,n/a,ICON,true,icon_ruid,0fbbe12552664c5f87944ff56a630178,NEW_ART,ICON/003_m_dark_axe_stump_s_mon_dark_axe_stump_ICON.png,1,256x256 RGBA,static,static,static,none,icon_ruid,n/a,ui,none,SkillTable.icon_ruid,n/a,n/a,n/a,n/a,n/a,n/a,n/a,n/a
area_02,페리온,003,m_dark_axe_stump,다크 엑스텀프,s_mon_dark_axe_stump,어둠의 뿌리,액티브,"normalized (0.5,0.5); no autocrop/recenter",n/a,n/a,n/a,CAST_VFX,true,layer_ruids,"L1:a77ea54c400e4b56a44ed05091a0ae53 animationclip/clip delay=0s duration=0.82s scale=0.82 offset=(-0.28,-0.12)wu drift=(0,0)wu/s; L2:a77ea54c400e4b56a44ed05091a0ae53 animationclip/clip delay=0.12s duration=0.82s scale=0.82 offset=(0.28,-0.12)wu drift=(0,0)wu/s",NEW_ART,CAST/003_m_dark_axe_stump_s_mon_dark_axe_stump_CAST_F00.png..._CAST_F07.png,8,384x384 RGBA,0.10,0.8,non-loop one-shot,SkillEffect applies FlipX for directional attacks; delayed layer samples caster position at SpawnLayer execution; map entity then applies drift,layer_ruids,COMPOSITE_BAKED_ONE_CLIP: preserve L1..Ln relative delay/offset/drift rhythm inside one accepted local-canvas clip; final layer metadata becomes one primary layer after approval,true,none,SkillTable layer/effect fields; SkillEffect.PlayCast/SpawnLayer,n/a,n/a,n/a,n/a,n/a,n/a,n/a,n/a
area_02,페리온,003,m_dark_axe_stump,다크 엑스텀프,s_mon_dark_axe_stump,어둠의 뿌리,액티브,"normalized (0.5,0.5); no autocrop/recenter",n/a,n/a,n/a,PROJECTILE,false,none,,NO_RUNTIME_ROLE,none,0,n/a,n/a,n/a,n/a,n/a,none,n/a,false,none,SkillTable visual fields + PlayerAttack/MonsterAttack/SkillEffect code,n/a,n/a,n/a,n/a,n/a,n/a,n/a,n/a
area_02,페리온,003,m_dark_axe_stump,다크 엑스텀프,s_mon_dark_axe_stump,어둠의 뿌리,액티브,"normalized (0.5,0.5); no autocrop/recenter",n/a,n/a,n/a,HIT_VFX,false,none,,NO_RUNTIME_ROLE,none,0,n/a,n/a,n/a,n/a,n/a,none,n/a,false,none; no dedicated hit/impact visual field or Spawn call in current common projectile path,PlayerAttack.ResolveThrowHit; MonsterAttack.ResolveThrowHit; SkillEffect has no hit asset argument,n/a,n/a,n/a,n/a,n/a,n/a,n/a,n/a
area_02,페리온,003,m_dark_axe_stump,다크 엑스텀프,s_mon_dark_axe_stump,어둠의 뿌리,액티브,"normalized (0.5,0.5); no autocrop/recenter",n/a,n/a,n/a,PERSISTENT_BUFF_VFX,false,none,,NO_RUNTIME_ROLE,none,0,n/a,n/a,n/a,n/a,n/a,none,n/a,false,none; defense mechanics may persist but current visual is one-shot CAST only,MonsterAttack defense branch + SkillEffect.PlayCast; no persistent visual entity field,n/a,n/a,n/a,n/a,n/a,n/a,n/a,n/a
area_02,페리온,003,m_dark_axe_stump,다크 엑스텀프,s_mon_dark_axe_stump,어둠의 뿌리,액티브,"normalized (0.5,0.5); no autocrop/recenter",n/a,n/a,n/a,REFERENCE_VFX,false,none,,NO_RUNTIME_ROLE,none,0,n/a,n/a,n/a,n/a,n/a,none,n/a,false,none,SkillTable visual fields + PlayerAttack/MonsterAttack/SkillEffect code,n/a,n/a,n/a,n/a,n/a,n/a,n/a,n/a
area_02,페리온,004,m_wild_boar,와일드보어,s_mon_wild_boar,저돌 맹진,액티브,"normalized (0.5,0.5); no autocrop/recenter",n/a,n/a,n/a,ICON,true,icon_ruid,b656b6744e204375a345782b5119aea2,NEW_ART,ICON/004_m_wild_boar_s_mon_wild_boar_ICON.png,1,256x256 RGBA,static,static,static,none,icon_ruid,n/a,ui,none,SkillTable.icon_ruid,n/a,n/a,n/a,n/a,n/a,n/a,n/a,n/a
area_02,페리온,004,m_wild_boar,와일드보어,s_mon_wild_boar,저돌 맹진,액티브,"normalized (0.5,0.5); no autocrop/recenter",n/a,n/a,n/a,CAST_VFX,true,layer_ruids,"L1:0207c85c05dd4c4eac12f9ee735d0545 animationclip/clip delay=0s duration=0.55s scale=0.75 offset=(-0.15,-0.15)wu drift=(0,0)wu/s; L2:79c9b3b094dd49eda90e80d178f0ff28 animationclip/clip delay=0.16s duration=0.65s scale=0.7 offset=(0.55,-0.12)wu drift=(0,0)wu/s",NEW_ART,CAST/004_m_wild_boar_s_mon_wild_boar_CAST_F00.png..._CAST_F07.png,8,256x256 RGBA,0.10,0.8,non-loop one-shot,SkillEffect applies FlipX for directional attacks; delayed layer samples caster position at SpawnLayer execution; map entity then applies drift,layer_ruids,COMPOSITE_BAKED_ONE_CLIP: preserve L1..Ln relative delay/offset/drift rhythm inside one accepted local-canvas clip; final layer metadata becomes one primary layer after approval,true,none,SkillTable layer/effect fields; SkillEffect.PlayCast/SpawnLayer,n/a,n/a,n/a,n/a,n/a,n/a,n/a,n/a
area_02,페리온,004,m_wild_boar,와일드보어,s_mon_wild_boar,저돌 맹진,액티브,"normalized (0.5,0.5); no autocrop/recenter",n/a,n/a,n/a,PROJECTILE,false,none,,NO_RUNTIME_ROLE,none,0,n/a,n/a,n/a,n/a,n/a,none,n/a,false,none,SkillTable visual fields + PlayerAttack/MonsterAttack/SkillEffect code,n/a,n/a,n/a,n/a,n/a,n/a,n/a,n/a
area_02,페리온,004,m_wild_boar,와일드보어,s_mon_wild_boar,저돌 맹진,액티브,"normalized (0.5,0.5); no autocrop/recenter",n/a,n/a,n/a,HIT_VFX,false,none,,NO_RUNTIME_ROLE,none,0,n/a,n/a,n/a,n/a,n/a,none,n/a,false,none; no dedicated hit/impact visual field or Spawn call in current common projectile path,PlayerAttack.ResolveThrowHit; MonsterAttack.ResolveThrowHit; SkillEffect has no hit asset argument,n/a,n/a,n/a,n/a,n/a,n/a,n/a,n/a
area_02,페리온,004,m_wild_boar,와일드보어,s_mon_wild_boar,저돌 맹진,액티브,"normalized (0.5,0.5); no autocrop/recenter",n/a,n/a,n/a,PERSISTENT_BUFF_VFX,false,none,,NO_RUNTIME_ROLE,none,0,n/a,n/a,n/a,n/a,n/a,none,n/a,false,none; defense mechanics may persist but current visual is one-shot CAST only,MonsterAttack defense branch + SkillEffect.PlayCast; no persistent visual entity field,n/a,n/a,n/a,n/a,n/a,n/a,n/a,n/a
area_02,페리온,004,m_wild_boar,와일드보어,s_mon_wild_boar,저돌 맹진,액티브,"normalized (0.5,0.5); no autocrop/recenter",n/a,n/a,n/a,REFERENCE_VFX,false,none,,NO_RUNTIME_ROLE,none,0,n/a,n/a,n/a,n/a,n/a,none,n/a,false,none,SkillTable visual fields + PlayerAttack/MonsterAttack/SkillEffect code,n/a,n/a,n/a,n/a,n/a,n/a,n/a,n/a
area_02,페리온,005,m_iron_hog,아이언 호그,s_mon_iron_hog,강철 발굽,패시브,"normalized (0.5,0.5); no autocrop/recenter",n/a,n/a,n/a,ICON,true,icon_ruid,da712fe9654b4ea2940cee669043bceb,NEW_ART,ICON/005_m_iron_hog_s_mon_iron_hog_ICON.png,1,256x256 RGBA,static,static,static,none,icon_ruid,n/a,ui,none,SkillTable.icon_ruid,n/a,n/a,n/a,n/a,n/a,n/a,n/a,n/a
area_02,페리온,005,m_iron_hog,아이언 호그,s_mon_iron_hog,강철 발굽,패시브,"normalized (0.5,0.5); no autocrop/recenter",n/a,n/a,n/a,CAST_VFX,false,none,,NO_RUNTIME_ROLE,none,0,n/a,n/a,n/a,n/a,n/a,none,n/a,false,none,SkillTable visual fields + PlayerAttack/MonsterAttack/SkillEffect code,n/a,n/a,n/a,n/a,n/a,n/a,n/a,n/a
area_02,페리온,005,m_iron_hog,아이언 호그,s_mon_iron_hog,강철 발굽,패시브,"normalized (0.5,0.5); no autocrop/recenter",n/a,n/a,n/a,PROJECTILE,false,none,,NO_RUNTIME_ROLE,none,0,n/a,n/a,n/a,n/a,n/a,none,n/a,false,none,SkillTable visual fields + PlayerAttack/MonsterAttack/SkillEffect code,n/a,n/a,n/a,n/a,n/a,n/a,n/a,n/a
area_02,페리온,005,m_iron_hog,아이언 호그,s_mon_iron_hog,강철 발굽,패시브,"normalized (0.5,0.5); no autocrop/recenter",n/a,n/a,n/a,HIT_VFX,false,none,,NO_RUNTIME_ROLE,none,0,n/a,n/a,n/a,n/a,n/a,none,n/a,false,none; no dedicated hit/impact visual field or Spawn call in current common projectile path,PlayerAttack.ResolveThrowHit; MonsterAttack.ResolveThrowHit; SkillEffect has no hit asset argument,n/a,n/a,n/a,n/a,n/a,n/a,n/a,n/a
area_02,페리온,005,m_iron_hog,아이언 호그,s_mon_iron_hog,강철 발굽,패시브,"normalized (0.5,0.5); no autocrop/recenter",n/a,n/a,n/a,PERSISTENT_BUFF_VFX,false,none,,NO_RUNTIME_ROLE,none,0,n/a,n/a,n/a,n/a,n/a,none,n/a,false,none; defense mechanics may persist but current visual is one-shot CAST only,MonsterAttack defense branch + SkillEffect.PlayCast; no persistent visual entity field,n/a,n/a,n/a,n/a,n/a,n/a,n/a,n/a
area_02,페리온,005,m_iron_hog,아이언 호그,s_mon_iron_hog,강철 발굽,패시브,"normalized (0.5,0.5); no autocrop/recenter",n/a,n/a,n/a,REFERENCE_VFX,input_reference_only,reference source; not runtime field,INPUT design reference,NEW_ART,REFERENCE/005_m_iron_hog_s_mon_iron_hog_REFERENCE_F00.png..._REFERENCE_F05.png,6,256x256 RGBA,0.10,0.6000000000000001,preview-only non-loop,preview only; no engine motion/FlipX contract,none,preview/reference only; never auto-import as CAST,false,none,passive execution has no PlayCast; V2.2 REFERENCE_VFX scope,n/a,n/a,n/a,n/a,n/a,n/a,n/a,n/a
area_02,페리온,006,m_skeleton_commander,스켈레톤 지휘관,s_mon_skeleton_commander,뼈 무덤,액티브,"normalized (0.5,0.5); no autocrop/recenter",n/a,n/a,n/a,ICON,true,icon_ruid,637abac61bd14f788b157d6aaf1fa08f,NEW_ART,ICON/006_m_skeleton_commander_s_mon_skeleton_commander_ICON.png,1,256x256 RGBA,static,static,static,none,icon_ruid,n/a,ui,none,SkillTable.icon_ruid,n/a,n/a,n/a,n/a,n/a,n/a,n/a,n/a
area_02,페리온,006,m_skeleton_commander,스켈레톤 지휘관,s_mon_skeleton_commander,뼈 무덤,액티브,"normalized (0.5,0.5); no autocrop/recenter",n/a,n/a,n/a,CAST_VFX,true,layer_ruids,"L1:db2b67de20f5418cb7b5050ce0641df1 animationclip/clip delay=0s duration=0.58s scale=0.55 offset=(0,-0.08)wu drift=(0,0)wu/s; L2:05113e9dc86448cb8581731824106d75 animationclip/clip delay=0.1s duration=0.62s scale=0.75 offset=(-0.25,-0.05)wu drift=(0,0)wu/s; L3:997628810df4448f9e534bc426d6794a animationclip/clip delay=0.18s duration=0.5s scale=0.6 offset=(0.25,0)wu drift=(0,0)wu/s",NEW_ART,CAST/006_m_skeleton_commander_s_mon_skeleton_commander_CAST_F00.png..._CAST_F07.png,8,384x384 RGBA,0.10,0.8,non-loop one-shot,SkillEffect applies FlipX for directional attacks; delayed layer samples caster position at SpawnLayer execution; map entity then applies drift,layer_ruids,COMPOSITE_BAKED_ONE_CLIP: preserve L1..Ln relative delay/offset/drift rhythm inside one accepted local-canvas clip; final layer metadata becomes one primary layer after approval,true,none,SkillTable layer/effect fields; SkillEffect.PlayCast/SpawnLayer,n/a,n/a,n/a,n/a,n/a,n/a,n/a,n/a
area_02,페리온,006,m_skeleton_commander,스켈레톤 지휘관,s_mon_skeleton_commander,뼈 무덤,액티브,"normalized (0.5,0.5); no autocrop/recenter",n/a,n/a,n/a,PROJECTILE,false,none,,NO_RUNTIME_ROLE,none,0,n/a,n/a,n/a,n/a,n/a,none,n/a,false,none,SkillTable visual fields + PlayerAttack/MonsterAttack/SkillEffect code,n/a,n/a,n/a,n/a,n/a,n/a,n/a,n/a
area_02,페리온,006,m_skeleton_commander,스켈레톤 지휘관,s_mon_skeleton_commander,뼈 무덤,액티브,"normalized (0.5,0.5); no autocrop/recenter",n/a,n/a,n/a,HIT_VFX,false,none,,NO_RUNTIME_ROLE,none,0,n/a,n/a,n/a,n/a,n/a,none,n/a,false,none; no dedicated hit/impact visual field or Spawn call in current common projectile path,PlayerAttack.ResolveThrowHit; MonsterAttack.ResolveThrowHit; SkillEffect has no hit asset argument,n/a,n/a,n/a,n/a,n/a,n/a,n/a,n/a
area_02,페리온,006,m_skeleton_commander,스켈레톤 지휘관,s_mon_skeleton_commander,뼈 무덤,액티브,"normalized (0.5,0.5); no autocrop/recenter",n/a,n/a,n/a,PERSISTENT_BUFF_VFX,false,none,,NO_RUNTIME_ROLE,none,0,n/a,n/a,n/a,n/a,n/a,none,n/a,false,none; defense mechanics may persist but current visual is one-shot CAST only,MonsterAttack defense branch + SkillEffect.PlayCast; no persistent visual entity field,n/a,n/a,n/a,n/a,n/a,n/a,n/a,n/a
area_02,페리온,006,m_skeleton_commander,스켈레톤 지휘관,s_mon_skeleton_commander,뼈 무덤,액티브,"normalized (0.5,0.5); no autocrop/recenter",n/a,n/a,n/a,REFERENCE_VFX,false,none,,NO_RUNTIME_ROLE,none,0,n/a,n/a,n/a,n/a,n/a,none,n/a,false,none,SkillTable visual fields + PlayerAttack/MonsterAttack/SkillEffect code,n/a,n/a,n/a,n/a,n/a,n/a,n/a,n/a
area_02,페리온,007,m_fire_boar,파이어보어,s_mon_fire_boar,화염 돌풍,액티브,"normalized (0.5,0.5); no autocrop/recenter",n/a,n/a,n/a,ICON,true,icon_ruid,f960bb921fb44bea91c95ea6b95f1d85,NEW_ART,ICON/007_m_fire_boar_s_mon_fire_boar_ICON.png,1,256x256 RGBA,static,static,static,none,icon_ruid,n/a,ui,none,SkillTable.icon_ruid,n/a,n/a,n/a,n/a,n/a,n/a,n/a,n/a
area_02,페리온,007,m_fire_boar,파이어보어,s_mon_fire_boar,화염 돌풍,액티브,"normalized (0.5,0.5); no autocrop/recenter",n/a,n/a,n/a,CAST_VFX,true,layer_ruids,"L1:0207c85c05dd4c4eac12f9ee735d0545 animationclip/clip delay=0s duration=0.52s scale=0.45 offset=(-0.15,-0.15)wu drift=(0,0)wu/s; L2:a610b14bbc55477cbc78777a5a2e7ed1 animationclip/clip delay=0.1s duration=0.7s scale=0.95 offset=(0.25,0)wu drift=(0,0)wu/s",NEW_ART,CAST/007_m_fire_boar_s_mon_fire_boar_CAST_F00.png..._CAST_F07.png,8,384x384 RGBA,0.10,0.8,non-loop one-shot,SkillEffect applies FlipX for directional attacks; delayed layer samples caster position at SpawnLayer execution; map entity then applies drift,layer_ruids,COMPOSITE_BAKED_ONE_CLIP: preserve L1..Ln relative delay/offset/drift rhythm inside one accepted local-canvas clip; final layer metadata becomes one primary layer after approval,true,none,SkillTable layer/effect fields; SkillEffect.PlayCast/SpawnLayer,n/a,n/a,n/a,n/a,n/a,n/a,n/a,n/a
area_02,페리온,007,m_fire_boar,파이어보어,s_mon_fire_boar,화염 돌풍,액티브,"normalized (0.5,0.5); no autocrop/recenter",n/a,n/a,n/a,PROJECTILE,false,none,,NO_RUNTIME_ROLE,none,0,n/a,n/a,n/a,n/a,n/a,none,n/a,false,none,SkillTable visual fields + PlayerAttack/MonsterAttack/SkillEffect code,n/a,n/a,n/a,n/a,n/a,n/a,n/a,n/a
area_02,페리온,007,m_fire_boar,파이어보어,s_mon_fire_boar,화염 돌풍,액티브,"normalized (0.5,0.5); no autocrop/recenter",n/a,n/a,n/a,HIT_VFX,false,none,,NO_RUNTIME_ROLE,none,0,n/a,n/a,n/a,n/a,n/a,none,n/a,false,none; no dedicated hit/impact visual field or Spawn call in current common projectile path,PlayerAttack.ResolveThrowHit; MonsterAttack.ResolveThrowHit; SkillEffect has no hit asset argument,n/a,n/a,n/a,n/a,n/a,n/a,n/a,n/a
area_02,페리온,007,m_fire_boar,파이어보어,s_mon_fire_boar,화염 돌풍,액티브,"normalized (0.5,0.5); no autocrop/recenter",n/a,n/a,n/a,PERSISTENT_BUFF_VFX,false,none,,NO_RUNTIME_ROLE,none,0,n/a,n/a,n/a,n/a,n/a,none,n/a,false,none; defense mechanics may persist but current visual is one-shot CAST only,MonsterAttack defense branch + SkillEffect.PlayCast; no persistent visual entity field,n/a,n/a,n/a,n/a,n/a,n/a,n/a,n/a
area_02,페리온,007,m_fire_boar,파이어보어,s_mon_fire_boar,화염 돌풍,액티브,"normalized (0.5,0.5); no autocrop/recenter",n/a,n/a,n/a,REFERENCE_VFX,false,none,,NO_RUNTIME_ROLE,none,0,n/a,n/a,n/a,n/a,n/a,none,n/a,false,none,SkillTable visual fields + PlayerAttack/MonsterAttack/SkillEffect code,n/a,n/a,n/a,n/a,n/a,n/a,n/a,n/a
area_02,페리온,008,m_stumpy,스텀피,s_mon_stumpy,고목의 생기탄,액티브,"normalized (0.5,0.5); no autocrop/recenter",5,0.8,0.35,ICON,true,icon_ruid,383249b0f9254764aa758b1bcc9bfee9,NEW_ART,ICON/008_m_stumpy_s_mon_stumpy_ICON.png,1,256x256 RGBA,static,static,static,none,icon_ruid,n/a,ui,none,SkillTable.icon_ruid,n/a,n/a,n/a,n/a,n/a,n/a,n/a,n/a
area_02,페리온,008,m_stumpy,스텀피,s_mon_stumpy,고목의 생기탄,액티브,"normalized (0.5,0.5); no autocrop/recenter",5,0.8,0.35,CAST_VFX,false,none,,NO_RUNTIME_ROLE,none,0,n/a,n/a,n/a,n/a,n/a,none,n/a,false,none,SkillTable visual fields + PlayerAttack/MonsterAttack/SkillEffect code,n/a,n/a,n/a,n/a,n/a,n/a,n/a,n/a
area_02,페리온,008,m_stumpy,스텀피,s_mon_stumpy,고목의 생기탄,액티브,"normalized (0.5,0.5); no autocrop/recenter",5,0.8,0.35,PROJECTILE,true,projectile_ruid,c6b3f052e977479ea5ad5329ce0981ca,NEW_ART,PROJECTILE/008_m_stumpy_s_mon_stumpy_PROJECTILE_F00.png..._PROJECTILE_F03.png,4,512x512 RGBA,0.08,0.32,non-loop complete playback within 0.35s entity lifetime,art direction-neutral/local form only; engine translates caster+h to target+h and applies ZRotation; no PROJECTILE FlipX or travel-direction alignment,projectile_ruid,independent from CAST; do not merge,true,import must author AnimationClip non-loop at 0.08s/frame; Maker runtime not run,SkillTable.projectile_ruid; SkillEffect.mlua:149-194; SkillProjectile.mlua:39-81; GameBalance projectile_seconds=0.35,n/a,n/a,n/a,n/a,n/a,n/a,n/a,n/a
area_02,페리온,008,m_stumpy,스텀피,s_mon_stumpy,고목의 생기탄,액티브,"normalized (0.5,0.5); no autocrop/recenter",5,0.8,0.35,HIT_VFX,false,none,,NO_RUNTIME_ROLE,none,0,n/a,n/a,n/a,n/a,n/a,none,n/a,false,none; no dedicated hit/impact visual field or Spawn call in current common projectile path,PlayerAttack.ResolveThrowHit; MonsterAttack.ResolveThrowHit; SkillEffect has no hit asset argument,n/a,n/a,n/a,n/a,n/a,n/a,n/a,n/a
area_02,페리온,008,m_stumpy,스텀피,s_mon_stumpy,고목의 생기탄,액티브,"normalized (0.5,0.5); no autocrop/recenter",5,0.8,0.35,PERSISTENT_BUFF_VFX,false,none,,NO_RUNTIME_ROLE,none,0,n/a,n/a,n/a,n/a,n/a,none,n/a,false,none; defense mechanics may persist but current visual is one-shot CAST only,MonsterAttack defense branch + SkillEffect.PlayCast; no persistent visual entity field,n/a,n/a,n/a,n/a,n/a,n/a,n/a,n/a
area_02,페리온,008,m_stumpy,스텀피,s_mon_stumpy,고목의 생기탄,액티브,"normalized (0.5,0.5); no autocrop/recenter",5,0.8,0.35,REFERENCE_VFX,false,none,,NO_RUNTIME_ROLE,none,0,n/a,n/a,n/a,n/a,n/a,none,n/a,false,none,SkillTable visual fields + PlayerAttack/MonsterAttack/SkillEffect code,n/a,n/a,n/a,n/a,n/a,n/a,n/a,n/a
area_03,엘리니아,001,m_slime,슬라임,s_mon_slime,끈적한 몸통,액티브,"normalized (0.5,0.5); no autocrop/recenter",n/a,n/a,n/a,ICON,true,icon_ruid,72d1dd0939714240bddc0b6865eb93ce,AREA00_APPROVED_REUSE,approved_reuse/AREA_00/005_m_slime_슬라임/ICON/005_m_slime_s_mon_slime_ICON.png,1,256x256 RGBA,static,static,static,none,icon_ruid -> approved_icon_ruid=79543e5ad88d423ba676e55d69aa432c,n/a,ui,none,SkillTable.icon_ruid; Area00 resource map/hash,72d1dd0939714240bddc0b6865eb93ce,79543e5ad88d423ba676e55d69aa432c,n/a,approved_reuse/AREA_00/005_m_slime_슬라임/ICON/005_m_slime_s_mon_slime_ICON.png,AREA_03_IMAGES_OUTPUT/monsters/001_m_slime_슬라임/ICON/001_m_slime_s_mon_slime_ICON.png,approved_reuse/AREA_00/005_m_slime_슬라임/PREVIEW/005_m_slime_s_mon_slime_CONTACT_PREVIEW.png|approved_reuse/AREA_00/005_m_slime_슬라임/PREVIEW/labeled_preview.png,AREA_00_IMAGES_RESOURCE_MAP.csv + V2.2 ASSET_BINDING_PLAN.csv + INPUT_V2_3_REVIEW_RESULTS,CONFIRMED_MATCH
area_03,엘리니아,001,m_slime,슬라임,s_mon_slime,끈적한 몸통,액티브,"normalized (0.5,0.5); no autocrop/recenter",n/a,n/a,n/a,CAST_VFX,true,layer_ruids,"L1:2c12c1e835a04c2a9ec1c5724846a7b6 animationclip/clip delay=0s duration=0.62s scale=0.48 offset=(0.18,0)wu drift=(0.35,0)wu/s; L2:69656381a8e04edcbb8a2c8599567ab3 animationclip/clip delay=0.12s duration=0.52s scale=0.55 offset=(0.5,0)wu drift=(0,0)wu/s",AREA00_APPROVED_REUSE,approved_reuse/AREA_00/005_m_slime_슬라임/VFX/005_m_slime_s_mon_slime_F00.png|approved_reuse/AREA_00/005_m_slime_슬라임/VFX/005_m_slime_s_mon_slime_F01.png|approved_reuse/AREA_00/005_m_slime_슬라임/VFX/005_m_slime_s_mon_slime_F02.png|approved_reuse/AREA_00/005_m_slime_슬라임/VFX/005_m_slime_s_mon_slime_F03.png|approved_reuse/AREA_00/005_m_slime_슬라임/VFX/005_m_slime_s_mon_slime_F04.png|approved_reuse/AREA_00/005_m_slime_슬라임/VFX/005_m_slime_s_mon_slime_F05.png|approved_reuse/AREA_00/005_m_slime_슬라임/VFX/005_m_slime_s_mon_slime_F06.png|approved_reuse/AREA_00/005_m_slime_슬라임/VFX/005_m_slime_s_mon_slime_F07.png,8,256x256 RGBA,0.1,0.8,approved existing,SkillEffect applies FlipX for directional attacks; delayed layer samples caster position at SpawnLayer execution; map entity then applies drift,layer_ruids -> approved_animationclip_ruid=0ea4bec10d4c43f3aaded74dec60ca44,AREA00 approved mapping unchanged,true,none,SkillTable layer/effect fields; SkillEffect.PlayCast/SpawnLayer,"L1:2c12c1e835a04c2a9ec1c5724846a7b6 animationclip/clip delay=0s duration=0.62s scale=0.48 offset=(0.18,0)wu drift=(0.35,0)wu/s; L2:69656381a8e04edcbb8a2c8599567ab3 animationclip/clip delay=0.12s duration=0.52s scale=0.55 offset=(0.5,0)wu drift=(0,0)wu/s",0ea4bec10d4c43f3aaded74dec60ca44,e391a4d0e3f44f338782433dd17b74af|18cb10eff1e54c8f890dae03926f9bbe|fbdb98e19f2c4e9fa2322ead88affa35|7ee83b952f4c4b5d9e3d13e8ca5df164|5256cc5176e446ae87ce8597d4483038|10df075f432b4c8d886f4653a612abdf|9a52c8e028ca4403b160a6a9bde92ca3|e5e1c511d5344244aab7e2f4fe9d7b95,approved_reuse/AREA_00/005_m_slime_슬라임/VFX/005_m_slime_s_mon_slime_F00.png|approved_reuse/AREA_00/005_m_slime_슬라임/VFX/005_m_slime_s_mon_slime_F01.png|approved_reuse/AREA_00/005_m_slime_슬라임/VFX/005_m_slime_s_mon_slime_F02.png|approved_reuse/AREA_00/005_m_slime_슬라임/VFX/005_m_slime_s_mon_slime_F03.png|approved_reuse/AREA_00/005_m_slime_슬라임/VFX/005_m_slime_s_mon_slime_F04.png|approved_reuse/AREA_00/005_m_slime_슬라임/VFX/005_m_slime_s_mon_slime_F05.png|approved_reuse/AREA_00/005_m_slime_슬라임/VFX/005_m_slime_s_mon_slime_F06.png|approved_reuse/AREA_00/005_m_slime_슬라임/VFX/005_m_slime_s_mon_slime_F07.png,AREA_03_IMAGES_OUTPUT/monsters/001_m_slime_슬라임/CAST/001_m_slime_s_mon_slime_CAST_F00.png|AREA_03_IMAGES_OUTPUT/monsters/001_m_slime_슬라임/CAST/001_m_slime_s_mon_slime_CAST_F01.png|AREA_03_IMAGES_OUTPUT/monsters/001_m_slime_슬라임/CAST/001_m_slime_s_mon_slime_CAST_F02.png|AREA_03_IMAGES_OUTPUT/monsters/001_m_slime_슬라임/CAST/001_m_slime_s_mon_slime_CAST_F03.png|AREA_03_IMAGES_OUTPUT/monsters/001_m_slime_슬라임/CAST/001_m_slime_s_mon_slime_CAST_F04.png|AREA_03_IMAGES_OUTPUT/monsters/001_m_slime_슬라임/CAST/001_m_slime_s_mon_slime_CAST_F05.png|AREA_03_IMAGES_OUTPUT/monsters/001_m_slime_슬라임/CAST/001_m_slime_s_mon_slime_CAST_F06.png|AREA_03_IMAGES_OUTPUT/monsters/001_m_slime_슬라임/CAST/001_m_slime_s_mon_slime_CAST_F07.png,approved_reuse/AREA_00/005_m_slime_슬라임/PREVIEW/005_m_slime_s_mon_slime_CONTACT_PREVIEW.png|approved_reuse/AREA_00/005_m_slime_슬라임/PREVIEW/labeled_preview.png,AREA_00_IMAGES_RESOURCE_MAP.csv + V2.2 ASSET_BINDING_PLAN.csv + INPUT_V2_3_REVIEW_RESULTS,CONFIRMED_MATCH
area_03,엘리니아,001,m_slime,슬라임,s_mon_slime,끈적한 몸통,액티브,"normalized (0.5,0.5); no autocrop/recenter",n/a,n/a,n/a,PROJECTILE,false,none,,NO_RUNTIME_ROLE,none,0,n/a,n/a,n/a,n/a,n/a,none,n/a,false,none,SkillTable visual fields + PlayerAttack/MonsterAttack/SkillEffect code,n/a,n/a,n/a,n/a,n/a,n/a,n/a,n/a
area_03,엘리니아,001,m_slime,슬라임,s_mon_slime,끈적한 몸통,액티브,"normalized (0.5,0.5); no autocrop/recenter",n/a,n/a,n/a,HIT_VFX,false,none,,NO_RUNTIME_ROLE,none,0,n/a,n/a,n/a,n/a,n/a,none,n/a,false,none; no dedicated hit/impact visual field or Spawn call in current common projectile path,PlayerAttack.ResolveThrowHit; MonsterAttack.ResolveThrowHit; SkillEffect has no hit asset argument,n/a,n/a,n/a,n/a,n/a,n/a,n/a,n/a
area_03,엘리니아,001,m_slime,슬라임,s_mon_slime,끈적한 몸통,액티브,"normalized (0.5,0.5); no autocrop/recenter",n/a,n/a,n/a,PERSISTENT_BUFF_VFX,false,none,,NO_RUNTIME_ROLE,none,0,n/a,n/a,n/a,n/a,n/a,none,n/a,false,none; defense mechanics may persist but current visual is one-shot CAST only,MonsterAttack defense branch + SkillEffect.PlayCast; no persistent visual entity field,n/a,n/a,n/a,n/a,n/a,n/a,n/a,n/a
area_03,엘리니아,001,m_slime,슬라임,s_mon_slime,끈적한 몸통,액티브,"normalized (0.5,0.5); no autocrop/recenter",n/a,n/a,n/a,REFERENCE_VFX,false,none,,NO_RUNTIME_ROLE,none,0,n/a,n/a,n/a,n/a,n/a,none,n/a,false,none,SkillTable visual fields + PlayerAttack/MonsterAttack/SkillEffect code,n/a,n/a,n/a,n/a,n/a,n/a,n/a,n/a
area_03,엘리니아,002,m_dark_stump,다크 스텀프,s_mon_dark_stump,단단한 밑동,버프,"normalized (0.5,0.5); no autocrop/recenter",n/a,n/a,n/a,ICON,true,icon_ruid,8061aa7a332b4e7ba783b3cd582ebb4b,NEW_ART,ICON/002_m_dark_stump_s_mon_dark_stump_ICON.png,1,256x256 RGBA,static,static,static,none,icon_ruid,n/a,ui,none,SkillTable.icon_ruid,n/a,n/a,n/a,n/a,n/a,n/a,n/a,n/a
area_03,엘리니아,002,m_dark_stump,다크 스텀프,s_mon_dark_stump,단단한 밑동,버프,"normalized (0.5,0.5); no autocrop/recenter",n/a,n/a,n/a,CAST_VFX,true,layer_ruids,"L1:a77ea54c400e4b56a44ed05091a0ae53 animationclip/clip delay=0s duration=0.75s scale=0.7 offset=(0,0)wu drift=(0,0)wu/s; L2:566b0886b4cf4f3997a29ecd3a1954b5 animationclip/clip delay=0.1s duration=0.75s scale=0.55 offset=(0,0)wu drift=(0,0)wu/s",NEW_ART,CAST/002_m_dark_stump_s_mon_dark_stump_CAST_F00.png..._CAST_F07.png,8,256x256 RGBA,0.10,0.8,non-loop one-shot,SkillEffect applies FlipX for directional attacks; delayed layer samples caster position at SpawnLayer execution; map entity then applies drift,layer_ruids,COMPOSITE_BAKED_ONE_CLIP: preserve L1..Ln relative delay/offset/drift rhythm inside one accepted local-canvas clip; final layer metadata becomes one primary layer after approval,true,none,SkillTable layer/effect fields; SkillEffect.PlayCast/SpawnLayer,n/a,n/a,n/a,n/a,n/a,n/a,n/a,n/a
area_03,엘리니아,002,m_dark_stump,다크 스텀프,s_mon_dark_stump,단단한 밑동,버프,"normalized (0.5,0.5); no autocrop/recenter",n/a,n/a,n/a,PROJECTILE,false,none,,NO_RUNTIME_ROLE,none,0,n/a,n/a,n/a,n/a,n/a,none,n/a,false,none,SkillTable visual fields + PlayerAttack/MonsterAttack/SkillEffect code,n/a,n/a,n/a,n/a,n/a,n/a,n/a,n/a
area_03,엘리니아,002,m_dark_stump,다크 스텀프,s_mon_dark_stump,단단한 밑동,버프,"normalized (0.5,0.5); no autocrop/recenter",n/a,n/a,n/a,HIT_VFX,false,none,,NO_RUNTIME_ROLE,none,0,n/a,n/a,n/a,n/a,n/a,none,n/a,false,none; no dedicated hit/impact visual field or Spawn call in current common projectile path,PlayerAttack.ResolveThrowHit; MonsterAttack.ResolveThrowHit; SkillEffect has no hit asset argument,n/a,n/a,n/a,n/a,n/a,n/a,n/a,n/a
area_03,엘리니아,002,m_dark_stump,다크 스텀프,s_mon_dark_stump,단단한 밑동,버프,"normalized (0.5,0.5); no autocrop/recenter",n/a,n/a,n/a,PERSISTENT_BUFF_VFX,false,none,,NO_RUNTIME_ROLE,none,0,n/a,n/a,n/a,n/a,n/a,none,n/a,false,none; defense mechanics may persist but current visual is one-shot CAST only,MonsterAttack defense branch + SkillEffect.PlayCast; no persistent visual entity field,n/a,n/a,n/a,n/a,n/a,n/a,n/a,n/a
area_03,엘리니아,002,m_dark_stump,다크 스텀프,s_mon_dark_stump,단단한 밑동,버프,"normalized (0.5,0.5); no autocrop/recenter",n/a,n/a,n/a,REFERENCE_VFX,false,none,,NO_RUNTIME_ROLE,none,0,n/a,n/a,n/a,n/a,n/a,none,n/a,false,none,SkillTable visual fields + PlayerAttack/MonsterAttack/SkillEffect code,n/a,n/a,n/a,n/a,n/a,n/a,n/a,n/a
area_03,엘리니아,003,m_bubbling,버블링,s_mon_bubbling,물방울 마력,패시브,"normalized (0.5,0.5); no autocrop/recenter",n/a,n/a,n/a,ICON,true,icon_ruid,572a7a12dcb449bcb0582fc2ccf5be07,NEW_ART,ICON/003_m_bubbling_s_mon_bubbling_ICON.png,1,256x256 RGBA,static,static,static,none,icon_ruid,n/a,ui,none,SkillTable.icon_ruid,n/a,n/a,n/a,n/a,n/a,n/a,n/a,n/a
area_03,엘리니아,003,m_bubbling,버블링,s_mon_bubbling,물방울 마력,패시브,"normalized (0.5,0.5); no autocrop/recenter",n/a,n/a,n/a,CAST_VFX,false,none,,NO_RUNTIME_ROLE,none,0,n/a,n/a,n/a,n/a,n/a,none,n/a,false,none,SkillTable visual fields + PlayerAttack/MonsterAttack/SkillEffect code,n/a,n/a,n/a,n/a,n/a,n/a,n/a,n/a
area_03,엘리니아,003,m_bubbling,버블링,s_mon_bubbling,물방울 마력,패시브,"normalized (0.5,0.5); no autocrop/recenter",n/a,n/a,n/a,PROJECTILE,false,none,,NO_RUNTIME_ROLE,none,0,n/a,n/a,n/a,n/a,n/a,none,n/a,false,none,SkillTable visual fields + PlayerAttack/MonsterAttack/SkillEffect code,n/a,n/a,n/a,n/a,n/a,n/a,n/a,n/a
area_03,엘리니아,003,m_bubbling,버블링,s_mon_bubbling,물방울 마력,패시브,"normalized (0.5,0.5); no autocrop/recenter",n/a,n/a,n/a,HIT_VFX,false,none,,NO_RUNTIME_ROLE,none,0,n/a,n/a,n/a,n/a,n/a,none,n/a,false,none; no dedicated hit/impact visual field or Spawn call in current common projectile path,PlayerAttack.ResolveThrowHit; MonsterAttack.ResolveThrowHit; SkillEffect has no hit asset argument,n/a,n/a,n/a,n/a,n/a,n/a,n/a,n/a
area_03,엘리니아,003,m_bubbling,버블링,s_mon_bubbling,물방울 마력,패시브,"normalized (0.5,0.5); no autocrop/recenter",n/a,n/a,n/a,PERSISTENT_BUFF_VFX,false,none,,NO_RUNTIME_ROLE,none,0,n/a,n/a,n/a,n/a,n/a,none,n/a,false,none; defense mechanics may persist but current visual is one-shot CAST only,MonsterAttack defense branch + SkillEffect.PlayCast; no persistent visual entity field,n/a,n/a,n/a,n/a,n/a,n/a,n/a,n/a
area_03,엘리니아,003,m_bubbling,버블링,s_mon_bubbling,물방울 마력,패시브,"normalized (0.5,0.5); no autocrop/recenter",n/a,n/a,n/a,REFERENCE_VFX,input_reference_only,reference source; not runtime field,INPUT design reference,NEW_ART,REFERENCE/003_m_bubbling_s_mon_bubbling_REFERENCE_F00.png..._REFERENCE_F05.png,6,256x256 RGBA,0.10,0.6000000000000001,preview-only non-loop,preview only; no engine motion/FlipX contract,none,preview/reference only; never auto-import as CAST,false,none,passive execution has no PlayCast; V2.2 REFERENCE_VFX scope,n/a,n/a,n/a,n/a,n/a,n/a,n/a,n/a
area_03,엘리니아,004,m_fairy,페어리,s_mon_fairy,요정의 마법가루,액티브,"normalized (0.5,0.5); no autocrop/recenter",n/a,n/a,n/a,ICON,true,icon_ruid,5f5ebe88b8f2426195c793b3440012e4,NEW_ART,ICON/004_m_fairy_s_mon_fairy_ICON.png,1,256x256 RGBA,static,static,static,none,icon_ruid,n/a,ui,none,SkillTable.icon_ruid,n/a,n/a,n/a,n/a,n/a,n/a,n/a,n/a
area_03,엘리니아,004,m_fairy,페어리,s_mon_fairy,요정의 마법가루,액티브,"normalized (0.5,0.5); no autocrop/recenter",n/a,n/a,n/a,CAST_VFX,true,layer_ruids,"L1:9defa2b61ad94ae3bc50d707979770e6 animationclip/clip delay=0s duration=0.65s scale=0.42 offset=(-0.14,0.1)wu drift=(-0.12,0)wu/s; L2:9defa2b61ad94ae3bc50d707979770e6 animationclip/clip delay=0.12s duration=0.9s scale=0.7 offset=(0.14,0.15)wu drift=(0.12,0)wu/s",NEW_ART,CAST/004_m_fairy_s_mon_fairy_CAST_F00.png..._CAST_F07.png,8,384x384 RGBA,0.10,0.8,non-loop one-shot,SkillEffect applies FlipX for directional attacks; delayed layer samples caster position at SpawnLayer execution; map entity then applies drift,layer_ruids,COMPOSITE_BAKED_ONE_CLIP: preserve L1..Ln relative delay/offset/drift rhythm inside one accepted local-canvas clip; final layer metadata becomes one primary layer after approval,true,none,SkillTable layer/effect fields; SkillEffect.PlayCast/SpawnLayer,n/a,n/a,n/a,n/a,n/a,n/a,n/a,n/a
area_03,엘리니아,004,m_fairy,페어리,s_mon_fairy,요정의 마법가루,액티브,"normalized (0.5,0.5); no autocrop/recenter",n/a,n/a,n/a,PROJECTILE,false,none,,NO_RUNTIME_ROLE,none,0,n/a,n/a,n/a,n/a,n/a,none,n/a,false,none,SkillTable visual fields + PlayerAttack/MonsterAttack/SkillEffect code,n/a,n/a,n/a,n/a,n/a,n/a,n/a,n/a
area_03,엘리니아,004,m_fairy,페어리,s_mon_fairy,요정의 마법가루,액티브,"normalized (0.5,0.5); no autocrop/recenter",n/a,n/a,n/a,HIT_VFX,false,none,,NO_RUNTIME_ROLE,none,0,n/a,n/a,n/a,n/a,n/a,none,n/a,false,none; no dedicated hit/impact visual field or Spawn call in current common projectile path,PlayerAttack.ResolveThrowHit; MonsterAttack.ResolveThrowHit; SkillEffect has no hit asset argument,n/a,n/a,n/a,n/a,n/a,n/a,n/a,n/a
area_03,엘리니아,004,m_fairy,페어리,s_mon_fairy,요정의 마법가루,액티브,"normalized (0.5,0.5); no autocrop/recenter",n/a,n/a,n/a,PERSISTENT_BUFF_VFX,false,none,,NO_RUNTIME_ROLE,none,0,n/a,n/a,n/a,n/a,n/a,none,n/a,false,none; defense mechanics may persist but current visual is one-shot CAST only,MonsterAttack defense branch + SkillEffect.PlayCast; no persistent visual entity field,n/a,n/a,n/a,n/a,n/a,n/a,n/a,n/a
area_03,엘리니아,004,m_fairy,페어리,s_mon_fairy,요정의 마법가루,액티브,"normalized (0.5,0.5); no autocrop/recenter",n/a,n/a,n/a,REFERENCE_VFX,false,none,,NO_RUNTIME_ROLE,none,0,n/a,n/a,n/a,n/a,n/a,none,n/a,false,none,SkillTable visual fields + PlayerAttack/MonsterAttack/SkillEffect code,n/a,n/a,n/a,n/a,n/a,n/a,n/a,n/a
area_03,엘리니아,005,m_faust,파우스트,s_mon_faust,저주의 인형,액티브,"normalized (0.5,0.5); no autocrop/recenter",4,0.8,0.35,ICON,true,icon_ruid,c07ed26000af460a8438a3486e16f3ec,NEW_ART,ICON/005_m_faust_s_mon_faust_ICON.png,1,256x256 RGBA,static,static,static,none,icon_ruid,n/a,ui,none,SkillTable.icon_ruid,n/a,n/a,n/a,n/a,n/a,n/a,n/a,n/a
area_03,엘리니아,005,m_faust,파우스트,s_mon_faust,저주의 인형,액티브,"normalized (0.5,0.5); no autocrop/recenter",4,0.8,0.35,CAST_VFX,true,layer_ruids,"L1:22444db0645d47f48f300f36b3d90e4b animationclip/clip delay=0s duration=0.9s scale=0.55 offset=(0,0.1)wu drift=(0,0)wu/s; L2:9051254fb84a4a898f3d99a213a896ec animationclip/clip delay=0.18s duration=0.75s scale=0.7 offset=(0,0.05)wu drift=(0,0)wu/s",NEW_ART,CAST/005_m_faust_s_mon_faust_CAST_F00.png..._CAST_F11.png,12,512x512 RGBA,0.08,0.96,non-loop one-shot,SkillEffect applies FlipX for directional attacks; delayed layer samples caster position at SpawnLayer execution; map entity then applies drift,layer_ruids,COMPOSITE_BAKED_ONE_CLIP: preserve L1..Ln relative delay/offset/drift rhythm inside one accepted local-canvas clip; final layer metadata becomes one primary layer after approval,true,none,SkillTable layer/effect fields; SkillEffect.PlayCast/SpawnLayer,n/a,n/a,n/a,n/a,n/a,n/a,n/a,n/a
area_03,엘리니아,005,m_faust,파우스트,s_mon_faust,저주의 인형,액티브,"normalized (0.5,0.5); no autocrop/recenter",4,0.8,0.35,PROJECTILE,true,projectile_ruid,49b21aaa1d574ba787149841a31bf1a5,NEW_ART,PROJECTILE/005_m_faust_s_mon_faust_PROJECTILE_F00.png..._PROJECTILE_F03.png,4,512x512 RGBA,0.08,0.32,non-loop complete playback within 0.35s entity lifetime,art direction-neutral/local form only; engine translates caster+h to target+h and applies ZRotation; no PROJECTILE FlipX or travel-direction alignment,projectile_ruid,independent from CAST; do not merge,true,import must author AnimationClip non-loop at 0.08s/frame; Maker runtime not run,SkillTable.projectile_ruid; SkillEffect.mlua:149-194; SkillProjectile.mlua:39-81; GameBalance projectile_seconds=0.35,n/a,n/a,n/a,n/a,n/a,n/a,n/a,n/a
area_03,엘리니아,005,m_faust,파우스트,s_mon_faust,저주의 인형,액티브,"normalized (0.5,0.5); no autocrop/recenter",4,0.8,0.35,HIT_VFX,false,none,,NO_RUNTIME_ROLE,none,0,n/a,n/a,n/a,n/a,n/a,none,n/a,false,none; no dedicated hit/impact visual field or Spawn call in current common projectile path,PlayerAttack.ResolveThrowHit; MonsterAttack.ResolveThrowHit; SkillEffect has no hit asset argument,n/a,n/a,n/a,n/a,n/a,n/a,n/a,n/a
area_03,엘리니아,005,m_faust,파우스트,s_mon_faust,저주의 인형,액티브,"normalized (0.5,0.5); no autocrop/recenter",4,0.8,0.35,PERSISTENT_BUFF_VFX,false,none,,NO_RUNTIME_ROLE,none,0,n/a,n/a,n/a,n/a,n/a,none,n/a,false,none; defense mechanics may persist but current visual is one-shot CAST only,MonsterAttack defense branch + SkillEffect.PlayCast; no persistent visual entity field,n/a,n/a,n/a,n/a,n/a,n/a,n/a,n/a
area_03,엘리니아,005,m_faust,파우스트,s_mon_faust,저주의 인형,액티브,"normalized (0.5,0.5); no autocrop/recenter",4,0.8,0.35,REFERENCE_VFX,false,none,,NO_RUNTIME_ROLE,none,0,n/a,n/a,n/a,n/a,n/a,none,n/a,false,none,SkillTable visual fields + PlayerAttack/MonsterAttack/SkillEffect code,n/a,n/a,n/a,n/a,n/a,n/a,n/a,n/a
area_04,커닝시티,001,m_octopus,옥토퍼스,s_mon_octopus,먹물 폭발,액티브,"normalized (0.5,0.5); no autocrop/recenter",n/a,n/a,n/a,ICON,true,icon_ruid,0af9fd3ccfb540799043da5e580aebbd,NEW_ART,ICON/001_m_octopus_s_mon_octopus_ICON.png,1,256x256 RGBA,static,static,static,none,icon_ruid,n/a,ui,none,SkillTable.icon_ruid,n/a,n/a,n/a,n/a,n/a,n/a,n/a,n/a
area_04,커닝시티,001,m_octopus,옥토퍼스,s_mon_octopus,먹물 폭발,액티브,"normalized (0.5,0.5); no autocrop/recenter",n/a,n/a,n/a,CAST_VFX,true,layer_ruids,"L1:69656381a8e04edcbb8a2c8599567ab3 animationclip/clip delay=0s duration=0.6s scale=0.62 offset=(0,0.02)wu drift=(0,0)wu/s; L2:544b4092b87a41948b74e6645d530b88 animationclip/clip delay=0.1s duration=0.75s scale=0.72 offset=(0,0.05)wu drift=(0,0)wu/s",NEW_ART,CAST/001_m_octopus_s_mon_octopus_CAST_F00.png..._CAST_F07.png,8,384x384 RGBA,0.10,0.8,non-loop one-shot,SkillEffect applies FlipX for directional attacks; delayed layer samples caster position at SpawnLayer execution; map entity then applies drift,layer_ruids,COMPOSITE_BAKED_ONE_CLIP: preserve L1..Ln relative delay/offset/drift rhythm inside one accepted local-canvas clip; final layer metadata becomes one primary layer after approval,true,none,SkillTable layer/effect fields; SkillEffect.PlayCast/SpawnLayer,n/a,n/a,n/a,n/a,n/a,n/a,n/a,n/a
area_04,커닝시티,001,m_octopus,옥토퍼스,s_mon_octopus,먹물 폭발,액티브,"normalized (0.5,0.5); no autocrop/recenter",n/a,n/a,n/a,PROJECTILE,false,none,,NO_RUNTIME_ROLE,none,0,n/a,n/a,n/a,n/a,n/a,none,n/a,false,none,SkillTable visual fields + PlayerAttack/MonsterAttack/SkillEffect code,n/a,n/a,n/a,n/a,n/a,n/a,n/a,n/a
area_04,커닝시티,001,m_octopus,옥토퍼스,s_mon_octopus,먹물 폭발,액티브,"normalized (0.5,0.5); no autocrop/recenter",n/a,n/a,n/a,HIT_VFX,false,none,,NO_RUNTIME_ROLE,none,0,n/a,n/a,n/a,n/a,n/a,none,n/a,false,none; no dedicated hit/impact visual field or Spawn call in current common projectile path,PlayerAttack.ResolveThrowHit; MonsterAttack.ResolveThrowHit; SkillEffect has no hit asset argument,n/a,n/a,n/a,n/a,n/a,n/a,n/a,n/a
area_04,커닝시티,001,m_octopus,옥토퍼스,s_mon_octopus,먹물 폭발,액티브,"normalized (0.5,0.5); no autocrop/recenter",n/a,n/a,n/a,PERSISTENT_BUFF_VFX,false,none,,NO_RUNTIME_ROLE,none,0,n/a,n/a,n/a,n/a,n/a,none,n/a,false,none; defense mechanics may persist but current visual is one-shot CAST only,MonsterAttack defense branch + SkillEffect.PlayCast; no persistent visual entity field,n/a,n/a,n/a,n/a,n/a,n/a,n/a,n/a
area_04,커닝시티,001,m_octopus,옥토퍼스,s_mon_octopus,먹물 폭발,액티브,"normalized (0.5,0.5); no autocrop/recenter",n/a,n/a,n/a,REFERENCE_VFX,false,none,,NO_RUNTIME_ROLE,none,0,n/a,n/a,n/a,n/a,n/a,none,n/a,false,none,SkillTable visual fields + PlayerAttack/MonsterAttack/SkillEffect code,n/a,n/a,n/a,n/a,n/a,n/a,n/a,n/a
area_04,커닝시티,002,m_stirge,스티지,s_mon_stirge,밤의 감각,패시브,"normalized (0.5,0.5); no autocrop/recenter",n/a,n/a,n/a,ICON,true,icon_ruid,dcfc97ad90e146d08a46225082ae590b,NEW_ART,ICON/002_m_stirge_s_mon_stirge_ICON.png,1,256x256 RGBA,static,static,static,none,icon_ruid,n/a,ui,none,SkillTable.icon_ruid,n/a,n/a,n/a,n/a,n/a,n/a,n/a,n/a
area_04,커닝시티,002,m_stirge,스티지,s_mon_stirge,밤의 감각,패시브,"normalized (0.5,0.5); no autocrop/recenter",n/a,n/a,n/a,CAST_VFX,false,none,,NO_RUNTIME_ROLE,none,0,n/a,n/a,n/a,n/a,n/a,none,n/a,false,none,SkillTable visual fields + PlayerAttack/MonsterAttack/SkillEffect code,n/a,n/a,n/a,n/a,n/a,n/a,n/a,n/a
area_04,커닝시티,002,m_stirge,스티지,s_mon_stirge,밤의 감각,패시브,"normalized (0.5,0.5); no autocrop/recenter",n/a,n/a,n/a,PROJECTILE,false,none,,NO_RUNTIME_ROLE,none,0,n/a,n/a,n/a,n/a,n/a,none,n/a,false,none,SkillTable visual fields + PlayerAttack/MonsterAttack/SkillEffect code,n/a,n/a,n/a,n/a,n/a,n/a,n/a,n/a
area_04,커닝시티,002,m_stirge,스티지,s_mon_stirge,밤의 감각,패시브,"normalized (0.5,0.5); no autocrop/recenter",n/a,n/a,n/a,HIT_VFX,false,none,,NO_RUNTIME_ROLE,none,0,n/a,n/a,n/a,n/a,n/a,none,n/a,false,none; no dedicated hit/impact visual field or Spawn call in current common projectile path,PlayerAttack.ResolveThrowHit; MonsterAttack.ResolveThrowHit; SkillEffect has no hit asset argument,n/a,n/a,n/a,n/a,n/a,n/a,n/a,n/a
area_04,커닝시티,002,m_stirge,스티지,s_mon_stirge,밤의 감각,패시브,"normalized (0.5,0.5); no autocrop/recenter",n/a,n/a,n/a,PERSISTENT_BUFF_VFX,false,none,,NO_RUNTIME_ROLE,none,0,n/a,n/a,n/a,n/a,n/a,none,n/a,false,none; defense mechanics may persist but current visual is one-shot CAST only,MonsterAttack defense branch + SkillEffect.PlayCast; no persistent visual entity field,n/a,n/a,n/a,n/a,n/a,n/a,n/a,n/a
area_04,커닝시티,002,m_stirge,스티지,s_mon_stirge,밤의 감각,패시브,"normalized (0.5,0.5); no autocrop/recenter",n/a,n/a,n/a,REFERENCE_VFX,input_reference_only,reference source; not runtime field,INPUT design reference,NEW_ART,REFERENCE/002_m_stirge_s_mon_stirge_REFERENCE_F00.png..._REFERENCE_F05.png,6,256x256 RGBA,0.10,0.6000000000000001,preview-only non-loop,preview only; no engine motion/FlipX contract,none,preview/reference only; never auto-import as CAST,false,none,passive execution has no PlayCast; V2.2 REFERENCE_VFX scope,n/a,n/a,n/a,n/a,n/a,n/a,n/a,n/a
area_04,커닝시티,003,m_jr_wraith,주니어 레이스,s_mon_jr_wraith,망령 충격,액티브,"normalized (0.5,0.5); no autocrop/recenter",n/a,n/a,n/a,ICON,true,icon_ruid,c2b8ef247cb243268aae39b3d51f89e7,NEW_ART,ICON/003_m_jr_wraith_s_mon_jr_wraith_ICON.png,1,256x256 RGBA,static,static,static,none,icon_ruid,n/a,ui,none,SkillTable.icon_ruid,n/a,n/a,n/a,n/a,n/a,n/a,n/a,n/a
area_04,커닝시티,003,m_jr_wraith,주니어 레이스,s_mon_jr_wraith,망령 충격,액티브,"normalized (0.5,0.5); no autocrop/recenter",n/a,n/a,n/a,CAST_VFX,true,layer_ruids,"L1:c4f8dce4ee2745cda0f211514605261b animationclip/clip delay=0s duration=0.62s scale=0.6 offset=(0,0.08)wu drift=(0,0)wu/s; L2:01dbde634dd944e685b45727289bd9b8 animationclip/clip delay=0.12s duration=0.75s scale=0.75 offset=(0,0.05)wu drift=(0,0)wu/s",NEW_ART,CAST/003_m_jr_wraith_s_mon_jr_wraith_CAST_F00.png..._CAST_F07.png,8,384x384 RGBA,0.10,0.8,non-loop one-shot,SkillEffect applies FlipX for directional attacks; delayed layer samples caster position at SpawnLayer execution; map entity then applies drift,layer_ruids,COMPOSITE_BAKED_ONE_CLIP: preserve L1..Ln relative delay/offset/drift rhythm inside one accepted local-canvas clip; final layer metadata becomes one primary layer after approval,true,none,SkillTable layer/effect fields; SkillEffect.PlayCast/SpawnLayer,n/a,n/a,n/a,n/a,n/a,n/a,n/a,n/a
area_04,커닝시티,003,m_jr_wraith,주니어 레이스,s_mon_jr_wraith,망령 충격,액티브,"normalized (0.5,0.5); no autocrop/recenter",n/a,n/a,n/a,PROJECTILE,false,none,,NO_RUNTIME_ROLE,none,0,n/a,n/a,n/a,n/a,n/a,none,n/a,false,none,SkillTable visual fields + PlayerAttack/MonsterAttack/SkillEffect code,n/a,n/a,n/a,n/a,n/a,n/a,n/a,n/a
area_04,커닝시티,003,m_jr_wraith,주니어 레이스,s_mon_jr_wraith,망령 충격,액티브,"normalized (0.5,0.5); no autocrop/recenter",n/a,n/a,n/a,HIT_VFX,false,none,,NO_RUNTIME_ROLE,none,0,n/a,n/a,n/a,n/a,n/a,none,n/a,false,none; no dedicated hit/impact visual field or Spawn call in current common projectile path,PlayerAttack.ResolveThrowHit; MonsterAttack.ResolveThrowHit; SkillEffect has no hit asset argument,n/a,n/a,n/a,n/a,n/a,n/a,n/a,n/a
area_04,커닝시티,003,m_jr_wraith,주니어 레이스,s_mon_jr_wraith,망령 충격,액티브,"normalized (0.5,0.5); no autocrop/recenter",n/a,n/a,n/a,PERSISTENT_BUFF_VFX,false,none,,NO_RUNTIME_ROLE,none,0,n/a,n/a,n/a,n/a,n/a,none,n/a,false,none; defense mechanics may persist but current visual is one-shot CAST only,MonsterAttack defense branch + SkillEffect.PlayCast; no persistent visual entity field,n/a,n/a,n/a,n/a,n/a,n/a,n/a,n/a
area_04,커닝시티,003,m_jr_wraith,주니어 레이스,s_mon_jr_wraith,망령 충격,액티브,"normalized (0.5,0.5); no autocrop/recenter",n/a,n/a,n/a,REFERENCE_VFX,false,none,,NO_RUNTIME_ROLE,none,0,n/a,n/a,n/a,n/a,n/a,none,n/a,false,none,SkillTable visual fields + PlayerAttack/MonsterAttack/SkillEffect code,n/a,n/a,n/a,n/a,n/a,n/a,n/a,n/a
area_04,커닝시티,004,m_wraith,레이스,s_mon_wraith,원혼의 기운,패시브,"normalized (0.5,0.5); no autocrop/recenter",n/a,n/a,n/a,ICON,true,icon_ruid,71a82cb186bb41799e6dbb3a421cb474,NEW_ART,ICON/004_m_wraith_s_mon_wraith_ICON.png,1,256x256 RGBA,static,static,static,none,icon_ruid,n/a,ui,none,SkillTable.icon_ruid,n/a,n/a,n/a,n/a,n/a,n/a,n/a,n/a
area_04,커닝시티,004,m_wraith,레이스,s_mon_wraith,원혼의 기운,패시브,"normalized (0.5,0.5); no autocrop/recenter",n/a,n/a,n/a,CAST_VFX,false,none,,NO_RUNTIME_ROLE,none,0,n/a,n/a,n/a,n/a,n/a,none,n/a,false,none,SkillTable visual fields + PlayerAttack/MonsterAttack/SkillEffect code,n/a,n/a,n/a,n/a,n/a,n/a,n/a,n/a
area_04,커닝시티,004,m_wraith,레이스,s_mon_wraith,원혼의 기운,패시브,"normalized (0.5,0.5); no autocrop/recenter",n/a,n/a,n/a,PROJECTILE,false,none,,NO_RUNTIME_ROLE,none,0,n/a,n/a,n/a,n/a,n/a,none,n/a,false,none,SkillTable visual fields + PlayerAttack/MonsterAttack/SkillEffect code,n/a,n/a,n/a,n/a,n/a,n/a,n/a,n/a
area_04,커닝시티,004,m_wraith,레이스,s_mon_wraith,원혼의 기운,패시브,"normalized (0.5,0.5); no autocrop/recenter",n/a,n/a,n/a,HIT_VFX,false,none,,NO_RUNTIME_ROLE,none,0,n/a,n/a,n/a,n/a,n/a,none,n/a,false,none; no dedicated hit/impact visual field or Spawn call in current common projectile path,PlayerAttack.ResolveThrowHit; MonsterAttack.ResolveThrowHit; SkillEffect has no hit asset argument,n/a,n/a,n/a,n/a,n/a,n/a,n/a,n/a
area_04,커닝시티,004,m_wraith,레이스,s_mon_wraith,원혼의 기운,패시브,"normalized (0.5,0.5); no autocrop/recenter",n/a,n/a,n/a,PERSISTENT_BUFF_VFX,false,none,,NO_RUNTIME_ROLE,none,0,n/a,n/a,n/a,n/a,n/a,none,n/a,false,none; defense mechanics may persist but current visual is one-shot CAST only,MonsterAttack defense branch + SkillEffect.PlayCast; no persistent visual entity field,n/a,n/a,n/a,n/a,n/a,n/a,n/a,n/a
area_04,커닝시티,004,m_wraith,레이스,s_mon_wraith,원혼의 기운,패시브,"normalized (0.5,0.5); no autocrop/recenter",n/a,n/a,n/a,REFERENCE_VFX,input_reference_only,reference source; not runtime field,INPUT design reference,NEW_ART,REFERENCE/004_m_wraith_s_mon_wraith_REFERENCE_F00.png..._REFERENCE_F05.png,6,256x256 RGBA,0.10,0.6000000000000001,preview-only non-loop,preview only; no engine motion/FlipX contract,none,preview/reference only; never auto-import as CAST,false,none,passive execution has no PlayCast; V2.2 REFERENCE_VFX scope,n/a,n/a,n/a,n/a,n/a,n/a,n/a,n/a
area_04,커닝시티,005,m_shade,셰이드,s_mon_shade,심연의 장막,액티브,"normalized (0.5,0.5); no autocrop/recenter",n/a,n/a,n/a,ICON,true,icon_ruid,25f430af296748f39f48de4a6a6faea7,NEW_ART,ICON/005_m_shade_s_mon_shade_ICON.png,1,256x256 RGBA,static,static,static,none,icon_ruid,n/a,ui,none,SkillTable.icon_ruid,n/a,n/a,n/a,n/a,n/a,n/a,n/a,n/a
area_04,커닝시티,005,m_shade,셰이드,s_mon_shade,심연의 장막,액티브,"normalized (0.5,0.5); no autocrop/recenter",n/a,n/a,n/a,CAST_VFX,true,layer_ruids,"L1:c4f8dce4ee2745cda0f211514605261b animationclip/clip delay=0s duration=0.65s scale=1 offset=(0,0.08)wu drift=(0,0)wu/s; L2:544b4092b87a41948b74e6645d530b88 animationclip/clip delay=0.12s duration=0.8s scale=0.9 offset=(0,0.05)wu drift=(0,0)wu/s",NEW_ART,CAST/005_m_shade_s_mon_shade_CAST_F00.png..._CAST_F11.png,12,512x512 RGBA,0.08,0.96,non-loop one-shot,SkillEffect applies FlipX for directional attacks; delayed layer samples caster position at SpawnLayer execution; map entity then applies drift,layer_ruids,COMPOSITE_BAKED_ONE_CLIP: preserve L1..Ln relative delay/offset/drift rhythm inside one accepted local-canvas clip; final layer metadata becomes one primary layer after approval,true,none,SkillTable layer/effect fields; SkillEffect.PlayCast/SpawnLayer,n/a,n/a,n/a,n/a,n/a,n/a,n/a,n/a
area_04,커닝시티,005,m_shade,셰이드,s_mon_shade,심연의 장막,액티브,"normalized (0.5,0.5); no autocrop/recenter",n/a,n/a,n/a,PROJECTILE,false,none,,NO_RUNTIME_ROLE,none,0,n/a,n/a,n/a,n/a,n/a,none,n/a,false,none,SkillTable visual fields + PlayerAttack/MonsterAttack/SkillEffect code,n/a,n/a,n/a,n/a,n/a,n/a,n/a,n/a
area_04,커닝시티,005,m_shade,셰이드,s_mon_shade,심연의 장막,액티브,"normalized (0.5,0.5); no autocrop/recenter",n/a,n/a,n/a,HIT_VFX,false,none,,NO_RUNTIME_ROLE,none,0,n/a,n/a,n/a,n/a,n/a,none,n/a,false,none; no dedicated hit/impact visual field or Spawn call in current common projectile path,PlayerAttack.ResolveThrowHit; MonsterAttack.ResolveThrowHit; SkillEffect has no hit asset argument,n/a,n/a,n/a,n/a,n/a,n/a,n/a,n/a
area_04,커닝시티,005,m_shade,셰이드,s_mon_shade,심연의 장막,액티브,"normalized (0.5,0.5); no autocrop/recenter",n/a,n/a,n/a,PERSISTENT_BUFF_VFX,false,none,,NO_RUNTIME_ROLE,none,0,n/a,n/a,n/a,n/a,n/a,none,n/a,false,none; defense mechanics may persist but current visual is one-shot CAST only,MonsterAttack defense branch + SkillEffect.PlayCast; no persistent visual entity field,n/a,n/a,n/a,n/a,n/a,n/a,n/a,n/a
area_04,커닝시티,005,m_shade,셰이드,s_mon_shade,심연의 장막,액티브,"normalized (0.5,0.5); no autocrop/recenter",n/a,n/a,n/a,REFERENCE_VFX,false,none,,NO_RUNTIME_ROLE,none,0,n/a,n/a,n/a,n/a,n/a,none,n/a,false,none,SkillTable visual fields + PlayerAttack/MonsterAttack/SkillEffect code,n/a,n/a,n/a,n/a,n/a,n/a,n/a,n/a
area_05,노틸러스,001,m_ribbon_pig,리본 돼지,s_mon_ribbon_pig,리본 돌진,액티브,"normalized (0.5,0.5); no autocrop/recenter",n/a,n/a,n/a,ICON,true,icon_ruid,de5f2ecbd5ae4a7c9fe5c25f1ed9728a,NEW_ART,ICON/001_m_ribbon_pig_s_mon_ribbon_pig_ICON.png,1,256x256 RGBA,static,static,static,none,icon_ruid,n/a,ui,none,SkillTable.icon_ruid,n/a,n/a,n/a,n/a,n/a,n/a,n/a,n/a
area_05,노틸러스,001,m_ribbon_pig,리본 돼지,s_mon_ribbon_pig,리본 돌진,액티브,"normalized (0.5,0.5); no autocrop/recenter",n/a,n/a,n/a,CAST_VFX,true,layer_ruids,"L1:0207c85c05dd4c4eac12f9ee735d0545 animationclip/clip delay=0s duration=0.52s scale=0.55 offset=(-0.1,-0.05)wu drift=(0,0)wu/s; L2:057c2da13da2492c95cb92db424803db animationclip/clip delay=0.04s duration=0.65s scale=0.58 offset=(0.2,0)wu drift=(0.9,0)wu/s",NEW_ART,CAST/001_m_ribbon_pig_s_mon_ribbon_pig_CAST_F00.png..._CAST_F07.png,8,384x384 RGBA,0.10,0.8,non-loop one-shot,SkillEffect applies FlipX for directional attacks; delayed layer samples caster position at SpawnLayer execution; map entity then applies drift,layer_ruids,COMPOSITE_BAKED_ONE_CLIP: preserve L1..Ln relative delay/offset/drift rhythm inside one accepted local-canvas clip; final layer metadata becomes one primary layer after approval,true,none,SkillTable layer/effect fields; SkillEffect.PlayCast/SpawnLayer,n/a,n/a,n/a,n/a,n/a,n/a,n/a,n/a
area_05,노틸러스,001,m_ribbon_pig,리본 돼지,s_mon_ribbon_pig,리본 돌진,액티브,"normalized (0.5,0.5); no autocrop/recenter",n/a,n/a,n/a,PROJECTILE,false,none,,NO_RUNTIME_ROLE,none,0,n/a,n/a,n/a,n/a,n/a,none,n/a,false,none,SkillTable visual fields + PlayerAttack/MonsterAttack/SkillEffect code,n/a,n/a,n/a,n/a,n/a,n/a,n/a,n/a
area_05,노틸러스,001,m_ribbon_pig,리본 돼지,s_mon_ribbon_pig,리본 돌진,액티브,"normalized (0.5,0.5); no autocrop/recenter",n/a,n/a,n/a,HIT_VFX,false,none,,NO_RUNTIME_ROLE,none,0,n/a,n/a,n/a,n/a,n/a,none,n/a,false,none; no dedicated hit/impact visual field or Spawn call in current common projectile path,PlayerAttack.ResolveThrowHit; MonsterAttack.ResolveThrowHit; SkillEffect has no hit asset argument,n/a,n/a,n/a,n/a,n/a,n/a,n/a,n/a
area_05,노틸러스,001,m_ribbon_pig,리본 돼지,s_mon_ribbon_pig,리본 돌진,액티브,"normalized (0.5,0.5); no autocrop/recenter",n/a,n/a,n/a,PERSISTENT_BUFF_VFX,false,none,,NO_RUNTIME_ROLE,none,0,n/a,n/a,n/a,n/a,n/a,none,n/a,false,none; defense mechanics may persist but current visual is one-shot CAST only,MonsterAttack defense branch + SkillEffect.PlayCast; no persistent visual entity field,n/a,n/a,n/a,n/a,n/a,n/a,n/a,n/a
area_05,노틸러스,001,m_ribbon_pig,리본 돼지,s_mon_ribbon_pig,리본 돌진,액티브,"normalized (0.5,0.5); no autocrop/recenter",n/a,n/a,n/a,REFERENCE_VFX,false,none,,NO_RUNTIME_ROLE,none,0,n/a,n/a,n/a,n/a,n/a,none,n/a,false,none,SkillTable visual fields + PlayerAttack/MonsterAttack/SkillEffect code,n/a,n/a,n/a,n/a,n/a,n/a,n/a,n/a
area_05,노틸러스,002,m_blue_pig,파란 리본돼지,s_mon_blue_pig,푸른 리본 매듭,패시브,"normalized (0.5,0.5); no autocrop/recenter",n/a,n/a,n/a,ICON,true,icon_ruid,a04302b1969248d2a7de250f3cb654b5,NEW_ART,ICON/002_m_blue_pig_s_mon_blue_pig_ICON.png,1,256x256 RGBA,static,static,static,none,icon_ruid,n/a,ui,none,SkillTable.icon_ruid,n/a,n/a,n/a,n/a,n/a,n/a,n/a,n/a
area_05,노틸러스,002,m_blue_pig,파란 리본돼지,s_mon_blue_pig,푸른 리본 매듭,패시브,"normalized (0.5,0.5); no autocrop/recenter",n/a,n/a,n/a,CAST_VFX,false,none,,NO_RUNTIME_ROLE,none,0,n/a,n/a,n/a,n/a,n/a,none,n/a,false,none,SkillTable visual fields + PlayerAttack/MonsterAttack/SkillEffect code,n/a,n/a,n/a,n/a,n/a,n/a,n/a,n/a
area_05,노틸러스,002,m_blue_pig,파란 리본돼지,s_mon_blue_pig,푸른 리본 매듭,패시브,"normalized (0.5,0.5); no autocrop/recenter",n/a,n/a,n/a,PROJECTILE,false,none,,NO_RUNTIME_ROLE,none,0,n/a,n/a,n/a,n/a,n/a,none,n/a,false,none,SkillTable visual fields + PlayerAttack/MonsterAttack/SkillEffect code,n/a,n/a,n/a,n/a,n/a,n/a,n/a,n/a
area_05,노틸러스,002,m_blue_pig,파란 리본돼지,s_mon_blue_pig,푸른 리본 매듭,패시브,"normalized (0.5,0.5); no autocrop/recenter",n/a,n/a,n/a,HIT_VFX,false,none,,NO_RUNTIME_ROLE,none,0,n/a,n/a,n/a,n/a,n/a,none,n/a,false,none; no dedicated hit/impact visual field or Spawn call in current common projectile path,PlayerAttack.ResolveThrowHit; MonsterAttack.ResolveThrowHit; SkillEffect has no hit asset argument,n/a,n/a,n/a,n/a,n/a,n/a,n/a,n/a
area_05,노틸러스,002,m_blue_pig,파란 리본돼지,s_mon_blue_pig,푸른 리본 매듭,패시브,"normalized (0.5,0.5); no autocrop/recenter",n/a,n/a,n/a,PERSISTENT_BUFF_VFX,false,none,,NO_RUNTIME_ROLE,none,0,n/a,n/a,n/a,n/a,n/a,none,n/a,false,none; defense mechanics may persist but current visual is one-shot CAST only,MonsterAttack defense branch + SkillEffect.PlayCast; no persistent visual entity field,n/a,n/a,n/a,n/a,n/a,n/a,n/a,n/a
area_05,노틸러스,002,m_blue_pig,파란 리본돼지,s_mon_blue_pig,푸른 리본 매듭,패시브,"normalized (0.5,0.5); no autocrop/recenter",n/a,n/a,n/a,REFERENCE_VFX,input_reference_only,reference source; not runtime field,INPUT design reference,NEW_ART,REFERENCE/002_m_blue_pig_s_mon_blue_pig_REFERENCE_F00.png..._REFERENCE_F05.png,6,256x256 RGBA,0.10,0.6000000000000001,preview-only non-loop,preview only; no engine motion/FlipX contract,none,preview/reference only; never auto-import as CAST,false,none,passive execution has no PlayCast; V2.2 REFERENCE_VFX scope,n/a,n/a,n/a,n/a,n/a,n/a,n/a,n/a
area_05,노틸러스,003,m_starfish,불가사리,s_mon_starfish,별가시 회전,액티브,"normalized (0.5,0.5); no autocrop/recenter",n/a,n/a,n/a,ICON,true,icon_ruid,c65619c9037a4018a344e1625fe2a753,NEW_ART,ICON/003_m_starfish_s_mon_starfish_ICON.png,1,256x256 RGBA,static,static,static,none,icon_ruid,n/a,ui,none,SkillTable.icon_ruid,n/a,n/a,n/a,n/a,n/a,n/a,n/a,n/a
area_05,노틸러스,003,m_starfish,불가사리,s_mon_starfish,별가시 회전,액티브,"normalized (0.5,0.5); no autocrop/recenter",n/a,n/a,n/a,CAST_VFX,true,layer_ruids,"L1:69656381a8e04edcbb8a2c8599567ab3 animationclip/clip delay=0s duration=0.55s scale=0.55 offset=(0,0)wu drift=(0,0)wu/s; L2:2c12c1e835a04c2a9ec1c5724846a7b6 animationclip/clip delay=0.06s duration=0.68s scale=0.72 offset=(0,0)wu drift=(0,0)wu/s",NEW_ART,CAST/003_m_starfish_s_mon_starfish_CAST_F00.png..._CAST_F07.png,8,384x384 RGBA,0.10,0.8,non-loop one-shot,SkillEffect applies FlipX for directional attacks; delayed layer samples caster position at SpawnLayer execution; map entity then applies drift,layer_ruids,COMPOSITE_BAKED_ONE_CLIP: preserve L1..Ln relative delay/offset/drift rhythm inside one accepted local-canvas clip; final layer metadata becomes one primary layer after approval,true,none,SkillTable layer/effect fields; SkillEffect.PlayCast/SpawnLayer,n/a,n/a,n/a,n/a,n/a,n/a,n/a,n/a
area_05,노틸러스,003,m_starfish,불가사리,s_mon_starfish,별가시 회전,액티브,"normalized (0.5,0.5); no autocrop/recenter",n/a,n/a,n/a,PROJECTILE,false,none,,NO_RUNTIME_ROLE,none,0,n/a,n/a,n/a,n/a,n/a,none,n/a,false,none,SkillTable visual fields + PlayerAttack/MonsterAttack/SkillEffect code,n/a,n/a,n/a,n/a,n/a,n/a,n/a,n/a
area_05,노틸러스,003,m_starfish,불가사리,s_mon_starfish,별가시 회전,액티브,"normalized (0.5,0.5); no autocrop/recenter",n/a,n/a,n/a,HIT_VFX,false,none,,NO_RUNTIME_ROLE,none,0,n/a,n/a,n/a,n/a,n/a,none,n/a,false,none; no dedicated hit/impact visual field or Spawn call in current common projectile path,PlayerAttack.ResolveThrowHit; MonsterAttack.ResolveThrowHit; SkillEffect has no hit asset argument,n/a,n/a,n/a,n/a,n/a,n/a,n/a,n/a
area_05,노틸러스,003,m_starfish,불가사리,s_mon_starfish,별가시 회전,액티브,"normalized (0.5,0.5); no autocrop/recenter",n/a,n/a,n/a,PERSISTENT_BUFF_VFX,false,none,,NO_RUNTIME_ROLE,none,0,n/a,n/a,n/a,n/a,n/a,none,n/a,false,none; defense mechanics may persist but current visual is one-shot CAST only,MonsterAttack defense branch + SkillEffect.PlayCast; no persistent visual entity field,n/a,n/a,n/a,n/a,n/a,n/a,n/a,n/a
area_05,노틸러스,003,m_starfish,불가사리,s_mon_starfish,별가시 회전,액티브,"normalized (0.5,0.5); no autocrop/recenter",n/a,n/a,n/a,REFERENCE_VFX,false,none,,NO_RUNTIME_ROLE,none,0,n/a,n/a,n/a,n/a,n/a,none,n/a,false,none,SkillTable visual fields + PlayerAttack/MonsterAttack/SkillEffect code,n/a,n/a,n/a,n/a,n/a,n/a,n/a,n/a
area_05,노틸러스,004,m_jellyfish,쿨 젤리피쉬,s_mon_jellyfish,차가운 젤리,패시브,"normalized (0.5,0.5); no autocrop/recenter",n/a,n/a,n/a,ICON,true,icon_ruid,2403c0085abe432b8120278f1c82442c,NEW_ART,ICON/004_m_jellyfish_s_mon_jellyfish_ICON.png,1,256x256 RGBA,static,static,static,none,icon_ruid,n/a,ui,none,SkillTable.icon_ruid,n/a,n/a,n/a,n/a,n/a,n/a,n/a,n/a
area_05,노틸러스,004,m_jellyfish,쿨 젤리피쉬,s_mon_jellyfish,차가운 젤리,패시브,"normalized (0.5,0.5); no autocrop/recenter",n/a,n/a,n/a,CAST_VFX,false,none,,NO_RUNTIME_ROLE,none,0,n/a,n/a,n/a,n/a,n/a,none,n/a,false,none,SkillTable visual fields + PlayerAttack/MonsterAttack/SkillEffect code,n/a,n/a,n/a,n/a,n/a,n/a,n/a,n/a
area_05,노틸러스,004,m_jellyfish,쿨 젤리피쉬,s_mon_jellyfish,차가운 젤리,패시브,"normalized (0.5,0.5); no autocrop/recenter",n/a,n/a,n/a,PROJECTILE,false,none,,NO_RUNTIME_ROLE,none,0,n/a,n/a,n/a,n/a,n/a,none,n/a,false,none,SkillTable visual fields + PlayerAttack/MonsterAttack/SkillEffect code,n/a,n/a,n/a,n/a,n/a,n/a,n/a,n/a
area_05,노틸러스,004,m_jellyfish,쿨 젤리피쉬,s_mon_jellyfish,차가운 젤리,패시브,"normalized (0.5,0.5); no autocrop/recenter",n/a,n/a,n/a,HIT_VFX,false,none,,NO_RUNTIME_ROLE,none,0,n/a,n/a,n/a,n/a,n/a,none,n/a,false,none; no dedicated hit/impact visual field or Spawn call in current common projectile path,PlayerAttack.ResolveThrowHit; MonsterAttack.ResolveThrowHit; SkillEffect has no hit asset argument,n/a,n/a,n/a,n/a,n/a,n/a,n/a,n/a
area_05,노틸러스,004,m_jellyfish,쿨 젤리피쉬,s_mon_jellyfish,차가운 젤리,패시브,"normalized (0.5,0.5); no autocrop/recenter",n/a,n/a,n/a,PERSISTENT_BUFF_VFX,false,none,,NO_RUNTIME_ROLE,none,0,n/a,n/a,n/a,n/a,n/a,none,n/a,false,none; defense mechanics may persist but current visual is one-shot CAST only,MonsterAttack defense branch + SkillEffect.PlayCast; no persistent visual entity field,n/a,n/a,n/a,n/a,n/a,n/a,n/a,n/a
area_05,노틸러스,004,m_jellyfish,쿨 젤리피쉬,s_mon_jellyfish,차가운 젤리,패시브,"normalized (0.5,0.5); no autocrop/recenter",n/a,n/a,n/a,REFERENCE_VFX,input_reference_only,reference source; not runtime field,INPUT design reference,NEW_ART,REFERENCE/004_m_jellyfish_s_mon_jellyfish_REFERENCE_F00.png..._REFERENCE_F05.png,6,256x256 RGBA,0.10,0.6000000000000001,preview-only non-loop,preview only; no engine motion/FlipX contract,none,preview/reference only; never auto-import as CAST,false,none,passive execution has no PlayCast; V2.2 REFERENCE_VFX scope,n/a,n/a,n/a,n/a,n/a,n/a,n/a,n/a
area_05,노틸러스,005,m_king_clang,킹크랑,s_mon_king_clang,왕게의 집게 파도,액티브,"normalized (0.5,0.5); no autocrop/recenter",n/a,n/a,n/a,ICON,true,icon_ruid,thumbnail://cddcc91429d24abbb0c071135ace8b39,NEW_ART,ICON/005_m_king_clang_s_mon_king_clang_ICON.png,1,256x256 RGBA,static,static,static,none,icon_ruid,n/a,ui,none,SkillTable.icon_ruid,n/a,n/a,n/a,n/a,n/a,n/a,n/a,n/a
area_05,노틸러스,005,m_king_clang,킹크랑,s_mon_king_clang,왕게의 집게 파도,액티브,"normalized (0.5,0.5); no autocrop/recenter",n/a,n/a,n/a,CAST_VFX,true,layer_ruids,"L1:c57b15ccc8dd408b98c627617144d3cd animationclip/clip delay=0s duration=0.64s scale=1.0 offset=(0,0)wu drift=(0,0)wu/s; L2:8394705c13394b78a8b9a38e1313cb22 animationclip/clip delay=0.16s duration=0.78s scale=1.3 offset=(0,0)wu drift=(0,0)wu/s",NEW_ART,CAST/005_m_king_clang_s_mon_king_clang_CAST_F00.png..._CAST_F11.png,12,512x512 RGBA,0.08,0.96,non-loop one-shot,SkillEffect applies FlipX for directional attacks; delayed layer samples caster position at SpawnLayer execution; map entity then applies drift,layer_ruids,COMPOSITE_BAKED_ONE_CLIP: preserve L1..Ln relative delay/offset/drift rhythm inside one accepted local-canvas clip; final layer metadata becomes one primary layer after approval,true,none,SkillTable layer/effect fields; SkillEffect.PlayCast/SpawnLayer,n/a,n/a,n/a,n/a,n/a,n/a,n/a,n/a
area_05,노틸러스,005,m_king_clang,킹크랑,s_mon_king_clang,왕게의 집게 파도,액티브,"normalized (0.5,0.5); no autocrop/recenter",n/a,n/a,n/a,PROJECTILE,false,none,,NO_RUNTIME_ROLE,none,0,n/a,n/a,n/a,n/a,n/a,none,n/a,false,none,SkillTable visual fields + PlayerAttack/MonsterAttack/SkillEffect code,n/a,n/a,n/a,n/a,n/a,n/a,n/a,n/a
area_05,노틸러스,005,m_king_clang,킹크랑,s_mon_king_clang,왕게의 집게 파도,액티브,"normalized (0.5,0.5); no autocrop/recenter",n/a,n/a,n/a,HIT_VFX,false,none,,NO_RUNTIME_ROLE,none,0,n/a,n/a,n/a,n/a,n/a,none,n/a,false,none; no dedicated hit/impact visual field or Spawn call in current common projectile path,PlayerAttack.ResolveThrowHit; MonsterAttack.ResolveThrowHit; SkillEffect has no hit asset argument,n/a,n/a,n/a,n/a,n/a,n/a,n/a,n/a
area_05,노틸러스,005,m_king_clang,킹크랑,s_mon_king_clang,왕게의 집게 파도,액티브,"normalized (0.5,0.5); no autocrop/recenter",n/a,n/a,n/a,PERSISTENT_BUFF_VFX,false,none,,NO_RUNTIME_ROLE,none,0,n/a,n/a,n/a,n/a,n/a,none,n/a,false,none; defense mechanics may persist but current visual is one-shot CAST only,MonsterAttack defense branch + SkillEffect.PlayCast; no persistent visual entity field,n/a,n/a,n/a,n/a,n/a,n/a,n/a,n/a
area_05,노틸러스,005,m_king_clang,킹크랑,s_mon_king_clang,왕게의 집게 파도,액티브,"normalized (0.5,0.5); no autocrop/recenter",n/a,n/a,n/a,REFERENCE_VFX,false,none,,NO_RUNTIME_ROLE,none,0,n/a,n/a,n/a,n/a,n/a,none,n/a,false,none,SkillTable visual fields + PlayerAttack/MonsterAttack/SkillEffect code,n/a,n/a,n/a,n/a,n/a,n/a,n/a,n/a
area_07,슬리피우드,001,m_zombie_mushroom,좀비버섯,s_mon_zombie_mushroom,죽은 포자의 끈기,패시브,"normalized (0.5,0.5); no autocrop/recenter",n/a,n/a,n/a,ICON,true,icon_ruid,thumbnail://3ee3fc0f4d2e443cbb9ec424dd2c012f,NEW_ART,ICON/001_m_zombie_mushroom_s_mon_zombie_mushroom_ICON.png,1,256x256 RGBA,static,static,static,none,icon_ruid,n/a,ui,none,SkillTable.icon_ruid,n/a,n/a,n/a,n/a,n/a,n/a,n/a,n/a
area_07,슬리피우드,001,m_zombie_mushroom,좀비버섯,s_mon_zombie_mushroom,죽은 포자의 끈기,패시브,"normalized (0.5,0.5); no autocrop/recenter",n/a,n/a,n/a,CAST_VFX,false,none,,NO_RUNTIME_ROLE,none,0,n/a,n/a,n/a,n/a,n/a,none,n/a,false,none,SkillTable visual fields + PlayerAttack/MonsterAttack/SkillEffect code,n/a,n/a,n/a,n/a,n/a,n/a,n/a,n/a
area_07,슬리피우드,001,m_zombie_mushroom,좀비버섯,s_mon_zombie_mushroom,죽은 포자의 끈기,패시브,"normalized (0.5,0.5); no autocrop/recenter",n/a,n/a,n/a,PROJECTILE,false,none,,NO_RUNTIME_ROLE,none,0,n/a,n/a,n/a,n/a,n/a,none,n/a,false,none,SkillTable visual fields + PlayerAttack/MonsterAttack/SkillEffect code,n/a,n/a,n/a,n/a,n/a,n/a,n/a,n/a
area_07,슬리피우드,001,m_zombie_mushroom,좀비버섯,s_mon_zombie_mushroom,죽은 포자의 끈기,패시브,"normalized (0.5,0.5); no autocrop/recenter",n/a,n/a,n/a,HIT_VFX,false,none,,NO_RUNTIME_ROLE,none,0,n/a,n/a,n/a,n/a,n/a,none,n/a,false,none; no dedicated hit/impact visual field or Spawn call in current common projectile path,PlayerAttack.ResolveThrowHit; MonsterAttack.ResolveThrowHit; SkillEffect has no hit asset argument,n/a,n/a,n/a,n/a,n/a,n/a,n/a,n/a
area_07,슬리피우드,001,m_zombie_mushroom,좀비버섯,s_mon_zombie_mushroom,죽은 포자의 끈기,패시브,"normalized (0.5,0.5); no autocrop/recenter",n/a,n/a,n/a,PERSISTENT_BUFF_VFX,false,none,,NO_RUNTIME_ROLE,none,0,n/a,n/a,n/a,n/a,n/a,none,n/a,false,none; defense mechanics may persist but current visual is one-shot CAST only,MonsterAttack defense branch + SkillEffect.PlayCast; no persistent visual entity field,n/a,n/a,n/a,n/a,n/a,n/a,n/a,n/a
area_07,슬리피우드,001,m_zombie_mushroom,좀비버섯,s_mon_zombie_mushroom,죽은 포자의 끈기,패시브,"normalized (0.5,0.5); no autocrop/recenter",n/a,n/a,n/a,REFERENCE_VFX,input_reference_only,reference source; not runtime field,INPUT design reference,NEW_ART,REFERENCE/001_m_zombie_mushroom_s_mon_zombie_mushroom_REFERENCE_F00.png..._REFERENCE_F05.png,6,256x256 RGBA,0.10,0.6000000000000001,preview-only non-loop,preview only; no engine motion/FlipX contract,none,preview/reference only; never auto-import as CAST,false,none,passive execution has no PlayCast; V2.2 REFERENCE_VFX scope,n/a,n/a,n/a,n/a,n/a,n/a,n/a,n/a
area_07,슬리피우드,002,m_copper_drake,카파 드레이크,s_mon_copper_drake,청동 비늘,패시브,"normalized (0.5,0.5); no autocrop/recenter",n/a,n/a,n/a,ICON,true,icon_ruid,thumbnail://da160cd4b78c479ab8dfaa225b2dcd47,NEW_ART,ICON/002_m_copper_drake_s_mon_copper_drake_ICON.png,1,256x256 RGBA,static,static,static,none,icon_ruid,n/a,ui,none,SkillTable.icon_ruid,n/a,n/a,n/a,n/a,n/a,n/a,n/a,n/a
area_07,슬리피우드,002,m_copper_drake,카파 드레이크,s_mon_copper_drake,청동 비늘,패시브,"normalized (0.5,0.5); no autocrop/recenter",n/a,n/a,n/a,CAST_VFX,false,none,,NO_RUNTIME_ROLE,none,0,n/a,n/a,n/a,n/a,n/a,none,n/a,false,none,SkillTable visual fields + PlayerAttack/MonsterAttack/SkillEffect code,n/a,n/a,n/a,n/a,n/a,n/a,n/a,n/a
area_07,슬리피우드,002,m_copper_drake,카파 드레이크,s_mon_copper_drake,청동 비늘,패시브,"normalized (0.5,0.5); no autocrop/recenter",n/a,n/a,n/a,PROJECTILE,false,none,,NO_RUNTIME_ROLE,none,0,n/a,n/a,n/a,n/a,n/a,none,n/a,false,none,SkillTable visual fields + PlayerAttack/MonsterAttack/SkillEffect code,n/a,n/a,n/a,n/a,n/a,n/a,n/a,n/a
area_07,슬리피우드,002,m_copper_drake,카파 드레이크,s_mon_copper_drake,청동 비늘,패시브,"normalized (0.5,0.5); no autocrop/recenter",n/a,n/a,n/a,HIT_VFX,false,none,,NO_RUNTIME_ROLE,none,0,n/a,n/a,n/a,n/a,n/a,none,n/a,false,none; no dedicated hit/impact visual field or Spawn call in current common projectile path,PlayerAttack.ResolveThrowHit; MonsterAttack.ResolveThrowHit; SkillEffect has no hit asset argument,n/a,n/a,n/a,n/a,n/a,n/a,n/a,n/a
area_07,슬리피우드,002,m_copper_drake,카파 드레이크,s_mon_copper_drake,청동 비늘,패시브,"normalized (0.5,0.5); no autocrop/recenter",n/a,n/a,n/a,PERSISTENT_BUFF_VFX,false,none,,NO_RUNTIME_ROLE,none,0,n/a,n/a,n/a,n/a,n/a,none,n/a,false,none; defense mechanics may persist but current visual is one-shot CAST only,MonsterAttack defense branch + SkillEffect.PlayCast; no persistent visual entity field,n/a,n/a,n/a,n/a,n/a,n/a,n/a,n/a
area_07,슬리피우드,002,m_copper_drake,카파 드레이크,s_mon_copper_drake,청동 비늘,패시브,"normalized (0.5,0.5); no autocrop/recenter",n/a,n/a,n/a,REFERENCE_VFX,input_reference_only,reference source; not runtime field,INPUT design reference,NEW_ART,REFERENCE/002_m_copper_drake_s_mon_copper_drake_REFERENCE_F00.png..._REFERENCE_F05.png,6,256x256 RGBA,0.10,0.6000000000000001,preview-only non-loop,preview only; no engine motion/FlipX contract,none,preview/reference only; never auto-import as CAST,false,none,passive execution has no PlayCast; V2.2 REFERENCE_VFX scope,n/a,n/a,n/a,n/a,n/a,n/a,n/a,n/a
area_07,슬리피우드,003,m_drake,드레이크,s_mon_drake,동굴 용염,액티브,"normalized (0.5,0.5); no autocrop/recenter",n/a,n/a,n/a,ICON,true,icon_ruid,thumbnail://f8cfac4e30394735861603f6bfcb1932,NEW_ART,ICON/003_m_drake_s_mon_drake_ICON.png,1,256x256 RGBA,static,static,static,none,icon_ruid,n/a,ui,none,SkillTable.icon_ruid,n/a,n/a,n/a,n/a,n/a,n/a,n/a,n/a
area_07,슬리피우드,003,m_drake,드레이크,s_mon_drake,동굴 용염,액티브,"normalized (0.5,0.5); no autocrop/recenter",n/a,n/a,n/a,CAST_VFX,true,layer_ruids,"L1:5638984319fd476ca3d89e2aaca7f32a animationclip/clip delay=0s duration=0.65s scale=0.8 offset=(0,0)wu drift=(0,0)wu/s; L2:a610b14bbc55477cbc78777a5a2e7ed1 animationclip/clip delay=0.12s duration=0.78s scale=0.95 offset=(0,0)wu drift=(0,0)wu/s",NEW_ART,CAST/003_m_drake_s_mon_drake_CAST_F00.png..._CAST_F07.png,8,384x384 RGBA,0.10,0.8,non-loop one-shot,SkillEffect applies FlipX for directional attacks; delayed layer samples caster position at SpawnLayer execution; map entity then applies drift,layer_ruids,COMPOSITE_BAKED_ONE_CLIP: preserve L1..Ln relative delay/offset/drift rhythm inside one accepted local-canvas clip; final layer metadata becomes one primary layer after approval,true,none,SkillTable layer/effect fields; SkillEffect.PlayCast/SpawnLayer,n/a,n/a,n/a,n/a,n/a,n/a,n/a,n/a
area_07,슬리피우드,003,m_drake,드레이크,s_mon_drake,동굴 용염,액티브,"normalized (0.5,0.5); no autocrop/recenter",n/a,n/a,n/a,PROJECTILE,false,none,,NO_RUNTIME_ROLE,none,0,n/a,n/a,n/a,n/a,n/a,none,n/a,false,none,SkillTable visual fields + PlayerAttack/MonsterAttack/SkillEffect code,n/a,n/a,n/a,n/a,n/a,n/a,n/a,n/a
area_07,슬리피우드,003,m_drake,드레이크,s_mon_drake,동굴 용염,액티브,"normalized (0.5,0.5); no autocrop/recenter",n/a,n/a,n/a,HIT_VFX,false,none,,NO_RUNTIME_ROLE,none,0,n/a,n/a,n/a,n/a,n/a,none,n/a,false,none; no dedicated hit/impact visual field or Spawn call in current common projectile path,PlayerAttack.ResolveThrowHit; MonsterAttack.ResolveThrowHit; SkillEffect has no hit asset argument,n/a,n/a,n/a,n/a,n/a,n/a,n/a,n/a
area_07,슬리피우드,003,m_drake,드레이크,s_mon_drake,동굴 용염,액티브,"normalized (0.5,0.5); no autocrop/recenter",n/a,n/a,n/a,PERSISTENT_BUFF_VFX,false,none,,NO_RUNTIME_ROLE,none,0,n/a,n/a,n/a,n/a,n/a,none,n/a,false,none; defense mechanics may persist but current visual is one-shot CAST only,MonsterAttack defense branch + SkillEffect.PlayCast; no persistent visual entity field,n/a,n/a,n/a,n/a,n/a,n/a,n/a,n/a
area_07,슬리피우드,003,m_drake,드레이크,s_mon_drake,동굴 용염,액티브,"normalized (0.5,0.5); no autocrop/recenter",n/a,n/a,n/a,REFERENCE_VFX,false,none,,NO_RUNTIME_ROLE,none,0,n/a,n/a,n/a,n/a,n/a,none,n/a,false,none,SkillTable visual fields + PlayerAttack/MonsterAttack/SkillEffect code,n/a,n/a,n/a,n/a,n/a,n/a,n/a,n/a
area_07,슬리피우드,004,m_wild_kargo,와일드카고,s_mon_wild_kargo,야수의 그림자 돌진,액티브,"normalized (0.5,0.5); no autocrop/recenter",n/a,n/a,n/a,ICON,true,icon_ruid,thumbnail://7d1c1d17eff44687b35ca0d5108084dc,NEW_ART,ICON/004_m_wild_kargo_s_mon_wild_kargo_ICON.png,1,256x256 RGBA,static,static,static,none,icon_ruid,n/a,ui,none,SkillTable.icon_ruid,n/a,n/a,n/a,n/a,n/a,n/a,n/a,n/a
area_07,슬리피우드,004,m_wild_kargo,와일드카고,s_mon_wild_kargo,야수의 그림자 돌진,액티브,"normalized (0.5,0.5); no autocrop/recenter",n/a,n/a,n/a,CAST_VFX,true,layer_ruids,"L1:0207c85c05dd4c4eac12f9ee735d0545 animationclip/clip delay=0s duration=0.52s scale=0.65 offset=(0,0)wu drift=(1.0,0)wu/s; L2:057c2da13da2492c95cb92db424803db animationclip/clip delay=0.04s duration=0.65s scale=0.72 offset=(0,0)wu drift=(0,0)wu/s",NEW_ART,CAST/004_m_wild_kargo_s_mon_wild_kargo_CAST_F00.png..._CAST_F07.png,8,384x384 RGBA,0.10,0.8,non-loop one-shot,SkillEffect applies FlipX for directional attacks; delayed layer samples caster position at SpawnLayer execution; map entity then applies drift,layer_ruids,COMPOSITE_BAKED_ONE_CLIP: preserve L1..Ln relative delay/offset/drift rhythm inside one accepted local-canvas clip; final layer metadata becomes one primary layer after approval,true,none,SkillTable layer/effect fields; SkillEffect.PlayCast/SpawnLayer,n/a,n/a,n/a,n/a,n/a,n/a,n/a,n/a
area_07,슬리피우드,004,m_wild_kargo,와일드카고,s_mon_wild_kargo,야수의 그림자 돌진,액티브,"normalized (0.5,0.5); no autocrop/recenter",n/a,n/a,n/a,PROJECTILE,false,none,,NO_RUNTIME_ROLE,none,0,n/a,n/a,n/a,n/a,n/a,none,n/a,false,none,SkillTable visual fields + PlayerAttack/MonsterAttack/SkillEffect code,n/a,n/a,n/a,n/a,n/a,n/a,n/a,n/a
area_07,슬리피우드,004,m_wild_kargo,와일드카고,s_mon_wild_kargo,야수의 그림자 돌진,액티브,"normalized (0.5,0.5); no autocrop/recenter",n/a,n/a,n/a,HIT_VFX,false,none,,NO_RUNTIME_ROLE,none,0,n/a,n/a,n/a,n/a,n/a,none,n/a,false,none; no dedicated hit/impact visual field or Spawn call in current common projectile path,PlayerAttack.ResolveThrowHit; MonsterAttack.ResolveThrowHit; SkillEffect has no hit asset argument,n/a,n/a,n/a,n/a,n/a,n/a,n/a,n/a
area_07,슬리피우드,004,m_wild_kargo,와일드카고,s_mon_wild_kargo,야수의 그림자 돌진,액티브,"normalized (0.5,0.5); no autocrop/recenter",n/a,n/a,n/a,PERSISTENT_BUFF_VFX,false,none,,NO_RUNTIME_ROLE,none,0,n/a,n/a,n/a,n/a,n/a,none,n/a,false,none; defense mechanics may persist but current visual is one-shot CAST only,MonsterAttack defense branch + SkillEffect.PlayCast; no persistent visual entity field,n/a,n/a,n/a,n/a,n/a,n/a,n/a,n/a
area_07,슬리피우드,004,m_wild_kargo,와일드카고,s_mon_wild_kargo,야수의 그림자 돌진,액티브,"normalized (0.5,0.5); no autocrop/recenter",n/a,n/a,n/a,REFERENCE_VFX,false,none,,NO_RUNTIME_ROLE,none,0,n/a,n/a,n/a,n/a,n/a,none,n/a,false,none,SkillTable visual fields + PlayerAttack/MonsterAttack/SkillEffect code,n/a,n/a,n/a,n/a,n/a,n/a,n/a,n/a
area_07,슬리피우드,005,m_jr_balrog,주니어 발록,s_mon_jr_balrog,발록의 화염 파동,액티브,"normalized (0.5,0.5); no autocrop/recenter",n/a,n/a,n/a,ICON,true,icon_ruid,e5591a8f17a84f7d966499a0048cf15a,NEW_ART,ICON/005_m_jr_balrog_s_mon_jr_balrog_ICON.png,1,256x256 RGBA,static,static,static,none,icon_ruid,n/a,ui,none,SkillTable.icon_ruid,n/a,n/a,n/a,n/a,n/a,n/a,n/a,n/a
area_07,슬리피우드,005,m_jr_balrog,주니어 발록,s_mon_jr_balrog,발록의 화염 파동,액티브,"normalized (0.5,0.5); no autocrop/recenter",n/a,n/a,n/a,CAST_VFX,true,layer_ruids,"L1:5638984319fd476ca3d89e2aaca7f32a animationclip/clip delay=0s duration=0.85s scale=1 offset=(0,0)wu drift=(0,0)wu/s; L2:a610b14bbc55477cbc78777a5a2e7ed1 animationclip/clip delay=0.15s duration=0.7s scale=1.15 offset=(0,0)wu drift=(0,0)wu/s",NEW_ART,CAST/005_m_jr_balrog_s_mon_jr_balrog_CAST_F00.png..._CAST_F11.png,12,512x512 RGBA,0.08,0.96,non-loop one-shot,SkillEffect applies FlipX for directional attacks; delayed layer samples caster position at SpawnLayer execution; map entity then applies drift,layer_ruids,COMPOSITE_BAKED_ONE_CLIP: preserve L1..Ln relative delay/offset/drift rhythm inside one accepted local-canvas clip; final layer metadata becomes one primary layer after approval,true,none,SkillTable layer/effect fields; SkillEffect.PlayCast/SpawnLayer,n/a,n/a,n/a,n/a,n/a,n/a,n/a,n/a
area_07,슬리피우드,005,m_jr_balrog,주니어 발록,s_mon_jr_balrog,발록의 화염 파동,액티브,"normalized (0.5,0.5); no autocrop/recenter",n/a,n/a,n/a,PROJECTILE,false,none,,NO_RUNTIME_ROLE,none,0,n/a,n/a,n/a,n/a,n/a,none,n/a,false,none,SkillTable visual fields + PlayerAttack/MonsterAttack/SkillEffect code,n/a,n/a,n/a,n/a,n/a,n/a,n/a,n/a
area_07,슬리피우드,005,m_jr_balrog,주니어 발록,s_mon_jr_balrog,발록의 화염 파동,액티브,"normalized (0.5,0.5); no autocrop/recenter",n/a,n/a,n/a,HIT_VFX,false,none,,NO_RUNTIME_ROLE,none,0,n/a,n/a,n/a,n/a,n/a,none,n/a,false,none; no dedicated hit/impact visual field or Spawn call in current common projectile path,PlayerAttack.ResolveThrowHit; MonsterAttack.ResolveThrowHit; SkillEffect has no hit asset argument,n/a,n/a,n/a,n/a,n/a,n/a,n/a,n/a
area_07,슬리피우드,005,m_jr_balrog,주니어 발록,s_mon_jr_balrog,발록의 화염 파동,액티브,"normalized (0.5,0.5); no autocrop/recenter",n/a,n/a,n/a,PERSISTENT_BUFF_VFX,false,none,,NO_RUNTIME_ROLE,none,0,n/a,n/a,n/a,n/a,n/a,none,n/a,false,none; defense mechanics may persist but current visual is one-shot CAST only,MonsterAttack defense branch + SkillEffect.PlayCast; no persistent visual entity field,n/a,n/a,n/a,n/a,n/a,n/a,n/a,n/a
area_07,슬리피우드,005,m_jr_balrog,주니어 발록,s_mon_jr_balrog,발록의 화염 파동,액티브,"normalized (0.5,0.5); no autocrop/recenter",n/a,n/a,n/a,REFERENCE_VFX,false,none,,NO_RUNTIME_ROLE,none,0,n/a,n/a,n/a,n/a,n/a,none,n/a,false,none,SkillTable visual fields + PlayerAttack/MonsterAttack/SkillEffect code,n/a,n/a,n/a,n/a,n/a,n/a,n/a,n/a
area_07,슬리피우드,006,m_tauromacis,타우로마시스,s_mon_tauromacis,수문장의 낙뢰,액티브,"normalized (0.5,0.5); no autocrop/recenter",n/a,n/a,n/a,ICON,true,icon_ruid,thumbnail://5ef751fd743e41609bf98e03de4df51c,NEW_ART,ICON/006_m_tauromacis_s_mon_tauromacis_ICON.png,1,256x256 RGBA,static,static,static,none,icon_ruid,n/a,ui,none,SkillTable.icon_ruid,n/a,n/a,n/a,n/a,n/a,n/a,n/a,n/a
area_07,슬리피우드,006,m_tauromacis,타우로마시스,s_mon_tauromacis,수문장의 낙뢰,액티브,"normalized (0.5,0.5); no autocrop/recenter",n/a,n/a,n/a,CAST_VFX,true,layer_ruids,"L1:3cbd85dcfe3c41c4989adec59385c257 animationclip/clip delay=0.08s duration=0.82s scale=1.2 offset=(0,0)wu drift=(0,0)wu/s",NEW_ART,CAST/006_m_tauromacis_s_mon_tauromacis_CAST_F00.png..._CAST_F07.png,8,384x384 RGBA,0.10,0.8,non-loop one-shot,SkillEffect applies FlipX for directional attacks; delayed layer samples caster position at SpawnLayer execution; map entity then applies drift,layer_ruids,ONE_TO_ONE_PRIMARY_CLIP,true,none,SkillTable layer/effect fields; SkillEffect.PlayCast/SpawnLayer,n/a,n/a,n/a,n/a,n/a,n/a,n/a,n/a
area_07,슬리피우드,006,m_tauromacis,타우로마시스,s_mon_tauromacis,수문장의 낙뢰,액티브,"normalized (0.5,0.5); no autocrop/recenter",n/a,n/a,n/a,PROJECTILE,false,none,,NO_RUNTIME_ROLE,none,0,n/a,n/a,n/a,n/a,n/a,none,n/a,false,none,SkillTable visual fields + PlayerAttack/MonsterAttack/SkillEffect code,n/a,n/a,n/a,n/a,n/a,n/a,n/a,n/a
area_07,슬리피우드,006,m_tauromacis,타우로마시스,s_mon_tauromacis,수문장의 낙뢰,액티브,"normalized (0.5,0.5); no autocrop/recenter",n/a,n/a,n/a,HIT_VFX,false,none,,NO_RUNTIME_ROLE,none,0,n/a,n/a,n/a,n/a,n/a,none,n/a,false,none; no dedicated hit/impact visual field or Spawn call in current common projectile path,PlayerAttack.ResolveThrowHit; MonsterAttack.ResolveThrowHit; SkillEffect has no hit asset argument,n/a,n/a,n/a,n/a,n/a,n/a,n/a,n/a
area_07,슬리피우드,006,m_tauromacis,타우로마시스,s_mon_tauromacis,수문장의 낙뢰,액티브,"normalized (0.5,0.5); no autocrop/recenter",n/a,n/a,n/a,PERSISTENT_BUFF_VFX,false,none,,NO_RUNTIME_ROLE,none,0,n/a,n/a,n/a,n/a,n/a,none,n/a,false,none; defense mechanics may persist but current visual is one-shot CAST only,MonsterAttack defense branch + SkillEffect.PlayCast; no persistent visual entity field,n/a,n/a,n/a,n/a,n/a,n/a,n/a,n/a
area_07,슬리피우드,006,m_tauromacis,타우로마시스,s_mon_tauromacis,수문장의 낙뢰,액티브,"normalized (0.5,0.5); no autocrop/recenter",n/a,n/a,n/a,REFERENCE_VFX,false,none,,NO_RUNTIME_ROLE,none,0,n/a,n/a,n/a,n/a,n/a,none,n/a,false,none,SkillTable visual fields + PlayerAttack/MonsterAttack/SkillEffect code,n/a,n/a,n/a,n/a,n/a,n/a,n/a,n/a
area_08,오르비스,001,m_star_pixie,스타픽시,s_mon_star_pixie,별빛 탄환,액티브,"normalized (0.5,0.5); no autocrop/recenter",6,0.8,0.35,ICON,true,icon_ruid,thumbnail://ca136923b7e84267af993bdbabada385,NEW_ART,ICON/001_m_star_pixie_s_mon_star_pixie_ICON.png,1,256x256 RGBA,static,static,static,none,icon_ruid,n/a,ui,none,SkillTable.icon_ruid,n/a,n/a,n/a,n/a,n/a,n/a,n/a,n/a
area_08,오르비스,001,m_star_pixie,스타픽시,s_mon_star_pixie,별빛 탄환,액티브,"normalized (0.5,0.5); no autocrop/recenter",6,0.8,0.35,CAST_VFX,true,layer_ruids,"L1:78e3188f0fc14797a8383658e626e3ea animationclip/clip delay=0s duration=0.62s scale=0.72 offset=(0,0)wu drift=(0,0)wu/s; L2:6ffbabe486c24e5ea6cda2c54022033b animationclip/clip delay=0.18s duration=0.58s scale=0.7 offset=(0,0)wu drift=(0,0)wu/s",NEW_ART,CAST/001_m_star_pixie_s_mon_star_pixie_CAST_F00.png..._CAST_F07.png,8,384x384 RGBA,0.10,0.8,non-loop one-shot,SkillEffect applies FlipX for directional attacks; delayed layer samples caster position at SpawnLayer execution; map entity then applies drift,layer_ruids,COMPOSITE_BAKED_ONE_CLIP: preserve L1..Ln relative delay/offset/drift rhythm inside one accepted local-canvas clip; final layer metadata becomes one primary layer after approval,true,none,SkillTable layer/effect fields; SkillEffect.PlayCast/SpawnLayer,n/a,n/a,n/a,n/a,n/a,n/a,n/a,n/a
area_08,오르비스,001,m_star_pixie,스타픽시,s_mon_star_pixie,별빛 탄환,액티브,"normalized (0.5,0.5); no autocrop/recenter",6,0.8,0.35,PROJECTILE,true,projectile_ruid,b61e7e2a50b2405794f88fdddf44b73a,NEW_ART,PROJECTILE/001_m_star_pixie_s_mon_star_pixie_PROJECTILE_F00.png..._PROJECTILE_F03.png,4,384x384 RGBA,0.08,0.32,non-loop complete playback within 0.35s entity lifetime,art direction-neutral/local form only; engine translates caster+h to target+h and applies ZRotation; no PROJECTILE FlipX or travel-direction alignment,projectile_ruid,independent from CAST; do not merge,true,import must author AnimationClip non-loop at 0.08s/frame; Maker runtime not run,SkillTable.projectile_ruid; SkillEffect.mlua:149-194; SkillProjectile.mlua:39-81; GameBalance projectile_seconds=0.35,n/a,n/a,n/a,n/a,n/a,n/a,n/a,n/a
area_08,오르비스,001,m_star_pixie,스타픽시,s_mon_star_pixie,별빛 탄환,액티브,"normalized (0.5,0.5); no autocrop/recenter",6,0.8,0.35,HIT_VFX,false,none,,NO_RUNTIME_ROLE,none,0,n/a,n/a,n/a,n/a,n/a,none,n/a,false,none; no dedicated hit/impact visual field or Spawn call in current common projectile path,PlayerAttack.ResolveThrowHit; MonsterAttack.ResolveThrowHit; SkillEffect has no hit asset argument,n/a,n/a,n/a,n/a,n/a,n/a,n/a,n/a
area_08,오르비스,001,m_star_pixie,스타픽시,s_mon_star_pixie,별빛 탄환,액티브,"normalized (0.5,0.5); no autocrop/recenter",6,0.8,0.35,PERSISTENT_BUFF_VFX,false,none,,NO_RUNTIME_ROLE,none,0,n/a,n/a,n/a,n/a,n/a,none,n/a,false,none; defense mechanics may persist but current visual is one-shot CAST only,MonsterAttack defense branch + SkillEffect.PlayCast; no persistent visual entity field,n/a,n/a,n/a,n/a,n/a,n/a,n/a,n/a
area_08,오르비스,001,m_star_pixie,스타픽시,s_mon_star_pixie,별빛 탄환,액티브,"normalized (0.5,0.5); no autocrop/recenter",6,0.8,0.35,REFERENCE_VFX,false,none,,NO_RUNTIME_ROLE,none,0,n/a,n/a,n/a,n/a,n/a,none,n/a,false,none,SkillTable visual fields + PlayerAttack/MonsterAttack/SkillEffect code,n/a,n/a,n/a,n/a,n/a,n/a,n/a,n/a
area_08,오르비스,002,m_jr_cellion,주니어 샐리온,s_mon_jr_cellion,붉은 뿔의 기백,패시브,"normalized (0.5,0.5); no autocrop/recenter",n/a,n/a,n/a,ICON,true,icon_ruid,thumbnail://016bc9a459104e2a8a2fea03d7130519,NEW_ART,ICON/002_m_jr_cellion_s_mon_jr_cellion_ICON.png,1,256x256 RGBA,static,static,static,none,icon_ruid,n/a,ui,none,SkillTable.icon_ruid,n/a,n/a,n/a,n/a,n/a,n/a,n/a,n/a
area_08,오르비스,002,m_jr_cellion,주니어 샐리온,s_mon_jr_cellion,붉은 뿔의 기백,패시브,"normalized (0.5,0.5); no autocrop/recenter",n/a,n/a,n/a,CAST_VFX,false,none,,NO_RUNTIME_ROLE,none,0,n/a,n/a,n/a,n/a,n/a,none,n/a,false,none,SkillTable visual fields + PlayerAttack/MonsterAttack/SkillEffect code,n/a,n/a,n/a,n/a,n/a,n/a,n/a,n/a
area_08,오르비스,002,m_jr_cellion,주니어 샐리온,s_mon_jr_cellion,붉은 뿔의 기백,패시브,"normalized (0.5,0.5); no autocrop/recenter",n/a,n/a,n/a,PROJECTILE,false,none,,NO_RUNTIME_ROLE,none,0,n/a,n/a,n/a,n/a,n/a,none,n/a,false,none,SkillTable visual fields + PlayerAttack/MonsterAttack/SkillEffect code,n/a,n/a,n/a,n/a,n/a,n/a,n/a,n/a
area_08,오르비스,002,m_jr_cellion,주니어 샐리온,s_mon_jr_cellion,붉은 뿔의 기백,패시브,"normalized (0.5,0.5); no autocrop/recenter",n/a,n/a,n/a,HIT_VFX,false,none,,NO_RUNTIME_ROLE,none,0,n/a,n/a,n/a,n/a,n/a,none,n/a,false,none; no dedicated hit/impact visual field or Spawn call in current common projectile path,PlayerAttack.ResolveThrowHit; MonsterAttack.ResolveThrowHit; SkillEffect has no hit asset argument,n/a,n/a,n/a,n/a,n/a,n/a,n/a,n/a
area_08,오르비스,002,m_jr_cellion,주니어 샐리온,s_mon_jr_cellion,붉은 뿔의 기백,패시브,"normalized (0.5,0.5); no autocrop/recenter",n/a,n/a,n/a,PERSISTENT_BUFF_VFX,false,none,,NO_RUNTIME_ROLE,none,0,n/a,n/a,n/a,n/a,n/a,none,n/a,false,none; defense mechanics may persist but current visual is one-shot CAST only,MonsterAttack defense branch + SkillEffect.PlayCast; no persistent visual entity field,n/a,n/a,n/a,n/a,n/a,n/a,n/a,n/a
area_08,오르비스,002,m_jr_cellion,주니어 샐리온,s_mon_jr_cellion,붉은 뿔의 기백,패시브,"normalized (0.5,0.5); no autocrop/recenter",n/a,n/a,n/a,REFERENCE_VFX,input_reference_only,reference source; not runtime field,INPUT design reference,NEW_ART,REFERENCE/002_m_jr_cellion_s_mon_jr_cellion_REFERENCE_F00.png..._REFERENCE_F05.png,6,256x256 RGBA,0.10,0.6000000000000001,preview-only non-loop,preview only; no engine motion/FlipX contract,none,preview/reference only; never auto-import as CAST,false,none,passive execution has no PlayCast; V2.2 REFERENCE_VFX scope,n/a,n/a,n/a,n/a,n/a,n/a,n/a,n/a
area_08,오르비스,003,m_lunar_pixie,루나픽시,s_mon_lunar_pixie,월광 구슬,액티브,"normalized (0.5,0.5); no autocrop/recenter",6.4,0.8,0.35,ICON,true,icon_ruid,thumbnail://ff4a57bc3d4a4488b0053c33f4c3369f,NEW_ART,ICON/003_m_lunar_pixie_s_mon_lunar_pixie_ICON.png,1,256x256 RGBA,static,static,static,none,icon_ruid,n/a,ui,none,SkillTable.icon_ruid,n/a,n/a,n/a,n/a,n/a,n/a,n/a,n/a
area_08,오르비스,003,m_lunar_pixie,루나픽시,s_mon_lunar_pixie,월광 구슬,액티브,"normalized (0.5,0.5); no autocrop/recenter",6.4,0.8,0.35,CAST_VFX,true,layer_ruids,"L1:e7ee1a40564c43afbced2da544471266 animationclip/clip delay=0s duration=0.68s scale=0.8 offset=(0,0)wu drift=(0,0)wu/s; L2:6d96350411834e2b90a2fe18ff542159 animationclip/clip delay=0.2s duration=0.62s scale=0.75 offset=(0,0)wu drift=(0,0)wu/s",NEW_ART,CAST/003_m_lunar_pixie_s_mon_lunar_pixie_CAST_F00.png..._CAST_F07.png,8,384x384 RGBA,0.10,0.8,non-loop one-shot,SkillEffect applies FlipX for directional attacks; delayed layer samples caster position at SpawnLayer execution; map entity then applies drift,layer_ruids,COMPOSITE_BAKED_ONE_CLIP: preserve L1..Ln relative delay/offset/drift rhythm inside one accepted local-canvas clip; final layer metadata becomes one primary layer after approval,true,none,SkillTable layer/effect fields; SkillEffect.PlayCast/SpawnLayer,n/a,n/a,n/a,n/a,n/a,n/a,n/a,n/a
area_08,오르비스,003,m_lunar_pixie,루나픽시,s_mon_lunar_pixie,월광 구슬,액티브,"normalized (0.5,0.5); no autocrop/recenter",6.4,0.8,0.35,PROJECTILE,true,projectile_ruid,4f6509d9539f4d76a9bb4e8f17e12cc7,NEW_ART,PROJECTILE/003_m_lunar_pixie_s_mon_lunar_pixie_PROJECTILE_F00.png..._PROJECTILE_F03.png,4,384x384 RGBA,0.08,0.32,non-loop complete playback within 0.35s entity lifetime,art direction-neutral/local form only; engine translates caster+h to target+h and applies ZRotation; no PROJECTILE FlipX or travel-direction alignment,projectile_ruid,independent from CAST; do not merge,true,import must author AnimationClip non-loop at 0.08s/frame; Maker runtime not run,SkillTable.projectile_ruid; SkillEffect.mlua:149-194; SkillProjectile.mlua:39-81; GameBalance projectile_seconds=0.35,n/a,n/a,n/a,n/a,n/a,n/a,n/a,n/a
area_08,오르비스,003,m_lunar_pixie,루나픽시,s_mon_lunar_pixie,월광 구슬,액티브,"normalized (0.5,0.5); no autocrop/recenter",6.4,0.8,0.35,HIT_VFX,false,none,,NO_RUNTIME_ROLE,none,0,n/a,n/a,n/a,n/a,n/a,none,n/a,false,none; no dedicated hit/impact visual field or Spawn call in current common projectile path,PlayerAttack.ResolveThrowHit; MonsterAttack.ResolveThrowHit; SkillEffect has no hit asset argument,n/a,n/a,n/a,n/a,n/a,n/a,n/a,n/a
area_08,오르비스,003,m_lunar_pixie,루나픽시,s_mon_lunar_pixie,월광 구슬,액티브,"normalized (0.5,0.5); no autocrop/recenter",6.4,0.8,0.35,PERSISTENT_BUFF_VFX,false,none,,NO_RUNTIME_ROLE,none,0,n/a,n/a,n/a,n/a,n/a,none,n/a,false,none; defense mechanics may persist but current visual is one-shot CAST only,MonsterAttack defense branch + SkillEffect.PlayCast; no persistent visual entity field,n/a,n/a,n/a,n/a,n/a,n/a,n/a,n/a
area_08,오르비스,003,m_lunar_pixie,루나픽시,s_mon_lunar_pixie,월광 구슬,액티브,"normalized (0.5,0.5); no autocrop/recenter",6.4,0.8,0.35,REFERENCE_VFX,false,none,,NO_RUNTIME_ROLE,none,0,n/a,n/a,n/a,n/a,n/a,none,n/a,false,none,SkillTable visual fields + PlayerAttack/MonsterAttack/SkillEffect code,n/a,n/a,n/a,n/a,n/a,n/a,n/a,n/a
area_08,오르비스,004,m_luster_pixie,러스터픽시,s_mon_luster_pixie,태양빛 잔상,패시브,"normalized (0.5,0.5); no autocrop/recenter",n/a,n/a,n/a,ICON,true,icon_ruid,thumbnail://35f555b27d3a4d438224a29e73fac305,NEW_ART,ICON/004_m_luster_pixie_s_mon_luster_pixie_ICON.png,1,256x256 RGBA,static,static,static,none,icon_ruid,n/a,ui,none,SkillTable.icon_ruid,n/a,n/a,n/a,n/a,n/a,n/a,n/a,n/a
area_08,오르비스,004,m_luster_pixie,러스터픽시,s_mon_luster_pixie,태양빛 잔상,패시브,"normalized (0.5,0.5); no autocrop/recenter",n/a,n/a,n/a,CAST_VFX,false,none,,NO_RUNTIME_ROLE,none,0,n/a,n/a,n/a,n/a,n/a,none,n/a,false,none,SkillTable visual fields + PlayerAttack/MonsterAttack/SkillEffect code,n/a,n/a,n/a,n/a,n/a,n/a,n/a,n/a
area_08,오르비스,004,m_luster_pixie,러스터픽시,s_mon_luster_pixie,태양빛 잔상,패시브,"normalized (0.5,0.5); no autocrop/recenter",n/a,n/a,n/a,PROJECTILE,false,none,,NO_RUNTIME_ROLE,none,0,n/a,n/a,n/a,n/a,n/a,none,n/a,false,none,SkillTable visual fields + PlayerAttack/MonsterAttack/SkillEffect code,n/a,n/a,n/a,n/a,n/a,n/a,n/a,n/a
area_08,오르비스,004,m_luster_pixie,러스터픽시,s_mon_luster_pixie,태양빛 잔상,패시브,"normalized (0.5,0.5); no autocrop/recenter",n/a,n/a,n/a,HIT_VFX,false,none,,NO_RUNTIME_ROLE,none,0,n/a,n/a,n/a,n/a,n/a,none,n/a,false,none; no dedicated hit/impact visual field or Spawn call in current common projectile path,PlayerAttack.ResolveThrowHit; MonsterAttack.ResolveThrowHit; SkillEffect has no hit asset argument,n/a,n/a,n/a,n/a,n/a,n/a,n/a,n/a
area_08,오르비스,004,m_luster_pixie,러스터픽시,s_mon_luster_pixie,태양빛 잔상,패시브,"normalized (0.5,0.5); no autocrop/recenter",n/a,n/a,n/a,PERSISTENT_BUFF_VFX,false,none,,NO_RUNTIME_ROLE,none,0,n/a,n/a,n/a,n/a,n/a,none,n/a,false,none; defense mechanics may persist but current visual is one-shot CAST only,MonsterAttack defense branch + SkillEffect.PlayCast; no persistent visual entity field,n/a,n/a,n/a,n/a,n/a,n/a,n/a,n/a
area_08,오르비스,004,m_luster_pixie,러스터픽시,s_mon_luster_pixie,태양빛 잔상,패시브,"normalized (0.5,0.5); no autocrop/recenter",n/a,n/a,n/a,REFERENCE_VFX,input_reference_only,reference source; not runtime field,INPUT design reference,NEW_ART,REFERENCE/004_m_luster_pixie_s_mon_luster_pixie_REFERENCE_F00.png..._REFERENCE_F05.png,6,256x256 RGBA,0.10,0.6000000000000001,preview-only non-loop,preview only; no engine motion/FlipX contract,none,preview/reference only; never auto-import as CAST,false,none,passive execution has no PlayCast; V2.2 REFERENCE_VFX scope,n/a,n/a,n/a,n/a,n/a,n/a,n/a,n/a
area_08,오르비스,005,m_eliza,엘리쟈,s_mon_eliza,여신의 정원 폭풍,액티브,"normalized (0.5,0.5); no autocrop/recenter",n/a,n/a,n/a,ICON,true,icon_ruid,thumbnail://d458879e2e2949f2bb2e915ff67fbc64,NEW_ART,ICON/005_m_eliza_s_mon_eliza_ICON.png,1,256x256 RGBA,static,static,static,none,icon_ruid,n/a,ui,none,SkillTable.icon_ruid,n/a,n/a,n/a,n/a,n/a,n/a,n/a,n/a
area_08,오르비스,005,m_eliza,엘리쟈,s_mon_eliza,여신의 정원 폭풍,액티브,"normalized (0.5,0.5); no autocrop/recenter",n/a,n/a,n/a,CAST_VFX,true,layer_ruids,"L1:b14b3dbca0504af28e8d085c12b22000 animationclip/clip delay=0s duration=0.72s scale=1.05 offset=(0,0)wu drift=(0,0)wu/s; L2:1660382723ff40c296845e8ded7bbc86 animationclip/clip delay=0.22s duration=0.85s scale=1.25 offset=(0,0)wu drift=(0,0)wu/s",NEW_ART,CAST/005_m_eliza_s_mon_eliza_CAST_F00.png..._CAST_F11.png,12,512x512 RGBA,0.08,0.96,non-loop one-shot,SkillEffect applies FlipX for directional attacks; delayed layer samples caster position at SpawnLayer execution; map entity then applies drift,layer_ruids,COMPOSITE_BAKED_ONE_CLIP: preserve L1..Ln relative delay/offset/drift rhythm inside one accepted local-canvas clip; final layer metadata becomes one primary layer after approval,true,none,SkillTable layer/effect fields; SkillEffect.PlayCast/SpawnLayer,n/a,n/a,n/a,n/a,n/a,n/a,n/a,n/a
area_08,오르비스,005,m_eliza,엘리쟈,s_mon_eliza,여신의 정원 폭풍,액티브,"normalized (0.5,0.5); no autocrop/recenter",n/a,n/a,n/a,PROJECTILE,false,none,,NO_RUNTIME_ROLE,none,0,n/a,n/a,n/a,n/a,n/a,none,n/a,false,none,SkillTable visual fields + PlayerAttack/MonsterAttack/SkillEffect code,n/a,n/a,n/a,n/a,n/a,n/a,n/a,n/a
area_08,오르비스,005,m_eliza,엘리쟈,s_mon_eliza,여신의 정원 폭풍,액티브,"normalized (0.5,0.5); no autocrop/recenter",n/a,n/a,n/a,HIT_VFX,false,none,,NO_RUNTIME_ROLE,none,0,n/a,n/a,n/a,n/a,n/a,none,n/a,false,none; no dedicated hit/impact visual field or Spawn call in current common projectile path,PlayerAttack.ResolveThrowHit; MonsterAttack.ResolveThrowHit; SkillEffect has no hit asset argument,n/a,n/a,n/a,n/a,n/a,n/a,n/a,n/a
area_08,오르비스,005,m_eliza,엘리쟈,s_mon_eliza,여신의 정원 폭풍,액티브,"normalized (0.5,0.5); no autocrop/recenter",n/a,n/a,n/a,PERSISTENT_BUFF_VFX,false,none,,NO_RUNTIME_ROLE,none,0,n/a,n/a,n/a,n/a,n/a,none,n/a,false,none; defense mechanics may persist but current visual is one-shot CAST only,MonsterAttack defense branch + SkillEffect.PlayCast; no persistent visual entity field,n/a,n/a,n/a,n/a,n/a,n/a,n/a,n/a
area_08,오르비스,005,m_eliza,엘리쟈,s_mon_eliza,여신의 정원 폭풍,액티브,"normalized (0.5,0.5); no autocrop/recenter",n/a,n/a,n/a,REFERENCE_VFX,false,none,,NO_RUNTIME_ROLE,none,0,n/a,n/a,n/a,n/a,n/a,none,n/a,false,none,SkillTable visual fields + PlayerAttack/MonsterAttack/SkillEffect code,n/a,n/a,n/a,n/a,n/a,n/a,n/a,n/a
area_09,엘나스 산맥,001,m_jr_yeti,주니어 예티,s_mon_jr_yeti,설인의 체온,패시브,"normalized (0.5,0.5); no autocrop/recenter",n/a,n/a,n/a,ICON,true,icon_ruid,thumbnail://1975dd704eec461ab49bdeb0c11c54d9,NEW_ART,ICON/001_m_jr_yeti_s_mon_jr_yeti_ICON.png,1,256x256 RGBA,static,static,static,none,icon_ruid,n/a,ui,none,SkillTable.icon_ruid,n/a,n/a,n/a,n/a,n/a,n/a,n/a,n/a
area_09,엘나스 산맥,001,m_jr_yeti,주니어 예티,s_mon_jr_yeti,설인의 체온,패시브,"normalized (0.5,0.5); no autocrop/recenter",n/a,n/a,n/a,CAST_VFX,false,none,,NO_RUNTIME_ROLE,none,0,n/a,n/a,n/a,n/a,n/a,none,n/a,false,none,SkillTable visual fields + PlayerAttack/MonsterAttack/SkillEffect code,n/a,n/a,n/a,n/a,n/a,n/a,n/a,n/a
area_09,엘나스 산맥,001,m_jr_yeti,주니어 예티,s_mon_jr_yeti,설인의 체온,패시브,"normalized (0.5,0.5); no autocrop/recenter",n/a,n/a,n/a,PROJECTILE,false,none,,NO_RUNTIME_ROLE,none,0,n/a,n/a,n/a,n/a,n/a,none,n/a,false,none,SkillTable visual fields + PlayerAttack/MonsterAttack/SkillEffect code,n/a,n/a,n/a,n/a,n/a,n/a,n/a,n/a
area_09,엘나스 산맥,001,m_jr_yeti,주니어 예티,s_mon_jr_yeti,설인의 체온,패시브,"normalized (0.5,0.5); no autocrop/recenter",n/a,n/a,n/a,HIT_VFX,false,none,,NO_RUNTIME_ROLE,none,0,n/a,n/a,n/a,n/a,n/a,none,n/a,false,none; no dedicated hit/impact visual field or Spawn call in current common projectile path,PlayerAttack.ResolveThrowHit; MonsterAttack.ResolveThrowHit; SkillEffect has no hit asset argument,n/a,n/a,n/a,n/a,n/a,n/a,n/a,n/a
area_09,엘나스 산맥,001,m_jr_yeti,주니어 예티,s_mon_jr_yeti,설인의 체온,패시브,"normalized (0.5,0.5); no autocrop/recenter",n/a,n/a,n/a,PERSISTENT_BUFF_VFX,false,none,,NO_RUNTIME_ROLE,none,0,n/a,n/a,n/a,n/a,n/a,none,n/a,false,none; defense mechanics may persist but current visual is one-shot CAST only,MonsterAttack defense branch + SkillEffect.PlayCast; no persistent visual entity field,n/a,n/a,n/a,n/a,n/a,n/a,n/a,n/a
area_09,엘나스 산맥,001,m_jr_yeti,주니어 예티,s_mon_jr_yeti,설인의 체온,패시브,"normalized (0.5,0.5); no autocrop/recenter",n/a,n/a,n/a,REFERENCE_VFX,input_reference_only,reference source; not runtime field,INPUT design reference,NEW_ART,REFERENCE/001_m_jr_yeti_s_mon_jr_yeti_REFERENCE_F00.png..._REFERENCE_F05.png,6,256x256 RGBA,0.10,0.6000000000000001,preview-only non-loop,preview only; no engine motion/FlipX contract,none,preview/reference only; never auto-import as CAST,false,none,passive execution has no PlayCast; V2.2 REFERENCE_VFX scope,n/a,n/a,n/a,n/a,n/a,n/a,n/a,n/a
area_09,엘나스 산맥,002,m_dark_jr_yeti,다크 주니어 예티,s_mon_dark_jr_yeti,검은 설원의 은폐,패시브,"normalized (0.5,0.5); no autocrop/recenter",n/a,n/a,n/a,ICON,true,icon_ruid,thumbnail://ce56cf9613174f80976dab5b61f7b604,NEW_ART,ICON/002_m_dark_jr_yeti_s_mon_dark_jr_yeti_ICON.png,1,256x256 RGBA,static,static,static,none,icon_ruid,n/a,ui,none,SkillTable.icon_ruid,n/a,n/a,n/a,n/a,n/a,n/a,n/a,n/a
area_09,엘나스 산맥,002,m_dark_jr_yeti,다크 주니어 예티,s_mon_dark_jr_yeti,검은 설원의 은폐,패시브,"normalized (0.5,0.5); no autocrop/recenter",n/a,n/a,n/a,CAST_VFX,false,none,,NO_RUNTIME_ROLE,none,0,n/a,n/a,n/a,n/a,n/a,none,n/a,false,none,SkillTable visual fields + PlayerAttack/MonsterAttack/SkillEffect code,n/a,n/a,n/a,n/a,n/a,n/a,n/a,n/a
area_09,엘나스 산맥,002,m_dark_jr_yeti,다크 주니어 예티,s_mon_dark_jr_yeti,검은 설원의 은폐,패시브,"normalized (0.5,0.5); no autocrop/recenter",n/a,n/a,n/a,PROJECTILE,false,none,,NO_RUNTIME_ROLE,none,0,n/a,n/a,n/a,n/a,n/a,none,n/a,false,none,SkillTable visual fields + PlayerAttack/MonsterAttack/SkillEffect code,n/a,n/a,n/a,n/a,n/a,n/a,n/a,n/a
area_09,엘나스 산맥,002,m_dark_jr_yeti,다크 주니어 예티,s_mon_dark_jr_yeti,검은 설원의 은폐,패시브,"normalized (0.5,0.5); no autocrop/recenter",n/a,n/a,n/a,HIT_VFX,false,none,,NO_RUNTIME_ROLE,none,0,n/a,n/a,n/a,n/a,n/a,none,n/a,false,none; no dedicated hit/impact visual field or Spawn call in current common projectile path,PlayerAttack.ResolveThrowHit; MonsterAttack.ResolveThrowHit; SkillEffect has no hit asset argument,n/a,n/a,n/a,n/a,n/a,n/a,n/a,n/a
area_09,엘나스 산맥,002,m_dark_jr_yeti,다크 주니어 예티,s_mon_dark_jr_yeti,검은 설원의 은폐,패시브,"normalized (0.5,0.5); no autocrop/recenter",n/a,n/a,n/a,PERSISTENT_BUFF_VFX,false,none,,NO_RUNTIME_ROLE,none,0,n/a,n/a,n/a,n/a,n/a,none,n/a,false,none; defense mechanics may persist but current visual is one-shot CAST only,MonsterAttack defense branch + SkillEffect.PlayCast; no persistent visual entity field,n/a,n/a,n/a,n/a,n/a,n/a,n/a,n/a
area_09,엘나스 산맥,002,m_dark_jr_yeti,다크 주니어 예티,s_mon_dark_jr_yeti,검은 설원의 은폐,패시브,"normalized (0.5,0.5); no autocrop/recenter",n/a,n/a,n/a,REFERENCE_VFX,input_reference_only,reference source; not runtime field,INPUT design reference,NEW_ART,REFERENCE/002_m_dark_jr_yeti_s_mon_dark_jr_yeti_REFERENCE_F00.png..._REFERENCE_F05.png,6,256x256 RGBA,0.10,0.6000000000000001,preview-only non-loop,preview only; no engine motion/FlipX contract,none,preview/reference only; never auto-import as CAST,false,none,passive execution has no PlayCast; V2.2 REFERENCE_VFX scope,n/a,n/a,n/a,n/a,n/a,n/a,n/a,n/a
area_09,엘나스 산맥,003,m_hector,헥터,s_mon_hector,설원 늑대 발톱,액티브,"normalized (0.5,0.5); no autocrop/recenter",n/a,n/a,n/a,ICON,true,icon_ruid,thumbnail://7dcc64a4725b4777b8f86a5404b4d4cc,NEW_ART,ICON/003_m_hector_s_mon_hector_ICON.png,1,256x256 RGBA,static,static,static,none,icon_ruid,n/a,ui,none,SkillTable.icon_ruid,n/a,n/a,n/a,n/a,n/a,n/a,n/a,n/a
area_09,엘나스 산맥,003,m_hector,헥터,s_mon_hector,설원 늑대 발톱,액티브,"normalized (0.5,0.5); no autocrop/recenter",n/a,n/a,n/a,CAST_VFX,true,layer_ruids,"L1:b9d0ab716c054c58a18c0c38b07695a5 animationclip/clip delay=0s duration=0.58s scale=0.82 offset=(0,0)wu drift=(1.0,0)wu/s; L2:7a41e40ee7d846908e29ec10b94630b0 animationclip/clip delay=0.12s duration=0.62s scale=0.78 offset=(0,0)wu drift=(0,0)wu/s",NEW_ART,CAST/003_m_hector_s_mon_hector_CAST_F00.png..._CAST_F07.png,8,384x384 RGBA,0.10,0.8,non-loop one-shot,SkillEffect applies FlipX for directional attacks; delayed layer samples caster position at SpawnLayer execution; map entity then applies drift,layer_ruids,COMPOSITE_BAKED_ONE_CLIP: preserve L1..Ln relative delay/offset/drift rhythm inside one accepted local-canvas clip; final layer metadata becomes one primary layer after approval,true,none,SkillTable layer/effect fields; SkillEffect.PlayCast/SpawnLayer,n/a,n/a,n/a,n/a,n/a,n/a,n/a,n/a
area_09,엘나스 산맥,003,m_hector,헥터,s_mon_hector,설원 늑대 발톱,액티브,"normalized (0.5,0.5); no autocrop/recenter",n/a,n/a,n/a,PROJECTILE,false,none,,NO_RUNTIME_ROLE,none,0,n/a,n/a,n/a,n/a,n/a,none,n/a,false,none,SkillTable visual fields + PlayerAttack/MonsterAttack/SkillEffect code,n/a,n/a,n/a,n/a,n/a,n/a,n/a,n/a
area_09,엘나스 산맥,003,m_hector,헥터,s_mon_hector,설원 늑대 발톱,액티브,"normalized (0.5,0.5); no autocrop/recenter",n/a,n/a,n/a,HIT_VFX,false,none,,NO_RUNTIME_ROLE,none,0,n/a,n/a,n/a,n/a,n/a,none,n/a,false,none; no dedicated hit/impact visual field or Spawn call in current common projectile path,PlayerAttack.ResolveThrowHit; MonsterAttack.ResolveThrowHit; SkillEffect has no hit asset argument,n/a,n/a,n/a,n/a,n/a,n/a,n/a,n/a
area_09,엘나스 산맥,003,m_hector,헥터,s_mon_hector,설원 늑대 발톱,액티브,"normalized (0.5,0.5); no autocrop/recenter",n/a,n/a,n/a,PERSISTENT_BUFF_VFX,false,none,,NO_RUNTIME_ROLE,none,0,n/a,n/a,n/a,n/a,n/a,none,n/a,false,none; defense mechanics may persist but current visual is one-shot CAST only,MonsterAttack defense branch + SkillEffect.PlayCast; no persistent visual entity field,n/a,n/a,n/a,n/a,n/a,n/a,n/a,n/a
area_09,엘나스 산맥,003,m_hector,헥터,s_mon_hector,설원 늑대 발톱,액티브,"normalized (0.5,0.5); no autocrop/recenter",n/a,n/a,n/a,REFERENCE_VFX,false,none,,NO_RUNTIME_ROLE,none,0,n/a,n/a,n/a,n/a,n/a,none,n/a,false,none,SkillTable visual fields + PlayerAttack/MonsterAttack/SkillEffect code,n/a,n/a,n/a,n/a,n/a,n/a,n/a,n/a
area_09,엘나스 산맥,004,m_white_fang,화이트팽,s_mon_white_fang,화이트팽의 빙설 송곳니,액티브,"normalized (0.5,0.5); no autocrop/recenter",n/a,n/a,n/a,ICON,true,icon_ruid,thumbnail://aaa3b506804d4418b025da47dbb65b3f,NEW_ART,ICON/004_m_white_fang_s_mon_white_fang_ICON.png,1,256x256 RGBA,static,static,static,none,icon_ruid,n/a,ui,none,SkillTable.icon_ruid,n/a,n/a,n/a,n/a,n/a,n/a,n/a,n/a
area_09,엘나스 산맥,004,m_white_fang,화이트팽,s_mon_white_fang,화이트팽의 빙설 송곳니,액티브,"normalized (0.5,0.5); no autocrop/recenter",n/a,n/a,n/a,CAST_VFX,true,layer_ruids,"L1:dd098279908940fa938d3c5cb3dda732 animationclip/clip delay=0s duration=0.65s scale=0.9 offset=(0,0)wu drift=(0,0)wu/s; L2:9fae493a549a4396a2f1378c39f7386f animationclip/clip delay=0.15s duration=0.72s scale=0.85 offset=(0,0)wu drift=(0,0)wu/s",NEW_ART,CAST/004_m_white_fang_s_mon_white_fang_CAST_F00.png..._CAST_F07.png,8,384x384 RGBA,0.10,0.8,non-loop one-shot,SkillEffect applies FlipX for directional attacks; delayed layer samples caster position at SpawnLayer execution; map entity then applies drift,layer_ruids,COMPOSITE_BAKED_ONE_CLIP: preserve L1..Ln relative delay/offset/drift rhythm inside one accepted local-canvas clip; final layer metadata becomes one primary layer after approval,true,none,SkillTable layer/effect fields; SkillEffect.PlayCast/SpawnLayer,n/a,n/a,n/a,n/a,n/a,n/a,n/a,n/a
area_09,엘나스 산맥,004,m_white_fang,화이트팽,s_mon_white_fang,화이트팽의 빙설 송곳니,액티브,"normalized (0.5,0.5); no autocrop/recenter",n/a,n/a,n/a,PROJECTILE,false,none,,NO_RUNTIME_ROLE,none,0,n/a,n/a,n/a,n/a,n/a,none,n/a,false,none,SkillTable visual fields + PlayerAttack/MonsterAttack/SkillEffect code,n/a,n/a,n/a,n/a,n/a,n/a,n/a,n/a
area_09,엘나스 산맥,004,m_white_fang,화이트팽,s_mon_white_fang,화이트팽의 빙설 송곳니,액티브,"normalized (0.5,0.5); no autocrop/recenter",n/a,n/a,n/a,HIT_VFX,false,none,,NO_RUNTIME_ROLE,none,0,n/a,n/a,n/a,n/a,n/a,none,n/a,false,none; no dedicated hit/impact visual field or Spawn call in current common projectile path,PlayerAttack.ResolveThrowHit; MonsterAttack.ResolveThrowHit; SkillEffect has no hit asset argument,n/a,n/a,n/a,n/a,n/a,n/a,n/a,n/a
area_09,엘나스 산맥,004,m_white_fang,화이트팽,s_mon_white_fang,화이트팽의 빙설 송곳니,액티브,"normalized (0.5,0.5); no autocrop/recenter",n/a,n/a,n/a,PERSISTENT_BUFF_VFX,false,none,,NO_RUNTIME_ROLE,none,0,n/a,n/a,n/a,n/a,n/a,none,n/a,false,none; defense mechanics may persist but current visual is one-shot CAST only,MonsterAttack defense branch + SkillEffect.PlayCast; no persistent visual entity field,n/a,n/a,n/a,n/a,n/a,n/a,n/a,n/a
area_09,엘나스 산맥,004,m_white_fang,화이트팽,s_mon_white_fang,화이트팽의 빙설 송곳니,액티브,"normalized (0.5,0.5); no autocrop/recenter",n/a,n/a,n/a,REFERENCE_VFX,false,none,,NO_RUNTIME_ROLE,none,0,n/a,n/a,n/a,n/a,n/a,none,n/a,false,none,SkillTable visual fields + PlayerAttack/MonsterAttack/SkillEffect code,n/a,n/a,n/a,n/a,n/a,n/a,n/a,n/a
area_09,엘나스 산맥,005,m_snow_witch,설산의 마녀,s_mon_snow_witch,추방자의 눈보라,액티브,"normalized (0.5,0.5); no autocrop/recenter",n/a,n/a,n/a,ICON,true,icon_ruid,thumbnail://4b50438f59154f41aba918b2d28bb8d2,NEW_ART,ICON/005_m_snow_witch_s_mon_snow_witch_ICON.png,1,256x256 RGBA,static,static,static,none,icon_ruid,n/a,ui,none,SkillTable.icon_ruid,n/a,n/a,n/a,n/a,n/a,n/a,n/a,n/a
area_09,엘나스 산맥,005,m_snow_witch,설산의 마녀,s_mon_snow_witch,추방자의 눈보라,액티브,"normalized (0.5,0.5); no autocrop/recenter",n/a,n/a,n/a,CAST_VFX,true,layer_ruids,"L1:f55dd57a708e43238b64715c02bb06cc animationclip/clip delay=0s duration=0.72s scale=0.8 offset=(0,0)wu drift=(0,0)wu/s; L2:c5a807748e9443348e5b14162948f26b animationclip/clip delay=0.16s duration=0.8s scale=1.0 offset=(0,0)wu drift=(0,0)wu/s; L3:0719861214fa45578488a1083f49df5a animationclip/clip delay=0.3s duration=0.92s scale=1.2 offset=(0,0)wu drift=(0,0)wu/s",NEW_ART,CAST/005_m_snow_witch_s_mon_snow_witch_CAST_F00.png..._CAST_F11.png,12,512x512 RGBA,0.08,0.96,non-loop one-shot,SkillEffect applies FlipX for directional attacks; delayed layer samples caster position at SpawnLayer execution; map entity then applies drift,layer_ruids,COMPOSITE_BAKED_ONE_CLIP: preserve L1..Ln relative delay/offset/drift rhythm inside one accepted local-canvas clip; final layer metadata becomes one primary layer after approval,true,none,SkillTable layer/effect fields; SkillEffect.PlayCast/SpawnLayer,n/a,n/a,n/a,n/a,n/a,n/a,n/a,n/a
area_09,엘나스 산맥,005,m_snow_witch,설산의 마녀,s_mon_snow_witch,추방자의 눈보라,액티브,"normalized (0.5,0.5); no autocrop/recenter",n/a,n/a,n/a,PROJECTILE,false,none,,NO_RUNTIME_ROLE,none,0,n/a,n/a,n/a,n/a,n/a,none,n/a,false,none,SkillTable visual fields + PlayerAttack/MonsterAttack/SkillEffect code,n/a,n/a,n/a,n/a,n/a,n/a,n/a,n/a
area_09,엘나스 산맥,005,m_snow_witch,설산의 마녀,s_mon_snow_witch,추방자의 눈보라,액티브,"normalized (0.5,0.5); no autocrop/recenter",n/a,n/a,n/a,HIT_VFX,false,none,,NO_RUNTIME_ROLE,none,0,n/a,n/a,n/a,n/a,n/a,none,n/a,false,none; no dedicated hit/impact visual field or Spawn call in current common projectile path,PlayerAttack.ResolveThrowHit; MonsterAttack.ResolveThrowHit; SkillEffect has no hit asset argument,n/a,n/a,n/a,n/a,n/a,n/a,n/a,n/a
area_09,엘나스 산맥,005,m_snow_witch,설산의 마녀,s_mon_snow_witch,추방자의 눈보라,액티브,"normalized (0.5,0.5); no autocrop/recenter",n/a,n/a,n/a,PERSISTENT_BUFF_VFX,false,none,,NO_RUNTIME_ROLE,none,0,n/a,n/a,n/a,n/a,n/a,none,n/a,false,none; defense mechanics may persist but current visual is one-shot CAST only,MonsterAttack defense branch + SkillEffect.PlayCast; no persistent visual entity field,n/a,n/a,n/a,n/a,n/a,n/a,n/a,n/a
area_09,엘나스 산맥,005,m_snow_witch,설산의 마녀,s_mon_snow_witch,추방자의 눈보라,액티브,"normalized (0.5,0.5); no autocrop/recenter",n/a,n/a,n/a,REFERENCE_VFX,false,none,,NO_RUNTIME_ROLE,none,0,n/a,n/a,n/a,n/a,n/a,none,n/a,false,none,SkillTable visual fields + PlayerAttack/MonsterAttack/SkillEffect code,n/a,n/a,n/a,n/a,n/a,n/a,n/a,n/a
area_10,아쿠아로드,001,m_bubble_fish,버블피쉬,s_mon_bubble_fish,기포막,패시브,"normalized (0.5,0.5); no autocrop/recenter",n/a,n/a,n/a,ICON,true,icon_ruid,thumbnail://c968133e75534a1b933d28da29c4e584,NEW_ART,ICON/001_m_bubble_fish_s_mon_bubble_fish_ICON.png,1,256x256 RGBA,static,static,static,none,icon_ruid,n/a,ui,none,SkillTable.icon_ruid,n/a,n/a,n/a,n/a,n/a,n/a,n/a,n/a
area_10,아쿠아로드,001,m_bubble_fish,버블피쉬,s_mon_bubble_fish,기포막,패시브,"normalized (0.5,0.5); no autocrop/recenter",n/a,n/a,n/a,CAST_VFX,false,none,,NO_RUNTIME_ROLE,none,0,n/a,n/a,n/a,n/a,n/a,none,n/a,false,none,SkillTable visual fields + PlayerAttack/MonsterAttack/SkillEffect code,n/a,n/a,n/a,n/a,n/a,n/a,n/a,n/a
area_10,아쿠아로드,001,m_bubble_fish,버블피쉬,s_mon_bubble_fish,기포막,패시브,"normalized (0.5,0.5); no autocrop/recenter",n/a,n/a,n/a,PROJECTILE,false,none,,NO_RUNTIME_ROLE,none,0,n/a,n/a,n/a,n/a,n/a,none,n/a,false,none,SkillTable visual fields + PlayerAttack/MonsterAttack/SkillEffect code,n/a,n/a,n/a,n/a,n/a,n/a,n/a,n/a
area_10,아쿠아로드,001,m_bubble_fish,버블피쉬,s_mon_bubble_fish,기포막,패시브,"normalized (0.5,0.5); no autocrop/recenter",n/a,n/a,n/a,HIT_VFX,false,none,,NO_RUNTIME_ROLE,none,0,n/a,n/a,n/a,n/a,n/a,none,n/a,false,none; no dedicated hit/impact visual field or Spawn call in current common projectile path,PlayerAttack.ResolveThrowHit; MonsterAttack.ResolveThrowHit; SkillEffect has no hit asset argument,n/a,n/a,n/a,n/a,n/a,n/a,n/a,n/a
area_10,아쿠아로드,001,m_bubble_fish,버블피쉬,s_mon_bubble_fish,기포막,패시브,"normalized (0.5,0.5); no autocrop/recenter",n/a,n/a,n/a,PERSISTENT_BUFF_VFX,false,none,,NO_RUNTIME_ROLE,none,0,n/a,n/a,n/a,n/a,n/a,none,n/a,false,none; defense mechanics may persist but current visual is one-shot CAST only,MonsterAttack defense branch + SkillEffect.PlayCast; no persistent visual entity field,n/a,n/a,n/a,n/a,n/a,n/a,n/a,n/a
area_10,아쿠아로드,001,m_bubble_fish,버블피쉬,s_mon_bubble_fish,기포막,패시브,"normalized (0.5,0.5); no autocrop/recenter",n/a,n/a,n/a,REFERENCE_VFX,input_reference_only,reference source; not runtime field,INPUT design reference,NEW_ART,REFERENCE/001_m_bubble_fish_s_mon_bubble_fish_REFERENCE_F00.png..._REFERENCE_F05.png,6,256x256 RGBA,0.10,0.6000000000000001,preview-only non-loop,preview only; no engine motion/FlipX contract,none,preview/reference only; never auto-import as CAST,false,none,passive execution has no PlayCast; V2.2 REFERENCE_VFX scope,n/a,n/a,n/a,n/a,n/a,n/a,n/a,n/a
area_10,아쿠아로드,002,m_mask_fish,마스크피쉬,s_mon_mask_fish,가면 아래의 감각,패시브,"normalized (0.5,0.5); no autocrop/recenter",n/a,n/a,n/a,ICON,true,icon_ruid,thumbnail://fb9037f43fcd442a971ee007b9f7cc26,NEW_ART,ICON/002_m_mask_fish_s_mon_mask_fish_ICON.png,1,256x256 RGBA,static,static,static,none,icon_ruid,n/a,ui,none,SkillTable.icon_ruid,n/a,n/a,n/a,n/a,n/a,n/a,n/a,n/a
area_10,아쿠아로드,002,m_mask_fish,마스크피쉬,s_mon_mask_fish,가면 아래의 감각,패시브,"normalized (0.5,0.5); no autocrop/recenter",n/a,n/a,n/a,CAST_VFX,false,none,,NO_RUNTIME_ROLE,none,0,n/a,n/a,n/a,n/a,n/a,none,n/a,false,none,SkillTable visual fields + PlayerAttack/MonsterAttack/SkillEffect code,n/a,n/a,n/a,n/a,n/a,n/a,n/a,n/a
area_10,아쿠아로드,002,m_mask_fish,마스크피쉬,s_mon_mask_fish,가면 아래의 감각,패시브,"normalized (0.5,0.5); no autocrop/recenter",n/a,n/a,n/a,PROJECTILE,false,none,,NO_RUNTIME_ROLE,none,0,n/a,n/a,n/a,n/a,n/a,none,n/a,false,none,SkillTable visual fields + PlayerAttack/MonsterAttack/SkillEffect code,n/a,n/a,n/a,n/a,n/a,n/a,n/a,n/a
area_10,아쿠아로드,002,m_mask_fish,마스크피쉬,s_mon_mask_fish,가면 아래의 감각,패시브,"normalized (0.5,0.5); no autocrop/recenter",n/a,n/a,n/a,HIT_VFX,false,none,,NO_RUNTIME_ROLE,none,0,n/a,n/a,n/a,n/a,n/a,none,n/a,false,none; no dedicated hit/impact visual field or Spawn call in current common projectile path,PlayerAttack.ResolveThrowHit; MonsterAttack.ResolveThrowHit; SkillEffect has no hit asset argument,n/a,n/a,n/a,n/a,n/a,n/a,n/a,n/a
area_10,아쿠아로드,002,m_mask_fish,마스크피쉬,s_mon_mask_fish,가면 아래의 감각,패시브,"normalized (0.5,0.5); no autocrop/recenter",n/a,n/a,n/a,PERSISTENT_BUFF_VFX,false,none,,NO_RUNTIME_ROLE,none,0,n/a,n/a,n/a,n/a,n/a,none,n/a,false,none; defense mechanics may persist but current visual is one-shot CAST only,MonsterAttack defense branch + SkillEffect.PlayCast; no persistent visual entity field,n/a,n/a,n/a,n/a,n/a,n/a,n/a,n/a
area_10,아쿠아로드,002,m_mask_fish,마스크피쉬,s_mon_mask_fish,가면 아래의 감각,패시브,"normalized (0.5,0.5); no autocrop/recenter",n/a,n/a,n/a,REFERENCE_VFX,input_reference_only,reference source; not runtime field,INPUT design reference,NEW_ART,REFERENCE/002_m_mask_fish_s_mon_mask_fish_REFERENCE_F00.png..._REFERENCE_F05.png,6,256x256 RGBA,0.10,0.6000000000000001,preview-only non-loop,preview only; no engine motion/FlipX contract,none,preview/reference only; never auto-import as CAST,false,none,passive execution has no PlayCast; V2.2 REFERENCE_VFX scope,n/a,n/a,n/a,n/a,n/a,n/a,n/a,n/a
area_10,아쿠아로드,003,m_squid,스퀴드,s_mon_squid,심해 먹물 폭발,액티브,"normalized (0.5,0.5); no autocrop/recenter",n/a,n/a,n/a,ICON,true,icon_ruid,thumbnail://013b3e6ba18249269e4a1b85c536a0d9,NEW_ART,ICON/003_m_squid_s_mon_squid_ICON.png,1,256x256 RGBA,static,static,static,none,icon_ruid,n/a,ui,none,SkillTable.icon_ruid,n/a,n/a,n/a,n/a,n/a,n/a,n/a,n/a
area_10,아쿠아로드,003,m_squid,스퀴드,s_mon_squid,심해 먹물 폭발,액티브,"normalized (0.5,0.5); no autocrop/recenter",n/a,n/a,n/a,CAST_VFX,true,layer_ruids,"L1:0906c3a7455940ce9e9db0b0f0278741 animationclip/clip delay=0.12s duration=0.82s scale=1.15 offset=(0,0)wu drift=(0,0)wu/s",NEW_ART,CAST/003_m_squid_s_mon_squid_CAST_F00.png..._CAST_F07.png,8,384x384 RGBA,0.10,0.8,non-loop one-shot,SkillEffect applies FlipX for directional attacks; delayed layer samples caster position at SpawnLayer execution; map entity then applies drift,layer_ruids,ONE_TO_ONE_PRIMARY_CLIP,true,none,SkillTable layer/effect fields; SkillEffect.PlayCast/SpawnLayer,n/a,n/a,n/a,n/a,n/a,n/a,n/a,n/a
area_10,아쿠아로드,003,m_squid,스퀴드,s_mon_squid,심해 먹물 폭발,액티브,"normalized (0.5,0.5); no autocrop/recenter",n/a,n/a,n/a,PROJECTILE,false,none,,NO_RUNTIME_ROLE,none,0,n/a,n/a,n/a,n/a,n/a,none,n/a,false,none,SkillTable visual fields + PlayerAttack/MonsterAttack/SkillEffect code,n/a,n/a,n/a,n/a,n/a,n/a,n/a,n/a
area_10,아쿠아로드,003,m_squid,스퀴드,s_mon_squid,심해 먹물 폭발,액티브,"normalized (0.5,0.5); no autocrop/recenter",n/a,n/a,n/a,HIT_VFX,false,none,,NO_RUNTIME_ROLE,none,0,n/a,n/a,n/a,n/a,n/a,none,n/a,false,none; no dedicated hit/impact visual field or Spawn call in current common projectile path,PlayerAttack.ResolveThrowHit; MonsterAttack.ResolveThrowHit; SkillEffect has no hit asset argument,n/a,n/a,n/a,n/a,n/a,n/a,n/a,n/a
area_10,아쿠아로드,003,m_squid,스퀴드,s_mon_squid,심해 먹물 폭발,액티브,"normalized (0.5,0.5); no autocrop/recenter",n/a,n/a,n/a,PERSISTENT_BUFF_VFX,false,none,,NO_RUNTIME_ROLE,none,0,n/a,n/a,n/a,n/a,n/a,none,n/a,false,none; defense mechanics may persist but current visual is one-shot CAST only,MonsterAttack defense branch + SkillEffect.PlayCast; no persistent visual entity field,n/a,n/a,n/a,n/a,n/a,n/a,n/a,n/a
area_10,아쿠아로드,003,m_squid,스퀴드,s_mon_squid,심해 먹물 폭발,액티브,"normalized (0.5,0.5); no autocrop/recenter",n/a,n/a,n/a,REFERENCE_VFX,false,none,,NO_RUNTIME_ROLE,none,0,n/a,n/a,n/a,n/a,n/a,none,n/a,false,none,SkillTable visual fields + PlayerAttack/MonsterAttack/SkillEffect code,n/a,n/a,n/a,n/a,n/a,n/a,n/a,n/a
area_10,아쿠아로드,004,m_shark,샤크,s_mon_shark,포식자의 수류탄,액티브,"normalized (0.5,0.5); no autocrop/recenter",6.5,0.8,0.35,ICON,true,icon_ruid,thumbnail://b95f05df46124b3485d0a15bb79b10fb,NEW_ART,ICON/004_m_shark_s_mon_shark_ICON.png,1,256x256 RGBA,static,static,static,none,icon_ruid,n/a,ui,none,SkillTable.icon_ruid,n/a,n/a,n/a,n/a,n/a,n/a,n/a,n/a
area_10,아쿠아로드,004,m_shark,샤크,s_mon_shark,포식자의 수류탄,액티브,"normalized (0.5,0.5); no autocrop/recenter",6.5,0.8,0.35,CAST_VFX,true,layer_ruids,"L1:a6ab8a49e4174a29bd45a835ed6d3460 animationclip/clip delay=0.22s duration=0.72s scale=1.0 offset=(0,0)wu drift=(0,0)wu/s",NEW_ART,CAST/004_m_shark_s_mon_shark_CAST_F00.png..._CAST_F07.png,8,384x384 RGBA,0.10,0.8,non-loop one-shot,SkillEffect applies FlipX for directional attacks; delayed layer samples caster position at SpawnLayer execution; map entity then applies drift,layer_ruids,ONE_TO_ONE_PRIMARY_CLIP,true,none,SkillTable layer/effect fields; SkillEffect.PlayCast/SpawnLayer,n/a,n/a,n/a,n/a,n/a,n/a,n/a,n/a
area_10,아쿠아로드,004,m_shark,샤크,s_mon_shark,포식자의 수류탄,액티브,"normalized (0.5,0.5); no autocrop/recenter",6.5,0.8,0.35,PROJECTILE,true,projectile_ruid,209c4567073b424e8d445cea7efb80e3,NEW_ART,PROJECTILE/004_m_shark_s_mon_shark_PROJECTILE_F00.png..._PROJECTILE_F03.png,4,384x384 RGBA,0.08,0.32,non-loop complete playback within 0.35s entity lifetime,art direction-neutral/local form only; engine translates caster+h to target+h and applies ZRotation; no PROJECTILE FlipX or travel-direction alignment,projectile_ruid,independent from CAST; do not merge,true,import must author AnimationClip non-loop at 0.08s/frame; Maker runtime not run,SkillTable.projectile_ruid; SkillEffect.mlua:149-194; SkillProjectile.mlua:39-81; GameBalance projectile_seconds=0.35,n/a,n/a,n/a,n/a,n/a,n/a,n/a,n/a
area_10,아쿠아로드,004,m_shark,샤크,s_mon_shark,포식자의 수류탄,액티브,"normalized (0.5,0.5); no autocrop/recenter",6.5,0.8,0.35,HIT_VFX,false,none,,NO_RUNTIME_ROLE,none,0,n/a,n/a,n/a,n/a,n/a,none,n/a,false,none; no dedicated hit/impact visual field or Spawn call in current common projectile path,PlayerAttack.ResolveThrowHit; MonsterAttack.ResolveThrowHit; SkillEffect has no hit asset argument,n/a,n/a,n/a,n/a,n/a,n/a,n/a,n/a
area_10,아쿠아로드,004,m_shark,샤크,s_mon_shark,포식자의 수류탄,액티브,"normalized (0.5,0.5); no autocrop/recenter",6.5,0.8,0.35,PERSISTENT_BUFF_VFX,false,none,,NO_RUNTIME_ROLE,none,0,n/a,n/a,n/a,n/a,n/a,none,n/a,false,none; defense mechanics may persist but current visual is one-shot CAST only,MonsterAttack defense branch + SkillEffect.PlayCast; no persistent visual entity field,n/a,n/a,n/a,n/a,n/a,n/a,n/a,n/a
area_10,아쿠아로드,004,m_shark,샤크,s_mon_shark,포식자의 수류탄,액티브,"normalized (0.5,0.5); no autocrop/recenter",6.5,0.8,0.35,REFERENCE_VFX,false,none,,NO_RUNTIME_ROLE,none,0,n/a,n/a,n/a,n/a,n/a,none,n/a,false,none,SkillTable visual fields + PlayerAttack/MonsterAttack/SkillEffect code,n/a,n/a,n/a,n/a,n/a,n/a,n/a,n/a
area_10,아쿠아로드,005,m_pianus,피아누스,s_mon_pianus,심해왕의 광선,액티브,"normalized (0.5,0.5); no autocrop/recenter",n/a,n/a,n/a,ICON,true,icon_ruid,thumbnail://207c5d6dcee243ad9a141397244ba9a9,NEW_ART,ICON/005_m_pianus_s_mon_pianus_ICON.png,1,256x256 RGBA,static,static,static,none,icon_ruid,n/a,ui,none,SkillTable.icon_ruid,n/a,n/a,n/a,n/a,n/a,n/a,n/a,n/a
area_10,아쿠아로드,005,m_pianus,피아누스,s_mon_pianus,심해왕의 광선,액티브,"normalized (0.5,0.5); no autocrop/recenter",n/a,n/a,n/a,CAST_VFX,true,layer_ruids,"L1:3822f5bc47af488585cef2f0929ec811 animationclip/clip delay=0s duration=0.82s scale=1.2 offset=(0,0)wu drift=(0,0)wu/s; L2:306a9aafa3fb43498f1b783b85512305 animationclip/clip delay=0.25s duration=0.95s scale=1.35 offset=(0,0)wu drift=(0,0)wu/s",NEW_ART,CAST/005_m_pianus_s_mon_pianus_CAST_F00.png..._CAST_F11.png,12,512x512 RGBA,0.08,0.96,non-loop one-shot,SkillEffect applies FlipX for directional attacks; delayed layer samples caster position at SpawnLayer execution; map entity then applies drift,layer_ruids,COMPOSITE_BAKED_ONE_CLIP: preserve L1..Ln relative delay/offset/drift rhythm inside one accepted local-canvas clip; final layer metadata becomes one primary layer after approval,true,none,SkillTable layer/effect fields; SkillEffect.PlayCast/SpawnLayer,n/a,n/a,n/a,n/a,n/a,n/a,n/a,n/a
area_10,아쿠아로드,005,m_pianus,피아누스,s_mon_pianus,심해왕의 광선,액티브,"normalized (0.5,0.5); no autocrop/recenter",n/a,n/a,n/a,PROJECTILE,false,none,,NO_RUNTIME_ROLE,none,0,n/a,n/a,n/a,n/a,n/a,none,n/a,false,none,SkillTable visual fields + PlayerAttack/MonsterAttack/SkillEffect code,n/a,n/a,n/a,n/a,n/a,n/a,n/a,n/a
area_10,아쿠아로드,005,m_pianus,피아누스,s_mon_pianus,심해왕의 광선,액티브,"normalized (0.5,0.5); no autocrop/recenter",n/a,n/a,n/a,HIT_VFX,false,none,,NO_RUNTIME_ROLE,none,0,n/a,n/a,n/a,n/a,n/a,none,n/a,false,none; no dedicated hit/impact visual field or Spawn call in current common projectile path,PlayerAttack.ResolveThrowHit; MonsterAttack.ResolveThrowHit; SkillEffect has no hit asset argument,n/a,n/a,n/a,n/a,n/a,n/a,n/a,n/a
area_10,아쿠아로드,005,m_pianus,피아누스,s_mon_pianus,심해왕의 광선,액티브,"normalized (0.5,0.5); no autocrop/recenter",n/a,n/a,n/a,PERSISTENT_BUFF_VFX,false,none,,NO_RUNTIME_ROLE,none,0,n/a,n/a,n/a,n/a,n/a,none,n/a,false,none; defense mechanics may persist but current visual is one-shot CAST only,MonsterAttack defense branch + SkillEffect.PlayCast; no persistent visual entity field,n/a,n/a,n/a,n/a,n/a,n/a,n/a,n/a
area_10,아쿠아로드,005,m_pianus,피아누스,s_mon_pianus,심해왕의 광선,액티브,"normalized (0.5,0.5); no autocrop/recenter",n/a,n/a,n/a,REFERENCE_VFX,false,none,,NO_RUNTIME_ROLE,none,0,n/a,n/a,n/a,n/a,n/a,none,n/a,false,none,SkillTable visual fields + PlayerAttack/MonsterAttack/SkillEffect code,n/a,n/a,n/a,n/a,n/a,n/a,n/a,n/a
area_11,루더스 호수,001,m_ratz,라츠,s_mon_ratz,태엽쥐의 민첩,패시브,"normalized (0.5,0.5); no autocrop/recenter",n/a,n/a,n/a,ICON,true,icon_ruid,thumbnail://383e34f2a8584a96a01b80a8fadbb813,NEW_ART,ICON/001_m_ratz_s_mon_ratz_ICON.png,1,256x256 RGBA,static,static,static,none,icon_ruid,n/a,ui,none,SkillTable.icon_ruid,n/a,n/a,n/a,n/a,n/a,n/a,n/a,n/a
area_11,루더스 호수,001,m_ratz,라츠,s_mon_ratz,태엽쥐의 민첩,패시브,"normalized (0.5,0.5); no autocrop/recenter",n/a,n/a,n/a,CAST_VFX,false,none,,NO_RUNTIME_ROLE,none,0,n/a,n/a,n/a,n/a,n/a,none,n/a,false,none,SkillTable visual fields + PlayerAttack/MonsterAttack/SkillEffect code,n/a,n/a,n/a,n/a,n/a,n/a,n/a,n/a
area_11,루더스 호수,001,m_ratz,라츠,s_mon_ratz,태엽쥐의 민첩,패시브,"normalized (0.5,0.5); no autocrop/recenter",n/a,n/a,n/a,PROJECTILE,false,none,,NO_RUNTIME_ROLE,none,0,n/a,n/a,n/a,n/a,n/a,none,n/a,false,none,SkillTable visual fields + PlayerAttack/MonsterAttack/SkillEffect code,n/a,n/a,n/a,n/a,n/a,n/a,n/a,n/a
area_11,루더스 호수,001,m_ratz,라츠,s_mon_ratz,태엽쥐의 민첩,패시브,"normalized (0.5,0.5); no autocrop/recenter",n/a,n/a,n/a,HIT_VFX,false,none,,NO_RUNTIME_ROLE,none,0,n/a,n/a,n/a,n/a,n/a,none,n/a,false,none; no dedicated hit/impact visual field or Spawn call in current common projectile path,PlayerAttack.ResolveThrowHit; MonsterAttack.ResolveThrowHit; SkillEffect has no hit asset argument,n/a,n/a,n/a,n/a,n/a,n/a,n/a,n/a
area_11,루더스 호수,001,m_ratz,라츠,s_mon_ratz,태엽쥐의 민첩,패시브,"normalized (0.5,0.5); no autocrop/recenter",n/a,n/a,n/a,PERSISTENT_BUFF_VFX,false,none,,NO_RUNTIME_ROLE,none,0,n/a,n/a,n/a,n/a,n/a,none,n/a,false,none; defense mechanics may persist but current visual is one-shot CAST only,MonsterAttack defense branch + SkillEffect.PlayCast; no persistent visual entity field,n/a,n/a,n/a,n/a,n/a,n/a,n/a,n/a
area_11,루더스 호수,001,m_ratz,라츠,s_mon_ratz,태엽쥐의 민첩,패시브,"normalized (0.5,0.5); no autocrop/recenter",n/a,n/a,n/a,REFERENCE_VFX,input_reference_only,reference source; not runtime field,INPUT design reference,NEW_ART,REFERENCE/001_m_ratz_s_mon_ratz_REFERENCE_F00.png..._REFERENCE_F05.png,6,256x256 RGBA,0.10,0.6000000000000001,preview-only non-loop,preview only; no engine motion/FlipX contract,none,preview/reference only; never auto-import as CAST,false,none,passive execution has no PlayCast; V2.2 REFERENCE_VFX scope,n/a,n/a,n/a,n/a,n/a,n/a,n/a,n/a
area_11,루더스 호수,002,m_drumming_bunny,북치는 토끼,s_mon_drumming_bunny,태엽 북진동,액티브,"normalized (0.5,0.5); no autocrop/recenter",n/a,n/a,n/a,ICON,true,icon_ruid,thumbnail://20283346c1db42b593fdddb218ea769a,NEW_ART,ICON/002_m_drumming_bunny_s_mon_drumming_bunny_ICON.png,1,256x256 RGBA,static,static,static,none,icon_ruid,n/a,ui,none,SkillTable.icon_ruid,n/a,n/a,n/a,n/a,n/a,n/a,n/a,n/a
area_11,루더스 호수,002,m_drumming_bunny,북치는 토끼,s_mon_drumming_bunny,태엽 북진동,액티브,"normalized (0.5,0.5); no autocrop/recenter",n/a,n/a,n/a,CAST_VFX,true,layer_ruids,"L1:91c5d5dd661e4e079271b4446f7eb262 animationclip/clip delay=0s duration=0.75s scale=0.9 offset=(0,0)wu drift=(0,0)wu/s",NEW_ART,CAST/002_m_drumming_bunny_s_mon_drumming_bunny_CAST_F00.png..._CAST_F07.png,8,384x384 RGBA,0.10,0.8,non-loop one-shot,SkillEffect applies FlipX for directional attacks; delayed layer samples caster position at SpawnLayer execution; map entity then applies drift,layer_ruids,ONE_TO_ONE_PRIMARY_CLIP,true,none,SkillTable layer/effect fields; SkillEffect.PlayCast/SpawnLayer,n/a,n/a,n/a,n/a,n/a,n/a,n/a,n/a
area_11,루더스 호수,002,m_drumming_bunny,북치는 토끼,s_mon_drumming_bunny,태엽 북진동,액티브,"normalized (0.5,0.5); no autocrop/recenter",n/a,n/a,n/a,PROJECTILE,false,none,,NO_RUNTIME_ROLE,none,0,n/a,n/a,n/a,n/a,n/a,none,n/a,false,none,SkillTable visual fields + PlayerAttack/MonsterAttack/SkillEffect code,n/a,n/a,n/a,n/a,n/a,n/a,n/a,n/a
area_11,루더스 호수,002,m_drumming_bunny,북치는 토끼,s_mon_drumming_bunny,태엽 북진동,액티브,"normalized (0.5,0.5); no autocrop/recenter",n/a,n/a,n/a,HIT_VFX,false,none,,NO_RUNTIME_ROLE,none,0,n/a,n/a,n/a,n/a,n/a,none,n/a,false,none; no dedicated hit/impact visual field or Spawn call in current common projectile path,PlayerAttack.ResolveThrowHit; MonsterAttack.ResolveThrowHit; SkillEffect has no hit asset argument,n/a,n/a,n/a,n/a,n/a,n/a,n/a,n/a
area_11,루더스 호수,002,m_drumming_bunny,북치는 토끼,s_mon_drumming_bunny,태엽 북진동,액티브,"normalized (0.5,0.5); no autocrop/recenter",n/a,n/a,n/a,PERSISTENT_BUFF_VFX,false,none,,NO_RUNTIME_ROLE,none,0,n/a,n/a,n/a,n/a,n/a,none,n/a,false,none; defense mechanics may persist but current visual is one-shot CAST only,MonsterAttack defense branch + SkillEffect.PlayCast; no persistent visual entity field,n/a,n/a,n/a,n/a,n/a,n/a,n/a,n/a
area_11,루더스 호수,002,m_drumming_bunny,북치는 토끼,s_mon_drumming_bunny,태엽 북진동,액티브,"normalized (0.5,0.5); no autocrop/recenter",n/a,n/a,n/a,REFERENCE_VFX,false,none,,NO_RUNTIME_ROLE,none,0,n/a,n/a,n/a,n/a,n/a,none,n/a,false,none,SkillTable visual fields + PlayerAttack/MonsterAttack/SkillEffect code,n/a,n/a,n/a,n/a,n/a,n/a,n/a,n/a
area_11,루더스 호수,003,m_bloctopus,블록퍼스,s_mon_bloctopus,블록 위장,패시브,"normalized (0.5,0.5); no autocrop/recenter",n/a,n/a,n/a,ICON,true,icon_ruid,thumbnail://826410e1bd4e4a12a612ab642c19c705,NEW_ART,ICON/003_m_bloctopus_s_mon_bloctopus_ICON.png,1,256x256 RGBA,static,static,static,none,icon_ruid,n/a,ui,none,SkillTable.icon_ruid,n/a,n/a,n/a,n/a,n/a,n/a,n/a,n/a
area_11,루더스 호수,003,m_bloctopus,블록퍼스,s_mon_bloctopus,블록 위장,패시브,"normalized (0.5,0.5); no autocrop/recenter",n/a,n/a,n/a,CAST_VFX,false,none,,NO_RUNTIME_ROLE,none,0,n/a,n/a,n/a,n/a,n/a,none,n/a,false,none,SkillTable visual fields + PlayerAttack/MonsterAttack/SkillEffect code,n/a,n/a,n/a,n/a,n/a,n/a,n/a,n/a
area_11,루더스 호수,003,m_bloctopus,블록퍼스,s_mon_bloctopus,블록 위장,패시브,"normalized (0.5,0.5); no autocrop/recenter",n/a,n/a,n/a,PROJECTILE,false,none,,NO_RUNTIME_ROLE,none,0,n/a,n/a,n/a,n/a,n/a,none,n/a,false,none,SkillTable visual fields + PlayerAttack/MonsterAttack/SkillEffect code,n/a,n/a,n/a,n/a,n/a,n/a,n/a,n/a
area_11,루더스 호수,003,m_bloctopus,블록퍼스,s_mon_bloctopus,블록 위장,패시브,"normalized (0.5,0.5); no autocrop/recenter",n/a,n/a,n/a,HIT_VFX,false,none,,NO_RUNTIME_ROLE,none,0,n/a,n/a,n/a,n/a,n/a,none,n/a,false,none; no dedicated hit/impact visual field or Spawn call in current common projectile path,PlayerAttack.ResolveThrowHit; MonsterAttack.ResolveThrowHit; SkillEffect has no hit asset argument,n/a,n/a,n/a,n/a,n/a,n/a,n/a,n/a
area_11,루더스 호수,003,m_bloctopus,블록퍼스,s_mon_bloctopus,블록 위장,패시브,"normalized (0.5,0.5); no autocrop/recenter",n/a,n/a,n/a,PERSISTENT_BUFF_VFX,false,none,,NO_RUNTIME_ROLE,none,0,n/a,n/a,n/a,n/a,n/a,none,n/a,false,none; defense mechanics may persist but current visual is one-shot CAST only,MonsterAttack defense branch + SkillEffect.PlayCast; no persistent visual entity field,n/a,n/a,n/a,n/a,n/a,n/a,n/a,n/a
area_11,루더스 호수,003,m_bloctopus,블록퍼스,s_mon_bloctopus,블록 위장,패시브,"normalized (0.5,0.5); no autocrop/recenter",n/a,n/a,n/a,REFERENCE_VFX,input_reference_only,reference source; not runtime field,INPUT design reference,NEW_ART,REFERENCE/003_m_bloctopus_s_mon_bloctopus_REFERENCE_F00.png..._REFERENCE_F05.png,6,256x256 RGBA,0.10,0.6000000000000001,preview-only non-loop,preview only; no engine motion/FlipX contract,none,preview/reference only; never auto-import as CAST,false,none,passive execution has no PlayCast; V2.2 REFERENCE_VFX scope,n/a,n/a,n/a,n/a,n/a,n/a,n/a,n/a
area_11,루더스 호수,004,m_king_bloctopus,킹 블록퍼스,s_mon_king_bloctopus,왕관 블록탄,액티브,"normalized (0.5,0.5); no autocrop/recenter",6.8,0.8,0.35,ICON,true,icon_ruid,thumbnail://cb5eb9faaf68477292af0b710e383c9d,NEW_ART,ICON/004_m_king_bloctopus_s_mon_king_bloctopus_ICON.png,1,256x256 RGBA,static,static,static,none,icon_ruid,n/a,ui,none,SkillTable.icon_ruid,n/a,n/a,n/a,n/a,n/a,n/a,n/a,n/a
area_11,루더스 호수,004,m_king_bloctopus,킹 블록퍼스,s_mon_king_bloctopus,왕관 블록탄,액티브,"normalized (0.5,0.5); no autocrop/recenter",6.8,0.8,0.35,CAST_VFX,true,layer_ruids,"L1:e53471f0f7114343907be7beb520751f animationclip/clip delay=0.22s duration=0.65s scale=0.9 offset=(0,0)wu drift=(0,0)wu/s",NEW_ART,CAST/004_m_king_bloctopus_s_mon_king_bloctopus_CAST_F00.png..._CAST_F07.png,8,384x384 RGBA,0.10,0.8,non-loop one-shot,SkillEffect applies FlipX for directional attacks; delayed layer samples caster position at SpawnLayer execution; map entity then applies drift,layer_ruids,ONE_TO_ONE_PRIMARY_CLIP,true,none,SkillTable layer/effect fields; SkillEffect.PlayCast/SpawnLayer,n/a,n/a,n/a,n/a,n/a,n/a,n/a,n/a
area_11,루더스 호수,004,m_king_bloctopus,킹 블록퍼스,s_mon_king_bloctopus,왕관 블록탄,액티브,"normalized (0.5,0.5); no autocrop/recenter",6.8,0.8,0.35,PROJECTILE,true,projectile_ruid,a2da67e687994755a8943c2bcf871902,NEW_ART,PROJECTILE/004_m_king_bloctopus_s_mon_king_bloctopus_PROJECTILE_F00.png..._PROJECTILE_F03.png,4,384x384 RGBA,0.08,0.32,non-loop complete playback within 0.35s entity lifetime,art direction-neutral/local form only; engine translates caster+h to target+h and applies ZRotation; no PROJECTILE FlipX or travel-direction alignment,projectile_ruid,independent from CAST; do not merge,true,import must author AnimationClip non-loop at 0.08s/frame; Maker runtime not run,SkillTable.projectile_ruid; SkillEffect.mlua:149-194; SkillProjectile.mlua:39-81; GameBalance projectile_seconds=0.35,n/a,n/a,n/a,n/a,n/a,n/a,n/a,n/a
area_11,루더스 호수,004,m_king_bloctopus,킹 블록퍼스,s_mon_king_bloctopus,왕관 블록탄,액티브,"normalized (0.5,0.5); no autocrop/recenter",6.8,0.8,0.35,HIT_VFX,false,none,,NO_RUNTIME_ROLE,none,0,n/a,n/a,n/a,n/a,n/a,none,n/a,false,none; no dedicated hit/impact visual field or Spawn call in current common projectile path,PlayerAttack.ResolveThrowHit; MonsterAttack.ResolveThrowHit; SkillEffect has no hit asset argument,n/a,n/a,n/a,n/a,n/a,n/a,n/a,n/a
area_11,루더스 호수,004,m_king_bloctopus,킹 블록퍼스,s_mon_king_bloctopus,왕관 블록탄,액티브,"normalized (0.5,0.5); no autocrop/recenter",6.8,0.8,0.35,PERSISTENT_BUFF_VFX,false,none,,NO_RUNTIME_ROLE,none,0,n/a,n/a,n/a,n/a,n/a,none,n/a,false,none; defense mechanics may persist but current visual is one-shot CAST only,MonsterAttack defense branch + SkillEffect.PlayCast; no persistent visual entity field,n/a,n/a,n/a,n/a,n/a,n/a,n/a,n/a
area_11,루더스 호수,004,m_king_bloctopus,킹 블록퍼스,s_mon_king_bloctopus,왕관 블록탄,액티브,"normalized (0.5,0.5); no autocrop/recenter",6.8,0.8,0.35,REFERENCE_VFX,false,none,,NO_RUNTIME_ROLE,none,0,n/a,n/a,n/a,n/a,n/a,none,n/a,false,none,SkillTable visual fields + PlayerAttack/MonsterAttack/SkillEffect code,n/a,n/a,n/a,n/a,n/a,n/a,n/a,n/a
area_11,루더스 호수,005,m_rombot,롬바드,s_mon_rombot,에오스 중력파,액티브,"normalized (0.5,0.5); no autocrop/recenter",n/a,n/a,n/a,ICON,true,icon_ruid,thumbnail://b41def4288404055b3b8850daa99cfbf,NEW_ART,ICON/005_m_rombot_s_mon_rombot_ICON.png,1,256x256 RGBA,static,static,static,none,icon_ruid,n/a,ui,none,SkillTable.icon_ruid,n/a,n/a,n/a,n/a,n/a,n/a,n/a,n/a
area_11,루더스 호수,005,m_rombot,롬바드,s_mon_rombot,에오스 중력파,액티브,"normalized (0.5,0.5); no autocrop/recenter",n/a,n/a,n/a,CAST_VFX,true,layer_ruids,"L1:91c5d5dd661e4e079271b4446f7eb262 animationclip/clip delay=0s duration=0.72s scale=1.1 offset=(0,0)wu drift=(0,0)wu/s; L2:06bbe7d534094761b54b147f3a79ca38 animationclip/clip delay=0.18s duration=0.8s scale=0.8 offset=(0,0)wu drift=(0,0)wu/s",NEW_ART,CAST/005_m_rombot_s_mon_rombot_CAST_F00.png..._CAST_F11.png,12,512x512 RGBA,0.08,0.96,non-loop one-shot,SkillEffect applies FlipX for directional attacks; delayed layer samples caster position at SpawnLayer execution; map entity then applies drift,layer_ruids,COMPOSITE_BAKED_ONE_CLIP: preserve L1..Ln relative delay/offset/drift rhythm inside one accepted local-canvas clip; final layer metadata becomes one primary layer after approval,true,none,SkillTable layer/effect fields; SkillEffect.PlayCast/SpawnLayer,n/a,n/a,n/a,n/a,n/a,n/a,n/a,n/a
area_11,루더스 호수,005,m_rombot,롬바드,s_mon_rombot,에오스 중력파,액티브,"normalized (0.5,0.5); no autocrop/recenter",n/a,n/a,n/a,PROJECTILE,false,none,,NO_RUNTIME_ROLE,none,0,n/a,n/a,n/a,n/a,n/a,none,n/a,false,none,SkillTable visual fields + PlayerAttack/MonsterAttack/SkillEffect code,n/a,n/a,n/a,n/a,n/a,n/a,n/a,n/a
area_11,루더스 호수,005,m_rombot,롬바드,s_mon_rombot,에오스 중력파,액티브,"normalized (0.5,0.5); no autocrop/recenter",n/a,n/a,n/a,HIT_VFX,false,none,,NO_RUNTIME_ROLE,none,0,n/a,n/a,n/a,n/a,n/a,none,n/a,false,none; no dedicated hit/impact visual field or Spawn call in current common projectile path,PlayerAttack.ResolveThrowHit; MonsterAttack.ResolveThrowHit; SkillEffect has no hit asset argument,n/a,n/a,n/a,n/a,n/a,n/a,n/a,n/a
area_11,루더스 호수,005,m_rombot,롬바드,s_mon_rombot,에오스 중력파,액티브,"normalized (0.5,0.5); no autocrop/recenter",n/a,n/a,n/a,PERSISTENT_BUFF_VFX,false,none,,NO_RUNTIME_ROLE,none,0,n/a,n/a,n/a,n/a,n/a,none,n/a,false,none; defense mechanics may persist but current visual is one-shot CAST only,MonsterAttack defense branch + SkillEffect.PlayCast; no persistent visual entity field,n/a,n/a,n/a,n/a,n/a,n/a,n/a,n/a
area_11,루더스 호수,005,m_rombot,롬바드,s_mon_rombot,에오스 중력파,액티브,"normalized (0.5,0.5); no autocrop/recenter",n/a,n/a,n/a,REFERENCE_VFX,false,none,,NO_RUNTIME_ROLE,none,0,n/a,n/a,n/a,n/a,n/a,none,n/a,false,none,SkillTable visual fields + PlayerAttack/MonsterAttack/SkillEffect code,n/a,n/a,n/a,n/a,n/a,n/a,n/a,n/a
area_12,루디브리엄,001,m_brown_teddy,브라운테니,s_mon_brown_teddy,솜인형 완충,패시브,"normalized (0.5,0.5); no autocrop/recenter",n/a,n/a,n/a,ICON,true,icon_ruid,thumbnail://46fd51a318b64738a36beeb3db02a970,NEW_ART,ICON/001_m_brown_teddy_s_mon_brown_teddy_ICON.png,1,256x256 RGBA,static,static,static,none,icon_ruid,n/a,ui,none,SkillTable.icon_ruid,n/a,n/a,n/a,n/a,n/a,n/a,n/a,n/a
area_12,루디브리엄,001,m_brown_teddy,브라운테니,s_mon_brown_teddy,솜인형 완충,패시브,"normalized (0.5,0.5); no autocrop/recenter",n/a,n/a,n/a,CAST_VFX,false,none,,NO_RUNTIME_ROLE,none,0,n/a,n/a,n/a,n/a,n/a,none,n/a,false,none,SkillTable visual fields + PlayerAttack/MonsterAttack/SkillEffect code,n/a,n/a,n/a,n/a,n/a,n/a,n/a,n/a
area_12,루디브리엄,001,m_brown_teddy,브라운테니,s_mon_brown_teddy,솜인형 완충,패시브,"normalized (0.5,0.5); no autocrop/recenter",n/a,n/a,n/a,PROJECTILE,false,none,,NO_RUNTIME_ROLE,none,0,n/a,n/a,n/a,n/a,n/a,none,n/a,false,none,SkillTable visual fields + PlayerAttack/MonsterAttack/SkillEffect code,n/a,n/a,n/a,n/a,n/a,n/a,n/a,n/a
area_12,루디브리엄,001,m_brown_teddy,브라운테니,s_mon_brown_teddy,솜인형 완충,패시브,"normalized (0.5,0.5); no autocrop/recenter",n/a,n/a,n/a,HIT_VFX,false,none,,NO_RUNTIME_ROLE,none,0,n/a,n/a,n/a,n/a,n/a,none,n/a,false,none; no dedicated hit/impact visual field or Spawn call in current common projectile path,PlayerAttack.ResolveThrowHit; MonsterAttack.ResolveThrowHit; SkillEffect has no hit asset argument,n/a,n/a,n/a,n/a,n/a,n/a,n/a,n/a
area_12,루디브리엄,001,m_brown_teddy,브라운테니,s_mon_brown_teddy,솜인형 완충,패시브,"normalized (0.5,0.5); no autocrop/recenter",n/a,n/a,n/a,PERSISTENT_BUFF_VFX,false,none,,NO_RUNTIME_ROLE,none,0,n/a,n/a,n/a,n/a,n/a,none,n/a,false,none; defense mechanics may persist but current visual is one-shot CAST only,MonsterAttack defense branch + SkillEffect.PlayCast; no persistent visual entity field,n/a,n/a,n/a,n/a,n/a,n/a,n/a,n/a
area_12,루디브리엄,001,m_brown_teddy,브라운테니,s_mon_brown_teddy,솜인형 완충,패시브,"normalized (0.5,0.5); no autocrop/recenter",n/a,n/a,n/a,REFERENCE_VFX,input_reference_only,reference source; not runtime field,INPUT design reference,NEW_ART,REFERENCE/001_m_brown_teddy_s_mon_brown_teddy_REFERENCE_F00.png..._REFERENCE_F05.png,6,256x256 RGBA,0.10,0.6000000000000001,preview-only non-loop,preview only; no engine motion/FlipX contract,none,preview/reference only; never auto-import as CAST,false,none,passive execution has no PlayCast; V2.2 REFERENCE_VFX scope,n/a,n/a,n/a,n/a,n/a,n/a,n/a,n/a
area_12,루디브리엄,002,m_toy_trojan,장난감 목마,s_mon_toy_trojan,태엽 목마 돌진,액티브,"normalized (0.5,0.5); no autocrop/recenter",n/a,n/a,n/a,ICON,true,icon_ruid,thumbnail://f9a2d6e8feaf4c90a3e00d022932fdaa,NEW_ART,ICON/002_m_toy_trojan_s_mon_toy_trojan_ICON.png,1,256x256 RGBA,static,static,static,none,icon_ruid,n/a,ui,none,SkillTable.icon_ruid,n/a,n/a,n/a,n/a,n/a,n/a,n/a,n/a
area_12,루디브리엄,002,m_toy_trojan,장난감 목마,s_mon_toy_trojan,태엽 목마 돌진,액티브,"normalized (0.5,0.5); no autocrop/recenter",n/a,n/a,n/a,CAST_VFX,true,layer_ruids,"L1:fc4857ea48be477c9546c775e0f31d49 animationclip/clip delay=0s duration=0.7s scale=0.72 offset=(0,0)wu drift=(1.0,0)wu/s",NEW_ART,CAST/002_m_toy_trojan_s_mon_toy_trojan_CAST_F00.png..._CAST_F07.png,8,384x384 RGBA,0.10,0.8,non-loop one-shot,SkillEffect applies FlipX for directional attacks; delayed layer samples caster position at SpawnLayer execution; map entity then applies drift,layer_ruids,ONE_TO_ONE_PRIMARY_CLIP,true,none,SkillTable layer/effect fields; SkillEffect.PlayCast/SpawnLayer,n/a,n/a,n/a,n/a,n/a,n/a,n/a,n/a
area_12,루디브리엄,002,m_toy_trojan,장난감 목마,s_mon_toy_trojan,태엽 목마 돌진,액티브,"normalized (0.5,0.5); no autocrop/recenter",n/a,n/a,n/a,PROJECTILE,false,none,,NO_RUNTIME_ROLE,none,0,n/a,n/a,n/a,n/a,n/a,none,n/a,false,none,SkillTable visual fields + PlayerAttack/MonsterAttack/SkillEffect code,n/a,n/a,n/a,n/a,n/a,n/a,n/a,n/a
area_12,루디브리엄,002,m_toy_trojan,장난감 목마,s_mon_toy_trojan,태엽 목마 돌진,액티브,"normalized (0.5,0.5); no autocrop/recenter",n/a,n/a,n/a,HIT_VFX,false,none,,NO_RUNTIME_ROLE,none,0,n/a,n/a,n/a,n/a,n/a,none,n/a,false,none; no dedicated hit/impact visual field or Spawn call in current common projectile path,PlayerAttack.ResolveThrowHit; MonsterAttack.ResolveThrowHit; SkillEffect has no hit asset argument,n/a,n/a,n/a,n/a,n/a,n/a,n/a,n/a
area_12,루디브리엄,002,m_toy_trojan,장난감 목마,s_mon_toy_trojan,태엽 목마 돌진,액티브,"normalized (0.5,0.5); no autocrop/recenter",n/a,n/a,n/a,PERSISTENT_BUFF_VFX,false,none,,NO_RUNTIME_ROLE,none,0,n/a,n/a,n/a,n/a,n/a,none,n/a,false,none; defense mechanics may persist but current visual is one-shot CAST only,MonsterAttack defense branch + SkillEffect.PlayCast; no persistent visual entity field,n/a,n/a,n/a,n/a,n/a,n/a,n/a,n/a
area_12,루디브리엄,002,m_toy_trojan,장난감 목마,s_mon_toy_trojan,태엽 목마 돌진,액티브,"normalized (0.5,0.5); no autocrop/recenter",n/a,n/a,n/a,REFERENCE_VFX,false,none,,NO_RUNTIME_ROLE,none,0,n/a,n/a,n/a,n/a,n/a,none,n/a,false,none,SkillTable visual fields + PlayerAttack/MonsterAttack/SkillEffect code,n/a,n/a,n/a,n/a,n/a,n/a,n/a,n/a
area_12,루디브리엄,003,m_master_robo,마스터 로보,s_mon_master_robo,정밀 태엽회로,패시브,"normalized (0.5,0.5); no autocrop/recenter",n/a,n/a,n/a,ICON,true,icon_ruid,thumbnail://f5d65e28cb0e4990bf5727015f22e0f1,NEW_ART,ICON/003_m_master_robo_s_mon_master_robo_ICON.png,1,256x256 RGBA,static,static,static,none,icon_ruid,n/a,ui,none,SkillTable.icon_ruid,n/a,n/a,n/a,n/a,n/a,n/a,n/a,n/a
area_12,루디브리엄,003,m_master_robo,마스터 로보,s_mon_master_robo,정밀 태엽회로,패시브,"normalized (0.5,0.5); no autocrop/recenter",n/a,n/a,n/a,CAST_VFX,false,none,,NO_RUNTIME_ROLE,none,0,n/a,n/a,n/a,n/a,n/a,none,n/a,false,none,SkillTable visual fields + PlayerAttack/MonsterAttack/SkillEffect code,n/a,n/a,n/a,n/a,n/a,n/a,n/a,n/a
area_12,루디브리엄,003,m_master_robo,마스터 로보,s_mon_master_robo,정밀 태엽회로,패시브,"normalized (0.5,0.5); no autocrop/recenter",n/a,n/a,n/a,PROJECTILE,false,none,,NO_RUNTIME_ROLE,none,0,n/a,n/a,n/a,n/a,n/a,none,n/a,false,none,SkillTable visual fields + PlayerAttack/MonsterAttack/SkillEffect code,n/a,n/a,n/a,n/a,n/a,n/a,n/a,n/a
area_12,루디브리엄,003,m_master_robo,마스터 로보,s_mon_master_robo,정밀 태엽회로,패시브,"normalized (0.5,0.5); no autocrop/recenter",n/a,n/a,n/a,HIT_VFX,false,none,,NO_RUNTIME_ROLE,none,0,n/a,n/a,n/a,n/a,n/a,none,n/a,false,none; no dedicated hit/impact visual field or Spawn call in current common projectile path,PlayerAttack.ResolveThrowHit; MonsterAttack.ResolveThrowHit; SkillEffect has no hit asset argument,n/a,n/a,n/a,n/a,n/a,n/a,n/a,n/a
area_12,루디브리엄,003,m_master_robo,마스터 로보,s_mon_master_robo,정밀 태엽회로,패시브,"normalized (0.5,0.5); no autocrop/recenter",n/a,n/a,n/a,PERSISTENT_BUFF_VFX,false,none,,NO_RUNTIME_ROLE,none,0,n/a,n/a,n/a,n/a,n/a,none,n/a,false,none; defense mechanics may persist but current visual is one-shot CAST only,MonsterAttack defense branch + SkillEffect.PlayCast; no persistent visual entity field,n/a,n/a,n/a,n/a,n/a,n/a,n/a,n/a
area_12,루디브리엄,003,m_master_robo,마스터 로보,s_mon_master_robo,정밀 태엽회로,패시브,"normalized (0.5,0.5); no autocrop/recenter",n/a,n/a,n/a,REFERENCE_VFX,input_reference_only,reference source; not runtime field,INPUT design reference,NEW_ART,REFERENCE/003_m_master_robo_s_mon_master_robo_REFERENCE_F00.png..._REFERENCE_F05.png,6,256x256 RGBA,0.10,0.6000000000000001,preview-only non-loop,preview only; no engine motion/FlipX contract,none,preview/reference only; never auto-import as CAST,false,none,passive execution has no PlayCast; V2.2 REFERENCE_VFX scope,n/a,n/a,n/a,n/a,n/a,n/a,n/a,n/a
area_12,루디브리엄,004,m_chronos,크로노스,s_mon_chronos,크로노스의 시간편린,액티브,"normalized (0.5,0.5); no autocrop/recenter",n/a,n/a,n/a,ICON,true,icon_ruid,thumbnail://1356c7ad27254459aaf789b51a75875c,NEW_ART,ICON/004_m_chronos_s_mon_chronos_ICON.png,1,256x256 RGBA,static,static,static,none,icon_ruid,n/a,ui,none,SkillTable.icon_ruid,n/a,n/a,n/a,n/a,n/a,n/a,n/a,n/a
area_12,루디브리엄,004,m_chronos,크로노스,s_mon_chronos,크로노스의 시간편린,액티브,"normalized (0.5,0.5); no autocrop/recenter",n/a,n/a,n/a,CAST_VFX,true,layer_ruids,"L1:e5558e07445143b6999f20246768a3fe animationclip/clip delay=0.12s duration=0.8s scale=0.9 offset=(0,0)wu drift=(0,0)wu/s",NEW_ART,CAST/004_m_chronos_s_mon_chronos_CAST_F00.png..._CAST_F07.png,8,384x384 RGBA,0.10,0.8,non-loop one-shot,SkillEffect applies FlipX for directional attacks; delayed layer samples caster position at SpawnLayer execution; map entity then applies drift,layer_ruids,ONE_TO_ONE_PRIMARY_CLIP,true,none,SkillTable layer/effect fields; SkillEffect.PlayCast/SpawnLayer,n/a,n/a,n/a,n/a,n/a,n/a,n/a,n/a
area_12,루디브리엄,004,m_chronos,크로노스,s_mon_chronos,크로노스의 시간편린,액티브,"normalized (0.5,0.5); no autocrop/recenter",n/a,n/a,n/a,PROJECTILE,false,none,,NO_RUNTIME_ROLE,none,0,n/a,n/a,n/a,n/a,n/a,none,n/a,false,none,SkillTable visual fields + PlayerAttack/MonsterAttack/SkillEffect code,n/a,n/a,n/a,n/a,n/a,n/a,n/a,n/a
area_12,루디브리엄,004,m_chronos,크로노스,s_mon_chronos,크로노스의 시간편린,액티브,"normalized (0.5,0.5); no autocrop/recenter",n/a,n/a,n/a,HIT_VFX,false,none,,NO_RUNTIME_ROLE,none,0,n/a,n/a,n/a,n/a,n/a,none,n/a,false,none; no dedicated hit/impact visual field or Spawn call in current common projectile path,PlayerAttack.ResolveThrowHit; MonsterAttack.ResolveThrowHit; SkillEffect has no hit asset argument,n/a,n/a,n/a,n/a,n/a,n/a,n/a,n/a
area_12,루디브리엄,004,m_chronos,크로노스,s_mon_chronos,크로노스의 시간편린,액티브,"normalized (0.5,0.5); no autocrop/recenter",n/a,n/a,n/a,PERSISTENT_BUFF_VFX,false,none,,NO_RUNTIME_ROLE,none,0,n/a,n/a,n/a,n/a,n/a,none,n/a,false,none; defense mechanics may persist but current visual is one-shot CAST only,MonsterAttack defense branch + SkillEffect.PlayCast; no persistent visual entity field,n/a,n/a,n/a,n/a,n/a,n/a,n/a,n/a
area_12,루디브리엄,004,m_chronos,크로노스,s_mon_chronos,크로노스의 시간편린,액티브,"normalized (0.5,0.5); no autocrop/recenter",n/a,n/a,n/a,REFERENCE_VFX,false,none,,NO_RUNTIME_ROLE,none,0,n/a,n/a,n/a,n/a,n/a,none,n/a,false,none,SkillTable visual fields + PlayerAttack/MonsterAttack/SkillEffect code,n/a,n/a,n/a,n/a,n/a,n/a,n/a,n/a
area_12,루디브리엄,005,m_timer,타이머,s_mon_timer,시간 정지 충격,액티브,"normalized (0.5,0.5); no autocrop/recenter",n/a,n/a,n/a,ICON,true,icon_ruid,thumbnail://cbdd230e5cd34b7b9eeb1cd206d19f34,NEW_ART,ICON/005_m_timer_s_mon_timer_ICON.png,1,256x256 RGBA,static,static,static,none,icon_ruid,n/a,ui,none,SkillTable.icon_ruid,n/a,n/a,n/a,n/a,n/a,n/a,n/a,n/a
area_12,루디브리엄,005,m_timer,타이머,s_mon_timer,시간 정지 충격,액티브,"normalized (0.5,0.5); no autocrop/recenter",n/a,n/a,n/a,CAST_VFX,true,layer_ruids,"L1:e5558e07445143b6999f20246768a3fe animationclip/clip delay=0s duration=0.78s scale=1 offset=(0,0)wu drift=(0,0)wu/s; L2:3ef6b2dcc75f4d4990e6e7f106bda49e animationclip/clip delay=0.2s duration=0.88s scale=0.85 offset=(0,0)wu drift=(0,0)wu/s",NEW_ART,CAST/005_m_timer_s_mon_timer_CAST_F00.png..._CAST_F11.png,12,512x512 RGBA,0.08,0.96,non-loop one-shot,SkillEffect applies FlipX for directional attacks; delayed layer samples caster position at SpawnLayer execution; map entity then applies drift,layer_ruids,COMPOSITE_BAKED_ONE_CLIP: preserve L1..Ln relative delay/offset/drift rhythm inside one accepted local-canvas clip; final layer metadata becomes one primary layer after approval,true,none,SkillTable layer/effect fields; SkillEffect.PlayCast/SpawnLayer,n/a,n/a,n/a,n/a,n/a,n/a,n/a,n/a
area_12,루디브리엄,005,m_timer,타이머,s_mon_timer,시간 정지 충격,액티브,"normalized (0.5,0.5); no autocrop/recenter",n/a,n/a,n/a,PROJECTILE,false,none,,NO_RUNTIME_ROLE,none,0,n/a,n/a,n/a,n/a,n/a,none,n/a,false,none,SkillTable visual fields + PlayerAttack/MonsterAttack/SkillEffect code,n/a,n/a,n/a,n/a,n/a,n/a,n/a,n/a
area_12,루디브리엄,005,m_timer,타이머,s_mon_timer,시간 정지 충격,액티브,"normalized (0.5,0.5); no autocrop/recenter",n/a,n/a,n/a,HIT_VFX,false,none,,NO_RUNTIME_ROLE,none,0,n/a,n/a,n/a,n/a,n/a,none,n/a,false,none; no dedicated hit/impact visual field or Spawn call in current common projectile path,PlayerAttack.ResolveThrowHit; MonsterAttack.ResolveThrowHit; SkillEffect has no hit asset argument,n/a,n/a,n/a,n/a,n/a,n/a,n/a,n/a
area_12,루디브리엄,005,m_timer,타이머,s_mon_timer,시간 정지 충격,액티브,"normalized (0.5,0.5); no autocrop/recenter",n/a,n/a,n/a,PERSISTENT_BUFF_VFX,false,none,,NO_RUNTIME_ROLE,none,0,n/a,n/a,n/a,n/a,n/a,none,n/a,false,none; defense mechanics may persist but current visual is one-shot CAST only,MonsterAttack defense branch + SkillEffect.PlayCast; no persistent visual entity field,n/a,n/a,n/a,n/a,n/a,n/a,n/a,n/a
area_12,루디브리엄,005,m_timer,타이머,s_mon_timer,시간 정지 충격,액티브,"normalized (0.5,0.5); no autocrop/recenter",n/a,n/a,n/a,REFERENCE_VFX,false,none,,NO_RUNTIME_ROLE,none,0,n/a,n/a,n/a,n/a,n/a,none,n/a,false,none,SkillTable visual fields + PlayerAttack/MonsterAttack/SkillEffect code,n/a,n/a,n/a,n/a,n/a,n/a,n/a,n/a
area_13,니할 사막,001,m_white_sand_rabbit,흰 모래토끼,s_mon_white_sand_rabbit,사막 굴착탄,액티브,"normalized (0.5,0.5); no autocrop/recenter",n/a,n/a,n/a,ICON,true,icon_ruid,thumbnail://981c64ae30bd4f98aef886e9314d8e64,NEW_ART,ICON/001_m_white_sand_rabbit_s_mon_white_sand_rabbit_ICON.png,1,256x256 RGBA,static,static,static,none,icon_ruid,n/a,ui,none,SkillTable.icon_ruid,n/a,n/a,n/a,n/a,n/a,n/a,n/a,n/a
area_13,니할 사막,001,m_white_sand_rabbit,흰 모래토끼,s_mon_white_sand_rabbit,사막 굴착탄,액티브,"normalized (0.5,0.5); no autocrop/recenter",n/a,n/a,n/a,CAST_VFX,true,layer_ruids,"L1:201c4ae9d7c24438b56fb4d731ed9245 animationclip/clip delay=0.12s duration=0.72s scale=0.85 offset=(0,0)wu drift=(0,0)wu/s",NEW_ART,CAST/001_m_white_sand_rabbit_s_mon_white_sand_rabbit_CAST_F00.png..._CAST_F07.png,8,384x384 RGBA,0.10,0.8,non-loop one-shot,SkillEffect applies FlipX for directional attacks; delayed layer samples caster position at SpawnLayer execution; map entity then applies drift,layer_ruids,ONE_TO_ONE_PRIMARY_CLIP,true,none,SkillTable layer/effect fields; SkillEffect.PlayCast/SpawnLayer,n/a,n/a,n/a,n/a,n/a,n/a,n/a,n/a
area_13,니할 사막,001,m_white_sand_rabbit,흰 모래토끼,s_mon_white_sand_rabbit,사막 굴착탄,액티브,"normalized (0.5,0.5); no autocrop/recenter",n/a,n/a,n/a,PROJECTILE,false,none,,NO_RUNTIME_ROLE,none,0,n/a,n/a,n/a,n/a,n/a,none,n/a,false,none,SkillTable visual fields + PlayerAttack/MonsterAttack/SkillEffect code,n/a,n/a,n/a,n/a,n/a,n/a,n/a,n/a
area_13,니할 사막,001,m_white_sand_rabbit,흰 모래토끼,s_mon_white_sand_rabbit,사막 굴착탄,액티브,"normalized (0.5,0.5); no autocrop/recenter",n/a,n/a,n/a,HIT_VFX,false,none,,NO_RUNTIME_ROLE,none,0,n/a,n/a,n/a,n/a,n/a,none,n/a,false,none; no dedicated hit/impact visual field or Spawn call in current common projectile path,PlayerAttack.ResolveThrowHit; MonsterAttack.ResolveThrowHit; SkillEffect has no hit asset argument,n/a,n/a,n/a,n/a,n/a,n/a,n/a,n/a
area_13,니할 사막,001,m_white_sand_rabbit,흰 모래토끼,s_mon_white_sand_rabbit,사막 굴착탄,액티브,"normalized (0.5,0.5); no autocrop/recenter",n/a,n/a,n/a,PERSISTENT_BUFF_VFX,false,none,,NO_RUNTIME_ROLE,none,0,n/a,n/a,n/a,n/a,n/a,none,n/a,false,none; defense mechanics may persist but current visual is one-shot CAST only,MonsterAttack defense branch + SkillEffect.PlayCast; no persistent visual entity field,n/a,n/a,n/a,n/a,n/a,n/a,n/a,n/a
area_13,니할 사막,001,m_white_sand_rabbit,흰 모래토끼,s_mon_white_sand_rabbit,사막 굴착탄,액티브,"normalized (0.5,0.5); no autocrop/recenter",n/a,n/a,n/a,REFERENCE_VFX,false,none,,NO_RUNTIME_ROLE,none,0,n/a,n/a,n/a,n/a,n/a,none,n/a,false,none,SkillTable visual fields + PlayerAttack/MonsterAttack/SkillEffect code,n/a,n/a,n/a,n/a,n/a,n/a,n/a,n/a
area_13,니할 사막,002,m_scarf_plead,목도리 프릴드,s_mon_scarf_plead,목도리의 사막감각,패시브,"normalized (0.5,0.5); no autocrop/recenter",n/a,n/a,n/a,ICON,true,icon_ruid,thumbnail://30e7faf77c6c41d583f341c234220597,NEW_ART,ICON/002_m_scarf_plead_s_mon_scarf_plead_ICON.png,1,256x256 RGBA,static,static,static,none,icon_ruid,n/a,ui,none,SkillTable.icon_ruid,n/a,n/a,n/a,n/a,n/a,n/a,n/a,n/a
area_13,니할 사막,002,m_scarf_plead,목도리 프릴드,s_mon_scarf_plead,목도리의 사막감각,패시브,"normalized (0.5,0.5); no autocrop/recenter",n/a,n/a,n/a,CAST_VFX,false,none,,NO_RUNTIME_ROLE,none,0,n/a,n/a,n/a,n/a,n/a,none,n/a,false,none,SkillTable visual fields + PlayerAttack/MonsterAttack/SkillEffect code,n/a,n/a,n/a,n/a,n/a,n/a,n/a,n/a
area_13,니할 사막,002,m_scarf_plead,목도리 프릴드,s_mon_scarf_plead,목도리의 사막감각,패시브,"normalized (0.5,0.5); no autocrop/recenter",n/a,n/a,n/a,PROJECTILE,false,none,,NO_RUNTIME_ROLE,none,0,n/a,n/a,n/a,n/a,n/a,none,n/a,false,none,SkillTable visual fields + PlayerAttack/MonsterAttack/SkillEffect code,n/a,n/a,n/a,n/a,n/a,n/a,n/a,n/a
area_13,니할 사막,002,m_scarf_plead,목도리 프릴드,s_mon_scarf_plead,목도리의 사막감각,패시브,"normalized (0.5,0.5); no autocrop/recenter",n/a,n/a,n/a,HIT_VFX,false,none,,NO_RUNTIME_ROLE,none,0,n/a,n/a,n/a,n/a,n/a,none,n/a,false,none; no dedicated hit/impact visual field or Spawn call in current common projectile path,PlayerAttack.ResolveThrowHit; MonsterAttack.ResolveThrowHit; SkillEffect has no hit asset argument,n/a,n/a,n/a,n/a,n/a,n/a,n/a,n/a
area_13,니할 사막,002,m_scarf_plead,목도리 프릴드,s_mon_scarf_plead,목도리의 사막감각,패시브,"normalized (0.5,0.5); no autocrop/recenter",n/a,n/a,n/a,PERSISTENT_BUFF_VFX,false,none,,NO_RUNTIME_ROLE,none,0,n/a,n/a,n/a,n/a,n/a,none,n/a,false,none; defense mechanics may persist but current visual is one-shot CAST only,MonsterAttack defense branch + SkillEffect.PlayCast; no persistent visual entity field,n/a,n/a,n/a,n/a,n/a,n/a,n/a,n/a
area_13,니할 사막,002,m_scarf_plead,목도리 프릴드,s_mon_scarf_plead,목도리의 사막감각,패시브,"normalized (0.5,0.5); no autocrop/recenter",n/a,n/a,n/a,REFERENCE_VFX,input_reference_only,reference source; not runtime field,INPUT design reference,NEW_ART,REFERENCE/002_m_scarf_plead_s_mon_scarf_plead_REFERENCE_F00.png..._REFERENCE_F05.png,6,256x256 RGBA,0.10,0.6000000000000001,preview-only non-loop,preview only; no engine motion/FlipX contract,none,preview/reference only; never auto-import as CAST,false,none,passive execution has no PlayCast; V2.2 REFERENCE_VFX scope,n/a,n/a,n/a,n/a,n/a,n/a,n/a,n/a
area_13,니할 사막,003,m_meercat,미요캐츠,s_mon_meercat,미요캐츠의 모래매복,액티브,"normalized (0.5,0.5); no autocrop/recenter",n/a,n/a,n/a,ICON,true,icon_ruid,thumbnail://fc3c2944ce44425c8d7f302a8610b886,NEW_ART,ICON/003_m_meercat_s_mon_meercat_ICON.png,1,256x256 RGBA,static,static,static,none,icon_ruid,n/a,ui,none,SkillTable.icon_ruid,n/a,n/a,n/a,n/a,n/a,n/a,n/a,n/a
area_13,니할 사막,003,m_meercat,미요캐츠,s_mon_meercat,미요캐츠의 모래매복,액티브,"normalized (0.5,0.5); no autocrop/recenter",n/a,n/a,n/a,CAST_VFX,true,layer_ruids,"L1:412bce166c844b07ba1b4aa3ddcd53fa animationclip/clip delay=0s duration=0.74s scale=0.9 offset=(0,0)wu drift=(0,0)wu/s",NEW_ART,CAST/003_m_meercat_s_mon_meercat_CAST_F00.png..._CAST_F07.png,8,384x384 RGBA,0.10,0.8,non-loop one-shot,SkillEffect applies FlipX for directional attacks; delayed layer samples caster position at SpawnLayer execution; map entity then applies drift,layer_ruids,ONE_TO_ONE_PRIMARY_CLIP,true,none,SkillTable layer/effect fields; SkillEffect.PlayCast/SpawnLayer,n/a,n/a,n/a,n/a,n/a,n/a,n/a,n/a
area_13,니할 사막,003,m_meercat,미요캐츠,s_mon_meercat,미요캐츠의 모래매복,액티브,"normalized (0.5,0.5); no autocrop/recenter",n/a,n/a,n/a,PROJECTILE,false,none,,NO_RUNTIME_ROLE,none,0,n/a,n/a,n/a,n/a,n/a,none,n/a,false,none,SkillTable visual fields + PlayerAttack/MonsterAttack/SkillEffect code,n/a,n/a,n/a,n/a,n/a,n/a,n/a,n/a
area_13,니할 사막,003,m_meercat,미요캐츠,s_mon_meercat,미요캐츠의 모래매복,액티브,"normalized (0.5,0.5); no autocrop/recenter",n/a,n/a,n/a,HIT_VFX,false,none,,NO_RUNTIME_ROLE,none,0,n/a,n/a,n/a,n/a,n/a,none,n/a,false,none; no dedicated hit/impact visual field or Spawn call in current common projectile path,PlayerAttack.ResolveThrowHit; MonsterAttack.ResolveThrowHit; SkillEffect has no hit asset argument,n/a,n/a,n/a,n/a,n/a,n/a,n/a,n/a
area_13,니할 사막,003,m_meercat,미요캐츠,s_mon_meercat,미요캐츠의 모래매복,액티브,"normalized (0.5,0.5); no autocrop/recenter",n/a,n/a,n/a,PERSISTENT_BUFF_VFX,false,none,,NO_RUNTIME_ROLE,none,0,n/a,n/a,n/a,n/a,n/a,none,n/a,false,none; defense mechanics may persist but current visual is one-shot CAST only,MonsterAttack defense branch + SkillEffect.PlayCast; no persistent visual entity field,n/a,n/a,n/a,n/a,n/a,n/a,n/a,n/a
area_13,니할 사막,003,m_meercat,미요캐츠,s_mon_meercat,미요캐츠의 모래매복,액티브,"normalized (0.5,0.5); no autocrop/recenter",n/a,n/a,n/a,REFERENCE_VFX,false,none,,NO_RUNTIME_ROLE,none,0,n/a,n/a,n/a,n/a,n/a,none,n/a,false,none,SkillTable visual fields + PlayerAttack/MonsterAttack/SkillEffect code,n/a,n/a,n/a,n/a,n/a,n/a,n/a,n/a
area_13,니할 사막,004,m_sand_dwarf,모래난쟁이,s_mon_sand_dwarf,사막 대장장이의 체력,패시브,"normalized (0.5,0.5); no autocrop/recenter",n/a,n/a,n/a,ICON,true,icon_ruid,thumbnail://64f166fa4e5445bc982071dea297d988,NEW_ART,ICON/004_m_sand_dwarf_s_mon_sand_dwarf_ICON.png,1,256x256 RGBA,static,static,static,none,icon_ruid,n/a,ui,none,SkillTable.icon_ruid,n/a,n/a,n/a,n/a,n/a,n/a,n/a,n/a
area_13,니할 사막,004,m_sand_dwarf,모래난쟁이,s_mon_sand_dwarf,사막 대장장이의 체력,패시브,"normalized (0.5,0.5); no autocrop/recenter",n/a,n/a,n/a,CAST_VFX,false,none,,NO_RUNTIME_ROLE,none,0,n/a,n/a,n/a,n/a,n/a,none,n/a,false,none,SkillTable visual fields + PlayerAttack/MonsterAttack/SkillEffect code,n/a,n/a,n/a,n/a,n/a,n/a,n/a,n/a
area_13,니할 사막,004,m_sand_dwarf,모래난쟁이,s_mon_sand_dwarf,사막 대장장이의 체력,패시브,"normalized (0.5,0.5); no autocrop/recenter",n/a,n/a,n/a,PROJECTILE,false,none,,NO_RUNTIME_ROLE,none,0,n/a,n/a,n/a,n/a,n/a,none,n/a,false,none,SkillTable visual fields + PlayerAttack/MonsterAttack/SkillEffect code,n/a,n/a,n/a,n/a,n/a,n/a,n/a,n/a
area_13,니할 사막,004,m_sand_dwarf,모래난쟁이,s_mon_sand_dwarf,사막 대장장이의 체력,패시브,"normalized (0.5,0.5); no autocrop/recenter",n/a,n/a,n/a,HIT_VFX,false,none,,NO_RUNTIME_ROLE,none,0,n/a,n/a,n/a,n/a,n/a,none,n/a,false,none; no dedicated hit/impact visual field or Spawn call in current common projectile path,PlayerAttack.ResolveThrowHit; MonsterAttack.ResolveThrowHit; SkillEffect has no hit asset argument,n/a,n/a,n/a,n/a,n/a,n/a,n/a,n/a
area_13,니할 사막,004,m_sand_dwarf,모래난쟁이,s_mon_sand_dwarf,사막 대장장이의 체력,패시브,"normalized (0.5,0.5); no autocrop/recenter",n/a,n/a,n/a,PERSISTENT_BUFF_VFX,false,none,,NO_RUNTIME_ROLE,none,0,n/a,n/a,n/a,n/a,n/a,none,n/a,false,none; defense mechanics may persist but current visual is one-shot CAST only,MonsterAttack defense branch + SkillEffect.PlayCast; no persistent visual entity field,n/a,n/a,n/a,n/a,n/a,n/a,n/a,n/a
area_13,니할 사막,004,m_sand_dwarf,모래난쟁이,s_mon_sand_dwarf,사막 대장장이의 체력,패시브,"normalized (0.5,0.5); no autocrop/recenter",n/a,n/a,n/a,REFERENCE_VFX,input_reference_only,reference source; not runtime field,INPUT design reference,NEW_ART,REFERENCE/004_m_sand_dwarf_s_mon_sand_dwarf_REFERENCE_F00.png..._REFERENCE_F05.png,6,256x256 RGBA,0.10,0.6000000000000001,preview-only non-loop,preview only; no engine motion/FlipX contract,none,preview/reference only; never auto-import as CAST,false,none,passive execution has no PlayCast; V2.2 REFERENCE_VFX scope,n/a,n/a,n/a,n/a,n/a,n/a,n/a,n/a
area_13,니할 사막,005,m_deo,데우,s_mon_deo,잠든 선인장의 폭발,액티브,"normalized (0.5,0.5); no autocrop/recenter",n/a,n/a,n/a,ICON,true,icon_ruid,thumbnail://6cf930e280f44694a0a0feedbfd855ed,NEW_ART,ICON/005_m_deo_s_mon_deo_ICON.png,1,256x256 RGBA,static,static,static,none,icon_ruid,n/a,ui,none,SkillTable.icon_ruid,n/a,n/a,n/a,n/a,n/a,n/a,n/a,n/a
area_13,니할 사막,005,m_deo,데우,s_mon_deo,잠든 선인장의 폭발,액티브,"normalized (0.5,0.5); no autocrop/recenter",n/a,n/a,n/a,CAST_VFX,true,layer_ruids,"L1:98cd61bf1b2c4ff496455ad956cd95d5 animationclip/clip delay=0s duration=0.78s scale=1.05 offset=(0,0)wu drift=(0,0)wu/s; L2:9af96df994cf4794882fec71c027da2b animationclip/clip delay=0.2s duration=0.9s scale=0.85 offset=(0,0)wu drift=(0,0)wu/s",NEW_ART,CAST/005_m_deo_s_mon_deo_CAST_F00.png..._CAST_F11.png,12,512x512 RGBA,0.08,0.96,non-loop one-shot,SkillEffect applies FlipX for directional attacks; delayed layer samples caster position at SpawnLayer execution; map entity then applies drift,layer_ruids,COMPOSITE_BAKED_ONE_CLIP: preserve L1..Ln relative delay/offset/drift rhythm inside one accepted local-canvas clip; final layer metadata becomes one primary layer after approval,true,none,SkillTable layer/effect fields; SkillEffect.PlayCast/SpawnLayer,n/a,n/a,n/a,n/a,n/a,n/a,n/a,n/a
area_13,니할 사막,005,m_deo,데우,s_mon_deo,잠든 선인장의 폭발,액티브,"normalized (0.5,0.5); no autocrop/recenter",n/a,n/a,n/a,PROJECTILE,false,none,,NO_RUNTIME_ROLE,none,0,n/a,n/a,n/a,n/a,n/a,none,n/a,false,none,SkillTable visual fields + PlayerAttack/MonsterAttack/SkillEffect code,n/a,n/a,n/a,n/a,n/a,n/a,n/a,n/a
area_13,니할 사막,005,m_deo,데우,s_mon_deo,잠든 선인장의 폭발,액티브,"normalized (0.5,0.5); no autocrop/recenter",n/a,n/a,n/a,HIT_VFX,false,none,,NO_RUNTIME_ROLE,none,0,n/a,n/a,n/a,n/a,n/a,none,n/a,false,none; no dedicated hit/impact visual field or Spawn call in current common projectile path,PlayerAttack.ResolveThrowHit; MonsterAttack.ResolveThrowHit; SkillEffect has no hit asset argument,n/a,n/a,n/a,n/a,n/a,n/a,n/a,n/a
area_13,니할 사막,005,m_deo,데우,s_mon_deo,잠든 선인장의 폭발,액티브,"normalized (0.5,0.5); no autocrop/recenter",n/a,n/a,n/a,PERSISTENT_BUFF_VFX,false,none,,NO_RUNTIME_ROLE,none,0,n/a,n/a,n/a,n/a,n/a,none,n/a,false,none; defense mechanics may persist but current visual is one-shot CAST only,MonsterAttack defense branch + SkillEffect.PlayCast; no persistent visual entity field,n/a,n/a,n/a,n/a,n/a,n/a,n/a,n/a
area_13,니할 사막,005,m_deo,데우,s_mon_deo,잠든 선인장의 폭발,액티브,"normalized (0.5,0.5); no autocrop/recenter",n/a,n/a,n/a,REFERENCE_VFX,false,none,,NO_RUNTIME_ROLE,none,0,n/a,n/a,n/a,n/a,n/a,none,n/a,false,none,SkillTable visual fields + PlayerAttack/MonsterAttack/SkillEffect code,n/a,n/a,n/a,n/a,n/a,n/a,n/a,n/a
area_14,마가티아,001,m_cube_slime,큐브슬라임,s_mon_cube_slime,연금 큐브막,패시브,"normalized (0.5,0.5); no autocrop/recenter",n/a,n/a,n/a,ICON,true,icon_ruid,thumbnail://e93e27480f1043ef8e51fa3b0906a4d9,NEW_ART,ICON/001_m_cube_slime_s_mon_cube_slime_ICON.png,1,256x256 RGBA,static,static,static,none,icon_ruid,n/a,ui,none,SkillTable.icon_ruid,n/a,n/a,n/a,n/a,n/a,n/a,n/a,n/a
area_14,마가티아,001,m_cube_slime,큐브슬라임,s_mon_cube_slime,연금 큐브막,패시브,"normalized (0.5,0.5); no autocrop/recenter",n/a,n/a,n/a,CAST_VFX,false,none,,NO_RUNTIME_ROLE,none,0,n/a,n/a,n/a,n/a,n/a,none,n/a,false,none,SkillTable visual fields + PlayerAttack/MonsterAttack/SkillEffect code,n/a,n/a,n/a,n/a,n/a,n/a,n/a,n/a
area_14,마가티아,001,m_cube_slime,큐브슬라임,s_mon_cube_slime,연금 큐브막,패시브,"normalized (0.5,0.5); no autocrop/recenter",n/a,n/a,n/a,PROJECTILE,false,none,,NO_RUNTIME_ROLE,none,0,n/a,n/a,n/a,n/a,n/a,none,n/a,false,none,SkillTable visual fields + PlayerAttack/MonsterAttack/SkillEffect code,n/a,n/a,n/a,n/a,n/a,n/a,n/a,n/a
area_14,마가티아,001,m_cube_slime,큐브슬라임,s_mon_cube_slime,연금 큐브막,패시브,"normalized (0.5,0.5); no autocrop/recenter",n/a,n/a,n/a,HIT_VFX,false,none,,NO_RUNTIME_ROLE,none,0,n/a,n/a,n/a,n/a,n/a,none,n/a,false,none; no dedicated hit/impact visual field or Spawn call in current common projectile path,PlayerAttack.ResolveThrowHit; MonsterAttack.ResolveThrowHit; SkillEffect has no hit asset argument,n/a,n/a,n/a,n/a,n/a,n/a,n/a,n/a
area_14,마가티아,001,m_cube_slime,큐브슬라임,s_mon_cube_slime,연금 큐브막,패시브,"normalized (0.5,0.5); no autocrop/recenter",n/a,n/a,n/a,PERSISTENT_BUFF_VFX,false,none,,NO_RUNTIME_ROLE,none,0,n/a,n/a,n/a,n/a,n/a,none,n/a,false,none; defense mechanics may persist but current visual is one-shot CAST only,MonsterAttack defense branch + SkillEffect.PlayCast; no persistent visual entity field,n/a,n/a,n/a,n/a,n/a,n/a,n/a,n/a
area_14,마가티아,001,m_cube_slime,큐브슬라임,s_mon_cube_slime,연금 큐브막,패시브,"normalized (0.5,0.5); no autocrop/recenter",n/a,n/a,n/a,REFERENCE_VFX,input_reference_only,reference source; not runtime field,INPUT design reference,NEW_ART,REFERENCE/001_m_cube_slime_s_mon_cube_slime_REFERENCE_F00.png..._REFERENCE_F05.png,6,256x256 RGBA,0.10,0.6000000000000001,preview-only non-loop,preview only; no engine motion/FlipX contract,none,preview/reference only; never auto-import as CAST,false,none,passive execution has no PlayCast; V2.2 REFERENCE_VFX scope,n/a,n/a,n/a,n/a,n/a,n/a,n/a,n/a
area_14,마가티아,002,m_mithril_mutae,미스릴 뮤테,s_mon_mithril_mutae,미스릴 외피,패시브,"normalized (0.5,0.5); no autocrop/recenter",n/a,n/a,n/a,ICON,true,icon_ruid,thumbnail://b06abb18fb52476d8bc7bdd5e46abe19,NEW_ART,ICON/002_m_mithril_mutae_s_mon_mithril_mutae_ICON.png,1,256x256 RGBA,static,static,static,none,icon_ruid,n/a,ui,none,SkillTable.icon_ruid,n/a,n/a,n/a,n/a,n/a,n/a,n/a,n/a
area_14,마가티아,002,m_mithril_mutae,미스릴 뮤테,s_mon_mithril_mutae,미스릴 외피,패시브,"normalized (0.5,0.5); no autocrop/recenter",n/a,n/a,n/a,CAST_VFX,false,none,,NO_RUNTIME_ROLE,none,0,n/a,n/a,n/a,n/a,n/a,none,n/a,false,none,SkillTable visual fields + PlayerAttack/MonsterAttack/SkillEffect code,n/a,n/a,n/a,n/a,n/a,n/a,n/a,n/a
area_14,마가티아,002,m_mithril_mutae,미스릴 뮤테,s_mon_mithril_mutae,미스릴 외피,패시브,"normalized (0.5,0.5); no autocrop/recenter",n/a,n/a,n/a,PROJECTILE,false,none,,NO_RUNTIME_ROLE,none,0,n/a,n/a,n/a,n/a,n/a,none,n/a,false,none,SkillTable visual fields + PlayerAttack/MonsterAttack/SkillEffect code,n/a,n/a,n/a,n/a,n/a,n/a,n/a,n/a
area_14,마가티아,002,m_mithril_mutae,미스릴 뮤테,s_mon_mithril_mutae,미스릴 외피,패시브,"normalized (0.5,0.5); no autocrop/recenter",n/a,n/a,n/a,HIT_VFX,false,none,,NO_RUNTIME_ROLE,none,0,n/a,n/a,n/a,n/a,n/a,none,n/a,false,none; no dedicated hit/impact visual field or Spawn call in current common projectile path,PlayerAttack.ResolveThrowHit; MonsterAttack.ResolveThrowHit; SkillEffect has no hit asset argument,n/a,n/a,n/a,n/a,n/a,n/a,n/a,n/a
area_14,마가티아,002,m_mithril_mutae,미스릴 뮤테,s_mon_mithril_mutae,미스릴 외피,패시브,"normalized (0.5,0.5); no autocrop/recenter",n/a,n/a,n/a,PERSISTENT_BUFF_VFX,false,none,,NO_RUNTIME_ROLE,none,0,n/a,n/a,n/a,n/a,n/a,none,n/a,false,none; defense mechanics may persist but current visual is one-shot CAST only,MonsterAttack defense branch + SkillEffect.PlayCast; no persistent visual entity field,n/a,n/a,n/a,n/a,n/a,n/a,n/a,n/a
area_14,마가티아,002,m_mithril_mutae,미스릴 뮤테,s_mon_mithril_mutae,미스릴 외피,패시브,"normalized (0.5,0.5); no autocrop/recenter",n/a,n/a,n/a,REFERENCE_VFX,input_reference_only,reference source; not runtime field,INPUT design reference,NEW_ART,REFERENCE/002_m_mithril_mutae_s_mon_mithril_mutae_REFERENCE_F00.png..._REFERENCE_F05.png,6,256x256 RGBA,0.10,0.6000000000000001,preview-only non-loop,preview only; no engine motion/FlipX contract,none,preview/reference only; never auto-import as CAST,false,none,passive execution has no PlayCast; V2.2 REFERENCE_VFX scope,n/a,n/a,n/a,n/a,n/a,n/a,n/a,n/a
area_14,마가티아,003,m_homun,호문,s_mon_homun,플라스크 독무,액티브,"normalized (0.5,0.5); no autocrop/recenter",n/a,n/a,n/a,ICON,true,icon_ruid,thumbnail://8f0fb531779d41738664009091d7b017,NEW_ART,ICON/003_m_homun_s_mon_homun_ICON.png,1,256x256 RGBA,static,static,static,none,icon_ruid,n/a,ui,none,SkillTable.icon_ruid,n/a,n/a,n/a,n/a,n/a,n/a,n/a,n/a
area_14,마가티아,003,m_homun,호문,s_mon_homun,플라스크 독무,액티브,"normalized (0.5,0.5); no autocrop/recenter",n/a,n/a,n/a,CAST_VFX,true,layer_ruids,"L1:127defcb953144368b79da1417f8b4b4 animationclip/clip delay=0s duration=0.82s scale=0.9 offset=(0,0)wu drift=(0,0)wu/s",NEW_ART,CAST/003_m_homun_s_mon_homun_CAST_F00.png..._CAST_F07.png,8,384x384 RGBA,0.10,0.8,non-loop one-shot,SkillEffect applies FlipX for directional attacks; delayed layer samples caster position at SpawnLayer execution; map entity then applies drift,layer_ruids,ONE_TO_ONE_PRIMARY_CLIP,true,none,SkillTable layer/effect fields; SkillEffect.PlayCast/SpawnLayer,n/a,n/a,n/a,n/a,n/a,n/a,n/a,n/a
area_14,마가티아,003,m_homun,호문,s_mon_homun,플라스크 독무,액티브,"normalized (0.5,0.5); no autocrop/recenter",n/a,n/a,n/a,PROJECTILE,false,none,,NO_RUNTIME_ROLE,none,0,n/a,n/a,n/a,n/a,n/a,none,n/a,false,none,SkillTable visual fields + PlayerAttack/MonsterAttack/SkillEffect code,n/a,n/a,n/a,n/a,n/a,n/a,n/a,n/a
area_14,마가티아,003,m_homun,호문,s_mon_homun,플라스크 독무,액티브,"normalized (0.5,0.5); no autocrop/recenter",n/a,n/a,n/a,HIT_VFX,false,none,,NO_RUNTIME_ROLE,none,0,n/a,n/a,n/a,n/a,n/a,none,n/a,false,none; no dedicated hit/impact visual field or Spawn call in current common projectile path,PlayerAttack.ResolveThrowHit; MonsterAttack.ResolveThrowHit; SkillEffect has no hit asset argument,n/a,n/a,n/a,n/a,n/a,n/a,n/a,n/a
area_14,마가티아,003,m_homun,호문,s_mon_homun,플라스크 독무,액티브,"normalized (0.5,0.5); no autocrop/recenter",n/a,n/a,n/a,PERSISTENT_BUFF_VFX,false,none,,NO_RUNTIME_ROLE,none,0,n/a,n/a,n/a,n/a,n/a,none,n/a,false,none; defense mechanics may persist but current visual is one-shot CAST only,MonsterAttack defense branch + SkillEffect.PlayCast; no persistent visual entity field,n/a,n/a,n/a,n/a,n/a,n/a,n/a,n/a
area_14,마가티아,003,m_homun,호문,s_mon_homun,플라스크 독무,액티브,"normalized (0.5,0.5); no autocrop/recenter",n/a,n/a,n/a,REFERENCE_VFX,false,none,,NO_RUNTIME_ROLE,none,0,n/a,n/a,n/a,n/a,n/a,none,n/a,false,none,SkillTable visual fields + PlayerAttack/MonsterAttack/SkillEffect code,n/a,n/a,n/a,n/a,n/a,n/a,n/a,n/a
area_14,마가티아,004,m_roid,로이드,s_mon_roid,알카드노 에너지탄,액티브,"normalized (0.5,0.5); no autocrop/recenter",7,0.8,0.35,ICON,true,icon_ruid,thumbnail://364bc76e0cc3429ea8ca758319ec7678,NEW_ART,ICON/004_m_roid_s_mon_roid_ICON.png,1,256x256 RGBA,static,static,static,none,icon_ruid,n/a,ui,none,SkillTable.icon_ruid,n/a,n/a,n/a,n/a,n/a,n/a,n/a,n/a
area_14,마가티아,004,m_roid,로이드,s_mon_roid,알카드노 에너지탄,액티브,"normalized (0.5,0.5); no autocrop/recenter",7,0.8,0.35,CAST_VFX,true,layer_ruids,"L1:3ff44a80daba4bb4a903778e036f551d animationclip/clip delay=0.2s duration=0.72s scale=0.9 offset=(0,0)wu drift=(0,0)wu/s",NEW_ART,CAST/004_m_roid_s_mon_roid_CAST_F00.png..._CAST_F07.png,8,384x384 RGBA,0.10,0.8,non-loop one-shot,SkillEffect applies FlipX for directional attacks; delayed layer samples caster position at SpawnLayer execution; map entity then applies drift,layer_ruids,ONE_TO_ONE_PRIMARY_CLIP,true,none,SkillTable layer/effect fields; SkillEffect.PlayCast/SpawnLayer,n/a,n/a,n/a,n/a,n/a,n/a,n/a,n/a
area_14,마가티아,004,m_roid,로이드,s_mon_roid,알카드노 에너지탄,액티브,"normalized (0.5,0.5); no autocrop/recenter",7,0.8,0.35,PROJECTILE,true,projectile_ruid,e51545cbf94349f59f4431e2e76d2cdc,NEW_ART,PROJECTILE/004_m_roid_s_mon_roid_PROJECTILE_F00.png..._PROJECTILE_F03.png,4,384x384 RGBA,0.08,0.32,non-loop complete playback within 0.35s entity lifetime,art direction-neutral/local form only; engine translates caster+h to target+h and applies ZRotation; no PROJECTILE FlipX or travel-direction alignment,projectile_ruid,independent from CAST; do not merge,true,import must author AnimationClip non-loop at 0.08s/frame; Maker runtime not run,SkillTable.projectile_ruid; SkillEffect.mlua:149-194; SkillProjectile.mlua:39-81; GameBalance projectile_seconds=0.35,n/a,n/a,n/a,n/a,n/a,n/a,n/a,n/a
area_14,마가티아,004,m_roid,로이드,s_mon_roid,알카드노 에너지탄,액티브,"normalized (0.5,0.5); no autocrop/recenter",7,0.8,0.35,HIT_VFX,false,none,,NO_RUNTIME_ROLE,none,0,n/a,n/a,n/a,n/a,n/a,none,n/a,false,none; no dedicated hit/impact visual field or Spawn call in current common projectile path,PlayerAttack.ResolveThrowHit; MonsterAttack.ResolveThrowHit; SkillEffect has no hit asset argument,n/a,n/a,n/a,n/a,n/a,n/a,n/a,n/a
area_14,마가티아,004,m_roid,로이드,s_mon_roid,알카드노 에너지탄,액티브,"normalized (0.5,0.5); no autocrop/recenter",7,0.8,0.35,PERSISTENT_BUFF_VFX,false,none,,NO_RUNTIME_ROLE,none,0,n/a,n/a,n/a,n/a,n/a,none,n/a,false,none; defense mechanics may persist but current visual is one-shot CAST only,MonsterAttack defense branch + SkillEffect.PlayCast; no persistent visual entity field,n/a,n/a,n/a,n/a,n/a,n/a,n/a,n/a
area_14,마가티아,004,m_roid,로이드,s_mon_roid,알카드노 에너지탄,액티브,"normalized (0.5,0.5); no autocrop/recenter",7,0.8,0.35,REFERENCE_VFX,false,none,,NO_RUNTIME_ROLE,none,0,n/a,n/a,n/a,n/a,n/a,none,n/a,false,none,SkillTable visual fields + PlayerAttack/MonsterAttack/SkillEffect code,n/a,n/a,n/a,n/a,n/a,n/a,n/a,n/a
area_14,마가티아,005,m_chimera,키메라,s_mon_chimera,융합체의 산성 포격,액티브,"normalized (0.5,0.5); no autocrop/recenter",6.8,0.8,0.35,ICON,true,icon_ruid,thumbnail://3f5236d28b1f409797fe7c4b48743b8a,NEW_ART,ICON/005_m_chimera_s_mon_chimera_ICON.png,1,256x256 RGBA,static,static,static,none,icon_ruid,n/a,ui,none,SkillTable.icon_ruid,n/a,n/a,n/a,n/a,n/a,n/a,n/a,n/a
area_14,마가티아,005,m_chimera,키메라,s_mon_chimera,융합체의 산성 포격,액티브,"normalized (0.5,0.5); no autocrop/recenter",6.8,0.8,0.35,CAST_VFX,true,layer_ruids,"L1:127defcb953144368b79da1417f8b4b4 animationclip/clip delay=0.2s duration=0.8s scale=1.05 offset=(0,0)wu drift=(0,0)wu/s; L2:ec7b571a85244965b296d26e6511e06d animationclip/clip delay=0s duration=0.9s scale=0.85 offset=(0,0)wu drift=(0,0)wu/s",NEW_ART,CAST/005_m_chimera_s_mon_chimera_CAST_F00.png..._CAST_F11.png,12,512x512 RGBA,0.08,0.96,non-loop one-shot,SkillEffect applies FlipX for directional attacks; delayed layer samples caster position at SpawnLayer execution; map entity then applies drift,layer_ruids,COMPOSITE_BAKED_ONE_CLIP: preserve L1..Ln relative delay/offset/drift rhythm inside one accepted local-canvas clip; final layer metadata becomes one primary layer after approval,true,none,SkillTable layer/effect fields; SkillEffect.PlayCast/SpawnLayer,n/a,n/a,n/a,n/a,n/a,n/a,n/a,n/a
area_14,마가티아,005,m_chimera,키메라,s_mon_chimera,융합체의 산성 포격,액티브,"normalized (0.5,0.5); no autocrop/recenter",6.8,0.8,0.35,PROJECTILE,true,projectile_ruid,ab113d9a5ca5402d85ecc2ab7a4f51a1,NEW_ART,PROJECTILE/005_m_chimera_s_mon_chimera_PROJECTILE_F00.png..._PROJECTILE_F03.png,4,512x512 RGBA,0.08,0.32,non-loop complete playback within 0.35s entity lifetime,art direction-neutral/local form only; engine translates caster+h to target+h and applies ZRotation; no PROJECTILE FlipX or travel-direction alignment,projectile_ruid,independent from CAST; do not merge,true,import must author AnimationClip non-loop at 0.08s/frame; Maker runtime not run,SkillTable.projectile_ruid; SkillEffect.mlua:149-194; SkillProjectile.mlua:39-81; GameBalance projectile_seconds=0.35,n/a,n/a,n/a,n/a,n/a,n/a,n/a,n/a
area_14,마가티아,005,m_chimera,키메라,s_mon_chimera,융합체의 산성 포격,액티브,"normalized (0.5,0.5); no autocrop/recenter",6.8,0.8,0.35,HIT_VFX,false,none,,NO_RUNTIME_ROLE,none,0,n/a,n/a,n/a,n/a,n/a,none,n/a,false,none; no dedicated hit/impact visual field or Spawn call in current common projectile path,PlayerAttack.ResolveThrowHit; MonsterAttack.ResolveThrowHit; SkillEffect has no hit asset argument,n/a,n/a,n/a,n/a,n/a,n/a,n/a,n/a
area_14,마가티아,005,m_chimera,키메라,s_mon_chimera,융합체의 산성 포격,액티브,"normalized (0.5,0.5); no autocrop/recenter",6.8,0.8,0.35,PERSISTENT_BUFF_VFX,false,none,,NO_RUNTIME_ROLE,none,0,n/a,n/a,n/a,n/a,n/a,none,n/a,false,none; defense mechanics may persist but current visual is one-shot CAST only,MonsterAttack defense branch + SkillEffect.PlayCast; no persistent visual entity field,n/a,n/a,n/a,n/a,n/a,n/a,n/a,n/a
area_14,마가티아,005,m_chimera,키메라,s_mon_chimera,융합체의 산성 포격,액티브,"normalized (0.5,0.5); no autocrop/recenter",6.8,0.8,0.35,REFERENCE_VFX,false,none,,NO_RUNTIME_ROLE,none,0,n/a,n/a,n/a,n/a,n/a,none,n/a,false,none,SkillTable visual fields + PlayerAttack/MonsterAttack/SkillEffect code,n/a,n/a,n/a,n/a,n/a,n/a,n/a,n/a
area_15,무릉도원,001,m_straw_dummy,수련용 짚인형,s_mon_straw_dummy,짚단 균형감각,패시브,"normalized (0.5,0.5); no autocrop/recenter",n/a,n/a,n/a,ICON,true,icon_ruid,thumbnail://4b1d55e35ae9462b944297691025429a,NEW_ART,ICON/001_m_straw_dummy_s_mon_straw_dummy_ICON.png,1,256x256 RGBA,static,static,static,none,icon_ruid,n/a,ui,none,SkillTable.icon_ruid,n/a,n/a,n/a,n/a,n/a,n/a,n/a,n/a
area_15,무릉도원,001,m_straw_dummy,수련용 짚인형,s_mon_straw_dummy,짚단 균형감각,패시브,"normalized (0.5,0.5); no autocrop/recenter",n/a,n/a,n/a,CAST_VFX,false,none,,NO_RUNTIME_ROLE,none,0,n/a,n/a,n/a,n/a,n/a,none,n/a,false,none,SkillTable visual fields + PlayerAttack/MonsterAttack/SkillEffect code,n/a,n/a,n/a,n/a,n/a,n/a,n/a,n/a
area_15,무릉도원,001,m_straw_dummy,수련용 짚인형,s_mon_straw_dummy,짚단 균형감각,패시브,"normalized (0.5,0.5); no autocrop/recenter",n/a,n/a,n/a,PROJECTILE,false,none,,NO_RUNTIME_ROLE,none,0,n/a,n/a,n/a,n/a,n/a,none,n/a,false,none,SkillTable visual fields + PlayerAttack/MonsterAttack/SkillEffect code,n/a,n/a,n/a,n/a,n/a,n/a,n/a,n/a
area_15,무릉도원,001,m_straw_dummy,수련용 짚인형,s_mon_straw_dummy,짚단 균형감각,패시브,"normalized (0.5,0.5); no autocrop/recenter",n/a,n/a,n/a,HIT_VFX,false,none,,NO_RUNTIME_ROLE,none,0,n/a,n/a,n/a,n/a,n/a,none,n/a,false,none; no dedicated hit/impact visual field or Spawn call in current common projectile path,PlayerAttack.ResolveThrowHit; MonsterAttack.ResolveThrowHit; SkillEffect has no hit asset argument,n/a,n/a,n/a,n/a,n/a,n/a,n/a,n/a
area_15,무릉도원,001,m_straw_dummy,수련용 짚인형,s_mon_straw_dummy,짚단 균형감각,패시브,"normalized (0.5,0.5); no autocrop/recenter",n/a,n/a,n/a,PERSISTENT_BUFF_VFX,false,none,,NO_RUNTIME_ROLE,none,0,n/a,n/a,n/a,n/a,n/a,none,n/a,false,none; defense mechanics may persist but current visual is one-shot CAST only,MonsterAttack defense branch + SkillEffect.PlayCast; no persistent visual entity field,n/a,n/a,n/a,n/a,n/a,n/a,n/a,n/a
area_15,무릉도원,001,m_straw_dummy,수련용 짚인형,s_mon_straw_dummy,짚단 균형감각,패시브,"normalized (0.5,0.5); no autocrop/recenter",n/a,n/a,n/a,REFERENCE_VFX,input_reference_only,reference source; not runtime field,INPUT design reference,NEW_ART,REFERENCE/001_m_straw_dummy_s_mon_straw_dummy_REFERENCE_F00.png..._REFERENCE_F05.png,6,256x256 RGBA,0.10,0.6000000000000001,preview-only non-loop,preview only; no engine motion/FlipX contract,none,preview/reference only; never auto-import as CAST,false,none,passive execution has no PlayCast; V2.2 REFERENCE_VFX scope,n/a,n/a,n/a,n/a,n/a,n/a,n/a,n/a
area_15,무릉도원,002,m_wooden_dummy,수련용 나무인형,s_mon_wooden_dummy,목인 회전타,액티브,"normalized (0.5,0.5); no autocrop/recenter",n/a,n/a,n/a,ICON,true,icon_ruid,thumbnail://91ff481190624f0fa850c86c8d3bdbde,NEW_ART,ICON/002_m_wooden_dummy_s_mon_wooden_dummy_ICON.png,1,256x256 RGBA,static,static,static,none,icon_ruid,n/a,ui,none,SkillTable.icon_ruid,n/a,n/a,n/a,n/a,n/a,n/a,n/a,n/a
area_15,무릉도원,002,m_wooden_dummy,수련용 나무인형,s_mon_wooden_dummy,목인 회전타,액티브,"normalized (0.5,0.5); no autocrop/recenter",n/a,n/a,n/a,CAST_VFX,true,layer_ruids,"L1:1ad77c5bc77f4ee3a7b212d6394f0b13 animationclip/clip delay=0s duration=0.7s scale=0.9 offset=(0,0)wu drift=(0,0)wu/s; L2:7598c7485ce9483b8b1178386b7d8f73 animationclip/clip delay=0.22s duration=0.55s scale=1.05 offset=(0,0)wu drift=(0,0)wu/s",NEW_ART,CAST/002_m_wooden_dummy_s_mon_wooden_dummy_CAST_F00.png..._CAST_F07.png,8,384x384 RGBA,0.10,0.8,non-loop one-shot,SkillEffect applies FlipX for directional attacks; delayed layer samples caster position at SpawnLayer execution; map entity then applies drift,layer_ruids,COMPOSITE_BAKED_ONE_CLIP: preserve L1..Ln relative delay/offset/drift rhythm inside one accepted local-canvas clip; final layer metadata becomes one primary layer after approval,true,none,SkillTable layer/effect fields; SkillEffect.PlayCast/SpawnLayer,n/a,n/a,n/a,n/a,n/a,n/a,n/a,n/a
area_15,무릉도원,002,m_wooden_dummy,수련용 나무인형,s_mon_wooden_dummy,목인 회전타,액티브,"normalized (0.5,0.5); no autocrop/recenter",n/a,n/a,n/a,PROJECTILE,false,none,,NO_RUNTIME_ROLE,none,0,n/a,n/a,n/a,n/a,n/a,none,n/a,false,none,SkillTable visual fields + PlayerAttack/MonsterAttack/SkillEffect code,n/a,n/a,n/a,n/a,n/a,n/a,n/a,n/a
area_15,무릉도원,002,m_wooden_dummy,수련용 나무인형,s_mon_wooden_dummy,목인 회전타,액티브,"normalized (0.5,0.5); no autocrop/recenter",n/a,n/a,n/a,HIT_VFX,false,none,,NO_RUNTIME_ROLE,none,0,n/a,n/a,n/a,n/a,n/a,none,n/a,false,none; no dedicated hit/impact visual field or Spawn call in current common projectile path,PlayerAttack.ResolveThrowHit; MonsterAttack.ResolveThrowHit; SkillEffect has no hit asset argument,n/a,n/a,n/a,n/a,n/a,n/a,n/a,n/a
area_15,무릉도원,002,m_wooden_dummy,수련용 나무인형,s_mon_wooden_dummy,목인 회전타,액티브,"normalized (0.5,0.5); no autocrop/recenter",n/a,n/a,n/a,PERSISTENT_BUFF_VFX,false,none,,NO_RUNTIME_ROLE,none,0,n/a,n/a,n/a,n/a,n/a,none,n/a,false,none; defense mechanics may persist but current visual is one-shot CAST only,MonsterAttack defense branch + SkillEffect.PlayCast; no persistent visual entity field,n/a,n/a,n/a,n/a,n/a,n/a,n/a,n/a
area_15,무릉도원,002,m_wooden_dummy,수련용 나무인형,s_mon_wooden_dummy,목인 회전타,액티브,"normalized (0.5,0.5); no autocrop/recenter",n/a,n/a,n/a,REFERENCE_VFX,false,none,,NO_RUNTIME_ROLE,none,0,n/a,n/a,n/a,n/a,n/a,none,n/a,false,none,SkillTable visual fields + PlayerAttack/MonsterAttack/SkillEffect code,n/a,n/a,n/a,n/a,n/a,n/a,n/a,n/a
area_15,무릉도원,003,m_peach_monkey,원공,s_mon_peach_monkey,천도 투척,액티브,"normalized (0.5,0.5); no autocrop/recenter",7,0.8,0.35,ICON,true,icon_ruid,thumbnail://15e255981ed54cf092a136b1526aa055,NEW_ART,ICON/003_m_peach_monkey_s_mon_peach_monkey_ICON.png,1,256x256 RGBA,static,static,static,none,icon_ruid,n/a,ui,none,SkillTable.icon_ruid,n/a,n/a,n/a,n/a,n/a,n/a,n/a,n/a
area_15,무릉도원,003,m_peach_monkey,원공,s_mon_peach_monkey,천도 투척,액티브,"normalized (0.5,0.5); no autocrop/recenter",7,0.8,0.35,CAST_VFX,true,layer_ruids,"L1:b22bb4955588482cbe450b97cff20c19 animationclip/clip delay=0s duration=0.65s scale=1 offset=(0,0)wu drift=(0,0)wu/s",NEW_ART,CAST/003_m_peach_monkey_s_mon_peach_monkey_CAST_F00.png..._CAST_F07.png,8,384x384 RGBA,0.10,0.8,non-loop one-shot,SkillEffect applies FlipX for directional attacks; delayed layer samples caster position at SpawnLayer execution; map entity then applies drift,layer_ruids,ONE_TO_ONE_PRIMARY_CLIP,true,none,SkillTable layer/effect fields; SkillEffect.PlayCast/SpawnLayer,n/a,n/a,n/a,n/a,n/a,n/a,n/a,n/a
area_15,무릉도원,003,m_peach_monkey,원공,s_mon_peach_monkey,천도 투척,액티브,"normalized (0.5,0.5); no autocrop/recenter",7,0.8,0.35,PROJECTILE,true,projectile_ruid,9ca14ee512b1489cbb54b2b9833388cd,NEW_ART,PROJECTILE/003_m_peach_monkey_s_mon_peach_monkey_PROJECTILE_F00.png..._PROJECTILE_F03.png,4,384x384 RGBA,0.08,0.32,non-loop complete playback within 0.35s entity lifetime,art direction-neutral/local form only; engine translates caster+h to target+h and applies ZRotation; no PROJECTILE FlipX or travel-direction alignment,projectile_ruid,independent from CAST; do not merge,true,import must author AnimationClip non-loop at 0.08s/frame; Maker runtime not run,SkillTable.projectile_ruid; SkillEffect.mlua:149-194; SkillProjectile.mlua:39-81; GameBalance projectile_seconds=0.35,n/a,n/a,n/a,n/a,n/a,n/a,n/a,n/a
area_15,무릉도원,003,m_peach_monkey,원공,s_mon_peach_monkey,천도 투척,액티브,"normalized (0.5,0.5); no autocrop/recenter",7,0.8,0.35,HIT_VFX,false,none,,NO_RUNTIME_ROLE,none,0,n/a,n/a,n/a,n/a,n/a,none,n/a,false,none; no dedicated hit/impact visual field or Spawn call in current common projectile path,PlayerAttack.ResolveThrowHit; MonsterAttack.ResolveThrowHit; SkillEffect has no hit asset argument,n/a,n/a,n/a,n/a,n/a,n/a,n/a,n/a
area_15,무릉도원,003,m_peach_monkey,원공,s_mon_peach_monkey,천도 투척,액티브,"normalized (0.5,0.5); no autocrop/recenter",7,0.8,0.35,PERSISTENT_BUFF_VFX,false,none,,NO_RUNTIME_ROLE,none,0,n/a,n/a,n/a,n/a,n/a,none,n/a,false,none; defense mechanics may persist but current visual is one-shot CAST only,MonsterAttack defense branch + SkillEffect.PlayCast; no persistent visual entity field,n/a,n/a,n/a,n/a,n/a,n/a,n/a,n/a
area_15,무릉도원,003,m_peach_monkey,원공,s_mon_peach_monkey,천도 투척,액티브,"normalized (0.5,0.5); no autocrop/recenter",7,0.8,0.35,REFERENCE_VFX,false,none,,NO_RUNTIME_ROLE,none,0,n/a,n/a,n/a,n/a,n/a,none,n/a,false,none,SkillTable visual fields + PlayerAttack/MonsterAttack/SkillEffect code,n/a,n/a,n/a,n/a,n/a,n/a,n/a,n/a
area_15,무릉도원,004,m_blue_flower_serpent,청화사,s_mon_blue_flower_serpent,청화 비늘,패시브,"normalized (0.5,0.5); no autocrop/recenter",n/a,n/a,n/a,ICON,true,icon_ruid,thumbnail://75dc3d98cc1243298dca02fd708bcb34,NEW_ART,ICON/004_m_blue_flower_serpent_s_mon_blue_flower_serpent_ICON.png,1,256x256 RGBA,static,static,static,none,icon_ruid,n/a,ui,none,SkillTable.icon_ruid,n/a,n/a,n/a,n/a,n/a,n/a,n/a,n/a
area_15,무릉도원,004,m_blue_flower_serpent,청화사,s_mon_blue_flower_serpent,청화 비늘,패시브,"normalized (0.5,0.5); no autocrop/recenter",n/a,n/a,n/a,CAST_VFX,false,none,,NO_RUNTIME_ROLE,none,0,n/a,n/a,n/a,n/a,n/a,none,n/a,false,none,SkillTable visual fields + PlayerAttack/MonsterAttack/SkillEffect code,n/a,n/a,n/a,n/a,n/a,n/a,n/a,n/a
area_15,무릉도원,004,m_blue_flower_serpent,청화사,s_mon_blue_flower_serpent,청화 비늘,패시브,"normalized (0.5,0.5); no autocrop/recenter",n/a,n/a,n/a,PROJECTILE,false,none,,NO_RUNTIME_ROLE,none,0,n/a,n/a,n/a,n/a,n/a,none,n/a,false,none,SkillTable visual fields + PlayerAttack/MonsterAttack/SkillEffect code,n/a,n/a,n/a,n/a,n/a,n/a,n/a,n/a
area_15,무릉도원,004,m_blue_flower_serpent,청화사,s_mon_blue_flower_serpent,청화 비늘,패시브,"normalized (0.5,0.5); no autocrop/recenter",n/a,n/a,n/a,HIT_VFX,false,none,,NO_RUNTIME_ROLE,none,0,n/a,n/a,n/a,n/a,n/a,none,n/a,false,none; no dedicated hit/impact visual field or Spawn call in current common projectile path,PlayerAttack.ResolveThrowHit; MonsterAttack.ResolveThrowHit; SkillEffect has no hit asset argument,n/a,n/a,n/a,n/a,n/a,n/a,n/a,n/a
area_15,무릉도원,004,m_blue_flower_serpent,청화사,s_mon_blue_flower_serpent,청화 비늘,패시브,"normalized (0.5,0.5); no autocrop/recenter",n/a,n/a,n/a,PERSISTENT_BUFF_VFX,false,none,,NO_RUNTIME_ROLE,none,0,n/a,n/a,n/a,n/a,n/a,none,n/a,false,none; defense mechanics may persist but current visual is one-shot CAST only,MonsterAttack defense branch + SkillEffect.PlayCast; no persistent visual entity field,n/a,n/a,n/a,n/a,n/a,n/a,n/a,n/a
area_15,무릉도원,004,m_blue_flower_serpent,청화사,s_mon_blue_flower_serpent,청화 비늘,패시브,"normalized (0.5,0.5); no autocrop/recenter",n/a,n/a,n/a,REFERENCE_VFX,input_reference_only,reference source; not runtime field,INPUT design reference,NEW_ART,REFERENCE/004_m_blue_flower_serpent_s_mon_blue_flower_serpent_REFERENCE_F00.png..._REFERENCE_F05.png,6,256x256 RGBA,0.10,0.6000000000000001,preview-only non-loop,preview only; no engine motion/FlipX contract,none,preview/reference only; never auto-import as CAST,false,none,passive execution has no PlayCast; V2.2 REFERENCE_VFX scope,n/a,n/a,n/a,n/a,n/a,n/a,n/a,n/a
area_15,무릉도원,005,m_tae_roon,태륜,s_mon_tae_roon,태륜의 쌍권풍,액티브,"normalized (0.5,0.5); no autocrop/recenter",6.6,0.8,0.35,ICON,true,icon_ruid,thumbnail://0e1e782401624d7693959777c0b16ebe,NEW_ART,ICON/005_m_tae_roon_s_mon_tae_roon_ICON.png,1,256x256 RGBA,static,static,static,none,icon_ruid,n/a,ui,none,SkillTable.icon_ruid,n/a,n/a,n/a,n/a,n/a,n/a,n/a,n/a
area_15,무릉도원,005,m_tae_roon,태륜,s_mon_tae_roon,태륜의 쌍권풍,액티브,"normalized (0.5,0.5); no autocrop/recenter",6.6,0.8,0.35,CAST_VFX,true,layer_ruids,"L1:353079a9d111455ab55d75577f9d7967 animationclip/clip delay=0s duration=0.75s scale=1.05 offset=(0,0)wu drift=(0,0)wu/s; L2:8e38989c6f3d4f87876d37e431ee11c1 animationclip/clip delay=0.2s duration=0.85s scale=1.1 offset=(0,0)wu drift=(0,0)wu/s",NEW_ART,CAST/005_m_tae_roon_s_mon_tae_roon_CAST_F00.png..._CAST_F11.png,12,512x512 RGBA,0.08,0.96,non-loop one-shot,SkillEffect applies FlipX for directional attacks; delayed layer samples caster position at SpawnLayer execution; map entity then applies drift,layer_ruids,COMPOSITE_BAKED_ONE_CLIP: preserve L1..Ln relative delay/offset/drift rhythm inside one accepted local-canvas clip; final layer metadata becomes one primary layer after approval,true,none,SkillTable layer/effect fields; SkillEffect.PlayCast/SpawnLayer,n/a,n/a,n/a,n/a,n/a,n/a,n/a,n/a
area_15,무릉도원,005,m_tae_roon,태륜,s_mon_tae_roon,태륜의 쌍권풍,액티브,"normalized (0.5,0.5); no autocrop/recenter",6.6,0.8,0.35,PROJECTILE,true,projectile_ruid,5328a3875a32437784c949579f259a00,NEW_ART,PROJECTILE/005_m_tae_roon_s_mon_tae_roon_PROJECTILE_F00.png..._PROJECTILE_F03.png,4,512x512 RGBA,0.08,0.32,non-loop complete playback within 0.35s entity lifetime,art direction-neutral/local form only; engine translates caster+h to target+h and applies ZRotation; no PROJECTILE FlipX or travel-direction alignment,projectile_ruid,independent from CAST; do not merge,true,import must author AnimationClip non-loop at 0.08s/frame; Maker runtime not run,SkillTable.projectile_ruid; SkillEffect.mlua:149-194; SkillProjectile.mlua:39-81; GameBalance projectile_seconds=0.35,n/a,n/a,n/a,n/a,n/a,n/a,n/a,n/a
area_15,무릉도원,005,m_tae_roon,태륜,s_mon_tae_roon,태륜의 쌍권풍,액티브,"normalized (0.5,0.5); no autocrop/recenter",6.6,0.8,0.35,HIT_VFX,false,none,,NO_RUNTIME_ROLE,none,0,n/a,n/a,n/a,n/a,n/a,none,n/a,false,none; no dedicated hit/impact visual field or Spawn call in current common projectile path,PlayerAttack.ResolveThrowHit; MonsterAttack.ResolveThrowHit; SkillEffect has no hit asset argument,n/a,n/a,n/a,n/a,n/a,n/a,n/a,n/a
area_15,무릉도원,005,m_tae_roon,태륜,s_mon_tae_roon,태륜의 쌍권풍,액티브,"normalized (0.5,0.5); no autocrop/recenter",6.6,0.8,0.35,PERSISTENT_BUFF_VFX,false,none,,NO_RUNTIME_ROLE,none,0,n/a,n/a,n/a,n/a,n/a,none,n/a,false,none; defense mechanics may persist but current visual is one-shot CAST only,MonsterAttack defense branch + SkillEffect.PlayCast; no persistent visual entity field,n/a,n/a,n/a,n/a,n/a,n/a,n/a,n/a
area_15,무릉도원,005,m_tae_roon,태륜,s_mon_tae_roon,태륜의 쌍권풍,액티브,"normalized (0.5,0.5); no autocrop/recenter",6.6,0.8,0.35,REFERENCE_VFX,false,none,,NO_RUNTIME_ROLE,none,0,n/a,n/a,n/a,n/a,n/a,none,n/a,false,none,SkillTable visual fields + PlayerAttack/MonsterAttack/SkillEffect code,n/a,n/a,n/a,n/a,n/a,n/a,n/a,n/a
area_16,미나르숲,001,m_harp,하프,s_mon_harp,하늘 둥지의 날갯결,패시브,"normalized (0.5,0.5); no autocrop/recenter",n/a,n/a,n/a,ICON,true,icon_ruid,thumbnail://96bd8dd2077844d1a0e5ce6b956d94ef,NEW_ART,ICON/001_m_harp_s_mon_harp_ICON.png,1,256x256 RGBA,static,static,static,none,icon_ruid,n/a,ui,none,SkillTable.icon_ruid,n/a,n/a,n/a,n/a,n/a,n/a,n/a,n/a
area_16,미나르숲,001,m_harp,하프,s_mon_harp,하늘 둥지의 날갯결,패시브,"normalized (0.5,0.5); no autocrop/recenter",n/a,n/a,n/a,CAST_VFX,false,none,,NO_RUNTIME_ROLE,none,0,n/a,n/a,n/a,n/a,n/a,none,n/a,false,none,SkillTable visual fields + PlayerAttack/MonsterAttack/SkillEffect code,n/a,n/a,n/a,n/a,n/a,n/a,n/a,n/a
area_16,미나르숲,001,m_harp,하프,s_mon_harp,하늘 둥지의 날갯결,패시브,"normalized (0.5,0.5); no autocrop/recenter",n/a,n/a,n/a,PROJECTILE,false,none,,NO_RUNTIME_ROLE,none,0,n/a,n/a,n/a,n/a,n/a,none,n/a,false,none,SkillTable visual fields + PlayerAttack/MonsterAttack/SkillEffect code,n/a,n/a,n/a,n/a,n/a,n/a,n/a,n/a
area_16,미나르숲,001,m_harp,하프,s_mon_harp,하늘 둥지의 날갯결,패시브,"normalized (0.5,0.5); no autocrop/recenter",n/a,n/a,n/a,HIT_VFX,false,none,,NO_RUNTIME_ROLE,none,0,n/a,n/a,n/a,n/a,n/a,none,n/a,false,none; no dedicated hit/impact visual field or Spawn call in current common projectile path,PlayerAttack.ResolveThrowHit; MonsterAttack.ResolveThrowHit; SkillEffect has no hit asset argument,n/a,n/a,n/a,n/a,n/a,n/a,n/a,n/a
area_16,미나르숲,001,m_harp,하프,s_mon_harp,하늘 둥지의 날갯결,패시브,"normalized (0.5,0.5); no autocrop/recenter",n/a,n/a,n/a,PERSISTENT_BUFF_VFX,false,none,,NO_RUNTIME_ROLE,none,0,n/a,n/a,n/a,n/a,n/a,none,n/a,false,none; defense mechanics may persist but current visual is one-shot CAST only,MonsterAttack defense branch + SkillEffect.PlayCast; no persistent visual entity field,n/a,n/a,n/a,n/a,n/a,n/a,n/a,n/a
area_16,미나르숲,001,m_harp,하프,s_mon_harp,하늘 둥지의 날갯결,패시브,"normalized (0.5,0.5); no autocrop/recenter",n/a,n/a,n/a,REFERENCE_VFX,input_reference_only,reference source; not runtime field,INPUT design reference,NEW_ART,REFERENCE/001_m_harp_s_mon_harp_REFERENCE_F00.png..._REFERENCE_F05.png,6,256x256 RGBA,0.10,0.6000000000000001,preview-only non-loop,preview only; no engine motion/FlipX contract,none,preview/reference only; never auto-import as CAST,false,none,passive execution has no PlayCast; V2.2 REFERENCE_VFX scope,n/a,n/a,n/a,n/a,n/a,n/a,n/a,n/a
area_16,미나르숲,002,m_blood_harp,블러드 하프,s_mon_blood_harp,핏빛 깃울림,액티브,"normalized (0.5,0.5); no autocrop/recenter",n/a,n/a,n/a,ICON,true,icon_ruid,thumbnail://8c2ec5bf58894061a19479ed7545637b,NEW_ART,ICON/002_m_blood_harp_s_mon_blood_harp_ICON.png,1,256x256 RGBA,static,static,static,none,icon_ruid,n/a,ui,none,SkillTable.icon_ruid,n/a,n/a,n/a,n/a,n/a,n/a,n/a,n/a
area_16,미나르숲,002,m_blood_harp,블러드 하프,s_mon_blood_harp,핏빛 깃울림,액티브,"normalized (0.5,0.5); no autocrop/recenter",n/a,n/a,n/a,CAST_VFX,true,layer_ruids,"L1:1f2bdb3b15a145ea8f3db3fbfb61296b animationclip/clip delay=0s duration=0.68s scale=.95 offset=(0,0)wu drift=(0,0)wu/s; L2:518e72a0592d48b3b3e451be46a4f39e animationclip/clip delay=0.18s duration=0.78s scale=1.05 offset=(0,0)wu drift=(0,0)wu/s",NEW_ART,CAST/002_m_blood_harp_s_mon_blood_harp_CAST_F00.png..._CAST_F07.png,8,384x384 RGBA,0.10,0.8,non-loop one-shot,SkillEffect applies FlipX for directional attacks; delayed layer samples caster position at SpawnLayer execution; map entity then applies drift,layer_ruids,COMPOSITE_BAKED_ONE_CLIP: preserve L1..Ln relative delay/offset/drift rhythm inside one accepted local-canvas clip; final layer metadata becomes one primary layer after approval,true,none,SkillTable layer/effect fields; SkillEffect.PlayCast/SpawnLayer,n/a,n/a,n/a,n/a,n/a,n/a,n/a,n/a
area_16,미나르숲,002,m_blood_harp,블러드 하프,s_mon_blood_harp,핏빛 깃울림,액티브,"normalized (0.5,0.5); no autocrop/recenter",n/a,n/a,n/a,PROJECTILE,false,none,,NO_RUNTIME_ROLE,none,0,n/a,n/a,n/a,n/a,n/a,none,n/a,false,none,SkillTable visual fields + PlayerAttack/MonsterAttack/SkillEffect code,n/a,n/a,n/a,n/a,n/a,n/a,n/a,n/a
area_16,미나르숲,002,m_blood_harp,블러드 하프,s_mon_blood_harp,핏빛 깃울림,액티브,"normalized (0.5,0.5); no autocrop/recenter",n/a,n/a,n/a,HIT_VFX,false,none,,NO_RUNTIME_ROLE,none,0,n/a,n/a,n/a,n/a,n/a,none,n/a,false,none; no dedicated hit/impact visual field or Spawn call in current common projectile path,PlayerAttack.ResolveThrowHit; MonsterAttack.ResolveThrowHit; SkillEffect has no hit asset argument,n/a,n/a,n/a,n/a,n/a,n/a,n/a,n/a
area_16,미나르숲,002,m_blood_harp,블러드 하프,s_mon_blood_harp,핏빛 깃울림,액티브,"normalized (0.5,0.5); no autocrop/recenter",n/a,n/a,n/a,PERSISTENT_BUFF_VFX,false,none,,NO_RUNTIME_ROLE,none,0,n/a,n/a,n/a,n/a,n/a,none,n/a,false,none; defense mechanics may persist but current visual is one-shot CAST only,MonsterAttack defense branch + SkillEffect.PlayCast; no persistent visual entity field,n/a,n/a,n/a,n/a,n/a,n/a,n/a,n/a
area_16,미나르숲,002,m_blood_harp,블러드 하프,s_mon_blood_harp,핏빛 깃울림,액티브,"normalized (0.5,0.5); no autocrop/recenter",n/a,n/a,n/a,REFERENCE_VFX,false,none,,NO_RUNTIME_ROLE,none,0,n/a,n/a,n/a,n/a,n/a,none,n/a,false,none,SkillTable visual fields + PlayerAttack/MonsterAttack/SkillEffect code,n/a,n/a,n/a,n/a,n/a,n/a,n/a,n/a
area_16,미나르숲,003,m_blue_wyvern,블루 와이번,s_mon_blue_wyvern,빙룡 숨결,액티브,"normalized (0.5,0.5); no autocrop/recenter",n/a,n/a,n/a,ICON,true,icon_ruid,thumbnail://07bc82953fca4677bc00f74680ec337b,NEW_ART,ICON/003_m_blue_wyvern_s_mon_blue_wyvern_ICON.png,1,256x256 RGBA,static,static,static,none,icon_ruid,n/a,ui,none,SkillTable.icon_ruid,n/a,n/a,n/a,n/a,n/a,n/a,n/a,n/a
area_16,미나르숲,003,m_blue_wyvern,블루 와이번,s_mon_blue_wyvern,빙룡 숨결,액티브,"normalized (0.5,0.5); no autocrop/recenter",n/a,n/a,n/a,CAST_VFX,true,layer_ruids,"L1:01663ed8b2a94562956e8029a79c03b5 animationclip/clip delay=0s duration=0.72s scale=1 offset=(0,0)wu drift=(0,0)wu/s; L2:1215ca4153664cb18a207cddcc5ab22c animationclip/clip delay=0.2s duration=0.82s scale=1.05 offset=(0,0)wu drift=(0,0)wu/s",NEW_ART,CAST/003_m_blue_wyvern_s_mon_blue_wyvern_CAST_F00.png..._CAST_F07.png,8,384x384 RGBA,0.10,0.8,non-loop one-shot,SkillEffect applies FlipX for directional attacks; delayed layer samples caster position at SpawnLayer execution; map entity then applies drift,layer_ruids,COMPOSITE_BAKED_ONE_CLIP: preserve L1..Ln relative delay/offset/drift rhythm inside one accepted local-canvas clip; final layer metadata becomes one primary layer after approval,true,none,SkillTable layer/effect fields; SkillEffect.PlayCast/SpawnLayer,n/a,n/a,n/a,n/a,n/a,n/a,n/a,n/a
area_16,미나르숲,003,m_blue_wyvern,블루 와이번,s_mon_blue_wyvern,빙룡 숨결,액티브,"normalized (0.5,0.5); no autocrop/recenter",n/a,n/a,n/a,PROJECTILE,false,none,,NO_RUNTIME_ROLE,none,0,n/a,n/a,n/a,n/a,n/a,none,n/a,false,none,SkillTable visual fields + PlayerAttack/MonsterAttack/SkillEffect code,n/a,n/a,n/a,n/a,n/a,n/a,n/a,n/a
area_16,미나르숲,003,m_blue_wyvern,블루 와이번,s_mon_blue_wyvern,빙룡 숨결,액티브,"normalized (0.5,0.5); no autocrop/recenter",n/a,n/a,n/a,HIT_VFX,false,none,,NO_RUNTIME_ROLE,none,0,n/a,n/a,n/a,n/a,n/a,none,n/a,false,none; no dedicated hit/impact visual field or Spawn call in current common projectile path,PlayerAttack.ResolveThrowHit; MonsterAttack.ResolveThrowHit; SkillEffect has no hit asset argument,n/a,n/a,n/a,n/a,n/a,n/a,n/a,n/a
area_16,미나르숲,003,m_blue_wyvern,블루 와이번,s_mon_blue_wyvern,빙룡 숨결,액티브,"normalized (0.5,0.5); no autocrop/recenter",n/a,n/a,n/a,PERSISTENT_BUFF_VFX,false,none,,NO_RUNTIME_ROLE,none,0,n/a,n/a,n/a,n/a,n/a,none,n/a,false,none; defense mechanics may persist but current visual is one-shot CAST only,MonsterAttack defense branch + SkillEffect.PlayCast; no persistent visual entity field,n/a,n/a,n/a,n/a,n/a,n/a,n/a,n/a
area_16,미나르숲,003,m_blue_wyvern,블루 와이번,s_mon_blue_wyvern,빙룡 숨결,액티브,"normalized (0.5,0.5); no autocrop/recenter",n/a,n/a,n/a,REFERENCE_VFX,false,none,,NO_RUNTIME_ROLE,none,0,n/a,n/a,n/a,n/a,n/a,none,n/a,false,none,SkillTable visual fields + PlayerAttack/MonsterAttack/SkillEffect code,n/a,n/a,n/a,n/a,n/a,n/a,n/a,n/a
area_16,미나르숲,004,m_dark_wyvern,다크 와이번,s_mon_dark_wyvern,검은 비늘의 근력,패시브,"normalized (0.5,0.5); no autocrop/recenter",n/a,n/a,n/a,ICON,true,icon_ruid,thumbnail://2d932a6e7989426a9856fb5fc2d0e59f,NEW_ART,ICON/004_m_dark_wyvern_s_mon_dark_wyvern_ICON.png,1,256x256 RGBA,static,static,static,none,icon_ruid,n/a,ui,none,SkillTable.icon_ruid,n/a,n/a,n/a,n/a,n/a,n/a,n/a,n/a
area_16,미나르숲,004,m_dark_wyvern,다크 와이번,s_mon_dark_wyvern,검은 비늘의 근력,패시브,"normalized (0.5,0.5); no autocrop/recenter",n/a,n/a,n/a,CAST_VFX,false,none,,NO_RUNTIME_ROLE,none,0,n/a,n/a,n/a,n/a,n/a,none,n/a,false,none,SkillTable visual fields + PlayerAttack/MonsterAttack/SkillEffect code,n/a,n/a,n/a,n/a,n/a,n/a,n/a,n/a
area_16,미나르숲,004,m_dark_wyvern,다크 와이번,s_mon_dark_wyvern,검은 비늘의 근력,패시브,"normalized (0.5,0.5); no autocrop/recenter",n/a,n/a,n/a,PROJECTILE,false,none,,NO_RUNTIME_ROLE,none,0,n/a,n/a,n/a,n/a,n/a,none,n/a,false,none,SkillTable visual fields + PlayerAttack/MonsterAttack/SkillEffect code,n/a,n/a,n/a,n/a,n/a,n/a,n/a,n/a
area_16,미나르숲,004,m_dark_wyvern,다크 와이번,s_mon_dark_wyvern,검은 비늘의 근력,패시브,"normalized (0.5,0.5); no autocrop/recenter",n/a,n/a,n/a,HIT_VFX,false,none,,NO_RUNTIME_ROLE,none,0,n/a,n/a,n/a,n/a,n/a,none,n/a,false,none; no dedicated hit/impact visual field or Spawn call in current common projectile path,PlayerAttack.ResolveThrowHit; MonsterAttack.ResolveThrowHit; SkillEffect has no hit asset argument,n/a,n/a,n/a,n/a,n/a,n/a,n/a,n/a
area_16,미나르숲,004,m_dark_wyvern,다크 와이번,s_mon_dark_wyvern,검은 비늘의 근력,패시브,"normalized (0.5,0.5); no autocrop/recenter",n/a,n/a,n/a,PERSISTENT_BUFF_VFX,false,none,,NO_RUNTIME_ROLE,none,0,n/a,n/a,n/a,n/a,n/a,none,n/a,false,none; defense mechanics may persist but current visual is one-shot CAST only,MonsterAttack defense branch + SkillEffect.PlayCast; no persistent visual entity field,n/a,n/a,n/a,n/a,n/a,n/a,n/a,n/a
area_16,미나르숲,004,m_dark_wyvern,다크 와이번,s_mon_dark_wyvern,검은 비늘의 근력,패시브,"normalized (0.5,0.5); no autocrop/recenter",n/a,n/a,n/a,REFERENCE_VFX,input_reference_only,reference source; not runtime field,INPUT design reference,NEW_ART,REFERENCE/004_m_dark_wyvern_s_mon_dark_wyvern_REFERENCE_F00.png..._REFERENCE_F05.png,6,256x256 RGBA,0.10,0.6000000000000001,preview-only non-loop,preview only; no engine motion/FlipX contract,none,preview/reference only; never auto-import as CAST,false,none,passive execution has no PlayCast; V2.2 REFERENCE_VFX scope,n/a,n/a,n/a,n/a,n/a,n/a,n/a,n/a
area_16,미나르숲,005,m_manon,마뇽,s_mon_manon,마뇽의 용화염,액티브,"normalized (0.5,0.5); no autocrop/recenter",n/a,n/a,n/a,ICON,true,icon_ruid,thumbnail://b8cdd7920392456f99272649c7cb7c2d,NEW_ART,ICON/005_m_manon_s_mon_manon_ICON.png,1,256x256 RGBA,static,static,static,none,icon_ruid,n/a,ui,none,SkillTable.icon_ruid,n/a,n/a,n/a,n/a,n/a,n/a,n/a,n/a
area_16,미나르숲,005,m_manon,마뇽,s_mon_manon,마뇽의 용화염,액티브,"normalized (0.5,0.5); no autocrop/recenter",n/a,n/a,n/a,CAST_VFX,true,layer_ruids,"L1:5ac6554c0ea94009bbd9389df0542339 animationclip/clip delay=0s duration=.72s scale=1 offset=(0,0)wu drift=(0,0)wu/s; L2:b6b5849af24a416ab1680a1dced9697f animationclip/clip delay=0.17s duration=.76s scale=1.08 offset=(0,0)wu drift=(0,0)wu/s; L3:128fe611ea9347aab589c5b5d4d8fc5b animationclip/clip delay=0.34s duration=.82s scale=1.16 offset=(0,0)wu drift=(0,0)wu/s",NEW_ART,CAST/005_m_manon_s_mon_manon_CAST_F00.png..._CAST_F11.png,12,512x512 RGBA,0.08,0.96,non-loop one-shot,SkillEffect applies FlipX for directional attacks; delayed layer samples caster position at SpawnLayer execution; map entity then applies drift,layer_ruids,COMPOSITE_BAKED_ONE_CLIP: preserve L1..Ln relative delay/offset/drift rhythm inside one accepted local-canvas clip; final layer metadata becomes one primary layer after approval,true,none,SkillTable layer/effect fields; SkillEffect.PlayCast/SpawnLayer,n/a,n/a,n/a,n/a,n/a,n/a,n/a,n/a
area_16,미나르숲,005,m_manon,마뇽,s_mon_manon,마뇽의 용화염,액티브,"normalized (0.5,0.5); no autocrop/recenter",n/a,n/a,n/a,PROJECTILE,false,none,,NO_RUNTIME_ROLE,none,0,n/a,n/a,n/a,n/a,n/a,none,n/a,false,none,SkillTable visual fields + PlayerAttack/MonsterAttack/SkillEffect code,n/a,n/a,n/a,n/a,n/a,n/a,n/a,n/a
area_16,미나르숲,005,m_manon,마뇽,s_mon_manon,마뇽의 용화염,액티브,"normalized (0.5,0.5); no autocrop/recenter",n/a,n/a,n/a,HIT_VFX,false,none,,NO_RUNTIME_ROLE,none,0,n/a,n/a,n/a,n/a,n/a,none,n/a,false,none; no dedicated hit/impact visual field or Spawn call in current common projectile path,PlayerAttack.ResolveThrowHit; MonsterAttack.ResolveThrowHit; SkillEffect has no hit asset argument,n/a,n/a,n/a,n/a,n/a,n/a,n/a,n/a
area_16,미나르숲,005,m_manon,마뇽,s_mon_manon,마뇽의 용화염,액티브,"normalized (0.5,0.5); no autocrop/recenter",n/a,n/a,n/a,PERSISTENT_BUFF_VFX,false,none,,NO_RUNTIME_ROLE,none,0,n/a,n/a,n/a,n/a,n/a,none,n/a,false,none; defense mechanics may persist but current visual is one-shot CAST only,MonsterAttack defense branch + SkillEffect.PlayCast; no persistent visual entity field,n/a,n/a,n/a,n/a,n/a,n/a,n/a,n/a
area_16,미나르숲,005,m_manon,마뇽,s_mon_manon,마뇽의 용화염,액티브,"normalized (0.5,0.5); no autocrop/recenter",n/a,n/a,n/a,REFERENCE_VFX,false,none,,NO_RUNTIME_ROLE,none,0,n/a,n/a,n/a,n/a,n/a,none,n/a,false,none,SkillTable visual fields + PlayerAttack/MonsterAttack/SkillEffect code,n/a,n/a,n/a,n/a,n/a,n/a,n/a,n/a
area_17,시간의 신전,001,m_memory_monk,추억의 사제,s_mon_memory_monk,추억의 묵상,패시브,"normalized (0.5,0.5); no autocrop/recenter",n/a,n/a,n/a,ICON,true,icon_ruid,thumbnail://36ff7a667243465caef855b4fb7b9f84,NEW_ART,ICON/001_m_memory_monk_s_mon_memory_monk_ICON.png,1,256x256 RGBA,static,static,static,none,icon_ruid,n/a,ui,none,SkillTable.icon_ruid,n/a,n/a,n/a,n/a,n/a,n/a,n/a,n/a
area_17,시간의 신전,001,m_memory_monk,추억의 사제,s_mon_memory_monk,추억의 묵상,패시브,"normalized (0.5,0.5); no autocrop/recenter",n/a,n/a,n/a,CAST_VFX,false,none,,NO_RUNTIME_ROLE,none,0,n/a,n/a,n/a,n/a,n/a,none,n/a,false,none,SkillTable visual fields + PlayerAttack/MonsterAttack/SkillEffect code,n/a,n/a,n/a,n/a,n/a,n/a,n/a,n/a
area_17,시간의 신전,001,m_memory_monk,추억의 사제,s_mon_memory_monk,추억의 묵상,패시브,"normalized (0.5,0.5); no autocrop/recenter",n/a,n/a,n/a,PROJECTILE,false,none,,NO_RUNTIME_ROLE,none,0,n/a,n/a,n/a,n/a,n/a,none,n/a,false,none,SkillTable visual fields + PlayerAttack/MonsterAttack/SkillEffect code,n/a,n/a,n/a,n/a,n/a,n/a,n/a,n/a
area_17,시간의 신전,001,m_memory_monk,추억의 사제,s_mon_memory_monk,추억의 묵상,패시브,"normalized (0.5,0.5); no autocrop/recenter",n/a,n/a,n/a,HIT_VFX,false,none,,NO_RUNTIME_ROLE,none,0,n/a,n/a,n/a,n/a,n/a,none,n/a,false,none; no dedicated hit/impact visual field or Spawn call in current common projectile path,PlayerAttack.ResolveThrowHit; MonsterAttack.ResolveThrowHit; SkillEffect has no hit asset argument,n/a,n/a,n/a,n/a,n/a,n/a,n/a,n/a
area_17,시간의 신전,001,m_memory_monk,추억의 사제,s_mon_memory_monk,추억의 묵상,패시브,"normalized (0.5,0.5); no autocrop/recenter",n/a,n/a,n/a,PERSISTENT_BUFF_VFX,false,none,,NO_RUNTIME_ROLE,none,0,n/a,n/a,n/a,n/a,n/a,none,n/a,false,none; defense mechanics may persist but current visual is one-shot CAST only,MonsterAttack defense branch + SkillEffect.PlayCast; no persistent visual entity field,n/a,n/a,n/a,n/a,n/a,n/a,n/a,n/a
area_17,시간의 신전,001,m_memory_monk,추억의 사제,s_mon_memory_monk,추억의 묵상,패시브,"normalized (0.5,0.5); no autocrop/recenter",n/a,n/a,n/a,REFERENCE_VFX,input_reference_only,reference source; not runtime field,INPUT design reference,NEW_ART,REFERENCE/001_m_memory_monk_s_mon_memory_monk_REFERENCE_F00.png..._REFERENCE_F05.png,6,256x256 RGBA,0.10,0.6000000000000001,preview-only non-loop,preview only; no engine motion/FlipX contract,none,preview/reference only; never auto-import as CAST,false,none,passive execution has no PlayCast; V2.2 REFERENCE_VFX scope,n/a,n/a,n/a,n/a,n/a,n/a,n/a,n/a
area_17,시간의 신전,002,m_memory_monk_trainee,추억의 신관,s_mon_memory_monk_trainee,추억의 기도파,액티브,"normalized (0.5,0.5); no autocrop/recenter",n/a,n/a,n/a,ICON,true,icon_ruid,thumbnail://699e78db5d3a48578388d33dc333258a,NEW_ART,ICON/002_m_memory_monk_trainee_s_mon_memory_monk_trainee_ICON.png,1,256x256 RGBA,static,static,static,none,icon_ruid,n/a,ui,none,SkillTable.icon_ruid,n/a,n/a,n/a,n/a,n/a,n/a,n/a,n/a
area_17,시간의 신전,002,m_memory_monk_trainee,추억의 신관,s_mon_memory_monk_trainee,추억의 기도파,액티브,"normalized (0.5,0.5); no autocrop/recenter",n/a,n/a,n/a,CAST_VFX,true,layer_ruids,"L1:1ea2d50c388645df9502190ef8092d94 animationclip/clip delay=0s duration=.72s scale=1 offset=(0,0)wu drift=(0,0)wu/s; L2:c25e7243baaf4b21bb70ee10dcd33890 animationclip/clip delay=0.2s duration=.82s scale=1.08 offset=(0,0)wu drift=(0,0)wu/s",NEW_ART,CAST/002_m_memory_monk_trainee_s_mon_memory_monk_trainee_CAST_F00.png..._CAST_F07.png,8,384x384 RGBA,0.10,0.8,non-loop one-shot,SkillEffect applies FlipX for directional attacks; delayed layer samples caster position at SpawnLayer execution; map entity then applies drift,layer_ruids,COMPOSITE_BAKED_ONE_CLIP: preserve L1..Ln relative delay/offset/drift rhythm inside one accepted local-canvas clip; final layer metadata becomes one primary layer after approval,true,none,SkillTable layer/effect fields; SkillEffect.PlayCast/SpawnLayer,n/a,n/a,n/a,n/a,n/a,n/a,n/a,n/a
area_17,시간의 신전,002,m_memory_monk_trainee,추억의 신관,s_mon_memory_monk_trainee,추억의 기도파,액티브,"normalized (0.5,0.5); no autocrop/recenter",n/a,n/a,n/a,PROJECTILE,false,none,,NO_RUNTIME_ROLE,none,0,n/a,n/a,n/a,n/a,n/a,none,n/a,false,none,SkillTable visual fields + PlayerAttack/MonsterAttack/SkillEffect code,n/a,n/a,n/a,n/a,n/a,n/a,n/a,n/a
area_17,시간의 신전,002,m_memory_monk_trainee,추억의 신관,s_mon_memory_monk_trainee,추억의 기도파,액티브,"normalized (0.5,0.5); no autocrop/recenter",n/a,n/a,n/a,HIT_VFX,false,none,,NO_RUNTIME_ROLE,none,0,n/a,n/a,n/a,n/a,n/a,none,n/a,false,none; no dedicated hit/impact visual field or Spawn call in current common projectile path,PlayerAttack.ResolveThrowHit; MonsterAttack.ResolveThrowHit; SkillEffect has no hit asset argument,n/a,n/a,n/a,n/a,n/a,n/a,n/a,n/a
area_17,시간의 신전,002,m_memory_monk_trainee,추억의 신관,s_mon_memory_monk_trainee,추억의 기도파,액티브,"normalized (0.5,0.5); no autocrop/recenter",n/a,n/a,n/a,PERSISTENT_BUFF_VFX,false,none,,NO_RUNTIME_ROLE,none,0,n/a,n/a,n/a,n/a,n/a,none,n/a,false,none; defense mechanics may persist but current visual is one-shot CAST only,MonsterAttack defense branch + SkillEffect.PlayCast; no persistent visual entity field,n/a,n/a,n/a,n/a,n/a,n/a,n/a,n/a
area_17,시간의 신전,002,m_memory_monk_trainee,추억의 신관,s_mon_memory_monk_trainee,추억의 기도파,액티브,"normalized (0.5,0.5); no autocrop/recenter",n/a,n/a,n/a,REFERENCE_VFX,false,none,,NO_RUNTIME_ROLE,none,0,n/a,n/a,n/a,n/a,n/a,none,n/a,false,none,SkillTable visual fields + PlayerAttack/MonsterAttack/SkillEffect code,n/a,n/a,n/a,n/a,n/a,n/a,n/a,n/a
area_17,시간의 신전,003,m_memory_guardian,추억의 수호병,s_mon_memory_guardian,수호병의 기억갑주,패시브,"normalized (0.5,0.5); no autocrop/recenter",n/a,n/a,n/a,ICON,true,icon_ruid,thumbnail://0b258556de2e401e97014ae48fe96b7a,NEW_ART,ICON/003_m_memory_guardian_s_mon_memory_guardian_ICON.png,1,256x256 RGBA,static,static,static,none,icon_ruid,n/a,ui,none,SkillTable.icon_ruid,n/a,n/a,n/a,n/a,n/a,n/a,n/a,n/a
area_17,시간의 신전,003,m_memory_guardian,추억의 수호병,s_mon_memory_guardian,수호병의 기억갑주,패시브,"normalized (0.5,0.5); no autocrop/recenter",n/a,n/a,n/a,CAST_VFX,false,none,,NO_RUNTIME_ROLE,none,0,n/a,n/a,n/a,n/a,n/a,none,n/a,false,none,SkillTable visual fields + PlayerAttack/MonsterAttack/SkillEffect code,n/a,n/a,n/a,n/a,n/a,n/a,n/a,n/a
area_17,시간의 신전,003,m_memory_guardian,추억의 수호병,s_mon_memory_guardian,수호병의 기억갑주,패시브,"normalized (0.5,0.5); no autocrop/recenter",n/a,n/a,n/a,PROJECTILE,false,none,,NO_RUNTIME_ROLE,none,0,n/a,n/a,n/a,n/a,n/a,none,n/a,false,none,SkillTable visual fields + PlayerAttack/MonsterAttack/SkillEffect code,n/a,n/a,n/a,n/a,n/a,n/a,n/a,n/a
area_17,시간의 신전,003,m_memory_guardian,추억의 수호병,s_mon_memory_guardian,수호병의 기억갑주,패시브,"normalized (0.5,0.5); no autocrop/recenter",n/a,n/a,n/a,HIT_VFX,false,none,,NO_RUNTIME_ROLE,none,0,n/a,n/a,n/a,n/a,n/a,none,n/a,false,none; no dedicated hit/impact visual field or Spawn call in current common projectile path,PlayerAttack.ResolveThrowHit; MonsterAttack.ResolveThrowHit; SkillEffect has no hit asset argument,n/a,n/a,n/a,n/a,n/a,n/a,n/a,n/a
area_17,시간의 신전,003,m_memory_guardian,추억의 수호병,s_mon_memory_guardian,수호병의 기억갑주,패시브,"normalized (0.5,0.5); no autocrop/recenter",n/a,n/a,n/a,PERSISTENT_BUFF_VFX,false,none,,NO_RUNTIME_ROLE,none,0,n/a,n/a,n/a,n/a,n/a,none,n/a,false,none; defense mechanics may persist but current visual is one-shot CAST only,MonsterAttack defense branch + SkillEffect.PlayCast; no persistent visual entity field,n/a,n/a,n/a,n/a,n/a,n/a,n/a,n/a
area_17,시간의 신전,003,m_memory_guardian,추억의 수호병,s_mon_memory_guardian,수호병의 기억갑주,패시브,"normalized (0.5,0.5); no autocrop/recenter",n/a,n/a,n/a,REFERENCE_VFX,input_reference_only,reference source; not runtime field,INPUT design reference,NEW_ART,REFERENCE/003_m_memory_guardian_s_mon_memory_guardian_REFERENCE_F00.png..._REFERENCE_F05.png,6,256x256 RGBA,0.10,0.6000000000000001,preview-only non-loop,preview only; no engine motion/FlipX contract,none,preview/reference only; never auto-import as CAST,false,none,passive execution has no PlayCast; V2.2 REFERENCE_VFX scope,n/a,n/a,n/a,n/a,n/a,n/a,n/a,n/a
area_17,시간의 신전,004,m_chief_memory_guardian,추억의 수호대장,s_mon_chief_memory_guardian,시간 수호진,액티브,"normalized (0.5,0.5); no autocrop/recenter",n/a,n/a,n/a,ICON,true,icon_ruid,thumbnail://de30bc44af34409eb14d46100dc4e48e,NEW_ART,ICON/004_m_chief_memory_guardian_s_mon_chief_memory_guardian_ICON.png,1,256x256 RGBA,static,static,static,none,icon_ruid,n/a,ui,none,SkillTable.icon_ruid,n/a,n/a,n/a,n/a,n/a,n/a,n/a,n/a
area_17,시간의 신전,004,m_chief_memory_guardian,추억의 수호대장,s_mon_chief_memory_guardian,시간 수호진,액티브,"normalized (0.5,0.5); no autocrop/recenter",n/a,n/a,n/a,CAST_VFX,true,layer_ruids,"L1:4147dea424e9475ca1a61773421a3397 animationclip/clip delay=0s duration=.74s scale=1 offset=(0,0)wu drift=(0,0)wu/s; L2:aa3d9ed3c4a3435298afcb494ac7fcac animationclip/clip delay=.22s duration=.86s scale=1.12 offset=(0,0)wu drift=(0,0)wu/s",NEW_ART,CAST/004_m_chief_memory_guardian_s_mon_chief_memory_guardian_CAST_F00.png..._CAST_F07.png,8,384x384 RGBA,0.10,0.8,non-loop one-shot,SkillEffect applies FlipX for directional attacks; delayed layer samples caster position at SpawnLayer execution; map entity then applies drift,layer_ruids,COMPOSITE_BAKED_ONE_CLIP: preserve L1..Ln relative delay/offset/drift rhythm inside one accepted local-canvas clip; final layer metadata becomes one primary layer after approval,true,none,SkillTable layer/effect fields; SkillEffect.PlayCast/SpawnLayer,n/a,n/a,n/a,n/a,n/a,n/a,n/a,n/a
area_17,시간의 신전,004,m_chief_memory_guardian,추억의 수호대장,s_mon_chief_memory_guardian,시간 수호진,액티브,"normalized (0.5,0.5); no autocrop/recenter",n/a,n/a,n/a,PROJECTILE,false,none,,NO_RUNTIME_ROLE,none,0,n/a,n/a,n/a,n/a,n/a,none,n/a,false,none,SkillTable visual fields + PlayerAttack/MonsterAttack/SkillEffect code,n/a,n/a,n/a,n/a,n/a,n/a,n/a,n/a
area_17,시간의 신전,004,m_chief_memory_guardian,추억의 수호대장,s_mon_chief_memory_guardian,시간 수호진,액티브,"normalized (0.5,0.5); no autocrop/recenter",n/a,n/a,n/a,HIT_VFX,false,none,,NO_RUNTIME_ROLE,none,0,n/a,n/a,n/a,n/a,n/a,none,n/a,false,none; no dedicated hit/impact visual field or Spawn call in current common projectile path,PlayerAttack.ResolveThrowHit; MonsterAttack.ResolveThrowHit; SkillEffect has no hit asset argument,n/a,n/a,n/a,n/a,n/a,n/a,n/a,n/a
area_17,시간의 신전,004,m_chief_memory_guardian,추억의 수호대장,s_mon_chief_memory_guardian,시간 수호진,액티브,"normalized (0.5,0.5); no autocrop/recenter",n/a,n/a,n/a,PERSISTENT_BUFF_VFX,false,none,,NO_RUNTIME_ROLE,none,0,n/a,n/a,n/a,n/a,n/a,none,n/a,false,none; defense mechanics may persist but current visual is one-shot CAST only,MonsterAttack defense branch + SkillEffect.PlayCast; no persistent visual entity field,n/a,n/a,n/a,n/a,n/a,n/a,n/a,n/a
area_17,시간의 신전,004,m_chief_memory_guardian,추억의 수호대장,s_mon_chief_memory_guardian,시간 수호진,액티브,"normalized (0.5,0.5); no autocrop/recenter",n/a,n/a,n/a,REFERENCE_VFX,false,none,,NO_RUNTIME_ROLE,none,0,n/a,n/a,n/a,n/a,n/a,none,n/a,false,none,SkillTable visual fields + PlayerAttack/MonsterAttack/SkillEffect code,n/a,n/a,n/a,n/a,n/a,n/a,n/a,n/a
area_17,시간의 신전,005,m_dodo,도도,s_mon_dodo,기억 포식,액티브,"normalized (0.5,0.5); no autocrop/recenter",7,0.8,0.35,ICON,true,icon_ruid,thumbnail://2d63f90f9d464f7192713ad9209e9e63,NEW_ART,ICON/005_m_dodo_s_mon_dodo_ICON.png,1,256x256 RGBA,static,static,static,none,icon_ruid,n/a,ui,none,SkillTable.icon_ruid,n/a,n/a,n/a,n/a,n/a,n/a,n/a,n/a
area_17,시간의 신전,005,m_dodo,도도,s_mon_dodo,기억 포식,액티브,"normalized (0.5,0.5); no autocrop/recenter",7,0.8,0.35,CAST_VFX,true,layer_ruids,"L1:ee1dc1a6f4e6452b860a43ce291c62a3 animationclip/clip delay=0s duration=.8s scale=1.1 offset=(0,0)wu drift=(0,0)wu/s; L2:cf2fe8e1a8954e7099bd2243cfb908d7 animationclip/clip delay=.22s duration=.92s scale=1.18 offset=(0,0)wu drift=(0,0)wu/s",NEW_ART,CAST/005_m_dodo_s_mon_dodo_CAST_F00.png..._CAST_F11.png,12,512x512 RGBA,0.08,0.96,non-loop one-shot,SkillEffect applies FlipX for directional attacks; delayed layer samples caster position at SpawnLayer execution; map entity then applies drift,layer_ruids,COMPOSITE_BAKED_ONE_CLIP: preserve L1..Ln relative delay/offset/drift rhythm inside one accepted local-canvas clip; final layer metadata becomes one primary layer after approval,true,none,SkillTable layer/effect fields; SkillEffect.PlayCast/SpawnLayer,n/a,n/a,n/a,n/a,n/a,n/a,n/a,n/a
area_17,시간의 신전,005,m_dodo,도도,s_mon_dodo,기억 포식,액티브,"normalized (0.5,0.5); no autocrop/recenter",7,0.8,0.35,PROJECTILE,true,projectile_ruid,72e16f10f6ec4cf0a1fe3146e73f0856,NEW_ART,PROJECTILE/005_m_dodo_s_mon_dodo_PROJECTILE_F00.png..._PROJECTILE_F03.png,4,512x512 RGBA,0.08,0.32,non-loop complete playback within 0.35s entity lifetime,art direction-neutral/local form only; engine translates caster+h to target+h and applies ZRotation; no PROJECTILE FlipX or travel-direction alignment,projectile_ruid,independent from CAST; do not merge,true,import must author AnimationClip non-loop at 0.08s/frame; Maker runtime not run,SkillTable.projectile_ruid; SkillEffect.mlua:149-194; SkillProjectile.mlua:39-81; GameBalance projectile_seconds=0.35,n/a,n/a,n/a,n/a,n/a,n/a,n/a,n/a
area_17,시간의 신전,005,m_dodo,도도,s_mon_dodo,기억 포식,액티브,"normalized (0.5,0.5); no autocrop/recenter",7,0.8,0.35,HIT_VFX,false,none,,NO_RUNTIME_ROLE,none,0,n/a,n/a,n/a,n/a,n/a,none,n/a,false,none; no dedicated hit/impact visual field or Spawn call in current common projectile path,PlayerAttack.ResolveThrowHit; MonsterAttack.ResolveThrowHit; SkillEffect has no hit asset argument,n/a,n/a,n/a,n/a,n/a,n/a,n/a,n/a
area_17,시간의 신전,005,m_dodo,도도,s_mon_dodo,기억 포식,액티브,"normalized (0.5,0.5); no autocrop/recenter",7,0.8,0.35,PERSISTENT_BUFF_VFX,false,none,,NO_RUNTIME_ROLE,none,0,n/a,n/a,n/a,n/a,n/a,none,n/a,false,none; defense mechanics may persist but current visual is one-shot CAST only,MonsterAttack defense branch + SkillEffect.PlayCast; no persistent visual entity field,n/a,n/a,n/a,n/a,n/a,n/a,n/a,n/a
area_17,시간의 신전,005,m_dodo,도도,s_mon_dodo,기억 포식,액티브,"normalized (0.5,0.5); no autocrop/recenter",7,0.8,0.35,REFERENCE_VFX,false,none,,NO_RUNTIME_ROLE,none,0,n/a,n/a,n/a,n/a,n/a,none,n/a,false,none,SkillTable visual fields + PlayerAttack/MonsterAttack/SkillEffect code,n/a,n/a,n/a,n/a,n/a,n/a,n/a,n/a
area_18,지구방위본부,001,m_mateon,마티안,s_mon_mateon,마티안 광선탄,액티브,"normalized (0.5,0.5); no autocrop/recenter",7.4,0.8,0.35,ICON,true,icon_ruid,thumbnail://53043af9433844258a090f3b231ce39f,NEW_ART,ICON/001_m_mateon_s_mon_mateon_ICON.png,1,256x256 RGBA,static,static,static,none,icon_ruid,n/a,ui,none,SkillTable.icon_ruid,n/a,n/a,n/a,n/a,n/a,n/a,n/a,n/a
area_18,지구방위본부,001,m_mateon,마티안,s_mon_mateon,마티안 광선탄,액티브,"normalized (0.5,0.5); no autocrop/recenter",7.4,0.8,0.35,CAST_VFX,true,layer_ruids,"L1:70f170cb7f644da28dc93915a8e70dd9 animationclip/clip delay=0s duration=.65s scale=1 offset=(0,0)wu drift=(0,0)wu/s; L2:e9d2e8cba2aa4245ae29cfb516746a04 animationclip/clip delay=.2s duration=.78s scale=1.08 offset=(0,0)wu drift=(0,0)wu/s",NEW_ART,CAST/001_m_mateon_s_mon_mateon_CAST_F00.png..._CAST_F07.png,8,384x384 RGBA,0.10,0.8,non-loop one-shot,SkillEffect applies FlipX for directional attacks; delayed layer samples caster position at SpawnLayer execution; map entity then applies drift,layer_ruids,COMPOSITE_BAKED_ONE_CLIP: preserve L1..Ln relative delay/offset/drift rhythm inside one accepted local-canvas clip; final layer metadata becomes one primary layer after approval,true,none,SkillTable layer/effect fields; SkillEffect.PlayCast/SpawnLayer,n/a,n/a,n/a,n/a,n/a,n/a,n/a,n/a
area_18,지구방위본부,001,m_mateon,마티안,s_mon_mateon,마티안 광선탄,액티브,"normalized (0.5,0.5); no autocrop/recenter",7.4,0.8,0.35,PROJECTILE,true,projectile_ruid,22db356cc60940089b7f5d592c7d5813,NEW_ART,PROJECTILE/001_m_mateon_s_mon_mateon_PROJECTILE_F00.png..._PROJECTILE_F03.png,4,384x384 RGBA,0.08,0.32,non-loop complete playback within 0.35s entity lifetime,art direction-neutral/local form only; engine translates caster+h to target+h and applies ZRotation; no PROJECTILE FlipX or travel-direction alignment,projectile_ruid,independent from CAST; do not merge,true,import must author AnimationClip non-loop at 0.08s/frame; Maker runtime not run,SkillTable.projectile_ruid; SkillEffect.mlua:149-194; SkillProjectile.mlua:39-81; GameBalance projectile_seconds=0.35,n/a,n/a,n/a,n/a,n/a,n/a,n/a,n/a
area_18,지구방위본부,001,m_mateon,마티안,s_mon_mateon,마티안 광선탄,액티브,"normalized (0.5,0.5); no autocrop/recenter",7.4,0.8,0.35,HIT_VFX,false,none,,NO_RUNTIME_ROLE,none,0,n/a,n/a,n/a,n/a,n/a,none,n/a,false,none; no dedicated hit/impact visual field or Spawn call in current common projectile path,PlayerAttack.ResolveThrowHit; MonsterAttack.ResolveThrowHit; SkillEffect has no hit asset argument,n/a,n/a,n/a,n/a,n/a,n/a,n/a,n/a
area_18,지구방위본부,001,m_mateon,마티안,s_mon_mateon,마티안 광선탄,액티브,"normalized (0.5,0.5); no autocrop/recenter",7.4,0.8,0.35,PERSISTENT_BUFF_VFX,false,none,,NO_RUNTIME_ROLE,none,0,n/a,n/a,n/a,n/a,n/a,none,n/a,false,none; defense mechanics may persist but current visual is one-shot CAST only,MonsterAttack defense branch + SkillEffect.PlayCast; no persistent visual entity field,n/a,n/a,n/a,n/a,n/a,n/a,n/a,n/a
area_18,지구방위본부,001,m_mateon,마티안,s_mon_mateon,마티안 광선탄,액티브,"normalized (0.5,0.5); no autocrop/recenter",7.4,0.8,0.35,REFERENCE_VFX,false,none,,NO_RUNTIME_ROLE,none,0,n/a,n/a,n/a,n/a,n/a,none,n/a,false,none,SkillTable visual fields + PlayerAttack/MonsterAttack/SkillEffect code,n/a,n/a,n/a,n/a,n/a,n/a,n/a,n/a
area_18,지구방위본부,002,m_plateon,플라티안,s_mon_plateon,외계 장갑 조종,패시브,"normalized (0.5,0.5); no autocrop/recenter",n/a,n/a,n/a,ICON,true,icon_ruid,thumbnail://e03cf5ce06784947b45ce95afb70927c,NEW_ART,ICON/002_m_plateon_s_mon_plateon_ICON.png,1,256x256 RGBA,static,static,static,none,icon_ruid,n/a,ui,none,SkillTable.icon_ruid,n/a,n/a,n/a,n/a,n/a,n/a,n/a,n/a
area_18,지구방위본부,002,m_plateon,플라티안,s_mon_plateon,외계 장갑 조종,패시브,"normalized (0.5,0.5); no autocrop/recenter",n/a,n/a,n/a,CAST_VFX,false,none,,NO_RUNTIME_ROLE,none,0,n/a,n/a,n/a,n/a,n/a,none,n/a,false,none,SkillTable visual fields + PlayerAttack/MonsterAttack/SkillEffect code,n/a,n/a,n/a,n/a,n/a,n/a,n/a,n/a
area_18,지구방위본부,002,m_plateon,플라티안,s_mon_plateon,외계 장갑 조종,패시브,"normalized (0.5,0.5); no autocrop/recenter",n/a,n/a,n/a,PROJECTILE,false,none,,NO_RUNTIME_ROLE,none,0,n/a,n/a,n/a,n/a,n/a,none,n/a,false,none,SkillTable visual fields + PlayerAttack/MonsterAttack/SkillEffect code,n/a,n/a,n/a,n/a,n/a,n/a,n/a,n/a
area_18,지구방위본부,002,m_plateon,플라티안,s_mon_plateon,외계 장갑 조종,패시브,"normalized (0.5,0.5); no autocrop/recenter",n/a,n/a,n/a,HIT_VFX,false,none,,NO_RUNTIME_ROLE,none,0,n/a,n/a,n/a,n/a,n/a,none,n/a,false,none; no dedicated hit/impact visual field or Spawn call in current common projectile path,PlayerAttack.ResolveThrowHit; MonsterAttack.ResolveThrowHit; SkillEffect has no hit asset argument,n/a,n/a,n/a,n/a,n/a,n/a,n/a,n/a
area_18,지구방위본부,002,m_plateon,플라티안,s_mon_plateon,외계 장갑 조종,패시브,"normalized (0.5,0.5); no autocrop/recenter",n/a,n/a,n/a,PERSISTENT_BUFF_VFX,false,none,,NO_RUNTIME_ROLE,none,0,n/a,n/a,n/a,n/a,n/a,none,n/a,false,none; defense mechanics may persist but current visual is one-shot CAST only,MonsterAttack defense branch + SkillEffect.PlayCast; no persistent visual entity field,n/a,n/a,n/a,n/a,n/a,n/a,n/a,n/a
area_18,지구방위본부,002,m_plateon,플라티안,s_mon_plateon,외계 장갑 조종,패시브,"normalized (0.5,0.5); no autocrop/recenter",n/a,n/a,n/a,REFERENCE_VFX,input_reference_only,reference source; not runtime field,INPUT design reference,NEW_ART,REFERENCE/002_m_plateon_s_mon_plateon_REFERENCE_F00.png..._REFERENCE_F05.png,6,256x256 RGBA,0.10,0.6000000000000001,preview-only non-loop,preview only; no engine motion/FlipX contract,none,preview/reference only; never auto-import as CAST,false,none,passive execution has no PlayCast; V2.2 REFERENCE_VFX scope,n/a,n/a,n/a,n/a,n/a,n/a,n/a,n/a
area_18,지구방위본부,003,m_mecateon,메카티안,s_mon_mecateon,기계화 레이저,액티브,"normalized (0.5,0.5); no autocrop/recenter",n/a,n/a,n/a,ICON,true,icon_ruid,thumbnail://1509ce195a5c49a0aea5f9b189ce7edb,NEW_ART,ICON/003_m_mecateon_s_mon_mecateon_ICON.png,1,256x256 RGBA,static,static,static,none,icon_ruid,n/a,ui,none,SkillTable.icon_ruid,n/a,n/a,n/a,n/a,n/a,n/a,n/a,n/a
area_18,지구방위본부,003,m_mecateon,메카티안,s_mon_mecateon,기계화 레이저,액티브,"normalized (0.5,0.5); no autocrop/recenter",n/a,n/a,n/a,CAST_VFX,true,layer_ruids,"L1:50eff4b9b8064efa8db5246e7a912c4d animationclip/clip delay=0s duration=.72s scale=1 offset=(0,0)wu drift=(0,0)wu/s; L2:1fe5c891382642d3aa35a89414f43fce animationclip/clip delay=.2s duration=.84s scale=1.12 offset=(0,0)wu drift=(0,0)wu/s",NEW_ART,CAST/003_m_mecateon_s_mon_mecateon_CAST_F00.png..._CAST_F07.png,8,384x384 RGBA,0.10,0.8,non-loop one-shot,SkillEffect applies FlipX for directional attacks; delayed layer samples caster position at SpawnLayer execution; map entity then applies drift,layer_ruids,COMPOSITE_BAKED_ONE_CLIP: preserve L1..Ln relative delay/offset/drift rhythm inside one accepted local-canvas clip; final layer metadata becomes one primary layer after approval,true,none,SkillTable layer/effect fields; SkillEffect.PlayCast/SpawnLayer,n/a,n/a,n/a,n/a,n/a,n/a,n/a,n/a
area_18,지구방위본부,003,m_mecateon,메카티안,s_mon_mecateon,기계화 레이저,액티브,"normalized (0.5,0.5); no autocrop/recenter",n/a,n/a,n/a,PROJECTILE,false,none,,NO_RUNTIME_ROLE,none,0,n/a,n/a,n/a,n/a,n/a,none,n/a,false,none,SkillTable visual fields + PlayerAttack/MonsterAttack/SkillEffect code,n/a,n/a,n/a,n/a,n/a,n/a,n/a,n/a
area_18,지구방위본부,003,m_mecateon,메카티안,s_mon_mecateon,기계화 레이저,액티브,"normalized (0.5,0.5); no autocrop/recenter",n/a,n/a,n/a,HIT_VFX,false,none,,NO_RUNTIME_ROLE,none,0,n/a,n/a,n/a,n/a,n/a,none,n/a,false,none; no dedicated hit/impact visual field or Spawn call in current common projectile path,PlayerAttack.ResolveThrowHit; MonsterAttack.ResolveThrowHit; SkillEffect has no hit asset argument,n/a,n/a,n/a,n/a,n/a,n/a,n/a,n/a
area_18,지구방위본부,003,m_mecateon,메카티안,s_mon_mecateon,기계화 레이저,액티브,"normalized (0.5,0.5); no autocrop/recenter",n/a,n/a,n/a,PERSISTENT_BUFF_VFX,false,none,,NO_RUNTIME_ROLE,none,0,n/a,n/a,n/a,n/a,n/a,none,n/a,false,none; defense mechanics may persist but current visual is one-shot CAST only,MonsterAttack defense branch + SkillEffect.PlayCast; no persistent visual entity field,n/a,n/a,n/a,n/a,n/a,n/a,n/a,n/a
area_18,지구방위본부,003,m_mecateon,메카티안,s_mon_mecateon,기계화 레이저,액티브,"normalized (0.5,0.5); no autocrop/recenter",n/a,n/a,n/a,REFERENCE_VFX,false,none,,NO_RUNTIME_ROLE,none,0,n/a,n/a,n/a,n/a,n/a,none,n/a,false,none,SkillTable visual fields + PlayerAttack/MonsterAttack/SkillEffect code,n/a,n/a,n/a,n/a,n/a,n/a,n/a,n/a
area_18,지구방위본부,004,m_chief_gray,원로 그레이,s_mon_chief_gray,원로의 정신연산,패시브,"normalized (0.5,0.5); no autocrop/recenter",n/a,n/a,n/a,ICON,true,icon_ruid,thumbnail://48027185a78d470da83199b478bed48b,NEW_ART,ICON/004_m_chief_gray_s_mon_chief_gray_ICON.png,1,256x256 RGBA,static,static,static,none,icon_ruid,n/a,ui,none,SkillTable.icon_ruid,n/a,n/a,n/a,n/a,n/a,n/a,n/a,n/a
area_18,지구방위본부,004,m_chief_gray,원로 그레이,s_mon_chief_gray,원로의 정신연산,패시브,"normalized (0.5,0.5); no autocrop/recenter",n/a,n/a,n/a,CAST_VFX,false,none,,NO_RUNTIME_ROLE,none,0,n/a,n/a,n/a,n/a,n/a,none,n/a,false,none,SkillTable visual fields + PlayerAttack/MonsterAttack/SkillEffect code,n/a,n/a,n/a,n/a,n/a,n/a,n/a,n/a
area_18,지구방위본부,004,m_chief_gray,원로 그레이,s_mon_chief_gray,원로의 정신연산,패시브,"normalized (0.5,0.5); no autocrop/recenter",n/a,n/a,n/a,PROJECTILE,false,none,,NO_RUNTIME_ROLE,none,0,n/a,n/a,n/a,n/a,n/a,none,n/a,false,none,SkillTable visual fields + PlayerAttack/MonsterAttack/SkillEffect code,n/a,n/a,n/a,n/a,n/a,n/a,n/a,n/a
area_18,지구방위본부,004,m_chief_gray,원로 그레이,s_mon_chief_gray,원로의 정신연산,패시브,"normalized (0.5,0.5); no autocrop/recenter",n/a,n/a,n/a,HIT_VFX,false,none,,NO_RUNTIME_ROLE,none,0,n/a,n/a,n/a,n/a,n/a,none,n/a,false,none; no dedicated hit/impact visual field or Spawn call in current common projectile path,PlayerAttack.ResolveThrowHit; MonsterAttack.ResolveThrowHit; SkillEffect has no hit asset argument,n/a,n/a,n/a,n/a,n/a,n/a,n/a,n/a
area_18,지구방위본부,004,m_chief_gray,원로 그레이,s_mon_chief_gray,원로의 정신연산,패시브,"normalized (0.5,0.5); no autocrop/recenter",n/a,n/a,n/a,PERSISTENT_BUFF_VFX,false,none,,NO_RUNTIME_ROLE,none,0,n/a,n/a,n/a,n/a,n/a,none,n/a,false,none; defense mechanics may persist but current visual is one-shot CAST only,MonsterAttack defense branch + SkillEffect.PlayCast; no persistent visual entity field,n/a,n/a,n/a,n/a,n/a,n/a,n/a,n/a
area_18,지구방위본부,004,m_chief_gray,원로 그레이,s_mon_chief_gray,원로의 정신연산,패시브,"normalized (0.5,0.5); no autocrop/recenter",n/a,n/a,n/a,REFERENCE_VFX,input_reference_only,reference source; not runtime field,INPUT design reference,NEW_ART,REFERENCE/004_m_chief_gray_s_mon_chief_gray_REFERENCE_F00.png..._REFERENCE_F05.png,6,256x256 RGBA,0.10,0.6000000000000001,preview-only non-loop,preview only; no engine motion/FlipX contract,none,preview/reference only; never auto-import as CAST,false,none,passive execution has no PlayCast; V2.2 REFERENCE_VFX scope,n/a,n/a,n/a,n/a,n/a,n/a,n/a,n/a
area_18,지구방위본부,005,m_zeno,제노,s_mon_zeno,제노의 중력장,액티브,"normalized (0.5,0.5); no autocrop/recenter",n/a,n/a,n/a,ICON,true,icon_ruid,thumbnail://689bc520bc2544abb62ec505ca91aab4,NEW_ART,ICON/005_m_zeno_s_mon_zeno_ICON.png,1,256x256 RGBA,static,static,static,none,icon_ruid,n/a,ui,none,SkillTable.icon_ruid,n/a,n/a,n/a,n/a,n/a,n/a,n/a,n/a
area_18,지구방위본부,005,m_zeno,제노,s_mon_zeno,제노의 중력장,액티브,"normalized (0.5,0.5); no autocrop/recenter",n/a,n/a,n/a,CAST_VFX,true,layer_ruids,"L1:908710847a0249c98cf8e935dfb1ddd8 animationclip/clip delay=0s duration=.82s scale=1.15 offset=(0,0)wu drift=(0,0)wu/s; L2:c68a17e01f83412882ac127cda104ee3 animationclip/clip delay=.24s duration=.96s scale=1.22 offset=(0,0)wu drift=(0,0)wu/s",NEW_ART,CAST/005_m_zeno_s_mon_zeno_CAST_F00.png..._CAST_F11.png,12,512x512 RGBA,0.08,0.96,non-loop one-shot,SkillEffect applies FlipX for directional attacks; delayed layer samples caster position at SpawnLayer execution; map entity then applies drift,layer_ruids,COMPOSITE_BAKED_ONE_CLIP: preserve L1..Ln relative delay/offset/drift rhythm inside one accepted local-canvas clip; final layer metadata becomes one primary layer after approval,true,none,SkillTable layer/effect fields; SkillEffect.PlayCast/SpawnLayer,n/a,n/a,n/a,n/a,n/a,n/a,n/a,n/a
area_18,지구방위본부,005,m_zeno,제노,s_mon_zeno,제노의 중력장,액티브,"normalized (0.5,0.5); no autocrop/recenter",n/a,n/a,n/a,PROJECTILE,false,none,,NO_RUNTIME_ROLE,none,0,n/a,n/a,n/a,n/a,n/a,none,n/a,false,none,SkillTable visual fields + PlayerAttack/MonsterAttack/SkillEffect code,n/a,n/a,n/a,n/a,n/a,n/a,n/a,n/a
area_18,지구방위본부,005,m_zeno,제노,s_mon_zeno,제노의 중력장,액티브,"normalized (0.5,0.5); no autocrop/recenter",n/a,n/a,n/a,HIT_VFX,false,none,,NO_RUNTIME_ROLE,none,0,n/a,n/a,n/a,n/a,n/a,none,n/a,false,none; no dedicated hit/impact visual field or Spawn call in current common projectile path,PlayerAttack.ResolveThrowHit; MonsterAttack.ResolveThrowHit; SkillEffect has no hit asset argument,n/a,n/a,n/a,n/a,n/a,n/a,n/a,n/a
area_18,지구방위본부,005,m_zeno,제노,s_mon_zeno,제노의 중력장,액티브,"normalized (0.5,0.5); no autocrop/recenter",n/a,n/a,n/a,PERSISTENT_BUFF_VFX,false,none,,NO_RUNTIME_ROLE,none,0,n/a,n/a,n/a,n/a,n/a,none,n/a,false,none; defense mechanics may persist but current visual is one-shot CAST only,MonsterAttack defense branch + SkillEffect.PlayCast; no persistent visual entity field,n/a,n/a,n/a,n/a,n/a,n/a,n/a,n/a
area_18,지구방위본부,005,m_zeno,제노,s_mon_zeno,제노의 중력장,액티브,"normalized (0.5,0.5); no autocrop/recenter",n/a,n/a,n/a,REFERENCE_VFX,false,none,,NO_RUNTIME_ROLE,none,0,n/a,n/a,n/a,n/a,n/a,none,n/a,false,none,SkillTable visual fields + PlayerAttack/MonsterAttack/SkillEffect code,n/a,n/a,n/a,n/a,n/a,n/a,n/a,n/a
area_19,미래의 문,001,m_official_knight_c,정식기사 C,s_mon_official_knight_c,기사단 뇌전 연각,액티브,"normalized (0.5,0.5); no autocrop/recenter",n/a,n/a,n/a,ICON,true,icon_ruid,thumbnail://da57403b50694b12bf0e19aa3a64112d,NEW_ART,ICON/001_m_official_knight_c_s_mon_official_knight_c_ICON.png,1,256x256 RGBA,static,static,static,none,icon_ruid,n/a,ui,none,SkillTable.icon_ruid,n/a,n/a,n/a,n/a,n/a,n/a,n/a,n/a
area_19,미래의 문,001,m_official_knight_c,정식기사 C,s_mon_official_knight_c,기사단 뇌전 연각,액티브,"normalized (0.5,0.5); no autocrop/recenter",n/a,n/a,n/a,CAST_VFX,true,layer_ruids,"L1:1a648542a3b447f594b5c331cf44503f animationclip/clip delay=0s duration=.7s scale=1 offset=(0,0)wu drift=(0,0)wu/s; L2:439308ddd0bf4405a8463340c67a464b animationclip/clip delay=.17s duration=.78s scale=1.1 offset=(0,0)wu drift=(0,0)wu/s",NEW_ART,CAST/001_m_official_knight_c_s_mon_official_knight_c_CAST_F00.png..._CAST_F07.png,8,384x384 RGBA,0.10,0.8,non-loop one-shot,SkillEffect applies FlipX for directional attacks; delayed layer samples caster position at SpawnLayer execution; map entity then applies drift,layer_ruids,COMPOSITE_BAKED_ONE_CLIP: preserve L1..Ln relative delay/offset/drift rhythm inside one accepted local-canvas clip; final layer metadata becomes one primary layer after approval,true,none,SkillTable layer/effect fields; SkillEffect.PlayCast/SpawnLayer,n/a,n/a,n/a,n/a,n/a,n/a,n/a,n/a
area_19,미래의 문,001,m_official_knight_c,정식기사 C,s_mon_official_knight_c,기사단 뇌전 연각,액티브,"normalized (0.5,0.5); no autocrop/recenter",n/a,n/a,n/a,PROJECTILE,false,none,,NO_RUNTIME_ROLE,none,0,n/a,n/a,n/a,n/a,n/a,none,n/a,false,none,SkillTable visual fields + PlayerAttack/MonsterAttack/SkillEffect code,n/a,n/a,n/a,n/a,n/a,n/a,n/a,n/a
area_19,미래의 문,001,m_official_knight_c,정식기사 C,s_mon_official_knight_c,기사단 뇌전 연각,액티브,"normalized (0.5,0.5); no autocrop/recenter",n/a,n/a,n/a,HIT_VFX,false,none,,NO_RUNTIME_ROLE,none,0,n/a,n/a,n/a,n/a,n/a,none,n/a,false,none; no dedicated hit/impact visual field or Spawn call in current common projectile path,PlayerAttack.ResolveThrowHit; MonsterAttack.ResolveThrowHit; SkillEffect has no hit asset argument,n/a,n/a,n/a,n/a,n/a,n/a,n/a,n/a
area_19,미래의 문,001,m_official_knight_c,정식기사 C,s_mon_official_knight_c,기사단 뇌전 연각,액티브,"normalized (0.5,0.5); no autocrop/recenter",n/a,n/a,n/a,PERSISTENT_BUFF_VFX,false,none,,NO_RUNTIME_ROLE,none,0,n/a,n/a,n/a,n/a,n/a,none,n/a,false,none; defense mechanics may persist but current visual is one-shot CAST only,MonsterAttack defense branch + SkillEffect.PlayCast; no persistent visual entity field,n/a,n/a,n/a,n/a,n/a,n/a,n/a,n/a
area_19,미래의 문,001,m_official_knight_c,정식기사 C,s_mon_official_knight_c,기사단 뇌전 연각,액티브,"normalized (0.5,0.5); no autocrop/recenter",n/a,n/a,n/a,REFERENCE_VFX,false,none,,NO_RUNTIME_ROLE,none,0,n/a,n/a,n/a,n/a,n/a,none,n/a,false,none,SkillTable visual fields + PlayerAttack/MonsterAttack/SkillEffect code,n/a,n/a,n/a,n/a,n/a,n/a,n/a,n/a
area_19,미래의 문,002,m_official_knight_d,정식기사 D,s_mon_official_knight_d,기사단의 바람 조준,패시브,"normalized (0.5,0.5); no autocrop/recenter",n/a,n/a,n/a,ICON,true,icon_ruid,thumbnail://1b11119e13474135882191d052342552,NEW_ART,ICON/002_m_official_knight_d_s_mon_official_knight_d_ICON.png,1,256x256 RGBA,static,static,static,none,icon_ruid,n/a,ui,none,SkillTable.icon_ruid,n/a,n/a,n/a,n/a,n/a,n/a,n/a,n/a
area_19,미래의 문,002,m_official_knight_d,정식기사 D,s_mon_official_knight_d,기사단의 바람 조준,패시브,"normalized (0.5,0.5); no autocrop/recenter",n/a,n/a,n/a,CAST_VFX,false,none,,NO_RUNTIME_ROLE,none,0,n/a,n/a,n/a,n/a,n/a,none,n/a,false,none,SkillTable visual fields + PlayerAttack/MonsterAttack/SkillEffect code,n/a,n/a,n/a,n/a,n/a,n/a,n/a,n/a
area_19,미래의 문,002,m_official_knight_d,정식기사 D,s_mon_official_knight_d,기사단의 바람 조준,패시브,"normalized (0.5,0.5); no autocrop/recenter",n/a,n/a,n/a,PROJECTILE,false,none,,NO_RUNTIME_ROLE,none,0,n/a,n/a,n/a,n/a,n/a,none,n/a,false,none,SkillTable visual fields + PlayerAttack/MonsterAttack/SkillEffect code,n/a,n/a,n/a,n/a,n/a,n/a,n/a,n/a
area_19,미래의 문,002,m_official_knight_d,정식기사 D,s_mon_official_knight_d,기사단의 바람 조준,패시브,"normalized (0.5,0.5); no autocrop/recenter",n/a,n/a,n/a,HIT_VFX,false,none,,NO_RUNTIME_ROLE,none,0,n/a,n/a,n/a,n/a,n/a,none,n/a,false,none; no dedicated hit/impact visual field or Spawn call in current common projectile path,PlayerAttack.ResolveThrowHit; MonsterAttack.ResolveThrowHit; SkillEffect has no hit asset argument,n/a,n/a,n/a,n/a,n/a,n/a,n/a,n/a
area_19,미래의 문,002,m_official_knight_d,정식기사 D,s_mon_official_knight_d,기사단의 바람 조준,패시브,"normalized (0.5,0.5); no autocrop/recenter",n/a,n/a,n/a,PERSISTENT_BUFF_VFX,false,none,,NO_RUNTIME_ROLE,none,0,n/a,n/a,n/a,n/a,n/a,none,n/a,false,none; defense mechanics may persist but current visual is one-shot CAST only,MonsterAttack defense branch + SkillEffect.PlayCast; no persistent visual entity field,n/a,n/a,n/a,n/a,n/a,n/a,n/a,n/a
area_19,미래의 문,002,m_official_knight_d,정식기사 D,s_mon_official_knight_d,기사단의 바람 조준,패시브,"normalized (0.5,0.5); no autocrop/recenter",n/a,n/a,n/a,REFERENCE_VFX,input_reference_only,reference source; not runtime field,INPUT design reference,NEW_ART,REFERENCE/002_m_official_knight_d_s_mon_official_knight_d_REFERENCE_F00.png..._REFERENCE_F05.png,6,256x256 RGBA,0.10,0.6000000000000001,preview-only non-loop,preview only; no engine motion/FlipX contract,none,preview/reference only; never auto-import as CAST,false,none,passive execution has no PlayCast; V2.2 REFERENCE_VFX scope,n/a,n/a,n/a,n/a,n/a,n/a,n/a,n/a
area_19,미래의 문,003,m_advanced_knight_a,상급기사 A,s_mon_advanced_knight_a,그림자 기사의 민첩,패시브,"normalized (0.5,0.5); no autocrop/recenter",n/a,n/a,n/a,ICON,true,icon_ruid,thumbnail://b2ab0d2ec4d346079c5738c79c8b909b,NEW_ART,ICON/003_m_advanced_knight_a_s_mon_advanced_knight_a_ICON.png,1,256x256 RGBA,static,static,static,none,icon_ruid,n/a,ui,none,SkillTable.icon_ruid,n/a,n/a,n/a,n/a,n/a,n/a,n/a,n/a
area_19,미래의 문,003,m_advanced_knight_a,상급기사 A,s_mon_advanced_knight_a,그림자 기사의 민첩,패시브,"normalized (0.5,0.5); no autocrop/recenter",n/a,n/a,n/a,CAST_VFX,false,none,,NO_RUNTIME_ROLE,none,0,n/a,n/a,n/a,n/a,n/a,none,n/a,false,none,SkillTable visual fields + PlayerAttack/MonsterAttack/SkillEffect code,n/a,n/a,n/a,n/a,n/a,n/a,n/a,n/a
area_19,미래의 문,003,m_advanced_knight_a,상급기사 A,s_mon_advanced_knight_a,그림자 기사의 민첩,패시브,"normalized (0.5,0.5); no autocrop/recenter",n/a,n/a,n/a,PROJECTILE,false,none,,NO_RUNTIME_ROLE,none,0,n/a,n/a,n/a,n/a,n/a,none,n/a,false,none,SkillTable visual fields + PlayerAttack/MonsterAttack/SkillEffect code,n/a,n/a,n/a,n/a,n/a,n/a,n/a,n/a
area_19,미래의 문,003,m_advanced_knight_a,상급기사 A,s_mon_advanced_knight_a,그림자 기사의 민첩,패시브,"normalized (0.5,0.5); no autocrop/recenter",n/a,n/a,n/a,HIT_VFX,false,none,,NO_RUNTIME_ROLE,none,0,n/a,n/a,n/a,n/a,n/a,none,n/a,false,none; no dedicated hit/impact visual field or Spawn call in current common projectile path,PlayerAttack.ResolveThrowHit; MonsterAttack.ResolveThrowHit; SkillEffect has no hit asset argument,n/a,n/a,n/a,n/a,n/a,n/a,n/a,n/a
area_19,미래의 문,003,m_advanced_knight_a,상급기사 A,s_mon_advanced_knight_a,그림자 기사의 민첩,패시브,"normalized (0.5,0.5); no autocrop/recenter",n/a,n/a,n/a,PERSISTENT_BUFF_VFX,false,none,,NO_RUNTIME_ROLE,none,0,n/a,n/a,n/a,n/a,n/a,none,n/a,false,none; defense mechanics may persist but current visual is one-shot CAST only,MonsterAttack defense branch + SkillEffect.PlayCast; no persistent visual entity field,n/a,n/a,n/a,n/a,n/a,n/a,n/a,n/a
area_19,미래의 문,003,m_advanced_knight_a,상급기사 A,s_mon_advanced_knight_a,그림자 기사의 민첩,패시브,"normalized (0.5,0.5); no autocrop/recenter",n/a,n/a,n/a,REFERENCE_VFX,input_reference_only,reference source; not runtime field,INPUT design reference,NEW_ART,REFERENCE/003_m_advanced_knight_a_s_mon_advanced_knight_a_REFERENCE_F00.png..._REFERENCE_F05.png,6,256x256 RGBA,0.10,0.6000000000000001,preview-only non-loop,preview only; no engine motion/FlipX contract,none,preview/reference only; never auto-import as CAST,false,none,passive execution has no PlayCast; V2.2 REFERENCE_VFX scope,n/a,n/a,n/a,n/a,n/a,n/a,n/a,n/a
area_19,미래의 문,004,m_advanced_knight_b,상급기사 B,s_mon_advanced_knight_b,상급기사의 이프리트 화염,액티브,"normalized (0.5,0.5); no autocrop/recenter",n/a,n/a,n/a,ICON,true,icon_ruid,thumbnail://3a107a08957f442d8b3e191258198056,NEW_ART,ICON/004_m_advanced_knight_b_s_mon_advanced_knight_b_ICON.png,1,256x256 RGBA,static,static,static,none,icon_ruid,n/a,ui,none,SkillTable.icon_ruid,n/a,n/a,n/a,n/a,n/a,n/a,n/a,n/a
area_19,미래의 문,004,m_advanced_knight_b,상급기사 B,s_mon_advanced_knight_b,상급기사의 이프리트 화염,액티브,"normalized (0.5,0.5); no autocrop/recenter",n/a,n/a,n/a,CAST_VFX,true,layer_ruids,"L1:89e2fa1739754ade99ddca6ca3653182 animationclip/clip delay=0s duration=.78s scale=1.05 offset=(0,0)wu drift=(0,0)wu/s; L2:8a8c83af487246b89a8f4e4ff92edd66 animationclip/clip delay=.2s duration=.88s scale=1.14 offset=(0,0)wu drift=(0,0)wu/s",NEW_ART,CAST/004_m_advanced_knight_b_s_mon_advanced_knight_b_CAST_F00.png..._CAST_F07.png,8,384x384 RGBA,0.10,0.8,non-loop one-shot,SkillEffect applies FlipX for directional attacks; delayed layer samples caster position at SpawnLayer execution; map entity then applies drift,layer_ruids,COMPOSITE_BAKED_ONE_CLIP: preserve L1..Ln relative delay/offset/drift rhythm inside one accepted local-canvas clip; final layer metadata becomes one primary layer after approval,true,none,SkillTable layer/effect fields; SkillEffect.PlayCast/SpawnLayer,n/a,n/a,n/a,n/a,n/a,n/a,n/a,n/a
area_19,미래의 문,004,m_advanced_knight_b,상급기사 B,s_mon_advanced_knight_b,상급기사의 이프리트 화염,액티브,"normalized (0.5,0.5); no autocrop/recenter",n/a,n/a,n/a,PROJECTILE,false,none,,NO_RUNTIME_ROLE,none,0,n/a,n/a,n/a,n/a,n/a,none,n/a,false,none,SkillTable visual fields + PlayerAttack/MonsterAttack/SkillEffect code,n/a,n/a,n/a,n/a,n/a,n/a,n/a,n/a
area_19,미래의 문,004,m_advanced_knight_b,상급기사 B,s_mon_advanced_knight_b,상급기사의 이프리트 화염,액티브,"normalized (0.5,0.5); no autocrop/recenter",n/a,n/a,n/a,HIT_VFX,false,none,,NO_RUNTIME_ROLE,none,0,n/a,n/a,n/a,n/a,n/a,none,n/a,false,none; no dedicated hit/impact visual field or Spawn call in current common projectile path,PlayerAttack.ResolveThrowHit; MonsterAttack.ResolveThrowHit; SkillEffect has no hit asset argument,n/a,n/a,n/a,n/a,n/a,n/a,n/a,n/a
area_19,미래의 문,004,m_advanced_knight_b,상급기사 B,s_mon_advanced_knight_b,상급기사의 이프리트 화염,액티브,"normalized (0.5,0.5); no autocrop/recenter",n/a,n/a,n/a,PERSISTENT_BUFF_VFX,false,none,,NO_RUNTIME_ROLE,none,0,n/a,n/a,n/a,n/a,n/a,none,n/a,false,none; defense mechanics may persist but current visual is one-shot CAST only,MonsterAttack defense branch + SkillEffect.PlayCast; no persistent visual entity field,n/a,n/a,n/a,n/a,n/a,n/a,n/a,n/a
area_19,미래의 문,004,m_advanced_knight_b,상급기사 B,s_mon_advanced_knight_b,상급기사의 이프리트 화염,액티브,"normalized (0.5,0.5); no autocrop/recenter",n/a,n/a,n/a,REFERENCE_VFX,false,none,,NO_RUNTIME_ROLE,none,0,n/a,n/a,n/a,n/a,n/a,none,n/a,false,none,SkillTable visual fields + PlayerAttack/MonsterAttack/SkillEffect code,n/a,n/a,n/a,n/a,n/a,n/a,n/a,n/a
area_19,미래의 문,005,m_cygnus,시그너스,s_mon_cygnus,타락한 여제의 정원,액티브,"normalized (0.5,0.5); no autocrop/recenter",n/a,n/a,n/a,ICON,true,icon_ruid,thumbnail://397136593bdb4e37b17d0d9e40ce0006,NEW_ART,ICON/005_m_cygnus_s_mon_cygnus_ICON.png,1,256x256 RGBA,static,static,static,none,icon_ruid,n/a,ui,none,SkillTable.icon_ruid,n/a,n/a,n/a,n/a,n/a,n/a,n/a,n/a
area_19,미래의 문,005,m_cygnus,시그너스,s_mon_cygnus,타락한 여제의 정원,액티브,"normalized (0.5,0.5); no autocrop/recenter",n/a,n/a,n/a,CAST_VFX,true,layer_ruids,"L1:1c8327eff1fa4321bef0fe5410a6ddef animationclip/clip delay=0s duration=.9s scale=1.18 offset=(0,0)wu drift=(0,0)wu/s; L2:875053c636494f6d807b803dd95bc3eb animationclip/clip delay=.28s duration=1.02s scale=1.28 offset=(0,0)wu drift=(0,0)wu/s",NEW_ART,CAST/005_m_cygnus_s_mon_cygnus_CAST_F00.png..._CAST_F11.png,12,512x512 RGBA,0.08,0.96,non-loop one-shot,SkillEffect applies FlipX for directional attacks; delayed layer samples caster position at SpawnLayer execution; map entity then applies drift,layer_ruids,COMPOSITE_BAKED_ONE_CLIP: preserve L1..Ln relative delay/offset/drift rhythm inside one accepted local-canvas clip; final layer metadata becomes one primary layer after approval,true,none,SkillTable layer/effect fields; SkillEffect.PlayCast/SpawnLayer,n/a,n/a,n/a,n/a,n/a,n/a,n/a,n/a
area_19,미래의 문,005,m_cygnus,시그너스,s_mon_cygnus,타락한 여제의 정원,액티브,"normalized (0.5,0.5); no autocrop/recenter",n/a,n/a,n/a,PROJECTILE,false,none,,NO_RUNTIME_ROLE,none,0,n/a,n/a,n/a,n/a,n/a,none,n/a,false,none,SkillTable visual fields + PlayerAttack/MonsterAttack/SkillEffect code,n/a,n/a,n/a,n/a,n/a,n/a,n/a,n/a
area_19,미래의 문,005,m_cygnus,시그너스,s_mon_cygnus,타락한 여제의 정원,액티브,"normalized (0.5,0.5); no autocrop/recenter",n/a,n/a,n/a,HIT_VFX,false,none,,NO_RUNTIME_ROLE,none,0,n/a,n/a,n/a,n/a,n/a,none,n/a,false,none; no dedicated hit/impact visual field or Spawn call in current common projectile path,PlayerAttack.ResolveThrowHit; MonsterAttack.ResolveThrowHit; SkillEffect has no hit asset argument,n/a,n/a,n/a,n/a,n/a,n/a,n/a,n/a
area_19,미래의 문,005,m_cygnus,시그너스,s_mon_cygnus,타락한 여제의 정원,액티브,"normalized (0.5,0.5); no autocrop/recenter",n/a,n/a,n/a,PERSISTENT_BUFF_VFX,false,none,,NO_RUNTIME_ROLE,none,0,n/a,n/a,n/a,n/a,n/a,none,n/a,false,none; defense mechanics may persist but current visual is one-shot CAST only,MonsterAttack defense branch + SkillEffect.PlayCast; no persistent visual entity field,n/a,n/a,n/a,n/a,n/a,n/a,n/a,n/a
area_19,미래의 문,005,m_cygnus,시그너스,s_mon_cygnus,타락한 여제의 정원,액티브,"normalized (0.5,0.5); no autocrop/recenter",n/a,n/a,n/a,REFERENCE_VFX,false,none,,NO_RUNTIME_ROLE,none,0,n/a,n/a,n/a,n/a,n/a,none,n/a,false,none,SkillTable visual fields + PlayerAttack/MonsterAttack/SkillEffect code,n/a,n/a,n/a,n/a,n/a,n/a,n/a,n/a
area_20,황혼의 페리온,001,m_mutant_dark_stump,변형된 다크 스텀프,s_mon_mutant_dark_stump,뒤틀린 고목의 껍질,패시브,"normalized (0.5,0.5); no autocrop/recenter",n/a,n/a,n/a,ICON,true,icon_ruid,thumbnail://9b09382f4ba6483eb11a931f49a68f9b,NEW_ART,ICON/001_m_mutant_dark_stump_s_mon_mutant_dark_stump_ICON.png,1,256x256 RGBA,static,static,static,none,icon_ruid,n/a,ui,none,SkillTable.icon_ruid,n/a,n/a,n/a,n/a,n/a,n/a,n/a,n/a
area_20,황혼의 페리온,001,m_mutant_dark_stump,변형된 다크 스텀프,s_mon_mutant_dark_stump,뒤틀린 고목의 껍질,패시브,"normalized (0.5,0.5); no autocrop/recenter",n/a,n/a,n/a,CAST_VFX,false,none,,NO_RUNTIME_ROLE,none,0,n/a,n/a,n/a,n/a,n/a,none,n/a,false,none,SkillTable visual fields + PlayerAttack/MonsterAttack/SkillEffect code,n/a,n/a,n/a,n/a,n/a,n/a,n/a,n/a
area_20,황혼의 페리온,001,m_mutant_dark_stump,변형된 다크 스텀프,s_mon_mutant_dark_stump,뒤틀린 고목의 껍질,패시브,"normalized (0.5,0.5); no autocrop/recenter",n/a,n/a,n/a,PROJECTILE,false,none,,NO_RUNTIME_ROLE,none,0,n/a,n/a,n/a,n/a,n/a,none,n/a,false,none,SkillTable visual fields + PlayerAttack/MonsterAttack/SkillEffect code,n/a,n/a,n/a,n/a,n/a,n/a,n/a,n/a
area_20,황혼의 페리온,001,m_mutant_dark_stump,변형된 다크 스텀프,s_mon_mutant_dark_stump,뒤틀린 고목의 껍질,패시브,"normalized (0.5,0.5); no autocrop/recenter",n/a,n/a,n/a,HIT_VFX,false,none,,NO_RUNTIME_ROLE,none,0,n/a,n/a,n/a,n/a,n/a,none,n/a,false,none; no dedicated hit/impact visual field or Spawn call in current common projectile path,PlayerAttack.ResolveThrowHit; MonsterAttack.ResolveThrowHit; SkillEffect has no hit asset argument,n/a,n/a,n/a,n/a,n/a,n/a,n/a,n/a
area_20,황혼의 페리온,001,m_mutant_dark_stump,변형된 다크 스텀프,s_mon_mutant_dark_stump,뒤틀린 고목의 껍질,패시브,"normalized (0.5,0.5); no autocrop/recenter",n/a,n/a,n/a,PERSISTENT_BUFF_VFX,false,none,,NO_RUNTIME_ROLE,none,0,n/a,n/a,n/a,n/a,n/a,none,n/a,false,none; defense mechanics may persist but current visual is one-shot CAST only,MonsterAttack defense branch + SkillEffect.PlayCast; no persistent visual entity field,n/a,n/a,n/a,n/a,n/a,n/a,n/a,n/a
area_20,황혼의 페리온,001,m_mutant_dark_stump,변형된 다크 스텀프,s_mon_mutant_dark_stump,뒤틀린 고목의 껍질,패시브,"normalized (0.5,0.5); no autocrop/recenter",n/a,n/a,n/a,REFERENCE_VFX,input_reference_only,reference source; not runtime field,INPUT design reference,NEW_ART,REFERENCE/001_m_mutant_dark_stump_s_mon_mutant_dark_stump_REFERENCE_F00.png..._REFERENCE_F05.png,6,256x256 RGBA,0.10,0.6000000000000001,preview-only non-loop,preview only; no engine motion/FlipX contract,none,preview/reference only; never auto-import as CAST,false,none,passive execution has no PlayCast; V2.2 REFERENCE_VFX scope,n/a,n/a,n/a,n/a,n/a,n/a,n/a,n/a
area_20,황혼의 페리온,002,m_mutant_iron_hog,변형된 아이언호그,s_mon_mutant_iron_hog,황야의 철갑 돌진,액티브,"normalized (0.5,0.5); no autocrop/recenter",n/a,n/a,n/a,ICON,true,icon_ruid,thumbnail://cd613d0025674a6f8b1cc7211054eb41,NEW_ART,ICON/002_m_mutant_iron_hog_s_mon_mutant_iron_hog_ICON.png,1,256x256 RGBA,static,static,static,none,icon_ruid,n/a,ui,none,SkillTable.icon_ruid,n/a,n/a,n/a,n/a,n/a,n/a,n/a,n/a
area_20,황혼의 페리온,002,m_mutant_iron_hog,변형된 아이언호그,s_mon_mutant_iron_hog,황야의 철갑 돌진,액티브,"normalized (0.5,0.5); no autocrop/recenter",n/a,n/a,n/a,CAST_VFX,true,layer_ruids,"L1:9d71fbaf9b154c51bbdb481eaa2fc52f animationclip/clip delay=0s duration=.68s scale=1.02 offset=(0,0)wu drift=(0,0)wu/s; L2:a29334463fbf4a7bbc8e4cb7325229b7 animationclip/clip delay=.18s duration=.78s scale=1.12 offset=(0,0)wu drift=(0,0)wu/s",NEW_ART,CAST/002_m_mutant_iron_hog_s_mon_mutant_iron_hog_CAST_F00.png..._CAST_F07.png,8,384x384 RGBA,0.10,0.8,non-loop one-shot,SkillEffect applies FlipX for directional attacks; delayed layer samples caster position at SpawnLayer execution; map entity then applies drift,layer_ruids,COMPOSITE_BAKED_ONE_CLIP: preserve L1..Ln relative delay/offset/drift rhythm inside one accepted local-canvas clip; final layer metadata becomes one primary layer after approval,true,none,SkillTable layer/effect fields; SkillEffect.PlayCast/SpawnLayer,n/a,n/a,n/a,n/a,n/a,n/a,n/a,n/a
area_20,황혼의 페리온,002,m_mutant_iron_hog,변형된 아이언호그,s_mon_mutant_iron_hog,황야의 철갑 돌진,액티브,"normalized (0.5,0.5); no autocrop/recenter",n/a,n/a,n/a,PROJECTILE,false,none,,NO_RUNTIME_ROLE,none,0,n/a,n/a,n/a,n/a,n/a,none,n/a,false,none,SkillTable visual fields + PlayerAttack/MonsterAttack/SkillEffect code,n/a,n/a,n/a,n/a,n/a,n/a,n/a,n/a
area_20,황혼의 페리온,002,m_mutant_iron_hog,변형된 아이언호그,s_mon_mutant_iron_hog,황야의 철갑 돌진,액티브,"normalized (0.5,0.5); no autocrop/recenter",n/a,n/a,n/a,HIT_VFX,false,none,,NO_RUNTIME_ROLE,none,0,n/a,n/a,n/a,n/a,n/a,none,n/a,false,none; no dedicated hit/impact visual field or Spawn call in current common projectile path,PlayerAttack.ResolveThrowHit; MonsterAttack.ResolveThrowHit; SkillEffect has no hit asset argument,n/a,n/a,n/a,n/a,n/a,n/a,n/a,n/a
area_20,황혼의 페리온,002,m_mutant_iron_hog,변형된 아이언호그,s_mon_mutant_iron_hog,황야의 철갑 돌진,액티브,"normalized (0.5,0.5); no autocrop/recenter",n/a,n/a,n/a,PERSISTENT_BUFF_VFX,false,none,,NO_RUNTIME_ROLE,none,0,n/a,n/a,n/a,n/a,n/a,none,n/a,false,none; defense mechanics may persist but current visual is one-shot CAST only,MonsterAttack defense branch + SkillEffect.PlayCast; no persistent visual entity field,n/a,n/a,n/a,n/a,n/a,n/a,n/a,n/a
area_20,황혼의 페리온,002,m_mutant_iron_hog,변형된 아이언호그,s_mon_mutant_iron_hog,황야의 철갑 돌진,액티브,"normalized (0.5,0.5); no autocrop/recenter",n/a,n/a,n/a,REFERENCE_VFX,false,none,,NO_RUNTIME_ROLE,none,0,n/a,n/a,n/a,n/a,n/a,none,n/a,false,none,SkillTable visual fields + PlayerAttack/MonsterAttack/SkillEffect code,n/a,n/a,n/a,n/a,n/a,n/a,n/a,n/a
area_20,황혼의 페리온,003,m_mutant_stone_mask,변형된 스톤마스크,s_mon_mutant_stone_mask,발굴지의 석면,패시브,"normalized (0.5,0.5); no autocrop/recenter",n/a,n/a,n/a,ICON,true,icon_ruid,thumbnail://f020a220a2ad40a28d4920b790b32f3c,NEW_ART,ICON/003_m_mutant_stone_mask_s_mon_mutant_stone_mask_ICON.png,1,256x256 RGBA,static,static,static,none,icon_ruid,n/a,ui,none,SkillTable.icon_ruid,n/a,n/a,n/a,n/a,n/a,n/a,n/a,n/a
area_20,황혼의 페리온,003,m_mutant_stone_mask,변형된 스톤마스크,s_mon_mutant_stone_mask,발굴지의 석면,패시브,"normalized (0.5,0.5); no autocrop/recenter",n/a,n/a,n/a,CAST_VFX,false,none,,NO_RUNTIME_ROLE,none,0,n/a,n/a,n/a,n/a,n/a,none,n/a,false,none,SkillTable visual fields + PlayerAttack/MonsterAttack/SkillEffect code,n/a,n/a,n/a,n/a,n/a,n/a,n/a,n/a
area_20,황혼의 페리온,003,m_mutant_stone_mask,변형된 스톤마스크,s_mon_mutant_stone_mask,발굴지의 석면,패시브,"normalized (0.5,0.5); no autocrop/recenter",n/a,n/a,n/a,PROJECTILE,false,none,,NO_RUNTIME_ROLE,none,0,n/a,n/a,n/a,n/a,n/a,none,n/a,false,none,SkillTable visual fields + PlayerAttack/MonsterAttack/SkillEffect code,n/a,n/a,n/a,n/a,n/a,n/a,n/a,n/a
area_20,황혼의 페리온,003,m_mutant_stone_mask,변형된 스톤마스크,s_mon_mutant_stone_mask,발굴지의 석면,패시브,"normalized (0.5,0.5); no autocrop/recenter",n/a,n/a,n/a,HIT_VFX,false,none,,NO_RUNTIME_ROLE,none,0,n/a,n/a,n/a,n/a,n/a,none,n/a,false,none; no dedicated hit/impact visual field or Spawn call in current common projectile path,PlayerAttack.ResolveThrowHit; MonsterAttack.ResolveThrowHit; SkillEffect has no hit asset argument,n/a,n/a,n/a,n/a,n/a,n/a,n/a,n/a
area_20,황혼의 페리온,003,m_mutant_stone_mask,변형된 스톤마스크,s_mon_mutant_stone_mask,발굴지의 석면,패시브,"normalized (0.5,0.5); no autocrop/recenter",n/a,n/a,n/a,PERSISTENT_BUFF_VFX,false,none,,NO_RUNTIME_ROLE,none,0,n/a,n/a,n/a,n/a,n/a,none,n/a,false,none; defense mechanics may persist but current visual is one-shot CAST only,MonsterAttack defense branch + SkillEffect.PlayCast; no persistent visual entity field,n/a,n/a,n/a,n/a,n/a,n/a,n/a,n/a
area_20,황혼의 페리온,003,m_mutant_stone_mask,변형된 스톤마스크,s_mon_mutant_stone_mask,발굴지의 석면,패시브,"normalized (0.5,0.5); no autocrop/recenter",n/a,n/a,n/a,REFERENCE_VFX,input_reference_only,reference source; not runtime field,INPUT design reference,NEW_ART,REFERENCE/003_m_mutant_stone_mask_s_mon_mutant_stone_mask_REFERENCE_F00.png..._REFERENCE_F05.png,6,256x256 RGBA,0.10,0.6000000000000001,preview-only non-loop,preview only; no engine motion/FlipX contract,none,preview/reference only; never auto-import as CAST,false,none,passive execution has no PlayCast; V2.2 REFERENCE_VFX scope,n/a,n/a,n/a,n/a,n/a,n/a,n/a,n/a
area_20,황혼의 페리온,004,m_ancient_dark_golem,에인션트 다크골렘,s_mon_ancient_dark_golem,고대 암흑 지진,액티브,"normalized (0.5,0.5); no autocrop/recenter",n/a,n/a,n/a,ICON,true,icon_ruid,thumbnail://f60c7188fcd544ef869845a34ff92b30,NEW_ART,ICON/004_m_ancient_dark_golem_s_mon_ancient_dark_golem_ICON.png,1,256x256 RGBA,static,static,static,none,icon_ruid,n/a,ui,none,SkillTable.icon_ruid,n/a,n/a,n/a,n/a,n/a,n/a,n/a,n/a
area_20,황혼의 페리온,004,m_ancient_dark_golem,에인션트 다크골렘,s_mon_ancient_dark_golem,고대 암흑 지진,액티브,"normalized (0.5,0.5); no autocrop/recenter",n/a,n/a,n/a,CAST_VFX,true,layer_ruids,"L1:3803b5c17bf04b56bef115b3afbf388b animationclip/clip delay=0s duration=.9s scale=1.14 offset=(0,0)wu drift=(0,0)wu/s; L2:6ad623bf86ad46f0ad423c10e383a28e animationclip/clip delay=.3s duration=1.0s scale=1.25 offset=(0,0)wu drift=(0,0)wu/s",NEW_ART,CAST/004_m_ancient_dark_golem_s_mon_ancient_dark_golem_CAST_F00.png..._CAST_F07.png,8,384x384 RGBA,0.10,0.8,non-loop one-shot,SkillEffect applies FlipX for directional attacks; delayed layer samples caster position at SpawnLayer execution; map entity then applies drift,layer_ruids,COMPOSITE_BAKED_ONE_CLIP: preserve L1..Ln relative delay/offset/drift rhythm inside one accepted local-canvas clip; final layer metadata becomes one primary layer after approval,true,none,SkillTable layer/effect fields; SkillEffect.PlayCast/SpawnLayer,n/a,n/a,n/a,n/a,n/a,n/a,n/a,n/a
area_20,황혼의 페리온,004,m_ancient_dark_golem,에인션트 다크골렘,s_mon_ancient_dark_golem,고대 암흑 지진,액티브,"normalized (0.5,0.5); no autocrop/recenter",n/a,n/a,n/a,PROJECTILE,false,none,,NO_RUNTIME_ROLE,none,0,n/a,n/a,n/a,n/a,n/a,none,n/a,false,none,SkillTable visual fields + PlayerAttack/MonsterAttack/SkillEffect code,n/a,n/a,n/a,n/a,n/a,n/a,n/a,n/a
area_20,황혼의 페리온,004,m_ancient_dark_golem,에인션트 다크골렘,s_mon_ancient_dark_golem,고대 암흑 지진,액티브,"normalized (0.5,0.5); no autocrop/recenter",n/a,n/a,n/a,HIT_VFX,false,none,,NO_RUNTIME_ROLE,none,0,n/a,n/a,n/a,n/a,n/a,none,n/a,false,none; no dedicated hit/impact visual field or Spawn call in current common projectile path,PlayerAttack.ResolveThrowHit; MonsterAttack.ResolveThrowHit; SkillEffect has no hit asset argument,n/a,n/a,n/a,n/a,n/a,n/a,n/a,n/a
area_20,황혼의 페리온,004,m_ancient_dark_golem,에인션트 다크골렘,s_mon_ancient_dark_golem,고대 암흑 지진,액티브,"normalized (0.5,0.5); no autocrop/recenter",n/a,n/a,n/a,PERSISTENT_BUFF_VFX,false,none,,NO_RUNTIME_ROLE,none,0,n/a,n/a,n/a,n/a,n/a,none,n/a,false,none; defense mechanics may persist but current visual is one-shot CAST only,MonsterAttack defense branch + SkillEffect.PlayCast; no persistent visual entity field,n/a,n/a,n/a,n/a,n/a,n/a,n/a,n/a
area_20,황혼의 페리온,004,m_ancient_dark_golem,에인션트 다크골렘,s_mon_ancient_dark_golem,고대 암흑 지진,액티브,"normalized (0.5,0.5); no autocrop/recenter",n/a,n/a,n/a,REFERENCE_VFX,false,none,,NO_RUNTIME_ROLE,none,0,n/a,n/a,n/a,n/a,n/a,none,n/a,false,none,SkillTable visual fields + PlayerAttack/MonsterAttack/SkillEffect code,n/a,n/a,n/a,n/a,n/a,n/a,n/a,n/a
area_20,황혼의 페리온,005,m_mutant_stumpy,변형된 스텀피,s_mon_mutant_stumpy,검은 뿌리의 묘지,액티브,"normalized (0.5,0.5); no autocrop/recenter",n/a,n/a,n/a,ICON,true,icon_ruid,thumbnail://fe3077e91e5442579b6cfaa6b4c59469,NEW_ART,ICON/005_m_mutant_stumpy_s_mon_mutant_stumpy_ICON.png,1,256x256 RGBA,static,static,static,none,icon_ruid,n/a,ui,none,SkillTable.icon_ruid,n/a,n/a,n/a,n/a,n/a,n/a,n/a,n/a
area_20,황혼의 페리온,005,m_mutant_stumpy,변형된 스텀피,s_mon_mutant_stumpy,검은 뿌리의 묘지,액티브,"normalized (0.5,0.5); no autocrop/recenter",n/a,n/a,n/a,CAST_VFX,true,layer_ruids,"L1:e79a4d871f6a4cbdbf75a7126982013e animationclip/clip delay=0s duration=.88s scale=1.16 offset=(0,0)wu drift=(0,0)wu/s; L2:dfb0126bee6f48fb9bdb289bddef870b animationclip/clip delay=.24s duration=1.02s scale=1.3 offset=(0,0)wu drift=(0,0)wu/s",NEW_ART,CAST/005_m_mutant_stumpy_s_mon_mutant_stumpy_CAST_F00.png..._CAST_F11.png,12,512x512 RGBA,0.08,0.96,non-loop one-shot,SkillEffect applies FlipX for directional attacks; delayed layer samples caster position at SpawnLayer execution; map entity then applies drift,layer_ruids,COMPOSITE_BAKED_ONE_CLIP: preserve L1..Ln relative delay/offset/drift rhythm inside one accepted local-canvas clip; final layer metadata becomes one primary layer after approval,true,none,SkillTable layer/effect fields; SkillEffect.PlayCast/SpawnLayer,n/a,n/a,n/a,n/a,n/a,n/a,n/a,n/a
area_20,황혼의 페리온,005,m_mutant_stumpy,변형된 스텀피,s_mon_mutant_stumpy,검은 뿌리의 묘지,액티브,"normalized (0.5,0.5); no autocrop/recenter",n/a,n/a,n/a,PROJECTILE,false,none,,NO_RUNTIME_ROLE,none,0,n/a,n/a,n/a,n/a,n/a,none,n/a,false,none,SkillTable visual fields + PlayerAttack/MonsterAttack/SkillEffect code,n/a,n/a,n/a,n/a,n/a,n/a,n/a,n/a
area_20,황혼의 페리온,005,m_mutant_stumpy,변형된 스텀피,s_mon_mutant_stumpy,검은 뿌리의 묘지,액티브,"normalized (0.5,0.5); no autocrop/recenter",n/a,n/a,n/a,HIT_VFX,false,none,,NO_RUNTIME_ROLE,none,0,n/a,n/a,n/a,n/a,n/a,none,n/a,false,none; no dedicated hit/impact visual field or Spawn call in current common projectile path,PlayerAttack.ResolveThrowHit; MonsterAttack.ResolveThrowHit; SkillEffect has no hit asset argument,n/a,n/a,n/a,n/a,n/a,n/a,n/a,n/a
area_20,황혼의 페리온,005,m_mutant_stumpy,변형된 스텀피,s_mon_mutant_stumpy,검은 뿌리의 묘지,액티브,"normalized (0.5,0.5); no autocrop/recenter",n/a,n/a,n/a,PERSISTENT_BUFF_VFX,false,none,,NO_RUNTIME_ROLE,none,0,n/a,n/a,n/a,n/a,n/a,none,n/a,false,none; defense mechanics may persist but current visual is one-shot CAST only,MonsterAttack defense branch + SkillEffect.PlayCast; no persistent visual entity field,n/a,n/a,n/a,n/a,n/a,n/a,n/a,n/a
area_20,황혼의 페리온,005,m_mutant_stumpy,변형된 스텀피,s_mon_mutant_stumpy,검은 뿌리의 묘지,액티브,"normalized (0.5,0.5); no autocrop/recenter",n/a,n/a,n/a,REFERENCE_VFX,false,none,,NO_RUNTIME_ROLE,none,0,n/a,n/a,n/a,n/a,n/a,none,n/a,false,none,SkillTable visual fields + PlayerAttack/MonsterAttack/SkillEffect code,n/a,n/a,n/a,n/a,n/a,n/a,n/a,n/a
